corridor,tmc_code,selection_position,period,road_order,gmns_link_count,gmns_link_ids,taplite_period_volume,taplite_period_doc,taplite_period_p_hours,cube_period_volume,cube_period_doc,cube_period_p_hours,model_speed_min_mph,model_speed_max_mph,model_speed_unique_value_count,cube_speed_min_mph,cube_speed_max_mph,cube_speed_unique_value_count
BROADLANDSBLVD_EB,110+58122,all_1_of_2,AM,2.000000,1.000000,36713,1042.241100,0.342400,0.000000,889.899780,0.292316,0.872057,37.292262,37.770925,12,33.503698,41.056083,12
BROADLANDSBLVD_EB,110+58122,all_1_of_2,MD,2.000000,1.000000,36713,2061.150500,0.345700,0.000000,1994.578000,0.334506,1.988706,36.319585,37.289356,24,32.487431,40.690936,24
BROADLANDSBLVD_EB,110+58122,all_1_of_2,PM,2.000000,1.000000,36713,1144.453300,0.331100,0.000000,1136.078860,0.328709,1.301037,36.305030,36.318608,16,32.723136,40.566257,16
BROADLANDSBLVD_EB,110P58123,all_2_of_2,AM,5.000000,1.000000,37305,1202.877700,0.258300,0.000000,953.910640,0.204867,0.600384,43.987890,44.372001,12,30.931591,44.300244,12
BROADLANDSBLVD_EB,110P58123,all_2_of_2,MD,5.000000,1.000000,37305,2297.829300,0.217100,0.000000,2197.009030,0.207579,1.228101,39.478163,44.368580,24,28.411764,44.357460,24
BROADLANDSBLVD_EB,110P58123,all_2_of_2,PM,5.000000,1.000000,37305,1270.580900,0.191200,0.000000,1210.018070,0.182093,0.716457,39.481915,43.246875,16,29.902350,43.225149,16
BROADLANDSBLVD_WB,110N58123,all_1_of_2,AM,1.000000,1.000000,37001,101.082300,0.001300,0.000000,108.997510,0.001420,0.004270,39.978065,40.563356,12,26.313611,40.399093,12
BROADLANDSBLVD_WB,110N58123,all_1_of_2,MD,1.000000,1.000000,37001,415.840500,0.002900,0.000000,400.530000,0.002784,0.018649,35.085153,39.970824,24,26.586214,39.934748,24
BROADLANDSBLVD_WB,110N58123,all_1_of_2,PM,1.000000,1.000000,37001,360.152700,0.003700,0.000000,386.562160,0.004019,0.017870,35.094470,41.243549,16,26.669622,41.147358,16
BROADLANDSBLVD_WB,110-58121,all_2_of_2,AM,4.000000,1.000000,37306,521.804100,0.213700,0.000000,532.977170,0.218279,0.647429,35.986980,37.079411,12,34.630113,42.313731,12
BROADLANDSBLVD_WB,110-58121,all_2_of_2,MD,4.000000,1.000000,37306,1744.183200,0.330400,0.000000,1792.373290,0.339498,2.019183,35.523499,35.982160,24,32.449291,40.284392,24
BROADLANDSBLVD_WB,110-58121,all_2_of_2,PM,4.000000,1.000000,37306,1578.305700,0.406500,0.000000,1377.809080,0.354871,1.407062,34.617655,35.521017,16,32.509114,39.904012,16
FAULKNERPKWY_EB,110P58128,all_1_of_2,AM,1.000000,1.000000,37313,1651.338400,0.824600,0.000000,1212.930660,0.605682,1.776188,29.519069,33.206003,12,25.142815,33.234450,12
FAULKNERPKWY_EB,110P58128,all_1_of_2,MD,1.000000,1.000000,37313,3104.674900,0.696800,0.000000,2817.027590,0.632217,5.381009,29.504786,30.336849,24,24.734505,30.338036,24
FAULKNERPKWY_EB,110P58128,all_1_of_2,PM,1.000000,1.000000,37313,1870.351200,0.657800,0.000000,1766.378910,0.621200,3.725989,29.625054,30.336047,16,23.749137,30.334521,16
FAULKNERPKWY_EB,110+58129,all_2_of_2,AM,2.000000,2.000000,37315;36293,1368.763980,0.612260,0.000000,1247.531800,0.583273,1.755294,35.055102,36.421094,12,24.283031,36.394805,12
FAULKNERPKWY_EB,110+58129,all_2_of_2,MD,2.000000,2.000000,37315;36293,2747.525580,0.589360,0.000000,2690.324216,0.587249,3.580403,34.941872,35.049570,24,22.805404,35.048633,24
FAULKNERPKWY_EB,110+58129,all_2_of_2,PM,2.000000,2.000000,37315;36293,1676.856600,0.575320,0.000000,1645.799950,0.569385,2.296801,34.942878,35.421764,16,23.288771,35.410271,16
FAULKNERPKWY_WB,110-58128,only,AM,2.000000,1.000000,36290,697.617100,0.489200,0.000000,771.915160,0.541252,1.627232,33.592604,34.056681,12,24.395534,34.053295,12
FAULKNERPKWY_WB,110-58128,only,MD,2.000000,1.000000,36290,2093.558900,0.650000,0.000000,2143.671880,0.665546,4.063092,33.622386,34.058174,24,22.515358,34.060754,24
FAULKNERPKWY_WB,110-58128,only,PM,2.000000,1.000000,36290,1568.943700,0.720000,0.000000,1710.246830,0.784845,3.179998,32.580998,33.619629,16,22.630997,33.615801,16
I395_NB,110+04121,corridor_start,AM,1.000000,1.000000,29007,22828.916900,1.037800,3.019128,18342.351560,0.833823,2.425779,23.738688,55.654877,12,24.705949,56.286803,12
I395_NB,110+04121,corridor_start,MD,1.000000,1.000000,29007,32187.793200,1.525400,0.000000,27446.384770,1.300726,0.854079,25.906186,34.445779,24,26.057914,50.123334,24
I395_NB,110+04121,corridor_start,PM,1.000000,1.000000,29007,24652.211800,1.420700,4.218846,23754.414060,1.368919,4.054850,22.628446,39.987699,16,23.113282,39.961249,16
I395_NB,110P04121,behavior_diverse_2_of_5,AM,2.000000,1.000000,32601,20728.043400,1.351000,0.000000,15322.075200,0.998645,2.019438,43.322783,57.421696,12,43.548315,57.586953,12
I395_NB,110P04121,behavior_diverse_2_of_5,MD,2.000000,1.000000,32601,27043.933800,0.947400,0.000000,21692.017580,0.759878,0.993637,43.266955,46.332671,24,43.358412,54.952633,24
I395_NB,110P04121,behavior_diverse_2_of_5,PM,2.000000,1.000000,32601,21523.198800,1.086500,4.187976,19347.335940,0.976647,3.737123,43.482953,48.663494,16,44.215332,48.661087,16
I395_NB,110P04122,behavior_diverse_3_of_5,AM,4.000000,2.000000,28270;28275,22345.141403,1.516011,2.453870,16849.991853,1.143226,1.825985,37.986538,61.408626,12,39.822306,61.411541,12
I395_NB,110P04122,behavior_diverse_3_of_5,MD,4.000000,2.000000,28270;28275,30117.773211,0.359011,0.000000,22602.095428,0.268960,0.365485,43.460820,60.458708,24,43.636634,60.766569,24
I395_NB,110P04122,behavior_diverse_3_of_5,PM,4.000000,2.000000,28270;28275,23374.637431,0.681151,0.000000,18922.797322,0.551407,2.523908,57.338675,60.468760,16,24.107663,60.488982,16
I395_NB,110P04127,behavior_diverse_4_of_5,AM,14.000000,2.000000,26269;26271,27231.224353,1.401415,0.000000,16117.385138,0.829214,2.827125,52.225740,57.702776,12,21.578980,57.603912,12
I395_NB,110P04127,behavior_diverse_4_of_5,MD,14.000000,2.000000,26269;26271,30315.594038,0.723776,0.000000,27993.021768,0.668290,4.660199,52.208443,57.670355,24,19.656180,57.685893,24
I395_NB,110P04127,behavior_diverse_4_of_5,PM,14.000000,2.000000,26269;26271,23669.106765,0.920747,0.000000,19420.788142,0.755467,3.578838,55.367608,57.670600,16,18.454617,57.646057,16
I395_NB,110P04130,corridor_end,AM,22.000000,1.000000,26469,18002.872600,0.772100,0.000000,15336.044920,0.657734,2.499412,16.667068,36.754971,12,17.175658,38.430963,12
I395_NB,110P04130,corridor_end,MD,22.000000,1.000000,26469,27649.356100,0.455000,0.000000,24702.216800,0.406472,5.297681,11.638909,16.582135,24,11.817084,22.469694,24
I395_NB,110P04130,corridor_end,PM,22.000000,1.000000,26469,18508.687800,0.831100,0.000000,17008.306640,0.763696,3.570102,11.647494,17.507884,16,11.981118,20.540425,16
I395_SB,110N04130,corridor_start,AM,20.000000,1.000000,26712,14117.244900,0.427200,0.000000,9798.915040,0.296537,1.018288,47.443530,49.391126,12,25.090357,54.792899,12
I395_SB,110N04130,corridor_start,MD,20.000000,1.000000,26712,27114.050400,0.412900,0.000000,19691.414060,0.299884,2.017830,43.872198,47.432096,24,28.806932,54.692526,24
I395_SB,110N04130,corridor_start,PM,20.000000,1.000000,26712,28348.025700,0.585500,0.000000,23037.181640,0.475841,2.238462,40.906766,43.861971,16,19.043395,48.244223,16
I395_SB,110N04127,behavior_diverse_2_of_5,AM,28.000000,6.000000,26821;26699;26814;26810;26806;26799,12558.929111,0.589263,0.000000,8989.015769,0.421316,1.401670,58.513573,59.051558,12,28.108998,59.185863,12
I395_SB,110N04127,behavior_diverse_2_of_5,MD,28.000000,6.000000,26821;26699;26814;26810;26806;26799,25885.512616,0.540100,0.000000,22361.966456,0.464384,3.149083,44.431570,58.497546,24,25.580001,58.666352,24
I395_SB,110N04127,behavior_diverse_2_of_5,PM,28.000000,6.000000,26821;26699;26814;26810;26806;26799,25004.727959,1.737676,4.427952,21380.511595,1.486775,3.746037,22.734044,50.159084,16,23.994275,50.174446,16
I395_SB,110-04126,behavior_diverse_3_of_5,AM,29.000000,1.000000,26796,11293.096400,0.460400,0.000000,7729.041020,0.315131,1.014155,62.485720,64.015513,12,35.482940,64.002324,12
I395_SB,110-04126,behavior_diverse_3_of_5,MD,29.000000,1.000000,26796,24019.936400,0.309000,0.000000,20423.798830,0.262712,0.407623,31.196694,62.448672,24,31.285176,62.491223,24
I395_SB,110-04126,behavior_diverse_3_of_5,PM,29.000000,1.000000,26796,21535.563500,1.261200,0.000000,20545.583980,1.203209,4.425317,31.211092,51.166643,16,22.128233,51.152589,16
I395_SB,110N04122,behavior_diverse_4_of_5,AM,38.000000,3.000000,28283;28279;32624,12981.988322,0.522028,0.000000,10553.277887,0.424348,1.384945,63.115289,64.039806,12,32.180277,64.019384,12
I395_SB,110N04122,behavior_diverse_4_of_5,MD,38.000000,3.000000,28283;28279;32624,26244.454517,0.468256,0.000000,24378.475261,0.434947,2.912678,55.865180,63.104324,24,28.067184,63.110397,24
I395_SB,110N04122,behavior_diverse_4_of_5,PM,38.000000,3.000000,28283;28279;32624,26164.460439,0.783950,0.000000,25136.229381,0.753165,3.548563,55.863115,58.168802,16,20.689973,58.114572,16
I395_SB,110N04121,corridor_end,AM,40.000000,1.000000,32611,11391.845800,0.439000,0.000000,9518.645510,0.366785,1.279021,62.648326,63.627199,12,29.073251,64.016801,12
I395_SB,110N04121,corridor_end,MD,40.000000,1.000000,32611,24327.772700,0.425100,0.000000,20375.169920,0.356035,2.468532,51.802867,62.633593,24,28.974264,63.307003,24
I395_SB,110N04121,corridor_end,PM,40.000000,1.000000,32611,29170.922700,1.346600,0.000000,23036.242190,1.063384,0.830886,51.802322,56.342978,16,51.249220,57.651498,16
I495_CCW,110-04613,corridor_start,AM,1.000000,1.000000,17740,21152.184300,0.860800,0.000000,25763.689450,1.048428,3.226631,22.530565,52.030961,12,22.880164,52.176368,12
I495_CCW,110-04613,corridor_start,MD,1.000000,1.000000,17740,36650.724600,0.924900,0.000000,44716.894530,1.128496,7.316686,22.414803,27.061346,24,22.533099,30.533292,24
I495_CCW,110-04613,corridor_start,PM,1.000000,1.000000,17740,31739.494200,1.450700,0.000000,37128.105470,1.697009,4.814831,27.102518,43.497590,16,24.344861,43.790079,16
I495_CCW,110-04612,behavior_diverse_2_of_5,AM,3.000000,2.000000,31768;32760,19695.495500,0.599422,0.000000,21951.171880,0.668022,2.327347,46.994142,54.471589,12,25.889182,54.918568,12
I495_CCW,110-04612,behavior_diverse_2_of_5,MD,3.000000,2.000000,31768;32760,34998.388000,0.551467,0.000000,37595.648440,0.592394,4.152432,46.964692,48.745175,24,24.098706,50.825262,24
I495_CCW,110-04612,behavior_diverse_2_of_5,PM,3.000000,2.000000,31768;32760,31600.734000,0.716289,0.000000,33737.929690,0.764696,3.593011,48.750706,50.414142,16,24.116758,50.543082,16
I495_CCW,110-04608,behavior_diverse_3_of_5,AM,10.000000,1.000000,32651,13027.953000,0.505700,0.000000,14272.806640,0.554069,1.831049,60.037512,62.529664,12,29.191427,62.525058,12
I495_CCW,110-04608,behavior_diverse_3_of_5,MD,10.000000,1.000000,32651,32493.049300,0.682300,0.000000,30011.882810,0.630201,0.922318,31.020288,59.998628,24,31.116744,60.183828,24
I495_CCW,110-04608,behavior_diverse_3_of_5,PM,10.000000,1.000000,32651,23578.138200,1.265500,4.326179,26997.775390,1.448991,5.017088,25.146192,44.698480,16,23.679017,44.648654,16
I495_CCW,110N04603,behavior_diverse_4_of_5,AM,21.000000,2.000000,32730;32585,9528.541589,0.404338,0.000000,9125.646974,0.395490,1.379117,59.651835,66.333447,12,28.674959,66.388004,12
I495_CCW,110N04603,behavior_diverse_4_of_5,MD,21.000000,2.000000,32730;32585,17668.989717,0.342992,0.000000,17049.242059,0.339903,2.354058,59.625635,61.329167,24,29.593443,62.401382,24
I495_CCW,110N04603,behavior_diverse_4_of_5,PM,21.000000,2.000000,32730;32585,12206.252517,0.396563,0.000000,13673.786848,0.461550,2.109952,61.332760,62.169232,16,30.025521,62.426704,16
I495_CCW,110N04645,corridor_end,AM,29.000000,4.000000,28730;28238;28228;28226,8101.410618,0.476509,0.000000,8893.575224,0.523564,1.754862,56.237140,63.599010,12,26.141506,63.600730,12
I495_CCW,110N04645,corridor_end,MD,29.000000,4.000000,28730;28238;28228;28226,19773.812361,0.346362,0.000000,15691.571672,0.276541,1.195400,15.479370,56.166669,24,15.626096,58.261575,24
I495_CCW,110N04645,corridor_end,PM,29.000000,4.000000,28730;28238;28228;28226,10141.796459,0.787147,4.574519,16562.359755,1.267931,7.905497,10.977780,27.403213,16,8.076824,27.190457,16
I495_CW,110+04614,corridor_start,AM,1.000000,1.000000,16465,23363.455500,0.690100,0.000000,26146.482420,0.772315,2.672505,53.873198,57.339704,12,28.195908,57.420001,12
I495_CW,110+04614,corridor_start,MD,1.000000,1.000000,16465,34689.894500,0.996000,0.000000,43908.023440,1.260684,1.282873,19.660656,53.825155,24,19.842728,57.981429,24
I495_CW,110+04614,corridor_start,PM,1.000000,1.000000,16465,25898.431100,1.234300,4.105947,35412.804690,1.687751,5.689819,15.738595,22.605828,16,11.231060,22.598336,16
I495_CW,110+04603,behavior_diverse_2_of_5,AM,67.000000,1.000000,31965,16965.464300,0.640700,0.000000,18901.042970,0.713821,2.423319,61.710575,63.390500,12,29.197545,63.383753,12
I495_CW,110+04603,behavior_diverse_2_of_5,MD,67.000000,1.000000,31965,34612.246800,0.603300,0.000000,36901.175780,0.643193,4.438693,59.942892,61.702057,24,22.286637,61.788622,24
I495_CW,110+04603,behavior_diverse_2_of_5,PM,67.000000,1.000000,31965,26107.873200,0.734100,0.000000,27858.218750,0.783265,3.683847,59.942577,60.582927,16,24.153200,60.533738,16
I495_CW,110+04605,behavior_diverse_3_of_5,AM,71.000000,3.000000,31966;32714;32710,15756.838400,0.981637,2.819716,17894.304690,1.114758,3.221432,24.555553,59.584080,12,23.146260,59.581747,12
I495_CW,110+04605,behavior_diverse_3_of_5,MD,71.000000,3.000000,31966;32714;32710,30381.925900,0.890800,0.000000,32752.638670,0.960291,2.079977,26.777585,59.364109,24,26.828558,59.456409,24
I495_CW,110+04605,behavior_diverse_3_of_5,PM,71.000000,3.000000,31966;32714;32710,20541.578900,0.608817,0.000000,24970.294920,0.740053,3.480846,59.397098,59.913639,16,20.893110,59.844594,16
I495_CW,110+04610,behavior_diverse_4_of_5,AM,81.000000,2.000000,32001;32645,16687.296900,0.899500,0.000000,16711.554690,0.900761,0.502777,40.743006,59.101604,12,41.002729,59.297369,12
I495_CW,110+04610,behavior_diverse_4_of_5,MD,81.000000,2.000000,32001;32645,16143.485800,0.351739,0.000000,26465.367190,0.576638,3.522992,40.673005,47.287474,24,28.561115,49.403226,24
I495_CW,110+04610,behavior_diverse_4_of_5,PM,81.000000,2.000000,32001;32645,11960.624000,0.438100,0.000000,19503.550780,0.714362,2.096255,47.307346,53.185387,16,43.949202,53.592519,16
I495_CW,110+04613,corridor_end,AM,87.000000,3.000000,32016;32759;32761,24304.971300,0.721444,0.000000,25168.087890,0.747039,2.592988,48.508584,57.763227,12,27.091892,57.857673,12
I495_CW,110+04613,corridor_end,MD,87.000000,3.000000,32016;32759;32761,31087.449000,0.252728,0.000000,38725.871090,0.314801,5.317522,14.730473,48.437389,24,14.907904,49.707148,24
I495_CW,110+04613,corridor_end,PM,87.000000,3.000000,32016;32759;32761,22576.032900,1.050351,4.086191,31053.419920,1.444756,5.716381,12.051874,23.032716,16,8.687756,23.028066,16
I495_NB,110P17033,only,AM,1.500000,1.000000,35788,18962.225300,0.719900,0.000000,19592.509770,0.743876,2.525352,56.608240,67.745082,12,29.069581,67.680558,12
I495_NB,110P17033,only,MD,1.500000,1.000000,35788,36544.885900,0.637900,0.000000,38123.328130,0.665408,4.595933,56.571374,66.031832,24,21.926632,66.041633,24
I495_NB,110P17033,only,PM,1.500000,1.000000,35788,27929.607400,0.787800,0.000000,28760.937500,0.811234,3.817710,65.690557,66.040744,16,23.723315,65.948288,16
I495_SB,110N17033,only,AM,15.500000,1.000000,33026,20438.693700,0.770800,0.000000,19561.216800,0.737751,2.504558,68.067358,68.988387,12,29.278431,68.798496,12
I495_SB,110N17033,only,MD,15.500000,1.000000,33026,37853.046300,0.660800,0.000000,40761.167970,0.711558,4.923001,68.085463,68.991309,24,21.182857,68.983502,24
I495_SB,110N17033,only,PM,15.500000,1.000000,33026,26288.598100,0.743800,0.000000,28993.658200,0.820309,3.861160,66.428443,68.080854,16,23.579563,67.970693,16
I66_EB,110P58625,corridor_start,AM,1.000000,2.000000,38189;39167,10818.577300,0.548364,0.000000,13130.448240,0.665534,2.320793,69.688241,70.877447,12,25.847936,70.786106,12
I66_EB,110P58625,corridor_start,MD,1.000000,2.000000,38189;39167,17708.070600,0.406873,0.000000,20779.109380,0.477463,3.346154,69.128812,69.682936,24,25.628876,69.679798,24
I66_EB,110P58625,corridor_start,PM,1.000000,2.000000,38189;39167,12216.096300,0.452273,0.000000,12817.776370,0.474564,2.172796,68.687711,69.127266,16,29.701897,69.122168,16
I66_EB,110N04187,behavior_diverse_2_of_5,AM,20.000000,1.000000,40899,1559.809500,0.151800,0.000000,808.977840,0.078737,0.272459,69.752865,70.892064,12,63.254997,73.153001,12
I66_EB,110N04187,behavior_diverse_2_of_5,MD,20.000000,1.000000,40899,1717.952600,0.079100,0.000000,946.476620,0.043593,0.259808,69.748237,69.882224,24,65.040669,74.033879,24
I66_EB,110N04187,behavior_diverse_2_of_5,PM,20.000000,1.000000,40899,715.673400,0.052300,0.000000,633.020750,0.046240,0.183465,69.136651,69.880627,16,67.667687,73.796190,16
I66_EB,110N04184,behavior_diverse_3_of_5,AM,26.000000,1.000000,39147,14.343400,0.085700,0.378012,2433.760740,14.547538,64.140563,44.761097,71.666941,12,1.057409,57.766437,12
I66_EB,110N04184,behavior_diverse_3_of_5,MD,26.000000,1.000000,39147,2623.623100,0.725100,0.000000,2306.102540,0.637368,0.179671,44.548807,61.996331,24,44.640031,65.225321,24
I66_EB,110N04184,behavior_diverse_3_of_5,PM,26.000000,1.000000,39147,2433.150100,0.213200,0.000000,2444.905270,0.214199,0.907326,62.024638,66.846061,16,52.829879,70.137136,16
I66_EB,110N04179,behavior_diverse_4_of_5,AM,36.000000,1.000000,31804,16188.338100,0.619200,2.455382,16924.142580,0.647292,2.572357,17.616532,64.081617,12,17.154086,64.081209,12
I66_EB,110N04179,behavior_diverse_4_of_5,MD,36.000000,1.000000,31804,22774.940300,0.701600,0.000000,26355.761720,0.811947,1.684285,21.759615,29.740155,24,20.602654,45.305013,24
I66_EB,110N04179,behavior_diverse_4_of_5,PM,36.000000,1.000000,31804,13732.637100,0.781600,3.325819,18566.771480,1.056687,4.625865,29.750004,55.552002,16,27.319413,55.392145,16
I66_EB,110-04163,corridor_end,AM,66.000000,1.000000,26306,3748.955600,0.569100,0.000000,3267.340580,0.496032,1.703341,48.736708,55.344181,12,22.252946,55.776370,12
I66_EB,110-04163,corridor_end,MD,66.000000,1.000000,26306,6807.484600,0.489700,0.000000,9322.507810,0.670646,4.746945,45.065937,48.706637,24,17.921104,49.109193,24
I66_EB,110-04163,corridor_end,PM,66.000000,1.000000,26306,7709.049600,1.336800,0.783895,6615.660640,1.147213,0.670744,39.210397,45.717620,16,39.210672,45.787119,16
I66_WB,110-58634,corridor_start,AM,4.000000,2.000000,31346;31350,3721.052100,0.324900,0.000000,3942.252440,0.344215,1.191116,69.779646,70.072647,12,41.846654,70.334677,12
I66_WB,110-58634,corridor_start,MD,4.000000,2.000000,31346;31350,9318.354400,0.384900,0.000000,9373.985350,0.387179,2.523980,63.307509,70.066922,24,41.928873,70.366066,24
I66_WB,110-58634,corridor_start,PM,4.000000,2.000000,31346;31350,2288.512500,0.130500,0.000000,6786.285160,0.386892,1.680712,63.311271,67.903953,16,46.322174,68.479665,16
I66_WB,110P04178,behavior_diverse_2_of_5,AM,34.000000,1.000000,32031,9331.557500,0.364000,0.000000,10766.957030,0.420002,1.370031,61.187591,64.613774,12,32.258519,64.595180,12
I66_WB,110P04178,behavior_diverse_2_of_5,MD,34.000000,1.000000,32031,21873.973300,0.576500,0.000000,25598.753910,0.674725,1.844132,40.417468,61.153003,24,40.484563,61.207865,24
I66_WB,110P04178,behavior_diverse_2_of_5,PM,34.000000,1.000000,32031,20501.267400,1.090500,3.912100,23975.281250,1.275239,4.642834,34.012385,44.654182,16,32.592961,44.607680,16
I66_WB,110+04181,behavior_diverse_3_of_5,AM,39.000000,2.000000,35786;31398,9546.687500,0.372500,0.000000,11507.944340,0.449045,1.469381,65.666315,66.792697,12,31.594177,66.731955,12
I66_WB,110+04181,behavior_diverse_3_of_5,MD,39.000000,2.000000,35786;31398,21723.548900,0.385800,0.000000,26069.550780,0.462989,3.108813,60.432500,65.656530,24,27.311597,65.650958,24
I66_WB,110+04181,behavior_diverse_3_of_5,PM,39.000000,2.000000,35786;31398,22766.984200,0.674916,0.000000,24759.478520,0.733940,3.449403,60.432622,62.787638,16,21.008071,62.700418,16
I66_WB,110+04183,behavior_diverse_4_of_5,AM,43.000000,3.000000,31404;31406;31411,2446.672400,0.264300,0.000000,1013.587040,0.109493,0.378886,63.579277,65.828238,12,59.776101,71.722721,12
I66_WB,110+04183,behavior_diverse_4_of_5,MD,43.000000,3.000000,31404;31406;31411,5515.581400,0.833100,0.000000,2254.761470,0.340575,0.395437,20.589158,63.527755,24,20.760953,68.456565,24
I66_WB,110+04183,behavior_diverse_4_of_5,PM,43.000000,3.000000,31404;31406;31411,2810.531700,0.254700,3.734343,7916.662110,0.717463,10.994074,19.594165,34.891665,16,6.209492,32.638184,16
I66_WB,110P04187,corridor_end,AM,52.000000,1.000000,40894,351.122600,0.038300,0.000000,218.469670,0.023847,0.082520,66.825101,67.999665,12,66.938050,74.261610,12
I66_WB,110P04187,corridor_end,MD,52.000000,1.000000,40894,912.593900,0.041900,0.000000,618.043270,0.028390,0.166245,68.004625,68.288415,24,68.030423,74.403266,24
I66_WB,110P04187,corridor_end,PM,52.000000,1.000000,40894,1474.489000,0.114000,0.000000,1304.067630,0.100856,0.413706,68.289900,68.825984,16,61.129725,72.785168,16
I95I495_EB,110P15983,all_1_of_4,AM,1.000000,2.000000,32772;32769,4220.598500,0.329900,0.000000,5700.359860,0.445569,1.457473,58.948648,62.733143,12,31.571526,62.741510,12
I95I495_EB,110P15983,all_1_of_4,MD,1.000000,2.000000,32772;32769,4767.835300,0.120200,0.000000,9634.700200,0.242954,1.570201,18.427009,58.893080,24,18.562767,59.586821,24
I95I495_EB,110P15983,all_1_of_4,PM,1.000000,2.000000,32772;32769,5144.716000,0.489500,3.838207,9652.602540,0.918486,7.640105,13.150721,25.179483,16,8.415635,25.089440,16
I95I495_EB,110+15984,all_2_of_4,AM,2.000000,4.000000,32767;32774;28324;28321,4547.154233,0.356837,0.000000,6199.011021,0.486423,1.615545,60.752747,65.434492,12,28.207067,65.403491,12
I95I495_EB,110+15984,all_2_of_4,MD,2.000000,4.000000,32767;32774;28324;28321,6062.038505,0.294056,0.000000,10678.822138,0.517757,2.903715,14.776673,60.688088,24,11.304171,60.773529,24
I95I495_EB,110+15984,all_2_of_4,PM,2.000000,4.000000,32767;32774;28324;28321,6411.206585,0.732404,3.863313,11139.247239,1.262364,7.130843,12.232339,22.854314,16,8.553886,22.780968,16
I95I495_EB,110P15984,all_3_of_4,AM,3.000000,1.000000,28318,5821.538700,0.706500,0.000000,7635.795410,0.926686,0.553715,58.658027,66.559471,12,47.470221,66.530120,12
I95I495_EB,110P15984,all_3_of_4,MD,3.000000,1.000000,28318,10175.839200,0.124800,0.000000,12805.829100,0.157031,2.172221,16.496884,58.583966,24,16.638277,59.899769,24
I95I495_EB,110P15984,all_3_of_4,PM,3.000000,1.000000,28318,10461.836700,1.540300,3.802787,14495.451170,2.134124,5.302004,14.621221,23.384625,16,13.605308,23.263120,16
I95I495_EB,110+15985,all_4_of_4,AM,4.000000,1.000000,28316,5821.538700,0.454500,0.000000,7635.795410,0.596136,1.976859,58.657021,65.136858,12,28.363468,65.102723,12
I95I495_EB,110+15985,all_4_of_4,MD,4.000000,1.000000,28316,10175.839200,0.543600,0.000000,12805.829100,0.684121,1.890773,24.778538,58.596979,24,24.894248,58.844819,24
I95I495_EB,110+15985,all_4_of_4,PM,4.000000,1.000000,28316,10461.836700,1.347700,3.816429,14495.451170,1.867346,5.452469,23.256418,32.162960,16,19.811613,32.123067,16
I95I495_WB,110-15984,all_1_of_3,AM,6.000000,1.000000,27521,12861.987400,0.664100,0.000000,16105.131840,0.831494,2.800819,59.842287,60.896883,12,24.743137,60.695545,12
I95I495_WB,110-15984,all_1_of_3,MD,6.000000,1.000000,27521,21997.912700,0.520800,0.000000,24399.769530,0.577642,3.916416,60.901340,61.158809,24,24.545799,61.161740,24
I95I495_WB,110-15984,all_1_of_3,PM,6.000000,1.000000,27521,16545.944300,0.654000,0.000000,19981.650390,0.789817,3.737702,59.933796,61.156223,16,20.198152,61.077334,16
I95I495_WB,110N15984,all_2_of_3,AM,7.000000,1.000000,28236,9371.221200,0.473000,0.000000,13076.218750,0.659950,2.266223,63.289320,63.336724,12,21.206084,63.229628,12
I95I495_WB,110N15984,all_2_of_3,MD,7.000000,1.000000,28236,18813.907000,0.449500,0.000000,18806.101560,0.449295,3.101049,62.398677,63.335958,24,23.321196,63.334878,24
I95I495_WB,110N15984,all_2_of_3,PM,7.000000,1.000000,28236,14528.361700,0.575700,0.000000,16840.802730,0.667326,3.159662,62.398370,62.679811,16,17.922213,62.628626,16
I95I495_WB,110N15983,all_3_of_3,AM,9.000000,1.000000,28735,9992.744300,0.517800,0.000000,11880.404300,0.615671,2.044739,62.814190,63.789604,12,28.075670,63.748654,12
I95I495_WB,110N15983,all_3_of_3,MD,9.000000,1.000000,28735,22092.354800,0.524800,0.000000,23046.431640,0.547482,3.703230,57.333413,62.804771,24,25.204053,62.809366,24
I95I495_WB,110N15983,all_3_of_3,PM,9.000000,1.000000,28735,17023.485300,0.676700,0.000000,16439.585940,0.653457,3.037795,57.337722,61.597516,16,22.258674,61.575392,16
I95_NB,110P04146,corridor_start,AM,652.000000,1.000000,47687,9371.608800,0.489100,0.000000,12946.395510,0.675662,2.796958,67.878622,68.188807,12,18.446454,68.017219,12
I95_NB,110P04146,corridor_start,MD,652.000000,1.000000,47687,26449.224000,0.986700,0.000000,27520.996090,1.026683,0.263544,46.903109,68.168239,24,34.989107,68.737253,24
I95_NB,110P04146,corridor_start,PM,652.000000,1.000000,47687,23260.187700,1.720100,3.288121,18801.046880,1.390326,2.657765,46.896045,60.191379,16,46.894189,60.524093,16
I95_NB,110P04151,behavior_diverse_2_of_5,AM,662.000000,3.000000,38180;40985;38822,18536.380444,2.066053,3.030512,14887.814713,1.657013,2.437229,26.568954,40.225717,12,28.117520,40.229222,12
I95_NB,110P04151,behavior_diverse_2_of_5,MD,662.000000,3.000000,38180;40985;38822,33165.008729,1.907528,1.004796,29154.554308,1.678694,0.877262,39.864226,40.694334,24,40.223411,41.608530,24
I95_NB,110P04151,behavior_diverse_2_of_5,PM,662.000000,3.000000,38180;40985;38822,24186.326083,1.832549,0.000000,20775.047683,1.574321,3.466848,38.871467,53.232245,16,38.972268,53.246361,16
I95_NB,110+04153,behavior_diverse_3_of_5,AM,665.000000,2.000000,39079;29011,21311.188000,0.836964,0.000000,20169.310550,0.792147,2.662208,61.715893,62.980367,12,25.307342,62.775699,12
I95_NB,110+04153,behavior_diverse_3_of_5,MD,665.000000,2.000000,39079;29011,33250.600800,0.590018,0.000000,31600.822270,0.560770,3.797095,62.986516,64.059191,24,24.929518,64.052200,24
I95_NB,110+04153,behavior_diverse_3_of_5,PM,665.000000,2.000000,39079;29011,23211.158200,0.674000,0.000000,24385.992190,0.708160,3.317070,63.269357,64.058453,16,21.398179,64.013624,16
I95_NB,110P04153,behavior_diverse_4_of_5,AM,666.000000,1.000000,32087,19798.995000,1.120600,0.000000,17684.582030,1.000915,0.667975,63.644211,64.594846,12,55.719168,65.222040,12
I95_NB,110P04153,behavior_diverse_4_of_5,MD,666.000000,1.000000,32087,28824.722200,0.492700,0.000000,28383.826170,0.485159,3.192130,64.600783,66.690063,24,38.744269,67.108004,24
I95_NB,110P04153,behavior_diverse_4_of_5,PM,666.000000,1.000000,32087,20711.669800,0.570800,0.000000,22864.619140,0.630156,2.795062,66.171584,66.691000,16,38.859790,66.753166,16
I95_NB,110P04159,corridor_end,AM,676.001000,2.000000,32580;28742,10455.677087,0.620861,0.000000,7495.216132,0.431358,0.484103,46.101953,64.474589,12,46.317966,64.550752,12
I95_NB,110P04159,corridor_end,MD,676.001000,2.000000,32580;28742,17458.677768,0.376623,0.000000,16200.228804,0.350611,0.221581,46.037560,58.166104,24,46.093756,60.029094,24
I95_NB,110P04159,corridor_end,PM,676.001000,2.000000,32580;28742,12778.502386,0.507140,0.000000,13689.533723,0.508204,2.317775,58.187031,62.088737,16,26.282487,62.107854,16
I95_SB,110N04159,corridor_start,AM,849.001000,1.000000,32097,6213.303700,0.485300,0.000000,6978.337400,0.545067,1.799914,62.124330,63.087045,12,29.405332,63.069714,12
I95_SB,110N04159,corridor_start,MD,849.001000,1.000000,32097,10498.494400,0.373800,0.000000,9114.958980,0.324507,2.145310,60.083386,62.118399,24,31.615035,62.134733,24
I95_SB,110N04159,corridor_start,PM,849.001000,1.000000,32097,9847.284400,0.581000,0.000000,7662.809080,0.452145,2.030420,59.681103,60.080458,16,26.356999,60.138515,16
I95_SB,110-04154,behavior_diverse_2_of_5,AM,857.000000,2.000000,31922;32267,15466.651100,0.591160,0.000000,15965.154300,0.610182,2.101963,64.793317,66.994732,12,27.603014,66.991963,12
I95_SB,110-04154,behavior_diverse_2_of_5,MD,857.000000,2.000000,31922;32267,31973.527500,0.965688,0.000000,35385.757810,1.068738,0.281112,48.169006,64.767842,24,48.233369,65.008815,24
I95_SB,110-04154,behavior_diverse_2_of_5,PM,857.000000,2.000000,31922;32267,22805.365400,1.056331,4.350609,26765.121090,1.239774,5.143291,23.515320,48.104053,16,21.416664,48.113930,16
I95_SB,110-04152,behavior_diverse_3_of_5,AM,861.000000,1.000000,31941,14692.744400,0.364000,0.000000,15605.406250,0.386603,1.526146,45.420099,67.140657,12,45.175311,67.156365,12
I95_SB,110-04152,behavior_diverse_3_of_5,MD,861.000000,1.000000,31941,18608.089200,0.640100,0.000000,33256.191410,1.143895,9.412443,10.783340,45.297852,24,7.940591,45.331239,24
I95_SB,110-04152,behavior_diverse_3_of_5,PM,861.000000,1.000000,31941,16250.838400,1.169900,3.901367,27503.894530,1.980089,6.937698,10.302130,11.730971,16,6.982131,11.597894,16
I95_SB,110-04147,behavior_diverse_4_of_5,AM,871.000000,3.000000,38982;39119;39009,15194.240900,0.742570,0.000000,15304.643550,0.747994,2.562186,64.636348,67.369572,12,29.153238,67.300187,12
I95_SB,110-04147,behavior_diverse_4_of_5,MD,871.000000,3.000000,38982;39119;39009,31651.472831,1.089786,0.000000,31439.355683,1.082693,0.477906,46.976009,64.607670,24,47.053491,65.288850,24
I95_SB,110-04147,behavior_diverse_4_of_5,PM,871.000000,3.000000,38982;39119;39009,27868.101465,2.078980,2.629926,20978.896037,1.565036,1.963404,46.962742,62.593956,16,47.016886,62.769546,16
I95_SB,110N04146,corridor_end,AM,874.000000,1.000000,38965,11072.745500,0.544200,0.000000,13426.017580,0.659830,2.731419,69.745368,70.055720,12,18.717472,69.957862,12
I95_SB,110N04146,corridor_end,MD,874.000000,1.000000,38965,21937.217100,0.491900,0.000000,29391.294920,0.659029,4.897027,55.521797,69.730183,24,15.974775,69.755123,24
I95_SB,110N04146,corridor_end,PM,874.000000,1.000000,38965,20235.622900,1.207600,2.037325,18316.615230,1.093095,1.844119,45.838747,67.509289,16,45.922881,67.527963,16
SHELLHORNRD_EB,110+58126,all_1_of_2,AM,2.000000,1.000000,5373,191.796700,0.002500,0.000000,188.242000,0.002440,0.007345,41.576684,41.829645,12,26.323287,41.645839,12
SHELLHORNRD_EB,110+58126,all_1_of_2,MD,2.000000,1.000000,5373,457.010400,0.003300,0.000000,457.244000,0.003343,0.022392,39.679555,41.573769,24,26.600116,41.528752,24
SHELLHORNRD_EB,110+58126,all_1_of_2,PM,2.000000,1.000000,5373,270.753600,0.002800,0.000000,291.507480,0.003037,0.013505,39.679104,40.320858,16,26.666999,40.220841,16
SHELLHORNRD_EB,110P58126,all_2_of_2,AM,3.000000,1.000000,37002,222.129700,0.003100,0.000000,230.556020,0.003266,0.008303,34.997274,38.026877,12,21.214606,37.822296,12
SHELLHORNRD_EB,110P58126,all_2_of_2,MD,3.000000,1.000000,37002,710.888000,0.004900,0.000000,708.774000,0.004881,0.024400,34.549068,34.984794,24,21.107310,34.940519,24
SHELLHORNRD_EB,110P58126,all_2_of_2,PM,3.000000,1.000000,37002,523.927000,0.005400,0.000000,726.619870,0.007511,0.028874,33.483719,34.546257,16,21.145815,34.453395,16
SHELLHORNRD_WB,110N58126,all_1_of_3,AM,1.000000,1.000000,37316,1212.252100,0.415900,0.000000,1168.328860,0.400879,1.200498,35.186143,36.313927,12,24.951533,36.295550,12
SHELLHORNRD_WB,110N58126,all_1_of_3,MD,1.000000,1.000000,37316,2987.284500,0.418800,0.000000,2861.146730,0.401163,2.436011,35.182067,35.805786,24,23.594184,35.802684,24
SHELLHORNRD_WB,110N58126,all_1_of_3,PM,1.000000,1.000000,37316,2424.134900,0.513000,0.000000,2028.087770,0.429215,1.724426,35.277693,35.805197,16,23.808359,35.798344,16
SHELLHORNRD_WB,110-58125,all_2_of_3,AM,2.000000,1.000000,37311,96.668700,0.001200,0.000000,99.159810,0.001271,0.003822,38.478635,38.624421,12,26.292504,38.486364,12
SHELLHORNRD_WB,110-58125,all_2_of_3,MD,2.000000,1.000000,37311,282.296900,0.001900,0.000000,284.833310,0.001959,0.013121,37.906783,38.477473,24,26.603595,38.442695,24
SHELLHORNRD_WB,110-58125,all_2_of_3,PM,2.000000,1.000000,37311,214.506700,0.002200,0.000000,233.163990,0.002408,0.010706,37.910569,39.785846,16,26.665918,39.693331,16
SHELLHORNRD_WB,110N58125,all_3_of_3,AM,3.000000,1.000000,5375,211.557400,0.002800,0.000000,241.121520,0.003139,0.009452,38.997790,39.527891,12,26.281804,39.361082,12
SHELLHORNRD_WB,110N58125,all_3_of_3,MD,3.000000,1.000000,5375,468.896100,0.003400,0.000000,467.290040,0.003380,0.022643,36.413395,39.526908,24,26.586952,39.491161,24
SHELLHORNRD_WB,110N58125,all_3_of_3,PM,3.000000,1.000000,5375,314.777100,0.003300,0.000000,312.735290,0.003251,0.014455,36.422299,41.613063,16,26.677415,41.511458,16
US15_NB,110+06895,corridor_start,AM,208.000000,4.000000,48745;48671;40005;39394,5514.846640,0.841379,0.000000,5168.777420,0.788609,2.451839,47.116409,52.706918,12,33.805304,52.711265,12
US15_NB,110+06895,corridor_start,MD,208.000000,4.000000,48745;48671;40005;39394,8635.288040,1.020104,0.000000,9278.323438,1.096048,0.573888,42.355593,47.089229,24,42.411337,48.806058,24
US15_NB,110+06895,corridor_start,PM,208.000000,4.000000,48745;48671;40005;39394,6888.593048,1.224411,2.957340,6964.275198,1.237869,2.990065,40.906497,49.225863,16,40.886795,49.222758,16
US15_NB,110P07858,behavior_diverse_2_of_5,AM,224.000000,1.000000,36804,2994.739800,0.579900,0.000000,3480.778080,0.674026,2.065523,58.215537,61.520777,12,25.494658,61.199652,12
US15_NB,110P07858,behavior_diverse_2_of_5,MD,224.000000,1.000000,36804,5908.176900,0.555900,0.000000,4479.625980,0.421461,2.510841,58.203546,59.989965,24,28.034949,59.912112,24
US15_NB,110P07858,behavior_diverse_2_of_5,PM,224.000000,1.000000,36804,2852.413200,0.397700,0.000000,2418.587890,0.337254,1.381214,59.992322,60.250732,16,26.708496,60.067312,16
US15_NB,110+06902,behavior_diverse_3_of_5,AM,228.000000,4.000000,36791;36362;35965;36244,1862.770483,0.571236,0.000000,1692.955166,0.530768,1.651833,38.041784,44.674517,12,34.420500,45.551063,12
US15_NB,110+06902,behavior_diverse_3_of_5,MD,228.000000,4.000000,36791;36362;35965;36244,4536.141657,1.016167,0.000000,4371.608246,0.988269,2.812605,28.861248,38.005882,24,28.951365,40.467328,24
US15_NB,110+06902,behavior_diverse_3_of_5,PM,228.000000,4.000000,36791;36362;35965;36244,3285.800924,0.843300,3.909841,3964.997949,1.053218,4.904904,21.972573,37.628882,16,20.616992,37.577682,16
US15_NB,110+06903,behavior_diverse_4_of_5,AM,231.000000,4.000000,36190;37544;36185;37534,1837.074522,0.646706,0.000000,1906.970532,0.671354,2.141333,39.274609,44.791715,12,30.568213,45.406237,12
US15_NB,110+06903,behavior_diverse_4_of_5,MD,231.000000,4.000000,36190;37544;36185;37534,4158.667837,1.055982,0.000000,4311.551165,1.094633,2.135177,13.180231,39.226220,24,13.322934,42.394082,24
US15_NB,110+06903,behavior_diverse_4_of_5,PM,231.000000,4.000000,36190;37544;36185;37534,3395.898181,1.319910,4.605510,3904.765994,1.517589,5.362752,13.357160,27.650845,16,11.261779,27.651856,16
US15_NB,110+06904,corridor_end,AM,232.000000,4.000000,36183;38011;5272;37498,1110.312985,0.380532,0.000000,1156.617769,0.395979,1.266188,40.690577,41.109513,12,32.412683,41.756833,12
US15_NB,110+06904,corridor_end,MD,232.000000,4.000000,36183;38011;5272;37498,2382.992467,0.371033,0.000000,2443.114609,0.380454,2.502769,38.667168,41.108756,24,31.551252,42.218593,24
US15_NB,110+06904,corridor_end,PM,232.000000,4.000000,36183;38011;5272;37498,1923.139339,0.484586,0.000000,2190.717588,0.552307,2.366557,38.574331,38.664572,16,33.152695,39.032345,16
US15_SB,110-06903,corridor_start,AM,225.000000,4.000000,36331;37496;5274;38013,2329.342770,1.050388,0.000000,1617.363857,0.727352,0.436595,36.397537,40.810170,12,36.571510,42.743358,12
US15_SB,110-06903,corridor_start,MD,225.000000,4.000000,36331;37496;5274;38013,2714.845460,0.400517,0.000000,2697.221513,0.397984,2.625931,39.725230,40.827496,24,31.024874,41.787468,24
US15_SB,110-06903,corridor_start,PM,225.000000,4.000000,36331;37496;5274;38013,1883.933349,0.484853,0.000000,1885.063283,0.484983,2.051366,39.095087,39.722711,16,34.733421,40.372127,16
US15_SB,110N07859,behavior_diverse_2_of_5,AM,230.000000,3.000000,35966;36364;36793,2117.310896,0.394540,0.000000,1859.153334,0.349771,1.090916,50.495607,52.124985,12,35.140967,52.115868,12
US15_SB,110N07859,behavior_diverse_2_of_5,MD,230.000000,3.000000,35966;36364;36793,3889.790612,0.326050,0.000000,3504.839761,0.293450,1.764455,51.357231,52.131006,24,36.581336,52.131207,24
US15_SB,110N07859,behavior_diverse_2_of_5,PM,230.000000,3.000000,35966;36364;36793,2189.978804,0.373931,0.000000,2218.272002,0.379540,0.645363,51.359725,52.770354,16,40.013985,52.764141,16
US15_SB,110-07858,behavior_diverse_3_of_5,AM,231.000000,2.000000,36798;35962,2556.601800,0.451514,0.000000,2056.177730,0.363138,1.117349,58.391415,59.025739,12,31.169950,58.848425,12
US15_SB,110-07858,behavior_diverse_3_of_5,MD,231.000000,2.000000,36798;35962,6880.768100,0.585814,0.000000,4640.240230,0.395070,2.371458,45.366270,58.376006,24,31.920712,58.345493,24
US15_SB,110-07858,behavior_diverse_3_of_5,PM,231.000000,2.000000,36798;35962,3389.470800,0.371186,4.726430,3011.544190,0.329816,4.195437,11.385473,56.012879,16,11.935700,56.019257,16
US15_SB,110N06896,behavior_diverse_4_of_5,AM,231.700000,2.000000,38928;38201,3845.656791,1.405714,0.000000,3789.241357,1.385064,2.976655,24.445465,25.147211,12,24.590538,27.057736,12
US15_SB,110N06896,behavior_diverse_4_of_5,MD,231.700000,2.000000,38928;38201,6445.480686,1.082935,0.000000,7251.850573,1.218287,6.822422,17.998389,24.436210,24,18.053692,25.303097,24
US15_SB,110N06896,behavior_diverse_4_of_5,PM,231.700000,2.000000,38928;38201,4330.482840,1.172563,3.878866,5186.184299,1.405519,4.628643,18.008541,21.767617,16,17.170858,21.765935,16
US15_SB,110-06894,corridor_end,AM,231.900000,4.000000,38634;39395;40007;48672,4410.426867,0.697340,0.000000,4401.217660,0.695880,2.162548,47.245205,52.365373,12,34.526064,52.423210,12
US15_SB,110-06894,corridor_end,MD,231.900000,4.000000,38634;39395;40007;48672,8750.582908,0.693401,0.000000,9376.961884,0.743056,4.565488,45.903058,47.223493,24,34.893225,47.415349,24
US15_SB,110-06894,corridor_end,PM,231.900000,4.000000,38634;39395;40007;48672,7778.564893,0.841854,0.000000,7269.548092,0.786764,3.303748,44.225975,45.897977,16,30.980453,45.981858,16
US1_NB,110P09526,corridor_start,AM,796.000000,1.000000,47507,4724.460800,0.664300,0.000000,3694.468260,0.519460,1.651289,52.581412,54.943226,12,32.014748,54.982383,12
US1_NB,110P09526,corridor_start,MD,796.000000,1.000000,47507,4680.424600,0.377000,0.000000,3685.786870,0.296911,1.858610,51.497137,52.570904,24,38.369056,53.556575,24
US1_NB,110P09526,corridor_start,PM,796.000000,1.000000,47507,5948.154700,0.606700,0.000000,6927.449710,0.706601,2.953913,51.498214,52.433147,16,35.858184,52.446479,16
US1_NB,110+05635,behavior_diverse_2_of_5,AM,808.000000,4.000000,31940;35083;35088;35090,5259.903815,1.228422,2.564516,4883.466613,1.140568,2.379307,30.988935,46.597038,12,31.486060,46.647111,12
US1_NB,110+05635,behavior_diverse_2_of_5,MD,808.000000,4.000000,31940;35083;35088;35090,7030.774398,0.591463,0.000000,5902.153650,0.496509,3.040861,42.524991,44.962250,24,36.706389,47.592367,24
US1_NB,110+05635,behavior_diverse_2_of_5,PM,808.000000,4.000000,31940;35083;35088;35090,5324.473518,0.628539,0.000000,5381.742441,0.635319,2.663913,44.969208,46.973061,16,32.431196,47.369893,16
US1_NB,110+05648,behavior_diverse_3_of_5,AM,823.000000,1.000000,29080,3400.916800,0.823200,0.000000,4335.603030,1.049501,3.267009,25.182139,33.917251,12,19.551497,33.886400,12
US1_NB,110+05648,behavior_diverse_3_of_5,MD,823.000000,1.000000,29080,5054.417200,0.719200,0.000000,5346.788570,0.760791,6.053095,16.799911,25.138688,24,16.850683,25.533475,24
US1_NB,110+05648,behavior_diverse_3_of_5,PM,823.000000,1.000000,29080,5392.165700,1.064400,3.701349,5234.208980,1.033244,3.590683,11.171024,21.223772,16,11.318818,21.228132,16
US1_NB,110+05659,behavior_diverse_4_of_5,AM,838.000000,3.000000,26234;26488;26429,3537.211296,1.228982,2.599058,3393.816963,1.177356,2.523342,19.410938,26.857433,12,19.482673,26.855518,12
US1_NB,110+05659,behavior_diverse_4_of_5,MD,838.000000,3.000000,26234;26488;26429,5428.570893,0.600639,0.000000,5176.835671,0.574303,4.908092,19.477795,24.687974,24,19.544660,26.350637,24
US1_NB,110+05659,behavior_diverse_4_of_5,PM,838.000000,3.000000,26234;26488;26429,5268.457821,1.405086,0.000000,3555.391096,0.946757,2.567588,21.963921,24.686980,16,22.100485,27.061150,16
US1_NB,110P05659,corridor_end,AM,839.000000,3.000000,26241;26388;27511,4492.454985,0.791205,0.000000,3757.882946,0.661835,2.014687,40.700646,41.253024,12,27.221451,41.215283,12
US1_NB,110P05659,corridor_end,MD,839.000000,3.000000,26241;26388;27511,7959.556875,0.682100,0.000000,7319.682983,0.627364,3.792787,39.431918,40.697145,24,26.132291,40.694581,24
US1_NB,110P05659,corridor_end,PM,839.000000,3.000000,26241;26388;27511,7403.664905,0.957055,0.000000,4915.336354,0.635331,2.545937,38.288829,39.428084,16,26.964987,39.429213,16
US1_SB,110N05659,corridor_start,AM,974.000000,2.000000,27510;26386,2205.597720,0.459550,0.000000,1518.398721,0.316026,0.935681,35.320760,39.454028,12,29.375193,39.474275,12
US1_SB,110N05659,corridor_start,MD,974.000000,2.000000,27510;26386,4476.356770,0.462170,0.000000,4039.089627,0.417239,2.476010,35.306353,38.111024,24,27.501859,38.150360,24
US1_SB,110N05659,corridor_start,PM,974.000000,2.000000,27510;26386,5647.531860,0.993350,0.000000,4500.700631,0.790272,0.525080,34.980187,38.106617,16,30.321307,38.191960,16
US1_SB,110-05635,behavior_diverse_2_of_5,AM,1003.000000,3.000000,29324;29330;35073,3204.875533,0.902047,0.000000,2922.407640,0.819617,2.150438,32.949741,35.781359,12,33.147078,38.414802,12
US1_SB,110-05635,behavior_diverse_2_of_5,MD,1003.000000,3.000000,29324;29330;35073,7010.193939,1.171851,0.000000,6606.127131,1.101028,1.202738,23.975513,32.929315,24,24.074183,38.717942,24
US1_SB,110-05635,behavior_diverse_2_of_5,PM,1003.000000,3.000000,29324;29330;35073,6555.650798,1.396247,3.921982,6233.888751,1.319398,3.745859,24.165207,34.704903,16,24.167746,34.704757,16
US1_SB,110-05634,behavior_diverse_3_of_5,AM,1004.000000,4.000000,29334;35091;35087;35081,3341.649184,0.590521,0.000000,3015.360060,0.532839,1.654257,48.588605,48.716666,12,36.022855,49.394455,12
US1_SB,110-05634,behavior_diverse_3_of_5,MD,1004.000000,4.000000,29334;35091;35087;35081,7145.478758,0.619220,0.000000,6717.481077,0.582127,3.569752,38.008369,48.577755,24,35.992789,49.134097,24
US1_SB,110-05634,behavior_diverse_3_of_5,PM,1004.000000,4.000000,29334;35091;35087;35081,6831.410379,0.916356,3.966225,6670.981926,0.903065,3.908404,16.953583,37.922140,16,17.078202,37.893084,16
US1_SB,110-09532,behavior_diverse_4_of_5,AM,1006.000000,5.000000,31939;31942;29340;29994;40623,2798.700669,0.575766,0.000000,2394.315972,0.489056,1.500199,39.345345,40.500195,12,29.662902,40.913706,12
US1_SB,110-09532,behavior_diverse_4_of_5,MD,1006.000000,5.000000,31939;31942;29340;29994;40623,7941.206239,1.290279,0.000000,5713.357216,0.928792,0.971465,26.414950,39.327833,24,26.482598,40.421468,24
US1_SB,110-09532,behavior_diverse_4_of_5,PM,1006.000000,5.000000,31939;31942;29340;29994;40623,7944.294036,2.111078,4.196790,4915.638458,1.300168,3.280850,19.060024,26.545391,16,20.633118,26.591114,16
US1_SB,110N09526,corridor_end,AM,1016.000000,1.000000,38697,4630.337200,0.650000,0.000000,3780.062260,0.530668,1.687937,44.957884,51.377217,12,31.748555,51.692845,12
US1_SB,110N09526,corridor_end,MD,1016.000000,1.000000,38697,7042.782400,0.578300,0.000000,4557.764160,0.374225,2.379391,44.934008,47.831247,24,36.125470,50.569791,24
US1_SB,110N09526,corridor_end,PM,1016.000000,1.000000,38697,5190.354700,0.607700,0.000000,5249.542480,0.614615,2.533800,47.844190,52.319218,16,37.699174,52.360671,16
US29_NB,110-06534,corridor_start,AM,492.000000,10.000000,38632;39389;40002;38629;38627;39620;39474;39471;38925;38623,5565.501228,2.003773,0.000000,4607.678858,1.652308,0.217757,38.316385,48.701339,12,38.545553,49.412941,12
US29_NB,110-06534,corridor_start,MD,492.000000,10.000000,38632;39389;40002;38629;38627;39620;39474;39471;38925;38623,8820.844935,0.985874,6.221272,9462.594317,1.058941,6.687141,38.080316,38.436366,24,37.859697,38.340032,24
US29_NB,110-06534,corridor_start,PM,492.000000,10.000000,38632;39389;40002;38629;38627;39620;39474;39471;38925;38623,6789.216690,1.508909,0.000000,6362.897759,1.410190,2.513698,38.213651,40.929635,16,38.343143,41.462629,16
US29_NB,110-06535,behavior_diverse_2_of_5,AM,493.000000,3.000000,38687;40740;38619,6829.829919,0.585255,0.000000,6146.883156,0.526731,1.719282,55.899276,56.364887,12,29.583431,56.374394,12
US29_NB,110-06535,behavior_diverse_2_of_5,MD,493.000000,3.000000,38687;40740;38619,11955.451826,0.438984,0.000000,12913.777312,0.474139,3.172583,54.978870,55.896475,24,21.617332,55.931883,24
US29_NB,110-06535,behavior_diverse_2_of_5,PM,493.000000,3.000000,38687;40740;38619,8872.453642,0.543265,0.000000,8739.847307,0.535159,2.558555,53.812794,54.975338,16,19.565012,54.995438,16
US29_NB,110-06797,behavior_diverse_3_of_5,AM,502.000000,2.000000,31830;29739,2251.694550,0.528972,0.000000,2616.037069,0.614583,0.320215,30.970039,39.365960,12,30.821281,39.404777,12
US29_NB,110-06797,behavior_diverse_3_of_5,MD,502.000000,2.000000,31830;29739,2969.161500,0.384211,0.000000,2724.128729,0.352491,5.227626,24.933555,30.930385,24,24.101328,31.637429,24
US29_NB,110-06797,behavior_diverse_3_of_5,PM,502.000000,2.000000,31830;29739,2283.816656,0.439128,3.857120,3000.613037,0.576749,5.091691,20.566099,24.925039,16,19.293599,24.922305,16
US29_NB,110-17121,behavior_diverse_4_of_5,AM,531.100000,1.000000,25959,5750.759000,1.938500,0.000000,3265.275150,1.100656,3.419606,33.506915,34.580948,12,25.194955,34.515985,12
US29_NB,110-17121,behavior_diverse_4_of_5,MD,531.100000,1.000000,25959,5342.165100,0.780900,0.000000,3525.689210,0.515372,3.085967,33.504013,35.051635,24,26.828532,35.328328,24
US29_NB,110-17121,behavior_diverse_4_of_5,PM,531.100000,1.000000,25959,5079.451500,1.120500,0.000000,3160.425540,0.697190,2.805176,32.827313,35.048048,16,26.580176,35.089089,16
US29_NB,110-07975,corridor_end,AM,534.000000,1.000000,25976,6241.145900,1.729200,0.000000,4228.265630,1.171511,3.517018,16.569914,25.529178,12,16.973771,28.527622,12
US29_NB,110-07975,corridor_end,MD,534.000000,1.000000,25976,6489.991400,0.970900,0.000000,6666.419430,0.997275,8.684464,16.375809,16.534164,24,16.491468,21.352157,24
US29_NB,110-07975,corridor_end,PM,534.000000,1.000000,25976,7665.266300,1.830800,6.246122,5893.646480,1.407654,4.778369,16.590545,20.352772,16,16.641229,21.329144,16
US29_SB,110P06541,corridor_start,AM,68.000000,1.000000,26305,3400.693600,0.972400,0.000000,3542.939210,1.013058,3.342316,25.292938,31.931226,12,25.605339,39.313307,12
US29_SB,110P06541,corridor_start,MD,68.000000,1.000000,26305,5751.465600,1.044000,0.000000,5902.654790,1.071485,1.402840,25.273150,32.955479,24,25.404114,45.167072,24
US29_SB,110P06541,corridor_start,PM,68.000000,1.000000,26305,7461.035500,1.892500,2.377915,5904.702150,1.497742,1.873475,32.106166,44.254590,16,32.110700,44.446622,16
US29_SB,110P17125,behavior_diverse_2_of_5,AM,77.600000,1.000000,25739,1332.906400,0.537100,0.000000,1879.380490,0.757271,3.823195,17.484501,17.577598,12,14.656032,18.899395,12
US29_SB,110P17125,behavior_diverse_2_of_5,MD,77.600000,1.000000,25739,2775.241000,0.511400,0.000000,4414.264650,0.813406,8.267927,16.160757,17.576536,24,13.466054,18.821952,24
US29_SB,110P17125,behavior_diverse_2_of_5,PM,77.600000,1.000000,25739,2980.019900,0.853300,3.420224,4197.989750,1.202088,4.852862,15.482620,17.409552,16,13.749686,17.412853,16
US29_SB,110+06803,behavior_diverse_3_of_5,AM,106.000000,4.000000,39017;40523;39021;39921,701.428370,0.340006,0.000000,408.736303,0.195735,0.585352,44.042532,44.263469,12,37.080270,46.220776,12
US29_SB,110+06803,behavior_diverse_3_of_5,MD,106.000000,4.000000,39017;40523;39021;39921,1422.164087,0.304558,0.000000,980.179589,0.211010,1.264476,44.042183,44.602362,24,35.459061,46.072693,24
US29_SB,110+06803,behavior_diverse_3_of_5,PM,106.000000,4.000000,39017;40523;39021;39921,1847.946634,0.552106,0.000000,1566.176822,0.466638,1.896123,42.975773,44.599152,16,33.082279,44.827925,16
US29_SB,110+06534,behavior_diverse_4_of_5,AM,109.000000,2.000000,38192;38621,5522.453716,0.469126,0.000000,5538.915449,0.470439,1.535541,54.693030,57.205408,12,30.024287,57.202312,12
US29_SB,110+06534,behavior_diverse_4_of_5,MD,109.000000,2.000000,38192;38621,12451.482811,0.452532,0.000000,13041.590972,0.473971,3.171528,54.976545,57.213619,24,21.614542,57.218365,24
US29_SB,110+06534,behavior_diverse_4_of_5,PM,109.000000,2.000000,38192;38621,9831.045079,0.595763,0.000000,8674.859789,0.525695,2.513308,54.378058,54.972969,16,19.654361,54.992133,16
US29_SB,110+06533,corridor_end,AM,111.000000,10.000000,38685;38624;38926;39472;39475;39619;38626;38631;40003;39388,4197.535423,0.700310,0.000000,4094.693348,0.682390,2.136008,41.558937,49.291018,12,33.000344,49.377319,12
US29_SB,110+06533,corridor_end,MD,111.000000,10.000000,38685;38624;38926;39472;39475;39619;38626;38631;40003;39388,8974.608154,1.116309,0.000000,9391.335551,1.165920,4.312243,31.705823,41.517955,24,31.781263,41.907020,24
US29_SB,110+06533,corridor_end,PM,111.000000,10.000000,38685;38624;38926;39472;39475;39619;38626;38631;40003;39388,7851.909653,1.096598,4.614464,6584.762478,0.917589,3.857601,31.650939,37.121734,16,31.712626,37.120944,16
US340_EB,110+10632,only,AM,35.000000,1.000000,49323,4964.034200,1.278400,0.000000,5386.954590,1.387291,0.827683,34.685661,38.585807,12,35.017198,43.181253,12
US340_EB,110+10632,only,MD,35.000000,1.000000,49323,7066.251200,1.011900,0.000000,7952.241700,1.138808,0.862516,32.051128,34.667415,24,32.146429,43.065221,24
US340_EB,110+10632,only,PM,35.000000,1.000000,49323,5796.137800,1.201700,2.054234,6441.749020,1.335524,2.307274,32.400780,42.706716,16,32.373403,42.508011,16
US340_WB,110-16102,only,AM,26.000000,1.000000,41488,4090.382500,0.684700,0.000000,4555.714360,0.762620,2.450757,40.395128,41.767158,12,29.223859,42.352604,12
US340_WB,110-16102,only,MD,26.000000,1.000000,41488,6984.954400,0.622700,0.000000,7829.914060,0.698026,4.628534,36.060518,40.385244,24,27.294651,41.672469,24
US340_WB,110-16102,only,PM,26.000000,1.000000,41488,6667.098400,0.884700,0.000000,7315.697750,0.970817,4.189383,36.061182,38.252418,16,30.081063,38.480134,16
US50_EB,110+06653,corridor_start,AM,94.000000,1.000000,36619,1819.457700,0.381100,0.000000,1563.407350,0.327495,0.992540,48.063757,50.968026,12,36.633556,50.990435,12
US50_EB,110+06653,corridor_start,MD,94.000000,1.000000,36619,1013.317000,0.106600,0.000000,864.877260,0.091025,0.536902,46.921325,48.051037,24,40.828590,50.679668,24
US50_EB,110+06653,corridor_start,PM,94.000000,1.000000,36619,544.052300,0.088700,0.000000,467.318850,0.076212,0.301440,46.921375,47.440587,16,44.117577,50.741481,16
US50_EB,110+07948,behavior_diverse_2_of_5,AM,100.000000,2.000000,36886;37175,2001.550379,1.280932,3.364602,1353.554531,0.866287,2.264060,23.490348,28.245216,12,25.080360,28.247777,12
US50_EB,110+07948,behavior_diverse_2_of_5,MD,100.000000,2.000000,36886;37175,1637.443774,0.582368,0.000000,1554.298965,0.553199,5.831567,26.163169,26.735962,24,26.214267,29.721624,24
US50_EB,110+07948,behavior_diverse_2_of_5,PM,100.000000,2.000000,36886;37175,1001.270777,0.557287,0.000000,1060.120009,0.590395,4.391712,26.742249,29.311481,16,26.836844,30.840264,16
US50_EB,110N05748,behavior_diverse_3_of_5,AM,112.000000,1.000000,32916,8074.671100,0.951500,0.000000,6102.774900,0.719158,2.243014,39.107152,46.041144,12,32.455198,46.106760,12
US50_EB,110N05748,behavior_diverse_3_of_5,MD,112.000000,1.000000,32916,12106.667000,1.157400,0.000000,12529.521480,1.197801,0.856011,28.378529,39.068461,24,28.459769,41.591295,24
US50_EB,110N05748,behavior_diverse_3_of_5,PM,112.000000,1.000000,32916,7601.252700,0.992200,4.308527,8649.485350,1.128973,4.904325,24.162369,38.922607,16,23.501502,38.813278,16
US50_EB,110-05742,behavior_diverse_4_of_5,AM,120.000000,3.000000,30795;30802;35616,8470.513529,1.109948,0.000000,5687.649576,0.745259,2.288771,49.162112,55.165692,12,25.046696,54.928223,12
US50_EB,110-05742,behavior_diverse_4_of_5,MD,120.000000,3.000000,30795;30802;35616,12143.675748,0.766959,0.000000,11240.794444,0.709921,4.322106,48.934166,49.138061,24,26.378532,49.101634,24
US50_EB,110-05742,behavior_diverse_4_of_5,PM,120.000000,3.000000,30795;30802;35616,9081.572974,0.858981,0.000000,7544.094155,0.713571,2.968931,48.935971,49.799608,16,24.196170,49.682635,16
US50_EB,110-05740,corridor_end,AM,124.000000,3.000000,30886;30889;34718,5620.104864,2.423284,0.000000,3665.011991,1.584322,1.837898,21.538215,28.655850,12,21.749354,29.287819,12
US50_EB,110-05740,corridor_end,MD,124.000000,3.000000,30886;30889;34718,6080.053931,1.111404,0.000000,7320.010932,1.334681,6.484664,17.992627,21.506254,24,18.034883,22.455551,24
US50_EB,110-05740,corridor_end,PM,124.000000,3.000000,30886;30889;34718,5684.376294,1.928141,3.710562,4878.951402,1.649432,3.196641,15.561296,20.250545,16,16.264892,20.273017,16
US50_WB,110+05741,corridor_start,AM,231.000000,3.000000,29787;34719;30888,3896.002687,0.997609,0.000000,3399.460264,0.870496,2.682422,28.126166,29.741841,12,24.231178,29.853378,12
US50_WB,110+05741,corridor_start,MD,231.000000,3.000000,29787;34719;30888,7918.635451,1.139243,0.000000,7483.353053,1.076680,6.669683,26.965067,28.118536,24,24.431412,28.220944,24
US50_WB,110+05741,corridor_start,PM,231.000000,3.000000,29787;34719;30888,9008.838803,1.991553,0.000000,5422.299492,1.199233,5.045050,25.984773,26.961709,16,22.035859,27.108585,16
US50_WB,110+05743,behavior_diverse_2_of_5,AM,234.000000,1.000000,35615,4652.362100,0.603300,0.000000,4142.446290,0.537162,1.638107,53.473050,56.411801,12,26.090312,56.177031,12
US50_WB,110+05743,behavior_diverse_2_of_5,MD,234.000000,1.000000,35615,10631.485300,0.667400,0.000000,9725.516600,0.610556,3.693635,52.398889,53.460266,24,26.930257,53.410004,24
US50_WB,110+05743,behavior_diverse_2_of_5,PM,234.000000,1.000000,35615,10256.461900,0.962400,0.000000,7518.113280,0.705449,2.934213,51.591565,52.396012,16,24.247189,52.284059,16
US50_WB,110P05744,behavior_diverse_3_of_5,AM,237.000000,1.000000,32899,4109.717000,0.527100,0.000000,3567.944090,0.457571,1.427140,45.980233,49.449549,12,33.935289,49.491448,12
US50_WB,110P05744,behavior_diverse_3_of_5,MD,237.000000,1.000000,32899,10009.373900,0.609500,0.000000,8095.738280,0.492959,2.996131,43.706349,45.964079,24,34.709557,46.391669,24
US50_WB,110P05744,behavior_diverse_3_of_5,PM,237.000000,1.000000,32899,8370.327400,0.762600,0.000000,5595.918460,0.509840,2.133603,43.706471,44.754201,16,32.508293,45.170474,16
US50_WB,110P05748,behavior_diverse_4_of_5,AM,242.000000,1.000000,32911,4451.575500,0.603300,0.000000,4776.988770,0.647415,2.019252,41.367352,41.890963,12,32.804435,42.330984,12
US50_WB,110P05748,behavior_diverse_4_of_5,MD,242.000000,1.000000,32911,11156.917700,1.172100,0.000000,11155.944340,1.172045,0.528710,37.191367,41.361074,24,37.244586,43.176208,24
US50_WB,110P05748,behavior_diverse_4_of_5,PM,242.000000,1.000000,32911,8899.584100,1.092200,3.663372,6871.418950,0.843309,2.826617,25.520216,41.194978,16,26.655525,40.781634,16
US50_WB,110-06652,corridor_end,AM,260.000000,1.000000,36892,282.354300,0.062300,0.000000,254.766360,0.056250,0.162753,47.149345,50.342097,12,46.829563,51.244282,12
US50_WB,110-06652,corridor_end,MD,260.000000,1.000000,36892,748.667800,0.080100,0.000000,675.384030,0.072230,0.424370,44.929346,47.134345,24,42.507493,50.865394,24
US50_WB,110-06652,corridor_end,PM,260.000000,1.000000,36892,1497.228200,0.243300,0.000000,1756.625000,0.285474,1.153617,44.931851,46.978074,16,36.733413,47.953623,16
VA110_NB,110P06765,all_1_of_5,AM,1.000000,2.000000,26294;26289,5465.119350,0.356758,0.000000,6888.984702,0.446267,1.532452,46.633147,48.081610,12,22.763330,50.991072,12
VA110_NB,110P06765,all_1_of_5,MD,1.000000,2.000000,26294;26289,9979.733892,0.346758,0.000000,10886.901774,0.378259,2.582649,48.087786,48.492673,24,25.637355,53.275438,24
VA110_NB,110P06765,all_1_of_5,PM,1.000000,2.000000,26294;26289,8661.732067,0.401000,0.000000,9202.910484,0.426489,2.002109,46.225883,48.487815,16,19.548963,51.618953,16
VA110_NB,110+16045,all_2_of_5,AM,2.000000,1.000000,26281,4936.474800,0.288700,0.000000,7654.532230,0.447695,1.537352,49.490428,49.970918,12,22.763749,52.239325,12
VA110_NB,110+16045,all_2_of_5,MD,2.000000,1.000000,26281,9966.205400,0.331600,0.000000,10954.933590,0.364456,2.482589,49.489462,50.504740,24,26.158138,54.351493,24
VA110_NB,110+16045,all_2_of_5,PM,2.000000,1.000000,26281,9669.860400,0.417700,0.000000,9775.165040,0.422271,1.981914,47.304033,50.498335,16,19.599367,52.912254,16
VA110_NB,110+06766,all_3_of_5,AM,4.000000,1.000000,26518,4936.474800,0.435800,0.000000,7654.532230,0.675688,2.356200,43.935624,51.232192,12,25.356984,51.976011,12
VA110_NB,110+06766,all_3_of_5,MD,4.000000,1.000000,26518,9966.205400,0.447500,0.000000,10954.933590,0.491844,3.450678,43.912639,51.245938,24,25.215988,54.207955,24
VA110_NB,110+06766,all_3_of_5,PM,4.000000,1.000000,26518,9669.860400,0.582600,0.000000,9775.165040,0.588927,2.736716,48.665269,51.247457,16,26.607298,52.879890,16
VA110_NB,110P06767,all_4_of_5,AM,5.500000,1.000000,26605,4907.731500,0.639300,0.000000,7721.677250,1.005835,1.226347,33.179967,37.813322,12,33.595848,46.585428,12
VA110_NB,110P06767,all_4_of_5,MD,5.500000,1.000000,26605,9615.581600,0.485900,0.000000,12820.784180,0.647920,4.576151,33.165572,38.017244,24,18.333925,40.326437,24
VA110_NB,110P06767,all_4_of_5,PM,5.500000,1.000000,26605,8468.031600,0.578300,0.000000,10058.614260,0.686870,3.254000,35.176291,38.015611,16,17.568488,39.654384,16
VA110_NB,110+06767,all_5_of_5,AM,6.000000,1.000000,26610,4907.731500,0.481400,0.000000,7721.677250,0.757404,2.600873,34.702234,43.038174,12,20.166721,43.559862,12
VA110_NB,110+06767,all_5_of_5,MD,6.000000,1.000000,26610,9615.581600,0.462500,0.000000,12820.784180,0.616702,4.342159,34.674569,41.685021,24,18.986933,43.792431,24
VA110_NB,110+06767,all_5_of_5,PM,6.000000,1.000000,26610,8468.031600,0.545400,0.000000,10058.614260,0.647864,3.065775,38.262809,41.684251,16,17.814094,43.346683,16
VA110_SB,110-06766,all_1_of_5,AM,2.000000,1.000000,26606,6313.058100,0.528600,0.000000,6758.490720,0.565865,1.943141,43.919187,47.440359,12,21.567764,48.833772,12
VA110_SB,110-06766,all_1_of_5,MD,2.000000,1.000000,26606,12425.166700,0.503100,0.000000,15515.176760,0.628272,4.428795,40.341787,43.901465,24,18.740252,45.544008,24
VA110_SB,110-06766,all_1_of_5,PM,2.000000,1.000000,26606,12529.604700,0.742400,0.000000,13141.692380,0.778633,3.697597,39.913548,40.337305,16,17.152447,40.797985,16
VA110_SB,110N06767,all_2_of_5,AM,2.500000,1.000000,26310,6313.058100,0.565900,0.000000,6758.490720,0.605780,2.080207,39.162583,45.452399,12,21.188168,46.703826,12
VA110_SB,110N06767,all_2_of_5,MD,2.500000,1.000000,26310,12425.166700,0.939700,0.000000,15515.176760,1.173391,3.920127,29.847635,39.127911,24,29.959388,42.120510,24
VA110_SB,110N06767,all_2_of_5,PM,2.500000,1.000000,26310,12529.604700,1.091100,4.471289,13141.692380,1.144355,4.694006,28.683315,34.551616,16,28.682755,34.410117,16
VA110_SB,110-16045,all_3_of_5,AM,4.000000,1.000000,26609,7345.500100,0.566400,0.000000,7642.531250,0.589333,2.055070,53.613051,53.669292,12,26.214806,54.518246,12
VA110_SB,110-16045,all_3_of_5,MD,4.000000,1.000000,26609,14280.139300,0.495700,0.000000,15586.291990,0.541007,3.808837,52.607797,53.668437,24,24.127755,55.418229,24
VA110_SB,110-16045,all_3_of_5,PM,4.000000,1.000000,26609,13162.249700,0.734100,0.000000,14983.353520,0.835633,3.977658,51.274251,52.603746,16,22.006144,52.610476,16
VA110_SB,110N16045,all_4_of_5,AM,5.000000,1.000000,26517,5946.038400,0.366500,0.000000,6074.558590,0.374407,1.285688,52.400280,53.017733,12,23.759299,54.797285,12
VA110_SB,110N16045,all_4_of_5,MD,5.000000,1.000000,26517,10342.742400,0.315000,0.000000,11393.229490,0.347021,2.356552,53.020758,53.566151,24,26.845612,55.875113,24
VA110_SB,110N16045,all_4_of_5,PM,5.000000,1.000000,26517,8410.434200,0.358700,0.000000,8734.266600,0.372478,1.744011,51.724292,53.562425,16,20.189277,55.441543,16
VA110_SB,110-06765,all_5_of_5,AM,6.000000,2.000000,26280;26290,5775.245458,0.408900,0.000000,5703.691036,0.403530,1.385695,46.833001,47.931138,12,23.274370,51.350827,12
VA110_SB,110-06765,all_5_of_5,MD,6.000000,2.000000,26280;26290,10929.483392,0.371783,0.000000,11647.545737,0.396295,2.713738,47.172920,47.934949,24,24.989314,52.716676,24
VA110_SB,110-06765,all_5_of_5,PM,6.000000,2.000000,26280;26290,9586.436300,0.435283,0.000000,9687.331866,0.440416,2.068760,44.065130,47.165258,16,19.393543,50.668283,16
VA120_NB,110+10228,corridor_start,AM,2.000000,4.000000,26201;27126;27359;26373,898.879804,0.372038,0.000000,1020.193633,0.419130,2.937093,26.492089,27.708861,12,24.696598,28.903286,12
VA120_NB,110+10228,corridor_start,MD,2.000000,4.000000,26201;27126;27359;26373,1949.776824,0.401085,0.000000,2588.477760,0.532295,7.136406,24.697616,26.485389,24,22.195329,27.273040,24
VA120_NB,110+10228,corridor_start,PM,2.000000,4.000000,26201;27126;27359;26373,2597.557622,0.747950,3.777663,3134.321669,0.901902,4.584956,21.758634,24.668691,16,20.962157,24.675283,16
VA120_NB,110+10229,behavior_diverse_2_of_5,AM,3.000000,2.000000,26188;26195,1110.814194,0.463990,0.000000,1244.684486,0.519938,2.921510,24.134416,27.584387,12,24.371156,29.519865,12
VA120_NB,110+10229,behavior_diverse_2_of_5,MD,3.000000,2.000000,26188;26195,2460.756487,0.464530,0.000000,3287.338009,0.620613,7.110419,16.923279,24.113203,24,16.942197,25.805383,24
VA120_NB,110+10229,behavior_diverse_2_of_5,PM,3.000000,2.000000,26188;26195,2523.848948,0.686304,3.958384,3263.699843,0.887336,5.131567,19.312476,23.662293,16,18.840944,22.974357,16
VA120_NB,110P10231,behavior_diverse_3_of_5,AM,10.000000,1.000000,26659,2767.873200,0.870600,0.000000,4049.114990,1.273529,4.218853,20.477044,23.307882,12,15.634659,23.630997,12
VA120_NB,110P10231,behavior_diverse_3_of_5,MD,10.000000,1.000000,26659,6490.754100,1.331800,0.000000,7334.270510,1.504839,5.927343,18.025819,20.463240,24,18.016090,21.645497,24
VA120_NB,110P10231,behavior_diverse_3_of_5,PM,10.000000,1.000000,26659,5528.560100,1.940100,3.470893,5468.810550,1.919109,3.432599,16.001176,17.953724,16,16.215257,26.951458,16
VA120_NB,110+10785,behavior_diverse_4_of_5,AM,13.000000,1.000000,25883,3482.640100,0.916900,0.000000,4120.124020,1.084718,3.358208,15.591825,16.043423,12,15.810676,23.329657,12
VA120_NB,110+10785,behavior_diverse_4_of_5,MD,13.000000,1.000000,25883,7091.038700,0.902000,0.000000,8161.957520,1.038200,6.420346,14.860549,15.589272,24,14.918766,24.572445,24
VA120_NB,110+10785,behavior_diverse_4_of_5,PM,13.000000,1.000000,25883,4428.003200,0.780100,0.000000,6727.297360,1.185200,4.983605,14.863342,16.382070,16,14.982598,21.983666,16
VA120_NB,110+10237,corridor_end,AM,23.000000,7.000000,25605;25628;27020;25602;26862;25615;25599,3560.051633,1.051093,3.350446,2593.085290,0.779128,2.480843,25.816245,32.181402,12,25.883682,32.750329,12
VA120_NB,110+10237,corridor_end,MD,23.000000,7.000000,25605;25628;27020;25602;26862;25615;25599,4629.473918,0.828291,0.000000,3640.133618,0.650535,5.217828,25.621133,26.198742,24,25.727858,35.982152,24
VA120_NB,110+10237,corridor_end,PM,23.000000,7.000000,25605;25628;27020;25602;26862;25615;25599,5436.694913,1.473431,0.000000,3876.547341,1.021989,3.074464,26.201129,27.006043,16,26.419234,34.454056,16
VA120_SB,110-10236,corridor_start,AM,2.000000,7.000000,25595;25600;25616;26861;25603;27021;25627,2551.326695,1.035253,0.000000,2679.223512,1.050575,2.745189,29.517731,32.159156,12,29.777473,38.879566,12
VA120_SB,110-10236,corridor_start,MD,2.000000,7.000000,25595;25600;25616;26861;25603;27021;25627,4197.291781,0.807949,0.000000,3714.983077,0.716169,5.609047,28.559718,29.506248,24,28.637592,39.737465,24
VA120_SB,110-10236,corridor_start,PM,2.000000,7.000000,25595;25600;25616;26861;25603;27021;25627,4859.858208,1.384029,0.000000,3926.161770,1.080980,3.491630,28.559109,28.714438,16,28.730416,38.960289,16
VA120_SB,110-10232,behavior_diverse_2_of_5,AM,12.000000,2.000000,26582;25889,2007.290431,0.453297,0.000000,3831.851108,0.844052,4.803860,14.058003,15.717104,12,11.226551,16.780349,12
VA120_SB,110-10232,behavior_diverse_2_of_5,MD,12.000000,2.000000,26582;25889,5039.782276,0.629128,0.000000,6876.081844,0.859233,7.541742,11.883437,14.049128,24,9.721067,15.306391,24
VA120_SB,110-10232,behavior_diverse_2_of_5,PM,12.000000,2.000000,26582;25889,3816.486310,0.688324,3.577702,5530.847641,1.002226,5.435696,12.794235,18.819702,16,11.757266,25.725308,16
VA120_SB,110-10229,behavior_diverse_3_of_5,AM,20.000000,6.000000,26130;27185;27187;26133;27167;27160,2129.404750,0.777712,0.000000,2781.656861,1.015596,3.296618,24.299749,31.214376,12,22.279976,31.218360,12
VA120_SB,110-10229,behavior_diverse_3_of_5,MD,20.000000,6.000000,26130;27185;27187;26133;27167;27160,4465.439325,0.755453,0.000000,6085.186582,1.029462,7.644640,22.584504,24.270531,24,19.873742,24.758172,24
VA120_SB,110-10229,behavior_diverse_3_of_5,PM,20.000000,6.000000,26130;27185;27187;26133;27167;27160,4642.757437,1.408684,3.674241,5088.729859,1.543177,4.049525,18.836096,23.893255,16,18.363757,23.889698,16
VA120_SB,110-10227,behavior_diverse_4_of_5,AM,23.000000,2.000000,26189;26374,2409.379304,0.743213,0.000000,3553.562567,1.096114,4.149563,22.860384,24.375342,12,19.431317,24.760633,12
VA120_SB,110-10227,behavior_diverse_4_of_5,MD,23.000000,2.000000,26189;26374,3570.635326,0.666530,0.000000,3629.645309,0.677581,5.632428,22.855277,24.017403,24,22.201746,25.405030,24
VA120_SB,110-10227,behavior_diverse_4_of_5,PM,23.000000,2.000000,26189;26374,2540.492485,0.721015,0.000000,2221.814486,0.630576,3.329632,23.721309,24.017905,16,22.554437,26.173721,16
VA120_SB,110N10227,corridor_end,AM,24.000000,1.000000,27124,2173.094400,0.844100,0.000000,2883.919920,1.120194,3.470438,12.346147,15.533906,12,12.583345,23.225645,12
VA120_SB,110N10227,corridor_end,MD,24.000000,1.000000,27124,3647.870000,0.691400,0.000000,3633.270260,0.688590,4.186514,14.375245,15.546038,24,14.470584,26.357161,24
VA120_SB,110N10227,corridor_end,PM,24.000000,1.000000,27124,2900.487700,0.817400,0.000000,2557.724120,0.720830,2.999545,14.304068,14.373935,16,14.505033,23.837532,16
VA123_NB,110-10035,corridor_start,AM,2.000000,2.000000,38834;38242,2256.905615,0.615815,0.000000,3923.243392,1.049688,5.531306,28.372251,30.032659,12,28.518661,33.362269,12
VA123_NB,110-10035,corridor_start,MD,2.000000,2.000000,38834;38242,4276.717838,0.743738,0.000000,3225.049013,0.561744,4.724506,28.589093,30.038082,24,28.666519,36.988529,24
VA123_NB,110-10035,corridor_start,PM,2.000000,2.000000,38834;38242,3805.991715,0.873577,4.188360,4420.240307,1.008744,4.948843,27.156509,31.426769,16,27.151725,31.222847,16
VA123_NB,110-10029,behavior_diverse_2_of_5,AM,9.000000,2.000000,29446;29502,4766.212500,0.692398,0.000000,4779.796390,0.694373,2.225523,48.711178,52.855702,12,29.996630,52.896862,12
VA123_NB,110-10029,behavior_diverse_2_of_5,MD,9.000000,2.000000,29446;29502,7589.630600,0.528075,0.000000,7944.878910,0.552824,3.608568,48.695604,50.411357,24,31.099705,50.702504,24
VA123_NB,110-10029,behavior_diverse_2_of_5,PM,9.000000,2.000000,29446;29502,6689.973400,0.728066,0.000000,6915.533690,0.752613,3.166164,50.262289,50.412770,16,34.878608,50.448662,16
VA123_NB,110-10015,behavior_diverse_3_of_5,AM,31.000000,2.000000,33792;30568,7746.517445,3.618534,0.000000,3947.099073,1.843678,0.226029,31.651574,33.161394,12,29.885551,34.134571,12
VA123_NB,110-10015,behavior_diverse_3_of_5,MD,31.000000,2.000000,33792;30568,15670.301384,3.125218,0.000000,9803.473297,1.955426,3.589489,24.570092,31.638393,24,24.619969,31.984631,24
VA123_NB,110-10015,behavior_diverse_3_of_5,PM,31.000000,2.000000,33792;30568,9382.343082,2.887071,3.956883,6631.589559,2.040898,2.752792,19.227927,24.557223,16,21.848820,24.559764,16
VA123_NB,110-06995,behavior_diverse_4_of_5,AM,39.000000,4.000000,33677;30230;32184;30240,8976.055462,2.622709,1.932130,4608.498786,1.338906,0.999092,31.273465,41.773045,12,32.042273,43.010391,12
VA123_NB,110-06995,behavior_diverse_4_of_5,MD,39.000000,4.000000,33677;30230;32184;30240,10493.433192,1.829641,0.000000,8283.577360,1.443053,1.784446,28.236446,28.303097,24,28.340267,38.797387,24
VA123_NB,110-06995,behavior_diverse_4_of_5,PM,39.000000,4.000000,33677;30230;32184;30240,8943.602107,1.904319,4.169599,5852.655070,1.251504,2.706316,22.849857,35.817822,16,25.721769,35.882883,16
VA123_NB,110-06994,corridor_end,AM,41.000000,2.000000,31771;28668,5072.268700,1.492694,4.247925,2565.208740,0.754890,2.142953,22.858157,32.775928,12,26.099497,45.119217,12
VA123_NB,110-06994,corridor_end,MD,41.000000,2.000000,31771;28668,5733.106700,1.295665,0.000000,2369.756840,0.535541,3.262663,24.000473,26.069388,24,24.129670,39.413131,24
VA123_NB,110-06994,corridor_end,PM,41.000000,2.000000,31771;28668,6074.921200,2.674756,0.000000,3075.920650,1.354324,2.661213,24.000804,25.055164,16,24.262647,32.215211,16
VA123_SB,110+06995,corridor_start,AM,1.000000,2.000000,25597;28669,2685.342000,1.480135,0.000000,2083.360350,1.148327,2.488741,30.257083,34.001032,12,30.469074,40.185991,12
VA123_SB,110+06995,corridor_start,MD,1.000000,2.000000,25597;28669,5111.636200,1.323829,0.000000,2574.533690,0.666745,4.273630,29.582526,30.241532,24,29.686835,40.539506,24
VA123_SB,110+06995,corridor_start,PM,1.000000,2.000000,25597;28669,10434.585100,5.420115,5.750040,3756.104740,1.951050,2.055420,29.839800,37.776432,16,29.927279,40.599078,16
VA123_SB,110+10029,behavior_diverse_2_of_5,AM,32.000000,3.000000,29509;35335;35245,3204.117955,0.559371,0.000000,3408.588139,0.595045,1.882401,45.614392,52.532731,12,32.241869,52.615924,12
VA123_SB,110+10029,behavior_diverse_2_of_5,MD,32.000000,3.000000,29509;35335;35245,7297.258835,0.881655,0.000000,7678.556532,0.927703,0.275273,38.778409,45.579773,24,38.846299,48.229921,24
VA123_SB,110+10029,behavior_diverse_2_of_5,PM,32.000000,3.000000,29509;35335;35245,6275.299487,1.141493,4.061908,6655.514813,1.210689,4.324037,38.532377,42.288293,16,38.073922,42.267759,16
VA123_SB,110+10031,behavior_diverse_3_of_5,AM,34.000000,1.000000,29445,4757.727900,0.684200,0.000000,4780.223630,0.687395,2.136083,49.067345,52.025144,12,34.624871,52.082105,12
VA123_SB,110+10031,behavior_diverse_3_of_5,MD,34.000000,1.000000,29445,10408.548700,0.739800,0.000000,10492.373050,0.745752,4.582183,46.306654,49.052713,24,34.877266,49.177086,24
VA123_SB,110+10031,behavior_diverse_3_of_5,PM,34.000000,1.000000,29445,9241.154000,0.943100,0.000000,8149.375980,0.831694,3.493742,44.897240,46.300740,16,30.603940,46.337485,16
VA123_SB,110+10035,behavior_diverse_4_of_5,AM,38.000000,7.000000,29434;35098;38146;38254;40754;38838;38245,5245.778964,0.682294,0.000000,4867.771330,0.631466,1.953941,40.107205,42.600962,12,31.688651,43.050613,12
VA123_SB,110+10035,behavior_diverse_4_of_5,MD,38.000000,7.000000,29434;35098;38146;38254;40754;38838;38245,12532.835979,1.384275,0.000000,11072.529746,1.224943,1.135672,23.426025,40.080479,24,23.524691,42.199674,24
VA123_SB,110+10035,behavior_diverse_4_of_5,PM,38.000000,7.000000,29434;35098;38146;38254;40754;38838;38245,12729.635726,2.033838,4.426497,9843.707398,1.567017,3.928160,17.384060,23.404393,16,18.034572,23.401622,16
VA123_SB,110+10036,corridor_end,AM,40.000000,3.000000,38521;40619;38240,1525.362742,0.485116,0.000000,1010.135224,0.321064,1.988282,26.771817,27.324326,12,27.036925,32.001681,12
VA123_SB,110+10036,corridor_end,MD,40.000000,3.000000,38521;40619;38240,2893.334016,0.456281,0.000000,2830.964168,0.445054,5.750214,22.787948,26.765609,24,22.851171,29.150083,24
VA123_SB,110+10036,corridor_end,PM,40.000000,3.000000,38521;40619;38240,1730.875642,0.273923,6.124319,4582.999073,0.694215,17.852705,20.544414,22.928733,16,15.199433,22.784629,16
VA193_EB,110-11678,corridor_start,AM,3.000000,5.000000,30447;33082;30444;33069;33073,6731.969239,5.127050,4.404659,1821.617159,1.387344,1.174041,28.660305,36.894396,12,29.243255,37.911974,12
VA193_EB,110-11678,corridor_start,MD,3.000000,5.000000,30447;33082;30444;33069;33073,8658.079550,3.473498,0.000000,3772.933080,1.513649,0.704731,29.074326,30.733347,24,29.135442,34.858703,24
VA193_EB,110-11678,corridor_start,PM,3.000000,5.000000,30447;33082;30444;33069;33073,5300.061277,2.427381,0.000000,2375.500291,1.087982,0.968249,30.739890,32.912119,16,30.858179,35.123459,16
VA193_EB,110-11674,behavior_diverse_2_of_5,AM,7.000000,4.000000,30336;33876;32186;30322,7172.405983,6.544280,0.000000,2299.245030,2.099056,1.027913,29.881959,33.826718,12,30.137802,36.103853,12
VA193_EB,110-11674,behavior_diverse_2_of_5,MD,7.000000,4.000000,30336;33876;32186;30322,7762.742272,0.922331,0.000000,4685.126678,0.556404,4.830588,19.304987,29.855432,24,19.399900,32.291972,24
VA193_EB,110-11674,behavior_diverse_2_of_5,PM,7.000000,4.000000,30336;33876;32186;30322,4471.002700,2.730367,4.914744,2979.395790,1.790029,3.407980,19.076688,26.086891,16,19.304926,26.092870,16
VA193_EB,110N11674,behavior_diverse_3_of_5,AM,8.000000,1.000000,31759,8080.888600,9.651300,0.000000,2856.450200,3.411569,1.419947,16.264061,19.919822,12,16.688547,27.818124,12
VA193_EB,110N11674,behavior_diverse_3_of_5,MD,8.000000,1.000000,31759,9327.224300,5.130500,0.000000,5634.571290,3.099318,4.337972,12.162744,16.245260,24,12.283284,21.506651,24
VA193_EB,110N11674,behavior_diverse_3_of_5,PM,8.000000,1.000000,31759,6562.172200,5.823500,4.253819,3987.894530,3.538979,2.555649,11.937433,14.266387,16,12.175692,15.328508,16
VA193_EB,110-11672,behavior_diverse_4_of_5,AM,10.000000,4.000000,30217;30220;33684;30226,2762.707517,1.796977,0.000000,1229.420486,0.800734,0.829077,32.996631,38.416725,12,28.598206,39.194081,12
VA193_EB,110-11672,behavior_diverse_4_of_5,MD,10.000000,4.000000,30217;30220;33684;30226,2775.296901,1.010065,0.000000,606.177323,0.217484,0.071611,31.423342,32.973485,24,31.478809,43.388691,24
VA193_EB,110-11672,behavior_diverse_4_of_5,PM,10.000000,4.000000,30217;30220;33684;30226,1501.547928,0.784964,0.000000,388.423694,0.202198,0.345559,31.426494,33.466244,16,31.541343,42.769697,16
VA193_EB,110N11672,corridor_end,AM,11.000000,1.000000,4520,350.996300,0.008500,0.000000,394.019200,0.009511,2.574439,11.305056,11.863011,12,6.490817,12.959997,12
VA193_EB,110N11672,corridor_end,MD,11.000000,1.000000,4520,1065.911700,0.011600,0.000000,2007.624390,0.021768,8.964355,11.100890,11.302629,24,3.884765,11.573574,24
VA193_EB,110N11672,corridor_end,PM,11.000000,1.000000,4520,961.232100,0.015100,0.000000,2897.237550,0.045491,9.340690,11.101126,11.290943,16,3.008516,11.343752,16
VA193_WB,110P11672,corridor_start,AM,1.000000,1.000000,4463,353.317000,0.009700,0.000000,313.445220,0.008606,0.025102,19.085709,19.589303,12,19.339332,34.327722,12
VA193_WB,110P11672,corridor_start,MD,1.000000,1.000000,4463,615.281600,0.008700,0.000000,623.574830,0.008825,0.065662,19.084494,19.948986,24,19.142836,34.760383,24
VA193_WB,110P11672,corridor_start,PM,1.000000,1.000000,4463,402.867400,0.008300,0.000000,419.237730,0.008676,0.038933,18.170126,19.945753,16,18.316973,34.587507,16
VA193_WB,110+11673,behavior_diverse_2_of_5,AM,2.000000,2.000000,30221;4465,80.526797,0.000939,0.000000,107.364638,0.001299,0.910982,31.861224,35.345204,12,15.559194,35.181028,12
VA193_WB,110+11673,behavior_diverse_2_of_5,MD,2.000000,2.000000,30221;4465,232.032788,0.002024,0.000000,298.557425,0.002622,2.951096,27.912115,31.843264,24,16.773018,31.814169,24
VA193_WB,110+11673,behavior_diverse_2_of_5,PM,2.000000,2.000000,30221;4465,287.135304,0.003693,0.000000,324.641109,0.004217,4.929718,27.919813,32.964906,16,15.846674,32.884692,16
VA193_WB,110+11674,behavior_diverse_3_of_5,AM,3.000000,4.000000,33683;30219;30218;33715,552.159768,0.547930,0.000000,310.165342,0.307162,1.207326,30.790999,34.907123,12,31.004892,38.664536,12
VA193_WB,110+11674,behavior_diverse_3_of_5,MD,3.000000,4.000000,33683;30219;30218;33715,1185.018741,1.054376,0.000000,779.927509,0.640202,4.245563,22.807172,30.766389,24,22.878399,33.159742,24
VA193_WB,110+11674,behavior_diverse_3_of_5,PM,3.000000,4.000000,33683;30219;30218;33715,3451.229154,2.380824,0.000000,1364.224671,0.942612,2.446253,22.809459,27.299179,16,22.979287,30.330492,16
VA193_WB,110P11674,behavior_diverse_4_of_5,AM,4.000000,2.000000,30214;31755,1081.826158,0.820774,3.580659,857.185340,0.639541,2.799799,14.226457,19.209636,12,15.702112,19.197980,12
VA193_WB,110P11674,behavior_diverse_4_of_5,MD,4.000000,2.000000,30214;31755,2381.124626,0.933974,0.000000,2056.011499,0.805299,5.811018,16.231337,16.351592,24,16.310546,19.748507,24
VA193_WB,110P11674,behavior_diverse_4_of_5,PM,4.000000,2.000000,30214;31755,4191.292011,2.698316,0.000000,1877.454010,1.180844,2.582435,16.237822,19.167855,16,16.464904,24.523212,16
VA193_WB,110+11679,corridor_end,AM,9.000000,5.000000,30420;33074;33068;30445;33083,2237.697204,1.021830,0.000000,1662.149524,0.759010,2.305726,31.796366,35.986533,12,30.572363,36.203471,12
VA193_WB,110+11679,corridor_end,MD,9.000000,5.000000,30420;33074;33068;30445;33083,7048.621901,2.661994,0.000000,3958.593376,1.495020,1.849366,29.467708,31.777295,24,29.529013,34.302729,24
VA193_WB,110+11679,corridor_end,PM,9.000000,5.000000,30420;33074;33068;30445;33083,10849.376838,7.511348,5.561668,2649.234841,1.834138,1.336153,28.100418,30.755220,16,29.507780,31.532067,16
VA213_NB,110+13264,all_1_of_3,AM,4.000000,1.000000,40387,118.535900,0.002100,0.000000,328.010990,0.005719,5.376578,19.233310,21.214777,12,12.932307,21.328203,12
VA213_NB,110+13264,all_1_of_3,MD,4.000000,1.000000,40387,621.510600,0.007400,0.000000,889.460000,0.010612,7.349017,19.596770,21.221353,24,12.643888,21.577833,24
VA213_NB,110+13264,all_1_of_3,PM,4.000000,1.000000,40387,547.301800,0.011400,0.000000,789.798580,0.016419,4.204123,19.595820,19.903666,16,12.659998,20.246886,16
VA213_NB,110P13265,all_2_of_3,AM,4.500000,1.000000,38478,708.633200,0.619000,0.000000,715.077270,0.624656,2.797406,17.028834,17.117474,12,17.357759,21.097853,12
VA213_NB,110P13265,all_2_of_3,MD,4.500000,1.000000,38478,1830.472900,0.717700,0.000000,1767.268000,0.692963,5.690408,17.030548,19.070559,24,17.109400,21.841252,24
VA213_NB,110P13265,all_2_of_3,PM,4.500000,1.000000,38478,1400.976400,0.841200,3.975682,1212.539430,0.728029,3.428645,16.465251,19.063031,16,16.726433,19.056241,16
VA213_NB,110+13265,all_3_of_3,AM,5.000000,2.000000,5916;40743,699.073233,0.547135,0.000000,764.631083,0.553168,3.090612,20.548129,21.280630,12,20.790606,23.857085,12
VA213_NB,110+13265,all_3_of_3,MD,5.000000,2.000000,5916;40743,1789.831713,0.668409,0.000000,1838.866132,0.646428,6.146084,20.431851,21.282810,24,20.494330,24.024920,24
VA213_NB,110+13265,all_3_of_3,PM,5.000000,2.000000,5916;40743,1360.576785,0.758446,4.001909,1208.642060,0.657016,3.577157,19.584811,20.427004,16,19.588568,20.602088,16
VA213_SB,110-13264,all_1_of_3,AM,1.000000,2.000000,38479;40744,1212.190035,0.882767,0.000000,1484.921904,1.068905,3.754182,21.096561,21.325270,12,20.840647,23.163221,12
VA213_SB,110-13264,all_1_of_3,MD,1.000000,2.000000,38479;40744,2458.863274,0.874812,0.000000,2940.816913,1.037883,7.798603,20.372756,21.325248,24,20.425599,23.289041,24
VA213_SB,110-13264,all_1_of_3,PM,1.000000,2.000000,38479;40744,1674.780621,1.002867,4.039221,1769.237029,1.059950,4.303535,19.605021,20.364624,16,19.586895,20.355880,16
VA213_SB,110N13265,all_2_of_3,AM,1.500000,1.000000,38480,1316.703300,1.029600,0.000000,1419.476680,1.110017,3.254475,14.529134,16.935003,12,14.793069,19.257853,12
VA213_SB,110N13265,all_2_of_3,MD,1.500000,1.000000,38480,2714.458400,0.963500,0.000000,2900.226070,1.029398,6.843950,14.521294,16.686154,24,14.591726,18.813864,24
VA213_SB,110N13265,all_2_of_3,PM,1.500000,1.000000,38480,1915.392900,1.148400,3.988344,1981.899410,1.188272,4.130319,13.806489,16.649600,16,13.570691,16.635646,16
VA213_SB,110-13263,all_3_of_3,AM,2.000000,1.000000,40746,767.980500,0.601700,2.962425,1310.754390,1.027007,5.127320,17.056939,19.851739,12,13.488275,19.816041,12
VA213_SB,110-13263,all_3_of_3,MD,2.000000,1.000000,40746,1306.818600,0.478100,0.000000,2251.276120,0.823602,11.250055,18.634819,19.860084,24,13.610096,20.683595,24
VA213_SB,110-13263,all_3_of_3,PM,2.000000,1.000000,40746,1351.940100,1.079100,0.000000,2047.659300,1.634365,3.765212,18.634141,18.882710,16,17.452570,20.447915,16
VA215_EB,110+57959,all_1_of_4,AM,3.000000,7.000000,49063;48676;40344;38603;38727;40000;40504,558.733370,0.219684,0.000000,965.784413,0.379060,1.153280,44.558355,46.190039,12,35.973496,46.974857,12
VA215_EB,110+57959,all_1_of_4,MD,3.000000,7.000000,49063;48676;40344;38603;38727;40000;40504,1156.662289,0.287259,0.000000,1242.168601,0.308469,1.857681,43.750205,44.551033,24,36.620750,47.046901,24
VA215_EB,110+57959,all_1_of_4,PM,3.000000,7.000000,49063;48676;40344;38603;38727;40000;40504,828.401202,0.281446,0.000000,1182.261766,0.401656,1.632170,43.749591,43.839366,16,35.648515,45.530352,16
VA215_EB,110+57960,all_2_of_4,AM,5.000000,5.000000,39270;40341;38600;39403;38599,555.816791,0.221565,0.000000,657.843720,0.261148,0.761363,45.563890,47.502080,12,30.015138,47.399616,12
VA215_EB,110+57960,all_2_of_4,MD,5.000000,5.000000,39270;40341;38600;39403;38599,882.384589,0.173608,0.000000,964.041515,0.189677,1.132233,43.801197,45.554350,24,28.992411,45.535284,24
VA215_EB,110+57960,all_2_of_4,PM,5.000000,5.000000,39270;40341;38600;39403;38599,699.102442,0.202288,0.000000,840.833671,0.243107,0.941080,43.802471,45.121455,16,29.721957,45.077085,16
VA215_EB,110+57961,all_3_of_4,AM,7.000000,3.000000,39991;40498;39628,740.635172,0.298141,0.000000,851.976828,0.341254,1.012253,38.801747,42.594930,12,29.575792,42.568495,12
VA215_EB,110+57961,all_3_of_4,MD,7.000000,3.000000,39991;40498;39628,1317.330402,0.238690,0.000000,1252.399281,0.227270,1.350661,37.478298,38.785313,24,28.514227,38.871637,24
VA215_EB,110+57961,all_3_of_4,PM,7.000000,3.000000,39991;40498;39628,1004.060264,0.310659,0.000000,1031.729797,0.319102,1.268660,37.481836,39.575363,16,28.681847,39.580948,16
VA215_EB,110+57962,all_4_of_4,AM,8.000000,1.000000,38917,243.403700,0.083600,0.000000,339.837520,0.116671,0.344120,37.293716,39.760617,12,37.495071,49.001941,12
VA215_EB,110+57962,all_4_of_4,MD,8.000000,1.000000,38917,757.952600,0.101000,0.000000,361.396610,0.048141,0.280896,39.218054,39.770369,24,39.267730,50.927455,24
VA215_EB,110+57962,all_4_of_4,PM,8.000000,1.000000,38917,349.056300,0.074100,0.000000,345.767400,0.073445,0.290322,39.219888,40.249892,16,39.322652,50.180265,16
VA215_WB,110-57961,all_1_of_4,AM,2.000000,1.000000,40947,110.374700,0.032200,0.000000,154.137050,0.044999,0.129437,43.114609,44.383870,12,43.237351,51.101381,12
VA215_WB,110-57961,all_1_of_4,MD,2.000000,1.000000,40947,556.901800,0.065700,0.000000,292.908080,0.034556,0.200492,44.389136,44.607285,24,44.417295,51.299161,24
VA215_WB,110-57961,all_1_of_4,PM,2.000000,1.000000,40947,705.613600,0.123800,0.000000,655.544490,0.114978,0.457818,44.610491,45.956148,16,41.395445,50.147914,16
VA215_WB,110-57960,all_2_of_4,AM,3.000000,3.000000,38916;39629;40499,440.880262,0.208479,0.000000,527.813184,0.248459,0.732141,37.029205,40.229024,12,30.606401,40.236271,12
VA215_WB,110-57960,all_2_of_4,MD,3.000000,3.000000,38916;39629;40499,1332.230281,0.256993,0.000000,1159.566742,0.224606,1.334335,36.054845,37.015492,24,28.532112,37.647140,24
VA215_WB,110-57960,all_2_of_4,PM,3.000000,3.000000,38916;39629;40499,1416.723169,0.445479,0.000000,1413.764207,0.444094,1.774086,36.057832,37.762310,16,27.792164,37.788694,16
VA215_WB,110-57959,all_3_of_4,AM,5.000000,5.000000,39989;38598;39404;38601;40342,357.769144,0.140502,0.000000,526.747423,0.206335,0.596634,44.556973,45.789452,12,30.761688,45.709566,12
VA215_WB,110-57959,all_3_of_4,MD,5.000000,5.000000,39989;38598;39404;38601;40342,872.104238,0.176685,0.000000,931.629528,0.188747,1.126398,44.552121,44.848183,24,28.982673,44.829169,24
VA215_WB,110-57959,all_3_of_4,PM,5.000000,5.000000,39989;38598;39404;38601;40342,1016.233755,0.287598,0.000000,1094.215597,0.309640,1.208146,44.848558,44.884918,16,29.183289,44.839098,16
VA215_WB,110-57958,all_4_of_4,AM,7.000000,7.000000,39271;40505;39999;38725;38605;40345;48677,495.629140,0.254760,0.000000,629.756921,0.323700,0.980776,43.199064,45.722700,12,36.612824,47.133812,12
VA215_WB,110-57958,all_4_of_4,MD,7.000000,7.000000,39271;40505;39999;38725;38605;40345;48677,1302.414965,0.315035,0.000000,1255.411678,0.303646,1.828161,41.103972,43.186850,24,36.646105,46.821211,24
VA215_WB,110-57958,all_4_of_4,PM,7.000000,7.000000,39271;40505;39999;38725;38605;40345;48677,1348.847515,0.466927,0.000000,1679.081766,0.580454,2.372913,41.104809,42.381950,16,34.502284,42.990083,16
VA228_EB,110+18873,all_1_of_2,AM,3.000000,2.000000,31233;30525,372.390505,0.261060,0.000000,470.521101,0.329389,3.230193,19.747769,20.663180,12,16.085044,21.375567,12
VA228_EB,110+18873,all_1_of_2,MD,3.000000,2.000000,31233;30525,957.918000,0.325553,0.000000,1304.094413,0.443167,6.675030,19.478561,20.665779,24,15.977478,21.575936,24
VA228_EB,110+18873,all_1_of_2,PM,3.000000,2.000000,31233;30525,959.523226,0.494767,3.272622,1230.497265,0.634373,4.303632,15.973795,19.470266,16,13.528530,19.469934,16
VA228_EB,110+18874,all_2_of_2,AM,4.000000,2.000000,30521;30520,590.299029,0.725248,0.000000,805.689094,0.989490,3.142261,19.422618,22.843365,12,14.226610,22.897733,12
VA228_EB,110+18874,all_2_of_2,MD,4.000000,2.000000,30521;30520,1159.644362,0.738290,0.000000,1591.564962,1.009703,6.439132,17.674764,19.407212,24,14.501816,19.949017,24
VA228_EB,110+18874,all_2_of_2,PM,4.000000,2.000000,30521;30520,1030.113838,1.104429,2.837287,1198.614156,1.285034,3.347150,16.727088,17.887560,16,15.364376,17.896039,16
VA228_NB,110+58155,all_1_of_4,AM,2.000000,3.000000,33134;30515;33138,137.691300,0.115695,0.000000,124.124470,0.104283,2.762726,23.701744,25.758783,12,19.861883,26.535320,12
VA228_NB,110+58155,all_1_of_4,MD,2.000000,3.000000,33134;30515;33138,462.092000,0.196116,0.000000,392.866460,0.166749,4.588462,23.693561,23.764277,24,20.577107,26.041140,24
VA228_NB,110+58155,all_1_of_4,PM,2.000000,3.000000,33134;30515;33138,543.654132,0.349174,0.000000,505.961030,0.329610,3.369109,23.764634,23.892326,16,19.894638,25.147447,16
VA228_NB,110+58156,all_2_of_4,AM,4.000000,2.000000,31046;33122,1731.930720,0.705180,2.681767,1521.593530,0.619679,2.351052,29.557331,37.458225,12,29.579267,38.402143,12
VA228_NB,110+58156,all_2_of_4,MD,4.000000,2.000000,31046;33122,4257.313400,0.972040,0.000000,3797.746824,0.867252,5.360316,29.528520,30.119591,24,29.572229,32.550015,24
VA228_NB,110+58156,all_2_of_4,PM,4.000000,2.000000,31046;33122,4152.091360,1.095980,0.000000,3472.474462,0.917551,3.504124,30.055795,30.120047,16,30.111170,31.776854,16
VA228_NB,110+58158,all_3_of_4,AM,7.000000,2.000000,31012;33119,871.008427,0.234892,0.000000,859.704608,0.231850,0.696725,37.566036,41.142457,12,33.531337,42.733861,12
VA228_NB,110+58158,all_3_of_4,MD,7.000000,2.000000,31012;33119,2388.138423,0.322034,0.000000,2243.260076,0.302537,1.812241,37.190686,37.551467,24,32.568748,41.111013,24
VA228_NB,110+58158,all_3_of_4,PM,7.000000,2.000000,31012;33119,2623.399418,0.477851,0.000000,2555.395432,0.465475,1.851611,37.195578,39.452606,16,31.925860,40.084588,16
VA228_NB,110+58159,all_4_of_4,AM,8.000000,1.000000,30469,1095.658300,0.448300,0.000000,1289.439700,0.527562,2.865313,29.418201,33.584749,12,29.560754,34.309028,12
VA228_NB,110+58159,all_4_of_4,MD,8.000000,1.000000,30469,2096.795400,0.416200,0.000000,2934.996340,0.582630,7.717252,29.401626,29.490566,24,29.438043,31.758819,24
VA228_NB,110+58159,all_4_of_4,PM,8.000000,1.000000,30469,2402.670300,0.660000,3.411378,2183.256100,0.599707,3.092503,29.497695,30.336380,16,29.500041,30.619026,16
VA228_SB,110-58158,all_1_of_4,AM,2.000000,1.000000,35806,1118.486800,0.310300,0.000000,1239.225460,0.343753,1.038797,34.755203,38.933184,12,31.890653,40.902834,12
VA228_SB,110-58158,all_1_of_4,MD,2.000000,1.000000,35806,2420.444100,0.378200,0.000000,2982.185300,0.465915,2.815544,32.876887,34.736656,24,31.470521,37.919551,24
VA228_SB,110-58158,all_1_of_4,PM,2.000000,1.000000,35806,2395.980900,0.491800,0.000000,2122.361820,0.435645,1.730030,32.876293,33.441355,16,32.040102,37.782274,16
VA228_SB,110-58157,all_2_of_4,AM,3.000000,2.000000,30468;33120,1366.443006,0.400688,0.000000,1646.729181,0.482892,1.466557,34.673270,39.564474,12,30.893571,40.133512,12
VA228_SB,110-58157,all_2_of_4,MD,3.000000,2.000000,30468;33120,2675.039904,0.382410,0.000000,2384.338439,0.340855,2.046704,34.653216,35.050044,24,32.276623,39.793644,24
VA228_SB,110-58157,all_2_of_4,PM,3.000000,2.000000,30468;33120,1776.806590,0.384958,0.000000,1786.551862,0.387123,1.533107,35.053530,36.439655,16,32.380586,39.444508,16
VA228_SB,110-58155,all_3_of_4,AM,5.000000,2.000000,31013;33123,2121.849840,0.846820,0.000000,2015.995850,0.805204,2.840744,27.843723,30.921466,12,27.969443,32.027075,12
VA228_SB,110-58155,all_3_of_4,MD,5.000000,2.000000,31013;33123,4253.501760,0.982120,0.000000,4139.477540,0.956069,5.862431,27.831486,27.985727,24,27.858990,30.560148,24
VA228_SB,110-58155,all_3_of_4,PM,5.000000,2.000000,31013;33123,3117.028900,0.937960,4.324076,2847.900246,0.857629,3.940515,27.392791,28.522353,16,27.809097,28.525311,16
VA228_SB,110-58154,all_4_of_4,AM,7.000000,3.000000,31047;33137;30514,275.404000,0.237182,0.000000,258.921080,0.222995,2.286331,23.533177,24.104686,12,20.205695,26.165369,12
VA228_SB,110-58154,all_4_of_4,MD,7.000000,3.000000,31047;33137;30514,514.314300,0.215792,0.000000,453.627230,0.190347,4.682048,22.824386,23.530168,24,20.442375,25.740303,24
VA228_SB,110-58154,all_4_of_4,PM,7.000000,3.000000,31047;33137;30514,312.252300,0.203729,3.654592,314.041750,0.204858,3.676715,19.223478,22.903498,16,19.237323,22.907133,16
VA228_WB,110-18873,all_1_of_2,AM,6.000000,2.000000,35701;30518,527.666924,0.666533,0.000000,736.116877,0.929125,3.196385,20.625846,22.882772,12,15.971898,23.085192,12
VA228_WB,110-18873,all_1_of_2,MD,6.000000,2.000000,35701;30518,1258.177643,0.793219,0.000000,1688.283575,1.064267,6.506644,17.882701,20.614021,24,14.257392,20.947939,24
VA228_WB,110-18873,all_1_of_2,PM,6.000000,2.000000,35701;30518,1303.499471,1.456143,0.000000,1270.590878,1.420260,2.733330,17.609915,17.879394,16,16.929358,20.551099,16
VA228_WB,110-18872,all_2_of_2,AM,7.000000,2.000000,30522;30527,547.476916,0.285486,2.663621,832.263043,0.434050,4.077527,16.605250,21.540177,12,15.067586,24.575989,12
VA228_WB,110-18872,all_2_of_2,MD,7.000000,2.000000,30522;30527,1060.883058,0.321826,0.000000,1436.419065,0.435756,6.921866,18.965590,20.884214,24,15.004221,21.645682,24
VA228_WB,110-18872,all_2_of_2,PM,7.000000,2.000000,30522;30527,858.852907,0.417840,0.000000,1041.274964,0.507081,3.920977,18.809817,18.963352,16,14.431840,20.132634,16
VA233_EB,110-10055,all_1_of_2,AM,2.000000,2.000000,26228;26448,1880.397964,1.181427,0.000000,1320.280730,0.828620,2.009089,22.720474,25.443095,12,22.924514,27.346409,12
VA233_EB,110-10055,all_1_of_2,MD,2.000000,2.000000,26228;26448,3757.208000,1.178027,0.000000,3506.551425,1.098627,4.655024,20.972594,22.707836,24,21.032953,24.695839,24
VA233_EB,110-10055,all_1_of_2,PM,2.000000,2.000000,26228;26448,2499.211264,1.212327,4.090629,2187.273639,1.060650,3.615318,18.548646,21.482517,16,19.505915,21.478881,16
VA233_EB,110N10055,all_2_of_2,AM,3.000000,1.000000,26450,3508.898900,2.807900,0.000000,2660.245360,2.128799,2.289330,16.288159,18.670535,12,16.544380,21.490344,12
VA233_EB,110N10055,all_2_of_2,MD,3.000000,1.000000,26450,5855.033300,2.170400,0.000000,5276.342290,1.955854,5.086487,14.784890,16.277127,24,14.862526,19.085366,24
VA233_EB,110N10055,all_2_of_2,PM,3.000000,1.000000,26450,4084.797900,2.405500,4.050843,3177.191410,1.871024,3.106280,13.825722,15.339672,16,14.852238,16.066315,16
VA233_WB,110+10056,only,AM,2.000000,2.000000,26452;26447,2309.342173,1.357482,3.079528,1883.833149,1.107104,2.490179,25.175583,27.393546,12,25.878900,27.385093,12
VA233_WB,110+10056,only,MD,2.000000,2.000000,26452;26447,3974.265718,1.118109,0.000000,3563.592111,1.002454,4.597164,27.396168,27.700459,24,26.500318,28.286766,24
VA233_WB,110+10056,only,PM,2.000000,2.000000,26452;26447,4675.173609,2.139145,0.000000,2647.808660,1.213817,2.317561,27.701882,28.200416,16,27.794891,28.954086,16
VA234BR_NB,110+10070,corridor_start,AM,2.000000,6.000000,38375;38381;40167;40808;38688;38436,1291.611977,0.765173,0.000000,1525.325775,0.905327,2.741262,30.298510,33.424322,12,30.380208,33.997396,12
VA234BR_NB,110+10070,corridor_start,MD,2.000000,6.000000,38375;38381;40167;40808;38688;38436,2417.214328,0.700278,0.000000,2946.994184,0.854640,7.351542,30.004894,30.285813,24,30.029651,32.422513,24
VA234BR_NB,110+10070,corridor_start,PM,2.000000,6.000000,38375;38381;40167;40808;38688;38436,1597.768959,0.675967,4.213615,2052.133753,0.869546,5.460011,30.015914,30.935550,16,29.744737,30.931762,16
VA234BR_NB,110+10071,behavior_diverse_2_of_5,AM,4.000000,1.000000,38421,963.768700,0.303900,2.533848,1929.365840,0.608474,5.124277,15.715770,17.008690,12,13.808278,16.996438,12
VA234BR_NB,110+10071,behavior_diverse_2_of_5,MD,4.000000,1.000000,38421,2303.582600,0.399100,0.000000,3676.232910,0.636856,8.825398,15.479685,16.248010,24,14.093648,18.311791,24
VA234BR_NB,110+10071,behavior_diverse_2_of_5,PM,4.000000,1.000000,38421,1416.420400,0.390200,0.000000,2325.685790,0.640652,6.074002,15.631582,16.247365,16,13.745052,18.334038,16
VA234BR_NB,110+10072,behavior_diverse_3_of_5,AM,5.000000,3.000000,40765;40382;38365,559.902343,0.248582,0.000000,595.580868,0.264228,0.786882,23.143637,23.894690,12,23.467562,38.755458,12
VA234BR_NB,110+10072,behavior_diverse_3_of_5,MD,5.000000,3.000000,40765;40382;38365,1332.488400,0.289866,0.000000,1503.576891,0.327003,1.943224,22.994321,23.896895,24,23.083383,37.705515,24
VA234BR_NB,110+10072,behavior_diverse_3_of_5,PM,5.000000,3.000000,40765;40382;38365,1036.149180,0.333124,0.000000,1078.593167,0.346450,1.373575,22.994636,23.527732,16,23.181635,36.739666,16
VA234BR_NB,110+10074,behavior_diverse_4_of_5,AM,9.000000,6.000000,38469;39592;39588;38344;39583;39612,3312.009568,1.031818,0.000000,3254.144884,1.013221,1.883994,31.159249,33.063342,12,31.286592,33.486396,12
VA234BR_NB,110+10074,behavior_diverse_4_of_5,MD,9.000000,6.000000,38469;39592;39588;38344;39583;39612,6097.511965,0.914312,0.000000,6593.123504,0.984909,6.279459,24.310720,31.144702,24,23.023396,31.229188,24
VA234BR_NB,110+10074,behavior_diverse_4_of_5,PM,9.000000,6.000000,38469;39592;39588;38344;39583;39612,4593.857262,1.079027,3.785890,4813.861370,1.122121,4.086559,22.484887,25.591562,16,22.102844,25.591685,16
VA234BR_NB,110+10075,corridor_end,AM,10.000000,5.000000,38485;38463;40368;40227;38495,5220.107755,1.996922,2.782309,4738.601147,1.777623,2.568106,18.805974,27.079412,12,19.229752,27.081511,12
VA234BR_NB,110+10075,corridor_end,MD,10.000000,5.000000,38485;38463;40368;40227;38495,9957.808952,1.760788,0.000000,9262.878560,1.626549,5.283933,23.460669,23.660635,24,21.656560,24.959429,24
VA234BR_NB,110+10075,corridor_end,PM,10.000000,5.000000,38485;38463;40368;40227;38495,8086.648741,2.337560,0.000000,6685.415504,1.916448,3.173084,23.465683,25.756881,16,22.002354,26.599735,16
VA234BR_SB,110N13258,corridor_start,AM,1.000000,1.000000,38378,175.761400,0.078200,0.000000,142.564470,0.063405,0.189736,37.962566,38.635557,12,35.675466,39.304179,12
VA234BR_SB,110N13258,corridor_start,MD,1.000000,1.000000,38378,591.701400,0.120500,0.000000,532.426880,0.108472,0.647178,38.638717,39.102495,24,30.679638,39.244540,24
VA234BR_SB,110N13258,corridor_start,PM,1.000000,1.000000,38378,709.499500,0.238700,0.000000,500.897640,0.168527,0.628844,38.735812,39.102118,16,31.222111,39.187905,16
VA234BR_SB,110-10074,behavior_diverse_2_of_5,AM,6.000000,5.000000,38166;38497;40229;40367;38461,4782.220155,1.784929,0.000000,3790.668298,1.408881,2.290682,28.248576,30.366801,12,27.769938,30.479013,12
VA234BR_SB,110-10074,behavior_diverse_2_of_5,MD,6.000000,5.000000,38166;38497;40229;40367;38461,8793.473633,1.620006,0.000000,8558.426450,1.564326,5.613367,23.209145,28.234974,24,21.344157,28.390113,24
VA234BR_SB,110-10074,behavior_diverse_2_of_5,PM,6.000000,5.000000,38166;38497;40229;40367;38461,8247.259702,2.618179,3.792902,6697.260216,2.099970,3.098059,18.936546,23.199864,16,20.218318,23.200418,16
VA234BR_SB,110-10071,behavior_diverse_3_of_5,AM,11.000000,3.000000,38465;38366;40383,362.145211,0.199300,0.000000,632.439939,0.348057,4.035651,23.227452,23.484781,12,23.480157,26.238708,12
VA234BR_SB,110-10071,behavior_diverse_3_of_5,MD,11.000000,3.000000,38465;38366;40383,1000.442797,0.263243,0.000000,1730.846370,0.458080,7.522597,23.118692,23.485478,24,23.185122,26.335845,24
VA234BR_SB,110-10071,behavior_diverse_3_of_5,PM,11.000000,3.000000,38465;38366;40383,812.515404,0.283375,3.795223,1324.804927,0.458064,6.721785,23.050020,23.799333,16,20.169250,23.108338,16
VA234BR_SB,110N10071,behavior_diverse_4_of_5,AM,11.500000,1.000000,40764,533.088600,0.219800,0.000000,1183.939210,0.488126,5.363641,16.830241,17.328332,12,13.115920,18.643095,12
VA234BR_SB,110N10071,behavior_diverse_4_of_5,MD,11.500000,1.000000,40764,1889.574600,0.426700,0.000000,3077.722900,0.695053,8.611274,15.117841,17.328144,24,14.218963,19.276561,24
VA234BR_SB,110N10071,behavior_diverse_4_of_5,PM,11.500000,1.000000,40764,1615.339800,0.544300,3.650273,2465.848880,0.830955,5.626679,13.552790,15.105189,16,10.824313,15.113329,16
VA234BR_SB,110-10069,corridor_end,AM,14.000000,6.000000,38422;38437;38690;40809;40166;38379,1002.162370,0.567302,3.242543,1326.204980,0.750959,4.313394,30.361900,32.373324,12,30.354717,32.026090,12
VA234BR_SB,110-10069,corridor_end,MD,14.000000,6.000000,38422;38437;38690;40809;40166;38379,2521.418704,0.756804,0.000000,3133.696071,0.937737,3.424451,30.943089,30.982582,24,30.997716,33.473083,24
VA234BR_SB,110-10069,corridor_end,PM,14.000000,6.000000,38422;38437;38690;40809;40166;38379,2273.951364,0.937220,4.583531,2444.522159,1.009295,4.942660,31.020968,32.848043,16,31.018833,32.748892,16
VA234_NB,110+10058,corridor_start,AM,2.000000,1.000000,38536,4025.323800,0.863900,0.000000,4038.267580,0.866680,3.404670,26.663259,27.731436,12,26.860839,29.975567,12
VA234_NB,110+10058,corridor_start,MD,2.000000,1.000000,38536,9290.947100,0.937000,0.000000,9505.332030,0.958584,6.918969,26.661018,28.823764,24,26.706174,32.180043,24
VA234_NB,110+10058,corridor_start,PM,2.000000,1.000000,38536,4518.081600,0.697500,0.000000,5336.209960,0.823834,5.354762,27.763003,28.823514,16,27.875305,31.470091,16
VA234_NB,110+10062,behavior_diverse_2_of_5,AM,8.000000,3.000000,40825;40850;39529,3952.972791,0.946556,2.547696,3789.658494,0.908020,2.443642,35.482665,48.717734,12,35.695292,48.727973,12
VA234_NB,110+10062,behavior_diverse_2_of_5,MD,8.000000,3.000000,40825;40850;39529,7321.395891,0.955578,1.772098,7179.280349,0.937033,1.737428,38.134088,45.604627,24,38.132937,45.709964,24
VA234_NB,110+10062,behavior_diverse_2_of_5,PM,8.000000,3.000000,40825;40850;39529,6344.256917,1.073461,0.000000,5373.031570,0.909268,2.194148,38.111577,45.977998,16,38.245941,46.445393,16
VA234_NB,110+10066,behavior_diverse_3_of_5,AM,15.000000,1.000000,38376,3206.658700,0.530700,0.000000,3225.074950,0.533766,1.645636,55.005149,58.341740,12,32.848543,58.250557,12
VA234_NB,110+10066,behavior_diverse_3_of_5,MD,15.000000,1.000000,38376,5601.209500,0.437700,0.000000,5503.126460,0.430076,2.632507,54.991239,55.037228,24,33.738830,55.024132,24
VA234_NB,110+10066,behavior_diverse_3_of_5,PM,15.000000,1.000000,38376,4502.598800,0.521600,0.000000,3864.997800,0.447710,1.886823,55.041049,56.745137,16,28.116442,56.699791,16
VA234_NB,110+17245,behavior_diverse_4_of_5,AM,18.001000,3.000000,39272;39228;40727,2554.942782,0.703233,0.000000,3759.215425,1.032230,3.802724,32.356522,38.813475,12,21.606118,38.824951,12
VA234_NB,110+17245,behavior_diverse_4_of_5,MD,18.001000,3.000000,39272;39228;40727,5696.432423,0.622792,0.000000,7488.081810,0.819267,7.207557,23.871304,32.322036,24,21.643005,32.794298,24
VA234_NB,110+17245,behavior_diverse_4_of_5,PM,18.001000,3.000000,39272;39228;40727,4281.651876,0.845661,3.648549,5547.353995,1.095149,4.723328,17.469334,44.592239,16,16.065839,44.308287,16
VA234_NB,110+13275,corridor_end,AM,22.000000,14.000000,38643;39925;38800;39927;38645;39251;38783;39940;39943;39945;38937;39915;40781;40045,422.542005,0.223854,0.000000,401.456298,0.209218,0.627698,43.439576,45.482752,12,39.384805,48.083467,12
VA234_NB,110+13275,corridor_end,MD,22.000000,14.000000,38643;39925;38800;39927;38645;39251;38783;39940;39943;39945;38937;39915;40781;40045,1215.007310,0.283937,0.000000,1099.224042,0.256829,1.542073,43.431748,44.132132,24,37.048489,47.607879,24
VA234_NB,110+13275,corridor_end,PM,22.000000,14.000000,38643;39925;38800;39927;38645;39251;38783;39940;39943;39945;38937;39915;40781;40045,1444.329735,0.485630,0.000000,1351.016320,0.455969,1.856804,44.133142,44.271867,16,35.275635,45.141413,16
VA234_SB,110-13274,corridor_start,AM,1.000000,14.000000,38669;40047;40780;39914;38938;39946;39942;39939;38781;39250;38646;39928;38799;39924,1305.626872,0.556716,0.000000,1149.065563,0.489858,1.500958,44.312681,48.427993,12,34.972454,48.485864,12
VA234_SB,110-13274,corridor_start,MD,1.000000,14.000000,38669;40047;40780;39914;38938;39946;39942;39939;38781;39250;38646;39928;38799;39924,1461.751694,0.321071,0.000000,1274.935655,0.279994,1.683727,44.296405,45.209959,24,36.864506,47.465598,24
VA234_SB,110-13274,corridor_start,PM,1.000000,14.000000,38669;40047;40780;39914;38938;39946;39942;39939;38781;39250;38646;39928;38799;39924,924.298124,0.311388,0.000000,827.453195,0.274863,1.110741,45.211503,45.491118,16,37.007838,47.412111,16
VA234_SB,110N17246,behavior_diverse_2_of_5,AM,5.001000,1.000000,39207,4611.754600,0.616800,0.000000,5036.801270,0.673685,2.093324,60.209025,60.750458,12,34.917713,60.676199,12
VA234_SB,110N17246,behavior_diverse_2_of_5,MD,5.001000,1.000000,39207,8326.806800,0.540300,0.000000,9862.581050,0.639969,3.927420,60.206805,60.250609,24,35.653226,60.236996,24
VA234_SB,110N17246,behavior_diverse_2_of_5,PM,5.001000,1.000000,39207,5229.347600,0.524000,0.000000,6834.797850,0.684895,2.873258,60.253489,61.534120,16,32.068603,61.472001,16
VA234_SB,110-10066,behavior_diverse_3_of_5,AM,6.000000,1.000000,39278,2648.072300,0.413300,0.000000,2480.671390,0.387216,1.200748,55.659143,57.059218,12,37.854459,57.072056,12
VA234_SB,110-10066,behavior_diverse_3_of_5,MD,6.000000,1.000000,39278,5638.150800,0.414900,0.000000,4939.112300,0.363484,2.220618,52.667538,55.650493,24,37.985084,55.762141,24
VA234_SB,110-10066,behavior_diverse_3_of_5,PM,6.000000,1.000000,39278,4327.812900,0.747100,0.000000,4488.894530,0.774955,2.155162,52.667133,53.808342,16,29.066899,53.832172,16
VA234_SB,110-17245,behavior_diverse_4_of_5,AM,7.001000,1.000000,40921,4125.514100,0.712600,0.000000,4066.875490,0.702517,2.191112,49.373155,52.177042,12,32.690145,52.143916,12
VA234_SB,110-17245,behavior_diverse_4_of_5,MD,7.001000,1.000000,40921,8613.595100,0.338600,0.000000,7894.818360,0.310303,0.897662,33.686168,49.346152,24,32.406528,49.675828,24
VA234_SB,110-17245,behavior_diverse_4_of_5,PM,7.001000,1.000000,40921,4363.171300,0.749800,3.226877,6275.054200,1.078395,4.645221,20.094396,51.388770,16,18.079752,51.333446,16
VA234_SB,110-10057,corridor_end,AM,21.000000,1.000000,38979,3960.868400,1.204700,0.000000,2933.605470,0.892243,2.736111,26.723581,30.252933,12,26.926004,33.209719,12
VA234_SB,110-10057,corridor_end,MD,21.000000,1.000000,38979,5945.400800,0.551700,0.000000,9666.600590,0.896946,10.288254,22.772840,26.705439,24,22.835974,28.612340,24
VA234_SB,110-10057,corridor_end,PM,21.000000,1.000000,38979,4367.020400,0.832600,3.425057,6456.164550,1.230938,5.068704,16.359133,23.152290,16,14.329874,23.165887,16
VA235_EB,110+10822,all_1_of_4,AM,1.000000,4.000000,29123;34876;35009;34865,896.280458,0.437751,0.000000,1345.709481,0.657485,2.003629,34.781912,37.649474,12,30.295512,37.963850,12
VA235_EB,110+10822,all_1_of_4,MD,1.000000,4.000000,29123;34876;35009;34865,2349.563141,0.563679,0.000000,2447.269104,0.584356,3.551608,34.770267,35.111833,24,30.769118,36.517503,24
VA235_EB,110+10822,all_1_of_4,PM,1.000000,4.000000,29123;34876;35009;34865,2064.725820,0.712726,0.000000,2515.124713,0.868244,3.516817,35.112820,35.398716,16,29.845909,35.419462,16
VA235_EB,110P10821,all_2_of_4,AM,1.500000,1.000000,34883,1046.518200,0.417200,2.998247,1041.326660,0.415132,2.983066,20.691189,24.074954,12,20.720246,24.075806,12
VA235_EB,110P10823,all_3_of_4,AM,1.500000,1.000000,29068,1079.539700,0.684400,0.000000,1635.100830,1.036652,4.214017,16.200207,24.355426,12,16.126795,24.942730,12
VA235_EB,110P10821,all_2_of_4,MD,1.500000,1.000000,34883,2572.269700,0.547200,0.000000,2588.656010,0.550640,6.147072,24.065898,24.093879,24,22.222348,25.506491,24
VA235_EB,110P10823,all_3_of_4,MD,1.500000,1.000000,29068,2326.134100,0.874700,0.000000,1839.737920,0.691774,4.398184,14.669237,16.166268,24,14.784831,23.149021,24
VA235_EB,110P10821,all_2_of_4,PM,1.500000,1.000000,34883,2092.480500,0.601800,0.000000,1954.214480,0.562057,3.809197,23.956329,24.065626,16,22.560823,25.708835,16
VA235_EB,110P10823,all_3_of_4,PM,1.500000,1.000000,29068,2551.034500,1.519500,3.881072,2586.605470,1.540719,3.936539,13.769280,20.479743,16,13.671923,20.478958,16
VA235_EB,110+10823,all_4_of_4,AM,2.000000,3.000000,34852;34849;29071,665.051131,0.346905,0.000000,1095.115248,0.571225,1.453243,30.473354,35.859255,12,30.679229,37.589230,12
VA235_EB,110+10823,all_4_of_4,MD,2.000000,3.000000,34852;34849;29071,1497.136137,0.598074,0.000000,1356.656933,0.541901,0.371125,30.070779,30.451584,24,30.132736,39.296164,24
VA235_EB,110+10823,all_4_of_4,PM,2.000000,3.000000,34852;34849;29071,1670.724917,0.850148,3.134025,2101.458178,1.065556,4.087883,28.682600,31.970336,16,27.786290,31.969994,16
VA235_NB,110+56099,only,AM,2.000000,2.000000,29126;34842,868.810400,0.653500,0.000000,870.102600,0.654438,2.898351,24.378925,31.457348,12,24.560705,32.072907,12
VA235_NB,110+56099,only,MD,2.000000,2.000000,29126;34842,1737.579100,0.664787,0.000000,1966.148800,0.752268,7.022878,24.351635,26.116013,24,24.397431,27.926067,24
VA235_NB,110+56099,only,PM,2.000000,2.000000,29126;34842,1159.929500,0.670139,3.457674,1479.891600,0.855053,4.438164,26.355668,27.764091,16,25.759354,33.005678,16
VA235_SB,110-56098,only,AM,2.000000,2.000000,29111;34843,544.187000,0.459461,0.000000,628.295900,0.530485,3.386960,27.976062,31.005139,12,28.134768,32.102788,12
VA235_SB,110-56098,only,MD,2.000000,2.000000,29111;34843,1453.150500,0.553396,0.000000,1735.691650,0.661008,7.667139,26.214358,27.962189,24,26.255126,30.022939,24
VA235_SB,110-56098,only,PM,2.000000,2.000000,29111;34843,1197.000500,0.715765,3.731698,1382.341310,0.826589,4.324901,26.887727,28.144554,16,26.637288,27.495242,16
VA235_WB,110-10822,all_1_of_4,AM,1.000000,3.000000,29069;29072;34850,1147.536863,0.546575,0.000000,1183.191721,0.565081,1.713956,34.407360,41.770960,12,31.118589,41.844919,12
VA235_WB,110-10822,all_1_of_4,MD,1.000000,3.000000,29069;29072;34850,2084.781002,0.530565,0.000000,1997.151911,0.508163,3.081718,32.097253,34.375731,24,31.043660,37.055228,24
VA235_WB,110-10822,all_1_of_4,PM,1.000000,3.000000,29069;29072;34850,1747.964895,0.741329,0.000000,1990.378296,0.844158,0.757306,32.098885,33.803043,16,32.207414,36.800031,16
VA235_WB,110N10821,all_2_of_4,AM,1.500000,1.000000,29124,1149.061100,0.497500,0.000000,1050.835570,0.454928,2.763361,18.478662,18.771006,12,17.981525,21.304955,12
VA235_WB,110N10823,all_3_of_4,AM,1.500000,1.000000,29066,1595.170700,1.115000,0.000000,1479.356200,1.034094,2.755038,24.569010,29.440644,12,24.705640,30.193083,12
VA235_WB,110N10821,all_2_of_4,MD,1.500000,1.000000,29124,2758.483300,0.561700,0.000000,2622.227780,0.533985,5.958684,18.772285,18.884868,24,17.145365,20.795776,24
VA235_WB,110N10823,all_3_of_4,MD,1.500000,1.000000,29066,3004.910400,1.104100,0.000000,2636.494140,0.968766,5.011424,23.134269,24.548184,24,23.202586,27.430741,24
VA235_WB,110N10821,all_2_of_4,PM,1.500000,1.000000,29124,2303.942600,0.717600,4.092153,2099.651860,0.653935,3.723738,16.968412,19.214626,16,17.320501,19.211660,16
VA235_WB,110N10823,all_3_of_4,PM,1.500000,1.000000,29066,2767.650300,1.499700,0.000000,3052.419190,1.654027,4.321334,23.135911,24.464882,16,23.223531,25.878835,16
VA235_WB,110-10821,all_4_of_4,AM,2.000000,4.000000,34853;34866;35010;34875,1236.012815,0.601504,0.000000,1383.013848,0.676168,2.060491,34.700924,39.558653,12,30.220892,39.641859,12
VA235_WB,110-10821,all_4_of_4,MD,2.000000,4.000000,34853;34866;35010;34875,2819.032784,0.679423,0.000000,2937.693510,0.708118,4.317269,33.122931,34.680001,24,30.153229,35.444310,24
VA235_WB,110-10821,all_4_of_4,PM,2.000000,4.000000,34853;34866;35010;34875,2350.649847,0.820537,0.000000,2336.597966,0.817494,3.307128,33.125215,34.791306,16,30.034025,34.969165,16
VA236_EB,110+10077,corridor_start,AM,2.000000,4.000000,29786;34707;29819;34704,5674.401303,2.166244,0.000000,3940.243265,1.502149,2.303511,22.681526,28.071196,12,22.863257,28.979326,12
VA236_EB,110+10077,corridor_start,MD,2.000000,4.000000,29786;34707;29819;34704,5998.750261,0.967907,0.000000,7834.585867,1.262350,7.920645,20.915834,22.658305,24,18.534881,23.611169,24
VA236_EB,110+10077,corridor_start,PM,2.000000,4.000000,29786;34707;29819;34704,6455.783823,1.914122,4.293052,5845.723284,1.727782,3.878109,19.925103,22.499592,16,20.635109,26.845415,16
VA236_EB,110+06688,behavior_diverse_2_of_5,AM,7.000000,3.000000,29591;29590;31564,6882.819649,1.018120,0.000000,6034.529463,0.892265,2.775376,37.843429,43.288368,12,32.926497,43.342993,12
VA236_EB,110+06688,behavior_diverse_2_of_5,MD,7.000000,3.000000,29591;29590;31564,9893.534933,0.814163,0.000000,10224.382757,0.841783,5.177254,36.782100,37.820727,24,34.240826,39.298369,24
VA236_EB,110+06688,behavior_diverse_2_of_5,PM,7.000000,3.000000,29591;29590;31564,8667.242868,1.036809,0.000000,7117.163862,0.850625,3.573830,36.783847,37.990802,16,30.387017,38.734727,16
VA236_EB,110P06688,behavior_diverse_3_of_5,AM,8.000000,1.000000,31696,4656.285000,0.922500,0.000000,4044.817140,0.801379,2.464935,38.466198,41.737004,12,24.651577,41.656940,12
VA236_EB,110P06688,behavior_diverse_3_of_5,MD,8.000000,1.000000,31696,9070.786200,0.893100,0.000000,8550.941410,0.841923,5.161553,35.859866,38.450483,24,25.636527,38.449438,24
VA236_EB,110P06688,behavior_diverse_3_of_5,PM,8.000000,1.000000,31696,6385.981900,0.919600,3.618525,5980.408690,0.861210,3.384053,22.738239,35.846990,16,23.015671,35.861699,16
VA236_EB,110+06694,behavior_diverse_4_of_5,AM,18.000000,3.000000,27877;28518;28514,2434.310213,0.577801,0.000000,3330.300374,0.790419,3.858850,22.098262,28.456909,12,18.663913,28.521950,12
VA236_EB,110+06694,behavior_diverse_4_of_5,MD,18.000000,3.000000,27877;28518;28514,5359.269397,0.790966,0.000000,7149.024764,1.055561,6.865906,14.514947,22.065096,24,14.128772,22.483157,24
VA236_EB,110+06694,behavior_diverse_4_of_5,PM,18.000000,3.000000,27877;28518;28514,4804.221438,0.954861,3.534207,6238.514103,1.239770,4.616643,12.164848,17.059387,16,10.854553,17.058873,16
VA236_EB,110+06697,corridor_end,AM,23.000000,2.000000,27772;27776,537.776200,0.360900,0.000000,1308.831420,0.878430,7.532725,11.150392,14.849647,12,5.160361,15.073786,12
VA236_EB,110+06697,corridor_end,MD,23.000000,2.000000,27772;27776,1219.416800,0.434200,0.000000,2614.213870,0.930821,12.588376,11.135087,11.301109,24,5.739162,12.005062,24
VA236_EB,110+06697,corridor_end,PM,23.000000,2.000000,27772;27776,701.191900,0.428400,0.000000,1923.031130,1.174817,8.199567,11.191764,11.301025,16,6.114114,12.053524,16
VA236_WB,110-06696,corridor_start,AM,1.000000,2.000000,27725;27777,471.343000,0.355667,0.000000,1065.458740,0.804035,6.245281,11.200524,12.075566,12,6.323719,12.610153,12
VA236_WB,110-06696,corridor_start,MD,1.000000,2.000000,27725;27777,1053.086400,0.364800,0.000000,2562.088130,0.887541,14.273420,9.832429,12.076919,24,4.781979,12.691594,24
VA236_WB,110-06696,corridor_start,PM,1.000000,2.000000,27725;27777,673.711200,0.424900,0.000000,1870.843750,1.179935,9.155313,9.835215,12.019508,16,4.249554,12.308711,16
VA236_WB,110-06688,behavior_diverse_2_of_5,AM,15.000000,2.000000,28835;34243,5730.419043,2.007157,0.000000,4300.627146,1.506363,1.386848,32.052620,32.911587,12,28.192778,33.290818,12
VA236_WB,110-06688,behavior_diverse_2_of_5,MD,15.000000,2.000000,28835;34243,9250.407717,1.017365,0.000000,8951.459581,0.984469,6.074712,32.050046,33.042487,24,24.906331,33.031604,24
VA236_WB,110-06688,behavior_diverse_2_of_5,PM,15.000000,2.000000,28835;34243,10709.978870,1.766426,0.000000,6740.949303,1.111783,4.668645,33.045510,33.945615,16,22.395828,33.907753,16
VA236_WB,110N06688,behavior_diverse_3_of_5,AM,16.000000,1.000000,31691,4244.422100,0.828000,0.000000,3646.987550,0.711456,2.182756,40.756512,42.176121,12,25.074672,42.078151,12
VA236_WB,110N06688,behavior_diverse_3_of_5,MD,16.000000,1.000000,31691,9532.488500,0.902100,0.000000,8465.711910,0.801158,4.901550,41.656923,42.181520,24,25.870236,42.168412,24
VA236_WB,110N06688,behavior_diverse_3_of_5,PM,16.000000,1.000000,31691,11207.947000,1.586200,0.000000,6817.099120,0.964791,4.039347,41.657401,42.093600,16,23.015029,41.985047,16
VA236_WB,110-06686,behavior_diverse_4_of_5,AM,18.000000,2.000000,29593;34478,4880.856368,1.190392,2.778213,4531.245306,1.105149,2.578214,22.117254,36.016726,12,22.168270,36.022453,12
VA236_WB,110-06686,behavior_diverse_4_of_5,MD,18.000000,2.000000,29593;34478,10412.550222,0.923308,0.000000,9593.317437,0.850514,6.582057,21.485740,29.052666,24,21.556954,31.012501,24
VA236_WB,110-06686,behavior_diverse_4_of_5,PM,18.000000,2.000000,29593;34478,11056.392278,1.326716,0.000000,7268.712904,0.872228,3.571340,29.068180,32.587856,16,29.198518,34.082137,16
VA236_WB,110-10076,corridor_end,AM,22.000000,4.000000,29844;34703;29820;34706,3976.067066,1.405158,0.000000,3855.831410,1.365030,3.207291,23.056353,26.709183,12,23.128329,27.191951,12
VA236_WB,110-10076,corridor_end,MD,22.000000,4.000000,29844;34703;29820;34706,7420.012417,1.267485,0.000000,7983.229538,1.365174,6.851509,21.510591,23.040240,24,21.233806,24.340226,24
VA236_WB,110-10076,corridor_end,PM,22.000000,4.000000,29844;34703;29820;34706,8474.063193,2.684257,4.521053,5873.162688,1.860646,3.116858,15.634627,23.126469,16,17.612161,23.118389,16
VA237_EB,110P18838,corridor_start,AM,1.000000,1.000000,26349,1880.963600,0.821200,0.000000,4148.103030,1.810891,5.716738,16.055059,20.773426,12,11.298569,21.095122,12
VA237_EB,110P18838,corridor_start,MD,1.000000,1.000000,26349,8523.853900,2.523300,0.000000,8589.020510,2.542597,6.214312,16.036358,16.452011,24,14.984094,18.015496,24
VA237_EB,110P18838,corridor_start,PM,1.000000,1.000000,26349,5852.432100,2.586600,4.273144,6136.079100,2.711997,4.487138,13.188600,16.450574,16,12.873913,16.449217,16
VA237_EB,110+13613,behavior_diverse_2_of_5,AM,2.000000,6.000000,25757;26970;25760;26972;25765;25800,2000.687433,2.561099,0.000000,1197.643112,1.527615,1.342791,18.596334,23.637699,12,18.904960,27.638558,12
VA237_EB,110+13613,behavior_diverse_2_of_5,MD,2.000000,6.000000,25757;26970;25760;26972;25765;25800,1088.497398,0.605415,0.000000,1333.094741,0.746517,6.187899,18.182854,18.575919,24,17.611778,20.590226,24
VA237_EB,110+13613,behavior_diverse_2_of_5,PM,2.000000,6.000000,25757;26970;25760;26972;25765;25800,2182.816762,2.098749,0.000000,1307.569376,1.251770,1.641028,18.185018,19.294065,16,18.366939,26.234822,16
VA237_EB,110+13614,behavior_diverse_3_of_5,AM,4.000000,4.000000,26974;25776;26572;27322,2509.852993,3.516568,0.000000,1319.521809,1.845846,1.216193,21.636277,26.895623,12,21.882855,28.840312,12
VA237_EB,110+13614,behavior_diverse_3_of_5,MD,4.000000,4.000000,26974;25776;26572;27322,1658.981489,0.827461,0.000000,1759.682869,0.878550,5.544730,21.615511,22.235636,24,21.075475,23.784456,24
VA237_EB,110+13614,behavior_diverse_3_of_5,PM,4.000000,4.000000,26974;25776;26572;27322,2892.966786,2.936695,3.083408,1442.194983,1.462245,1.515358,19.481574,23.006390,16,22.242526,23.384978,16
VA237_EB,110+18841,behavior_diverse_4_of_5,AM,5.000000,3.000000,26037;27068;26025,2026.846667,1.209680,0.000000,2175.307697,1.298131,2.935113,14.351073,22.323100,12,13.135828,22.690343,12
VA237_EB,110+18841,behavior_diverse_4_of_5,MD,5.000000,3.000000,26037;27068;26025,3211.030053,0.895780,0.000000,3691.369401,1.029630,7.019171,14.320027,16.560392,24,12.257052,17.563058,24
VA237_EB,110+18841,behavior_diverse_4_of_5,PM,5.000000,3.000000,26037;27068;26025,2601.052827,1.345520,0.000000,2909.091473,1.504363,3.414817,16.160671,16.561757,16,14.518716,18.933867,16
VA237_EB,110+18842,corridor_end,AM,7.000000,3.000000,26023;27062;26019,3384.007891,1.890266,0.000000,2821.473021,1.575767,2.326894,21.834812,24.559609,12,21.689216,25.803876,12
VA237_EB,110+18842,corridor_end,MD,7.000000,3.000000,26023;27062;26019,4275.531687,1.133875,0.000000,3996.356027,1.059777,5.475226,20.736729,21.822850,24,20.702756,23.329136,24
VA237_EB,110+18842,corridor_end,PM,7.000000,3.000000,26023;27062;26019,4299.900688,1.877797,3.569150,3122.385624,1.362647,2.568505,19.826836,21.123139,16,20.741090,21.743859,16
VA237_NB,110+13630,only,AM,2.000000,5.000000,29609;34592;31025;34663;29656,2234.436464,0.973211,0.000000,2491.528399,1.088175,3.446367,28.470886,29.617184,12,28.276772,30.022431,12
VA237_NB,110+13630,only,MD,2.000000,5.000000,29609;34592;31025;34663;29656,4256.425980,0.989526,0.000000,3751.331035,0.875541,5.504474,28.054356,28.465902,24,28.079713,29.819115,24
VA237_NB,110+13630,only,PM,2.000000,5.000000,29609;34592;31025;34663;29656,2817.216353,0.810955,4.271916,3760.827312,1.082627,5.754281,26.764861,29.070924,16,25.529117,29.066800,16
VA237_SB,110-13629,only,AM,2.000000,5.000000,29860;29657;34664;31024;34591,1264.290095,0.523926,0.000000,1919.878820,0.785956,4.610331,28.263198,30.456070,12,26.379307,30.761414,12
VA237_SB,110-13629,only,MD,2.000000,5.000000,29860;29657;34664;31024;34591,3212.740748,0.749552,0.000000,3639.347346,0.850036,7.012038,25.550520,28.251660,24,25.581448,28.983801,24
VA237_SB,110-13629,only,PM,2.000000,5.000000,29860;29657;34664;31024;34591,3331.617273,1.128358,4.183629,3840.513312,1.302470,4.825664,24.125074,26.669117,16,23.405583,26.670378,16
VA237_WB,110-18841,corridor_start,AM,2.000000,3.000000,27044;26020;27063,1499.636525,0.822244,0.000000,1688.822379,0.926464,3.004512,18.053303,22.377361,12,16.753594,22.988959,12
VA237_WB,110-18841,corridor_start,MD,2.000000,3.000000,27044;26020;27063,2910.918625,0.767394,0.000000,3083.291937,0.812880,5.716544,18.037043,19.591653,24,17.532787,21.204221,24
VA237_WB,110-18841,corridor_start,PM,2.000000,3.000000,27044;26020;27063,4408.341109,2.081331,0.000000,3798.759124,1.791815,3.008930,18.394823,19.590465,16,18.382158,22.416783,16
VA237_WB,110-18840,behavior_diverse_2_of_5,AM,4.000000,3.000000,26021;26027;27069,935.463960,0.493547,2.409480,1589.338290,0.838261,4.229957,14.988736,24.507563,12,12.230249,19.119356,12
VA237_WB,110-18840,behavior_diverse_2_of_5,MD,4.000000,3.000000,26021;26027;27069,2194.379540,0.580033,0.000000,3243.512352,0.857149,8.346842,14.681938,18.251375,24,11.081702,18.878254,24
VA237_WB,110-18840,behavior_diverse_2_of_5,PM,4.000000,3.000000,26021;26027;27069,3537.891207,1.996420,0.000000,3033.838670,1.711690,2.587241,17.093656,18.252346,16,17.273186,22.753833,16
VA237_WB,110-13613,behavior_diverse_3_of_5,AM,11.000000,3.000000,25784;27323;26571,649.767397,0.689046,0.000000,746.030432,0.791828,2.847833,23.205271,29.121968,12,21.773982,29.278411,12
VA237_WB,110-13613,behavior_diverse_3_of_5,MD,11.000000,3.000000,25784;27323;26571,1454.449161,0.740328,0.000000,1550.493795,0.790206,5.410349,22.475482,23.181052,24,22.478469,24.985103,24
VA237_WB,110-13613,behavior_diverse_3_of_5,PM,11.000000,3.000000,25784;27323;26571,3770.874474,3.935680,3.725952,1884.092342,1.966405,1.824086,19.617916,23.532826,16,22.480370,23.555116,16
VA237_WB,110-13612,behavior_diverse_4_of_5,AM,13.000000,7.000000,25777;26975;25798;25766;26971;25759;26969,520.144625,0.552712,0.000000,623.559123,0.664456,2.853485,19.256535,24.840769,12,19.339521,25.668591,12
VA237_WB,110-13612,behavior_diverse_4_of_5,MD,13.000000,7.000000,25777;26975;25798;25766;26971;25759;26969,996.894716,0.542488,0.000000,1230.547583,0.671606,6.114550,19.034097,19.234151,24,18.483896,21.362490,24
VA237_WB,110-13612,behavior_diverse_4_of_5,PM,13.000000,7.000000,25777;26975;25798;25766;26971;25759;26969,2554.281007,2.360964,3.660885,1715.350278,1.580742,2.424776,20.326011,26.717657,16,21.310345,21.641343,16
VA237_WB,110-51887,corridor_end,AM,13.500000,1.000000,25754,2925.195600,3.939200,2.785089,1505.613160,2.027503,1.408815,13.880787,22.744419,12,16.472937,22.757601,12
VA237_WB,110-51887,corridor_end,MD,13.500000,1.000000,25754,5114.381800,3.113600,0.000000,3444.101810,2.096768,3.918617,16.215343,18.792206,24,16.299358,22.716319,24
VA237_WB,110-51887,corridor_end,PM,13.500000,1.000000,25754,5084.242500,4.931100,0.000000,2476.446780,2.401866,1.843397,18.798728,20.546345,16,18.965149,25.884931,16
VA241_NB,110P10938,all_1_of_4,AM,1.000000,1.000000,29083,82.074300,0.001200,0.000000,74.561440,0.001045,0.002907,28.875806,30.208184,12,15.450369,30.023159,12
VA241_NB,110P10938,all_1_of_4,MD,1.000000,1.000000,29083,203.901400,0.001400,0.000000,212.205000,0.001459,0.008660,27.475715,28.869052,24,14.577423,28.826166,24
VA241_NB,110P10938,all_1_of_4,PM,1.000000,1.000000,29083,177.739500,0.001800,0.000000,166.130620,0.001710,0.008108,22.144056,27.462479,16,13.750703,27.387970,16
VA241_NB,110+10085,all_2_of_4,AM,2.000000,3.000000,4904;34407;35677,1132.553214,0.511115,0.000000,1613.893475,0.731622,3.716157,24.622156,28.221135,12,16.701706,28.211291,12
VA241_NB,110+10085,all_2_of_4,MD,2.000000,3.000000,4904;34407;35677,2435.509778,0.585675,0.000000,3156.637283,0.761950,7.003364,24.607903,24.951335,24,17.074339,24.988816,24
VA241_NB,110+10085,all_2_of_4,PM,2.000000,3.000000,4904;34407;35677,1820.020460,0.677485,3.611609,2270.454334,0.848883,4.255753,16.188250,24.908267,16,15.654602,24.907654,16
VA241_NB,110P10085,all_3_of_4,AM,3.000000,3.000000,32143;31666;28727,6379.135278,1.185075,0.000000,5926.278700,1.095406,3.365548,38.326083,40.136503,12,26.319231,39.995618,12
VA241_NB,110P10085,all_3_of_4,MD,3.000000,3.000000,32143;31666;28727,11115.127858,0.944433,0.000000,10320.066625,0.875158,5.361747,37.867053,38.318423,24,25.327478,38.307177,24
VA241_NB,110P10085,all_3_of_4,PM,3.000000,3.000000,32143;31666;28727,7388.923853,0.994392,0.000000,6982.786918,0.936557,3.790723,37.867547,38.278219,16,26.192574,38.213058,16
VA241_NB,110+10086,all_4_of_4,AM,4.000000,2.000000,27832;27851,5238.643588,0.644888,1.716774,5241.380891,0.645936,1.719592,24.759899,40.077061,12,24.826599,40.077041,12
VA241_NB,110+10086,all_4_of_4,MD,4.000000,2.000000,27832;27851,8875.640388,0.806106,0.000000,8935.720241,0.811981,4.961778,34.649361,37.483719,24,25.603475,37.483234,24
VA241_NB,110+10086,all_4_of_4,PM,4.000000,2.000000,27832;27851,6902.031965,0.952435,0.000000,6264.207259,0.864395,3.489146,36.527340,37.484402,16,26.434322,37.463104,16
VA241_SB,110-10085,all_1_of_4,AM,1.000000,2.000000,27853;27850,3386.947747,0.684771,0.000000,3448.530604,0.697185,2.116849,38.071011,38.708393,12,27.532091,38.671134,12
VA241_SB,110-10085,all_1_of_4,MD,1.000000,2.000000,27853;27850,8655.545459,0.780382,0.000000,8885.548199,0.801064,4.892980,37.092858,38.709398,24,25.651097,38.710391,24
VA241_SB,110-10085,all_1_of_4,PM,1.000000,2.000000,27853;27850,9021.962788,1.349059,0.000000,7640.097194,1.142244,4.652618,37.091546,37.241622,16,25.487723,37.174694,16
VA241_SB,110N10085,all_2_of_4,AM,2.000000,2.000000,27833;28729,3438.026191,0.658276,0.000000,3749.942160,0.710466,2.158449,38.498781,40.579342,12,27.486302,40.544076,12
VA241_SB,110N10085,all_2_of_4,MD,2.000000,2.000000,27833;28729,8581.584630,0.762664,0.000000,8869.625740,0.787806,4.809856,37.298550,38.489265,24,25.712802,38.489917,24
VA241_SB,110N10085,all_2_of_4,PM,2.000000,2.000000,27833;28729,8811.073973,1.274797,0.000000,8881.930516,1.279177,5.229825,37.299974,38.435308,16,25.063611,38.359581,16
VA241_SB,110-10938,all_3_of_4,AM,3.000000,4.000000,32142;29185;35678;34406,1230.776372,0.439676,0.000000,2510.406132,0.907260,5.648490,24.146352,28.811682,12,19.044243,28.852085,12
VA241_SB,110-10938,all_3_of_4,MD,3.000000,4.000000,32142;29185;35678;34406,3192.727724,0.703096,0.000000,4516.147920,1.006770,7.854315,22.747460,24.126381,24,20.014003,24.670958,24
VA241_SB,110-10938,all_3_of_4,PM,3.000000,4.000000,32142;29185;35678;34406,2638.776593,0.784062,3.681501,4259.688443,1.276743,6.199276,19.391859,23.687084,16,15.868784,23.364640,16
VA241_SB,110N10938,all_4_of_4,AM,4.000000,1.000000,35673,1429.968700,0.431400,0.000000,2827.419190,0.852939,5.455609,8.000000,8.000000,1,5.789399,9.259105,12
VA241_SB,110N10938,all_4_of_4,MD,4.000000,1.000000,35673,3418.211900,0.618100,0.000000,4970.794920,0.898886,7.949749,8.000477,8.488693,24,5.938177,9.670060,24
VA241_SB,110N10938,all_4_of_4,PM,4.000000,1.000000,35673,2764.012700,0.756400,3.655163,4518.540530,1.236495,6.037285,7.251996,8.959304,16,5.588828,8.962162,16
VA243_NB,110+13635,all_1_of_4,AM,3.000000,3.000000,30912;34635;30908,2366.690050,1.179713,0.000000,2779.182049,1.379625,3.382130,26.407200,26.686843,12,23.513170,26.877886,12
VA243_NB,110+13635,all_1_of_4,MD,3.000000,3.000000,30912;34635;30908,5460.577860,1.376253,0.000000,5748.685239,1.446007,6.214649,25.266202,26.686553,24,24.320351,27.022709,24
VA243_NB,110+13635,all_1_of_4,PM,3.000000,3.000000,30912;34635;30908,5094.672160,2.084273,3.933296,4544.902815,1.855970,3.504858,23.090925,26.663185,16,23.667097,26.662255,16
VA243_NB,110P13635,all_2_of_4,AM,4.000000,1.000000,31783,1577.023600,0.776600,2.577204,1750.662350,0.862113,2.868794,23.652836,26.878394,12,23.196416,26.868610,12
VA243_NB,110P13635,all_2_of_4,MD,4.000000,1.000000,31783,3333.488900,0.812600,0.000000,2981.902590,0.726872,4.853002,24.705585,24.833106,24,24.597599,26.957537,24
VA243_NB,110P13635,all_2_of_4,PM,4.000000,1.000000,31783,3581.879900,1.327700,0.000000,2550.433590,0.945355,2.716378,24.707165,25.451759,16,24.820453,27.114714,16
VA243_NB,110+13636,all_3_of_4,AM,5.000000,3.000000,31778;31258;30671,2036.189995,0.850005,0.000000,2836.469718,1.184652,3.979400,21.953410,30.507747,12,18.779284,30.524363,12
VA243_NB,110+13636,all_3_of_4,MD,5.000000,3.000000,31778;31258;30671,5155.109338,1.181278,0.000000,6295.812722,1.440045,7.199804,21.919842,23.266679,24,19.570780,23.847282,24
VA243_NB,110+13636,all_3_of_4,PM,5.000000,3.000000,31778;31258;30671,3528.299976,1.410870,3.630431,4242.291743,1.694319,4.397544,20.639323,23.417515,16,19.446024,23.411346,16
VA243_NB,110+13637,all_4_of_4,AM,6.000000,2.000000,30669;33480,1764.941590,0.731918,0.000000,2331.983644,0.963595,3.898317,21.112685,26.969683,12,20.362925,27.505275,12
VA243_NB,110+13637,all_4_of_4,MD,6.000000,2.000000,30669;33480,4403.689648,0.909190,0.000000,5510.490619,1.137321,7.512195,21.089386,21.306744,24,21.138374,23.428525,24
VA243_NB,110+13637,all_4_of_4,PM,6.000000,2.000000,30669;33480,3146.387449,1.077046,3.727531,3714.195555,1.271516,4.411975,21.309267,22.078342,16,20.621229,22.060240,16
VA243_SB,110-13636,all_1_of_4,AM,2.000000,2.000000,30675;33479,1799.380457,0.727795,0.000000,2573.824864,1.041131,3.618666,26.964596,33.413940,12,27.050561,33.450800,12
VA243_SB,110-13636,all_1_of_4,MD,2.000000,2.000000,30675;33479,4436.941882,0.909833,0.000000,5359.743624,1.098864,7.055319,25.791779,26.937797,24,25.823979,28.527058,24
VA243_SB,110-13636,all_1_of_4,PM,2.000000,2.000000,30675;33479,3619.875856,1.228320,3.695188,3687.674276,1.251189,3.748145,25.818731,27.682168,16,25.816869,27.619488,16
VA243_SB,110-13635,all_2_of_4,AM,3.000000,3.000000,30667;30672;31260,1980.110819,0.880989,0.000000,2693.476034,1.198035,3.387671,25.631901,34.144224,12,23.741878,34.113588,12
VA243_SB,110-13635,all_2_of_4,MD,3.000000,3.000000,30667;30672;31260,5133.934576,1.298957,0.000000,5893.349778,1.488520,6.565470,24.545375,25.597019,24,23.275032,26.077332,24
VA243_SB,110-13635,all_2_of_4,PM,3.000000,3.000000,30667;30672;31260,4128.296211,1.697130,3.608940,4516.584975,1.856416,3.957331,22.280814,26.108715,16,21.775500,26.108928,16
VA243_SB,110N13635,all_3_of_4,AM,4.000000,1.000000,31779,2166.647300,0.976900,0.000000,2871.119870,1.294482,3.599738,26.356413,28.678727,12,23.302113,28.702176,12
VA243_SB,110N13635,all_3_of_4,MD,4.000000,1.000000,31779,5589.247200,1.358800,0.000000,6411.160640,1.558652,6.602150,26.347183,26.355208,24,24.269080,26.742831,24
VA243_SB,110N13635,all_3_of_4,PM,4.000000,1.000000,31779,4463.059200,1.804000,3.748786,4495.620610,1.817152,3.777027,24.103556,26.354355,16,24.078100,26.353776,16
VA243_SB,110-13634,all_4_of_4,AM,5.000000,3.000000,31782;30909;34636,2578.067450,1.236613,2.806615,2381.829291,1.142535,2.586184,16.165364,23.348666,12,16.755102,23.349502,12
VA243_SB,110-13634,all_4_of_4,MD,5.000000,3.000000,31782;30909;34636,4681.535283,1.121630,0.000000,4120.661949,0.987248,4.797071,18.800397,20.877714,24,18.871655,22.967047,24
VA243_SB,110-13634,all_4_of_4,PM,5.000000,3.000000,31782;30909;34636,4694.103397,2.018870,0.000000,3200.392279,1.376909,2.490645,20.881173,21.494078,16,21.028667,24.570455,16
VA244_EB,110+13705,corridor_start,AM,1.500000,2.000000,34461;34309,2261.656409,0.793173,0.000000,2420.716238,0.849088,3.664859,22.306466,24.735134,12,22.567495,27.816773,12
VA244_EB,110+13705,corridor_start,MD,1.500000,2.000000,34461;34309,3469.755182,0.634164,0.000000,4124.906185,0.754026,7.712178,21.133269,22.295599,24,21.212066,25.827444,24
VA244_EB,110+13705,corridor_start,PM,1.500000,2.000000,34461;34309,3071.400582,0.842973,4.308365,3224.184391,0.885051,4.528871,20.850901,23.633839,16,20.845033,23.384582,16
VA244_EB,110+13706,behavior_diverse_2_of_5,AM,2.000000,2.000000,28818;34282,3478.301940,0.772152,0.000000,3732.286720,0.828573,2.584275,32.365542,34.233878,12,31.924636,35.598321,12
VA244_EB,110+13706,behavior_diverse_2_of_5,MD,2.000000,2.000000,28818;34282,5506.285531,0.713255,0.000000,5675.605068,0.735213,4.509956,32.358179,32.799078,24,32.426983,35.697034,24
VA244_EB,110+13706,behavior_diverse_2_of_5,PM,2.000000,2.000000,28818;34282,4814.900515,0.825248,0.000000,4487.588188,0.769203,3.222430,32.704982,32.799311,16,30.947759,35.031550,16
VA244_EB,110+10945,behavior_diverse_3_of_5,AM,6.000000,2.000000,28922;34144,3054.741811,1.105611,0.000000,3079.871340,1.114728,2.930735,25.648543,27.987662,12,24.051213,28.109231,12
VA244_EB,110+10945,behavior_diverse_3_of_5,MD,6.000000,2.000000,28922;34144,3500.164689,0.691944,0.000000,4020.284749,0.794813,6.668971,23.615491,25.637128,24,21.094741,26.194424,24
VA244_EB,110+10945,behavior_diverse_3_of_5,PM,6.000000,2.000000,28922;34144,2993.699100,0.911089,3.690494,3364.208823,1.023849,4.157410,20.901341,23.612152,16,20.385595,23.608819,16
VA244_EB,110+10950,behavior_diverse_4_of_5,AM,13.000000,4.000000,26120;26218;26124;27197,2091.438706,0.715030,0.000000,3313.085751,1.131755,4.141025,14.490182,18.134434,12,12.082353,18.876529,12
VA244_EB,110+10950,behavior_diverse_4_of_5,MD,13.000000,4.000000,26120;26218;26124;27197,2779.811570,0.501548,0.000000,4334.235379,0.776515,8.913143,13.966141,14.475187,24,10.482811,15.845428,24
VA244_EB,110+10950,behavior_diverse_4_of_5,PM,13.000000,4.000000,26120;26218;26124;27197,2453.972342,0.730865,3.536674,3374.214672,1.001601,4.999867,13.892002,27.101392,16,12.225260,16.314468,16
VA244_EB,110P10952,corridor_end,AM,18.000000,2.000000,27077;26844,1187.681960,0.521910,0.000000,2656.453981,1.162403,5.252892,16.860623,18.535612,12,12.115901,19.213671,12
VA244_EB,110P10952,corridor_end,MD,18.000000,2.000000,27077;26844,1044.068590,0.370150,4.866044,1297.604374,0.460058,6.125962,16.871201,18.130576,24,15.907508,18.130034,24
VA244_EB,110P10952,corridor_end,PM,18.000000,2.000000,27077;26844,1946.009540,0.809400,0.000000,2702.868371,1.108250,4.282489,18.134946,19.759877,16,16.764919,21.034897,16
VA244_WB,110N10952,corridor_start,AM,1.000000,2.000000,27080;26838,836.197964,0.469473,0.000000,416.582195,0.233662,0.682212,16.239377,17.189206,12,16.576281,33.986050,12
VA244_WB,110N10952,corridor_start,MD,1.000000,2.000000,27080;26838,1867.782109,0.474836,0.000000,946.560675,0.240629,1.388887,17.194399,18.553568,24,17.277984,34.480815,24
VA244_WB,110N10952,corridor_start,PM,1.000000,2.000000,27080;26838,2502.723036,0.934555,0.000000,2250.915328,0.840877,3.411760,18.430710,18.554670,16,18.561383,25.696652,16
VA244_WB,110N10950,behavior_diverse_2_of_5,AM,4.000000,1.000000,26847,1337.718400,0.578700,0.000000,1493.024170,0.645892,2.991218,15.217701,17.793245,12,14.654482,19.238227,12
VA244_WB,110N10950,behavior_diverse_2_of_5,MD,4.000000,1.000000,26847,3404.382600,0.642200,0.000000,4815.797360,0.908438,7.729179,14.062992,15.206271,24,11.430278,16.513675,24
VA244_WB,110N10950,behavior_diverse_2_of_5,PM,4.000000,1.000000,26847,3498.128000,1.056800,3.373255,4876.874510,1.473371,4.735671,12.028214,14.059470,16,10.423063,14.060106,16
VA244_WB,110-10948,behavior_diverse_3_of_5,AM,6.000000,2.000000,26118;26116,1409.055200,0.555032,0.000000,1758.009770,0.692515,2.123414,15.442347,17.749060,12,15.759441,24.812386,12
VA244_WB,110-10948,behavior_diverse_3_of_5,MD,6.000000,2.000000,26118;26116,3122.735600,0.594800,0.000000,4235.710450,0.806800,4.937507,17.734114,17.758232,24,17.808794,25.746619,24
VA244_WB,110-10948,behavior_diverse_3_of_5,PM,6.000000,2.000000,26118;26116,3464.782100,0.950832,0.000000,4291.686520,1.177797,4.951827,17.374056,17.733295,16,17.481709,22.020958,16
VA244_WB,110-10943,behavior_diverse_4_of_5,AM,14.000000,6.000000,28923;34147;34135;34161;28916;34291,2299.338141,0.823536,0.000000,2364.485861,0.847850,3.100091,27.317133,30.741848,12,27.437654,31.401055,12
VA244_WB,110-10943,behavior_diverse_4_of_5,MD,14.000000,6.000000,28923;34147;34135;34161;28916;34291,5902.631078,0.975416,0.000000,6338.965903,1.049203,6.682413,25.535281,27.301675,24,25.568886,28.770161,24
VA244_WB,110-10943,behavior_diverse_4_of_5,PM,14.000000,6.000000,28923;34147;34135;34161;28916;34291,6964.961907,1.972759,4.119516,6429.527339,1.812551,3.796215,22.424353,26.580401,16,22.820927,26.586469,16
VA244_WB,110N18846,corridor_end,AM,16.500000,1.000000,34460,1011.999600,0.434700,0.000000,1580.268310,0.678726,4.585050,11.128125,11.799905,12,9.693384,13.264636,12
VA244_WB,110N18846,corridor_end,MD,16.500000,1.000000,34460,1925.235800,0.391600,0.000000,3248.781740,0.660858,9.827855,11.150433,11.802045,24,8.667697,13.608442,24
VA244_WB,110N18846,corridor_end,PM,16.500000,1.000000,34460,2029.068700,0.646000,4.069894,2962.965330,0.943269,5.995067,10.765950,11.484892,16,8.603017,11.455935,16
VA253_NB,110+13223,all_1_of_3,AM,2.000000,2.000000,38224;40627,518.736208,0.228928,2.960972,615.882594,0.271894,3.573873,22.584954,23.975786,12,21.814563,23.985569,12
VA253_NB,110+13223,all_1_of_3,MD,2.000000,2.000000,38224;40627,1485.754022,0.321853,0.000000,1717.757358,0.373721,6.598254,23.435337,23.992390,24,23.504313,26.907797,24
VA253_NB,110+13223,all_1_of_3,PM,2.000000,2.000000,38224;40627,1323.037436,0.437975,0.000000,1567.798570,0.518760,4.214399,23.201386,23.434255,16,23.339571,26.072299,16
VA253_NB,110+13224,all_2_of_3,AM,3.000000,1.000000,38238,867.892700,0.391600,0.000000,1412.577390,0.637296,5.121507,25.543348,26.264309,12,20.135492,26.748591,12
VA253_NB,110+13224,all_2_of_3,MD,3.000000,1.000000,38238,2203.124900,0.499800,0.000000,3140.825440,0.712514,8.803881,24.334120,25.539230,24,21.403127,26.234116,24
VA253_NB,110+13224,all_2_of_3,PM,3.000000,1.000000,38238,1589.135800,0.462300,3.912262,2886.280760,0.839657,7.244685,22.933504,25.968009,16,19.379317,25.970156,16
VA253_NB,110P13224,all_3_of_3,AM,4.000000,1.000000,39795,821.860400,0.286600,2.666199,2009.914790,0.701012,6.674665,12.980116,14.713037,12,7.787149,14.719280,12
VA253_NB,110P13224,all_3_of_3,MD,4.000000,1.000000,39795,1702.751200,0.314300,0.000000,3373.200930,0.622676,11.685895,13.757162,13.924913,24,8.612340,15.089194,24
VA253_NB,110P13224,all_3_of_3,PM,4.000000,1.000000,39795,1211.673600,0.307500,0.000000,2954.954100,0.749905,9.433816,13.758338,14.336762,16,7.655044,14.939030,16
VA253_SB,110N13224,all_1_of_3,AM,1.000000,1.000000,40612,441.510000,0.320200,0.000000,1040.654420,0.754631,6.546008,15.753506,18.605811,12,10.974498,19.319782,12
VA253_SB,110N13224,all_1_of_3,MD,1.000000,1.000000,40612,702.090600,0.241800,0.000000,1899.983890,0.654233,15.571917,15.729578,15.742162,24,8.771919,16.618422,24
VA253_SB,110N13224,all_1_of_3,PM,1.000000,1.000000,40612,1844.181900,1.600300,4.112931,1808.389400,1.569279,4.030540,13.279064,16.319522,16,13.458119,16.317029,16
VA253_SB,110-13223,all_2_of_3,AM,2.000000,4.000000,38249;39796;39772;40131,1275.796148,0.559239,0.000000,1585.897383,0.694442,2.108423,26.097373,28.624092,12,26.248574,29.935909,12
VA253_SB,110-13223,all_2_of_3,MD,2.000000,4.000000,38249;39796;39772;40131,2768.833754,0.615810,0.000000,3235.673552,0.718997,4.376721,25.162902,26.086369,24,25.214118,28.277639,24
VA253_SB,110-13223,all_2_of_3,PM,2.000000,4.000000,38249;39796;39772;40131,3247.332782,1.018183,0.000000,2994.639586,0.937290,3.793462,25.164484,26.251939,16,25.211439,27.105607,16
VA253_SB,110-13222,all_3_of_3,AM,3.000000,2.000000,38239;40626,814.781656,0.314439,0.000000,1384.217617,0.533938,4.621508,22.393695,24.581535,12,22.362599,26.124799,12
VA253_SB,110-13222,all_3_of_3,MD,3.000000,2.000000,38239;40626,1623.225461,0.379731,0.000000,1858.619718,0.436182,6.148651,22.967737,24.588966,24,23.035526,27.171347,24
VA253_SB,110-13222,all_3_of_3,PM,3.000000,2.000000,38239;40626,2005.730344,0.628758,4.575389,1525.100262,0.478187,3.460021,21.434506,22.956846,16,21.455596,23.351200,16
VA267_EB,110-17099,corridor_start,AM,1.000000,1.000000,36697,2162.062600,0.112200,0.000000,3699.736330,0.191969,0.669419,65.825596,66.576946,12,34.805040,66.774086,12
VA267_EB,110-17099,corridor_start,MD,1.000000,1.000000,36697,1879.521900,0.053800,0.000000,1486.330570,0.042524,0.272794,64.240162,66.577687,24,57.188242,68.195495,24
VA267_EB,110-17099,corridor_start,PM,1.000000,1.000000,36697,912.523200,0.043000,0.000000,1289.569340,0.060797,0.241696,62.338979,64.233549,16,58.546057,67.590685,16
VA267_EB,110-04238,behavior_diverse_2_of_5,AM,16.000000,1.000000,36625,3050.940900,0.152500,0.000000,10758.721680,0.537620,1.874743,53.563618,55.823521,12,26.699002,56.709691,12
VA267_EB,110-04238,behavior_diverse_2_of_5,MD,16.000000,1.000000,36625,959.773700,0.042400,0.000000,879.943540,0.038852,0.248416,52.109525,53.553124,24,52.174360,67.732744,24
VA267_EB,110-04238,behavior_diverse_2_of_5,PM,16.000000,1.000000,36625,1383.783900,0.100600,0.000000,1602.244630,0.116480,0.484226,52.110045,52.969401,16,49.694165,65.852657,16
VA267_EB,110-04233,behavior_diverse_3_of_5,AM,26.000000,3.000000,31885;32480;32482,6053.346900,0.326832,0.000000,12833.857233,0.692868,2.326798,66.185777,66.772129,12,25.453661,66.653612,12
VA267_EB,110-04233,behavior_diverse_3_of_5,MD,26.000000,3.000000,31885;32480;32482,9034.617100,0.161934,0.000000,9211.633790,0.165109,1.061764,66.184419,67.248744,24,38.546760,67.232986,24
VA267_EB,110-04233,behavior_diverse_3_of_5,PM,26.000000,3.000000,31885;32480;32482,7920.953800,0.234800,0.000000,9081.037110,0.269216,1.171201,66.441332,67.247958,16,29.662330,67.213813,16
VA267_EB,110-04232,behavior_diverse_4_of_5,AM,28.000000,3.000000,31874;32488;32492,6375.761512,0.330478,0.000000,13317.736232,0.690270,2.407050,58.396530,67.042685,12,25.482261,67.017057,12
VA267_EB,110-04232,behavior_diverse_4_of_5,MD,28.000000,3.000000,31874;32488;32492,9255.493600,0.179000,0.000000,9076.354490,0.175571,1.186237,58.369510,67.270560,24,37.294841,67.422778,24
VA267_EB,110-04232,behavior_diverse_4_of_5,PM,28.000000,3.000000,31874;32488;32492,8262.188600,0.248300,0.000000,9641.786130,0.289790,1.282582,66.578508,67.278081,16,36.303260,67.344432,16
VA267_EB,110N04228,corridor_end,AM,37.000000,1.000000,31967,3486.636200,0.089600,0.000000,12555.689450,0.322603,1.107798,60.509954,64.052879,12,24.754503,64.046485,12
VA267_EB,110N04228,corridor_end,MD,37.000000,1.000000,31967,2878.703600,0.045600,0.000000,3872.525150,0.061407,0.373957,60.131100,60.495513,24,50.498384,61.970255,24
VA267_EB,110N04228,corridor_end,PM,37.000000,1.000000,31967,3614.474100,0.071400,0.000000,8075.717770,0.159421,0.734398,60.133730,61.422361,16,25.745351,61.565243,16
VA267_WB,110P04226,corridor_start,AM,1.500000,1.000000,32546,4480.185500,0.351700,0.000000,6010.679690,0.471801,1.645222,52.271389,59.593172,12,27.395966,60.266248,12
VA267_WB,110P04226,corridor_start,MD,1.500000,1.000000,32546,8231.291400,0.342900,0.000000,8993.131840,0.374683,2.602681,52.248120,59.409923,24,28.408364,61.100408,24
VA267_WB,110P04226,corridor_start,PM,1.500000,1.000000,32546,0.000000,0.000000,0.000000,0.000000,0.000000,0.000000,59.417610,59.711305,16,69.000000,69.000000,1
VA267_WB,110P04235,behavior_diverse_2_of_5,AM,18.000000,3.000000,32439;32441;32284,4462.591694,0.178844,0.000000,4089.853571,0.163856,0.543291,66.132108,66.776624,12,35.166697,66.714582,12
VA267_WB,110P04235,behavior_diverse_2_of_5,MD,18.000000,3.000000,32439;32441;32284,7863.086995,0.140831,0.000000,6661.270548,0.119295,0.756971,66.703032,66.779242,24,41.401076,66.765186,24
VA267_WB,110P04235,behavior_diverse_2_of_5,PM,18.000000,3.000000,32439;32441;32284,8447.900100,0.331013,0.000000,16014.428709,0.627449,2.936621,65.556878,66.700423,16,19.957808,66.652083,16
VA267_WB,110P04238,behavior_diverse_3_of_5,AM,24.000000,2.000000,35944;36089,201.600276,0.016437,0.000000,213.490062,0.017398,0.060670,57.506962,58.328846,12,57.669149,68.269301,12
VA267_WB,110P04238,behavior_diverse_3_of_5,MD,24.000000,2.000000,35944;36089,277.228107,0.009955,0.000000,241.205270,0.008725,0.053407,58.333945,60.106548,24,58.371953,68.742043,24
VA267_WB,110P04238,behavior_diverse_3_of_5,PM,24.000000,2.000000,35944;36089,2429.398965,0.120527,0.000000,5200.646700,0.235999,1.038201,59.006784,60.105808,16,39.520066,62.839098,16
VA267_WB,110P17098,behavior_diverse_4_of_5,AM,37.000000,1.000000,36679,376.716100,0.028400,0.000000,283.617340,0.021388,0.074012,66.792178,68.198449,12,66.904715,74.303906,12
VA267_WB,110P17098,behavior_diverse_4_of_5,MD,37.000000,1.000000,36679,845.510700,0.026000,0.000000,374.429440,0.011515,0.064976,68.206357,70.433975,24,68.229471,74.717971,24
VA267_WB,110P17098,behavior_diverse_4_of_5,PM,37.000000,1.000000,36679,3386.410800,0.126000,0.000000,7766.222660,0.288934,1.239631,69.380592,70.433809,16,49.804670,70.932028,16
VA267_WB,110P17099,corridor_end,AM,39.000000,2.000000,36688;36690,1009.343157,0.061962,0.000000,827.999859,0.050845,0.177302,63.061307,65.687318,12,55.723866,67.831620,12
VA267_WB,110P17099,corridor_end,MD,39.000000,2.000000,36688;36690,2586.802024,0.069151,0.000000,1963.114680,0.052455,0.340605,61.104186,65.693585,24,54.050150,67.981056,24
VA267_WB,110P17099,corridor_end,PM,39.000000,2.000000,36688;36690,3052.740386,0.477222,2.140017,5002.715490,0.790459,3.669762,41.416207,67.082293,16,36.250496,67.030376,16
VA27_NB,110P05661,corridor_start,AM,1.000000,1.000000,26645,2020.718600,0.458600,0.000000,1416.351560,0.321445,0.969517,39.013011,41.520255,12,27.447789,41.505348,12
VA27_NB,110P05661,corridor_start,MD,1.000000,1.000000,26645,4453.158400,0.490600,0.000000,3160.919680,0.348262,2.058432,38.752025,39.002800,24,28.400019,39.027367,24
VA27_NB,110P05661,corridor_start,PM,1.000000,1.000000,26645,4285.713900,0.639500,0.000000,4001.843510,0.597167,2.475164,38.751958,38.833731,16,24.701739,38.832295,16
VA27_NB,110P05663,behavior_diverse_2_of_5,AM,5.000000,1.000000,26857,3975.717700,0.790500,0.000000,2521.346190,0.501337,1.526591,44.407709,48.152081,12,26.147976,48.041326,12
VA27_NB,110P05663,behavior_diverse_2_of_5,MD,5.000000,1.000000,26857,8694.344500,0.820200,0.000000,5021.662110,0.473743,2.836014,44.033835,44.392476,24,27.665896,44.375979,24
VA27_NB,110P05663,behavior_diverse_2_of_5,PM,5.000000,1.000000,26857,6607.483100,0.933100,0.000000,4779.964360,0.675044,2.805156,43.516143,44.032317,16,24.327844,43.991198,16
VA27_NB,110P05664,behavior_diverse_3_of_5,AM,7.000000,3.000000,26800;26803;26422,19494.464087,1.156630,0.000000,11100.947917,0.651314,2.167346,42.033549,45.909378,12,19.605915,45.830497,12
VA27_NB,110P05664,behavior_diverse_3_of_5,MD,7.000000,3.000000,26800;26803;26422,22642.922743,0.678627,0.000000,21071.470571,0.630917,4.284627,42.020881,45.470713,24,17.108114,45.474191,24
VA27_NB,110P05664,behavior_diverse_3_of_5,PM,7.000000,3.000000,26800;26803;26422,17600.157563,0.822843,0.000000,14496.509182,0.686816,3.125152,42.972055,45.468439,16,17.004246,45.438453,16
VA27_NB,110+05666,behavior_diverse_4_of_5,AM,10.000000,2.000000,26842;26834,9196.917153,1.083541,0.000000,7073.187500,0.833345,0.653393,32.805135,51.911454,12,33.186868,53.434531,12
VA27_NB,110+05666,behavior_diverse_4_of_5,MD,10.000000,2.000000,26842;26834,9991.807876,0.438982,0.000000,9823.246090,0.431598,2.971385,32.744993,51.993852,24,23.832372,53.887749,24
VA27_NB,110+05666,behavior_diverse_4_of_5,PM,10.000000,2.000000,26842;26834,8030.939841,0.465147,0.000000,5935.343750,0.343759,1.607071,49.544591,52.007900,16,20.539119,55.238533,16
VA27_NB,110P05667,corridor_end,AM,12.000000,1.000000,26717,9370.177100,1.162200,1.998177,7073.187500,0.877292,1.508347,28.353096,50.300486,12,28.826800,50.304155,12
VA27_NB,110P05667,corridor_end,MD,12.000000,1.000000,26717,10466.921400,0.815600,0.000000,9823.246090,0.765429,0.505751,26.702711,47.563084,24,26.816811,55.537216,24
VA27_NB,110P05667,corridor_end,PM,12.000000,1.000000,26717,8682.656300,0.610000,0.000000,5935.343750,0.416962,1.892162,44.587495,47.577580,16,31.233368,54.922355,16
VA27_SB,110N05667,corridor_start,AM,1.000000,1.000000,26718,2409.775100,0.311400,0.000000,1649.975710,0.213205,0.743471,48.290519,49.953339,12,33.310371,61.280922,12
VA27_SB,110N05667,corridor_start,MD,1.000000,1.000000,26718,4852.420600,0.305800,0.000000,5224.436040,0.329229,2.276155,49.960795,50.771401,24,29.884349,58.690838,24
VA27_SB,110N05667,corridor_start,PM,1.000000,1.000000,26718,6765.004500,0.489500,0.000000,6150.084960,0.444978,2.028342,48.044943,50.765889,16,30.386804,55.029099,16
VA27_SB,110N05665,behavior_diverse_2_of_5,AM,4.000000,1.000000,26835,3747.939600,0.358200,0.000000,3187.318360,0.304626,1.046066,51.740173,52.986472,12,25.000670,56.182959,12
VA27_SB,110N05665,behavior_diverse_2_of_5,MD,4.000000,1.000000,26835,8712.171700,0.384600,0.000000,9354.678710,0.412935,2.835005,49.046521,52.987635,24,24.429434,54.706786,24
VA27_SB,110N05665,behavior_diverse_2_of_5,PM,4.000000,1.000000,26835,10637.214800,0.638800,0.000000,11823.099610,0.709967,3.365554,48.465840,49.041309,16,17.565505,49.222225,16
VA27_SB,110-05663,behavior_diverse_3_of_5,AM,7.000000,1.000000,26807,2749.511500,0.410300,0.000000,2348.926030,0.350557,1.035663,38.837404,44.422159,12,17.598062,44.133591,12
VA27_SB,110-05663,behavior_diverse_3_of_5,MD,7.000000,1.000000,26807,5988.559100,0.452300,0.000000,5003.515140,0.377894,2.340323,38.730300,38.815133,24,15.723823,38.756074,24
VA27_SB,110-05663,behavior_diverse_3_of_5,PM,7.000000,1.000000,26807,5831.370700,0.539900,0.000000,3527.312260,0.326604,0.253770,37.821140,38.728205,16,19.488854,38.600204,16
VA27_SB,110N05662,behavior_diverse_4_of_5,AM,10.000000,1.000000,26611,4683.882100,0.985800,0.000000,3491.810300,0.734944,2.256393,41.785076,47.259115,12,24.969617,47.137690,12
VA27_SB,110N05662,behavior_diverse_4_of_5,MD,10.000000,1.000000,26611,8959.601400,0.846600,0.000000,5826.988770,0.550620,3.316823,41.762604,42.177853,24,27.221975,42.167910,24
VA27_SB,110N05662,behavior_diverse_4_of_5,PM,10.000000,1.000000,26611,8621.324200,0.364000,0.000000,5047.447750,0.213123,0.923837,42.181748,43.744364,16,29.898246,43.713049,16
VA27_SB,110N05661,corridor_end,AM,12.000000,1.000000,26650,3283.517800,0.664000,0.000000,2238.160400,0.452636,0.834894,35.309344,40.412335,12,28.338472,40.422850,12
VA27_SB,110N05661,corridor_end,MD,12.000000,1.000000,26650,7052.958400,0.747000,0.000000,4460.454590,0.472417,2.827746,32.112032,35.285738,24,27.626549,35.691527,24
VA27_SB,110N05661,corridor_end,PM,12.000000,1.000000,26650,5614.003700,1.597400,2.311704,4307.533200,1.225639,1.763905,26.905315,35.228953,16,27.425331,35.338328,16
VA286_NB,110+05602,corridor_start,AM,2.000000,2.000000,32371;29292,1536.393201,0.299826,0.000000,1954.218435,0.380976,1.188245,44.621963,47.220325,12,34.548982,47.618815,12
VA286_NB,110+05602,corridor_start,MD,2.000000,2.000000,32371;29292,4378.948169,0.467907,0.000000,4246.559562,0.452190,2.744498,44.612169,45.658522,24,35.064771,46.137063,24
VA286_NB,110+05602,corridor_start,PM,2.000000,2.000000,32371;29292,3355.835124,0.503658,0.000000,2734.610976,0.403480,1.687899,45.662703,47.057129,16,33.629645,47.242367,16
VA286_NB,110+05603,behavior_diverse_2_of_5,AM,4.000000,4.000000,29289;35044;29284;34977,2874.428407,0.966084,0.000000,3276.149860,1.101557,3.433999,29.694830,30.454157,12,29.826751,31.963916,12
VA286_NB,110+05603,behavior_diverse_2_of_5,MD,4.000000,4.000000,29289;35044;29284;34977,7558.196061,0.925437,0.000000,7805.012576,0.955791,6.417996,22.262628,29.684366,24,22.320484,30.903446,24
VA286_NB,110+05603,behavior_diverse_2_of_5,PM,4.000000,4.000000,29289;35044;29284;34977,5926.574396,1.347292,0.000000,5643.740274,1.282991,3.012797,22.280769,33.363701,16,20.234617,34.184120,16
VA286_NB,110+05616,behavior_diverse_3_of_5,AM,21.000000,2.000000,32243;28855,7265.093233,1.154805,2.162386,6932.265887,1.101891,2.063316,29.162699,50.874823,12,29.196122,50.890053,12
VA286_NB,110+05616,behavior_diverse_3_of_5,MD,21.000000,2.000000,32243;28855,12452.534686,1.121346,0.000000,12704.796215,1.144039,0.532380,31.783790,41.565879,24,31.871446,45.411870,24
VA286_NB,110+05616,behavior_diverse_3_of_5,PM,21.000000,2.000000,32243;28855,9985.785408,0.804108,0.000000,9939.888944,0.800400,3.311662,41.588661,47.346157,16,32.585709,47.376530,16
VA286_NB,110+05618,behavior_diverse_4_of_5,AM,24.000000,1.000000,29805,7122.667700,0.895500,0.000000,5966.371580,0.750096,2.448359,48.326346,55.037242,12,28.243877,55.017805,12
VA286_NB,110+05618,behavior_diverse_4_of_5,MD,24.000000,1.000000,29805,11498.561100,0.629900,0.000000,12177.231450,0.667056,4.476033,48.300098,50.076054,24,17.077063,50.151024,24
VA286_NB,110+05618,behavior_diverse_4_of_5,PM,24.000000,1.000000,29805,8080.540100,0.741200,0.000000,8628.514650,0.791486,3.784040,50.079856,50.977142,16,17.920563,50.927650,16
VA286_NB,110P05633,corridor_end,AM,49.000000,1.000000,32932,1803.912800,0.478400,0.000000,1635.907960,0.433880,2.838812,26.969937,29.785404,12,27.338902,35.397599,12
VA286_NB,110P05633,corridor_end,MD,49.000000,1.000000,32932,5054.618300,0.612900,0.000000,4784.373540,0.580158,5.988429,25.192941,26.956900,24,25.285362,35.466164,24
VA286_NB,110P05633,corridor_end,PM,49.000000,1.000000,32932,5502.875000,0.822900,0.000000,5416.894530,0.810043,3.973636,25.193299,26.124241,16,25.361743,32.949982,16
VA286_SB,110N05633,corridor_start,AM,1.000000,1.000000,32925,2780.826500,0.431400,0.000000,3354.000730,0.520264,1.671794,33.651397,39.254480,12,24.428550,43.183140,12
VA286_SB,110N05633,corridor_start,MD,1.000000,1.000000,32925,4012.692500,0.378500,0.000000,4078.606450,0.384734,2.489989,33.155254,33.628669,24,28.964679,45.390563,24
VA286_SB,110N05633,corridor_start,PM,1.000000,1.000000,32925,2546.922900,0.341900,0.000000,2638.808350,0.354283,1.444320,32.607297,33.153551,16,32.829489,46.921760,16
VA286_SB,110-05617,behavior_diverse_2_of_5,AM,26.000000,1.000000,29768,6785.052300,0.857700,0.000000,5957.613280,0.753078,2.458093,56.031189,58.032051,12,28.355066,57.948519,12
VA286_SB,110-05617,behavior_diverse_2_of_5,MD,26.000000,1.000000,29768,11874.424400,0.652500,0.000000,12507.954100,0.687290,4.612941,45.103485,56.012185,24,16.677670,56.025807,24
VA286_SB,110-05617,behavior_diverse_2_of_5,PM,26.000000,1.000000,29768,11811.631900,0.821000,3.714009,8939.690430,0.621364,2.810966,19.959738,55.419052,16,21.234228,55.446993,16
VA286_SB,110-05616,behavior_diverse_3_of_5,AM,28.000000,1.000000,29806,6991.292800,0.779200,0.000000,7256.230470,0.808768,2.547758,44.673578,50.274700,12,39.532872,50.347580,12
VA286_SB,110-05616,behavior_diverse_3_of_5,MD,28.000000,1.000000,29806,13381.186500,1.284300,0.000000,14172.162110,1.360235,0.833352,27.598388,44.633851,24,27.717514,48.887099,24
VA286_SB,110-05616,behavior_diverse_3_of_5,PM,28.000000,1.000000,29806,12479.945000,1.883000,4.155178,11071.059570,1.670388,3.686092,27.591521,44.690191,16,27.592507,44.702978,16
VA286_SB,110N18172,behavior_diverse_4_of_5,AM,43.300000,1.000000,32346,4591.714400,0.308400,0.000000,4467.269530,0.300065,1.046362,57.682825,58.831021,12,30.398637,61.904230,12
VA286_SB,110N18172,behavior_diverse_4_of_5,MD,43.300000,1.000000,32346,7026.177400,0.234800,0.000000,6519.482910,0.217905,1.483940,57.198005,58.834142,24,34.721718,63.863765,24
VA286_SB,110N18172,behavior_diverse_4_of_5,PM,43.300000,1.000000,32346,4016.729400,0.211700,0.000000,5373.979980,0.283288,1.251853,57.197974,57.905875,16,36.528055,62.105711,16
VA286_SB,110-05601,corridor_end,AM,47.000000,3.000000,29287;32182;29293,2728.022074,0.586520,0.000000,2232.711320,0.470679,1.468021,39.399241,43.833679,12,34.348937,44.485501,12
VA286_SB,110-05601,corridor_end,MD,47.000000,3.000000,29287;32182;29293,6070.887996,0.606859,0.000000,5079.960826,0.506680,3.084079,39.383200,41.824518,24,34.620616,43.172786,24
VA286_SB,110-05601,corridor_end,PM,47.000000,3.000000,29287;32182;29293,4452.641535,0.671747,0.000000,3263.142037,0.492234,2.059825,41.832786,44.419486,16,32.670033,44.956249,16
VA287_NB,110+11406,corridor_start,AM,2.000000,2.000000,36532;37049,1236.954900,0.758000,0.000000,1552.040345,0.951568,3.667817,23.328268,29.567820,12,23.478249,30.017600,12
VA287_NB,110+11406,corridor_start,MD,2.000000,2.000000,36532;37049,2550.374400,0.890550,0.000000,2460.566895,0.857145,5.812853,23.121481,23.303301,24,23.180949,26.602457,24
VA287_NB,110+11406,corridor_start,PM,2.000000,2.000000,36532;37049,1783.679900,0.783900,3.892877,2387.606570,1.039840,5.222973,20.472544,26.690248,16,18.902043,26.692943,16
VA287_NB,110+11407,behavior_diverse_2_of_5,AM,4.000000,4.000000,36837;36512;37598;36473,791.108827,0.356088,0.000000,979.341916,0.440816,1.342358,44.595269,45.248541,12,34.285640,45.595731,12
VA287_NB,110+11407,behavior_diverse_2_of_5,MD,4.000000,4.000000,36837;36512;37598;36473,1353.829634,0.307561,0.000000,1138.918602,0.258649,1.553087,38.514657,44.586575,24,35.506611,46.348113,24
VA287_NB,110+11407,behavior_diverse_2_of_5,PM,4.000000,4.000000,36837;36512;37598;36473,3125.448478,0.832450,0.000000,2357.832909,0.627990,2.564848,38.518591,42.882069,16,32.923180,43.058698,16
VA287_NB,110+11408,behavior_diverse_3_of_5,AM,5.000000,4.000000,36487;36491;37434;36063,926.685206,0.379519,0.000000,1098.109527,0.449654,1.374197,47.872280,52.177588,12,35.337870,52.184093,12
VA287_NB,110+11408,behavior_diverse_3_of_5,MD,5.000000,4.000000,36487;36491;37434;36063,1677.102173,0.324086,0.000000,1213.668311,0.234550,1.405972,47.855958,49.498593,24,37.261631,49.787756,24
VA287_NB,110+11408,behavior_diverse_3_of_5,PM,5.000000,4.000000,36487;36491;37434;36063,2409.465470,0.610886,0.000000,2128.351112,0.539632,2.203376,49.500553,49.650105,16,34.795933,49.660815,16
VA287_NB,110P11409,behavior_diverse_4_of_5,AM,7.000000,1.000000,36505,915.858500,0.672900,0.000000,1132.442380,0.832004,3.316521,18.988225,21.466025,12,19.290317,24.485705,12
VA287_NB,110P11409,behavior_diverse_4_of_5,MD,7.000000,1.000000,36505,1532.494300,0.582100,0.000000,1157.936160,0.439857,4.182472,17.010134,18.976316,24,17.142019,28.425674,24
VA287_NB,110P11409,behavior_diverse_4_of_5,PM,7.000000,1.000000,36505,2162.090200,1.211800,3.637010,1937.967770,1.086225,3.254207,17.028019,19.916058,16,17.031877,20.658923,16
VA287_NB,110+11410,corridor_end,AM,8.000000,5.000000,36507;37354;37356;36077;37212,969.202524,0.425527,0.000000,1249.607493,0.548638,1.685496,39.827800,42.349544,12,34.407466,43.320608,12
VA287_NB,110+11410,corridor_end,MD,8.000000,5.000000,36507;37354;37356;36077;37212,1930.611708,0.451135,0.000000,1466.861021,0.342768,2.067936,39.817269,39.835195,24,36.373131,45.136976,24
VA287_NB,110+11410,corridor_end,PM,8.000000,5.000000,36507;37354;37356;36077;37212,2881.750963,0.782956,0.000000,2897.934405,0.787377,3.234719,39.099020,39.833500,16,33.446281,40.093705,16
VA287_SB,110-11409,corridor_start,AM,1.000000,5.000000,41517;37211;36078;37357;37353,1805.038770,0.695321,0.000000,2175.162145,0.837992,2.603292,38.917127,40.927449,12,32.551075,40.967579,12
VA287_SB,110-11409,corridor_start,MD,1.000000,5.000000,41517;37211;36078;37357;37353,2249.897184,0.530451,0.000000,1562.735553,0.368432,2.225506,38.648999,38.908877,24,36.209163,44.415524,24
VA287_SB,110-11409,corridor_start,PM,1.000000,5.000000,41517;37211;36078;37357;37353,1732.487346,0.591430,0.000000,1948.702993,0.665216,2.725381,38.648978,38.754538,16,34.022388,40.052006,16
VA287_SB,110N11409,behavior_diverse_2_of_5,AM,2.000000,1.000000,36506,1120.746400,0.740400,2.662343,1523.999390,1.006816,3.649674,19.477243,22.090691,12,19.437913,21.301989,12
VA287_SB,110N11409,behavior_diverse_2_of_5,MD,2.000000,1.000000,36506,1622.164200,0.608000,0.000000,1211.608640,0.454124,4.113708,18.971629,19.433473,24,19.097668,29.358151,24
VA287_SB,110N11409,behavior_diverse_2_of_5,PM,2.000000,1.000000,36506,1484.466500,0.819500,0.000000,1687.099980,0.931319,4.138515,18.971670,19.192987,16,19.138208,23.411006,16
VA287_SB,110-11407,behavior_diverse_3_of_5,AM,4.000000,4.000000,37207;36064;37435;36490,1351.990944,0.555277,0.000000,1585.789491,0.651422,2.010335,44.196972,51.010963,12,33.761428,51.024292,12
VA287_SB,110-11407,behavior_diverse_3_of_5,MD,4.000000,4.000000,37207;36064;37435;36490,1773.441863,0.351029,0.000000,1371.110819,0.271377,1.630784,44.172247,47.850472,24,36.923552,48.553629,24
VA287_SB,110-11407,behavior_diverse_3_of_5,PM,4.000000,4.000000,37207;36064;37435;36490,1494.381472,0.477540,0.000000,1681.699394,0.537417,2.194177,47.856089,48.719176,16,34.800123,48.739957,16
VA287_SB,110-11406,behavior_diverse_4_of_5,AM,5.000000,4.000000,36486;36475;37599;36511,1141.862873,0.428092,0.000000,1641.114742,0.615653,1.888121,44.468932,47.217036,12,33.113641,47.249562,12
VA287_SB,110-11406,behavior_diverse_4_of_5,MD,5.000000,4.000000,36486;36475;37599;36511,2156.325751,0.454453,0.000000,1610.689333,0.339423,2.046926,40.059963,44.453437,24,34.917257,45.474894,24
VA287_SB,110-11406,behavior_diverse_4_of_5,PM,5.000000,4.000000,36486;36475;37599;36511,1529.040155,0.486766,0.000000,1840.747718,0.586061,2.391534,40.062901,43.259654,16,33.138686,43.485682,16
VA287_SB,110-11405,corridor_end,AM,7.000000,2.000000,36845;37048,1075.755450,0.736700,2.516484,1478.089170,1.012550,3.471520,24.189389,31.369928,12,24.097788,31.350513,12
VA287_SB,110-11405,corridor_end,MD,7.000000,2.000000,36845;37048,2336.750150,0.768550,0.000000,2057.499205,0.676676,5.138213,24.052778,27.159950,24,24.122216,29.674809,24
VA287_SB,110-11405,corridor_end,PM,7.000000,2.000000,36845;37048,1902.794100,0.902450,0.000000,2047.531615,0.971072,4.193449,27.165351,28.182745,16,27.224641,29.196021,16
VA289_EB,110P18175,all_1_of_5,AM,1.000000,1.000000,32892,5987.740700,0.477400,0.000000,6502.950680,0.518425,1.595770,55.003993,55.347113,12,40.220320,55.373570,12
VA289_EB,110P18175,all_1_of_5,MD,1.000000,1.000000,32892,9528.763100,0.349500,0.000000,8684.142580,0.318512,1.944444,54.608217,55.002217,24,36.765690,55.241767,24
VA289_EB,110P18175,all_1_of_5,PM,1.000000,1.000000,32892,5591.496700,0.354900,0.000000,5805.275880,0.368454,1.517522,53.833015,54.606091,16,35.093318,54.787953,16
VA289_EB,110+18176,all_2_of_5,AM,2.000000,1.000000,32885,6589.319100,0.548800,0.000000,7730.627440,0.643829,1.991168,48.892517,52.764159,12,38.126387,52.825462,12
VA289_EB,110+18176,all_2_of_5,MD,2.000000,1.000000,32885,11240.008400,0.466300,0.000000,10647.155270,0.441733,2.696680,48.876402,48.955115,24,36.386112,50.377498,24
VA289_EB,110+18176,all_2_of_5,PM,2.000000,1.000000,32885,6526.991500,0.460100,0.000000,7039.158200,0.496159,2.043486,48.218585,48.953482,16,34.296768,49.844651,16
VA289_EB,110P18176,all_3_of_5,AM,3.000000,3.000000,29364;29104;32259,6683.433607,0.546687,0.000000,8043.467195,0.657686,2.116384,46.460783,48.260674,12,27.988418,48.287589,12
VA289_EB,110P18176,all_3_of_5,MD,3.000000,3.000000,29364;29104;32259,12252.365217,0.550240,0.000000,11823.422988,0.530915,3.361768,40.077164,46.447122,24,28.356530,46.707026,24
VA289_EB,110P18176,all_3_of_5,PM,3.000000,3.000000,29364;29104;32259,6877.533181,0.769227,0.000000,7329.068573,0.819528,1.353222,39.511669,40.069618,16,38.392536,41.765350,16
VA289_EB,110+18177,all_4_of_5,AM,4.000000,1.000000,32255,3865.623300,0.313600,0.000000,6771.948730,0.549330,1.767701,48.771036,48.867442,12,29.034644,48.897191,12
VA289_EB,110+18177,all_4_of_5,MD,4.000000,1.000000,32255,9063.246900,0.428000,0.000000,9655.273440,0.455924,2.886921,44.304620,48.766273,24,29.149538,48.897225,24
VA289_EB,110+18177,all_4_of_5,PM,4.000000,1.000000,32255,6130.375400,0.473400,0.000000,7445.890140,0.574955,2.436939,43.960456,44.299458,16,31.309921,44.636916,16
VA289_EB,110+18178,all_5_of_5,AM,6.000000,2.000000,32163;32222,3410.028600,0.352859,0.000000,4991.132320,0.516479,1.661991,37.856955,43.596975,12,29.203226,44.308225,12
VA289_EB,110+18178,all_5_of_5,MD,6.000000,2.000000,32163;32222,9028.174500,0.520100,0.000000,9388.824220,0.540860,3.424737,34.140886,37.830276,24,28.234893,40.716867,24
VA289_EB,110+18178,all_5_of_5,PM,6.000000,2.000000,32163;32222,7185.290100,0.831193,0.000000,8408.156250,0.972658,2.913435,34.145537,37.766519,16,33.929741,38.072650,16
VA289_WB,110-18177,all_1_of_5,AM,4.000000,2.000000,29218;32223,4733.137500,0.456500,0.000000,4923.876460,0.474898,1.528186,46.069961,48.347472,12,29.841514,48.392193,12
VA289_WB,110-18177,all_1_of_5,MD,4.000000,2.000000,29218;32223,10786.238600,0.483348,0.000000,10442.315430,0.467916,2.962858,46.030264,48.354611,24,29.025364,48.511739,24
VA289_WB,110-18177,all_1_of_5,PM,4.000000,2.000000,29218;32223,8466.666100,0.561241,0.000000,9374.975590,0.621484,2.634155,45.575566,46.026930,16,30.918619,46.152747,16
VA289_WB,110-18176,all_2_of_5,AM,6.000000,1.000000,32164,3202.855800,0.359500,0.000000,3534.206300,0.396685,1.276501,45.688622,46.052661,12,30.819384,46.585862,12
VA289_WB,110-18176,all_2_of_5,MD,6.000000,1.000000,32164,8946.949900,0.412900,0.000000,10158.723630,0.468802,2.968466,46.054583,46.508577,24,29.017694,46.813664,24
VA289_WB,110-18176,all_2_of_5,PM,6.000000,1.000000,32164,7763.723500,0.527600,0.000000,10020.625980,0.681022,2.886506,45.209176,46.506020,16,30.425402,46.541010,16
VA289_WB,110N18176,all_3_of_5,AM,7.000000,3.000000,32256;32257;29102,3287.347496,0.387272,0.000000,3608.903446,0.425178,1.368192,44.169402,45.527644,12,30.395410,46.199417,12
VA289_WB,110N18176,all_3_of_5,MD,7.000000,3.000000,32256;32257;29102,9613.952254,0.453182,0.000000,10078.003532,0.474788,3.006372,44.166804,47.167474,24,28.959774,47.393433,24
VA289_WB,110N18176,all_3_of_5,PM,7.000000,3.000000,32256;32257;29102,9618.057067,0.604308,0.000000,11562.140579,0.726483,3.079191,46.263309,47.168449,16,30.080548,47.190581,16
VA289_WB,110-18175,all_4_of_5,AM,8.000000,1.000000,29365,3149.043200,0.331200,0.000000,3469.791020,0.364905,1.114644,50.378328,51.600577,12,42.356221,52.530551,12
VA289_WB,110-18175,all_4_of_5,MD,8.000000,1.000000,29365,8700.273800,0.378200,0.000000,8953.689450,0.389228,2.376151,50.374213,51.344940,24,36.523021,52.164289,24
VA289_WB,110-18175,all_4_of_5,PM,8.000000,1.000000,29365,9161.849200,0.530800,0.000000,10974.471680,0.635834,2.618757,50.440695,51.343832,16,33.761274,51.482154,16
VA289_WB,110N18175,all_5_of_5,AM,9.000000,1.000000,32887,2771.366100,0.270100,0.000000,2917.079100,0.284348,0.863856,52.419068,52.510721,12,43.582925,53.601869,12
VA289_WB,110N18175,all_5_of_5,MD,9.000000,1.000000,32887,7702.436400,0.300700,0.000000,7732.555180,0.301921,1.843160,52.219326,52.418498,24,36.825135,53.451645,24
VA289_WB,110N18175,all_5_of_5,PM,9.000000,1.000000,32887,8237.314200,0.513100,0.000000,9362.541020,0.583175,2.401875,49.435718,52.212976,16,33.941370,52.385710,16
VA28_NB,110+07942,corridor_start,AM,9.000000,1.000000,40566,2807.229800,0.965200,0.000000,2297.445070,0.789900,2.450069,47.782066,48.298166,12,32.967294,48.269696,12
VA28_NB,110+07942,corridor_start,MD,9.000000,1.000000,40566,3879.338700,0.663900,0.000000,3245.702150,0.555463,3.378761,47.521123,47.779745,24,35.283273,47.887391,24
VA28_NB,110+07942,corridor_start,PM,9.000000,1.000000,40566,3054.158100,0.763000,0.000000,2967.567140,0.741325,3.042543,46.397267,47.518371,16,33.722691,47.538852,16
VA28_NB,110+07430,behavior_diverse_2_of_5,AM,15.000000,2.000000,38415;40380,1948.469970,0.588873,0.000000,3141.825168,0.947504,4.962434,17.408789,19.597608,12,17.705112,22.273692,12
VA28_NB,110+07430,behavior_diverse_2_of_5,MD,15.000000,2.000000,38415;40380,4675.826524,0.711449,0.000000,6959.775565,1.055647,9.413375,15.933036,17.398554,24,15.951456,19.904064,24
VA28_NB,110+07430,behavior_diverse_2_of_5,PM,15.000000,2.000000,38415;40380,3350.829581,0.774876,0.000000,4934.229825,1.139974,6.017553,15.934564,17.236028,16,16.113184,19.980021,16
VA28_NB,110+05678,behavior_diverse_3_of_5,AM,42.000000,1.000000,36732,9360.375700,0.616300,0.000000,9769.975590,0.643290,2.099737,58.420622,61.171797,12,28.919236,61.101359,12
VA28_NB,110+05678,behavior_diverse_3_of_5,MD,42.000000,1.000000,36732,19620.917200,0.539500,0.000000,22268.394530,0.612282,4.105582,55.903732,58.407065,24,18.206719,58.405708,24
VA28_NB,110+05678,behavior_diverse_3_of_5,PM,42.000000,1.000000,36732,16069.064200,0.745500,3.292334,16805.384770,0.779612,3.443196,23.581968,55.889220,16,23.394448,55.873906,16
VA28_NB,110P05678,behavior_diverse_4_of_5,AM,43.000000,2.000000,35847;36748,9327.545300,0.623157,0.000000,9589.168299,0.640591,2.090927,57.895891,58.283792,12,28.931553,58.203547,12
VA28_NB,110P05678,behavior_diverse_4_of_5,MD,43.000000,2.000000,35847;36748,19380.876819,0.532848,0.000000,22228.018042,0.611152,4.097941,56.055449,58.283124,24,18.231448,58.282298,24
VA28_NB,110P05678,behavior_diverse_4_of_5,PM,43.000000,2.000000,35847;36748,15228.888962,1.231867,0.000000,15747.685364,1.273812,3.193286,56.056394,57.443745,16,31.091496,57.371783,16
VA28_NB,110+05680,corridor_end,AM,46.000000,6.000000,36752;37919;35860;35882;36769;36764,4054.904744,0.271746,0.000000,4210.273282,0.282124,0.920869,62.584190,62.927748,12,32.749296,62.840885,12
VA28_NB,110+05680,corridor_end,MD,46.000000,6.000000,36752;37919;35860;35882;36769;36764,9993.708726,0.274517,0.000000,10904.558502,0.299553,1.997198,62.929425,63.227034,24,27.791277,63.206090,24
VA28_NB,110+05680,corridor_end,PM,46.000000,6.000000,36752;37919;35860;35882;36769;36764,7770.185123,0.356515,0.000000,8648.070470,0.396781,1.896981,62.682076,63.226071,16,21.177840,63.181077,16
VA28_SB,110-05679,corridor_start,AM,1.000000,7.000000,36778;37841;36762;36768;35881;35861;37920,4923.927861,0.316022,0.000000,4869.275225,0.312677,1.020595,63.684224,64.562596,12,32.744559,64.466246,12
VA28_SB,110-05679,corridor_start,MD,1.000000,7.000000,36778;37841;36762;36768;35881;35861;37920,9132.149796,0.250100,0.000000,10071.797890,0.275844,1.838372,62.738115,63.679748,24,28.817001,63.659230,24
VA28_SB,110-05679,corridor_start,PM,1.000000,7.000000,36778;37841;36762;36768;35881;35861;37920,5959.164827,0.272629,0.000000,6140.274212,0.280973,1.343310,62.230684,62.736033,16,23.205047,62.696591,16
VA28_SB,110N05672,behavior_diverse_2_of_5,AM,15.000000,1.000000,32906,5136.407300,0.333400,0.000000,5669.690920,0.368037,1.201294,62.743916,64.457106,12,31.121300,64.364919,12
VA28_SB,110N05672,behavior_diverse_2_of_5,MD,15.000000,1.000000,32906,11842.706700,0.437300,0.000000,11545.805660,0.426352,0.919113,20.429901,62.695343,24,20.535494,62.719137,24
VA28_SB,110N05672,behavior_diverse_2_of_5,PM,15.000000,1.000000,32906,7232.956800,0.547200,3.423653,11205.667970,0.847800,5.304099,17.407580,60.935437,16,15.849410,60.857366,16
VA28_SB,110-07951,behavior_diverse_3_of_5,AM,27.000000,3.000000,32235;35431;29734,4503.972304,0.572377,0.000000,4348.038064,0.552539,1.694907,45.894357,48.436037,12,28.829027,48.397358,12
VA28_SB,110-07951,behavior_diverse_3_of_5,MD,27.000000,3.000000,32235;35431;29734,9832.186393,0.931599,0.000000,9841.822982,0.932520,0.490311,33.949902,45.872144,24,33.984468,45.883913,24
VA28_SB,110-07951,behavior_diverse_3_of_5,PM,27.000000,3.000000,32235;35431;29734,8428.617600,0.478005,3.759356,8434.501392,0.488040,3.766766,14.134912,33.908927,16,14.211256,33.913577,16
VA28_SB,110-07429,behavior_diverse_4_of_5,AM,31.000000,3.000000,38410;40772;40766,1710.530618,0.544111,0.000000,2736.152815,0.861755,4.908246,17.894609,20.014403,12,18.200374,22.845722,12
VA28_SB,110-07429,behavior_diverse_4_of_5,MD,31.000000,3.000000,38410;40772;40766,3908.308450,0.614366,0.000000,5929.196121,0.924870,9.172831,16.277756,17.884500,24,16.364426,20.519906,24
VA28_SB,110-07429,behavior_diverse_4_of_5,PM,31.000000,3.000000,38410;40772;40766,2878.662739,0.704120,0.000000,4150.319852,1.008909,5.574046,16.280323,18.092289,16,16.457309,20.596628,16
VA28_SB,110-07941,corridor_end,AM,37.000000,1.000000,38578,1931.820600,0.705500,0.000000,1731.881470,0.632483,1.950362,47.521124,47.638446,12,33.940422,47.677657,12
VA28_SB,110-07941,corridor_end,MD,37.000000,1.000000,38578,3776.225000,0.648500,0.000000,3243.370610,0.556971,3.388087,44.774071,47.517944,24,35.265652,47.651308,24
VA28_SB,110-07941,corridor_end,PM,37.000000,1.000000,38578,3855.676600,1.008600,0.000000,3318.029300,0.867979,3.571495,44.773908,45.913612,16,33.155243,45.872059,16
VA294_EB,110-13208,corridor_start,AM,3.000000,2.000000,38377;40164,1516.982119,0.300950,0.000000,747.022361,0.148097,0.441850,45.353196,49.659625,12,36.464799,49.622813,12
VA294_EB,110-13208,corridor_start,MD,3.000000,2.000000,38377;40164,1772.461409,0.178035,0.000000,1170.133187,0.117431,0.692053,45.335572,45.716142,24,35.062356,45.723332,24
VA294_EB,110-13208,corridor_start,PM,3.000000,2.000000,38377;40164,1332.091677,0.200039,0.000000,1043.189152,0.156630,0.612213,45.717422,46.116722,16,35.165687,46.115708,16
VA294_EB,110-13204,behavior_diverse_2_of_5,AM,7.000000,5.000000,40139;40141;38361;40136;39865,3068.352946,0.529525,0.000000,2966.472007,0.512306,1.572331,58.745871,60.368120,12,35.054074,60.232953,12
VA294_EB,110-13204,behavior_diverse_2_of_5,MD,7.000000,5.000000,40139;40141;38361;40136;39865,6157.398214,0.491218,0.000000,5942.533408,0.474055,2.876795,57.495112,58.738121,24,35.730388,58.713397,24
VA294_EB,110-13204,behavior_diverse_2_of_5,PM,7.000000,5.000000,40139;40141;38361;40136;39865,5808.891153,0.724849,0.000000,5173.075147,0.645570,2.644245,57.494796,57.907346,16,34.314736,57.823713,16
VA294_EB,110-13203,behavior_diverse_3_of_5,AM,8.000000,1.000000,39191,2453.453800,0.426100,0.000000,2642.724610,0.458995,1.403490,53.943649,58.304413,12,35.352540,58.222467,12
VA294_EB,110-13203,behavior_diverse_3_of_5,MD,8.000000,1.000000,39191,5470.121600,0.451100,0.000000,5364.860840,0.442398,2.680611,49.797362,53.921996,24,35.838613,53.918389,24
VA294_EB,110-13203,behavior_diverse_3_of_5,PM,8.000000,1.000000,39191,5339.363500,0.730400,0.000000,4644.362300,0.635339,2.601031,49.800147,52.812454,16,34.300340,52.792446,16
VA294_EB,110-13201,behavior_diverse_4_of_5,AM,11.000000,1.000000,38182,5294.266100,0.865000,0.000000,4730.541020,0.772859,1.355177,33.310617,45.387237,12,32.651284,45.431768,12
VA294_EB,110-13201,behavior_diverse_4_of_5,MD,11.000000,1.000000,38182,11074.077500,1.685900,0.000000,8992.635740,1.369038,0.420295,27.794367,33.256916,24,27.859783,36.406891,24
VA294_EB,110-13201,behavior_diverse_4_of_5,PM,11.000000,1.000000,38182,6514.025500,0.959400,3.932400,6297.375000,0.927508,3.798657,22.934613,32.532780,16,23.153664,32.538068,16
VA294_EB,110N13195,corridor_end,AM,21.000000,2.000000,38813;38817,6133.609953,2.509821,0.000000,4981.469545,1.980905,1.995271,31.182928,34.814699,12,31.316258,35.136122,12
VA294_EB,110N13195,corridor_end,MD,21.000000,2.000000,38813;38817,6855.222531,0.789326,0.000000,7865.892546,0.900584,5.498834,31.169754,32.997116,24,29.360370,33.266801,24
VA294_EB,110N13195,corridor_end,PM,21.000000,2.000000,38813;38817,6081.142785,1.776762,3.874556,5700.699624,1.663971,3.626747,30.505994,32.997628,16,30.689716,32.997106,16
VA294_NB,110+18189,only,AM,2.000000,3.000000,38219;38231;39778,449.219279,0.142753,0.000000,529.193500,0.165320,4.296202,27.528009,29.074291,12,23.548579,30.025814,12
VA294_NB,110+18189,only,MD,2.000000,3.000000,38219;38231;39778,1130.670412,0.856420,0.000000,1331.990953,1.083546,6.679952,22.723718,27.516911,24,22.717157,27.962523,24
VA294_NB,110+18189,only,PM,2.000000,3.000000,38219;38231;39778,684.544975,0.173375,4.380178,423.457248,0.107188,2.607211,23.568987,29.770012,16,26.034633,32.098498,16
VA294_SB,110-18188,only,AM,1.000000,3.000000,38826;39777;38230,335.000653,0.556650,0.000000,206.675018,0.538873,1.648706,27.584268,31.017662,12,27.442688,32.684431,12
VA294_SB,110-18188,only,MD,1.000000,3.000000,38826;39777;38230,833.436576,0.585576,0.000000,1153.187365,0.860802,6.458688,24.139753,27.567033,24,24.171116,28.172249,24
VA294_SB,110-18188,only,PM,1.000000,3.000000,38826;39777;38230,723.484890,0.192184,3.348401,780.381647,0.212051,4.051275,24.138406,25.591180,16,23.315798,25.594955,16
VA294_WB,110P13195,corridor_start,AM,1.000000,1.000000,38823,1655.928000,0.548500,0.000000,1522.849240,0.504389,1.521074,37.577345,39.510147,12,31.951421,39.999144,12
VA294_WB,110P13195,corridor_start,MD,1.000000,1.000000,38823,4762.321300,0.661700,0.000000,3705.476810,0.514874,3.096678,35.854361,37.567867,24,31.357607,38.724001,24
VA294_WB,110P13195,corridor_start,PM,1.000000,1.000000,38823,4239.819000,1.145400,1.266335,2468.746090,0.666944,0.728244,32.972390,37.337355,16,33.459863,38.665178,16
VA294_WB,110+13197,behavior_diverse_2_of_5,AM,3.000000,1.000000,38814,4169.916800,0.946300,0.000000,3322.182370,0.753918,0.589042,33.207333,37.603402,12,33.381756,39.008344,12
VA294_WB,110+13197,behavior_diverse_2_of_5,MD,3.000000,1.000000,38814,10452.980100,1.470800,0.000000,7571.797360,1.065372,3.917501,26.049294,33.182440,24,26.114962,33.768550,24
VA294_WB,110+13197,behavior_diverse_2_of_5,PM,3.000000,1.000000,38814,9679.764300,2.361300,3.797964,7062.474610,1.722798,2.751026,24.759424,27.059372,16,26.044961,27.054327,16
VA294_WB,110+13204,behavior_diverse_3_of_5,AM,12.000000,1.000000,38341,3119.275900,0.540500,0.000000,3059.024170,0.530096,1.627057,57.782354,59.898548,12,34.835868,59.780562,12
VA294_WB,110+13204,behavior_diverse_3_of_5,MD,12.000000,1.000000,38341,5520.583400,0.441600,0.000000,5347.528320,0.427788,2.590604,57.248564,57.773403,24,35.945294,57.751909,24
VA294_WB,110+13204,behavior_diverse_3_of_5,PM,12.000000,1.000000,38341,4453.161100,0.561000,0.000000,4356.130860,0.548737,2.241144,56.351979,57.246035,16,34.802674,57.200057,16
VA294_WB,110+13206,behavior_diverse_4_of_5,AM,14.000000,2.000000,38362;40142,4861.901054,0.851004,0.000000,4570.008664,0.799877,2.481837,44.466209,49.199239,12,32.856114,49.166251,12
VA294_WB,110+13206,behavior_diverse_4_of_5,MD,14.000000,2.000000,38362;40142,8974.527896,0.805013,0.000000,8426.530623,0.755887,4.622065,42.479353,44.445347,24,34.441361,44.529952,24
VA294_WB,110+13206,behavior_diverse_4_of_5,PM,14.000000,2.000000,38362;40142,9285.749536,1.351715,0.000000,6657.919779,0.969199,3.995142,42.479325,43.334192,16,32.717118,43.297380,16
VA294_WB,110+13209,corridor_end,AM,17.000000,2.000000,39203;40163,670.197959,0.132365,0.000000,469.257181,0.092666,0.274735,46.898487,47.429412,12,39.114017,47.410367,12
VA294_WB,110+13209,corridor_end,MD,17.000000,2.000000,39203;40163,1400.253308,0.132477,0.000000,1083.206995,0.102415,0.602004,46.897465,48.064076,24,35.682598,48.057215,24
VA294_WB,110+13209,corridor_end,PM,17.000000,2.000000,39203;40163,2381.808205,0.338963,0.000000,1135.059803,0.161343,0.631279,46.904738,48.062575,16,35.025267,48.048067,16
VA309_NB,110+10985,all_1_of_5,AM,3.000000,3.000000,25661;25699;26882,974.664668,0.513617,0.000000,647.342147,0.341120,1.766039,22.701794,28.345837,12,22.939925,31.138376,12
VA309_NB,110+10985,all_1_of_5,MD,3.000000,3.000000,25661;25699;26882,2168.607238,0.579972,0.000000,1646.619462,0.440330,4.317239,22.679341,22.858268,24,22.742274,26.866263,24
VA309_NB,110+10985,all_1_of_5,PM,3.000000,3.000000,25661;25699;26882,3525.790998,1.417936,3.664809,2984.438133,1.200243,3.084958,21.228262,24.088527,16,22.172319,24.085955,16
VA309_NB,110P10986,all_2_of_5,AM,5.000000,1.000000,25651,674.426800,0.375400,0.000000,563.169010,0.313451,2.317210,21.529238,24.399466,12,21.867857,29.061398,12
VA309_NB,110P10986,all_2_of_5,MD,5.000000,1.000000,25651,1459.396200,0.387900,0.000000,1386.975950,0.368647,5.531110,21.212928,21.517527,24,21.291678,26.034396,24
VA309_NB,110P10986,all_2_of_5,PM,5.000000,1.000000,25651,2045.616400,0.736800,3.746334,1895.956300,0.682914,3.466186,22.613561,23.612201,16,22.614589,24.096629,16
VA309_NB,110+10987,all_3_of_5,AM,6.000000,2.000000,25650;27018,923.581552,0.840284,0.000000,1015.296448,0.923735,3.005903,24.340590,29.152924,12,24.482002,29.699477,12
VA309_NB,110+10987,all_3_of_5,MD,6.000000,2.000000,25650;27018,2239.898088,0.964408,0.000000,2296.357238,0.988787,6.012522,24.321481,24.657503,24,24.359168,27.109910,24
VA309_NB,110+10987,all_3_of_5,PM,6.000000,2.000000,25650;27018,3501.434888,2.846612,3.961655,2247.456649,1.827159,2.517064,24.672075,26.183680,16,24.718281,27.608191,16
VA309_NB,110+10988,all_4_of_5,AM,7.000000,4.000000,26325;27012;28675;30303,1255.385175,0.817126,0.000000,1279.335827,0.834224,2.641182,26.758950,32.288258,12,26.892898,32.851106,12
VA309_NB,110+10988,all_4_of_5,MD,7.000000,4.000000,26325;27012;28675;30303,2675.546161,0.904566,0.000000,2651.649483,0.896497,5.534292,26.027261,26.736265,24,26.066627,29.770122,24
VA309_NB,110+10988,all_4_of_5,PM,7.000000,4.000000,26325;27012;28675;30303,3840.347225,2.336699,3.809701,2911.360385,1.769861,2.877947,26.056320,28.025988,16,26.076890,28.491141,16
VA309_NB,110+10989,all_5_of_5,AM,9.000000,8.000000,30264;30255;30252;33674;33687;30200;30165;33707,1040.841127,0.847762,0.000000,1129.406976,0.920387,3.065084,23.292177,30.430937,12,23.446446,30.854725,12
VA309_NB,110+10989,all_5_of_5,MD,9.000000,8.000000,30264;30255;30252;33674;33687;30200;30165;33707,2167.938877,0.917350,0.000000,2158.838314,0.913698,5.779537,22.661152,23.263218,24,22.708708,26.360183,24
VA309_NB,110+10989,all_5_of_5,PM,9.000000,8.000000,30264;30255;30252;33674;33687;30200;30165;33707,2811.313432,1.924517,4.155699,2221.694103,1.521071,3.295005,23.229430,25.086917,16,23.616623,25.528117,16
VA309_SB,110-10988,all_1_of_5,AM,5.000000,8.000000,30193;33706;30164;30202;33688;33673;30250;30256,1328.022780,0.981744,0.000000,1392.556229,1.029788,3.373355,24.463515,30.794412,12,24.586555,31.033843,12
VA309_SB,110-10988,all_1_of_5,MD,5.000000,8.000000,30193;33706;30164;30202;33688;33673;30250;30256,2067.253612,0.875638,0.000000,2047.817508,0.868137,5.750176,22.798679,24.436663,24,22.852105,26.985219,24
VA309_SB,110-10988,all_1_of_5,PM,5.000000,8.000000,30193;33706;30164;30202;33688;33673;30250;30256,2325.931722,1.549860,3.718698,1834.187772,1.229103,3.005353,22.774411,25.297941,16,22.805089,25.297895,16
VA309_SB,110-10987,all_2_of_5,AM,7.000000,4.000000,30267;30302;28674;27011,2040.605678,1.281276,0.000000,2018.984892,1.266432,2.218929,24.768439,32.584378,12,24.184664,32.971591,12
VA309_SB,110-10987,all_2_of_5,MD,7.000000,4.000000,30267;30302;28674;27011,2795.183882,0.865631,0.000000,2820.595266,0.873182,5.414317,24.738579,27.013173,24,24.794704,29.073089,24
VA309_SB,110-10987,all_2_of_5,PM,7.000000,4.000000,30267;30302;28674;27011,3317.277262,1.761890,0.000000,2357.035881,1.251650,2.345134,27.016493,27.483314,16,27.163487,30.444230,16
VA309_SB,110-10986,all_3_of_5,AM,8.000000,1.000000,26327,2232.288800,1.960200,0.000000,1560.264280,1.370122,2.413573,23.320151,29.631878,12,23.498796,30.602792,12
VA309_SB,110-10986,all_3_of_5,MD,8.000000,1.000000,26327,2365.763300,0.996700,0.000000,2656.798830,1.119347,6.435982,23.295042,23.516306,24,23.336094,25.911707,24
VA309_SB,110-10986,all_3_of_5,PM,8.000000,1.000000,26327,2842.055900,2.279900,3.374615,2015.594240,1.616901,2.374451,23.528071,25.266001,16,23.539881,27.048456,16
VA309_SB,110N10986,all_4_of_5,AM,9.000000,1.000000,25647,900.793500,0.394700,2.526268,1375.809330,0.602908,3.890945,19.904263,23.847623,12,18.591045,23.830210,12
VA309_SB,110N10986,all_4_of_5,MD,9.000000,1.000000,25647,1972.774800,0.484100,0.000000,1962.410520,0.481569,5.600899,19.682978,19.884365,24,19.763476,23.885644,24
VA309_SB,110N10986,all_4_of_5,PM,9.000000,1.000000,25647,1870.628300,0.644800,0.000000,1436.720340,0.495224,2.356685,19.885336,20.228153,16,20.095663,29.153164,16
VA309_SB,110-10984,all_5_of_5,AM,11.000000,3.000000,25654;26883;25698,2376.936921,1.101672,2.478610,2166.208873,1.004020,2.253117,20.717248,27.869612,12,21.202650,27.873513,12
VA309_SB,110-10984,all_5_of_5,MD,11.000000,3.000000,25654;26883;25698,2991.744091,0.750551,0.000000,2420.412728,0.607184,4.534150,22.542632,22.553627,24,22.606424,25.940866,24
VA309_SB,110-10984,all_5_of_5,PM,11.000000,3.000000,25654;26883;25698,2885.087809,1.100162,0.000000,1838.009776,0.700927,2.023187,22.555107,23.218963,16,22.693775,28.256887,16
VA338_EB,110P51881,only,AM,1.500000,1.000000,28947,8403.391700,4.075900,0.000000,6486.319340,3.146035,2.091668,15.054230,18.174126,12,15.072132,21.485270,12
VA338_EB,110P51881,only,MD,1.500000,1.000000,28947,11071.670400,2.810100,0.000000,8812.890630,2.236808,4.356886,14.629397,15.041417,24,14.721108,19.792679,24
VA338_EB,110P51881,only,PM,1.500000,1.000000,28947,10320.389800,3.952300,0.000000,7236.819340,2.771425,2.619351,14.629451,14.834112,16,12.564852,19.631819,16
VA338_WB,110N51881,all_1_of_2,AM,1.000000,1.000000,28945,6119.975200,3.335100,0.000000,4152.236820,2.262799,1.929196,21.661280,21.873982,12,21.535328,24.715483,12
VA338_WB,110N51881,all_1_of_2,MD,1.000000,1.000000,28945,12104.934200,3.260000,5.621012,8290.625980,2.232785,3.789933,18.353359,21.873817,24,19.173474,21.873659,24
VA338_WB,110N51881,all_1_of_2,PM,1.000000,1.000000,28945,15484.575800,6.559500,0.000000,9100.973630,3.855322,2.091185,19.161033,21.921276,16,19.321019,25.699322,16
VA338_WB,110-51880,all_2_of_2,AM,2.000000,2.000000,29999;30012,1075.539842,1.213891,0.000000,921.984118,1.039822,2.276862,20.782569,20.991393,12,20.462522,23.266089,12
VA338_WB,110-51880,all_2_of_2,MD,2.000000,2.000000,29999;30012,1665.523225,0.895628,0.000000,1723.923298,0.926884,5.393414,20.086291,20.991336,24,20.036583,23.083791,24
VA338_WB,110-51880,all_2_of_2,PM,2.000000,2.000000,29999;30012,2069.288625,1.878258,0.000000,1902.504380,1.723246,3.087059,20.087906,21.181706,16,19.854179,23.278254,16
VA400_NB,110P10491,only,AM,1.000000,1.000000,28319,445.150300,0.076800,1.784010,1200.836910,0.207079,4.812544,20.343973,28.794808,12,20.282132,26.070098,12
VA400_NB,110P10491,only,MD,1.000000,1.000000,28319,586.559900,0.051200,0.000000,347.965910,0.030351,3.167491,20.203933,20.591286,24,20.363026,42.867276,24
VA400_NB,110P10491,only,PM,1.000000,1.000000,28319,435.267400,0.032800,0.000000,1179.086670,0.088954,15.624139,20.594134,21.696905,16,20.910948,26.010701,16
VA401_NB,110+11028,corridor_start,AM,4.000000,3.000000,28717;28429;28043,4587.238152,1.785435,0.000000,3651.872654,1.426373,2.219541,18.929768,28.790171,12,19.126800,29.075705,12
VA401_NB,110+11028,corridor_start,MD,4.000000,3.000000,28717;28429;28043,7262.021309,1.430570,0.000000,6661.858931,1.320342,5.307341,16.338404,18.887947,24,15.297392,20.564442,24
VA401_NB,110+11028,corridor_start,PM,4.000000,3.000000,28717;28429;28043,7303.049657,2.621422,3.664385,5272.382650,1.902043,2.648081,14.678944,17.726602,16,16.338915,17.733449,16
VA401_NB,110P11029,behavior_diverse_2_of_5,AM,6.000000,1.000000,27837,3583.947300,1.946600,2.674827,2800.135990,1.520902,2.076396,21.955001,28.699174,12,23.128240,28.698027,12
VA401_NB,110P11029,behavior_diverse_2_of_5,MD,6.000000,1.000000,27837,4731.391200,1.196200,0.000000,5254.239260,1.328442,6.060939,23.234892,23.697501,24,22.042404,24.559070,24
VA401_NB,110P11029,behavior_diverse_2_of_5,PM,6.000000,1.000000,27837,5177.177600,2.239800,0.000000,3967.747070,1.716560,2.655723,23.238415,24.970076,16,23.361795,26.632336,16
VA401_NB,110P11030,behavior_diverse_3_of_5,AM,8.000000,1.000000,27637,3847.183300,1.898800,2.360055,3022.784180,1.491940,1.842669,26.707485,35.021427,12,27.320500,35.041735,12
VA401_NB,110P11030,behavior_diverse_3_of_5,MD,8.000000,1.000000,27637,4586.573400,0.986800,0.000000,4112.581050,0.884789,5.111199,28.439673,29.086414,24,28.007942,29.501151,24
VA401_NB,110P11030,behavior_diverse_3_of_5,PM,8.000000,1.000000,27637,3996.526500,1.319500,0.000000,3104.520510,1.025004,2.799553,28.443520,30.393071,16,27.891897,30.519122,16
VA401_NB,110+11031,behavior_diverse_4_of_5,AM,9.000000,1.000000,27930,1588.653100,0.613500,2.856187,2523.547360,0.974556,4.592248,18.561062,28.080378,12,15.532445,28.074539,12
VA401_NB,110+11031,behavior_diverse_4_of_5,MD,9.000000,1.000000,27930,2999.027800,0.627600,0.000000,4130.335450,0.864391,8.255669,21.167262,23.038545,24,18.166174,23.660046,24
VA401_NB,110+11031,behavior_diverse_4_of_5,PM,9.000000,1.000000,27930,2371.357900,0.837500,0.000000,3048.101560,1.076476,4.471683,22.489262,23.039186,16,17.947928,23.555725,16
VA401_NB,110+11032,corridor_end,AM,11.000000,1.000000,27935,286.304600,0.140500,0.000000,197.277830,0.096843,0.279246,26.300495,26.906287,12,26.516923,37.250014,12
VA401_NB,110+11032,corridor_end,MD,11.000000,1.000000,27935,176.789100,0.040000,0.000000,117.464460,0.026577,0.145566,26.298940,27.246614,24,26.348920,39.597179,24
VA401_NB,110+11032,corridor_end,PM,11.000000,1.000000,27935,345.957400,0.117900,0.000000,114.016240,0.038872,0.141877,26.666069,27.246235,16,26.784107,39.336171,16
VA401_SB,110-11029,all_1_of_4,AM,6.000000,3.000000,27636;27913;28403,1516.059481,0.781028,0.000000,1639.198577,0.846172,3.087268,27.735346,31.294120,12,24.985736,31.308209,12
VA401_SB,110-11029,all_1_of_4,MD,6.000000,3.000000,27636;27913;28403,3783.071952,0.935392,0.000000,3700.067673,0.914903,5.349476,25.904728,27.719305,24,25.303357,28.258406,24
VA401_SB,110-11029,all_1_of_4,PM,6.000000,3.000000,27636;27913;28403,6650.603336,3.314661,3.772600,3799.684926,1.896511,2.108788,23.538964,26.731573,16,25.807678,26.730156,16
VA401_SB,110N11029,all_2_of_4,AM,7.000000,2.000000,27903;28414,1536.036025,0.799625,0.000000,1656.300018,0.862196,2.982338,24.365811,25.126542,12,22.737811,25.825547,12
VA401_SB,110N11029,all_2_of_4,MD,7.000000,2.000000,27903;28414,3812.960625,0.975575,0.000000,3887.630248,0.994638,5.332358,22.160600,24.360529,24,22.198075,25.373844,24
VA401_SB,110N11029,all_2_of_4,PM,7.000000,2.000000,27903;28414,6300.117600,3.132075,0.000000,3717.381838,1.848056,2.175600,22.160406,23.047164,16,22.299012,26.351826,16
VA401_SB,110-11028,all_3_of_4,AM,8.000000,3.000000,27992;27836;27847,1918.129751,0.997588,0.000000,2101.419782,1.092779,2.794152,21.882002,24.637746,12,21.109760,25.191318,12
VA401_SB,110-11028,all_3_of_4,MD,8.000000,3.000000,27992;27836;27847,3449.421790,0.894455,0.000000,4270.421282,1.106271,6.590221,17.757288,21.866768,24,15.996233,22.467543,24
VA401_SB,110-11028,all_3_of_4,PM,8.000000,3.000000,27992;27836;27847,5485.075469,2.731298,3.743230,3841.195547,1.901512,2.639219,16.633269,21.389482,16,17.759731,21.379221,16
VA401_SB,110-52245,all_4_of_4,AM,8.500000,4.000000,27988;28433;28042;28430,2957.877949,1.213381,0.000000,2888.326549,1.207363,2.763938,22.493872,28.539676,12,21.778384,28.599148,12
VA401_SB,110-52245,all_4_of_4,MD,8.500000,4.000000,27988;28433;28042;28430,5850.157507,1.218295,5.632007,6262.772445,1.319316,6.216407,17.350863,22.468458,24,16.677751,22.468641,24
VA401_SB,110-52245,all_4_of_4,PM,8.500000,4.000000,27988;28433;28042;28430,6883.554880,2.502497,0.000000,5795.127427,2.102226,3.121960,20.254390,24.610350,16,19.529371,25.517735,16
VA402_NB,110+10997,all_1_of_5,AM,2.000000,2.000000,27875;28053,2014.770518,0.745018,0.000000,3111.476993,1.150544,4.658657,24.670910,28.018872,12,24.231141,28.553118,12
VA402_NB,110+10997,all_1_of_5,MD,2.000000,2.000000,27875;28053,3860.984880,0.823257,0.000000,4700.762351,1.002310,7.432616,24.490631,24.657445,24,24.528997,26.670342,24
VA402_NB,110+10997,all_1_of_5,PM,2.000000,2.000000,27875;28053,2570.205026,0.758197,0.000000,3767.297899,1.111287,5.624406,24.491896,25.114273,16,24.278596,26.447704,16
VA402_NB,110+10998,all_2_of_5,AM,3.000000,2.000000,27870;28008,1474.988300,0.511299,2.894110,2421.573000,0.839435,4.798307,19.388488,26.405978,12,16.111426,26.400874,12
VA402_NB,110+10998,all_2_of_5,MD,3.000000,2.000000,27870;28008,3021.541900,0.629100,0.000000,3956.322020,0.823687,7.945215,21.239644,22.047748,24,21.296774,24.340045,24
VA402_NB,110+10998,all_2_of_5,PM,3.000000,2.000000,27870;28008,1838.063600,0.554600,0.000000,2872.530030,0.866756,5.905985,21.243697,23.351416,16,20.213330,24.570071,16
VA402_NB,110+10999,all_3_of_5,AM,5.000000,1.000000,28014,1327.639200,0.526000,2.662589,1611.789430,0.638606,3.236455,22.163617,25.552159,12,22.111578,24.819820,12
VA402_NB,110+10999,all_3_of_5,MD,5.000000,1.000000,28014,2276.761900,0.446800,0.000000,1634.481930,0.320765,3.769803,21.339920,21.916048,24,21.458321,32.937535,24
VA402_NB,110+10999,all_3_of_5,PM,5.000000,1.000000,28014,1666.727900,0.485900,0.000000,1386.995000,0.404315,2.827140,21.237271,21.339117,16,21.496134,30.139575,16
VA402_NB,110P11001,all_4_of_5,AM,5.500000,2.000000,26466;26765,2454.477500,1.846165,0.000000,1669.573557,1.290345,1.964744,22.139949,26.026297,12,22.342163,27.412363,12
VA402_NB,110P11001,all_4_of_5,MD,5.500000,2.000000,26466;26765,5119.447041,1.887994,0.000000,3589.963667,1.329463,4.237383,22.124554,22.485229,24,22.187818,25.006573,24
VA402_NB,110P11001,all_4_of_5,PM,5.500000,2.000000,26466;26765,4656.107441,2.638153,4.090155,3109.884421,1.782511,2.710517,19.230459,22.482017,16,21.648957,22.480124,16
VA402_NB,110+11001,all_5_of_5,AM,6.000000,5.000000,28638;27604;27602;28636;28457,1800.369478,0.883120,0.000000,1784.420120,0.877070,2.793950,23.890570,28.339279,12,20.678942,28.505282,12
VA402_NB,110+11001,all_5_of_5,MD,6.000000,5.000000,28638;27604;27602;28636;28457,3023.766754,0.736353,0.000000,2164.810021,0.527027,3.883858,23.873303,24.835348,24,23.931081,28.466115,24
VA402_NB,110+11001,all_5_of_5,PM,6.000000,5.000000,28638;27604;27602;28636;28457,1964.464280,0.736641,0.000000,1455.407459,0.546725,2.628103,24.836678,25.002025,16,24.261887,28.269780,16
VA402_SB,110-10999,all_1_of_5,AM,1.000000,5.000000,27599;28458;28635;27600;27605,962.345365,0.526041,0.000000,1119.544989,0.613811,3.168413,24.319207,27.250528,12,22.049182,27.772936,12
VA402_SB,110-10999,all_1_of_5,MD,1.000000,5.000000,27599;28458;28635;27600;27605,2690.186518,0.699353,0.000000,3064.861558,0.799640,6.274859,21.231945,24.304341,24,20.904696,25.116910,24
VA402_SB,110-10999,all_1_of_5,PM,1.000000,5.000000,27599;28458;28635;27600;27605,2404.336437,0.958622,3.613315,2887.108691,1.142294,4.545062,18.850084,23.063219,16,17.344402,23.061629,16
VA402_SB,110N11001,all_2_of_5,AM,1.500000,3.000000,26136;26170;26766,1343.873905,0.903751,0.000000,1141.222681,0.758326,2.697253,20.766583,25.260407,12,20.118121,26.026627,12
VA402_SB,110N11001,all_2_of_5,MD,1.500000,3.000000,26136;26170;26766,3025.681409,1.017451,0.000000,2562.428278,0.850565,4.894501,19.329138,20.747251,24,19.398248,23.795144,24
VA402_SB,110N11001,all_2_of_5,PM,1.500000,3.000000,26136;26170;26766,2531.130016,1.359853,3.838815,1975.167041,1.030458,3.077026,16.956216,20.474491,16,18.405840,20.465581,16
VA402_SB,110-10998,all_3_of_5,AM,3.000000,1.000000,28639,804.126900,0.355800,0.000000,1007.883670,0.446013,3.176201,18.465164,19.473817,12,18.842408,23.550714,12
VA402_SB,110-10998,all_3_of_5,MD,3.000000,1.000000,28639,2107.355300,0.455000,0.000000,2582.473630,0.557542,6.366918,16.798472,18.459427,24,16.902016,22.581053,24
VA402_SB,110-10998,all_3_of_5,PM,3.000000,1.000000,28639,1821.870700,0.509700,3.518021,2674.417480,0.748159,5.164775,16.891327,19.761375,16,16.864345,18.961727,16
VA402_SB,110-10997,all_4_of_5,AM,5.000000,2.000000,28009;28007,1006.713500,0.473701,0.000000,1471.234990,0.692292,4.102731,23.636171,26.145899,12,23.312261,27.534102,12
VA402_SB,110-10997,all_4_of_5,MD,5.000000,2.000000,28009;28007,2833.923200,0.617451,0.000000,3856.054930,0.840138,8.258392,21.829022,23.624315,24,21.882089,25.399769,24
VA402_SB,110-10997,all_4_of_5,PM,5.000000,2.000000,28009;28007,2232.882500,0.672252,0.000000,3537.340580,1.065016,6.126570,21.828721,22.491141,16,19.819911,23.693015,16
VA402_SB,110-10996,all_5_of_5,AM,6.000000,2.000000,27871;28054,1391.462989,0.605428,0.000000,1898.844086,0.826198,3.965104,23.467465,26.305994,12,21.874099,27.128658,12
VA402_SB,110-10996,all_5_of_5,MD,6.000000,2.000000,27871;28054,3723.314044,0.774336,0.000000,4744.789831,0.986756,7.697623,21.938085,23.454597,24,21.984662,25.039859,24
VA402_SB,110-10996,all_5_of_5,PM,6.000000,2.000000,27871;28054,3071.342620,0.858792,0.000000,4707.765201,1.316369,5.881466,21.939459,23.198081,16,19.478264,24.193387,16
VA420_EB,110+11018,all_1_of_2,AM,1.000000,3.000000,27872;28520;27864,231.968161,0.182253,2.408456,489.855726,0.378144,6.036074,20.415147,21.319219,12,14.413857,21.258446,12
VA420_EB,110+11018,all_1_of_2,MD,1.000000,3.000000,27872;28520;27864,710.787338,0.314239,0.000000,1088.763613,0.482261,8.252266,19.341311,21.383255,24,17.714159,23.077663,24
VA420_EB,110+11018,all_1_of_2,PM,1.000000,3.000000,27872;28520;27864,741.846790,0.516147,0.000000,943.461954,0.656548,4.589682,19.344893,21.786020,16,18.933672,23.157230,16
VA420_EB,110P11018,all_2_of_2,AM,2.000000,1.000000,27858,61.206900,0.000900,0.000000,125.697030,0.001843,0.005200,12.180318,13.792443,12,12.243421,16.804083,12
VA420_EB,110P11018,all_2_of_2,MD,2.000000,1.000000,27858,206.538900,0.002000,0.000000,250.833710,0.002376,0.014252,13.799150,14.093836,24,13.810802,16.957166,24
VA420_EB,110P11018,all_2_of_2,PM,2.000000,1.000000,27858,157.457700,0.002300,0.000000,169.150970,0.002430,0.011521,14.094669,14.333562,16,13.627383,16.924535,16
VA420_NB,110+10978,only,AM,1.000000,8.000000,27869;27839;28395;27921;27917;27915;28046;28388,1010.266147,0.458579,3.028327,1304.844087,0.590600,3.952195,17.860493,23.342649,12,16.182707,23.342551,12
VA420_NB,110+10978,only,MD,1.000000,8.000000,27869;27839;28395;27921;27917;27915;28046;28388,2041.540845,0.508028,0.000000,2504.659307,0.621997,7.030701,19.104120,19.902890,24,18.398563,21.879372,24
VA420_NB,110+10978,only,PM,1.000000,8.000000,27869;27839;28395;27921;27917;27915;28046;28388,1591.147186,0.580863,0.000000,2095.289779,0.761242,5.029885,19.109066,21.602085,16,16.902567,22.486861,16
VA420_SB,110-10977,only,AM,11.000000,8.000000,28154;28387;28045;27914;27918;27922;28394;27838,646.585504,0.298012,0.000000,1046.895353,0.481119,4.645195,20.407645,21.760406,12,14.348180,22.652060,12
VA420_SB,110-10977,only,MD,11.000000,8.000000,28154;28387;28045;27914;27918;27922;28394;27838,1901.295841,0.475217,0.000000,2509.390502,0.624796,7.522197,17.955765,20.399733,24,17.493518,22.026336,24
VA420_SB,110-10977,only,PM,11.000000,8.000000,28154;28387;28045;27914;27918;27922;28394;27838,1973.601309,0.743591,3.984548,2427.500156,0.897661,5.009757,16.955466,20.695164,16,15.540695,21.045785,16
VA420_WB,110N11018,all_1_of_2,AM,1.000000,1.000000,3759,76.416400,0.001100,0.000000,85.259740,0.001258,0.003514,22.006086,23.373684,12,15.341493,23.276551,12
VA420_WB,110N11018,all_1_of_2,MD,1.000000,1.000000,3759,231.430800,0.001600,0.000000,270.030270,0.001908,0.011391,23.379387,23.641648,24,14.514015,23.615775,24
VA420_WB,110N11018,all_1_of_2,PM,1.000000,1.000000,3759,122.866700,0.001300,0.000000,159.282120,0.001650,0.007824,23.108570,23.640683,16,13.764815,23.587182,16
VA420_WB,110-11017,all_2_of_2,AM,2.000000,3.000000,27859;27865;28521,307.867151,0.296831,2.594125,417.998061,0.387200,5.181854,20.345792,22.273485,12,15.588929,22.272060,12
VA420_WB,110-11017,all_2_of_2,MD,2.000000,3.000000,27859;27865;28521,780.441749,0.363278,0.000000,1113.833735,0.519207,8.114146,19.885569,21.295736,24,18.342508,23.121093,24
VA420_WB,110-11017,all_2_of_2,PM,2.000000,3.000000,27859;27865;28521,634.366108,0.431648,0.000000,952.451235,0.651765,5.495132,19.888153,21.621594,16,17.609234,22.833964,16
VA55_EB,110+57992,all_1_of_3,AM,1.000000,4.000000,48753;38664;40470;40508,854.563619,0.329680,0.000000,374.132039,0.144319,0.401755,49.335538,53.758299,12,38.425138,53.686273,12
VA55_EB,110+57993,all_2_of_3,AM,1.000000,3.000000,38734;40633;40940,1037.184978,0.499233,0.000000,986.902667,0.468167,1.324820,33.031901,35.736210,12,28.933725,36.040974,12
VA55_EB,110+57994,all_3_of_3,AM,1.000000,8.000000,38657;38652;39444;39447;39450;39453;38735;38681,614.521244,0.541988,0.000000,622.184261,0.547396,2.596690,23.852969,27.969948,12,21.667038,28.370071,12
VA55_EB,110+57992,all_1_of_3,MD,1.000000,4.000000,48753;38664;40470;40508,571.470567,0.113683,0.000000,346.939392,0.069008,0.406255,47.201698,49.315751,24,38.764879,49.311517,24
VA55_EB,110+57993,all_2_of_3,MD,1.000000,3.000000,38734;40633;40940,1857.274662,0.661927,5.099734,2060.247238,0.724699,5.898470,27.473684,33.049286,24,27.201397,33.042471,24
VA55_EB,110+57994,all_3_of_3,MD,1.000000,8.000000,38657;38652;39444;39447;39450;39453;38735;38681,1502.483722,0.655668,0.000000,1466.600702,0.636229,5.076026,23.303554,23.836073,24,20.951382,25.216406,24
VA55_EB,110+57992,all_1_of_3,PM,1.000000,4.000000,48753;38664;40470;40508,365.165399,0.112030,0.000000,276.403740,0.084955,0.335249,47.200713,47.710175,16,39.549812,47.710125,16
VA55_EB,110+57993,all_2_of_3,PM,1.000000,3.000000,38734;40633;40940,1438.495517,0.849222,0.000000,1545.229522,0.910113,2.151604,29.231825,33.350248,16,28.038171,33.540025,16
VA55_EB,110+57994,all_3_of_3,PM,1.000000,8.000000,38657;38652;39444;39447;39450;39453;38735;38681,1035.399134,0.727575,3.632054,1069.027884,0.743653,4.138167,20.301171,23.742482,16,19.930939,23.742870,16
VA55_WB,110-57991,all_1_of_3,AM,1.000000,4.000000,38733;40509;40469;38665,164.585111,0.072742,0.000000,142.709444,0.063081,0.169752,46.513984,48.484342,12,42.058406,48.479245,12
VA55_WB,110-57992,all_2_of_3,AM,1.000000,3.000000,38659;40941;40632,574.601628,0.302743,0.000000,585.197345,0.308494,0.832313,36.091014,36.500114,12,30.472388,37.001611,12
VA55_WB,110-57993,all_3_of_3,AM,1.000000,8.000000,38622;38683;38737;39454;39449;39446;39443;38651,562.905654,0.514783,0.000000,643.434031,0.586454,3.112114,22.232962,28.046250,12,18.948032,28.112759,12
VA55_WB,110-57991,all_1_of_3,MD,1.000000,4.000000,38733;40509;40469;38665,407.722253,0.081756,0.000000,376.079397,0.075406,0.444511,46.505955,46.713710,24,38.188146,46.827939,24
VA55_WB,110-57992,all_2_of_3,MD,1.000000,3.000000,38659;40941;40632,1625.106075,0.567765,0.000000,1642.510167,0.573889,3.139701,32.568096,36.085851,24,29.321704,36.258887,24
VA55_WB,110-57993,all_3_of_3,MD,1.000000,8.000000,38622;38683;38737;39454;39449;39446;39443;38651,1610.108430,0.739178,0.000000,1837.294701,0.844900,6.057429,19.347615,22.206868,24,17.293878,22.834064,24
VA55_WB,110-57991,all_1_of_3,PM,1.000000,4.000000,38733;40509;40469;38665,564.676558,0.170164,0.000000,513.121243,0.154650,0.615921,46.718008,48.562434,16,35.852434,48.557220,16
VA55_WB,110-57992,all_2_of_3,PM,1.000000,3.000000,38659;40941;40632,1375.220629,0.509635,0.000000,1448.797507,0.537248,2.163496,32.575663,37.371331,16,27.606525,37.391702,16
VA55_WB,110-57993,all_3_of_3,PM,1.000000,8.000000,38622;38683;38737;39454;39449;39446;39443;38651,1249.424877,0.942934,3.310414,1440.613316,1.084294,4.192116,16.389042,20.408457,16,15.410886,20.406168,16
VA600_EB,110+57896,all_1_of_2,AM,2.000000,3.000000,29442;35127;35226,828.137321,0.412590,0.000000,918.331232,0.460523,1.391385,33.997658,37.847961,12,31.919355,39.076459,12
VA600_EB,110+57896,all_1_of_2,MD,2.000000,3.000000,29442;35127;35226,1854.588806,0.441042,0.000000,1767.666321,0.418793,2.531298,33.982527,34.931922,24,31.486499,38.457168,24
VA600_EB,110+57896,all_1_of_2,PM,2.000000,3.000000,29442;35127;35226,878.113634,0.271487,0.000000,1421.142271,0.447841,1.813193,34.078195,34.930910,16,31.074288,38.140492,16
VA600_EB,110+57897,all_2_of_2,AM,3.000000,4.000000,29411;35103;31172;35062,1115.968006,0.519696,2.510029,1265.911166,0.594449,2.876304,30.206561,34.727403,12,29.911504,34.733140,12
VA600_EB,110+57897,all_2_of_2,MD,3.000000,4.000000,29411;35103;31172;35062,2608.695547,0.726165,0.000000,2787.377176,0.771323,0.277558,29.307594,31.092444,24,29.366513,37.050240,24
VA600_EB,110+57897,all_2_of_2,PM,3.000000,4.000000,29411;35103;31172;35062,1803.836870,0.709207,4.061650,1973.091346,0.772783,4.447189,29.995937,31.280654,16,29.887482,31.058264,16
VA600_WB,110-57896,all_1_of_2,AM,2.000000,3.000000,29430;35063;31173,1107.431983,0.533717,2.282962,943.855685,0.452376,1.935546,31.236283,34.976002,12,31.334314,34.971395,12
VA600_WB,110-57896,all_1_of_2,MD,2.000000,3.000000,29430;35063;31173,2715.815956,0.689363,0.000000,2692.721985,0.679669,0.237066,29.866595,31.328495,24,29.923489,38.036200,24
VA600_WB,110-57896,all_1_of_2,PM,2.000000,3.000000,29430;35063;31173,2274.243109,0.817559,3.693729,2444.130893,0.879374,3.980621,30.597507,32.062356,16,30.511896,32.061984,16
VA600_WB,110-57895,all_2_of_2,AM,3.000000,4.000000,35102;29413;35227;35126,695.514384,0.355886,0.000000,669.182701,0.346833,1.044836,34.715686,34.724095,12,32.581092,39.248356,12
VA600_WB,110-57895,all_2_of_2,MD,3.000000,4.000000,35102;29413;35227;35126,1468.408566,0.354604,0.000000,1443.908734,0.348010,2.098276,34.724841,35.452480,24,31.923996,39.746345,24
VA600_WB,110-57895,all_2_of_2,PM,3.000000,4.000000,35102;29413;35227;35126,1393.393104,0.483897,0.000000,1696.066982,0.590612,2.395570,35.362593,35.453018,16,30.460554,36.777407,16
VA602_NB,110+57997,corridor_start,AM,2.000000,3.000000,30764;33378;30746,3118.870115,0.666050,0.000000,2989.362997,0.638393,1.943209,36.836869,43.241819,12,30.444495,43.285395,12
VA602_NB,110+57997,corridor_start,MD,2.000000,3.000000,30764;33378;30746,4700.506539,0.519336,0.000000,4679.925337,0.517061,3.132048,36.812589,39.258240,24,31.141675,39.760377,24
VA602_NB,110+57997,corridor_start,PM,2.000000,3.000000,30764;33378;30746,3576.592431,0.587194,0.000000,3755.512656,0.616669,2.481098,39.263318,40.428940,16,30.888460,40.529213,16
VA602_NB,110+57998,behavior_diverse_2_of_5,AM,3.000000,1.000000,30757,4235.680900,1.579900,0.000000,4018.500240,1.498855,1.425783,28.843320,37.095472,12,29.046573,37.630443,12
VA602_NB,110+57998,behavior_diverse_2_of_5,MD,3.000000,1.000000,30757,6199.727400,0.893500,0.000000,6496.020020,0.936201,5.843135,28.810763,29.831628,24,28.833480,31.673467,24
VA602_NB,110+57998,behavior_diverse_2_of_5,PM,3.000000,1.000000,30757,4706.883300,1.231000,3.847889,4860.239260,1.271065,3.976415,28.402490,29.823296,16,28.266894,29.822333,16
VA602_NB,110+57999,behavior_diverse_3_of_5,AM,4.000000,4.000000,30754;30937;30837;30964,3124.616572,0.682005,0.000000,2796.743883,0.610463,0.634662,27.225392,39.783569,12,27.380786,39.843326,12
VA602_NB,110+57999,behavior_diverse_3_of_5,MD,4.000000,4.000000,30754;30937;30837;30964,4365.143166,0.672172,0.000000,4156.796604,0.643617,0.200927,27.182228,35.973637,24,27.222549,36.742284,24
VA602_NB,110+57999,behavior_diverse_3_of_5,PM,4.000000,4.000000,30754;30937;30837;30964,2987.993181,0.842251,1.087825,2999.480306,0.846544,1.093626,29.527505,36.216662,16,29.508948,36.218202,16
VA602_NB,110+58001,behavior_diverse_4_of_5,AM,8.000000,1.000000,31881,2366.445600,1.268100,0.000000,2503.540530,1.341566,2.820638,20.335767,22.843078,12,19.780899,23.711717,12
VA602_NB,110+58001,behavior_diverse_4_of_5,MD,8.000000,1.000000,31881,4424.740400,1.114400,0.000000,4093.187740,1.030868,5.151970,20.327620,22.557815,24,20.331077,23.890673,24
VA602_NB,110+58001,behavior_diverse_4_of_5,PM,8.000000,1.000000,31881,3424.938300,1.355200,3.674310,3833.158940,1.516697,4.127314,17.989272,22.555260,16,17.197148,22.558524,16
VA602_NB,110+58004,corridor_end,AM,14.000000,2.000000,31006;33996,1256.225267,0.390877,0.000000,1007.097883,0.313365,0.942312,32.330679,35.581430,12,32.529275,39.996834,12
VA602_NB,110+58004,corridor_end,MD,14.000000,2.000000,31006;33996,3728.454094,0.555268,0.000000,3603.382294,0.536645,3.253929,32.317283,32.514329,24,30.886169,35.979693,24
VA602_NB,110+58004,corridor_end,PM,14.000000,2.000000,31006;33996,2238.710156,0.578427,0.000000,2112.205130,0.545744,2.196731,32.515909,33.136016,16,32.621776,36.303735,16
VA602_SB,110-58003,corridor_start,AM,2.000000,2.000000,30450;33997,1222.960833,0.331435,0.000000,1201.923258,0.325760,0.980005,38.567874,40.060588,12,32.828012,41.521697,12
VA602_SB,110-58003,corridor_start,MD,2.000000,2.000000,30450;33997,3964.794056,0.494309,0.000000,3740.748452,0.466336,2.822364,38.562081,39.001223,24,31.245089,39.797889,24
VA602_SB,110-58003,corridor_start,PM,2.000000,2.000000,30450;33997,2688.199079,0.487797,0.000000,2043.162773,0.370751,1.497674,38.756196,39.001103,16,31.576701,40.664170,16
VA602_SB,110-58000,behavior_diverse_2_of_5,AM,8.000000,1.000000,30487,1721.323100,0.855800,0.000000,1752.511840,0.871324,2.920496,27.221684,28.389451,12,24.700349,28.606804,12
VA602_SB,110-58000,behavior_diverse_2_of_5,MD,8.000000,1.000000,30487,4249.367300,1.009600,0.000000,3981.194580,0.945927,5.021711,24.664523,27.214407,24,24.705026,27.902820,24
VA602_SB,110-58000,behavior_diverse_2_of_5,PM,8.000000,1.000000,30487,3811.324500,1.443900,3.575574,4434.608890,1.680058,4.180812,19.178776,25.319860,16,18.145789,25.321112,16
VA602_SB,110-57999,behavior_diverse_3_of_5,AM,10.000000,1.000000,30542,1826.700900,0.527400,0.000000,1729.313230,0.499318,0.439694,32.547981,32.612042,12,31.300749,34.805762,12
VA602_SB,110-57999,behavior_diverse_3_of_5,MD,10.000000,1.000000,30542,4171.270100,0.803900,0.000000,3878.744140,0.747507,4.282044,26.344949,32.605873,24,26.387147,32.773457,24
VA602_SB,110-57999,behavior_diverse_3_of_5,PM,10.000000,1.000000,30542,3611.257800,1.064000,3.479031,3992.445560,1.176324,3.868173,21.115944,27.505938,16,20.339265,27.498923,16
VA602_SB,110-57998,behavior_diverse_4_of_5,AM,12.000000,4.000000,31055;30962;30835;30936,1345.414938,0.407644,0.000000,1299.865092,0.394477,1.182064,37.927898,40.315731,12,29.169380,40.327665,12
VA602_SB,110-57998,behavior_diverse_4_of_5,MD,12.000000,4.000000,31055;30962;30835;30936,3679.064143,0.535722,0.000000,3720.812669,0.543124,3.279330,34.974195,37.915334,24,27.367372,37.984976,24
VA602_SB,110-57998,behavior_diverse_4_of_5,PM,12.000000,4.000000,31055;30962;30835;30936,4092.872466,0.834166,1.504475,4237.648809,0.864567,1.561166,27.389316,37.576772,16,27.265622,37.575871,16
VA602_SB,110-57996,corridor_end,AM,14.000000,3.000000,30756;30748;33379,1871.190324,0.413513,0.000000,1802.600902,0.398445,1.205002,42.271578,45.276019,12,31.794341,45.293132,12
VA602_SB,110-57996,corridor_end,MD,14.000000,3.000000,30756;30748;33379,4309.836251,0.476134,0.000000,4538.866628,0.501455,3.035759,41.087631,42.258417,24,31.232955,42.426477,24
VA602_SB,110-57996,corridor_end,PM,14.000000,3.000000,30756;30748;33379,4449.158587,0.689176,0.000000,4922.578928,0.762512,3.081376,41.087273,41.450066,16,30.277632,41.451401,16
VA606_EB,110+10088,corridor_start,AM,1.000000,5.000000,38023;35850;37868;38100;37478,2966.011602,0.649549,0.000000,3197.634821,0.700317,2.127008,46.417305,53.087191,12,29.747025,52.947038,12
VA606_EB,110+10088,corridor_start,MD,1.000000,5.000000,38023;35850;37868;38100;37478,4413.999667,0.468847,0.000000,4724.248624,0.500614,3.027861,46.389950,46.921871,24,29.580615,46.909074,24
VA606_EB,110+10088,corridor_start,PM,1.000000,5.000000,38023;35850;37868;38100;37478,2583.234447,0.401200,0.000000,2608.421188,0.402692,1.613639,46.932809,51.625472,16,30.443279,51.562343,16
VA606_EB,110+18880,behavior_diverse_2_of_5,AM,2.000000,2.000000,30510;32781,2087.263056,0.929800,2.854316,2371.366893,1.054098,3.242899,20.327145,29.970443,12,19.797966,29.942296,12
VA606_EB,110+18880,behavior_diverse_2_of_5,MD,2.000000,2.000000,30510;32781,4920.774311,1.115056,0.000000,5313.591580,1.203266,6.361519,21.912870,23.309915,24,20.278325,23.949194,24
VA606_EB,110+18880,behavior_diverse_2_of_5,PM,2.000000,2.000000,30510;32781,4054.819722,1.496233,0.000000,3701.053111,1.365349,3.648555,23.316244,25.513995,16,20.757903,25.893922,16
VA606_EB,110P18882,behavior_diverse_3_of_5,AM,5.500000,1.000000,30481,3980.000400,1.249000,2.321812,3109.540280,0.975805,1.808862,22.356876,36.980222,12,22.963414,37.170738,12
VA606_EB,110P18882,behavior_diverse_3_of_5,MD,5.500000,1.000000,30481,6248.490400,0.930200,0.000000,5880.445800,0.875372,5.777350,22.472587,23.953091,24,22.523943,26.343360,24
VA606_EB,110P18882,behavior_diverse_3_of_5,PM,5.500000,1.000000,30481,4727.063900,1.089400,0.000000,4284.776860,0.987427,3.706712,23.959050,25.952106,16,24.050314,27.491801,16
VA606_EB,110+18882,behavior_diverse_4_of_5,AM,6.000000,1.000000,31001,3555.896200,0.701200,0.000000,2699.826660,0.532367,1.610635,38.831709,45.499597,12,31.542283,45.522040,12
VA606_EB,110+18882,behavior_diverse_4_of_5,MD,6.000000,1.000000,31001,5765.903600,0.625700,0.000000,5417.193360,0.587860,3.568755,38.446095,38.804867,24,30.682861,39.193501,24
VA606_EB,110+18882,behavior_diverse_4_of_5,PM,6.000000,1.000000,31001,4685.326700,0.716800,0.000000,4245.616700,0.649505,2.640651,38.449105,39.898095,16,30.139053,39.966359,16
VA606_EB,110+10091,corridor_end,AM,7.000000,2.000000,31226;30532,523.295000,0.329454,2.053602,809.121520,0.509399,3.216601,19.932245,25.310607,12,18.357955,25.324792,12
VA606_EB,110+10091,corridor_end,MD,7.000000,2.000000,31226;30532,928.207600,0.259200,0.000000,984.702030,0.274951,4.363157,23.126141,23.542466,24,21.091044,26.114071,24
VA606_EB,110+10091,corridor_end,PM,7.000000,2.000000,31226;30532,759.384700,0.342846,0.000000,701.866880,0.316880,2.460010,23.126614,23.513273,16,21.776405,26.639038,16
VA606_NB,110+58067,all_1_of_2,AM,2.000000,3.000000,36569;37966;38074,965.444470,0.301418,0.000000,1118.519698,0.346130,1.046706,34.405311,36.896620,12,32.096940,39.959745,12
VA606_NB,110+58067,all_1_of_2,MD,2.000000,3.000000,36569;37966;38074,1837.735830,0.273986,0.000000,1781.113790,0.265527,1.588034,34.395121,34.620647,24,33.021588,40.783275,24
VA606_NB,110+58067,all_1_of_2,PM,2.000000,3.000000,36569;37966;38074,1304.816615,0.300467,0.000000,1175.488695,0.270692,1.063080,34.620890,34.630415,16,33.410502,40.728956,16
VA606_NB,110+58068,all_2_of_2,AM,4.000000,2.000000,35841;38119,1914.082726,0.509721,0.000000,1940.950764,0.516875,1.553110,46.302701,47.507386,12,24.680208,47.324054,12
VA606_NB,110+58068,all_2_of_2,MD,4.000000,2.000000,35841;38119,4316.068655,0.527270,0.000000,3947.365419,0.482245,2.934163,43.694054,46.295224,24,23.261570,46.255236,24
VA606_NB,110+58068,all_2_of_2,PM,4.000000,2.000000,35841;38119,3023.943760,0.567281,0.000000,2641.210001,0.495508,1.994864,43.691805,43.874142,16,23.622728,43.789491,16
VA606_SB,110-58067,all_1_of_2,AM,20.000000,3.000000,38024;36304;38118,2138.407752,0.626191,0.000000,1470.546750,0.432379,1.297982,36.917904,40.841368,12,27.348536,40.829306,12
VA606_SB,110-58067,all_1_of_2,MD,20.000000,3.000000,38024;36304;38118,3833.707835,0.553959,0.000000,3837.595319,0.555362,3.370531,34.712840,36.900021,24,25.609297,36.947358,24
VA606_SB,110-58067,all_1_of_2,PM,20.000000,3.000000,38024;36304;38118,3382.017540,0.838261,3.211526,3210.714016,0.797055,3.054335,24.483825,34.932229,16,24.617903,34.942584,16
VA606_SB,110-58066,all_2_of_2,AM,22.000000,3.000000,35840;38077;37965,589.879358,0.177981,0.000000,509.395946,0.153775,0.459356,35.588588,35.977003,12,35.735994,43.020554,12
VA606_SB,110-58066,all_2_of_2,MD,22.000000,3.000000,35840;38077;37965,1851.672210,0.264666,0.000000,1408.615016,0.201026,1.195766,34.149870,35.976750,24,33.889562,42.059193,24
VA606_SB,110-58066,all_2_of_2,PM,22.000000,3.000000,35840;38077;37965,1466.318909,0.349450,0.000000,1493.276265,0.357383,1.413406,34.149108,34.627636,16,32.646245,39.057066,16
VA606_WB,110-10090,corridor_start,AM,1.000000,2.000000,30523;30533,337.879100,0.209800,0.000000,419.731170,0.260651,2.368696,26.208010,26.361130,12,20.659144,27.447267,12
VA606_WB,110-18881,behavior_diverse_2_of_5,AM,1.000000,1.000000,30482,3033.391600,0.649600,0.000000,2634.760250,0.564220,1.708147,36.535768,41.927276,12,31.365600,41.993902,12
VA606_WB,110-10090,corridor_start,MD,1.000000,2.000000,30523;30533,954.177600,0.276400,0.000000,1101.675170,0.319111,4.716773,23.663412,26.204876,24,21.177815,27.426843,24
VA606_WB,110-18881,behavior_diverse_2_of_5,MD,1.000000,1.000000,30482,6241.188800,0.670300,0.000000,5884.952640,0.631998,3.840380,36.441157,36.514276,24,30.489048,37.174534,24
VA606_WB,110-10090,corridor_start,PM,1.000000,2.000000,30523;30533,1134.947300,0.544254,2.726116,1017.076840,0.487718,2.420073,21.234829,24.258651,16,21.813874,24.249921,16
VA606_WB,110-18881,behavior_diverse_2_of_5,PM,1.000000,1.000000,30482,5845.539700,1.093500,0.000000,3974.682620,0.743540,0.490312,35.913124,36.439915,16,34.845937,38.561821,16
VA606_WB,110-10088,behavior_diverse_3_of_5,AM,5.000000,4.000000,36741;35866;38114;35889,2112.626727,1.072669,2.784978,1891.469955,0.945395,2.583700,24.294451,31.997877,12,24.394127,32.006066,12
VA606_WB,110-18874,behavior_diverse_4_of_5,AM,5.000000,1.000000,33131,426.482300,0.281500,0.000000,661.399410,0.436573,3.372551,19.024777,21.172987,12,14.705184,21.798784,12
VA606_WB,110-10088,behavior_diverse_3_of_5,MD,5.000000,4.000000,36741;35866;38114;35889,4608.779612,1.088282,3.769060,4181.114833,0.979902,3.531374,24.851965,34.907291,24,24.919392,34.936529,24
VA606_WB,110-18874,behavior_diverse_4_of_5,MD,5.000000,1.000000,33131,1041.686000,0.325900,0.000000,1637.781620,0.512362,7.112489,14.795974,19.011871,24,12.014484,19.663850,24
VA606_WB,110-10088,behavior_diverse_3_of_5,PM,5.000000,4.000000,36741;35866;38114;35889,3772.328508,0.781267,0.000000,3779.375497,0.782421,3.171071,35.069550,40.851974,16,22.737591,40.768399,16
VA606_WB,110-18874,behavior_diverse_4_of_5,PM,5.000000,1.000000,33131,1166.836400,0.606400,0.000000,1426.704350,0.741405,3.255229,14.793889,15.758081,16,12.087102,17.712211,16
VA606_WB,110-10087,corridor_end,AM,7.000000,5.000000,36636;37479;38101;37867;35851,1270.622939,0.316114,0.000000,1188.414452,0.295492,0.885838,46.130091,48.012536,12,32.271142,47.947391,12
VA606_WB,110-10087,corridor_end,MD,7.000000,5.000000,36636;37479;38101;37867;35851,3478.388675,0.382472,0.000000,3485.337577,0.382123,2.298810,45.122590,48.017435,24,30.227740,48.005308,24
VA606_WB,110-10087,corridor_end,PM,7.000000,5.000000,36636;37479;38101;37867;35851,4095.434962,0.668059,0.000000,4309.313441,0.701128,2.839268,45.131117,50.063990,16,28.964139,49.992791,16
VA607_NB,110+58070,corridor_start,AM,7.000000,2.000000,38135;38031,1915.984600,0.452119,0.000000,2166.243650,0.511205,1.551949,38.735268,43.539603,12,30.999532,43.584166,12
VA607_NB,110+58070,corridor_start,MD,7.000000,2.000000,38135;38031,4454.182100,0.494715,0.000000,4390.687010,0.487649,2.950710,38.717109,40.603436,24,31.315184,40.944178,24
VA607_NB,110+58070,corridor_start,PM,7.000000,2.000000,38135;38031,3341.287300,0.608410,0.000000,3399.205810,0.618943,2.488109,39.753623,40.603394,16,30.930400,40.765235,16
VA607_NB,110+58074,behavior_diverse_2_of_5,AM,14.000000,5.000000,36096;37381;38052;37384;38140,3832.009219,0.676502,0.000000,2866.644140,0.506342,1.521897,38.045663,42.773604,12,25.337721,42.691381,12
VA607_NB,110+58074,behavior_diverse_2_of_5,MD,14.000000,5.000000,36096;37381;38052;37384;38140,6613.009649,0.583053,0.000000,5610.163542,0.494738,3.006422,38.026543,38.666985,24,23.993361,38.657283,24
VA607_NB,110+58074,behavior_diverse_2_of_5,PM,14.000000,5.000000,36096;37381;38052;37384;38140,3920.757752,0.498645,0.000000,3341.125343,0.425251,1.706753,38.677517,43.134474,16,24.719708,43.079613,16
VA607_NB,110+58075,behavior_diverse_3_of_5,AM,16.000000,2.000000,36298;36707,1167.019060,0.344389,0.000000,1255.164616,0.372807,1.116803,38.985828,39.216130,12,28.990959,39.301413,12
VA607_NB,110+58075,behavior_diverse_3_of_5,MD,16.000000,2.000000,36298;36707,2503.660157,0.353034,0.000000,2951.260958,0.420170,2.531421,37.577112,38.983490,24,27.749014,39.066489,24
VA607_NB,110+58075,behavior_diverse_3_of_5,PM,16.000000,2.000000,36298;36707,2214.015789,0.482827,0.000000,2077.821792,0.457456,1.831945,37.580595,39.694230,16,27.879988,39.706307,16
VA607_NB,110+58077,behavior_diverse_4_of_5,AM,20.000000,2.000000,36613;38087,1428.151100,0.751100,0.000000,1063.279540,0.559208,1.625017,27.905372,33.194669,12,23.651455,33.232526,12
VA607_NB,110+58077,behavior_diverse_4_of_5,MD,20.000000,2.000000,36613;38087,2894.509000,0.736000,5.633465,2652.190430,0.674394,5.157089,18.645086,27.883780,24,18.988302,27.882088,24
VA607_NB,110+58077,behavior_diverse_4_of_5,PM,20.000000,2.000000,36613;38087,2232.427100,0.843000,0.000000,1699.607420,0.641769,2.709675,22.095163,27.359452,16,20.275778,27.799195,16
VA607_NB,110+58078,corridor_end,AM,22.000000,1.000000,38091,834.662400,0.337600,2.029897,798.776250,0.323038,1.941508,26.257136,33.347105,12,26.276149,33.355865,12
VA607_NB,110+58078,corridor_end,MD,22.000000,1.000000,38091,2138.704500,0.422100,3.284471,2728.248050,0.538483,4.200629,25.189416,31.944916,24,24.966731,31.814451,24
VA607_NB,110+58078,corridor_end,PM,22.000000,1.000000,38091,1771.892300,0.451300,0.000000,2837.485840,0.722671,6.904737,30.458223,31.814766,16,24.891753,31.791129,16
VA607_SB,110-58077,corridor_start,AM,2.000000,1.000000,38093,1044.363400,0.376400,0.000000,1855.410400,0.668762,2.015840,30.679620,34.935267,12,25.758609,34.933714,12
VA607_SB,110-58077,corridor_start,MD,2.000000,1.000000,38093,2148.605800,0.688000,0.000000,3375.095700,1.080792,7.029792,29.111748,30.661094,24,24.084517,30.646064,24
VA607_SB,110-58077,corridor_start,PM,2.000000,1.000000,38093,1552.511500,0.488600,4.012047,2054.574220,0.646637,5.330381,23.340523,30.214511,16,22.906000,30.225860,16
VA607_SB,110-58076,behavior_diverse_2_of_5,AM,4.000000,2.000000,38090;38086,1287.555600,0.637900,0.000000,1045.997070,0.518222,1.167488,27.676388,36.061686,12,24.112106,36.074394,12
VA607_SB,110-58076,behavior_diverse_2_of_5,MD,4.000000,2.000000,38090;38086,2845.390300,0.724700,5.472355,2795.718260,0.712029,5.375825,21.303537,27.642049,24,21.354852,27.642342,24
VA607_SB,110-58076,behavior_diverse_2_of_5,PM,4.000000,2.000000,38090;38086,2330.299100,0.887191,0.000000,1943.906250,0.740113,3.097771,26.196878,29.112831,16,22.516927,29.141348,16
VA607_SB,110-58074,behavior_diverse_3_of_5,AM,8.000000,2.000000,36098;36708,1175.894311,0.359948,0.000000,1333.459820,0.409227,1.229234,37.241299,39.385828,12,28.844634,39.415038,12
VA607_SB,110-58074,behavior_diverse_3_of_5,MD,8.000000,2.000000,36098;36708,2712.189741,0.398373,0.000000,2984.522954,0.442408,2.668532,36.457890,37.231970,24,27.632992,37.466683,24
VA607_SB,110-58074,behavior_diverse_3_of_5,PM,8.000000,2.000000,36098;36708,1973.563941,0.432691,0.000000,2170.833083,0.480979,1.927164,36.461615,38.400051,16,27.668069,38.466132,16
VA607_SB,110-58073,behavior_diverse_4_of_5,AM,10.000000,3.000000,36301;38141;37383,2248.889490,0.423813,0.000000,2050.230799,0.386458,1.157921,41.933814,42.609057,12,25.376382,42.497206,12
VA607_SB,110-58073,behavior_diverse_4_of_5,MD,10.000000,3.000000,36301;38141;37383,6202.370551,0.504975,0.000000,5593.092049,0.455369,2.769827,41.004175,41.930164,24,23.398341,41.904763,24
VA607_SB,110-58073,behavior_diverse_4_of_5,PM,10.000000,3.000000,36301;38141;37383,5983.541498,0.746737,0.000000,4514.844846,0.563419,2.272567,41.010350,44.066272,16,23.392994,43.982696,16
VA607_SB,110-58069,corridor_end,AM,17.000000,2.000000,36297;38032,2006.201000,0.505805,0.000000,1964.710940,0.495327,1.503090,37.705952,44.344060,12,31.066886,44.385066,12
VA607_SB,110-58069,corridor_end,MD,17.000000,2.000000,36297;38032,4302.428000,0.510992,0.000000,4648.964840,0.552156,3.348932,37.035111,37.678937,24,30.955443,38.488148,24
VA607_SB,110-58069,corridor_end,PM,17.000000,2.000000,36297;38032,3594.519400,0.669978,0.000000,3621.063480,0.674915,2.718197,37.036232,37.800697,16,30.664645,37.991513,16
VA608_NB,110P18849,corridor_start,AM,1.000000,1.000000,29769,1891.255200,0.607600,0.000000,2378.072510,0.763954,3.864737,25.106797,29.068174,12,21.237352,29.144612,12
VA608_NB,110P18849,corridor_start,MD,1.000000,1.000000,29769,2072.105700,0.309800,0.000000,3533.828610,0.528381,9.575325,22.016805,25.087838,24,17.599523,25.693540,24
VA608_NB,110P18849,corridor_start,PM,1.000000,1.000000,29769,1339.120900,0.277100,3.914145,2503.865230,0.518133,7.468813,20.860864,32.235369,16,16.531230,23.496797,16
VA608_NB,110+18851,behavior_diverse_2_of_5,AM,3.000000,2.000000,30883;35571,1799.896321,0.611437,0.000000,2063.518495,0.700911,1.810952,30.195555,31.565012,12,28.285459,32.079278,12
VA608_NB,110+18851,behavior_diverse_2_of_5,MD,3.000000,2.000000,30883;35571,2360.559819,0.408604,0.000000,2938.510688,0.508630,7.027737,25.663424,30.185485,24,23.838225,30.462132,24
VA608_NB,110+18851,behavior_diverse_2_of_5,PM,3.000000,2.000000,30883;35571,1699.427328,0.417028,3.823397,2288.068882,0.561375,5.244561,23.569801,28.261101,16,21.919390,28.265167,16
VA608_NB,110+18855,behavior_diverse_3_of_5,AM,9.000000,4.000000,32129;35633;30780;33288,3143.531583,0.621594,0.000000,3072.987663,0.607609,1.817446,39.447296,42.922282,12,30.064460,42.932967,12
VA608_NB,110+18855,behavior_diverse_3_of_5,MD,9.000000,4.000000,32129;35633;30780;33288,5658.466212,0.573499,0.000000,5083.706311,0.515273,3.119746,39.056983,39.433113,24,29.469367,39.656891,24
VA608_NB,110+18855,behavior_diverse_3_of_5,PM,9.000000,4.000000,32129;35633;30780;33288,4635.499628,0.665470,0.000000,4023.673752,0.577405,2.338026,39.059590,40.343461,16,29.296473,40.366464,16
VA608_NB,110+18856,behavior_diverse_4_of_5,AM,11.000000,1.000000,32098,3273.448000,0.842300,0.910796,3288.927490,0.846255,0.915153,30.423157,41.563226,12,30.415014,41.561624,12
VA608_NB,110+18856,behavior_diverse_4_of_5,MD,11.000000,1.000000,32098,5648.456800,0.788500,0.000000,5158.513180,0.720123,0.207033,30.077617,33.640568,24,30.132192,37.958397,24
VA608_NB,110+18856,behavior_diverse_4_of_5,PM,11.000000,1.000000,32098,4684.199000,0.901400,0.000000,4137.349610,0.796201,0.569812,33.649469,36.013892,16,33.744327,37.980007,16
VA608_NB,110+18860,corridor_end,AM,18.000000,1.000000,30839,1353.000600,0.852400,0.000000,985.875850,0.621099,2.003955,27.308878,33.567739,12,26.866480,33.788966,12
VA608_NB,110+18860,corridor_end,MD,18.000000,1.000000,30839,2377.217700,0.817100,0.000000,1917.324710,0.659065,4.320510,27.284665,28.740899,24,26.698404,30.014791,24
VA608_NB,110+18860,corridor_end,PM,18.000000,1.000000,30839,2056.559800,1.153800,3.504245,1162.835210,0.652406,1.963315,25.923539,28.727009,16,27.044058,28.707790,16
VA608_SB,110-18859,corridor_start,AM,2.000000,1.000000,30820,1300.560500,0.694800,0.000000,513.244450,0.274175,0.766981,28.870296,35.716469,12,29.065334,36.877725,12
VA608_SB,110-18859,corridor_start,MD,2.000000,1.000000,30820,3021.249800,1.102700,3.511862,1773.888550,0.647415,2.034856,28.322633,29.274328,24,28.793310,29.274985,24
VA608_SB,110-18859,corridor_start,PM,2.000000,1.000000,30820,2380.254600,1.324300,3.646153,1464.970830,0.815071,2.226646,24.898682,29.539010,16,26.192869,29.608381,16
VA608_SB,110-18852,behavior_diverse_2_of_5,AM,13.000000,2.000000,30772;33291,1814.125844,0.552460,0.000000,1717.024973,0.522802,1.575638,36.832557,40.538909,12,28.173549,40.536393,12
VA608_SB,110-18852,behavior_diverse_2_of_5,MD,13.000000,2.000000,30772;33291,3574.263021,0.554119,0.000000,3768.788729,0.584394,3.534392,36.468363,36.817485,24,26.683911,36.883399,24
VA608_SB,110-18852,behavior_diverse_2_of_5,PM,13.000000,2.000000,30772;33291,3692.987719,0.854156,0.000000,3669.719610,0.849123,3.425517,36.468399,36.637808,16,26.491371,36.601051,16
VA608_SB,110-18851,behavior_diverse_3_of_5,AM,15.000000,3.000000,30798;35628;30805,1285.579015,0.466628,0.000000,1405.007079,0.511679,2.285781,27.937381,33.040595,12,26.867703,33.324999,12
VA608_SB,110-18851,behavior_diverse_3_of_5,MD,15.000000,3.000000,30798;35628;30805,3678.266147,0.654837,0.000000,3809.186044,0.681971,6.507682,25.670483,27.914756,24,24.078903,28.397248,24
VA608_SB,110-18851,behavior_diverse_3_of_5,PM,15.000000,3.000000,30798;35628;30805,2831.751048,0.717502,3.406999,3701.214087,0.932574,4.886887,23.516445,26.093683,16,21.619091,26.090332,16
VA608_SB,110-18850,behavior_diverse_4_of_5,AM,17.000000,2.000000,31202;35570,830.295784,0.240474,0.000000,1131.906524,0.327711,1.496240,32.164490,34.036477,12,29.563960,35.208742,12
VA608_SB,110-18850,behavior_diverse_4_of_5,MD,17.000000,2.000000,31202;35570,1677.862781,0.263012,0.000000,2836.028624,0.442307,5.851837,30.514102,32.155330,24,27.764607,32.447556,24
VA608_SB,110-18850,behavior_diverse_4_of_5,PM,17.000000,2.000000,31202;35570,1675.800539,0.349639,0.000000,3221.179407,0.669915,4.909898,30.516893,32.440737,16,28.318538,32.450054,16
VA608_SB,110N18849,corridor_end,AM,19.000000,1.000000,30882,516.184200,0.149100,0.000000,1141.472410,0.329673,5.222403,10.201964,11.680721,12,6.868234,12.526811,12
VA608_SB,110N18849,corridor_end,MD,19.000000,1.000000,30882,1175.016100,0.148500,0.000000,3126.187010,0.395122,12.594556,10.084930,11.685262,24,5.529099,12.624811,24
VA608_SB,110N18849,corridor_end,PM,19.000000,1.000000,30882,1551.635300,0.341000,0.000000,3244.625730,0.713017,6.759817,10.085945,11.227037,16,5.889024,11.892619,16
VA610_NB,110+56068,all_1_of_2,AM,2.000000,3.000000,29518;35326;35331,106.255390,0.039646,0.000000,252.512694,0.094291,0.282675,35.237012,39.112858,12,33.907583,39.292015,12
VA610_NB,110+56068,all_1_of_2,MD,2.000000,3.000000,29518;35326;35331,111.522747,0.023883,0.000000,109.695382,0.023479,0.138287,35.222616,36.990957,24,35.238254,39.666603,24
VA610_NB,110+56068,all_1_of_2,PM,2.000000,3.000000,29518;35326;35331,104.585575,0.041910,0.000000,130.235474,0.051933,0.184356,36.995606,38.271667,16,35.865851,39.400354,16
VA610_NB,110+56069,all_2_of_2,AM,3.000000,2.000000,29515;29556,188.811329,0.091628,0.000000,167.742671,0.081483,0.244199,32.697665,38.374396,12,32.790034,39.104848,12
VA610_NB,110+56069,all_2_of_2,MD,3.000000,2.000000,29515;29556,274.871552,0.062590,0.000000,251.796749,0.057568,0.341911,32.677527,36.188827,24,32.700566,39.306617,24
VA610_NB,110+56069,all_2_of_2,PM,3.000000,2.000000,29515;29556,149.342884,0.055672,0.000000,147.678184,0.055291,0.196458,36.192539,36.312775,16,35.687191,39.209468,16
VA610_SB,110-56068,all_1_of_2,AM,2.000000,2.000000,29649;29555,51.895996,0.029250,0.000000,63.752404,0.035839,0.106978,34.353038,35.037756,12,34.440442,39.469200,12
VA610_SB,110-56068,all_1_of_2,MD,2.000000,2.000000,29649;29555,186.456890,0.044496,0.000000,239.550908,0.057200,0.339583,34.351314,35.461302,24,33.841457,39.283949,24
VA610_SB,110-56068,all_1_of_2,PM,2.000000,2.000000,29649;29555,275.750861,0.106211,0.000000,229.596205,0.088457,0.321832,34.829661,35.460971,16,34.139475,38.777319,16
VA610_SB,110-56067,all_2_of_2,AM,3.000000,3.000000,29517;35332;35325,43.412657,0.023171,0.000000,44.718682,0.023987,0.071475,33.487555,35.503484,12,33.573356,39.520592,12
VA610_SB,110-56067,all_2_of_2,MD,3.000000,3.000000,29517;35332;35325,110.527282,0.023494,0.000000,101.398185,0.021528,0.126712,35.513133,37.075550,24,35.528322,39.688248,24
VA610_SB,110-56067,all_2_of_2,PM,3.000000,3.000000,29517;35332;35325,215.074190,0.078480,0.000000,164.933930,0.059976,0.213687,35.877001,37.074363,16,35.600378,39.173703,16
VA611_NB,110+10079,corridor_start,AM,1.000000,2.000000,29320;35036,1872.632146,0.559852,0.000000,2671.431318,0.798636,0.640137,34.632766,37.293715,12,34.214753,38.664081,12
VA611_NB,110+11465,behavior_diverse_2_of_5,AM,1.000000,2.000000,48791;35799,884.543845,0.437455,0.000000,945.057865,0.467378,1.429805,41.219207,43.700304,12,35.115986,44.676611,12
VA611_NB,110+10079,corridor_start,MD,1.000000,2.000000,29320;35036,2394.639018,0.424415,0.000000,2031.802043,0.360060,2.145058,34.195539,34.621758,24,32.306527,39.430469,24
VA611_NB,110+11465,behavior_diverse_2_of_5,MD,1.000000,2.000000,48791;35799,1613.826391,0.362882,0.000000,900.809285,0.202548,1.211082,42.604126,43.709546,24,37.585714,48.631050,24
VA611_NB,110+10079,corridor_start,PM,1.000000,2.000000,29320;35036,1942.003239,0.497390,0.000000,2053.369134,0.525956,2.104546,34.201021,36.739591,16,31.505324,38.030488,16
VA611_NB,110+11465,behavior_diverse_2_of_5,PM,1.000000,2.000000,48791;35799,1749.869118,0.488409,0.000000,2255.139339,0.629406,2.576349,42.604474,43.241196,16,34.245318,43.511786,16
VA611_NB,110+10081,behavior_diverse_3_of_5,AM,5.000000,3.000000,29266;29456;29214,1290.497531,0.625665,1.733280,1618.255423,0.764228,2.244239,27.841525,35.859032,12,26.895570,35.862519,12
VA611_NB,110+10095,behavior_diverse_4_of_5,AM,5.000000,3.000000,29342;35025;35020,87.979839,0.046010,0.000000,1018.100128,0.532708,5.591703,30.248195,33.862308,12,22.068727,33.877415,12
VA611_NB,110+10081,behavior_diverse_3_of_5,MD,5.000000,3.000000,29266;29456;29214,3051.212152,0.882515,0.000000,2343.203384,0.679174,1.468621,23.063209,32.395542,24,23.141875,37.445937,24
VA611_NB,110+10095,behavior_diverse_4_of_5,MD,5.000000,3.000000,29342;35025;35020,232.702014,0.092154,0.000000,249.304707,0.099010,6.456560,28.076575,30.231578,24,27.671181,31.399411,24
VA611_NB,110+10081,behavior_diverse_3_of_5,PM,5.000000,3.000000,29266;29456;29214,2611.386988,0.870492,3.562450,2406.692799,0.809996,3.309878,23.269022,31.497825,16,23.304093,31.498422,16
VA611_NB,110+10095,behavior_diverse_4_of_5,PM,5.000000,3.000000,29342;35025;35020,156.553747,0.090719,3.791192,145.102798,0.084429,3.694343,27.274592,32.807167,16,27.393651,35.383022,16
VA611_NB,110+10084,corridor_end,AM,10.000000,8.000000,32221;29242;34831;34412;29187;34410;32335;34828,1465.252984,0.796056,0.000000,1966.578713,1.059908,3.088322,27.226903,35.771051,12,26.659062,35.763295,12
VA611_NB,110+10084,corridor_end,MD,10.000000,8.000000,32221;29242;34831;34412;29187;34410;32335;34828,2260.668640,0.798716,0.000000,2526.967505,0.949128,5.978819,27.193113,28.102410,24,27.221913,29.086783,24
VA611_NB,110+10084,corridor_end,PM,10.000000,8.000000,32221;29242;34831;34412;29187;34410;32335;34828,2474.215067,0.958362,3.892806,2796.965920,1.127162,4.733269,23.888808,28.714426,16,22.828289,28.715635,16
VA611_SB,110-10083,corridor_start,AM,1.000000,8.000000,29184;34829;32334;34409;29188;34413;34830;29240,1617.133806,0.808637,0.000000,1572.241148,0.763842,1.675154,30.552798,38.917420,12,30.453170,38.992584,12
VA611_SB,110-10096,behavior_diverse_2_of_5,AM,1.000000,2.000000,32179;35035,1487.070856,0.545062,0.000000,964.266225,0.353464,1.058475,33.803198,35.399959,12,32.860326,39.348183,12
VA611_SB,110-10083,corridor_start,MD,1.000000,8.000000,29184;34829;32334;34409;29188;34413;34830;29240,3329.671742,1.061622,0.000000,2834.778187,0.903667,0.831847,30.135330,30.519190,24,30.184546,33.779404,24
VA611_SB,110-10096,behavior_diverse_2_of_5,MD,1.000000,2.000000,32179;35035,3076.875125,0.746972,0.000000,2428.804342,0.589576,0.587783,30.615687,33.793560,24,30.672039,38.971280,24
VA611_SB,110-10083,corridor_start,PM,1.000000,8.000000,29184;34829;32334;34409;29188;34413;34830;29240,2966.971170,1.208122,3.622209,3273.678412,1.292811,3.911130,25.659915,30.151285,16,25.315597,30.148624,16
VA611_SB,110-10096,behavior_diverse_2_of_5,PM,1.000000,2.000000,32179;35035,5307.629710,1.673595,3.808397,3459.625734,1.090891,2.458001,30.626481,32.780030,16,30.633354,32.785303,16
VA611_SB,110-10094,behavior_diverse_3_of_5,AM,4.000000,3.000000,35017;35021;35024,54.065238,0.040684,0.000000,55.719968,0.041908,3.234419,28.343150,29.299709,12,24.709587,30.113812,12
VA611_SB,110-10094,behavior_diverse_3_of_5,MD,4.000000,3.000000,35017;35021;35024,143.650025,0.055533,0.000000,125.767802,0.048911,5.630426,27.867091,29.302228,24,26.090320,31.004622,24
VA611_SB,110-10094,behavior_diverse_3_of_5,PM,4.000000,3.000000,35017;35021;35024,1968.741984,1.148840,3.952085,285.638558,0.165478,0.689160,24.806845,27.863167,16,27.759139,28.451187,16
VA611_SB,110N10093,behavior_diverse_4_of_5,AM,6.500000,1.000000,29423,12.292900,0.006600,0.000000,19.409670,0.010414,0.017607,40.015300,40.576472,12,36.608828,40.569708,12
VA611_SB,110N10093,behavior_diverse_4_of_5,MD,6.500000,1.000000,29423,35.629700,0.007600,0.000000,30.736070,0.006584,0.037972,38.451257,40.576635,24,36.575773,40.576970,24
VA611_SB,110N10093,behavior_diverse_4_of_5,PM,6.500000,1.000000,29423,39.542800,0.013200,0.000000,39.488620,0.013202,0.049806,36.936297,38.445724,16,36.500099,39.838223,16
VA611_SB,110-10079,corridor_end,AM,8.000000,5.000000,29265;29276;29296;34987;34989,1534.792103,0.438447,0.000000,1136.870832,0.324647,0.970636,41.128669,42.469237,12,33.256004,42.864412,12
VA611_SB,110-10079,corridor_end,MD,8.000000,5.000000,29265;29276;29296;34987;34989,2766.486893,0.398128,0.000000,2348.591102,0.337829,2.009603,39.527747,41.121674,24,32.489852,41.927633,24
VA611_SB,110-10079,corridor_end,PM,8.000000,5.000000,29265;29276;29296;34987;34989,2540.147878,0.525654,0.000000,2600.558341,0.537978,2.153773,39.528300,40.468136,16,31.476975,40.680383,16
VA612_EB,110+56062,all_1_of_3,AM,1.000000,2.000000,29546;3831,46.753037,0.000934,0.000000,41.233769,0.000816,0.000980,32.432331,33.982754,12,32.547865,39.757460,12
VA612_EB,110+56062,all_1_of_3,MD,1.000000,2.000000,29546;3831,137.171471,0.002137,0.000000,133.503022,0.002077,0.746699,30.932366,32.424606,24,30.966654,39.350178,24
VA612_EB,110+56062,all_1_of_3,PM,1.000000,2.000000,29546;3831,121.162900,0.003017,3.788770,125.833646,0.003129,3.848376,20.488192,30.919154,16,20.351970,30.920496,16
VA612_EB,110P56061,all_2_of_3,AM,2.000000,1.000000,35317,1393.940100,0.885800,0.000000,1388.063110,0.882035,0.801161,32.314456,32.993172,12,32.606713,39.105622,12
VA612_EB,110P56061,all_2_of_3,MD,2.000000,1.000000,35317,3001.855900,0.783600,0.000000,2944.492190,0.768616,4.701237,32.033377,32.311468,24,32.100063,35.661823,24
VA612_EB,110P56061,all_2_of_3,PM,2.000000,1.000000,35317,5486.628900,2.353500,0.000000,2592.316160,1.111972,0.292309,32.034431,32.609204,16,32.195628,39.024887,16
VA612_EB,110+56059,all_3_of_3,AM,4.000000,4.000000,38352;39852;38147;35322,4642.503463,3.224618,2.389310,3085.889360,2.143441,1.571076,32.782460,40.703708,12,34.290314,41.454841,12
VA612_EB,110+56059,all_3_of_3,MD,4.000000,4.000000,38352;39852;38147;35322,4302.276444,0.851247,0.000000,3948.811510,0.781325,4.780310,36.129328,36.775614,24,34.323852,37.874226,24
VA612_EB,110+56059,all_3_of_3,PM,4.000000,4.000000,38352;39852;38147;35322,3319.899049,0.947784,0.000000,3073.661824,0.877483,3.611241,36.704508,36.776112,16,33.032592,37.268019,16
VA612_WB,110-56058,all_1_of_2,AM,2.000000,4.000000,29538;35323;38148;39853,1980.891895,0.852847,0.000000,1759.354838,0.757437,2.346787,34.950651,37.919942,12,32.951424,38.700500,12
VA612_WB,110-56058,all_1_of_2,MD,2.000000,4.000000,29538;35323;38148;39853,3969.795038,0.848465,0.000000,3511.104299,0.750425,4.588103,32.157776,34.935940,24,32.223290,37.120233,24
VA612_WB,110-56058,all_1_of_2,PM,2.000000,4.000000,29538;35323;38148;39853,7159.125663,4.458015,4.071306,3740.652243,2.329351,2.104791,27.551293,32.148345,16,29.444511,32.146552,16
VA612_WB,110-56061,all_2_of_2,AM,5.000000,2.000000,35321;3829,75.869663,0.002283,2.626162,83.046505,0.002528,2.797179,26.796809,33.942132,12,26.564480,33.938183,12
VA612_WB,110-56061,all_2_of_2,MD,5.000000,2.000000,35321;3829,137.110308,0.001759,0.000000,137.754459,0.001747,0.239547,30.635143,31.893523,24,30.668843,39.679867,24
VA612_WB,110-56061,all_2_of_2,PM,5.000000,2.000000,35321;3829,96.410029,0.001946,3.505527,92.160390,0.001837,3.329721,28.782501,31.835446,16,28.868480,31.865968,16
VA613_NB,110P59111,corridor_start,AM,1.000000,1.000000,34980,1817.973400,0.823800,2.902231,1896.789180,0.859480,3.030600,23.996609,26.816626,12,23.735799,26.815659,12
VA613_NB,110P59111,corridor_start,MD,1.000000,1.000000,34980,3627.293200,0.799400,0.000000,3789.166500,0.835043,6.156364,22.342291,27.213170,24,22.369656,28.419464,24
VA613_NB,110P59111,corridor_start,PM,1.000000,1.000000,34980,3842.410000,1.121000,0.000000,4090.786380,1.193419,4.085824,23.494970,27.209540,16,23.580650,28.355025,16
VA613_NB,110+59112,behavior_diverse_2_of_5,AM,2.000000,5.000000,29035;29274;34935;34937;34931,2073.668693,1.076861,0.000000,2072.006521,1.075198,1.723739,30.580172,32.913554,12,30.704807,33.576216,12
VA613_NB,110+59112,behavior_diverse_2_of_5,MD,2.000000,5.000000,29035;29274;34935;34937;34931,3619.553636,0.895057,0.000000,3749.695048,0.932524,5.872442,30.038416,30.570351,24,30.051855,31.425898,24
VA613_NB,110+59112,behavior_diverse_2_of_5,PM,2.000000,5.000000,29035;29274;34935;34937;34931,3526.504137,1.212054,3.802997,3684.202988,1.263733,3.998524,30.044399,30.764692,16,30.043675,30.740572,16
VA613_NB,110P11027,behavior_diverse_3_of_5,AM,3.000000,1.000000,29921,5590.431800,0.948400,0.000000,6046.300290,1.025723,3.222000,26.538625,29.450171,12,26.645066,30.196451,12
VA613_NB,110P11027,behavior_diverse_3_of_5,MD,3.000000,1.000000,29921,9172.472400,1.767900,0.000000,8658.102540,1.668745,5.700037,24.997165,26.525455,24,25.032939,27.999266,24
VA613_NB,110P11027,behavior_diverse_3_of_5,PM,3.000000,1.000000,29921,6958.806400,2.035300,3.930477,7368.150390,2.155066,4.167580,23.939062,25.616135,16,23.589993,25.628924,16
VA613_NB,110+52245,behavior_diverse_4_of_5,AM,3.500000,3.000000,31676;35796;31670,6035.055369,3.312428,0.000000,4165.105592,2.278921,1.978802,20.215466,28.508785,12,20.470780,29.530111,12
VA613_NB,110+52245,behavior_diverse_4_of_5,MD,3.500000,3.000000,31676;35796;31670,9550.088267,2.376585,0.000000,8152.354743,2.032653,5.032504,20.182767,21.242235,24,18.626477,23.242737,24
VA613_NB,110+52245,behavior_diverse_4_of_5,PM,3.500000,3.000000,31676;35796;31670,9016.033369,3.979113,3.719644,5664.451725,2.487728,2.299106,16.878581,23.367318,16,20.230631,23.385024,16
VA613_NB,110+59113,corridor_end,AM,4.000000,4.000000,29219;34764;34750;29960,2015.868820,0.751158,2.351125,2651.663975,0.987886,3.121752,28.153182,35.663357,12,27.606351,32.845789,12
VA613_NB,110+59113,corridor_end,MD,4.000000,4.000000,29219;34764;34750;29960,3361.851671,0.729576,0.000000,3554.766551,0.771220,6.306918,28.113099,28.546748,24,28.140830,30.113100,24
VA613_NB,110+59113,corridor_end,PM,4.000000,4.000000,29219;34764;34750;29960,3419.969916,1.007996,0.000000,3813.173609,1.119759,4.308549,28.550017,29.820915,16,28.584508,30.292896,16
VA613_SB,110-59112,all_1_of_5,AM,2.000000,4.000000,29203;29961;34752;34763,1870.616940,0.891169,0.000000,2309.043604,1.100314,3.446979,28.525969,31.339041,12,28.583206,31.474215,12
VA613_SB,110-59112,all_1_of_5,MD,2.000000,4.000000,29203;29961;34752;34763,3585.052696,0.828302,0.000000,3819.572555,0.881972,6.737738,28.182723,28.514459,24,28.207144,29.957861,24
VA613_SB,110-59112,all_1_of_5,PM,2.000000,4.000000,29203;29961;34752;34763,3630.916348,1.213570,3.949158,3776.489564,1.260796,4.114083,27.059279,30.836934,16,26.893526,30.853884,16
VA613_SB,110-59111,all_2_of_5,AM,4.000000,5.000000,29220;34932;34938;34934;29273,1604.679138,0.716032,0.000000,2257.219803,1.005835,1.058345,31.348636,32.681445,12,31.519956,34.151068,12
VA613_SB,110-59111,all_2_of_5,MD,4.000000,5.000000,29220;34932;34938;34934;29273,3039.879351,0.840210,0.000000,3919.989570,1.124788,7.026931,29.861002,31.341790,24,29.870998,31.538488,24
VA613_SB,110-59111,all_2_of_5,PM,4.000000,5.000000,29220;34932;34938;34934;29273,2727.599498,0.918159,3.865461,3234.466525,1.078683,4.844326,29.226610,29.896226,16,28.624906,29.859401,16
VA613_SB,110N59111,all_3_of_5,AM,5.000000,1.000000,29036,1880.444400,0.848800,0.000000,2563.022710,1.156938,3.546786,9.849981,16.824246,12,10.174523,29.251838,12
VA613_SB,110N59111,all_3_of_5,MD,5.000000,1.000000,29036,3311.235600,0.734000,0.000000,4233.770020,0.938443,5.735908,16.853541,18.387698,24,16.923006,29.124867,24
VA613_SB,110N59111,all_3_of_5,PM,5.000000,1.000000,29036,2606.107100,0.849900,0.000000,3300.369380,1.076268,4.377667,15.875123,18.383446,16,16.033700,29.023108,16
VA613_SB,110-11027,all_4_of_5,AM,9.000000,3.000000,28719;31672;35797,3009.463985,1.511318,0.000000,2888.323533,1.449484,2.648553,23.009442,26.571716,12,23.141823,27.542007,12
VA613_SB,110-11027,all_4_of_5,MD,9.000000,3.000000,28719;31672;35797,5242.818244,1.363328,5.649167,5635.246558,1.453591,6.135485,21.399689,22.994909,24,20.886772,22.994096,24
VA613_SB,110-11027,all_4_of_5,PM,9.000000,3.000000,28719;31672;35797,7211.720979,3.266487,0.000000,5576.707818,2.502097,2.923944,22.139506,25.169806,16,22.285025,27.135143,16
VA613_SB,110-11026,all_5_of_5,AM,11.000000,3.000000,31674;29922;34813,4800.824801,0.938270,0.000000,4710.878447,0.920848,2.884244,25.455998,31.038689,12,25.586180,31.466905,12
VA613_SB,110-11026,all_5_of_5,MD,11.000000,3.000000,31674;29922;34813,9716.680270,1.260948,0.000000,9417.223339,1.220926,6.025953,23.556440,25.431862,24,23.596853,27.585126,24
VA613_SB,110-11026,all_5_of_5,PM,11.000000,3.000000,31674;29922;34813,11189.388187,2.557680,3.967406,9789.850757,2.237555,3.459711,22.836045,25.837670,16,23.555213,25.835819,16
VA617_NB,110P52355,corridor_start,AM,1.000000,1.000000,29357,1576.725700,0.428600,0.000000,1836.752560,0.499318,1.557348,35.169063,41.268377,12,33.488225,42.925819,12
VA617_NB,110P52355,corridor_start,MD,1.000000,1.000000,29357,1870.054200,0.275800,0.000000,1494.828740,0.220458,1.315233,34.158905,35.143824,24,34.227736,47.139287,24
VA617_NB,110P52355,corridor_start,PM,1.000000,1.000000,29357,2020.414400,0.392900,0.000000,1962.541020,0.381653,1.595961,34.162093,35.963183,16,33.427189,42.541593,16
VA617_NB,110+52357,behavior_diverse_2_of_5,AM,4.000000,4.000000,29103;29947;35184;31593,4859.206303,2.274197,0.000000,3138.128078,1.473750,1.690531,26.062404,30.429921,12,26.225341,30.998372,12
VA617_NB,110+52357,behavior_diverse_2_of_5,MD,4.000000,4.000000,29103;29947;35184;31593,4068.972075,0.885189,5.680250,4294.083933,0.929155,6.215827,21.957105,26.044070,24,21.454657,26.044065,24
VA617_NB,110+52357,behavior_diverse_2_of_5,PM,4.000000,4.000000,29103;29947;35184;31593,4383.163142,1.483042,0.000000,3872.415788,1.310022,3.123844,23.478482,24.419221,16,23.070120,25.986524,16
VA617_NB,110+52359,behavior_diverse_3_of_5,AM,8.000000,1.000000,28751,3218.749700,0.757900,0.000000,3413.648440,0.803789,3.024906,20.819571,28.919124,12,18.137765,29.221403,12
VA617_NB,110+52359,behavior_diverse_3_of_5,MD,8.000000,1.000000,28751,5561.009100,1.177300,0.000000,6063.001460,1.283528,6.382998,20.744608,20.787350,24,20.796949,23.274460,24
VA617_NB,110+52359,behavior_diverse_3_of_5,PM,8.000000,1.000000,28751,5973.385300,2.252800,3.787391,5717.146480,2.156140,3.621271,18.471004,21.449271,16,18.802770,21.439070,16
VA617_NB,110+52360,behavior_diverse_4_of_5,AM,10.000000,2.000000,28764;28851,2393.332078,0.940911,0.000000,2393.276639,0.940258,3.000940,26.005206,28.948760,12,26.129696,29.917504,12
VA617_NB,110+52360,behavior_diverse_4_of_5,MD,10.000000,2.000000,28764;28851,3159.152133,0.631256,0.000000,3859.268283,0.773374,7.282886,25.412954,25.992914,24,25.456925,27.935430,24
VA617_NB,110+52360,behavior_diverse_4_of_5,PM,10.000000,2.000000,28764;28851,2861.361611,0.834578,3.896706,3353.407392,0.981487,4.616266,25.477886,26.725747,16,25.430745,26.722841,16
VA617_NB,110P52360,corridor_end,AM,11.000000,1.000000,34424,2440.706500,1.271900,0.000000,1588.589110,0.827843,2.524868,9.360342,14.807384,12,9.698983,26.716478,12
VA617_NB,110P52360,corridor_end,MD,11.000000,1.000000,34424,2655.060800,0.674700,0.000000,3102.782710,0.788469,4.813570,14.103334,14.829424,24,14.193985,25.617399,24
VA617_NB,110P52360,corridor_end,PM,11.000000,1.000000,34424,2797.963700,1.057900,0.000000,1704.119510,0.644352,2.576248,13.708479,14.101720,16,13.928505,27.079002,16
VA617_SB,110N52360,corridor_start,AM,1.000000,1.000000,28821,968.155900,0.541300,0.000000,1155.796880,0.646247,2.961921,13.540670,13.880541,12,10.743409,15.122492,12
VA617_SB,110N52360,corridor_start,MD,1.000000,1.000000,28821,2224.352200,0.516600,0.000000,3603.842040,0.836920,8.581234,11.525378,13.879543,24,8.936649,15.013941,24
VA617_SB,110N52360,corridor_start,PM,1.000000,1.000000,28821,2164.009800,0.990100,3.184679,2355.603760,1.077712,3.476201,10.827185,11.619346,16,10.275716,11.616185,16
VA617_SB,110-52358,behavior_diverse_2_of_5,AM,4.000000,1.000000,28763,3639.188900,0.987600,0.000000,3431.633790,0.931238,2.936846,25.068424,31.212541,12,25.197280,31.564617,12
VA617_SB,110-52358,behavior_diverse_2_of_5,MD,4.000000,1.000000,28763,7036.744000,1.446300,0.000000,6997.343260,1.438250,5.905385,25.044526,26.307435,24,25.078145,28.225192,24
VA617_SB,110-52358,behavior_diverse_2_of_5,PM,4.000000,1.000000,28763,6209.630800,2.168200,3.957827,5837.880370,2.038393,3.715606,26.312275,27.556913,16,26.313809,27.561715,16
VA617_SB,110-52356,behavior_diverse_3_of_5,AM,8.000000,4.000000,29367;31595;35183;29946,2267.384588,0.868607,0.000000,2270.773599,0.867568,2.854420,28.365663,29.435965,12,26.565540,29.685843,12
VA617_SB,110-52356,behavior_diverse_3_of_5,MD,8.000000,4.000000,29367;31595;35183;29946,2938.304132,0.566700,0.000000,3581.566870,0.683499,6.747917,22.221793,28.355200,24,20.538972,28.612486,24
VA617_SB,110-52356,behavior_diverse_3_of_5,PM,8.000000,4.000000,29367;31595;35183;29946,4293.583593,1.383206,3.463312,4407.252510,1.414844,3.580952,19.251999,23.007085,16,19.034026,23.008441,16
VA617_SB,110-52355,behavior_diverse_4_of_5,AM,10.000000,5.000000,29105;34950;29931;32263;34959,1353.328758,0.486577,0.000000,1413.742336,0.508163,1.531883,35.181160,36.549563,12,29.469633,36.930526,12
VA617_SB,110-52355,behavior_diverse_4_of_5,MD,10.000000,5.000000,29105;34950;29931;32263;34959,2546.572901,0.420051,0.000000,3102.629851,0.504462,3.035001,33.953503,35.174442,24,28.527263,35.944192,24
VA617_SB,110-52355,behavior_diverse_4_of_5,PM,10.000000,5.000000,29105;34950;29931;32263;34959,1647.426492,0.323449,0.000000,3459.569252,0.675814,2.711179,33.956823,35.918695,16,28.409549,35.974355,16
VA617_SB,110N52355,corridor_end,AM,11.000000,1.000000,29032,1177.674300,0.389300,0.970617,1127.514530,0.372714,0.929276,32.839161,37.835785,12,32.839101,37.856057,12
VA617_SB,110N52355,corridor_end,MD,11.000000,1.000000,29032,2444.178900,0.531500,0.000000,2509.619140,0.545766,0.513809,30.783138,32.714531,24,30.863928,44.396061,24
VA617_SB,110N52355,corridor_end,PM,11.000000,1.000000,29032,2035.917900,0.457800,3.730352,3752.601070,0.843746,6.886678,30.784119,35.672342,16,30.765754,34.546947,16
VA619_EB,110+18118,all_1_of_4,AM,2.000000,1.000000,38555,794.081500,0.367200,0.000000,1007.557010,0.465909,1.445752,38.678046,43.126673,12,36.584603,47.220887,12
VA619_EB,110+18118,all_1_of_4,MD,2.000000,1.000000,38555,1059.852000,0.279400,0.000000,774.598020,0.204230,1.241971,36.514039,38.658124,24,36.595901,52.875688,24
VA619_EB,110+18118,all_1_of_4,PM,2.000000,1.000000,38555,1344.747400,0.480800,0.000000,1702.671880,0.608807,2.552001,36.514149,37.506437,16,32.621460,41.332706,16
VA619_EB,110P18118,all_2_of_4,AM,3.000000,1.000000,40466,794.081500,0.506500,0.000000,1007.557010,0.642658,2.829044,27.189868,29.249317,12,27.514299,34.824629,12
VA619_EB,110P18118,all_2_of_4,MD,3.000000,1.000000,40466,1059.852000,0.380300,0.000000,774.598020,0.277954,3.664720,25.665909,27.180096,24,25.789918,40.097115,24
VA619_EB,110P18118,all_2_of_4,PM,3.000000,1.000000,40466,1344.747400,0.642100,0.000000,1702.671880,0.812997,4.312141,25.668052,27.256914,16,25.828883,30.760943,16
VA619_EB,110P18119,all_3_of_4,AM,5.000000,1.000000,38992,2196.622000,0.738500,0.000000,1513.536130,0.508866,1.538735,42.304229,42.766660,12,31.715267,42.797782,12
VA619_EB,110P18119,all_3_of_4,MD,5.000000,1.000000,38992,5989.447400,1.000300,0.000000,1893.264400,0.316189,1.903816,42.575845,42.768396,24,32.113506,43.136664,24
VA619_EB,110P18119,all_3_of_4,PM,5.000000,1.000000,38992,2154.382400,0.553700,0.000000,2518.127690,0.647237,2.631323,42.482864,42.575444,16,30.171571,42.596102,16
VA619_EB,110+18120,all_4_of_4,AM,6.000000,1.000000,38988,2300.362100,0.419900,0.000000,1483.650390,0.270790,0.798179,34.000706,34.285824,12,29.784943,36.447852,12
VA619_EB,110+18120,all_4_of_4,MD,6.000000,1.000000,38988,7913.158700,0.642400,0.000000,1956.208250,0.158804,0.933303,33.880377,33.999448,24,29.045583,37.947529,24
VA619_EB,110+18120,all_4_of_4,PM,6.000000,1.000000,38988,2566.135900,0.334400,0.000000,2481.761230,0.323423,1.284334,33.882976,35.050240,16,28.296372,36.183439,16
VA619_NB,110+13238,corridor_start,AM,2.000000,6.000000,40823;38556;39527;6031;38764;40482,399.084715,0.141634,0.000000,396.441884,0.139556,0.423882,40.799228,43.279669,12,32.398841,43.258999,12
VA619_NB,110+13238,corridor_start,MD,2.000000,6.000000,40823;38556;39527;6031;38764;40482,724.207983,0.115519,0.000000,490.142126,0.074117,0.447318,40.324898,40.788897,24,33.302444,40.810561,24
VA619_NB,110+13238,corridor_start,PM,2.000000,6.000000,40823;38556;39527;6031;38764;40482,734.146422,0.176527,0.000000,774.709457,0.183060,0.723574,40.325564,40.815869,16,31.561082,40.819297,16
VA619_NB,110P13237,behavior_diverse_2_of_5,AM,2.500000,1.000000,38321,255.930800,0.191000,0.000000,724.498350,0.540800,1.557839,9.876974,12.398155,12,10.291996,28.142924,12
VA619_NB,110P13237,behavior_diverse_2_of_5,MD,2.500000,1.000000,38321,68.691700,0.025300,0.000000,68.643540,0.025303,0.148051,12.409596,13.767455,24,12.511155,39.466821,24
VA619_NB,110P13237,behavior_diverse_2_of_5,PM,2.500000,1.000000,38321,265.467900,0.128200,0.000000,957.100710,0.462336,1.855907,8.263909,13.756043,16,8.531072,28.182847,16
VA619_NB,110+57953,behavior_diverse_3_of_5,AM,4.500000,3.000000,39356;39352;38611,1889.776468,0.440477,0.000000,2188.111032,0.509536,1.540788,37.733589,41.684300,12,31.631246,41.887123,12
VA619_NB,110+57954,behavior_diverse_4_of_5,AM,4.500000,5.000000,39264;39383;40578;39385;38712,2141.984421,0.472112,0.000000,2625.046027,0.579690,1.754802,33.482982,40.241835,12,31.395282,40.468684,12
VA619_NB,110P57955,corridor_end,AM,4.500000,1.000000,40350,1784.262800,0.575600,0.000000,2387.328860,0.770104,3.951079,21.270011,22.335982,12,21.489656,24.673006,12
VA619_NB,110+57953,behavior_diverse_3_of_5,MD,4.500000,3.000000,39356;39352;38611,4672.433361,0.502457,0.000000,4619.580115,0.496761,3.009000,37.718571,39.186581,24,31.097525,39.776760,24
VA619_NB,110+57954,behavior_diverse_4_of_5,MD,4.500000,5.000000,39264;39383;40578;39385;38712,4163.617888,0.524667,0.000000,4204.762463,0.530194,3.203304,33.457776,36.443123,24,31.093558,37.876811,24
VA619_NB,110P57955,corridor_end,MD,4.500000,1.000000,40350,4745.805400,0.732800,0.000000,5384.542970,0.831470,6.575039,16.994912,21.261427,24,17.064126,22.950474,24
VA619_NB,110+57953,behavior_diverse_3_of_5,PM,4.500000,3.000000,39356;39352;38611,4015.017848,0.634111,0.000000,4413.423544,0.697062,2.836310,39.188952,39.589981,16,29.945017,39.622618,16
VA619_NB,110+57954,behavior_diverse_4_of_5,PM,4.500000,5.000000,39264;39383;40578;39385;38712,3106.483339,0.657966,0.000000,3436.144610,0.728615,1.132119,36.447177,36.928705,16,33.181124,38.187303,16
VA619_NB,110P57955,corridor_end,PM,4.500000,1.000000,40350,3767.971400,0.838600,4.057670,4440.665040,0.988318,4.800181,15.425448,18.718712,16,14.307492,18.728516,16
VA619_SB,110-13240,corridor_start,AM,1.500000,5.000000,39246;39977;40723;39379;39625,1705.481076,0.414379,0.000000,1983.615991,0.481862,1.463395,35.994620,41.821633,12,30.922376,42.056915,12
VA619_SB,110N57951,behavior_diverse_2_of_5,AM,1.500000,1.000000,39355,1818.895100,0.662800,0.000000,2263.796630,0.824894,3.735402,25.337280,29.630767,12,25.480375,30.207181,12
VA619_SB,110N57955,behavior_diverse_3_of_5,AM,1.500000,1.000000,38625,1876.482500,0.615100,0.000000,2149.278080,0.704576,3.410305,21.312164,27.025778,12,21.526864,28.167039,12
VA619_SB,110-13240,corridor_start,MD,1.500000,5.000000,39246;39977;40723;39379;39625,3536.372973,0.463395,0.000000,3890.313645,0.509840,3.086928,34.303531,35.969736,24,31.226270,37.972527,24
VA619_SB,110N57951,behavior_diverse_2_of_5,MD,1.500000,1.000000,39355,4060.827500,0.774500,0.000000,4463.769530,0.851352,6.533565,24.940399,25.319847,24,24.983261,27.698493,24
VA619_SB,110N57955,behavior_diverse_3_of_5,MD,1.500000,1.000000,38625,4526.754800,0.721700,0.000000,5095.200200,0.812302,6.508224,19.510029,21.287612,24,19.504447,23.270842,24
VA619_SB,110-13240,corridor_start,PM,1.500000,5.000000,39246;39977;40723;39379;39625,2915.196801,0.562820,0.000000,3441.202686,0.664511,2.666777,34.310943,38.224155,16,30.933555,38.407826,16
VA619_SB,110N57951,behavior_diverse_2_of_5,PM,1.500000,1.000000,39355,3797.237800,0.980100,3.996115,4334.582030,1.118771,4.576583,24.940087,26.566895,16,24.178430,26.575087,16
VA619_SB,110N57955,behavior_diverse_3_of_5,PM,1.500000,1.000000,38625,3322.728800,0.765800,3.931553,3868.005620,0.891490,4.592761,19.384549,21.655256,16,18.325761,21.655623,16
VA619_SB,110N13237,behavior_diverse_4_of_5,AM,3.500000,1.000000,39500,184.920400,0.165100,1.772131,303.941410,0.271405,3.114670,9.934996,14.310405,12,8.502297,11.530026,12
VA619_SB,110N13237,behavior_diverse_4_of_5,MD,3.500000,1.000000,39500,74.245100,0.026400,0.000000,73.298930,0.026059,3.198139,11.531554,11.675253,24,11.637336,25.020926,24
VA619_SB,110N13237,behavior_diverse_4_of_5,PM,3.500000,1.000000,39500,161.534400,0.057700,0.000000,1721.422970,0.615054,15.604042,10.505995,11.672680,16,4.628570,12.330930,16
VA619_SB,110-13237,corridor_end,AM,4.000000,6.000000,39641;40481;38762;6032;40849;38323,407.308454,0.141202,0.000000,372.863749,0.130621,0.398826,41.347118,43.448389,12,33.042348,43.423622,12
VA619_SB,110-13237,corridor_end,MD,4.000000,6.000000,39641;40481;38762;6032;40849;38323,665.830077,0.107318,0.000000,510.731257,0.078926,0.476882,38.529892,41.335837,24,33.192430,41.338399,24
VA619_SB,110-13237,corridor_end,PM,4.000000,6.000000,39641;40481;38762;6032;40849;38323,731.585565,0.193214,0.000000,796.033980,0.212897,0.841547,38.530560,40.054016,16,31.296769,40.092582,16
VA619_WB,110-18119,all_1_of_3,AM,2.000000,1.000000,38523,3173.306400,0.689600,0.000000,1309.069700,0.284470,0.839359,39.323812,40.655795,12,29.728212,40.649339,12
VA619_WB,110-18119,all_1_of_3,MD,2.000000,1.000000,38523,915.690800,0.096700,0.000000,1826.056150,0.192920,1.139297,38.682455,39.317854,24,28.575199,39.356997,24
VA619_WB,110-18119,all_1_of_3,PM,2.000000,1.000000,38523,2832.982200,0.482700,0.000000,3007.378420,0.512414,2.049945,38.106489,38.680525,16,27.399791,38.689901,16
VA619_WB,110N18118,all_2_of_3,AM,5.000000,1.000000,38322,808.063700,0.547500,0.000000,717.215760,0.485986,2.131533,23.235837,24.248357,12,23.728027,33.131482,12
VA619_WB,110N18118,all_2_of_3,MD,5.000000,1.000000,38322,1165.231900,0.412800,0.000000,747.004460,0.264614,3.178169,21.009346,23.229519,24,21.151435,39.550795,24
VA619_WB,110N18118,all_2_of_3,PM,5.000000,1.000000,38322,1219.074900,0.496700,3.176691,2334.730960,0.951274,6.110971,21.063317,24.793808,16,19.625623,23.226195,16
VA619_WB,110-18117,all_3_of_3,AM,6.000000,1.000000,40467,808.063700,0.379400,0.000000,717.215760,0.336777,1.043805,38.791170,43.067790,12,38.354054,49.107038,12
VA619_WB,110-18117,all_3_of_3,MD,6.000000,1.000000,40467,1165.231900,0.294600,0.000000,747.004460,0.188857,1.147767,37.928270,38.773308,24,38.006226,53.181752,24
VA619_WB,110-18117,all_3_of_3,PM,6.000000,1.000000,40467,1219.074900,0.357400,0.000000,2334.730960,0.684466,2.871446,37.927433,37.940839,16,31.861357,40.648036,16
VA620_EB,110+58163,corridor_start,AM,2.500000,2.000000,38040;37285,1631.295774,0.482384,0.000000,1725.907241,0.521562,1.558715,39.270648,40.464803,12,28.336226,40.453189,12
VA620_EB,110+58164,behavior_diverse_2_of_5,AM,2.500000,3.000000,36111;37771;37751,1593.353278,0.906249,0.000000,1779.369453,1.010604,1.031297,36.441706,42.385477,12,28.510230,42.450093,12
VA620_EB,110+58163,corridor_start,MD,2.500000,2.000000,38040;37285,2694.721851,0.378514,0.000000,2595.277803,0.362854,2.178636,38.746479,39.265361,24,27.311697,39.278006,24
VA620_EB,110+58164,behavior_diverse_2_of_5,MD,2.500000,3.000000,36111;37771;37751,2527.101242,0.590549,0.000000,2365.752531,0.553902,3.359384,35.465682,36.417118,24,30.986318,37.731169,24
VA620_EB,110+58163,corridor_start,PM,2.500000,2.000000,38040;37285,1521.514728,0.338067,0.000000,1589.535910,0.347186,1.380778,38.746670,39.057139,16,28.241142,39.063412,16
VA620_EB,110+58164,behavior_diverse_2_of_5,PM,2.500000,3.000000,36111;37771;37751,1450.579817,0.586978,0.000000,1513.341942,0.612505,2.453300,35.468324,37.020475,16,31.162691,37.558670,16
VA620_EB,110P10954,behavior_diverse_3_of_5,AM,6.000000,1.000000,35383,3551.668400,0.801000,0.000000,3597.698730,0.811391,2.518507,33.596988,39.660037,12,32.615289,39.856039,12
VA620_EB,110P10954,behavior_diverse_3_of_5,MD,6.000000,1.000000,35383,4960.370800,0.639100,0.000000,4182.373540,0.538900,3.276322,33.572652,34.571964,24,33.639116,39.638018,24
VA620_EB,110P10954,behavior_diverse_3_of_5,PM,6.000000,1.000000,35383,3166.996500,0.625000,0.000000,3654.835690,0.721244,2.958807,34.431618,34.572663,16,33.710176,36.974704,16
VA620_EB,110+10955,behavior_diverse_4_of_5,AM,8.000000,3.000000,29682;29681;35391,4066.804433,0.782013,0.000000,2770.271524,0.531287,1.040086,30.962224,43.724942,12,31.119327,43.784507,12
VA620_EB,110+10955,behavior_diverse_4_of_5,MD,8.000000,3.000000,29682;29681;35391,5768.770848,0.966872,0.000000,3866.397968,0.650207,0.170038,30.911699,32.164555,24,30.961752,37.251921,24
VA620_EB,110+10955,behavior_diverse_4_of_5,PM,8.000000,3.000000,29682;29681;35391,4330.221963,1.196507,3.349162,3999.097055,1.104634,3.088923,24.960653,33.812210,16,25.343257,33.810044,16
VA620_EB,110+10960,corridor_end,AM,21.000000,7.000000,28776;34335;34320;34338;34330;28793;34165,988.557845,0.712050,0.000000,1273.603647,0.919821,3.811859,21.734696,25.756517,12,21.911037,26.671823,12
VA620_EB,110+10960,corridor_end,MD,21.000000,7.000000,28776;34335;34320;34338;34330;28793;34165,1622.766585,0.564776,0.000000,2163.515823,0.757014,8.556706,21.719734,23.343368,24,21.299112,25.022833,24
VA620_EB,110+10960,corridor_end,PM,21.000000,7.000000,28776;34335;34320;34338;34330;28793;34165,1423.081783,0.808765,0.000000,1762.852721,1.004613,4.827766,22.802937,23.343775,16,22.739573,25.154260,16
VA620_WB,110-10959,corridor_start,AM,2.000000,7.000000,28798;34164;28795;34332;34337;34319;34334,601.621598,0.476199,0.000000,798.138279,0.635155,4.478545,24.861965,26.657649,12,24.322551,28.184000,12
VA620_WB,110-10959,corridor_start,MD,2.000000,7.000000,28798;34164;28795;34332;34337;34319;34334,2006.404905,0.852633,0.000000,1997.270345,0.851004,6.636949,24.126941,24.854070,24,24.172718,27.251687,24
VA620_WB,110-10959,corridor_start,PM,2.000000,7.000000,28798;34164;28795;34332;34337;34319;34334,1978.789753,1.213628,0.000000,2020.156237,1.237946,3.793308,24.127585,24.724547,16,24.224255,26.550002,16
VA620_WB,110-10956,behavior_diverse_2_of_5,AM,8.000000,5.000000,29579;31545;28755;34490;29563,4218.829842,0.887941,0.000000,3368.811289,0.699265,1.343856,30.816790,42.319952,12,30.989611,42.407148,12
VA620_WB,110-10956,behavior_diverse_2_of_5,MD,8.000000,5.000000,29579;31545;28755;34490;29563,9820.559115,1.298720,0.000000,7773.163521,1.027755,0.584047,30.648075,30.770968,24,30.707549,35.396547,24
VA620_WB,110-10956,behavior_diverse_2_of_5,PM,8.000000,5.000000,29579;31545;28755;34490;29563,10763.584047,2.221464,3.957923,8247.053200,1.689473,2.947415,24.684618,32.388503,16,26.325832,32.419979,16
VA620_WB,110-13725,behavior_diverse_3_of_5,AM,9.000000,5.000000,29536;34556;29577;29574;29630,4182.372700,1.229895,0.000000,3495.131835,1.027630,1.409516,26.751770,39.220885,12,26.972743,39.531199,12
VA620_WB,110-13725,behavior_diverse_3_of_5,MD,9.000000,5.000000,29536;34556;29577;29574;29630,8135.575609,1.386869,0.000000,6820.957800,1.162671,0.991663,26.705052,31.376711,24,26.771088,34.875068,24
VA620_WB,110-13725,behavior_diverse_3_of_5,PM,9.000000,5.000000,29536;34556;29577;29574;29630,7533.376583,1.022995,4.198547,5890.999999,0.801318,3.268846,29.571443,31.373929,16,30.069680,31.376645,16
VA620_WB,110-10954,behavior_diverse_4_of_5,AM,14.000000,3.000000,29684;35402;35388,1346.813863,0.342840,0.000000,831.238574,0.211316,0.627156,43.058234,45.770527,12,34.860440,45.782859,12
VA620_WB,110-10954,behavior_diverse_4_of_5,MD,14.000000,3.000000,29684;35402;35388,2858.702971,0.367312,0.000000,2256.716088,0.289943,1.720537,42.025104,43.046391,24,32.770829,43.414689,24
VA620_WB,110-10954,behavior_diverse_4_of_5,PM,14.000000,3.000000,29684;35402;35388,3788.451802,0.676972,0.000000,2966.051709,0.529603,2.122922,41.838237,42.023669,16,31.419266,42.173981,16
VA620_WB,110-13720,corridor_end,AM,18.000000,1.000000,29697,2201.322400,0.701800,0.000000,2300.300050,0.733380,2.229685,35.149257,37.443278,12,27.350763,37.452959,12
VA620_WB,110-13720,corridor_end,MD,18.000000,1.000000,29697,4520.571300,0.709700,0.000000,4026.486820,0.632140,3.831986,32.282390,35.137156,24,26.426573,35.261478,24
VA620_WB,110-13720,corridor_end,PM,18.000000,1.000000,29697,4907.625600,1.469900,0.000000,4291.725100,1.285410,0.866102,32.281986,33.367159,16,29.874984,33.950191,16
VA623_NB,110+56096,only,AM,2.000000,2.000000,29070;34847,373.269290,0.707125,2.377771,405.979825,0.784603,2.644196,22.320014,34.537193,12,21.953000,34.338840,12
VA623_NB,110+56096,only,MD,2.000000,2.000000,29070;34847,776.518418,0.762976,0.000000,984.583053,0.962654,6.281788,22.305918,23.764654,24,22.334106,24.852708,24
VA623_NB,110+56096,only,PM,2.000000,2.000000,29070;34847,666.214266,0.359366,0.000000,814.909402,0.439589,3.635029,23.777573,28.921558,16,23.085625,29.551566,16
VA623_SB,110-56095,only,AM,2.000000,2.000000,29127;34846,297.041129,0.712107,0.000000,373.706609,0.900457,3.262665,24.470342,30.873685,12,22.943424,30.894665,12
VA623_SB,110-56095,only,MD,2.000000,2.000000,29127;34846,684.439524,0.753345,0.000000,844.427455,0.924751,6.391255,24.445395,25.704720,24,23.090818,26.202501,24
VA623_SB,110-56095,only,PM,2.000000,2.000000,29127;34846,511.245562,0.678779,2.798036,702.720084,0.924397,3.830072,24.549655,29.497876,16,23.505136,29.495944,16
VA625_EB,110P11484,corridor_start,AM,1.000000,1.000000,36760,2618.814400,0.511900,0.000000,1228.023320,0.240051,0.713349,39.486588,44.679803,12,34.270372,44.784336,12
VA625_EB,110P11484,corridor_start,MD,1.000000,1.000000,36760,5936.084200,0.559100,0.000000,2924.899170,0.275484,1.629290,38.097479,39.464536,24,32.940116,42.100472,24
VA625_EB,110P11484,corridor_start,PM,1.000000,1.000000,36760,3582.058500,0.543800,0.000000,2177.845700,0.330614,1.308748,38.097843,38.856796,16,32.730904,40.999335,16
VA625_EB,110+11484,behavior_diverse_2_of_5,AM,1.500000,1.000000,36159,7025.745400,1.403900,0.000000,4577.929690,0.914742,2.769000,41.092598,46.315385,12,23.574968,46.061820,12
VA625_EB,110+58058,behavior_diverse_3_of_5,AM,1.500000,2.000000,36299;37748,8265.424156,1.841549,0.000000,5866.267564,1.306777,3.974179,36.129822,42.812796,12,22.801484,42.598106,12
VA625_EB,110+11484,behavior_diverse_2_of_5,MD,1.500000,1.000000,36159,13664.413900,1.230600,0.000000,10685.127930,0.962314,5.897739,39.402650,41.070110,24,21.609906,41.017581,24
VA625_EB,110+58058,behavior_diverse_3_of_5,MD,1.500000,2.000000,36299;37748,14419.341066,2.028449,1.952078,11223.591653,1.578906,1.515261,20.056854,36.101642,24,20.894916,36.101641,24
VA625_EB,110+11484,behavior_diverse_2_of_5,PM,1.500000,1.000000,36159,8294.889800,1.073200,0.000000,7130.364750,0.922559,3.746456,39.407990,42.432861,16,22.382717,42.299916,16
VA625_EB,110+58058,behavior_diverse_3_of_5,PM,1.500000,2.000000,36299;37748,8205.450490,1.835054,0.000000,6436.704674,1.440078,1.818737,30.828925,36.035420,16,25.313662,36.028237,16
VA625_EB,110+11485,behavior_diverse_4_of_5,AM,2.000000,3.000000,36753;35948;36699,3231.082814,1.390086,0.000000,2075.499827,0.893061,2.174320,28.652818,33.603157,12,28.813243,34.113815,12
VA625_EB,110+11485,behavior_diverse_4_of_5,MD,2.000000,3.000000,36753;35948;36699,7265.958229,1.495929,0.000000,5474.423826,1.127195,5.048617,26.998783,28.631448,24,27.049682,30.672893,24
VA625_EB,110+11485,behavior_diverse_4_of_5,PM,2.000000,3.000000,36753;35948;36699,5055.086857,1.683657,4.026111,4241.311593,1.412604,3.364605,25.528965,27.081967,16,26.456206,27.092996,16
VA625_EB,110P11486,corridor_end,AM,5.000000,1.000000,35900,697.740900,0.424000,2.601940,1315.007570,0.799147,4.968621,17.100275,19.741752,12,12.985765,19.722650,12
VA625_EB,110P11486,corridor_end,MD,5.000000,1.000000,35900,1867.850100,0.657400,0.000000,2382.599370,0.838524,7.323953,19.604268,21.170347,24,17.784736,22.145988,24
VA625_EB,110P11486,corridor_end,PM,5.000000,1.000000,35900,1747.677300,1.013800,0.000000,2016.862300,1.169902,3.380302,20.517357,21.170434,16,19.341580,22.967582,16
VA625_WB,110N11486,corridor_start,AM,1.000000,1.000000,37835,1009.926200,0.794700,0.000000,1164.463990,0.916311,2.770024,18.523687,18.822484,12,18.704636,26.695267,12
VA625_WB,110N11486,corridor_start,MD,1.000000,1.000000,37835,1983.215100,0.739300,0.000000,2555.311040,0.952621,5.853353,17.390317,18.822262,24,17.439900,24.903946,24
VA625_WB,110N11486,corridor_start,PM,1.000000,1.000000,37835,1941.913500,1.084800,0.000000,2105.139890,1.175967,4.767784,17.391158,18.383256,16,17.491675,25.378881,16
VA625_WB,110-11484,behavior_diverse_2_of_5,AM,4.000000,3.000000,35892;36700;35949,2678.951671,1.067871,3.065031,2501.351844,0.997115,2.857862,28.317157,31.477494,12,28.321196,31.482913,12
VA625_WB,110-11484,behavior_diverse_2_of_5,MD,4.000000,3.000000,35892;36700;35949,6839.517514,1.312757,0.000000,5848.326101,1.122499,5.466772,27.806732,28.313197,24,27.837382,30.218846,24
VA625_WB,110-11484,behavior_diverse_2_of_5,PM,4.000000,3.000000,35892;36700;35949,5893.754486,1.799714,0.000000,3901.714461,1.191822,2.774669,27.808796,28.923182,16,27.941411,31.186941,16
VA625_WB,110-58055,behavior_diverse_3_of_5,AM,4.500000,2.000000,36036;37387,1295.486426,0.442709,0.000000,1254.794459,0.428800,1.285314,34.914228,35.949365,12,24.830592,35.935089,12
VA625_WB,110-58056,behavior_diverse_4_of_5,AM,4.500000,2.000000,38138;36002,1636.975600,0.642007,2.054680,1517.310180,0.595070,1.902593,25.120575,33.334505,12,25.208146,33.335365,12
VA625_WB,110-58055,behavior_diverse_3_of_5,MD,4.500000,2.000000,36036;37387,3490.866187,0.484117,0.000000,3373.027078,0.467777,2.845588,34.912265,37.215751,24,23.309208,37.208148,24
VA625_WB,110-58056,behavior_diverse_4_of_5,MD,4.500000,2.000000,38138;36002,4662.126400,0.507810,0.000000,4152.937990,0.452312,2.750525,32.580081,37.314541,24,23.378488,37.309431,24
VA625_WB,110-58055,behavior_diverse_3_of_5,PM,4.500000,2.000000,36036;37387,3462.770189,0.693094,0.000000,2626.984634,0.525507,2.118047,37.219615,37.911945,16,23.486735,37.877426,16
VA625_WB,110-58056,behavior_diverse_4_of_5,PM,4.500000,2.000000,38138;36002,5953.193800,1.111334,0.000000,4038.824460,0.753969,3.053929,36.933897,37.318512,16,22.770047,37.271024,16
VA625_WB,110N11484,corridor_end,AM,5.000000,1.000000,36755,3418.777900,0.683700,0.000000,3633.679690,0.726707,2.207417,37.647690,37.861326,12,30.977597,37.940074,12
VA625_WB,110N11484,corridor_end,MD,5.000000,1.000000,36755,8538.889300,0.762200,0.000000,8331.911130,0.743738,4.517548,36.191930,37.645374,24,30.135491,37.798196,24
VA625_WB,110N11484,corridor_end,PM,5.000000,1.000000,36755,8347.657400,1.006200,0.000000,5448.105960,0.656725,2.641029,36.193024,37.302541,16,30.874544,37.579695,16
VA626_EB,110+56102,all_1_of_3,AM,2.000000,1.000000,29107,1105.099600,0.986800,2.831088,1377.242070,1.229869,3.548646,17.029791,25.488616,12,16.123633,25.485285,12
VA626_EB,110+56102,all_1_of_3,MD,2.000000,1.000000,29107,2589.909500,1.286500,0.000000,2852.643800,1.417054,6.425886,17.382751,17.785698,24,16.114666,19.210637,24
VA626_EB,110+56102,all_1_of_3,PM,2.000000,1.000000,29107,2556.407600,2.250100,0.000000,2075.739500,1.827040,3.161336,17.793982,21.349948,16,17.944693,22.997560,16
VA626_EB,110+56103,all_2_of_3,AM,3.000000,1.000000,34837,488.089300,0.360100,0.000000,1163.432010,0.858467,5.940929,20.017234,25.960478,12,13.645568,26.040966,12
VA626_EB,110+56103,all_2_of_3,MD,3.000000,1.000000,34837,1331.563000,0.514500,0.000000,2506.315430,0.968440,10.705598,17.844055,19.991379,24,12.374636,20.544225,24
VA626_EB,110+56103,all_2_of_3,PM,3.000000,1.000000,34837,1437.098300,1.069300,4.148497,1621.151250,1.206270,4.698151,15.480876,21.642485,16,14.659419,21.636832,16
VA626_EB,110+56104,all_3_of_3,AM,5.000000,2.000000,29133;29252,564.934140,0.416000,0.000000,916.073380,0.674323,3.021387,29.903527,34.357757,12,30.011503,34.716065,12
VA626_EB,110+56104,all_3_of_3,MD,5.000000,2.000000,29133;29252,1426.462200,0.576340,0.000000,1591.065844,0.641725,6.947950,27.144954,29.882956,24,27.185900,31.407409,24
VA626_EB,110+56104,all_3_of_3,PM,5.000000,2.000000,29133;29252,1312.504980,0.736640,4.281364,1481.350582,0.831427,4.847280,27.257424,29.249116,16,27.229460,28.904803,16
VA626_WB,110-56103,all_1_of_3,AM,2.000000,2.000000,29164;29251,661.417140,0.526380,0.000000,815.012962,0.648629,2.781131,30.550101,35.101690,12,30.657790,35.628981,12
VA626_WB,110-56103,all_1_of_3,MD,2.000000,2.000000,29164;29251,1548.993200,0.626940,0.000000,1618.891532,0.655421,6.109432,29.494731,30.530946,24,29.528372,32.578733,24
VA626_WB,110-56103,all_1_of_3,PM,2.000000,2.000000,29164;29251,930.832420,0.443320,3.753255,1622.586744,0.772775,6.650098,29.111562,29.731031,16,26.669057,29.729370,16
VA626_WB,110-56102,all_2_of_3,AM,4.000000,1.000000,29134,622.413600,0.538600,0.000000,1136.495360,0.983478,4.682397,21.269532,25.569436,12,17.419677,25.722933,12
VA626_WB,110-56102,all_2_of_3,MD,4.000000,1.000000,29134,1274.519300,0.472100,0.000000,2485.415770,0.920634,11.379713,15.658160,21.246607,24,11.885181,21.679011,24
VA626_WB,110-56102,all_2_of_3,PM,4.000000,1.000000,29134,830.753100,0.475800,3.616585,1668.776490,0.955775,7.431204,12.149723,20.831561,16,7.755352,20.829202,16
VA626_WB,110-56101,all_3_of_3,AM,5.000000,1.000000,34836,1219.987500,1.334400,0.000000,1296.890500,1.418549,3.074905,19.063664,24.450120,12,18.348645,24.789447,12
VA626_WB,110-56101,all_3_of_3,MD,5.000000,1.000000,34836,2607.413400,1.273100,0.000000,2893.070310,1.412533,6.464887,13.475040,19.036434,24,12.106781,19.658577,24
VA626_WB,110-56101,all_3_of_3,PM,5.000000,1.000000,34836,1950.779300,1.722200,3.754833,2395.577640,2.114865,4.641823,11.671934,18.338931,16,10.325428,18.334813,16
VA628_EB,110+56115,all_1_of_2,AM,2.000000,4.000000,29132;29136;34840;29139,269.096374,0.197070,2.563386,411.852025,0.277865,3.838233,24.103659,27.174779,12,22.408439,27.171834,12
VA628_EB,110+56115,all_1_of_2,MD,2.000000,4.000000,29132;29136;34840;29139,694.449699,0.251004,0.000000,1004.442937,0.339026,7.063290,25.632761,26.458723,24,24.000721,28.172127,24
VA628_EB,110+56115,all_1_of_2,PM,2.000000,4.000000,29132;29136;34840;29139,591.340709,0.319277,0.000000,661.643226,0.349138,3.827672,26.462363,27.715405,16,24.761567,29.058867,16
VA628_EB,110+56116,all_2_of_2,AM,3.000000,2.000000,29155;35710,666.173725,0.499220,3.002760,720.342091,0.541218,3.335131,19.708724,26.233686,12,19.041965,26.223950,12
VA628_EB,110+56116,all_2_of_2,MD,3.000000,2.000000,29155;35710,1206.490420,0.463893,0.000000,1168.391953,0.449156,5.760867,23.353176,23.489390,24,22.392267,25.351343,24
VA628_EB,110+56116,all_2_of_2,PM,3.000000,2.000000,29155;35710,836.340934,0.482677,0.000000,750.301944,0.433244,3.612498,23.490972,24.141558,16,21.733778,25.721213,16
VA628_WB,110-56115,all_1_of_3,AM,2.000000,2.000000,29057;35711,450.098357,0.424968,0.000000,475.147734,0.450111,3.090982,23.944151,25.944077,12,22.817062,26.983815,12
VA628_WB,110-56115,all_1_of_3,MD,2.000000,2.000000,29057;35711,1077.044916,0.488780,5.894786,1144.903567,0.520491,6.405950,24.077715,32.545490,24,23.691534,31.296907,24
VA628_WB,110-56115,all_1_of_3,PM,2.000000,2.000000,29057;35711,1143.841027,0.763507,0.000000,1191.237440,0.796323,4.353889,25.052363,25.286438,16,22.603261,26.047576,16
VA628_WB,110-56114,all_2_of_3,AM,3.000000,2.000000,29152;29140,265.862525,0.236692,0.000000,312.465675,0.278353,3.098115,25.985621,27.718569,12,23.772737,28.998109,12
VA628_WB,110-56114,all_2_of_3,MD,3.000000,2.000000,29152;29140,538.742158,0.224270,5.540290,685.603244,0.286404,7.608136,23.485050,25.977868,24,22.359527,25.976836,24
VA628_WB,110-56114,all_2_of_3,PM,3.000000,2.000000,29152;29140,590.054224,0.412668,0.000000,541.787795,0.381129,3.418540,25.448686,27.368397,16,24.946524,29.246737,16
VA628_WB,110N56114,all_3_of_3,AM,4.000000,1.000000,29135,279.497100,0.163400,0.000000,712.145260,0.416288,5.932432,13.981000,17.627035,12,8.315186,18.280643,12
VA628_WB,110N56114,all_3_of_3,MD,4.000000,1.000000,29135,640.830100,0.165900,0.000000,1808.838380,0.468197,15.555933,11.628636,13.964062,24,7.270402,14.926274,24
VA628_WB,110N56114,all_3_of_3,PM,4.000000,1.000000,29135,457.391700,0.205800,0.000000,985.155270,0.443363,7.707327,11.631956,14.085216,16,8.382991,14.882663,16
VA629_NB,110+56110,all_1_of_3,AM,2.000000,7.000000,29063;29149;29151;29154;34352;29157;29160,268.479352,0.211106,2.352490,296.215839,0.234368,2.619944,28.246658,42.020097,12,28.239939,41.781288,12
VA629_NB,110+56110,all_1_of_3,MD,2.000000,7.000000,29063;29149;29151;29154;34352;29157;29160,669.190621,0.247461,0.000000,703.578696,0.260280,6.440896,28.212840,28.780736,24,28.269026,31.826461,24
VA629_NB,110+56110,all_1_of_3,PM,2.000000,7.000000,29063;29149;29151;29154;34352;29157;29160,535.570017,0.295437,0.000000,762.845576,0.395070,5.651692,28.782054,29.114490,16,28.883022,31.397643,16
VA629_NB,110+56111,all_2_of_3,AM,4.000000,3.000000,29165;34357;29167,816.088937,0.625092,0.000000,929.720350,0.709905,2.319785,28.961764,35.417394,12,29.106151,35.933649,12
VA629_NB,110+56111,all_2_of_3,MD,4.000000,3.000000,29165;34357;29167,1438.947016,0.566652,0.000000,1646.179702,0.646513,6.879528,28.132898,28.935305,24,28.172155,31.222202,24
VA629_NB,110+56111,all_2_of_3,PM,4.000000,3.000000,29165;34357;29167,1120.625295,0.602871,3.939232,1481.385815,0.795767,5.283980,28.250785,30.330674,16,28.198291,29.829598,16
VA629_NB,110+56112,all_3_of_3,AM,5.000000,3.000000,29171;29177;31638,848.867215,0.806968,0.000000,1093.155077,1.037668,3.661480,22.800693,29.723631,12,18.984883,29.749468,12
VA629_NB,110+56112,all_3_of_3,MD,5.000000,3.000000,29171;29177;31638,1766.785079,0.908897,0.000000,2112.860349,1.084937,6.603949,20.547870,22.770871,24,19.721010,23.572216,24
VA629_NB,110+56112,all_3_of_3,PM,5.000000,3.000000,29171;29177;31638,1205.512593,0.873139,3.701884,1681.942008,1.200618,5.411990,17.505273,22.188833,16,14.898034,22.169960,16
VA629_SB,110-56111,all_1_of_3,AM,2.000000,3.000000,29079;31639;29175,748.706451,0.692757,2.936202,912.354518,0.843219,3.632163,22.807294,31.032489,12,21.992437,31.048770,12
VA629_SB,110-56111,all_1_of_3,MD,2.000000,3.000000,29079;31639;29175,2194.827808,1.044455,0.000000,2147.947290,1.021738,5.376588,24.300261,24.703947,24,23.683988,25.853450,24
VA629_SB,110-56111,all_1_of_3,PM,2.000000,3.000000,29079;31639;29175,1398.259632,0.995999,0.000000,1591.827594,1.126235,4.114566,24.705877,25.386536,16,22.554219,25.867000,16
VA629_SB,110-56110,all_2_of_3,AM,3.000000,3.000000,29170;29168;34356,652.843309,0.528569,0.000000,796.335151,0.644638,2.471443,29.674392,35.136123,12,29.809838,35.760174,12
VA629_SB,110-56110,all_2_of_3,MD,3.000000,3.000000,29170;29168;34356,1463.269080,0.919448,0.000000,1571.315495,0.991645,6.136005,29.652831,30.304453,24,29.675140,32.436173,24
VA629_SB,110-56110,all_2_of_3,PM,3.000000,3.000000,29170;29168;34356,1147.752589,0.622074,3.994588,1384.267472,0.749885,4.848720,29.016430,30.565160,16,28.309972,30.566963,16
VA629_SB,110-56109,all_3_of_3,AM,5.000000,7.000000,29163;29159;29158;34351;29153;29150;29147,304.153871,0.253101,0.000000,380.140482,0.305427,3.010966,28.151927,32.890266,12,28.362862,34.828462,12
VA629_SB,110-56109,all_3_of_3,MD,5.000000,7.000000,29163;29159;29158;34351;29153;29150;29147,692.006651,0.293105,0.000000,744.855561,0.313390,6.711890,28.133089,28.172177,24,28.188928,31.654447,24
VA629_SB,110-56109,all_3_of_3,PM,5.000000,7.000000,29163;29159;29158;34351;29153;29150;29147,582.677716,0.351183,4.021973,704.640524,0.420419,5.043139,28.408304,30.261003,16,28.337237,29.650228,16
VA633_EB,110+59119,all_1_of_2,AM,2.000000,3.000000,29230;31165;31620,1917.572134,1.213399,0.000000,1524.052446,0.963361,0.805975,32.436000,36.577459,12,32.619219,37.901899,12
VA633_EB,110+59119,all_1_of_2,MD,2.000000,3.000000,29230;31165;31620,4353.958592,1.967292,0.000000,2999.732112,1.357229,0.542382,29.244186,32.416215,24,29.306265,36.191832,24
VA633_EB,110+59119,all_1_of_2,PM,2.000000,3.000000,29230;31165;31620,4104.375837,0.967448,4.299898,2258.197238,0.528249,2.318712,20.419515,29.703812,16,24.276584,29.711121,16
VA633_EB,110+59120,all_2_of_2,AM,3.000000,4.000000,34422;29244;34420;31625,1405.015565,0.982226,0.000000,1556.666220,1.083135,3.362340,23.202032,26.996447,12,23.355337,27.925127,12
VA633_EB,110+59120,all_2_of_2,MD,3.000000,4.000000,34422;29244;34420;31625,2444.523820,0.935757,0.000000,2247.661070,0.864285,5.712153,22.993696,23.186768,24,23.050418,26.506120,24
VA633_EB,110+59120,all_2_of_2,PM,3.000000,4.000000,34422;29244;34420;31625,2370.300596,1.425152,3.828965,1786.075827,1.072458,2.908570,22.312813,23.129527,16,22.319444,24.780471,16
VA633_WB,110-59119,all_1_of_2,AM,2.000000,4.000000,29088;31627;34419;29245,971.310077,0.784807,0.000000,903.374355,0.738467,2.827914,24.021138,24.680423,12,24.236505,27.810721,12
VA633_WB,110-59119,all_1_of_2,MD,2.000000,4.000000,29088;31627;34419;29245,2064.091399,0.798050,0.000000,2123.721909,0.825851,6.213852,23.256545,24.017721,24,23.313502,26.714619,24
VA633_WB,110-59119,all_1_of_2,PM,2.000000,4.000000,29088;31627;34419;29245,1973.114814,1.099209,3.747563,2197.824839,1.211889,4.288346,23.271427,24.303420,16,23.259974,23.512138,16
VA633_WB,110-59118,all_2_of_2,AM,3.000000,3.000000,34423;31619;31164,2228.697816,1.353441,0.000000,1457.951357,0.887141,0.329347,32.378497,35.477472,12,32.573368,37.945109,12
VA633_WB,110-59118,all_2_of_2,MD,3.000000,3.000000,34423;31619;31164,4383.145722,2.102496,0.000000,3073.771879,1.475711,0.175931,30.876047,32.364624,24,30.933390,36.415313,24
VA633_WB,110-59118,all_2_of_2,PM,3.000000,3.000000,34423;31619;31164,3361.613178,1.999216,3.945502,2372.919048,1.408492,2.802435,30.293355,31.348420,16,30.876929,31.356280,16
VA635_EB,110+59116,all_1_of_2,AM,1.000000,2.000000,29060;29345,629.800643,0.263357,0.000000,530.826111,0.222301,0.700542,33.144419,33.802169,12,24.456182,33.899400,12
VA635_EB,110+59116,all_1_of_2,MD,1.000000,2.000000,29060;29345,1891.696043,0.520029,0.000000,1596.695674,0.438736,2.784071,28.403124,33.137031,24,25.501798,33.207705,24
VA635_EB,110+59116,all_1_of_2,PM,1.000000,2.000000,29060;29345,1322.772286,0.567786,3.354535,1388.532344,0.595868,3.664481,24.404816,30.375711,16,24.167803,30.373279,16
VA635_EB,110P59115,all_2_of_2,AM,2.000000,1.000000,4836,27.387600,0.000400,0.000000,20.942700,0.000299,0.000805,17.805680,23.545131,12,15.383408,23.473334,12
VA635_EB,110P59115,all_2_of_2,MD,2.000000,1.000000,4836,99.605400,0.000800,0.000000,0.000000,0.000000,0.000000,16.776324,17.781846,24,17.000000,17.000000,1
VA635_EB,110P59115,all_2_of_2,PM,2.000000,1.000000,4836,60.621900,0.000700,0.000000,112.779000,0.001276,0.006048,16.775807,16.997335,16,13.748635,16.997984,16
VA635_WB,110-59115,only,AM,2.000000,2.000000,29270;29344,948.630043,0.545914,0.000000,937.909126,0.539592,2.752108,29.407152,31.347508,12,23.847390,31.345921,12
VA635_WB,110-59115,only,MD,2.000000,2.000000,29270;29344,2242.954800,0.643043,0.000000,1751.987376,0.502586,4.172206,27.806281,29.397779,24,24.498729,29.674574,24
VA635_WB,110-59115,only,PM,2.000000,2.000000,29270;29344,1493.130514,0.652586,3.671907,1364.221753,0.596218,3.384427,22.948868,29.390987,16,23.282941,29.432521,16
VA636_NB,110P56134,all_1_of_2,AM,1.000000,1.000000,29435,1115.718600,0.446500,0.000000,1569.344970,0.627974,4.425800,29.061641,30.260017,12,29.199804,32.124948,12
VA636_NB,110P56134,all_1_of_2,MD,1.000000,1.000000,29435,1622.393600,0.365000,6.079394,1262.206670,0.283945,4.705088,29.136772,31.529674,24,29.150710,32.085870,24
VA636_NB,110P56134,all_1_of_2,PM,1.000000,1.000000,29435,1430.095700,0.934600,0.000000,1496.592900,0.978031,4.073613,29.460456,31.053210,16,29.499496,32.267254,16
VA636_NB,110+56135,all_2_of_2,AM,2.000000,8.000000,29417;29416;35100;29412;35113;35123;29408;35118,1806.096359,1.166093,2.544924,1856.082775,1.177703,2.892527,30.600016,33.692247,12,30.352264,33.690961,12
VA636_NB,110+56135,all_2_of_2,MD,2.000000,8.000000,29417;29416;35100;29412;35113;35123;29408;35118,2978.415372,1.170250,0.000000,2387.177374,0.938240,0.197928,31.306872,31.445924,24,31.361280,37.312353,24
VA636_NB,110+56135,all_2_of_2,PM,2.000000,8.000000,29417;29416;35100;29412;35113;35123;29408;35118,2264.248499,1.177525,0.000000,2035.233057,1.061155,3.829274,31.281235,31.445684,16,31.321402,33.623974,16
VA636_SB,110-56134,all_1_of_2,AM,2.000000,8.000000,29405;35119;29409;35124;35112;29410;35101;29415,1051.535502,0.579100,0.000000,917.732620,0.505320,1.534424,33.474867,34.514781,12,31.057184,36.984253,12
VA636_SB,110-56134,all_1_of_2,MD,2.000000,8.000000,29405;35119;29409;35124;35112;29410;35101;29415,2592.145068,1.086354,0.000000,2358.542354,0.988454,0.454196,30.672778,33.467860,24,30.729687,37.270679,24
VA636_SB,110-56134,all_1_of_2,PM,2.000000,8.000000,29405;35119;29409;35124;35112;29410;35101;29415,2794.354660,1.489610,4.010911,2485.989137,1.312335,3.733042,28.445175,30.712602,16,28.752395,30.707434,16
VA636_SB,110N56134,all_2_of_2,AM,3.000000,1.000000,29419,559.217100,0.282900,0.000000,632.427800,0.319956,3.086196,13.356348,16.853153,12,13.642920,18.891520,12
VA636_SB,110N56134,all_2_of_2,MD,3.000000,1.000000,29419,1090.951600,0.251200,0.000000,1378.823000,0.317497,7.456596,12.333823,13.341407,24,11.943769,16.003952,24
VA636_SB,110N56134,all_2_of_2,PM,3.000000,1.000000,29419,1507.702600,0.478400,3.974655,1999.867310,0.634565,5.309140,12.338292,13.305674,16,11.445738,12.835258,16
VA637_NB,110+11493,all_1_of_5,AM,2.000000,1.000000,35917,2343.346600,1.088100,0.000000,1476.158570,0.685426,1.794836,29.125629,32.429048,12,29.341476,34.611504,12
VA637_NB,110+11493,all_1_of_5,MD,2.000000,1.000000,35917,3527.820700,0.775500,0.000000,3998.149170,0.878836,6.728295,27.395275,29.110705,24,27.426198,30.908666,24
VA637_NB,110+11493,all_1_of_5,PM,2.000000,1.000000,35917,3570.177300,1.157700,5.102939,3041.804200,0.986336,4.331739,27.397983,28.675131,16,27.401034,28.847948,16
VA637_NB,110+11488,all_2_of_5,AM,3.000000,4.000000,35893;37572;36963;37564,2184.126779,1.021112,0.000000,1509.964790,0.705335,1.688628,31.375403,36.556009,12,30.413444,36.888778,12
VA637_NB,110+11488,all_2_of_5,MD,3.000000,4.000000,35893;37572;36963;37564,4792.783691,1.046543,0.000000,3849.003629,0.839813,5.143106,30.537552,31.353987,24,30.566770,32.204621,24
VA637_NB,110+11488,all_2_of_5,PM,3.000000,4.000000,35893;37572;36963;37564,2938.374674,0.960728,0.000000,2890.783812,0.943586,3.930670,30.274926,30.536147,16,29.726598,30.932816,16
VA637_NB,110+11494,all_3_of_5,AM,4.000000,2.000000,35910;35827,606.597069,0.216718,0.000000,615.663035,0.219940,0.653529,29.825135,32.265745,12,26.402578,32.925577,12
VA637_NB,110+11494,all_3_of_5,MD,4.000000,2.000000,35910;35827,1700.549623,0.379656,0.000000,1496.756600,0.334187,1.901591,31.837036,32.275504,24,26.118131,32.607823,24
VA637_NB,110+11494,all_3_of_5,PM,4.000000,2.000000,35910;35827,1296.472008,0.703382,3.067888,968.447316,0.520926,2.262655,25.653616,31.867639,16,25.967137,31.958432,16
VA637_NB,110+11495,all_4_of_5,AM,5.000000,1.000000,35821,219.841400,0.083000,0.000000,259.997710,0.098148,0.278166,36.206810,39.781403,12,29.769538,39.717476,12
VA637_NB,110+11495,all_4_of_5,MD,5.000000,1.000000,35821,851.730100,0.128800,0.000000,685.007810,0.103602,0.585059,39.796822,40.964273,24,27.330115,40.942061,24
VA637_NB,110+11495,all_4_of_5,PM,5.000000,1.000000,35821,831.152700,0.188000,0.000000,428.521610,0.096937,0.305070,39.949519,40.963110,16,30.075557,40.916320,16
VA637_NB,110+11496,all_5_of_5,AM,6.000000,1.000000,35924,131.211900,0.026000,0.000000,295.662840,0.058596,0.167323,37.973068,41.621586,12,36.143141,41.612247,12
VA637_NB,110+11496,all_5_of_5,MD,6.000000,1.000000,35924,597.095900,0.062700,0.000000,470.993590,0.049451,0.282327,37.959248,39.363195,24,34.334724,39.548579,24
VA637_NB,110+11496,all_5_of_5,PM,6.000000,1.000000,35924,450.788400,0.075100,0.000000,510.524480,0.085022,0.330452,39.364599,39.379286,16,33.698146,39.463317,16
VA637_SB,110-11495,all_1_of_5,AM,2.000000,1.000000,35856,291.980000,0.059600,0.000000,222.823530,0.045457,0.129124,43.161742,43.271736,12,36.336299,43.219134,12
VA637_SB,110-11495,all_1_of_5,MD,2.000000,1.000000,35856,659.442400,0.063300,0.000000,535.257630,0.051358,0.293487,41.151185,43.270017,24,34.201293,43.260054,24
VA637_SB,110-11495,all_1_of_5,PM,2.000000,1.000000,35856,345.831900,0.053500,0.000000,624.995120,0.096695,0.376601,41.151217,42.098810,16,33.145618,42.081689,16
VA637_SB,110-11494,all_2_of_5,AM,3.000000,1.000000,35922,505.190200,0.164900,0.000000,306.159580,0.099937,0.283389,39.537193,39.541856,12,29.699568,39.471381,12
VA637_SB,110-11494,all_2_of_5,MD,3.000000,1.000000,35922,947.318400,0.152400,0.000000,796.812320,0.128172,0.730615,36.017408,39.538256,24,26.568566,39.524925,24
VA637_SB,110-11494,all_2_of_5,PM,3.000000,1.000000,35922,524.137200,0.126500,0.000000,436.363400,0.105316,0.333808,36.019347,38.402761,16,29.842850,38.377139,16
VA637_SB,110-11493,all_3_of_5,AM,4.000000,2.000000,35820;35828,780.123908,0.382485,0.000000,584.765777,0.286771,2.033998,29.997884,30.559487,12,24.711461,30.852995,12
VA637_SB,110-11493,all_3_of_5,MD,4.000000,2.000000,35820;35828,1730.563523,0.394733,0.000000,1580.689474,0.360601,4.698614,26.946789,30.558126,24,23.036143,30.740178,24
VA637_SB,110-11493,all_3_of_5,PM,4.000000,2.000000,35820;35828,1207.033428,0.437123,3.676580,1064.645830,0.385582,3.229934,21.808101,28.227982,16,22.112743,28.230417,16
VA637_SB,110-11487,all_4_of_5,AM,6.000000,4.000000,35920;37565;36964;37571,1551.014758,0.544796,0.000000,1532.844378,0.538298,1.624467,34.436850,38.947294,12,30.002251,39.125586,12
VA637_SB,110-11492,all_5_of_5,AM,6.000000,1.000000,35913,1773.270100,0.803100,0.000000,1827.762330,0.827824,3.324412,29.835185,31.015095,12,29.932224,32.988328,12
VA637_SB,110-11487,all_4_of_5,MD,6.000000,4.000000,35920;37565;36964;37571,4172.016157,0.927428,2.951326,3890.586311,0.864798,2.746532,31.487941,34.521675,24,31.495434,34.543340,24
VA637_SB,110-11492,all_5_of_5,MD,6.000000,1.000000,35913,3624.050200,0.754400,0.000000,4235.035640,0.881577,7.433193,28.762907,29.829378,24,28.789365,31.181765,24
VA637_SB,110-11487,all_4_of_5,PM,6.000000,4.000000,35920;37565;36964;37571,3836.146178,1.159052,1.933772,2853.606948,0.861791,1.426777,30.292007,33.104563,16,30.792959,33.149459,16
VA637_SB,110-11492,all_5_of_5,PM,6.000000,1.000000,35913,2938.655200,0.913200,4.983866,2915.680180,0.906085,4.944009,27.999777,28.709540,16,27.999873,28.714140,16
VA638_NB,110P13189,corridor_start,AM,1.000000,1.000000,38205,1571.548400,0.394200,0.000000,1491.851200,0.374210,1.132242,23.510552,26.049458,12,23.851217,36.217269,12
VA638_NB,110P13189,corridor_start,MD,1.000000,1.000000,38205,4494.336100,0.543700,0.000000,4776.444820,0.577829,3.507509,21.077625,23.497926,24,21.170588,31.924743,24
VA638_NB,110P13189,corridor_start,PM,1.000000,1.000000,38205,4195.011900,0.732400,0.000000,4692.899410,0.819318,3.304985,21.091449,28.137865,16,21.249016,30.858079,16
VA638_NB,110P56126,behavior_diverse_2_of_5,AM,3.000000,1.000000,35042,2513.711700,0.575900,0.000000,2708.628420,0.620599,1.891685,39.407852,42.311724,12,30.287217,42.357224,12
VA638_NB,110P59123,behavior_diverse_3_of_5,AM,3.000000,1.000000,29390,1828.595600,1.738800,0.000000,1684.163090,1.601422,2.828550,29.077734,30.795458,12,29.148908,32.635230,12
VA638_NB,110P56126,behavior_diverse_2_of_5,MD,3.000000,1.000000,35042,4619.218200,0.536700,0.000000,4191.947750,0.487072,2.946111,39.068429,39.395986,24,31.372388,40.034152,24
VA638_NB,110P59123,behavior_diverse_3_of_5,MD,3.000000,1.000000,29390,3736.115400,0.986700,6.206416,3292.199950,0.869462,5.450444,30.804537,31.365351,24,30.805720,31.692778,24
VA638_NB,110P56126,behavior_diverse_2_of_5,PM,3.000000,1.000000,35042,4069.645400,0.681300,0.000000,3617.640870,0.605645,2.424844,39.068677,39.319444,16,31.210047,39.533082,16
VA638_NB,110P59123,behavior_diverse_3_of_5,PM,3.000000,1.000000,29390,2650.945900,0.988900,0.000000,2320.857670,0.865774,3.514239,31.155390,31.383191,16,31.222581,33.351650,16
VA638_NB,110+59127,behavior_diverse_4_of_5,AM,4.000000,7.000000,29383;35211;29466;29472;29477;34493;31539,2253.613818,0.705992,1.817359,2614.117452,0.820094,2.138280,27.678116,36.472450,12,27.048763,36.623701,12
VA638_NB,110+59127,behavior_diverse_4_of_5,MD,4.000000,7.000000,29383;35211;29466;29472;29477;34493;31539,4550.716485,0.839252,0.000000,4247.704348,0.783977,0.932660,27.157017,30.152570,24,27.226931,36.245232,24
VA638_NB,110+59127,behavior_diverse_4_of_5,PM,4.000000,7.000000,29383;35211;29466;29472;29477;34493;31539,3620.054358,0.961050,4.081140,4092.020508,1.086529,4.651584,27.316248,30.338870,16,27.290116,30.337445,16
VA638_NB,110+59128,corridor_end,AM,5.000000,1.000000,29903,1949.368600,0.726900,0.000000,2052.623780,0.765422,3.223209,15.372895,27.521503,12,15.615247,27.921397,12
VA638_NB,110+59128,corridor_end,MD,5.000000,1.000000,29903,3274.927100,0.591300,0.000000,3068.429930,0.553995,5.481677,15.325079,18.248389,24,15.421121,21.441673,24
VA638_NB,110+59128,corridor_end,PM,5.000000,1.000000,29903,2398.120900,0.714100,0.000000,2562.540040,0.763051,4.483603,18.254081,19.480237,16,18.401457,21.700038,16
VA638_SB,110N59128,corridor_start,AM,1.000000,1.000000,29535,1414.659700,0.617600,0.000000,1468.325440,0.641026,3.220500,26.486779,28.273121,12,26.656818,30.108658,12
VA638_SB,110N59128,corridor_start,MD,1.000000,1.000000,29535,3264.308400,0.643300,0.000000,2644.000730,0.521064,4.791377,23.985969,26.477081,24,24.062369,30.222607,24
VA638_SB,110N59128,corridor_start,PM,1.000000,1.000000,29535,2931.806900,0.863000,4.417696,2934.823490,0.863899,4.422354,21.077152,23.977755,16,21.069970,23.977751,16
VA638_SB,110-13189,behavior_diverse_2_of_5,AM,2.000000,2.000000,38428;40600,212.905038,0.088643,2.230050,196.491930,0.082391,2.172019,24.061366,31.804421,12,24.104831,31.798642,12
VA638_SB,110-59122,behavior_diverse_3_of_5,AM,2.000000,4.000000,29389;29023;35130;35136,492.494162,0.403750,0.000000,599.731882,0.508769,3.430923,30.485850,32.545995,12,30.626659,34.051186,12
VA638_SB,110-13189,behavior_diverse_2_of_5,MD,2.000000,2.000000,38428;40600,578.748800,0.132238,0.000000,586.713242,0.133959,2.517784,30.291957,31.828631,24,24.662557,32.926661,24
VA638_SB,110-59122,behavior_diverse_3_of_5,MD,2.000000,4.000000,29389;29023;35130;35136,768.917180,0.704313,0.000000,1392.201754,1.331050,8.215343,29.652580,30.476803,24,29.670582,31.813034,24
VA638_SB,110-13189,behavior_diverse_2_of_5,PM,2.000000,2.000000,38428;40600,1399.781708,0.445962,2.273935,691.118246,0.217376,1.097492,23.572424,31.741741,16,24.780854,31.426084,16
VA638_SB,110-59122,behavior_diverse_3_of_5,PM,2.000000,4.000000,29389;29023;35130;35136,1226.383828,0.672923,4.180823,1427.909618,0.810342,5.066722,29.347111,29.652460,16,28.974832,29.647346,16
VA638_SB,110N56126,behavior_diverse_4_of_5,AM,5.000000,1.000000,29397,2185.935400,0.498300,0.000000,1911.958370,0.435803,1.321545,42.121354,42.562810,12,31.298172,42.754250,12
VA638_SB,110N56126,behavior_diverse_4_of_5,MD,5.000000,1.000000,29397,4142.488000,0.476700,0.000000,4453.284670,0.512513,3.103282,40.763618,42.118211,24,31.234807,42.287981,24
VA638_SB,110N56126,behavior_diverse_4_of_5,PM,5.000000,1.000000,29397,4650.342500,0.724700,0.000000,3805.407710,0.593008,2.373012,38.549242,40.757310,16,31.262682,40.946624,16
VA638_SB,110-59125,corridor_end,AM,6.000000,4.000000,29380;29387;35162;35166,1965.861683,1.369818,0.000000,2076.006909,1.445369,2.788575,25.634300,31.072523,12,25.750285,31.393448,12
VA638_SB,110-59125,corridor_end,MD,6.000000,4.000000,29380;29387;35162;35166,3896.420489,1.353687,0.000000,3899.784441,1.354216,6.144401,24.217724,25.611249,24,24.256029,27.749804,24
VA638_SB,110-59125,corridor_end,PM,6.000000,4.000000,29380;29387;35162;35166,2744.120677,1.474565,0.000000,2911.514649,1.557715,4.266396,24.220144,25.875423,16,24.298693,27.213477,16
VA639_EB,110N13221,all_1_of_4,AM,1.000000,1.000000,40399,2726.911700,0.985700,2.711345,3001.192140,1.084829,2.991548,11.060106,12.223202,12,10.559783,12.220095,12
VA639_EB,110N13221,all_1_of_4,MD,1.000000,1.000000,40399,5016.987900,0.684200,0.000000,6552.734380,0.893601,8.412295,11.050769,12.751811,24,8.540207,13.809539,24
VA639_EB,110N13221,all_1_of_4,PM,1.000000,1.000000,40399,4617.627600,1.307800,0.000000,4112.315920,1.164722,2.982430,11.919670,12.751620,16,12.130093,17.327828,16
VA639_EB,110-13220,all_2_of_4,AM,2.000000,1.000000,38297,3145.288500,0.682800,0.000000,3507.414790,0.761464,2.317343,34.023811,37.798263,12,27.238971,37.799374,12
VA639_EB,110-13220,all_2_of_4,MD,2.000000,1.000000,38297,6067.708100,0.625700,0.000000,7804.723140,0.804839,4.916741,32.240819,34.006965,24,25.614896,34.025252,24
VA639_EB,110-13220,all_2_of_4,PM,2.000000,1.000000,38297,5262.414800,1.025000,0.000000,4791.555180,0.933319,0.977665,32.247571,35.921425,16,29.988969,36.105070,16
VA639_EB,110N13219,all_3_of_4,AM,2.500000,1.000000,39186,2430.534400,2.375200,0.000000,1587.969730,1.551789,2.037588,28.084287,29.580359,12,28.278219,31.435251,12
VA639_EB,110N13219,all_3_of_4,MD,2.500000,1.000000,39186,6499.853000,3.419300,0.000000,3811.349120,2.004981,3.732019,26.614871,28.076810,24,26.684809,31.421857,24
VA639_EB,110N13219,all_3_of_4,PM,2.500000,1.000000,39186,4180.711400,3.344800,3.839343,2374.534180,1.899733,2.152464,25.573089,26.606437,16,26.587651,28.300165,16
VA639_EB,110-13219,all_4_of_4,AM,3.000000,1.000000,38273,2413.870900,1.077900,0.000000,2028.025390,0.905594,1.446241,30.857165,34.476920,12,31.049825,35.384670,12
VA639_EB,110-13219,all_4_of_4,MD,3.000000,1.000000,38273,3565.630200,0.888800,0.000000,4393.080080,1.095087,6.773062,28.003548,30.839805,24,28.025524,31.739073,24
VA639_EB,110-13219,all_4_of_4,PM,3.000000,1.000000,38273,2689.497800,0.875000,4.532537,2008.077390,0.653318,3.361497,28.007002,29.903363,16,28.013140,29.971250,16
VA639_WB,110+13220,all_1_of_2,AM,1.000000,1.000000,38812,1041.942400,0.430700,0.000000,1526.326900,0.630944,5.149192,26.409396,27.980173,12,21.804793,28.762661,12
VA639_WB,110+13220,all_1_of_2,MD,1.000000,1.000000,38812,2278.009200,0.430500,0.000000,4059.849850,0.767176,10.754112,23.540749,26.400185,24,22.046199,27.468299,24
VA639_WB,110+13220,all_1_of_2,PM,1.000000,1.000000,38812,1592.313400,0.382100,3.553465,4021.282960,0.964932,9.167266,23.544061,24.924830,16,18.841468,24.821517,16
VA639_WB,110+13221,all_2_of_2,AM,2.000000,1.000000,38272,1066.705800,0.445000,0.000000,1520.991940,0.634548,4.964261,30.555180,30.972906,12,30.671567,32.355880,12
VA639_WB,110+13221,all_2_of_2,MD,2.000000,1.000000,38272,2507.425000,0.473200,0.000000,4040.943600,0.762582,9.968845,27.724327,30.550667,24,27.758163,31.652293,24
VA639_WB,110+13221,all_2_of_2,PM,2.000000,1.000000,38272,1502.824100,0.333400,3.710101,3900.948730,0.865405,9.844048,27.637274,31.113044,16,22.324947,31.120051,16
VA640_EB,110+13156,corridor_start,AM,2.000000,5.000000,38176;40303;40297;38872;39680,1357.817570,0.290852,0.000000,1604.079443,0.343675,1.034609,43.157709,44.855430,12,32.767795,44.874774,12
VA640_EB,110+13156,corridor_start,MD,2.000000,5.000000,38176;40303;40297;38872;39680,2889.323356,0.323114,0.000000,2996.843219,0.335151,2.019682,42.326474,43.150101,24,31.996236,43.403816,24
VA640_EB,110+13156,corridor_start,PM,2.000000,5.000000,38176;40303;40297;38872;39680,2170.135365,0.346964,0.000000,2488.203111,0.397845,1.608462,41.222657,42.323176,16,31.422480,42.609038,16
VA640_EB,110+13161,behavior_diverse_2_of_5,AM,10.000000,1.000000,38295,3992.640500,0.739500,0.000000,4637.522950,0.858908,2.617637,31.644852,41.347320,12,30.402494,41.332639,12
VA640_EB,110+13161,behavior_diverse_2_of_5,MD,10.000000,1.000000,38295,6218.221800,0.902200,5.902502,7315.781250,1.061389,6.974707,25.325072,31.606071,24,25.286825,31.605754,24
VA640_EB,110+13161,behavior_diverse_2_of_5,PM,10.000000,1.000000,38295,4793.100700,1.017200,0.000000,5348.872070,1.135176,4.634868,25.248401,28.890622,16,25.313357,29.517651,16
VA640_EB,110+59139,behavior_diverse_3_of_5,AM,12.500000,3.000000,29459;29017;35256,754.232406,0.465375,0.000000,1357.053420,0.835257,5.168073,26.634351,29.942762,12,26.763102,30.774839,12
VA640_EB,110P59138,behavior_diverse_4_of_5,AM,12.500000,1.000000,31510,27.263000,0.413300,1.458830,145.109500,2.199722,8.038524,16.963602,29.071953,12,7.114941,23.019614,12
VA640_EB,110+59139,behavior_diverse_3_of_5,MD,12.500000,3.000000,29459;29017;35256,1603.605925,0.579757,0.000000,2002.875286,0.719145,7.465327,26.622189,28.115009,24,26.663634,29.924747,24
VA640_EB,110P59138,behavior_diverse_4_of_5,MD,12.500000,1.000000,31510,52.948800,0.237100,0.000000,0.000000,0.000000,0.000000,18.321950,28.991961,24,40.000000,40.000000,1
VA640_EB,110+59139,behavior_diverse_3_of_5,PM,12.500000,3.000000,29459;29017;35256,1364.134100,0.634711,3.965612,2147.221262,0.989514,6.501401,27.687693,28.240536,16,25.938249,28.113430,16
VA640_EB,110P59138,behavior_diverse_4_of_5,PM,12.500000,1.000000,31510,219.134500,0.118800,0.000000,353.444370,0.191653,5.374882,28.913242,29.002372,16,25.324402,29.967434,16
VA640_EB,110P13163,corridor_end,AM,13.000000,1.000000,40914,2142.710500,0.698800,0.000000,3538.260740,1.153849,3.549176,13.625301,13.810557,12,13.921232,28.146427,12
VA640_EB,110P13163,corridor_end,MD,13.000000,1.000000,40914,3274.847300,0.595000,0.000000,3397.414790,0.617252,3.751953,13.811509,14.018006,24,13.930011,30.564934,24
VA640_EB,110P13163,corridor_end,PM,13.000000,1.000000,40914,2732.246800,0.736600,0.000000,3832.073240,1.033055,4.191161,13.161893,14.016226,16,13.348561,29.248787,16
VA640_WB,110N13163,corridor_start,AM,2.000000,1.000000,38267,1168.476400,0.529000,0.000000,1388.340580,0.628532,3.378615,19.032636,20.823753,12,18.363144,22.808727,12
VA640_WB,110N13163,corridor_start,MD,2.000000,1.000000,38267,2946.043100,0.617600,0.000000,2859.968750,0.599600,5.522688,17.641512,19.024068,24,17.726018,22.582065,24
VA640_WB,110N13163,corridor_start,PM,2.000000,1.000000,38267,4554.940900,1.331900,4.629971,3615.546140,1.057227,3.654135,16.541848,17.868998,16,17.670670,18.208336,16
VA640_WB,110-58118,behavior_diverse_2_of_5,AM,2.500000,2.000000,36037;37968,1032.011491,0.231223,0.000000,964.728747,0.216140,0.642070,34.854660,37.964162,12,26.486734,37.932395,12
VA640_WB,110N59138,behavior_diverse_3_of_5,AM,2.500000,1.000000,29460,38.341600,0.025900,0.000000,108.735050,0.073560,4.134301,5.994587,6.606264,12,3.973144,7.765010,12
VA640_WB,110-58118,behavior_diverse_2_of_5,MD,2.500000,2.000000,36037;37968,3268.169454,0.274491,0.000000,3090.519609,0.259575,1.569012,34.843530,36.670559,24,24.411308,36.665733,24
VA640_WB,110N59138,behavior_diverse_3_of_5,MD,2.500000,1.000000,29460,45.640100,0.015600,0.000000,0.000000,0.000000,0.000000,5.994028,7.939013,24,40.000000,40.000000,1
VA640_WB,110-58118,behavior_diverse_2_of_5,PM,2.500000,2.000000,36037;37968,3961.524694,0.579426,0.000000,3033.251694,0.443694,1.783430,36.177399,36.671286,16,23.754918,36.657153,16
VA640_WB,110N59138,behavior_diverse_3_of_5,PM,2.500000,1.000000,29460,69.797500,0.025800,0.000000,391.484040,0.144884,14.415012,6.676275,7.938071,16,3.769424,8.833201,16
VA640_WB,110-13155,behavior_diverse_4_of_5,AM,13.000000,5.000000,38318;39681;38873;40298;40302,1400.319038,0.314981,0.000000,1484.158880,0.333855,1.004656,43.978891,45.341761,12,32.848455,45.353070,12
VA640_WB,110-13155,behavior_diverse_4_of_5,MD,13.000000,5.000000,38318;39681;38873;40298;40302,2796.612422,0.306098,0.000000,3033.708280,0.332060,2.000773,43.962836,43.973466,24,32.020693,44.092258,24
VA640_WB,110-13155,behavior_diverse_4_of_5,PM,13.000000,5.000000,38318;39681;38873;40298;40302,2370.047198,0.353837,0.000000,2859.472711,0.426981,1.727692,42.255514,43.959052,16,31.254400,44.026236,16
VA640_WB,110N58117,corridor_end,AM,13.500000,1.000000,36953,1215.577700,0.752700,0.000000,1183.508060,0.732876,1.471605,25.763551,34.445847,12,25.795652,34.763765,12
VA640_WB,110N58117,corridor_end,MD,13.500000,1.000000,36953,3586.018800,0.468100,5.795751,3458.305180,0.451445,5.584308,23.695831,36.347737,24,23.821303,36.358787,24
VA640_WB,110N58117,corridor_end,PM,13.500000,1.000000,36953,3583.526800,0.437000,0.000000,3007.092040,0.366725,1.459236,35.311963,36.295274,16,28.038807,36.718030,16
VA641_EB,110P13225,corridor_start,AM,2.000000,1.000000,38308,3053.262800,1.437200,0.000000,2846.720700,1.339992,2.640387,27.887995,33.977545,12,27.970292,34.029879,12
VA641_EB,110P13225,corridor_start,MD,2.000000,1.000000,38308,6372.333400,1.448200,6.867022,5646.089840,1.283116,6.064665,22.787145,27.861193,24,23.192972,27.862358,24
VA641_EB,110P13225,corridor_start,PM,2.000000,1.000000,38308,4052.415400,1.194100,0.000000,4625.581540,1.363004,4.763896,22.497341,27.746185,16,22.576305,28.273224,16
VA641_EB,110+13227,behavior_diverse_2_of_5,AM,4.000000,3.000000,38747;40883;40557,3692.610084,1.123578,2.330056,3513.033400,1.068910,2.215699,21.401704,40.702303,12,21.646852,40.724773,12
VA641_EB,110+13227,behavior_diverse_2_of_5,MD,4.000000,3.000000,38747;40883;40557,6469.827579,1.234419,1.018951,5737.885734,1.094954,0.899983,24.377946,27.462256,24,24.447161,28.052483,24
VA641_EB,110+13227,behavior_diverse_2_of_5,PM,4.000000,3.000000,38747;40883;40557,4092.267385,1.017736,0.000000,4452.111941,1.106383,1.978221,23.827200,34.360781,16,23.976352,35.063531,16
VA641_EB,110+13228,behavior_diverse_3_of_5,AM,5.000000,5.000000,40864;40085;38260;40076;38153,4648.315886,1.428989,2.318317,4254.296524,1.308020,2.121454,27.989463,38.378371,12,27.994562,38.407091,12
VA641_EB,110+13228,behavior_diverse_3_of_5,MD,5.000000,5.000000,40864;40085;38260;40076;38153,7344.931443,1.304841,0.000000,6611.306646,1.174472,0.904628,27.975231,28.912268,24,28.040920,34.236639,24
VA641_EB,110+13228,behavior_diverse_3_of_5,PM,5.000000,5.000000,40864;40085;38260;40076;38153,4317.000071,1.054931,3.116917,4509.488758,1.102138,3.262064,28.927815,32.723507,16,28.926992,32.722157,16
VA641_EB,110+13229,behavior_diverse_4_of_5,AM,7.000000,6.000000,38266;39802;38256;39799;40615;38263,4543.958480,0.726918,0.000000,5922.929080,0.958411,2.939061,32.758495,36.735937,12,28.365368,36.737613,12
VA641_EB,110+13229,behavior_diverse_4_of_5,MD,7.000000,6.000000,38266;39802;38256;39799;40615;38263,7023.229477,1.011542,0.000000,7177.618318,1.035608,0.244835,31.438202,32.741334,24,31.487413,35.892885,24
VA641_EB,110+13229,behavior_diverse_4_of_5,PM,7.000000,6.000000,38266;39802;38256;39799;40615;38263,3920.496470,0.644764,3.072608,5902.628591,0.964262,5.191140,31.459828,33.175791,16,31.455992,32.977303,16
VA641_EB,110+13230,corridor_end,AM,8.000000,1.000000,38247,2227.954500,0.622200,0.000000,4487.443850,1.253227,4.624648,24.027691,25.542616,12,18.718672,25.741438,12
VA641_EB,110+13230,corridor_end,MD,8.000000,1.000000,38247,3240.853900,0.580300,0.000000,4199.130370,0.751887,6.695901,22.619578,24.020203,24,18.971127,24.743480,24
VA641_EB,110+13230,corridor_end,PM,8.000000,1.000000,38247,1093.792700,0.187200,2.923963,3676.976810,0.629217,10.224027,21.634521,33.294857,16,13.199653,23.518367,16
VA641_NB,110P13293,corridor_start,AM,1.000000,1.000000,37003,173.409100,0.087500,2.338402,272.238590,0.137315,3.692779,17.080501,21.806043,12,15.188854,21.780128,12
VA641_NB,110P13293,corridor_start,MD,1.000000,1.000000,37003,565.681200,0.134800,0.000000,800.857240,0.190807,6.566765,19.992187,20.898418,24,16.317407,21.900586,24
VA641_NB,110P13293,corridor_start,PM,1.000000,1.000000,37003,402.241800,0.157900,0.000000,586.047000,0.230070,4.663702,20.899782,21.103866,16,16.087698,21.935841,16
VA641_NB,110+13294,behavior_diverse_2_of_5,AM,2.000000,1.000000,35816,363.637500,0.305500,0.000000,412.065700,0.346162,2.934227,29.159822,29.548454,12,28.235752,30.641145,12
VA641_NB,110+13294,behavior_diverse_2_of_5,MD,2.000000,1.000000,35816,954.154200,0.353500,0.000000,1030.280270,0.381743,5.431922,29.159273,30.207031,24,27.927154,31.147542,24
VA641_NB,110+13294,behavior_diverse_2_of_5,PM,2.000000,1.000000,35816,575.616300,0.380800,3.590993,655.276920,0.433462,4.096485,27.141161,30.204134,16,26.913580,30.207060,16
VA641_NB,110+56128,behavior_diverse_3_of_5,AM,5.000000,3.000000,35060;35110;35115,1053.130180,0.552060,0.000000,900.513632,0.470232,1.429039,34.789620,39.288648,12,31.182062,39.877207,12
VA641_NB,110+56128,behavior_diverse_3_of_5,MD,5.000000,3.000000,35060;35110;35115,2500.312381,0.649347,0.000000,2568.977274,0.667172,4.061965,34.375177,34.771353,24,30.389931,35.799036,24
VA641_NB,110+56128,behavior_diverse_3_of_5,PM,5.000000,3.000000,35060;35110;35115,2623.258987,0.919322,0.000000,2254.027644,0.792234,3.193073,34.278689,34.374565,16,30.353199,34.802232,16
VA641_NB,110P13296,behavior_diverse_4_of_5,AM,6.000000,1.000000,37720,1293.731200,0.149000,0.000000,1004.501830,0.115662,2.062843,22.619228,28.236810,12,16.609350,29.462355,12
VA641_NB,110P13296,behavior_diverse_4_of_5,MD,6.000000,1.000000,37720,3400.058300,0.638800,0.000000,2671.041020,0.501864,4.272935,13.316274,22.587354,24,13.480700,24.547254,24
VA641_NB,110P13296,behavior_diverse_4_of_5,PM,6.000000,1.000000,37720,2489.756400,0.180000,4.186315,1802.406490,0.130333,3.016906,12.945987,30.443190,16,14.720577,31.885029,16
VA641_NB,110P56129,corridor_end,AM,8.000000,1.000000,35146,1051.076100,0.775600,0.000000,820.068180,0.605127,1.843844,14.134957,15.594636,12,14.601502,29.954881,12
VA641_NB,110P56129,corridor_end,MD,8.000000,1.000000,35146,2569.370700,0.935000,0.000000,2567.656250,0.934360,5.728658,13.708828,14.128721,24,13.793193,29.052992,24
VA641_NB,110P56129,corridor_end,PM,8.000000,1.000000,35146,2205.761400,1.196300,0.000000,1944.648560,1.054697,4.281161,13.168693,13.707197,16,13.355948,29.173306,16
VA641_SB,110N13296,corridor_start,AM,1.000000,1.000000,36255,1397.143300,1.442300,0.000000,1212.302490,1.251522,2.514588,28.365242,28.371496,12,23.260429,28.383180,12
VA641_SB,110N56129,behavior_diverse_2_of_5,AM,1.000000,1.000000,29406,1176.707100,0.823000,0.000000,953.023930,0.666519,2.326758,25.721235,32.795506,12,25.919780,34.138504,12
VA641_SB,110N13296,corridor_start,MD,1.000000,1.000000,36255,3984.131300,2.035700,0.000000,2810.531740,1.436028,4.088879,26.917934,28.363805,24,23.164975,28.500993,24
VA641_SB,110N56129,behavior_diverse_2_of_5,MD,1.000000,1.000000,29406,2326.654600,0.841600,3.450613,2587.740970,0.936096,3.846321,25.777896,32.193234,24,25.739187,32.191531,24
VA641_SB,110N13296,corridor_start,PM,1.000000,1.000000,36255,2745.236700,2.184800,3.772365,1673.579590,1.331893,2.283854,22.556405,30.910232,16,23.461087,31.015864,16
VA641_SB,110N56129,behavior_diverse_2_of_5,PM,1.000000,1.000000,29406,2051.067700,0.836000,0.000000,1749.742070,0.713141,2.866811,29.186647,32.186413,16,29.303461,33.898846,16
VA641_SB,110-56127,behavior_diverse_3_of_5,AM,3.000000,3.000000,29399;35116;35108,1346.614862,0.660902,0.000000,1213.411906,0.595179,1.813169,35.434202,38.629476,12,30.342578,39.009767,12
VA641_SB,110-56127,behavior_diverse_3_of_5,MD,3.000000,3.000000,29399;35116;35108,2381.738999,0.590426,0.000000,2638.969616,0.654234,3.981615,35.421020,35.599782,24,30.460486,36.398853,24
VA641_SB,110-56127,behavior_diverse_3_of_5,PM,3.000000,3.000000,29399;35116;35108,2085.088416,0.753147,0.000000,1954.490201,0.704532,2.831779,35.126699,35.598865,16,30.733878,36.112868,16
VA641_SB,110-13293,behavior_diverse_4_of_5,AM,5.000000,1.000000,35957,304.137700,0.262300,0.000000,363.629460,0.313666,1.691019,30.549597,32.054476,12,29.310684,33.962772,12
VA641_SB,110-13293,behavior_diverse_4_of_5,MD,5.000000,1.000000,35957,874.892800,0.696300,0.000000,1035.901610,0.824428,5.154981,30.543632,30.675062,24,29.185585,30.820614,24
VA641_SB,110-13293,behavior_diverse_4_of_5,PM,5.000000,1.000000,35957,616.471900,0.356500,3.501854,694.091430,0.401342,3.950295,28.220595,30.672478,16,28.042407,30.671634,16
VA641_SB,110N13293,corridor_end,AM,6.000000,1.000000,35818,162.187700,0.065100,2.503969,310.999390,0.124927,4.842399,18.462155,24.020383,12,15.681858,24.014973,12
VA641_SB,110N13293,corridor_end,MD,6.000000,1.000000,35818,494.963500,0.107300,0.000000,816.363100,0.176978,7.824230,23.411047,24.024735,24,17.474966,24.691956,24
VA641_SB,110N13293,corridor_end,PM,6.000000,1.000000,35818,412.121500,0.162800,0.000000,562.575000,0.222197,4.392267,22.679659,23.408793,16,17.972980,24.179864,16
VA641_WB,110-13229,corridor_start,AM,3.000000,1.000000,38244,1152.019100,0.445000,2.603580,1399.357670,0.540497,3.178696,25.076007,26.979912,12,25.546882,33.429655,12
VA641_WB,110-13229,corridor_start,MD,3.000000,1.000000,38244,2355.139000,0.341700,0.000000,3531.185790,0.512362,8.166745,26.085587,27.314842,24,23.961849,28.128552,24
VA641_WB,110-13229,corridor_start,PM,3.000000,1.000000,38244,1530.751000,0.242600,0.000000,4852.607420,0.769168,10.594514,26.088068,27.702106,16,19.959034,27.848834,16
VA641_WB,110-13227,behavior_diverse_2_of_5,AM,5.000000,8.000000,39798;38257;39803;38265;38155;40077;38261;40086,2360.067169,0.563828,0.000000,2379.702917,0.565592,0.499894,34.681031,40.267093,12,34.750234,41.191266,12
VA641_WB,110-13227,behavior_diverse_2_of_5,MD,5.000000,8.000000,39798;38257;39803;38265;38155;40077;38261;40086,6676.521775,1.041257,0.000000,6167.328151,0.956124,1.155710,27.209477,34.651062,24,27.275174,36.853318,24
VA641_WB,110-13227,behavior_diverse_2_of_5,PM,5.000000,8.000000,39798;38257;39803;38265;38155;40077;38261;40086,7540.292076,1.705629,3.160982,6447.120861,1.429668,2.880832,27.185649,35.662730,16,27.268884,35.910831,16
VA641_WB,110-13226,behavior_diverse_3_of_5,AM,6.000000,3.000000,40865;40558;40882,2173.783484,0.842810,0.000000,2220.032980,0.860703,2.286587,25.456709,36.266184,12,25.532558,36.392258,12
VA641_WB,110-13226,behavior_diverse_3_of_5,MD,6.000000,3.000000,40865;40558;40882,5782.875373,0.776979,0.000000,5228.763620,0.701640,5.327928,20.130282,25.408183,24,20.156587,27.778143,24
VA641_WB,110-13226,behavior_diverse_3_of_5,PM,6.000000,3.000000,40865;40558;40882,5988.122922,0.778149,4.263136,4893.236454,0.635014,3.461436,23.844308,36.284015,16,24.728357,37.917435,16
VA641_WB,110-13225,behavior_diverse_4_of_5,AM,8.000000,7.000000,38745;38170;39749;40760;40756;39744;40092,2454.632077,0.800938,1.523719,2416.375149,0.788722,1.499853,30.990978,37.897527,12,30.991132,37.926797,12
VA641_WB,110-13225,behavior_diverse_4_of_5,MD,8.000000,7.000000,38745;38170;39749;40760;40756;39744;40092,5601.656919,1.017801,0.000000,5512.276537,1.001365,3.500047,26.256079,30.900529,24,26.325473,32.742468,24
VA641_WB,110-13225,behavior_diverse_4_of_5,PM,8.000000,7.000000,38745;38170;39749;40760;40756;39744;40092,5119.604472,1.032281,4.265087,4557.203862,0.918055,3.782082,25.224261,30.853106,16,25.899491,30.851944,16
VA641_WB,110N13225,corridor_end,AM,9.000000,1.000000,40088,2650.685500,1.250200,0.000000,2708.317140,1.277404,2.716484,28.182398,34.554684,12,28.257905,34.591429,12
VA641_WB,110N13225,corridor_end,MD,9.000000,1.000000,40088,5449.618100,1.222000,6.139487,5791.504390,1.298623,6.535320,25.430099,28.155063,24,25.368233,28.155970,24
VA641_WB,110N13225,corridor_end,PM,9.000000,1.000000,40088,5283.296800,1.876700,0.000000,4256.976070,1.512116,3.394537,25.243103,28.283695,16,25.359226,29.743946,16
VA642_EB,110P10097,corridor_start,AM,1.000000,1.000000,35216,667.374300,0.197500,0.000000,355.735260,0.105272,0.312602,33.272627,33.968323,12,33.472693,43.186928,12
VA642_EB,110P10097,corridor_start,MD,1.000000,1.000000,35216,868.366900,0.156000,1.479312,1067.625000,0.191811,1.823739,33.025529,33.696633,24,33.023921,33.576039,24
VA642_EB,110P10097,corridor_start,PM,1.000000,1.000000,35216,784.976500,0.172800,0.000000,740.180970,0.162895,0.651831,33.020236,33.502193,16,33.125598,42.879417,16
VA642_EB,110+13211,behavior_diverse_2_of_5,AM,2.000000,2.000000,38324;39344,500.115199,0.104134,0.000000,481.742134,0.100429,0.230662,38.934384,47.445315,12,35.138735,47.370915,12
VA642_EB,110+13211,behavior_diverse_2_of_5,MD,2.000000,2.000000,38324;39344,1125.092991,0.103370,0.000000,1052.428562,0.096718,0.574121,36.732480,38.898323,24,31.141501,39.167670,24
VA642_EB,110+13211,behavior_diverse_2_of_5,PM,2.000000,2.000000,38324;39344,1049.181608,0.155381,0.000000,1133.966151,0.167907,0.662205,36.755317,47.503003,16,30.500390,47.458576,16
VA642_EB,110+10100,behavior_diverse_3_of_5,AM,5.000000,4.000000,31928;29349;35069;29896,2131.658326,0.414624,2.636604,3943.237797,0.765760,4.966927,26.847317,40.075727,12,25.983860,31.298030,12
VA642_EB,110+10100,behavior_diverse_3_of_5,MD,5.000000,4.000000,31928;29349;35069;29896,3487.694072,0.458428,0.000000,4443.074560,0.585072,7.022492,26.798698,26.799813,24,26.845735,29.537603,24
VA642_EB,110+10100,behavior_diverse_3_of_5,PM,5.000000,4.000000,31928;29349;35069;29896,2444.906538,0.469609,0.000000,2982.717923,0.573413,4.748997,26.801735,28.172645,16,26.899983,30.132511,16
VA642_EB,110P10100,behavior_diverse_4_of_5,AM,6.000000,1.000000,35050,1696.227000,0.362600,2.764336,2969.472170,0.634815,4.879150,16.926927,17.985664,12,14.299587,17.983359,12
VA642_EB,110P10100,behavior_diverse_4_of_5,MD,6.000000,1.000000,35050,2907.749500,0.393300,0.000000,3970.527340,0.537103,7.376337,16.285949,17.094279,24,16.373156,20.077176,24
VA642_EB,110P10100,behavior_diverse_4_of_5,PM,6.000000,1.000000,35050,1963.819200,0.400100,0.000000,2634.383790,0.536652,4.906395,16.288233,17.628393,16,15.964808,19.711235,16
VA642_EB,110+13215,corridor_end,AM,8.000000,5.000000,38336;39347;39878;40108;39349,1499.269057,0.350732,0.000000,1050.529368,0.247468,0.731757,40.723308,45.966561,12,29.267607,45.879364,12
VA642_EB,110+13215,corridor_end,MD,8.000000,5.000000,38336;39347;39878;40108;39349,2364.631713,0.264671,0.000000,1556.745384,0.175463,1.042916,39.353079,40.701078,24,27.975983,40.694569,24
VA642_EB,110+13215,corridor_end,PM,8.000000,5.000000,38336;39347;39878;40108;39349,1320.694427,0.235008,0.000000,1099.401412,0.195632,0.773945,39.352893,39.867337,16,28.636383,39.856296,16
VA642_WB,110N10100,corridor_start,AM,1.000000,1.000000,29326,893.766600,0.262600,0.000000,629.878910,0.185094,1.987693,29.483662,29.639366,12,29.714307,35.393921,12
VA642_WB,110N10100,corridor_start,MD,1.000000,1.000000,29326,2937.738900,0.407400,0.000000,2749.015140,0.381209,5.445770,29.640799,30.443973,24,29.691823,33.510985,24
VA642_WB,110N10100,corridor_start,PM,1.000000,1.000000,29326,3712.365900,0.610800,4.355123,4983.510250,0.819890,5.889157,30.451509,31.557093,16,30.446483,31.548187,16
VA642_WB,110N10099,behavior_diverse_2_of_5,AM,3.000000,1.000000,31929,1371.212100,0.400200,0.000000,1371.109740,0.400168,2.735044,20.205333,23.754377,12,20.519931,26.763296,12
VA642_WB,110N10099,behavior_diverse_2_of_5,MD,3.000000,1.000000,31929,4067.053800,0.615600,0.000000,4321.039060,0.654040,6.043660,17.942244,20.188875,24,18.017569,22.625314,24
VA642_WB,110N10099,behavior_diverse_2_of_5,PM,3.000000,1.000000,31929,4883.333500,0.837100,4.493460,6017.387210,1.031450,5.565691,17.310279,23.213842,16,15.850002,23.199528,16
VA642_WB,110-13213,behavior_diverse_3_of_5,AM,4.000000,1.000000,38335,550.223600,0.149700,0.000000,558.190250,0.151878,0.442343,33.306708,38.252958,12,32.242049,38.636242,12
VA642_WB,110-13213,behavior_diverse_3_of_5,MD,4.000000,1.000000,38335,1505.176500,0.197000,0.000000,1445.292480,0.189206,1.116824,31.743481,33.285451,24,28.593396,37.508046,24
VA642_WB,110-13213,behavior_diverse_3_of_5,PM,4.000000,1.000000,38335,1457.471100,0.379200,2.235695,1291.486080,0.335994,1.977234,29.024661,33.342496,16,29.140321,33.325202,16
VA642_WB,110-13212,behavior_diverse_4_of_5,AM,5.000000,1.000000,38328,523.013400,0.107700,0.000000,558.134700,0.114882,0.268523,44.190765,49.712838,12,34.634882,49.593995,12
VA642_WB,110-13212,behavior_diverse_4_of_5,MD,5.000000,1.000000,38328,1254.494000,0.115400,0.000000,1191.368410,0.109607,0.651486,44.168456,44.937935,24,30.628716,44.919133,24
VA642_WB,110-13212,behavior_diverse_4_of_5,PM,5.000000,1.000000,38328,1146.014700,0.175300,0.000000,1178.823970,0.180296,0.711947,44.943252,46.979402,16,30.235337,46.920451,16
VA642_WB,110-13210,corridor_end,AM,7.000000,2.000000,40291;39343,577.915347,0.725353,0.000000,635.569220,0.797471,2.360387,33.782102,41.262554,12,26.927799,41.220972,12
VA642_WB,110-13210,corridor_end,MD,7.000000,2.000000,40291;39343,1187.077541,0.125686,0.000000,1109.131891,0.117467,0.213467,31.959060,33.750527,24,31.988573,38.590006,24
VA642_WB,110-13210,corridor_end,PM,7.000000,2.000000,40291;39343,843.505384,0.737332,0.000000,936.722719,0.820412,0.762843,31.975147,39.749513,16,30.137537,39.764631,16
VA643_EB,110+59143,all_1_of_5,AM,1.500000,1.000000,40272,1102.948800,0.717000,1.994750,1047.335330,0.680825,1.893723,28.238820,33.770845,12,28.611632,33.871033,12
VA643_EB,110+59144,all_2_of_5,AM,1.500000,4.000000,39289;38442;39430;39870,1066.906520,0.565111,0.000000,1018.163406,0.539293,1.628679,32.729133,34.315004,12,27.787246,34.681285,12
VA643_EB,110P59142,all_3_of_5,AM,1.500000,1.000000,38372,1096.295800,0.620000,0.000000,1040.682250,0.588505,1.656446,28.070557,33.680665,12,27.128237,34.101221,12
VA643_EB,110+59143,all_1_of_5,MD,1.500000,1.000000,40272,2343.206700,0.838000,0.000000,2117.225340,0.757215,1.805924,28.094940,29.979268,24,27.937569,31.954355,24
VA643_EB,110+59144,all_2_of_5,MD,1.500000,4.000000,39289;38442;39430;39870,2080.475145,0.518678,0.000000,1854.315454,0.462324,2.793231,32.549553,32.722659,24,27.065937,34.135214,24
VA643_EB,110P59142,all_3_of_5,MD,1.500000,1.000000,38372,2324.552700,0.847200,2.000473,2098.571290,0.764809,1.804410,28.610812,29.316433,24,28.790501,29.316659,24
VA643_EB,110+59143,all_1_of_5,PM,1.500000,1.000000,40272,1862.252700,1.001800,3.856488,1850.752690,0.995625,3.831606,24.714322,28.896469,16,24.753246,28.900726,16
VA643_EB,110+59144,all_2_of_5,PM,1.500000,4.000000,39289;38442;39430;39870,1515.667794,0.613743,0.000000,1522.590734,0.616526,2.440578,32.549984,32.810835,16,27.912400,33.125018,16
VA643_EB,110P59142,all_3_of_5,PM,1.500000,1.000000,38372,1849.635700,0.970000,3.856401,1838.135740,0.963920,3.831350,26.036014,31.145162,16,26.068121,31.147766,16
VA643_EB,110+56063,all_4_of_5,AM,3.000000,1.000000,35328,1165.187900,0.754900,2.080716,1039.540890,0.673501,1.855378,28.347329,35.522866,12,28.425382,35.594548,12
VA643_EB,110+56063,all_4_of_5,MD,3.000000,1.000000,35328,1363.307800,0.458600,0.000000,641.121340,0.215668,0.670942,29.542373,31.210768,24,29.580232,37.406671,24
VA643_EB,110+56063,all_4_of_5,PM,3.000000,1.000000,35328,697.206800,0.833500,3.448097,674.501280,0.806335,3.330849,28.523350,32.489743,16,28.585936,31.829733,16
VA643_EB,110+56065,all_5_of_5,AM,5.000000,5.000000,29520;35338;35233;35237;35239,997.875240,0.720880,0.000000,858.387923,0.620600,1.983157,29.379570,35.044016,12,28.226446,35.117897,12
VA643_EB,110+56065,all_5_of_5,MD,5.000000,5.000000,29520;35338;35233;35237;35239,1368.831412,0.488491,0.000000,696.906465,0.248706,2.965225,29.088603,29.356824,24,28.815334,33.675572,24
VA643_EB,110+56065,all_5_of_5,PM,5.000000,5.000000,29520;35338;35233;35237;35239,473.798065,0.851208,3.503957,481.879913,0.863406,3.557335,29.100580,32.688211,16,29.119823,32.645105,16
VA643_NB,110+11476,corridor_start,AM,2.000000,1.000000,36284,1377.526500,0.673900,0.000000,1338.284420,0.654665,1.985361,34.963243,38.516963,12,30.983268,38.744439,12
VA643_NB,110+11476,corridor_start,MD,2.000000,1.000000,36284,3701.156200,0.789900,0.000000,3460.388670,0.738557,4.497160,34.949034,35.588939,24,30.065180,35.924461,24
VA643_NB,110+11476,corridor_start,PM,2.000000,1.000000,36284,2748.825500,0.851100,0.000000,2636.639650,0.816390,3.327874,35.596002,38.484038,16,29.491921,38.493237,16
VA643_NB,110P11479,behavior_diverse_2_of_5,AM,4.500000,1.000000,36212,243.978000,0.246100,0.000000,383.438630,0.386759,4.107120,17.357655,18.626636,12,12.623693,19.237086,12
VA643_NB,110P11479,behavior_diverse_2_of_5,MD,4.500000,1.000000,36212,880.035300,0.443200,0.000000,1132.711550,0.570504,6.954880,14.830101,18.628040,24,12.053790,19.318495,24
VA643_NB,110P11479,behavior_diverse_2_of_5,PM,4.500000,1.000000,36212,557.226900,0.464400,2.735419,884.595340,0.737231,4.370681,12.732505,16.555001,16,10.894295,16.554983,16
VA643_NB,110+11479,behavior_diverse_3_of_5,AM,5.000000,2.000000,38136;36912,402.123893,0.225296,0.000000,488.545658,0.270576,3.498165,29.696620,29.881538,12,22.717072,29.924653,12
VA643_NB,110+11479,behavior_diverse_3_of_5,MD,5.000000,2.000000,38136;36912,1183.962534,0.715885,0.000000,1267.893567,0.774707,5.024213,27.400718,29.693595,24,24.000697,29.709750,24
VA643_NB,110+11479,behavior_diverse_3_of_5,PM,5.000000,2.000000,38136;36912,751.378234,0.280806,3.793112,975.341393,0.364759,4.948729,19.808343,29.410902,16,18.581459,29.407625,16
VA643_NB,110+59133,behavior_diverse_4_of_5,AM,5.500000,2.000000,29452;31504,2995.277058,0.936592,2.237353,2678.428982,0.837498,1.997411,30.399125,35.226237,12,30.404105,35.130429,12
VA643_NB,110+59136,corridor_end,AM,5.500000,1.000000,29827,1287.240300,0.380700,0.000000,650.868840,0.192518,0.575665,32.614514,35.048960,12,32.815831,42.181873,12
VA643_NB,110+59133,behavior_diverse_4_of_5,MD,5.500000,2.000000,29452;31504,3936.986728,0.916562,0.000000,4414.018222,1.027541,6.369766,30.394386,30.611951,24,30.409375,32.733535,24
VA643_NB,110+59136,corridor_end,MD,5.500000,1.000000,29827,1774.249700,0.251900,0.000000,775.172060,0.110073,0.653572,32.606874,35.082501,24,32.653827,44.089699,24
VA643_NB,110+59133,behavior_diverse_4_of_5,PM,5.500000,2.000000,29452;31504,3861.672047,0.802272,0.000000,5006.839058,1.040146,5.370567,30.605775,30.612156,16,30.638884,31.467167,16
VA643_NB,110+59136,corridor_end,PM,5.500000,1.000000,29827,1730.117100,0.350000,0.000000,1468.047240,0.296985,1.196628,34.605301,35.083931,16,32.129385,40.653284,16
VA643_SB,110-11478,corridor_start,AM,1.000000,2.000000,36215;36913,577.960131,0.280022,2.660923,644.843043,0.310152,2.859628,24.893479,32.504921,12,24.836048,32.467349,12
VA643_SB,110-11478,corridor_start,MD,1.000000,2.000000,36215;36913,1758.538333,0.267370,0.000000,1328.683265,0.205756,0.399199,31.145836,32.042746,24,28.757337,33.160787,24
VA643_SB,110-11478,corridor_start,PM,1.000000,2.000000,36215;36913,1449.318740,0.382691,0.000000,901.077231,0.244416,0.920144,31.147803,32.389533,16,25.760256,32.860393,16
VA643_SB,110-59130,behavior_diverse_2_of_5,AM,1.500000,2.000000,29450;35242,1751.708051,0.819866,0.000000,1636.925262,0.766151,2.363485,33.256939,35.876980,12,32.323067,36.951593,12
VA643_SB,110-59131,behavior_diverse_3_of_5,AM,1.500000,3.000000,29453;35262;29935,1052.859120,0.299847,0.000000,1089.709868,0.310122,0.935788,39.702244,40.211655,12,32.333596,41.697698,12
VA643_SB,110N11479,behavior_diverse_4_of_5,AM,1.500000,1.000000,36116,782.721900,0.939100,0.000000,846.776790,1.015911,2.920358,19.825661,21.743035,12,16.407432,22.043349,12
VA643_SB,110-59130,behavior_diverse_2_of_5,MD,1.500000,2.000000,29450;35242,3922.874023,1.565026,0.000000,2931.177133,1.169267,0.356637,29.937227,33.243072,24,30.014062,38.691287,24
VA643_SB,110-59131,behavior_diverse_3_of_5,MD,1.500000,3.000000,29453;35262;29935,2615.314804,0.337047,0.000000,2154.492038,0.277531,1.659504,38.053639,40.211568,24,32.771828,42.078661,24
VA643_SB,110N11479,behavior_diverse_4_of_5,MD,1.500000,1.000000,36116,1207.542000,0.680100,5.668778,1198.229860,0.674875,5.624603,15.493638,19.817899,24,15.514355,19.816955,24
VA643_SB,110-59130,behavior_diverse_2_of_5,PM,1.500000,2.000000,29450;35242,4718.876271,2.759660,3.807670,2861.562797,1.673491,2.291487,29.942445,31.673780,16,29.948674,33.232742,16
VA643_SB,110-59131,behavior_diverse_3_of_5,PM,1.500000,3.000000,29453;35262;29935,2637.309655,0.506364,0.000000,2341.586157,0.448951,1.784660,37.973001,38.051348,16,32.018227,39.479317,16
VA643_SB,110N11479,behavior_diverse_4_of_5,PM,1.500000,1.000000,36116,663.052700,0.573900,0.000000,684.863650,0.592754,3.657661,19.869705,19.931483,16,16.345379,21.212599,16
VA643_SB,110-58049,corridor_end,AM,4.000000,1.000000,37647,1848.190000,0.860600,0.000000,1708.229490,0.795425,2.417655,33.393538,37.820455,12,30.482006,37.886637,12
VA643_SB,110-58049,corridor_end,MD,4.000000,1.000000,37647,4149.720300,1.155400,0.000000,3766.866700,1.048831,0.971751,32.576646,33.375130,24,32.627451,36.010651,24
VA643_SB,110-58049,corridor_end,PM,4.000000,1.000000,37647,2495.251500,0.827400,0.000000,2332.337160,0.773352,3.150476,32.584380,36.252782,16,29.626179,36.344176,16
VA643_WB,110-59142,all_1_of_5,AM,1.000000,1.000000,39291,1295.396600,0.828900,0.000000,1225.681270,0.784336,1.972866,31.266812,33.059466,12,29.531279,33.188730,12
VA643_WB,110-59143,all_2_of_5,AM,1.000000,3.000000,38338;39871;39429,1045.171555,0.536589,0.000000,1008.332124,0.517672,1.562658,35.049098,35.635495,12,27.896067,35.868550,12
VA643_WB,110N59142,all_3_of_5,AM,1.000000,1.000000,40271,1289.190600,0.938300,2.779568,1219.475220,0.887556,2.628591,21.912272,24.139921,12,22.079478,24.144685,12
VA643_WB,110-59142,all_1_of_5,MD,1.000000,1.000000,39291,2366.707200,0.786600,0.000000,2284.196290,0.759173,0.229545,31.260063,31.895028,24,31.291684,33.822885,24
VA643_WB,110-59143,all_2_of_5,MD,1.000000,3.000000,38338;39871;39429,2056.165049,0.490853,0.000000,1973.347910,0.471091,2.846629,34.523565,35.046220,24,27.020220,35.491093,24
VA643_WB,110N59142,all_3_of_5,MD,1.000000,1.000000,40271,2348.410200,0.789500,0.000000,2265.899410,0.761746,5.504038,23.459528,25.483488,24,22.777793,26.453724,24
VA643_WB,110-59142,all_1_of_5,PM,1.000000,1.000000,39291,1714.581400,0.768000,0.000000,1719.534300,0.770179,0.975372,31.895731,31.930901,16,29.984637,33.253192,16
VA643_WB,110-59143,all_2_of_5,PM,1.000000,3.000000,38338;39871;39429,1551.010949,0.591208,0.000000,1604.279638,0.611516,2.420528,34.336499,34.522623,16,27.931010,34.738138,16
VA643_WB,110N59142,all_3_of_5,PM,1.000000,1.000000,40271,1701.920400,0.921400,0.000000,1706.873290,0.924074,3.882745,25.212343,25.484927,16,22.239109,26.059017,16
VA643_WB,110-56064,all_4_of_5,AM,2.000000,5.000000,29504;35240;35236;35234;35337,543.388368,0.365502,0.000000,324.621613,0.218369,0.424792,30.969222,36.539609,12,31.089528,37.696910,12
VA643_WB,110-56064,all_4_of_5,MD,2.000000,5.000000,29504;35240;35236;35234;35337,920.774740,0.640951,0.000000,622.294439,0.433344,2.702370,30.033279,30.946157,24,29.250388,33.699205,24
VA643_WB,110-56064,all_4_of_5,PM,2.000000,5.000000,29504;35240;35236;35234;35337,1662.353011,0.825473,2.230992,1116.904573,0.554634,1.471307,28.487601,31.480338,16,29.125299,34.407044,16
VA643_WB,110-56062,all_5_of_5,AM,4.000000,1.000000,29519,553.097400,0.306900,0.712702,352.725490,0.195700,0.453578,30.785589,36.883607,12,29.679571,37.975659,12
VA643_WB,110-56062,all_5_of_5,MD,4.000000,1.000000,29519,949.638400,0.357200,0.000000,574.773250,0.216181,0.551814,30.100361,31.112334,24,30.138194,37.496604,24
VA643_WB,110-56062,all_5_of_5,PM,4.000000,1.000000,29519,1740.086600,0.928800,3.115816,1140.063230,0.608539,2.003006,26.844528,30.863418,16,28.211067,30.720477,16
VA644_EB,110+50122,corridor_start,AM,2.000000,3.000000,29500;32326;35264,459.316621,0.376322,2.725863,528.795680,0.433249,3.155853,27.195534,31.271375,12,26.835010,31.275366,12
VA644_EB,110+50122,corridor_start,MD,2.000000,3.000000,29500;32326;35264,1494.339457,0.577877,0.000000,957.046236,0.370004,1.282219,29.694701,29.833701,24,29.718214,35.364428,24
VA644_EB,110+50122,corridor_start,PM,2.000000,3.000000,29500;32326;35264,614.543971,0.277271,6.168593,737.677733,0.330619,7.680268,25.755802,29.825513,16,25.212310,29.827365,16
VA644_EB,110+50124,behavior_diverse_2_of_5,AM,6.000000,2.000000,29461;31516,1904.845443,0.318237,0.000000,2172.168804,0.362969,1.097777,40.712411,41.308503,12,31.825952,41.926750,12
VA644_EB,110+50124,behavior_diverse_2_of_5,MD,6.000000,2.000000,29461;31516,3888.100694,0.318547,0.000000,2932.699158,0.240215,1.432016,39.497722,40.708788,24,33.110851,42.720890,24
VA644_EB,110+50124,behavior_diverse_2_of_5,PM,6.000000,2.000000,29461;31516,3280.444024,0.410999,0.000000,2493.131278,0.312179,1.229786,39.334271,39.496155,16,32.974172,41.545538,16
VA644_EB,110+50128,behavior_diverse_3_of_5,AM,14.000000,2.000000,31911;33039,2841.266718,0.542965,0.000000,2481.669378,0.474025,1.425042,39.144100,41.907498,12,28.435075,41.883883,12
VA644_EB,110+50128,behavior_diverse_3_of_5,MD,14.000000,2.000000,31911;33039,7079.851706,0.648400,0.000000,6249.084157,0.572863,3.462037,39.133019,39.598346,24,26.753300,39.598335,24
VA644_EB,110+50128,behavior_diverse_3_of_5,PM,14.000000,2.000000,31911;33039,4750.375876,0.652106,0.000000,5059.239558,0.694416,2.784428,39.478362,39.598544,16,27.116683,39.589918,16
VA644_EB,110+50130,behavior_diverse_4_of_5,AM,17.000000,3.000000,29205;34773;34819,2965.294961,0.609711,0.000000,4592.654025,0.944271,4.643135,26.019882,31.647189,12,26.129313,31.863787,12
VA644_EB,110+50130,behavior_diverse_4_of_5,MD,17.000000,3.000000,29205;34773;34819,4561.868144,0.611674,0.000000,5210.631328,0.698584,6.807022,25.293752,25.996815,24,25.341748,28.708691,24
VA644_EB,110+50130,behavior_diverse_4_of_5,PM,17.000000,3.000000,29205;34773;34819,5694.171604,0.928898,3.672357,7624.148221,1.243723,4.952687,21.110466,26.900440,16,19.032670,26.862777,16
VA644_EB,110+50132,corridor_end,AM,21.000000,7.000000,29198;34822;29194;31162;34826;34833;29191,1111.493664,0.379649,1.383120,1830.934030,0.623767,2.332023,32.100454,34.171138,12,31.674608,34.209637,12
VA644_EB,110+50132,corridor_end,MD,21.000000,7.000000,29198;34822;29194;31162;34826;34833;29191,2139.592213,0.503437,0.000000,2033.594686,0.478570,0.868558,31.183526,32.094031,24,31.234546,38.250256,24
VA644_EB,110+50132,corridor_end,PM,21.000000,7.000000,29198;34822;29194;31162;34826;34833;29191,3714.803025,1.163139,3.163593,3309.752698,1.037254,2.809020,31.188235,32.178141,16,31.189026,32.246035,16
VA644_WB,110-50131,corridor_start,AM,2.000000,7.000000,29186;29192;34834;34825;31161;29195;34823,1194.458620,0.408010,0.000000,1560.458473,0.533436,1.612748,32.388353,35.474262,12,30.518458,36.647770,12
VA644_WB,110-50131,corridor_start,MD,2.000000,7.000000,29186;29192;34834;34825;31161;29195;34823,2660.296788,0.652845,0.000000,2476.019651,0.607609,0.870190,32.077995,32.375797,24,32.125991,37.074287,24
VA644_WB,110-50131,corridor_start,PM,2.000000,7.000000,29186;29192;34834;34825;31161;29195;34823,2589.449971,0.743348,3.877510,3505.567133,1.005842,5.310083,31.292201,32.120889,16,31.281377,32.074980,16
VA644_WB,110-50127,behavior_diverse_2_of_5,AM,9.000000,3.000000,34744;29206;33040,1839.304821,0.339271,0.000000,2766.660808,0.501707,1.512128,40.149212,41.126335,12,28.461630,41.103619,12
VA644_WB,110-50127,behavior_diverse_2_of_5,MD,9.000000,3.000000,34744;29206;33040,5735.016600,0.546861,0.000000,4396.310921,0.419676,2.513906,40.145821,40.824325,24,27.624066,40.820784,24
VA644_WB,110-50127,behavior_diverse_2_of_5,PM,9.000000,3.000000,34744;29206;33040,4373.690579,0.570982,0.000000,4221.834829,0.549658,2.188104,40.825520,41.054493,16,27.757325,41.035637,16
VA644_WB,110-50125,behavior_diverse_3_of_5,AM,13.000000,9.000000,29366;29376;35181;34733;29949;34727;29377;31533;35198,1677.847093,0.608805,1.953172,1873.913514,0.682156,2.201061,28.440056,38.330844,12,28.073062,38.497566,12
VA644_WB,110-50125,behavior_diverse_3_of_5,MD,13.000000,9.000000,29366;29376;35181;34733;29949;34727;29377;31533;35198,5208.499312,0.871605,1.446998,4639.616696,0.772684,1.274936,27.998741,30.595150,24,28.292977,30.749263,24
VA644_WB,110-50125,behavior_diverse_3_of_5,PM,13.000000,9.000000,29366;29376;35181;34733;29949;34727;29377;31533;35198,4786.172801,1.103030,0.000000,5264.586974,1.213057,3.674974,27.917794,32.501925,16,27.982628,32.554943,16
VA644_WB,110-50124,behavior_diverse_4_of_5,AM,15.000000,3.000000,29381;35158;31522,940.339632,0.195771,0.000000,931.530647,0.193955,0.581302,33.259404,36.241847,12,33.448886,42.390195,12
VA644_WB,110-50124,behavior_diverse_4_of_5,MD,15.000000,3.000000,29381;35158;31522,2960.209183,0.278744,0.000000,2656.603805,0.250101,0.648986,30.370114,33.244539,24,30.428113,42.607702,24
VA644_WB,110-50124,behavior_diverse_4_of_5,PM,15.000000,3.000000,29381;35158;31522,2906.443789,0.547771,2.169168,2975.589973,0.560826,2.222164,30.375746,32.207094,16,30.374727,32.165502,16
VA644_WB,110-50121,corridor_end,AM,21.000000,3.000000,29454;35265;32325,316.526202,0.224211,1.555448,373.872348,0.264669,1.850120,29.303618,33.229043,12,29.104552,33.233625,12
VA644_WB,110-50121,corridor_end,MD,21.000000,3.000000,29454;35265;32325,1708.945677,0.644495,0.000000,905.225764,0.341126,1.543529,30.199855,31.145847,24,29.441636,35.391742,24
VA644_WB,110-50121,corridor_end,PM,21.000000,3.000000,29454;35265;32325,878.816410,0.496882,3.304816,772.134547,0.436605,2.899854,27.768769,30.196126,16,27.962586,30.194949,16
VA645_NB,110+57909,corridor_start,AM,1.000000,3.000000,29516;29890;35307,1245.666121,0.632688,0.000000,1507.412072,0.765848,2.373561,32.861627,36.147813,12,32.868542,37.458762,12
VA645_NB,110+57909,corridor_start,MD,1.000000,3.000000,29516;29890;35307,2794.401677,1.116310,0.000000,2658.008552,1.061748,0.288701,31.430142,32.847088,24,31.508579,39.446085,24
VA645_NB,110+57909,corridor_start,PM,1.000000,3.000000,29516;29890;35307,2916.925900,1.312463,6.269836,2437.039953,1.095164,5.255453,31.496890,36.045330,16,31.499923,36.360156,16
VA645_NB,110+57913,behavior_diverse_2_of_5,AM,11.000000,1.000000,35362,242.356700,0.098800,0.000000,283.627110,0.115602,0.346883,42.983008,47.375591,12,33.305136,47.285947,12
VA645_NB,110+57913,behavior_diverse_2_of_5,MD,11.000000,1.000000,35362,548.954100,0.100600,0.000000,471.641600,0.086474,0.514927,41.151696,42.963660,24,31.719898,42.954347,24
VA645_NB,110+57913,behavior_diverse_2_of_5,PM,11.000000,1.000000,35362,683.692100,0.193600,0.000000,1562.142210,0.442430,1.724026,41.152003,42.082285,16,28.918406,42.061308,16
VA645_NB,110+57914,behavior_diverse_3_of_5,AM,13.000000,1.000000,35373,24.231800,0.000300,0.000000,23.645000,0.000331,0.000351,39.774361,47.116475,12,36.660388,47.042730,12
VA645_NB,110+57914,behavior_diverse_3_of_5,MD,13.000000,1.000000,35373,39.594500,0.000400,0.000000,39.530150,0.000358,0.000648,39.744889,40.953144,24,36.667974,40.950588,24
VA645_NB,110+57914,behavior_diverse_3_of_5,PM,13.000000,1.000000,35373,29.228500,0.000400,0.000000,29.157140,0.000403,0.000692,40.957804,42.492252,16,36.686375,42.473292,16
VA645_NB,110+57920,behavior_diverse_4_of_5,AM,26.000000,1.000000,30808,2179.371100,0.750600,3.216554,2121.009030,0.730529,3.129174,21.769990,32.773041,12,21.911018,32.781180,12
VA645_NB,110+57920,behavior_diverse_4_of_5,MD,26.000000,1.000000,30808,3560.460800,0.932600,0.000000,3499.324220,0.916539,6.051908,21.975009,28.090644,24,22.020071,29.319579,24
VA645_NB,110+57920,behavior_diverse_4_of_5,PM,26.000000,1.000000,30808,2486.606100,0.675100,0.000000,2646.125490,0.718418,4.429050,21.979111,26.436860,16,22.093829,27.596897,16
VA645_NB,110+57921,corridor_end,AM,28.000000,2.000000,30790;33281,1986.548001,0.950743,3.427305,1725.115725,0.825946,2.970245,28.948044,31.960015,12,28.961275,31.954137,12
VA645_NB,110+57921,corridor_end,MD,28.000000,2.000000,30790;33281,2922.876914,0.699089,0.000000,3479.624384,0.833613,7.356179,28.943535,29.547552,24,28.971144,31.470925,24
VA645_NB,110+57921,corridor_end,PM,28.000000,2.000000,30790;33281,2053.476061,0.746723,0.000000,2420.417494,0.881763,4.962988,28.381276,29.545470,16,28.446869,30.873124,16
VA645_SB,110-57920,corridor_start,AM,2.000000,2.000000,35754;33280,1034.252939,0.520057,2.109913,1250.354653,0.632065,2.558738,31.233730,33.279980,12,31.229334,33.278246,12
VA645_SB,110-57920,corridor_start,MD,2.000000,2.000000,35754;33280,3642.368884,0.955307,0.000000,3181.205404,0.834920,0.466898,31.190132,31.672132,24,31.244494,36.572128,24
VA645_SB,110-57920,corridor_start,PM,2.000000,2.000000,35754;33280,3603.576111,1.070870,4.372528,2594.558799,0.771036,3.122821,31.376248,32.137392,16,31.388805,32.669199,16
VA645_SB,110-57919,behavior_diverse_2_of_5,AM,4.000000,1.000000,31077,1212.399600,0.784500,2.921010,1356.177610,0.877516,3.272773,25.576464,31.225552,12,25.114394,31.216968,12
VA645_SB,110-57919,behavior_diverse_2_of_5,MD,4.000000,1.000000,31077,3869.145300,0.797700,0.000000,3165.682860,0.652677,0.840590,23.363373,30.290127,24,23.443803,37.803818,24
VA645_SB,110-57919,behavior_diverse_2_of_5,PM,4.000000,1.000000,31077,4054.109600,1.000500,4.324209,3089.439700,0.762464,3.273161,23.649862,29.460389,16,23.796224,29.461595,16
VA645_SB,110-57913,behavior_diverse_3_of_5,AM,12.000000,1.000000,35380,482.288800,0.269400,0.000000,538.160220,0.300654,0.909145,42.038185,45.465927,12,36.910338,47.244393,12
VA645_SB,110-57913,behavior_diverse_3_of_5,MD,12.000000,1.000000,35380,1242.050600,0.294900,0.000000,1186.069580,0.281625,1.693373,41.775971,42.024324,24,36.812256,46.938653,24
VA645_SB,110-57913,behavior_diverse_3_of_5,PM,12.000000,1.000000,35380,2230.266500,0.705300,0.000000,1983.840330,0.627399,2.567999,41.779584,43.438497,16,34.257547,43.699636,16
VA645_SB,110-57911,behavior_diverse_4_of_5,AM,18.000000,1.000000,29710,801.228000,0.381600,0.000000,1348.007200,0.642079,1.980736,35.413779,36.997404,12,33.681732,39.064539,12
VA645_SB,110-57911,behavior_diverse_4_of_5,MD,18.000000,1.000000,29710,1524.759400,0.428500,0.000000,1310.331540,0.368230,2.224248,33.535022,35.405529,24,33.604812,43.345901,24
VA645_SB,110-57911,behavior_diverse_4_of_5,PM,18.000000,1.000000,29710,2601.662700,1.231400,0.000000,2345.970210,1.110347,3.678971,33.535020,34.358610,16,23.279960,34.572134,16
VA645_SB,110-57907,corridor_end,AM,28.000000,2.000000,29514;29512,2348.431269,1.398472,2.883682,1757.185050,1.046412,2.140580,30.430397,36.408867,12,30.435930,36.908733,12
VA645_SB,110-57907,corridor_end,MD,28.000000,2.000000,29514;29512,2284.083900,0.779752,0.000000,2658.438796,0.907756,4.224101,30.358377,30.643646,24,30.435291,37.669627,24
VA645_SB,110-57907,corridor_end,PM,28.000000,2.000000,29514;29512,1951.809201,0.946275,3.298148,2069.026651,1.002880,3.498778,31.297561,36.429967,16,31.275926,36.330558,16
VA647_EB,110P57899,all_1_of_2,AM,1.000000,1.000000,35232,231.220200,0.189900,0.000000,82.413310,0.067696,0.844668,28.630996,30.200787,12,28.806370,36.976267,12
VA647_EB,110P57899,all_1_of_2,MD,1.000000,1.000000,35232,110.344900,0.042000,4.784839,14.403990,0.005476,0.613759,27.161578,30.273710,24,28.668196,30.273713,24
VA647_EB,110P57899,all_1_of_2,PM,1.000000,1.000000,35232,326.001600,0.202600,0.000000,330.446780,0.205363,3.464722,30.276149,30.880834,16,28.918473,32.100498,16
VA647_EB,110+57900,all_2_of_2,AM,2.000000,2.000000,29524;5136,57.517171,0.001373,0.000000,62.431151,0.001494,0.001996,33.633223,34.567591,12,33.731558,39.773956,12
VA647_EB,110+57900,all_2_of_2,MD,2.000000,2.000000,29524;5136,126.955058,0.001598,0.000000,113.099614,0.001478,0.003785,33.630463,34.747469,24,33.652891,39.919972,24
VA647_EB,110+57900,all_2_of_2,PM,2.000000,2.000000,29524;5136,88.096776,0.001527,0.000000,82.798515,0.001503,0.003200,34.526682,34.748101,16,34.575225,39.867102,16
VA647_WB,110N57900,all_1_of_3,AM,1.000000,1.000000,29438,60.427600,0.031000,0.000000,92.094370,0.047269,0.141260,32.387677,42.591841,12,32.466902,42.594261,12
VA647_WB,110N57900,all_1_of_3,MD,1.000000,1.000000,29438,193.156300,0.045500,0.000000,140.233280,0.033008,0.194934,32.347476,34.764756,24,32.372890,39.492633,24
VA647_WB,110N57900,all_1_of_3,PM,1.000000,1.000000,29438,376.109400,0.156400,0.000000,267.453430,0.111204,0.605300,32.891971,34.762879,16,31.648268,38.433914,16
VA647_WB,110-57899,all_2_of_3,AM,2.000000,2.000000,35229;5135,30.877078,0.000703,0.000000,35.357552,0.000806,0.001036,34.178275,37.070245,12,34.259888,39.878461,12
VA647_WB,110-57899,all_2_of_3,MD,2.000000,2.000000,35229;5135,107.366896,0.001273,0.000000,98.233515,0.001191,0.002935,34.166194,34.182583,24,34.187845,39.928307,24
VA647_WB,110-57899,all_2_of_3,PM,2.000000,2.000000,35229;5135,92.222609,0.001444,0.000000,122.627282,0.001840,0.003866,33.720371,34.181524,16,33.775609,39.851111,16
VA647_WB,110N57899,all_3_of_3,AM,3.000000,1.000000,29527,23.740600,0.018000,0.000000,66.456040,0.050311,4.269117,26.209948,31.832010,12,22.976450,32.257164,12
VA647_WB,110N57899,all_3_of_3,MD,3.000000,1.000000,29527,72.592400,0.025600,0.000000,14.014950,0.004937,0.792990,24.459227,26.185814,24,24.518760,38.787521,24
VA647_WB,110N57899,all_3_of_3,PM,3.000000,1.000000,29527,255.243700,0.153800,3.099943,192.300080,0.115859,2.305977,22.481695,26.790998,16,24.449003,26.787777,16
VA648_EB,110+11024,all_1_of_3,AM,2.000000,3.000000,28753;34341;28904,1877.027238,0.808587,0.000000,2057.993916,0.886572,3.487334,26.729359,30.720665,12,26.845628,31.156822,12
VA648_EB,110+11024,all_1_of_3,MD,2.000000,3.000000,28753;34341;28904,3404.427058,0.798230,0.000000,3503.018849,0.821264,6.354103,26.152832,26.712932,24,26.192266,29.162471,24
VA648_EB,110+11024,all_1_of_3,PM,2.000000,3.000000,28753;34341;28904,2784.520791,0.952201,4.154736,2703.350405,0.924633,4.033036,26.160816,27.838164,16,26.161586,27.839413,16
VA648_EB,110P11024,all_2_of_3,AM,3.000000,2.000000,28750;32606,1877.921416,0.862221,0.000000,2014.386067,0.924600,3.288459,22.966492,27.219839,12,23.132364,28.265509,12
VA648_EB,110P11024,all_2_of_3,MD,3.000000,2.000000,28750;32606,3886.731321,0.900411,0.000000,3720.432220,0.861252,5.735715,22.331985,22.948965,24,22.387631,26.106165,24
VA648_EB,110P11024,all_2_of_3,PM,3.000000,2.000000,28750;32606,3035.625253,1.056179,3.609558,3007.595509,1.046530,3.571212,22.451990,24.560442,16,22.454440,24.622578,16
VA648_EB,110+11025,all_3_of_3,AM,4.000000,7.000000,28745;34180;31611;28741;34176;28714;27982,726.956838,0.303809,0.000000,1370.169761,0.571986,5.345937,26.171130,28.800854,12,23.772386,29.250417,12
VA648_EB,110+11025,all_3_of_3,MD,4.000000,7.000000,28745;34180;31611;28741;34176;28714;27982,1887.374095,0.487302,0.000000,2305.702781,0.597405,6.917821,26.161004,26.830589,24,24.951654,27.830100,24
VA648_EB,110+11025,all_3_of_3,PM,4.000000,7.000000,28745;34180;31611;28741;34176;28714;27982,1646.895050,0.545507,3.721123,2448.878832,0.812546,5.681885,24.178653,26.829955,16,21.963719,26.828467,16
VA648_WB,110-11024,all_1_of_3,AM,2.000000,6.000000,27986;27984;28715;34177;28740;31613,784.264587,0.418455,0.000000,795.137236,0.425084,2.848024,28.000185,30.281844,12,27.029500,30.978197,12
VA648_WB,110-11024,all_1_of_3,MD,2.000000,6.000000,27986;27984;28715;34177;28740;31613,1607.057251,0.415796,0.000000,1602.152808,0.414969,5.635068,27.446193,27.990556,24,25.688474,29.361366,24
VA648_WB,110-11024,all_1_of_3,PM,2.000000,6.000000,27986;27984;28715;34177;28740;31613,1537.197821,0.594418,3.842919,1664.967127,0.642379,4.233884,25.502922,28.119204,16,25.149949,28.116630,16
VA648_WB,110N11024,all_2_of_3,AM,3.000000,2.000000,34179;28744,1926.767804,0.914989,0.000000,2208.259364,1.041820,3.292792,24.981105,32.317809,12,25.072563,32.383558,12
VA648_WB,110N11024,all_2_of_3,MD,3.000000,2.000000,34179;28744,5097.411981,1.251772,6.248775,5248.524517,1.288272,6.434065,22.274851,24.951520,24,22.072721,24.950817,24
VA648_WB,110N11024,all_2_of_3,PM,3.000000,2.000000,34179;28744,3816.888464,1.164372,0.000000,4477.157723,1.361719,5.007397,23.464047,26.846853,16,23.545124,27.667422,16
VA648_WB,110-11023,all_3_of_3,AM,4.000000,4.000000,32607;28748;28905;34340,1531.776483,0.690440,2.793116,1509.611157,0.680385,2.750470,27.180192,33.169200,12,27.183747,33.170265,12
VA648_WB,110-11023,all_3_of_3,MD,4.000000,4.000000,32607;28748;28905;34340,3177.570449,0.722086,0.000000,3204.279460,0.728624,6.102136,27.146257,27.660797,24,27.184345,30.144043,24
VA648_WB,110-11023,all_3_of_3,PM,4.000000,4.000000,32607;28748;28905;34340,3041.486438,0.850057,0.000000,3701.741489,1.033924,4.694383,27.664474,29.080776,16,27.718246,30.327676,16
VA649_NB,110+51875,all_1_of_4,AM,5.000000,2.000000,34280;28867,1879.266989,1.851015,2.427849,1475.861528,1.454342,1.892760,24.960064,34.394833,12,25.770323,34.423871,12
VA649_NB,110+51875,all_1_of_4,MD,5.000000,2.000000,34280;28867,3133.520841,0.861302,0.000000,2548.308731,0.698691,4.867007,26.715941,30.042890,24,26.173296,30.505555,24
VA649_NB,110+51875,all_1_of_4,PM,5.000000,2.000000,34280;28867,2769.646787,2.054809,0.000000,1876.191729,1.393567,2.605989,29.814209,30.045747,16,27.803731,30.405480,16
VA649_NB,110+51876,all_2_of_4,AM,6.000000,2.000000,28872;34262,1341.077868,1.016374,0.000000,1146.541423,0.868908,2.252438,25.521038,31.818871,12,25.711988,32.768135,12
VA649_NB,110+51876,all_2_of_4,MD,6.000000,2.000000,28872;34262,1935.247389,0.770284,6.327640,1709.880863,0.680861,5.588768,25.757740,27.218296,24,25.964211,27.219020,24
VA649_NB,110+51876,all_2_of_4,PM,6.000000,2.000000,28872;34262,1965.728742,1.158579,0.000000,1336.824557,0.787885,2.536487,27.219639,27.349257,16,27.365826,31.629034,16
VA649_NB,110+51877,all_3_of_4,AM,7.000000,2.000000,28875;28891,1714.330553,1.129396,0.000000,1796.823786,1.185965,3.056099,21.478321,28.194724,12,21.504013,28.682799,12
VA649_NB,110+51877,all_3_of_4,MD,7.000000,2.000000,28875;28891,2488.124043,0.855410,6.290862,2554.222343,0.880147,6.478396,22.839039,23.985947,24,22.824247,23.985822,24
VA649_NB,110+51877,all_3_of_4,PM,7.000000,2.000000,28875;28891,2296.293824,1.199793,0.000000,1958.244194,1.013177,3.188852,23.906698,23.986742,16,24.040178,27.377451,16
VA649_NB,110+51878,all_4_of_4,AM,9.000000,2.000000,28968;30016,1063.677737,0.636200,2.970001,1390.255912,0.839857,3.916128,22.142483,27.392366,12,20.696555,27.387194,12
VA649_NB,110+51878,all_4_of_4,MD,9.000000,2.000000,28968;30016,1683.758976,0.566476,0.000000,2090.688058,0.706109,6.997981,24.586118,24.619099,24,22.313955,25.643680,24
VA649_NB,110+51878,all_4_of_4,PM,9.000000,2.000000,28968;30016,1452.776083,0.775988,0.000000,1686.910839,0.899722,4.252123,24.620976,25.453807,16,21.756401,25.993790,16
VA649_SB,110-51877,all_1_of_5,AM,2.000000,2.000000,30019;30015,771.219995,0.604904,0.000000,977.313247,0.751255,3.409734,24.759119,24.865627,12,21.967583,25.605747,12
VA649_SB,110-51877,all_1_of_5,MD,2.000000,2.000000,30019;30015,1999.568086,0.752724,0.000000,2190.735742,0.828934,5.937682,23.121304,24.864287,24,22.446360,25.844713,24
VA649_SB,110-51877,all_1_of_5,PM,2.000000,2.000000,30019;30015,2923.893099,1.985255,3.603843,2574.304168,1.659408,3.168922,19.631270,23.288999,16,20.455494,23.278956,16
VA649_SB,110-51876,all_2_of_5,AM,4.000000,2.000000,28966;28890,1060.302996,0.715903,0.000000,891.496414,0.596248,2.471694,24.522247,26.291054,12,24.764081,29.309167,12
VA649_SB,110-51876,all_2_of_5,MD,4.000000,2.000000,28966;28890,2379.770442,0.766851,0.000000,2343.181289,0.753013,5.748615,24.803058,26.296881,24,24.850430,28.943969,24
VA649_SB,110-51876,all_2_of_5,PM,4.000000,2.000000,28966;28890,3397.540732,1.759918,3.993719,2716.056415,1.401329,3.164931,24.044663,25.039811,16,24.048853,26.284843,16
VA649_SB,110-51875,all_3_of_5,AM,5.000000,2.000000,28877;34261,936.846974,0.720537,0.000000,603.626449,0.464156,1.555898,26.548063,31.803035,12,26.818958,36.143623,12
VA649_SB,110-51875,all_3_of_5,MD,5.000000,2.000000,28877;34261,1802.849100,0.703953,0.000000,1516.736074,0.592260,4.814779,26.013461,26.526674,24,26.082487,30.860578,24
VA649_SB,110-51875,all_3_of_5,PM,5.000000,2.000000,28877;34261,2232.196389,1.270816,0.000000,1628.058815,0.926875,2.560793,24.682259,26.009982,16,24.846511,29.727678,16
VA649_SB,110-51874,all_4_of_5,AM,6.000000,2.000000,28870;28868,1356.469480,1.384052,0.000000,989.008125,1.009408,1.424061,28.946203,33.530047,12,28.065784,33.852416,12
VA649_SB,110-51874,all_4_of_5,MD,6.000000,2.000000,28870;28868,2876.008617,0.885257,0.000000,2457.477180,0.754766,4.824534,26.425538,28.925369,24,26.191427,29.662098,24
VA649_SB,110-51874,all_4_of_5,PM,6.000000,2.000000,28870;28868,3284.708313,3.224950,3.647350,2399.833178,2.355660,2.634182,17.388450,26.443200,16,19.559426,26.442045,16
VA649_SB,110N51874,all_5_of_5,AM,7.000000,1.000000,34279,1834.595600,1.394400,0.000000,1482.579830,1.126875,2.366428,21.183787,25.189539,12,21.416634,27.537083,12
VA649_SB,110N51874,all_5_of_5,MD,7.000000,1.000000,34279,3785.406600,1.489500,0.000000,3056.744630,1.202801,4.642011,20.345312,21.167025,24,20.432997,25.796967,24
VA649_SB,110N51874,all_5_of_5,PM,7.000000,1.000000,34279,3877.700800,2.816900,3.686775,3052.317630,2.217335,2.884875,20.363356,21.611133,16,20.385403,23.179675,16
VA650_NB,110+50155,corridor_start,AM,1.000000,6.000000,28864;34240;34248;28981;34237;34245,3351.080257,1.258289,2.482432,3430.038966,1.288169,2.542149,24.534484,36.141994,12,24.391887,36.123659,12
VA650_NB,110+50155,corridor_start,MD,1.000000,6.000000,28864;34240;34248;28981;34237;34245,6052.124493,0.860870,0.000000,6069.882069,0.863352,6.299662,23.600473,28.081045,24,23.630588,28.996480,24
VA650_NB,110+50155,corridor_start,PM,1.000000,6.000000,28864;34240;34248;28981;34237;34245,4367.680240,1.052623,0.000000,5116.911742,1.233881,5.008405,28.085554,28.139879,16,26.671983,29.000758,16
VA650_NB,110+51808,behavior_diverse_2_of_5,AM,2.000000,8.000000,33748;33744;31449;30140;33742;33725;30144;30057,405.425907,0.337768,2.431457,699.581592,0.577089,5.852595,25.079624,31.917245,12,20.966027,31.881338,12
VA650_NB,110P50155,behavior_diverse_3_of_5,AM,2.000000,4.000000,31701;33007;31706;34233,4311.176200,2.598607,0.000000,3078.313414,1.851663,2.069067,23.224570,24.960928,12,23.419734,26.838352,12
VA650_NB,110+51808,behavior_diverse_2_of_5,MD,2.000000,8.000000,33748;33744;31449;30140;33742;33725;30144;30057,1201.585515,0.579801,0.000000,1087.435261,0.522949,4.831740,26.162927,27.484775,24,25.869873,29.183406,24
VA650_NB,110P50155,behavior_diverse_3_of_5,MD,2.000000,4.000000,31701;33007;31706;34233,6668.727329,1.733350,0.000000,7065.402219,1.838346,6.101394,22.284277,23.216693,24,21.197167,24.220973,24
VA650_NB,110+51808,behavior_diverse_2_of_5,PM,2.000000,8.000000,33748;33744;31449;30140;33742;33725;30144;30057,941.948147,0.703334,0.000000,1065.819107,0.801439,3.866357,27.486660,27.738760,16,25.078841,28.207640,16
VA650_NB,110P50155,behavior_diverse_3_of_5,PM,2.000000,4.000000,31701;33007;31706;34233,6604.761550,3.036282,3.902674,5065.637450,2.324091,2.963868,21.063415,23.209477,16,22.320344,23.211922,16
VA650_NB,110+50157,behavior_diverse_4_of_5,AM,5.000000,4.000000,29880;34606;28962;34611,1776.800742,0.770726,0.000000,2232.997242,0.968944,3.557072,20.305242,28.468929,12,18.394962,28.526384,12
VA650_NB,110+50157,behavior_diverse_4_of_5,MD,5.000000,4.000000,29880;34606;28962;34611,2034.076071,0.431606,5.904311,2859.351705,0.604287,8.858206,16.326009,20.271184,24,12.612438,20.270312,24
VA650_NB,110+50157,behavior_diverse_4_of_5,PM,5.000000,4.000000,29880;34606;28962;34611,2623.290910,0.846297,0.000000,3475.805947,1.118410,4.798905,18.231670,21.367834,16,15.291197,21.786712,16
VA650_NB,110P50161,corridor_end,AM,13.000000,1.000000,30631,1117.954000,0.617000,0.000000,1717.198970,0.947690,5.150903,16.693646,17.782684,12,11.539427,18.319679,12
VA650_NB,110P50161,corridor_end,MD,13.000000,1.000000,30631,2549.252700,0.764200,5.866089,3511.442140,1.052657,8.219350,14.122289,17.786028,24,11.077016,17.786847,24
VA650_NB,110P50161,corridor_end,PM,13.000000,1.000000,30631,2141.232900,1.173300,0.000000,2246.572750,1.230971,4.247196,15.388513,16.138338,16,13.710364,17.387029,16
VA650_SB,110-51807,corridor_start,AM,1.000000,8.000000,30173;30056;30145;33727;33741;30139;31450;33745,422.274067,0.416053,0.000000,633.225716,0.617753,5.092028,23.367239,28.379646,12,19.950144,28.611905,12
VA650_SB,110N50161,behavior_diverse_2_of_5,AM,1.000000,1.000000,30976,1113.839000,0.861900,0.000000,1192.255370,0.922552,3.177233,16.543242,16.950988,12,15.325629,18.590206,12
VA650_SB,110-51807,corridor_start,MD,1.000000,8.000000,30173;30056;30145;33727;33741;30139;31450;33745,1153.906156,0.631125,0.000000,1174.233056,0.645659,5.831891,23.348678,25.465775,24,23.387339,26.595042,24
VA650_SB,110N50161,behavior_diverse_2_of_5,MD,1.000000,1.000000,30976,2526.813300,0.778100,0.000000,3473.391850,1.069541,8.250141,15.651974,16.540703,24,11.586653,17.550117,24
VA650_SB,110-51807,corridor_start,PM,1.000000,8.000000,30173;30056;30145;33727;33741;30139;31450;33745,856.577447,0.631282,3.656973,1209.374042,0.878474,7.294153,23.062431,25.420130,16,18.107435,25.411228,16
VA650_SB,110N50161,behavior_diverse_2_of_5,PM,1.000000,1.000000,30976,3312.540800,1.990700,0.000000,2742.441890,1.648116,3.099354,15.654989,17.339529,16,15.829883,20.384746,16
VA650_SB,110-50160,behavior_diverse_3_of_5,AM,2.000000,1.000000,30632,1134.205400,0.676000,0.000000,824.416500,0.491393,1.854954,20.103269,27.999498,12,20.363418,30.323615,12
VA650_SB,110-50160,behavior_diverse_3_of_5,MD,2.000000,1.000000,30632,1840.073800,0.581200,0.000000,2576.762450,0.813856,6.934857,17.630700,20.069357,24,15.617816,21.123077,24
VA650_SB,110-50160,behavior_diverse_3_of_5,PM,2.000000,1.000000,30632,2477.186300,1.241600,3.502148,2499.166750,1.252586,3.534991,15.626383,20.989859,16,15.560841,21.003131,16
VA650_SB,110-50156,behavior_diverse_4_of_5,AM,9.000000,1.000000,30929,2075.425600,0.801700,0.000000,2525.906980,0.975761,3.622780,22.966852,25.411591,12,19.640607,25.696868,12
VA650_SB,110-50156,behavior_diverse_4_of_5,MD,9.000000,1.000000,30929,3513.749900,0.709200,0.000000,4350.966310,0.878193,7.319109,17.620173,22.951625,24,14.969975,23.396621,24
VA650_SB,110-50156,behavior_diverse_4_of_5,PM,9.000000,1.000000,30929,6271.569200,2.390700,0.000000,4249.456540,1.619898,2.492794,17.622035,20.771499,16,17.789742,24.091875,16
VA650_SB,110-51870,corridor_end,AM,13.000000,6.000000,31702;34246;34236;28982;34249;34239,3288.600988,1.126246,1.043961,3196.692141,1.095081,1.014251,30.990581,36.633692,12,30.884978,36.664893,12
VA650_SB,110-51870,corridor_end,MD,13.000000,6.000000,31702;34246;34236;28982;34249;34239,7225.328248,1.655304,0.000000,6648.434138,1.523452,3.001222,29.579299,29.931757,24,29.635910,33.408863,24
VA650_SB,110-51870,corridor_end,PM,13.000000,6.000000,31702;34246;34236;28982;34249;34239,6006.487954,1.900406,3.997713,5188.817679,1.642317,3.439500,27.422273,29.905457,16,28.085602,29.894342,16
VA659_NB,110+13277,corridor_start,AM,1.000000,2.000000,38642;36103,2096.925900,0.465473,0.000000,2911.167970,0.646217,1.994730,43.831959,44.828864,12,33.815552,44.944402,12
VA659_NB,110+13277,corridor_start,MD,1.000000,2.000000,38642;36103,3599.576700,0.461723,0.000000,3603.888430,0.462321,2.803996,43.110421,43.827246,24,35.722739,44.890465,24
VA659_NB,110+13277,corridor_start,PM,1.000000,2.000000,38642;36103,3395.359100,0.586002,0.000000,3409.927730,0.588487,2.406614,43.112378,44.267441,16,34.486552,44.529719,16
VA659_NB,110+13279,behavior_diverse_2_of_5,AM,4.000000,4.000000,37754;36126;38129;38130,1415.811405,0.719845,3.682561,1670.121848,0.827419,4.302118,29.199796,29.720739,12,29.153601,29.707992,12
VA659_NB,110+13279,behavior_diverse_2_of_5,MD,4.000000,4.000000,37754;36126;38129;38130,2835.835593,0.723000,0.000000,3239.203235,0.820033,7.594623,27.873371,29.195164,24,27.905960,30.949808,24
VA659_NB,110+13279,behavior_diverse_2_of_5,PM,4.000000,4.000000,37754;36126;38129;38130,2601.023720,1.042674,0.000000,2385.991227,0.915239,4.869923,27.876331,29.733276,16,27.940286,30.952297,16
VA659_NB,110P13287,behavior_diverse_3_of_5,AM,11.000000,1.000000,36675,2215.890100,0.464200,0.000000,2321.839110,0.486426,1.477431,42.658604,48.450893,12,30.999740,48.429872,12
VA659_NB,110P13287,behavior_diverse_3_of_5,MD,11.000000,1.000000,36675,5251.301300,0.530200,0.000000,5102.052730,0.515165,3.119673,42.634897,43.145153,24,31.229348,43.202103,24
VA659_NB,110P13287,behavior_diverse_3_of_5,PM,11.000000,1.000000,36675,3891.029000,0.670000,0.000000,3836.415040,0.660628,2.650685,43.150377,45.268786,16,31.011959,45.261070,16
VA659_NB,110+13288,behavior_diverse_4_of_5,AM,12.000000,2.000000,36008;36283,2195.385737,0.829355,0.000000,2348.922643,0.887187,2.245232,26.792070,35.624903,12,26.955011,35.761011,12
VA659_NB,110+13288,behavior_diverse_4_of_5,MD,12.000000,2.000000,36008;36283,5148.838145,0.900347,0.000000,5184.053552,0.906864,6.229097,26.757100,27.620073,24,26.788751,29.631036,24
VA659_NB,110+13288,behavior_diverse_4_of_5,PM,12.000000,2.000000,36008;36283,3906.130269,0.972259,4.101172,4331.176560,1.078046,4.560665,26.930974,27.835573,16,26.407621,27.831857,16
VA659_NB,110+13289,corridor_end,AM,13.000000,8.000000,36281;37860;37853;37856;36260;36033;37711;36600,1974.019612,0.416307,0.000000,1877.119076,0.396820,1.197016,42.892190,45.922740,12,32.288710,45.930627,12
VA659_NB,110+13289,corridor_end,MD,13.000000,8.000000,36281;37860;37853;37856;36260;36033;37711;36600,4770.068683,0.485809,0.000000,4768.834563,0.485897,2.942388,42.880048,43.401434,24,31.193025,43.454305,24
VA659_NB,110+13289,corridor_end,PM,13.000000,8.000000,36281;37860;37853;37856;36260;36033;37711;36600,3569.089988,0.531793,0.000000,3688.023535,0.549812,2.228298,43.402595,43.685785,16,30.696240,43.696675,16
VA659_SB,110-13288,corridor_start,AM,2.000000,8.000000,36249;36601;37710;36032;36261;37857;37854;37859,1737.294936,0.356832,0.000000,1891.253814,0.388543,1.171789,46.108954,46.550853,12,32.411680,46.539722,12
VA659_SB,110-13288,corridor_start,MD,2.000000,8.000000,36249;36601;37710;36032;36261;37857;37854;37859,4649.937421,0.444243,0.000000,4747.549143,0.453665,2.744657,45.675074,46.106746,24,31.367414,46.106259,24
VA659_SB,110-13288,corridor_start,PM,2.000000,8.000000,36249;36601;37710;36032;36261;37857;37854;37859,3579.624281,0.495281,0.000000,3447.843042,0.477917,1.933453,45.675412,46.010777,16,31.077010,46.004730,16
VA659_SB,110-13287,behavior_diverse_2_of_5,AM,3.000000,2.000000,36279;36282,2033.320767,0.729590,0.000000,2457.211281,0.881695,2.757579,30.491197,36.003668,12,30.553243,36.029767,12
VA659_SB,110-13287,behavior_diverse_2_of_5,MD,3.000000,2.000000,36279;36282,5027.250367,0.883569,0.000000,5094.657343,0.896005,6.205763,27.972927,30.466684,24,28.000100,31.822670,24
VA659_SB,110-13287,behavior_diverse_2_of_5,PM,3.000000,2.000000,36279;36282,3900.329067,1.047608,4.124163,3978.436375,1.068003,4.215783,27.991281,29.016211,16,27.988344,29.015820,16
VA659_SB,110N13280,behavior_diverse_3_of_5,AM,6.500000,1.000000,36306,1102.747000,1.048200,2.143437,759.461550,0.721913,1.469017,21.223176,29.879812,12,22.242860,30.257512,12
VA659_SB,110N13280,behavior_diverse_3_of_5,MD,6.500000,1.000000,36306,1095.339900,0.485600,0.000000,1176.501710,0.521556,4.308978,26.414621,26.610891,24,22.057025,27.517572,24
VA659_SB,110N13280,behavior_diverse_3_of_5,PM,6.500000,1.000000,36306,744.271200,0.525100,0.000000,450.128720,0.317556,1.912638,26.611505,26.796547,16,22.848817,29.589789,16
VA659_SB,110-13278,behavior_diverse_4_of_5,AM,11.000000,4.000000,36307;38131;38127;36124,990.270236,0.515805,3.483977,1375.108136,0.706875,4.947140,26.091248,27.588838,12,25.951533,27.581901,12
VA659_SB,110-13278,behavior_diverse_4_of_5,MD,11.000000,4.000000,36307;38131;38127;36124,2757.369256,0.708195,0.000000,3155.869349,0.801008,8.467589,26.534282,27.589196,24,26.572684,29.440109,24
VA659_SB,110-13278,behavior_diverse_4_of_5,PM,11.000000,4.000000,36307;38131;38127;36124,2519.697484,0.992030,0.000000,2556.322484,0.977178,4.843846,26.538372,28.768536,16,26.609337,29.998051,16
VA659_SB,110-13276,corridor_end,AM,14.000000,2.000000,36113;36104,2318.464700,0.595203,0.000000,2321.624510,0.596033,1.835498,43.536697,44.674631,12,34.157874,44.808960,12
VA659_SB,110-13276,corridor_end,MD,14.000000,2.000000,36113;36104,3675.171300,0.454344,0.000000,3759.968020,0.464801,2.819299,42.109772,44.676753,24,35.706333,45.469236,24
VA659_SB,110-13276,corridor_end,PM,14.000000,2.000000,36113;36104,3454.071800,0.609752,0.000000,3344.114260,0.590321,2.414201,42.112393,44.368044,16,34.476195,44.621164,16
VA668_EB,110+58019,only,AM,2.000000,3.000000,32921;33229;33231,2022.898139,0.848230,0.000000,2299.486005,0.963029,3.139525,31.066478,31.698791,12,27.879127,31.690394,12
VA668_EB,110+58019,only,MD,2.000000,3.000000,32921;33229;33231,3180.258962,0.757696,0.000000,3421.793167,0.814606,5.989840,28.921298,31.061776,24,26.716049,31.130086,24
VA668_EB,110+58019,only,PM,2.000000,3.000000,32921;33229;33231,3514.284130,1.253417,3.469792,3002.665258,1.068533,2.953119,26.317202,33.650000,16,26.870930,33.702706,16
VA668_WB,110-58018,only,AM,4.000000,2.000000,30620;33232,1804.554577,0.775623,0.000000,1369.923058,0.588602,1.028015,33.009606,34.223244,12,29.504138,34.699449,12
VA668_WB,110-58018,only,MD,4.000000,2.000000,30620;33232,2807.702777,0.772315,4.751290,2797.673487,0.769898,4.736078,26.245760,34.458861,24,26.256024,34.462772,24
VA668_WB,110-58018,only,PM,4.000000,2.000000,30620;33232,2380.511338,0.930869,0.000000,3079.318563,1.204317,2.166208,29.529013,33.717145,16,28.217950,33.853245,16
VA671_NB,110+59237,only,AM,2.000000,5.000000,36524;36996;37547;36525;37279,342.125213,0.151689,0.000000,230.091538,0.102006,0.299824,47.077859,47.742575,12,43.904327,50.223484,12
VA671_NB,110+59237,only,MD,2.000000,5.000000,36524;36996;37547;36525;37279,1162.288211,0.256330,0.000000,897.885680,0.198012,1.183526,47.039167,47.075183,24,37.664334,49.108429,24
VA671_NB,110+59237,only,PM,2.000000,5.000000,36524;36996;37547;36525;37279,1359.728839,0.422964,0.000000,723.427198,0.224997,0.905731,47.008331,47.039062,16,37.579028,48.667471,16
VA671_SB,110-59236,only,AM,2.000000,5.000000,41486;37278;36526;37548;36995,999.575690,0.438520,0.000000,579.888516,0.254395,0.765899,45.355219,49.153169,12,37.760651,49.509529,12
VA671_SB,110-59236,only,MD,2.000000,5.000000,41486;37278;36526;37548;36995,1371.515327,0.299692,0.000000,988.099804,0.215903,1.292355,45.339972,45.964051,24,37.442859,48.595032,24
VA671_SB,110-59236,only,PM,2.000000,5.000000,41486;37278;36526;37548;36995,753.162516,0.259498,0.000000,697.589797,0.240327,0.968476,45.965087,46.147857,16,37.323233,48.302046,16
VA673_EB,110+58007,corridor_start,AM,2.000000,3.000000,30760;33394;31029,1117.807065,0.574606,0.000000,1158.864204,0.595745,1.812475,33.732692,38.529313,12,30.563611,38.914073,12
VA673_EB,110+58007,corridor_start,MD,2.000000,3.000000,30760;33394;31029,1945.332813,0.550648,0.000000,1826.657188,0.517919,3.138753,33.672256,33.713594,24,31.105865,36.744660,24
VA673_EB,110+58007,corridor_start,PM,2.000000,3.000000,30760;33394;31029,1622.698036,0.667362,0.000000,1391.126812,0.573806,2.304921,33.677148,35.793136,16,31.064538,37.088119,16
VA673_EB,110+58008,behavior_diverse_2_of_5,AM,3.000000,1.000000,31050,1061.805400,0.525200,0.000000,900.505550,0.445444,1.344891,37.703838,43.363599,12,31.961523,43.457831,12
VA673_EB,110+58008,behavior_diverse_2_of_5,MD,3.000000,1.000000,31050,1632.191200,0.408900,0.000000,1359.112300,0.340473,2.052040,37.116348,37.680789,24,31.933995,40.647145,24
VA673_EB,110+58008,behavior_diverse_2_of_5,PM,3.000000,1.000000,31050,1444.482600,0.502500,0.000000,1488.749880,0.517851,2.099923,37.120685,39.229241,16,30.726531,39.683134,16
VA673_EB,110+58011,behavior_diverse_3_of_5,AM,6.000000,4.000000,30738;33444;33456;30604,2642.510297,1.672386,3.148387,1899.796106,1.201051,2.253833,25.237113,33.901288,12,25.453981,32.706592,12
VA673_EB,110+58011,behavior_diverse_3_of_5,MD,6.000000,4.000000,30738;33444;33456;30604,4056.559806,1.061599,0.000000,4072.587092,1.069516,6.629444,24.747424,26.661351,24,24.787930,28.943761,24
VA673_EB,110+58011,behavior_diverse_3_of_5,PM,6.000000,4.000000,30738;33444;33456;30604,2946.487445,1.424905,0.000000,2723.806120,1.313142,4.134004,26.668629,29.052545,16,26.743754,30.453226,16
VA673_EB,110+58012,behavior_diverse_4_of_5,AM,7.000000,1.000000,30607,2918.303200,3.197300,0.000000,1732.554570,1.898194,2.040950,20.122732,24.130893,12,20.434415,27.566015,12
VA673_EB,110+58012,behavior_diverse_4_of_5,MD,7.000000,1.000000,30607,3390.462800,1.647400,0.000000,3243.809810,1.576130,6.126348,19.021057,20.105681,24,19.078935,22.843019,24
VA673_EB,110+58012,behavior_diverse_4_of_5,PM,7.000000,1.000000,30607,2427.751900,1.854000,4.416461,2106.659180,1.608750,3.819862,19.025140,20.407852,16,19.045152,20.412544,16
VA673_EB,110P58012,corridor_end,AM,8.000000,1.000000,30610,2918.303200,2.600400,0.000000,1732.554570,1.543846,4.760035,14.486278,16.394163,12,14.763102,28.239511,12
VA673_EB,110P58012,corridor_end,MD,8.000000,1.000000,30610,3390.462800,1.481600,0.000000,3243.809810,1.417482,8.760330,15.143452,16.400797,24,15.217513,27.083512,24
VA673_EB,110P58012,corridor_end,PM,8.000000,1.000000,30610,2427.751900,1.587700,0.000000,2106.659180,1.377683,5.635564,15.142935,15.475626,16,15.300289,28.029316,16
VA673_WB,110N58012,corridor_start,AM,1.000000,1.000000,30969,1017.397200,0.805200,3.267906,1285.365600,1.017259,4.147788,15.827401,16.593801,12,14.418657,16.594857,12
VA673_WB,110N58012,corridor_start,MD,1.000000,1.000000,30969,2661.888600,1.058100,0.000000,3049.884030,1.212304,7.337633,16.140457,16.599027,24,14.979194,18.683492,24
VA673_WB,110N58012,corridor_start,PM,1.000000,1.000000,30969,3800.275500,3.137300,0.000000,2387.395510,1.970879,2.540309,15.530044,16.138630,16,15.776629,23.632894,16
VA673_WB,110-58011,behavior_diverse_2_of_5,AM,2.000000,1.000000,30609,1017.397200,0.849900,0.000000,1285.365600,1.073693,4.148370,21.182094,24.082822,12,20.706288,25.116392,12
VA673_WB,110-58011,behavior_diverse_2_of_5,MD,2.000000,1.000000,30609,2661.888600,1.114800,0.000000,3049.884030,1.277329,7.342487,19.000863,21.168294,24,19.057775,23.246352,24
VA673_WB,110-58011,behavior_diverse_2_of_5,PM,2.000000,1.000000,30609,3800.275500,3.366500,4.065397,2387.395510,2.114869,2.526793,18.171724,20.299647,16,19.009415,21.395569,16
VA673_WB,110-58010,behavior_diverse_3_of_5,AM,3.000000,4.000000,30606;30605;33457;33443,1566.903784,0.981534,0.000000,1770.329375,1.108287,3.608705,28.600705,32.654123,12,28.705887,33.256183,12
VA673_WB,110-58010,behavior_diverse_3_of_5,MD,3.000000,4.000000,30606;30605;33457;33443,4007.373448,1.188440,0.000000,4064.751704,1.204822,7.457149,27.899716,28.583900,24,27.932696,31.685791,24
VA673_WB,110-58010,behavior_diverse_3_of_5,PM,3.000000,4.000000,30606;30605;33457;33443,4164.928125,2.271834,4.509381,2749.425286,1.499177,2.958089,27.946817,31.047147,16,27.963341,32.235946,16
VA673_WB,110-58009,behavior_diverse_4_of_5,AM,4.000000,2.000000,30737;33429,1748.684696,0.801655,0.000000,1776.827868,0.814592,2.522022,34.081722,36.148310,12,32.294843,36.881708,12
VA673_WB,110-58009,behavior_diverse_4_of_5,MD,4.000000,2.000000,30737;33429,4074.977158,0.880147,0.000000,4100.812199,0.885703,5.427454,33.547674,34.072966,24,33.281915,35.296236,24
VA673_WB,110-58009,behavior_diverse_4_of_5,PM,4.000000,2.000000,30737;33429,4167.858646,1.188418,0.000000,2788.460425,0.795082,3.263401,33.549128,34.404241,16,32.803687,35.830207,16
VA673_WB,110-58006,corridor_end,AM,7.000000,3.000000,31051;31030;33393,954.698323,0.520683,0.000000,815.441292,0.445779,0.500718,32.553106,36.617766,12,32.745843,40.282636,12
VA673_WB,110-58006,corridor_end,MD,7.000000,3.000000,31051;31030;33393,2031.584364,0.584285,0.000000,1880.556960,0.541973,3.287608,32.401763,32.536825,24,30.972870,35.903291,24
VA673_WB,110-58006,corridor_end,PM,7.000000,3.000000,31051;31030;33393,1982.444120,0.807117,0.000000,1807.385109,0.734805,2.967375,32.403511,33.212525,16,30.329741,34.244987,16
VA674_NB,110+10102,corridor_start,AM,3.000000,4.000000,30697;33460;33331;30734,2139.261622,1.435124,2.766100,1624.645304,1.081609,2.099254,29.286802,36.265346,12,29.585614,36.494568,12
VA674_NB,110+10102,corridor_start,MD,3.000000,4.000000,30697;33460;33331;30734,3387.816534,1.086964,0.000000,3221.120426,1.021569,6.595235,28.686499,29.113463,24,28.707166,31.250667,24
VA674_NB,110+10102,corridor_start,PM,3.000000,4.000000,30697;33460;33331;30734,3539.141372,1.769931,0.000000,2452.695155,1.213138,3.684899,29.083023,29.113830,16,29.142351,31.478974,16
VA674_NB,110+10103,behavior_diverse_2_of_5,AM,4.000000,3.000000,30731;32196;33446,2738.911713,1.549667,1.133563,2012.531420,1.138690,0.826165,32.028669,41.660446,12,32.046829,41.849895,12
VA674_NB,110+10103,behavior_diverse_2_of_5,MD,4.000000,3.000000,30731;32196;33446,3967.796784,0.862157,0.000000,4242.843848,0.921921,5.656408,31.638762,32.309342,24,31.674150,34.391435,24
VA674_NB,110+10103,behavior_diverse_2_of_5,PM,4.000000,3.000000,30731;32196;33446,3962.158939,1.748349,0.000000,2927.311297,1.291689,0.670047,32.315251,34.666095,16,32.469824,38.904085,16
VA674_NB,110P10104,behavior_diverse_3_of_5,AM,6.000000,1.000000,31865,2378.615800,2.118700,3.353002,1896.032590,1.688864,2.660756,18.723143,31.795161,12,19.488387,32.796199,12
VA674_NB,110P10104,behavior_diverse_3_of_5,MD,6.000000,1.000000,31865,4311.815500,1.899800,0.000000,4215.163090,1.857232,6.230393,19.058222,19.394459,24,19.118459,22.055160,24
VA674_NB,110P10104,behavior_diverse_3_of_5,PM,6.000000,1.000000,31865,4335.578600,3.221300,0.000000,2982.250490,2.215821,3.150860,19.400044,21.767028,16,19.586491,24.890380,16
VA674_NB,110P10105,behavior_diverse_4_of_5,AM,8.000000,1.000000,30411,4333.542300,1.462000,2.830689,3112.867190,1.050153,2.025605,18.971651,23.542616,12,19.085561,23.549087,12
VA674_NB,110P10105,behavior_diverse_4_of_5,MD,8.000000,1.000000,30411,6964.975700,1.132300,0.000000,6438.359380,1.046698,5.734742,18.932863,19.629521,24,18.992783,22.534263,24
VA674_NB,110P10105,behavior_diverse_4_of_5,PM,8.000000,1.000000,30411,5609.987700,1.486200,0.000000,4893.493650,1.296393,3.693418,19.631064,20.005908,16,19.761245,22.526275,16
VA674_NB,110+10107,corridor_end,AM,10.000000,2.000000,30419;33063,127.563735,0.076501,0.000000,148.553605,0.088304,1.076941,33.430862,34.795664,12,29.588270,37.316156,12
VA674_NB,110+10107,corridor_end,MD,10.000000,2.000000,30419;33063,434.105429,0.127290,0.000000,436.239392,0.129550,0.774429,33.258686,33.425272,24,31.971083,37.804716,24
VA674_NB,110+10107,corridor_end,PM,10.000000,2.000000,30419;33063,396.762494,0.176964,0.000000,406.912380,0.181506,0.721406,33.260146,33.959537,16,31.911345,36.877797,16
VA674_SB,110-10106,corridor_start,AM,1.000000,2.000000,33067;33062,224.947932,0.127719,0.000000,258.235787,0.144903,0.369313,34.922982,37.079388,12,33.260976,38.273677,12
VA674_SB,110-10106,corridor_start,MD,1.000000,2.000000,33067;33062,431.588314,0.124435,0.000000,493.325345,0.142318,0.851258,32.544961,34.911935,24,31.600240,37.781047,24
VA674_SB,110-10106,corridor_start,PM,1.000000,2.000000,33067;33062,278.700347,0.115267,0.000000,333.595323,0.137929,0.545368,32.545877,33.981818,16,32.337790,37.605319,16
VA674_SB,110N10105,behavior_diverse_2_of_5,AM,3.000000,1.000000,30415,3466.569300,1.115000,3.245672,3126.071040,1.005508,2.923388,21.992451,23.450258,12,22.004133,23.455710,12
VA674_SB,110N10105,behavior_diverse_2_of_5,MD,3.000000,1.000000,30415,7426.040500,1.184700,0.000000,6626.370120,1.057135,5.672535,21.990807,22.677996,24,22.040892,25.416655,24
VA674_SB,110N10105,behavior_diverse_2_of_5,PM,3.000000,1.000000,30415,6758.432600,1.775400,0.000000,4532.763180,1.190735,2.651926,22.661560,22.678650,16,22.841922,27.407115,16
VA674_SB,110N10104,behavior_diverse_3_of_5,AM,5.000000,1.000000,31861,1975.611300,1.048500,0.000000,1698.769650,0.901606,2.830860,21.532898,28.928657,12,21.715290,29.484951,12
VA674_SB,110N10104,behavior_diverse_3_of_5,MD,5.000000,1.000000,31861,4056.968100,1.796800,0.000000,3731.041500,1.652483,6.042490,21.503756,22.480779,24,21.550488,24.765643,24
VA674_SB,110N10104,behavior_diverse_3_of_5,PM,5.000000,1.000000,31861,3775.654500,2.466800,0.000000,3202.481450,2.092354,3.840939,22.489076,25.773594,16,18.986005,26.285483,16
VA674_SB,110-10102,behavior_diverse_4_of_5,AM,7.000000,3.000000,30739;33447;32195,1883.334487,0.835175,0.000000,1913.226798,0.848284,2.636110,33.832861,38.790305,12,32.411720,38.995220,12
VA674_SB,110-10102,behavior_diverse_4_of_5,MD,7.000000,3.000000,30739;33447;32195,3944.294346,0.851520,0.000000,4297.814580,0.927801,5.693103,31.948550,33.811219,24,31.977856,35.145576,24
VA674_SB,110-10102,behavior_diverse_4_of_5,PM,7.000000,3.000000,30739;33447;32195,4718.074267,2.333089,1.216860,3078.319285,1.522301,0.788380,31.987654,37.971453,16,31.987802,38.219161,16
VA674_SB,110-10101,corridor_end,AM,8.000000,4.000000,30730;30735;33332;33459,1717.258292,1.304461,0.000000,1642.474038,1.230697,2.144267,29.669990,34.788794,12,29.803000,34.964945,12
VA674_SB,110-10101,corridor_end,MD,8.000000,4.000000,30730;30735;33332;33459,3322.622625,1.158259,0.000000,3392.440026,1.162446,7.167589,26.633881,29.646492,24,26.661376,30.609237,24
VA674_SB,110-10101,corridor_end,PM,8.000000,4.000000,30730;30735;33332;33459,3740.967027,2.306779,4.885464,2514.272973,1.532146,3.280052,25.286973,28.692133,16,26.632671,28.682786,16
VA675_EB,110P58031,all_1_of_4,AM,1.000000,1.000000,30499,2539.379600,1.258900,1.526275,2297.611330,1.139034,1.373448,27.352147,35.920071,12,27.571668,35.925449,12
VA675_EB,110P58031,all_1_of_4,MD,1.000000,1.000000,30499,3845.488300,0.895800,0.000000,4046.129880,0.942584,6.265348,28.230099,29.105876,24,26.761646,29.187682,24
VA675_EB,110P58031,all_1_of_4,PM,1.000000,1.000000,30499,2254.891400,0.808800,0.000000,2038.276370,0.731129,3.415891,29.109284,30.240104,16,27.863463,30.583530,16
VA675_EB,110+58032,all_2_of_4,AM,2.000000,1.000000,32786,1838.151500,0.882800,0.000000,1781.087040,0.855391,2.788282,22.503350,31.383628,12,22.605537,31.421284,12
VA675_EB,110+58032,all_2_of_4,MD,2.000000,1.000000,32786,4073.001700,1.243900,0.000000,4508.143550,1.376779,6.279871,22.468192,23.334417,24,20.704196,24.007709,24
VA675_EB,110+58032,all_2_of_4,PM,2.000000,1.000000,32786,3726.661400,1.825300,3.833084,3469.443360,1.699300,3.554102,20.842091,24.602193,16,21.403268,24.602410,16
VA675_EB,110+58033,all_3_of_4,AM,4.000000,4.000000,30489;33970;33966;32813,1629.578718,0.834096,0.000000,1840.708661,0.942347,3.115096,27.019535,30.945272,12,25.369571,30.953928,12
VA675_EB,110+58033,all_3_of_4,MD,4.000000,4.000000,30489;33970;33966;32813,3493.327467,0.825407,0.000000,4260.586285,1.006810,7.049393,26.447071,27.003372,24,23.650911,27.269158,24
VA675_EB,110+58033,all_3_of_4,PM,4.000000,4.000000,30489;33970;33966;32813,2855.077298,1.090471,3.839380,2921.533826,1.115828,3.933521,24.158597,26.872815,16,24.050927,26.871048,16
VA675_EB,110+58034,all_4_of_4,AM,6.000000,4.000000,30493;33961;33963;33954,1213.074757,0.575784,0.000000,1541.775693,0.731923,2.534748,28.831332,31.778724,12,28.966355,33.078613,12
VA675_EB,110+58034,all_4_of_4,MD,6.000000,4.000000,30493;33961;33963;33954,2669.543500,0.553577,0.000000,3790.759413,0.786178,9.381730,27.933432,28.818700,24,27.967201,30.742959,24
VA675_EB,110+58034,all_4_of_4,PM,6.000000,4.000000,30493;33961;33963;33954,2227.447601,0.732509,4.254565,2560.030570,0.842011,4.910187,27.939207,29.485118,16,27.935859,29.476262,16
VA675_WB,110-58033,all_1_of_3,AM,2.000000,4.000000,30496;33955;33964;33960,1295.794643,0.943487,0.000000,1552.564410,1.132498,3.484545,28.278314,31.151204,12,28.359397,31.545195,12
VA675_WB,110-58033,all_1_of_3,MD,2.000000,4.000000,30496;33955;33964;33960,2637.663834,0.546488,0.000000,3743.955762,0.775722,8.781832,28.266886,28.323641,24,28.299318,30.242282,24
VA675_WB,110-58033,all_1_of_3,PM,2.000000,4.000000,30496;33955;33964;33960,2023.791504,0.703479,3.931207,2270.528866,0.789376,4.425791,28.326360,28.820372,16,28.323836,28.662713,16
VA675_WB,110-58032,all_2_of_3,AM,4.000000,4.000000,30492;32815;33967;33969,1531.320459,0.771056,0.000000,1741.420724,0.877014,3.357921,27.984312,28.995980,12,26.384980,29.156842,12
VA675_WB,110-58032,all_2_of_3,MD,4.000000,4.000000,30492;32815;33967;33969,3486.290504,0.841203,0.000000,4098.020697,0.988892,6.856743,25.740887,27.977980,24,24.267517,28.127710,24
VA675_WB,110-58032,all_2_of_3,PM,4.000000,4.000000,30492;32815;33967;33969,2745.488138,1.037830,0.000000,2898.902242,1.095825,3.931614,25.741307,26.907632,16,23.639729,27.092104,16
VA675_WB,110-58031,all_3_of_3,AM,6.000000,2.000000,30488;32787,1426.994243,0.840507,0.000000,1547.899314,0.895470,2.870398,24.591346,28.520691,12,23.655322,28.714175,12
VA675_WB,110-58031,all_3_of_3,MD,6.000000,2.000000,30488;32787,3802.406274,1.193889,0.000000,4055.100486,1.273337,6.030618,24.575905,25.160618,24,23.183710,25.694966,24
VA675_WB,110-58031,all_3_of_3,PM,6.000000,2.000000,30488;32787,3068.667226,1.400943,3.850239,3130.578364,1.429506,3.932468,20.066214,25.714329,16,19.915599,25.736409,16
VA677_NB,110P51799,corridor_start,AM,1.000000,1.000000,4403,98.795600,0.001700,0.000000,128.956020,0.002167,0.007046,15.505005,17.202481,12,15.519887,17.205911,12
VA677_NB,110P51799,corridor_start,MD,1.000000,1.000000,4403,392.677200,0.003100,0.000000,518.312130,0.004124,0.025568,17.210193,18.133171,24,14.391417,18.129619,24
VA677_NB,110P51799,corridor_start,PM,1.000000,1.000000,4403,704.956400,0.007300,0.000000,590.149230,0.006122,0.025586,18.136968,19.415862,16,15.581935,19.397018,16
VA677_NB,110+51800,behavior_diverse_2_of_5,AM,2.000000,1.000000,30630,677.501600,0.244800,0.000000,1240.636230,0.448295,2.602767,28.399793,34.146298,12,26.501264,34.251750,12
VA677_NB,110+51800,behavior_diverse_2_of_5,MD,2.000000,1.000000,30630,1904.918700,0.374300,0.000000,2749.117190,0.540138,7.526621,28.377306,29.372961,24,26.221732,29.859286,24
VA677_NB,110+51800,behavior_diverse_2_of_5,PM,2.000000,1.000000,30630,1823.336700,0.533900,3.816503,2350.316410,0.688158,4.990762,27.054139,29.288039,16,26.222765,29.213097,16
VA677_NB,110+51801,behavior_diverse_3_of_5,AM,3.000000,1.000000,33788,361.164200,0.122700,0.000000,913.544490,0.310336,4.587976,23.644840,33.504916,12,18.745143,33.573562,12
VA677_NB,110+51801,behavior_diverse_3_of_5,MD,3.000000,1.000000,33788,1588.775300,0.318200,0.000000,2504.147220,0.501480,8.164859,22.708611,23.604778,24,19.276267,24.698184,24
VA677_NB,110+51801,behavior_diverse_3_of_5,PM,3.000000,1.000000,33788,1877.894400,0.586200,3.855165,2390.884770,0.746397,4.975859,20.699468,23.361432,16,18.730319,23.357921,16
VA677_NB,110P51801,behavior_diverse_4_of_5,AM,4.000000,1.000000,33784,454.841400,0.149600,0.000000,1026.135860,0.337507,5.324089,19.152104,28.819851,12,13.408402,28.937668,12
VA677_NB,110P51801,behavior_diverse_4_of_5,MD,4.000000,1.000000,33784,1870.372100,0.374700,0.000000,2937.170650,0.588371,8.358853,17.746802,19.112306,24,13.226472,20.211216,24
VA677_NB,110P51801,behavior_diverse_4_of_5,PM,4.000000,1.000000,33784,2430.606900,0.782300,3.840699,2940.665530,0.946468,4.697043,15.638559,18.490727,16,13.916518,18.480091,16
VA677_NB,110+51802,corridor_end,AM,5.000000,1.000000,30576,2779.621600,1.119000,0.000000,2745.202880,1.105161,3.109233,22.222723,29.350595,12,20.861634,29.380821,12
VA677_NB,110+51802,corridor_end,MD,5.000000,1.000000,30576,5379.281900,1.049800,0.000000,6254.720700,1.220610,6.996546,21.039408,22.193224,24,18.785421,22.974987,24
VA677_NB,110+51802,corridor_end,PM,5.000000,1.000000,30576,4749.058400,1.553000,3.871955,4619.062990,1.510531,3.760056,18.553023,22.624117,16,18.788730,22.632060,16
VA677_SB,110-51801,corridor_start,AM,1.000000,1.000000,30983,2343.142900,0.930800,0.000000,2905.270020,1.154127,3.571343,15.703716,20.350629,12,13.471875,20.916618,12
VA677_SB,110-51801,corridor_start,MD,1.000000,1.000000,30983,5206.808700,0.993600,0.000000,6490.607420,1.238636,7.521789,14.938131,15.684491,24,11.999961,16.920273,24
VA677_SB,110-51801,corridor_start,PM,1.000000,1.000000,30983,4980.332200,1.864700,3.724206,4723.217290,1.768474,3.521358,12.929569,16.231221,16,13.341087,16.242532,16
VA677_SB,110N51802,behavior_diverse_2_of_5,AM,1.500000,1.000000,4394,138.173100,0.002700,0.000000,7.518920,0.000145,0.162397,18.704608,25.543306,12,15.609459,25.447033,12
VA677_SB,110N51802,behavior_diverse_2_of_5,MD,1.500000,1.000000,4394,279.354300,0.002800,0.000000,274.062440,0.002720,5.959267,17.647113,18.676389,24,6.912099,18.670384,24
VA677_SB,110N51802,behavior_diverse_2_of_5,PM,1.500000,1.000000,4394,184.893600,0.003000,3.957085,188.277940,0.003054,4.029517,5.939079,19.366969,16,5.886375,19.349050,16
VA677_SB,110N51801,behavior_diverse_3_of_5,AM,2.000000,1.000000,30578,1421.068200,0.534200,0.000000,2207.926510,0.829918,2.482481,20.666880,22.124241,12,20.866231,25.813311,12
VA677_SB,110N51801,behavior_diverse_3_of_5,MD,2.000000,1.000000,30578,2422.757500,0.493300,0.000000,3455.622310,0.703556,4.277627,19.907739,22.128044,24,19.979604,26.897881,24
VA677_SB,110N51801,behavior_diverse_3_of_5,PM,2.000000,1.000000,30578,1924.449900,0.582400,0.000000,2198.442870,0.665337,2.617737,19.905687,19.992988,16,20.064325,27.235653,16
VA677_SB,110-51799,behavior_diverse_4_of_5,AM,4.000000,1.000000,33787,791.806900,0.262700,0.000000,1593.705080,0.528752,5.456086,26.705097,27.538427,12,22.056352,28.046927,12
VA677_SB,110-51799,behavior_diverse_4_of_5,MD,4.000000,1.000000,33787,2180.053200,0.443100,0.000000,3032.124510,0.616254,7.585055,25.842195,26.700886,24,22.607414,27.384187,24
VA677_SB,110-51799,behavior_diverse_4_of_5,PM,4.000000,1.000000,33787,2060.465900,0.645600,3.472501,2284.159420,0.715744,3.872017,24.282470,26.313013,16,23.714967,26.307974,16
VA677_SB,110N51799,corridor_end,AM,5.000000,1.000000,30627,369.905400,0.006700,2.712350,551.826110,0.009929,4.046293,5.812298,18.089821,12,3.717835,18.090065,12
VA677_SB,110N51799,corridor_end,MD,5.000000,1.000000,30627,446.185000,0.003900,0.000000,692.732180,0.006094,8.675195,16.741809,18.092978,24,6.673623,18.089422,24
VA677_SB,110N51799,corridor_end,PM,5.000000,1.000000,30627,279.011900,0.003700,0.000000,423.267400,0.005581,5.922604,16.652013,16.740280,16,5.645604,16.736439,16
VA684_NB,110+51794,all_1_of_2,AM,6.000000,2.000000,32290;4386,773.403571,0.014871,0.000000,860.802390,0.016507,2.976363,23.799282,28.545921,12,9.668142,28.390949,12
VA684_NB,110+51794,all_1_of_2,MD,6.000000,2.000000,32290;4386,1591.344484,0.014894,0.000000,1694.379069,0.015847,6.015354,23.781049,25.044169,24,9.658744,25.012942,24
VA684_NB,110+51794,all_1_of_2,PM,6.000000,2.000000,32290;4386,1274.763594,0.017887,3.811769,1310.115565,0.018385,4.006581,8.685995,27.075031,16,8.570487,27.089093,16
VA684_NB,110P51794,all_2_of_2,AM,7.000000,1.000000,32296,1190.469200,0.690900,0.000000,1454.109380,0.843854,3.869969,17.363776,23.612441,12,14.710567,23.966779,12
VA684_NB,110P51794,all_2_of_2,MD,7.000000,1.000000,32296,3231.485100,0.928900,0.000000,3751.273440,1.078321,7.251483,17.339759,18.985892,24,14.811708,19.870872,24
VA684_NB,110P51794,all_2_of_2,PM,7.000000,1.000000,32296,2319.653300,0.928700,4.034360,2941.201900,1.177529,5.184573,12.685636,22.857348,16,10.648943,22.823706,16
VA684_SB,110N51794,all_1_of_2,AM,1.000000,1.000000,33608,1072.909500,0.589100,2.443980,1687.395750,0.926517,3.939815,12.841388,25.820393,12,11.173059,25.846275,12
VA684_SB,110N51794,all_1_of_2,MD,1.000000,1.000000,33608,2344.226200,0.514900,0.000000,3704.022220,0.813533,9.333795,11.833860,17.003747,24,9.008869,17.591179,24
VA684_SB,110N51794,all_1_of_2,PM,1.000000,1.000000,33608,3564.578400,1.726300,0.000000,2557.103760,1.238388,2.853001,17.013749,19.149359,16,17.184146,22.305421,16
VA684_SB,110-51793,all_2_of_2,AM,2.000000,2.000000,32294;4385,665.443329,0.012977,0.000000,702.938389,0.013740,3.202052,27.702136,28.980790,12,10.056657,28.805834,12
VA684_SB,110-51793,all_2_of_2,MD,2.000000,2.000000,32294;4385,1595.056152,0.015271,0.000000,1611.154527,0.015420,5.969015,24.360648,27.693625,24,10.185447,27.656564,24
VA684_SB,110-51793,all_2_of_2,PM,2.000000,2.000000,32294;4385,1486.349374,0.021003,4.160811,1400.750948,0.019810,4.032633,9.574324,24.908308,16,9.664707,24.909168,16
VA686_NB,110P51849,all_1_of_2,AM,3.000000,1.000000,4442,6.164200,0.000100,3.016025,13.591790,0.000264,6.813442,9.859009,20.244599,12,7.813874,20.104969,12
VA686_NB,110P51849,all_1_of_2,MD,3.000000,1.000000,4442,19.768700,0.000200,0.000000,47.452880,0.000417,14.950332,19.769932,20.266808,24,6.297483,20.275354,24
VA686_NB,110P51849,all_1_of_2,PM,3.000000,1.000000,4442,15.442200,0.000200,0.000000,47.526350,0.000618,12.952829,19.771123,20.503160,16,5.476085,20.498502,16
VA686_NB,110+51850,all_2_of_2,AM,4.000000,1.000000,4471,313.389700,0.006100,0.000000,429.858550,0.008316,3.644602,28.280271,28.510449,12,14.152206,28.423415,12
VA686_NB,110+51850,all_2_of_2,MD,4.000000,1.000000,4471,744.289800,0.007300,0.000000,849.457210,0.008324,6.359883,22.410077,28.273565,24,12.324119,28.258750,24
VA686_NB,110+51850,all_2_of_2,PM,4.000000,1.000000,4471,433.703700,0.007900,3.721763,461.330870,0.008397,3.962599,10.720876,23.996384,16,10.458360,23.996439,16
VA686_SB,110N51849,all_1_of_3,AM,3.000000,1.000000,30186,16.795800,0.000300,0.000000,24.001410,0.000461,4.743354,21.917268,25.577956,12,9.790700,25.538625,12
VA686_SB,110N51849,all_1_of_3,MD,3.000000,1.000000,30186,54.664600,0.000500,0.000000,39.217490,0.000365,3.349423,20.317200,21.901066,24,13.162946,22.329605,24
VA686_SB,110N51849,all_1_of_3,PM,3.000000,1.000000,30186,45.069500,0.000600,3.001473,31.182560,0.000439,2.064934,11.457783,21.123560,16,13.070292,21.122032,16
VA686_SB,110-51848,all_2_of_3,AM,4.000000,1.000000,4443,273.934900,0.005300,0.000000,285.606020,0.005508,2.994107,28.120863,28.599837,12,13.156451,28.511474,12
VA686_SB,110-51848,all_2_of_3,MD,4.000000,1.000000,4443,580.557600,0.005800,0.000000,566.904720,0.005617,5.759202,23.420237,28.114251,24,13.903288,28.099662,24
VA686_SB,110-51848,all_2_of_3,PM,4.000000,1.000000,4443,370.838300,0.005800,3.893527,394.580600,0.006210,4.146755,12.030278,26.891897,16,11.801211,26.891901,16
VA686_SB,110N51848,all_3_of_3,AM,5.000000,1.000000,31151,1067.326000,0.020500,0.000000,1067.326000,0.020516,3.000002,16.475984,22.613442,12,4.890449,22.533844,12
VA686_SB,110N51848,all_3_of_3,MD,5.000000,1.000000,31151,1639.327000,0.015300,0.000000,1639.327000,0.015282,5.999857,11.598432,16.446511,24,5.276591,16.451747,24
VA686_SB,110N51848,all_3_of_3,PM,5.000000,1.000000,31151,992.434000,0.013900,3.961939,992.434000,0.013865,3.961939,4.216123,15.368081,16,4.232300,15.430024,16
VA690_NB,110+11462,corridor_start,AM,1.000000,3.000000,35984;37671;37667,678.173013,0.294343,0.000000,886.400921,0.384766,1.171078,43.022638,46.362380,12,35.885347,47.063297,12
VA690_NB,110+11462,corridor_start,MD,1.000000,3.000000,35984;37671;37667,1173.458722,0.278103,0.000000,818.607621,0.193983,1.159069,43.009310,43.634812,24,37.710995,48.619489,24
VA690_NB,110+11462,corridor_start,PM,1.000000,3.000000,35984;37671;37667,1166.760610,0.384283,0.000000,1374.349823,0.452634,1.842877,43.637834,44.706544,16,35.292918,45.429902,16
VA690_NB,110P11453,behavior_diverse_2_of_5,AM,2.500000,1.000000,5169,78.761200,0.002200,0.000000,159.717670,0.004488,4.218331,8.585010,12.765994,12,5.193959,13.390062,12
VA690_NB,110P11463,behavior_diverse_3_of_5,AM,2.500000,1.000000,37194,105.066500,0.092700,0.000000,142.942470,0.126073,3.568169,25.304254,30.364676,12,25.560912,32.332433,12
VA690_NB,110P11453,behavior_diverse_2_of_5,MD,2.500000,1.000000,5169,215.374400,0.002900,0.000000,465.614000,0.006241,8.729144,8.568241,9.270169,24,4.656558,10.086472,24
VA690_NB,110P11463,behavior_diverse_3_of_5,MD,2.500000,1.000000,37194,267.988900,0.119000,0.000000,360.478550,0.160053,7.475243,25.284184,25.845321,24,25.353193,29.556193,24
VA690_NB,110P11453,behavior_diverse_2_of_5,PM,2.500000,1.000000,5169,164.141800,0.003500,0.000000,360.584000,0.007729,6.015062,9.272766,10.114953,16,5.288736,10.831088,16
VA690_NB,110P11463,behavior_diverse_3_of_5,PM,2.500000,1.000000,37194,319.496400,0.192400,4.796247,189.773560,0.114262,2.831865,27.341532,28.317845,16,28.321491,29.190924,16
VA690_NB,110P11455,behavior_diverse_4_of_5,AM,3.500000,1.000000,36418,4.542000,0.000100,0.000000,4.542000,0.000140,0.000132,9.878682,10.477007,12,10.310184,38.821034,12
VA690_NB,110P11455,behavior_diverse_4_of_5,MD,3.500000,1.000000,36418,12.045000,0.000200,0.000000,12.045000,0.000159,0.000250,10.207371,10.479230,24,10.324480,39.694737,24
VA690_NB,110P11455,behavior_diverse_4_of_5,PM,3.500000,1.000000,36418,10.956000,0.000200,0.000000,10.956000,0.000210,0.000336,10.208190,10.679410,16,10.452734,39.325579,16
VA690_NB,110+11455,corridor_end,AM,4.000000,1.000000,36052,276.176600,0.152500,0.000000,279.712860,0.154445,0.458908,40.400136,41.418171,12,40.562067,48.803324,12
VA690_NB,110+11455,corridor_end,MD,4.000000,1.000000,36052,736.825200,0.215100,0.000000,808.704470,0.236074,1.415225,37.147360,41.418040,24,37.193113,47.436100,24
VA690_NB,110+11455,corridor_end,PM,4.000000,1.000000,36052,934.742700,0.410200,0.000000,1097.392460,0.481563,1.962627,37.149439,39.923852,16,35.060604,42.620987,16
VA690_SB,110-11454,corridor_start,AM,1.000000,1.000000,36516,661.934900,0.284100,0.000000,879.652710,0.377559,1.148562,43.792960,44.900814,12,35.973322,46.282584,12
VA690_SB,110-11454,corridor_start,MD,1.000000,1.000000,36516,790.885200,0.205800,0.000000,911.839720,0.237316,1.422802,41.654913,43.786348,24,37.198679,47.826704,24
VA690_SB,110-11454,corridor_start,PM,1.000000,1.000000,36516,569.707000,0.254000,0.000000,567.317500,0.252937,1.020125,41.653453,41.966915,16,37.098501,47.231262,16
VA690_SB,110N11455,behavior_diverse_2_of_5,AM,1.500000,1.000000,36417,5.307000,0.000200,0.000000,5.307000,0.000191,2.997837,11.887787,12.315227,12,10.979565,14.396910,12
VA690_SB,110N11455,behavior_diverse_2_of_5,MD,1.500000,1.000000,36417,12.204000,0.000200,5.959850,12.204000,0.000175,5.959850,9.145938,12.575080,24,9.144865,12.579084,24
VA690_SB,110N11455,behavior_diverse_2_of_5,PM,1.500000,1.000000,36417,10.131000,0.000200,0.000000,10.131000,0.000243,3.933816,12.582428,13.158723,16,11.706818,15.381809,16
VA690_SB,110-11453,behavior_diverse_3_of_5,AM,2.000000,3.000000,5228;37519;5240,131.994874,0.002537,0.000000,132.664397,0.002531,0.005702,34.267543,36.111367,12,34.319285,37.722401,12
VA690_SB,110-11453,behavior_diverse_3_of_5,MD,2.000000,3.000000,5228;37519;5240,267.565673,0.002244,0.000000,269.284712,0.002248,0.012688,34.259840,34.269987,24,34.273597,37.748707,24
VA690_SB,110-11453,behavior_diverse_3_of_5,PM,2.000000,3.000000,5228;37519;5240,179.637548,0.002533,0.000000,181.128246,0.002553,0.009754,34.189090,34.269809,16,34.222731,37.704565,16
VA690_SB,110N58438,behavior_diverse_4_of_5,AM,3.000500,1.000000,37201,243.892200,0.197800,0.000000,154.361330,0.125184,1.882940,28.695779,34.661733,12,28.941907,37.885264,12
VA690_SB,110N58438,behavior_diverse_4_of_5,MD,3.000500,1.000000,37201,406.876500,0.171800,0.000000,537.414430,0.226969,7.740181,27.883036,28.671272,24,27.937137,31.873813,24
VA690_SB,110N58438,behavior_diverse_4_of_5,PM,3.000500,1.000000,37201,261.209900,0.163200,4.118412,338.890590,0.211783,5.359182,28.618402,29.988269,16,28.353408,29.304462,16
VA690_SB,110-11461,corridor_end,AM,4.000000,3.000000,37664;37668;37670,821.602436,0.361153,0.000000,1055.079225,0.463759,1.418447,43.527232,43.836597,12,35.144328,44.887483,12
VA690_SB,110-11461,corridor_end,MD,4.000000,3.000000,37664;37668;37670,1353.027386,0.319949,0.000000,960.817528,0.227171,1.360998,42.658200,43.525112,24,37.309125,47.958698,24
VA690_SB,110-11461,corridor_end,PM,4.000000,3.000000,37664;37668;37670,1150.465792,0.389368,0.000000,1338.537173,0.453036,1.844546,42.659446,43.576014,16,35.280466,44.748522,16
VA693_NB,110+50153,all_1_of_4,AM,7.500000,3.000000,25748;28677;30285,778.745800,0.711600,0.000000,622.642330,0.568941,2.105220,23.572957,27.612861,12,23.816290,30.308531,12
VA693_NB,110+51817,all_2_of_4,AM,7.500000,2.000000,30283;32212,828.671267,0.614131,3.048508,904.786778,0.670440,3.334216,22.636484,29.502397,12,22.626099,29.509085,12
VA693_NB,110+51818,all_3_of_4,AM,7.500000,5.000000,30279;33661;30167;30172;33671,674.355927,0.496893,2.628130,878.261597,0.639442,3.483929,25.808704,33.027134,12,24.826603,33.006527,12
VA693_NB,110P51818,all_4_of_4,AM,7.500000,1.000000,33697,1060.754400,1.098800,0.000000,1090.885380,1.129996,3.062393,15.655066,23.574664,12,13.686710,23.750627,12
VA693_NB,110+50153,all_1_of_4,MD,7.500000,3.000000,25748;28677;30285,1704.765500,0.759092,0.000000,1509.806640,0.672273,4.685355,23.557180,24.302247,24,23.624986,27.477696,24
VA693_NB,110+51817,all_2_of_4,MD,7.500000,2.000000,30283;32212,1973.434162,0.643184,0.000000,2531.977723,0.825228,7.419304,22.614690,24.987633,24,22.662966,26.475480,24
VA693_NB,110+51818,all_3_of_4,MD,7.500000,5.000000,30279;33661;30167;30172;33671,1663.016593,0.638264,0.000000,1547.688124,0.594180,5.272282,24.648002,26.235743,24,24.708899,29.682396,24
VA693_NB,110P51818,all_4_of_4,MD,7.500000,1.000000,33697,2332.984000,1.247300,0.000000,2175.521970,1.163075,5.358239,15.622175,15.854121,24,15.682944,18.400855,24
VA693_NB,110+50153,all_1_of_4,PM,7.500000,3.000000,25748;28677;30285,1744.272100,1.093235,3.676342,2184.991460,1.369479,4.635083,23.923692,26.107493,16,22.645922,26.105239,16
VA693_NB,110+51817,all_2_of_4,PM,7.500000,2.000000,30283;32212,1892.473662,0.987176,0.000000,2261.136499,1.179426,4.162540,24.992352,26.031610,16,25.066209,27.294063,16
VA693_NB,110+51818,all_3_of_4,PM,7.500000,5.000000,30279;33661;30167;30172;33671,1340.868274,0.777145,0.000000,1447.026239,0.836045,4.080550,24.652990,27.503250,16,24.741762,28.903144,16
VA693_NB,110P51818,all_4_of_4,PM,7.500000,1.000000,33697,1806.856900,1.610900,3.605266,1758.178340,1.567455,3.505028,14.337962,17.152506,16,14.531904,17.149774,16
VA693_SB,110-50152,all_1_of_4,AM,1.500000,3.000000,30282;30284;28676,1122.030600,0.823709,0.000000,1610.380250,1.182193,3.883860,24.473113,30.774958,12,24.048393,30.814586,12
VA693_SB,110-50153,all_2_of_4,AM,1.500000,2.000000,30277;32213,693.476438,0.462102,2.854557,980.535942,0.653213,4.071741,21.505042,29.652617,12,21.013172,29.653709,12
VA693_SB,110-51817,all_3_of_4,AM,1.500000,5.000000,33698;33670;30170;30168;33662,467.620210,0.739274,2.297020,784.168787,1.259124,3.943222,26.416730,31.419691,12,24.538500,31.430977,12
VA693_SB,110N51818,all_4_of_4,AM,1.500000,1.000000,30198,616.868200,0.522300,2.225201,889.066220,0.752812,3.237893,24.063046,32.622925,12,22.328288,34.033945,12
VA693_SB,110-50152,all_1_of_4,MD,1.500000,3.000000,30282;30284;28676,1934.348900,0.874925,0.000000,1905.894900,0.862097,5.583007,24.448447,25.532524,24,24.489315,26.987188,24
VA693_SB,110-50153,all_2_of_4,MD,1.500000,2.000000,30277;32213,1989.412733,0.722505,0.000000,2055.135930,0.746392,5.888079,21.479066,23.779898,24,21.535452,26.006344,24
VA693_SB,110-51817,all_3_of_4,MD,1.500000,5.000000,33698;33670;30170;30168;33662,1516.889062,0.614280,0.000000,1547.269157,0.626219,5.836611,24.357880,26.996032,24,24.408907,29.303942,24
VA693_SB,110N51818,all_4_of_4,MD,1.500000,1.000000,30198,2037.799200,0.892300,0.000000,1994.051390,0.873161,5.674884,24.207284,27.818368,24,24.230798,28.210056,24
VA693_SB,110-50152,all_1_of_4,PM,1.500000,3.000000,30282;30284;28676,2051.524500,1.428963,3.678043,1586.023800,1.104695,2.822569,24.813521,26.410412,16,25.537589,26.413115,16
VA693_SB,110-50153,all_2_of_4,PM,1.500000,2.000000,30277;32213,2222.638774,1.173352,0.000000,2028.731641,1.071007,3.458688,23.782650,23.995180,16,23.910329,26.301722,16
VA693_SB,110-51817,all_3_of_4,PM,1.500000,5.000000,33698;33670;30170;30168;33662,1755.629804,1.011099,0.000000,1646.954021,0.940977,3.498809,24.361552,27.102839,16,24.471189,28.992837,16
VA693_SB,110N51818,all_4_of_4,PM,1.500000,1.000000,30198,2321.450000,1.737800,0.000000,1911.284300,1.430735,2.942079,24.210049,26.989492,16,24.316758,27.751101,16
VA694_NB,110+51812,all_1_of_5,AM,2.000000,2.000000,30049;33545,664.893927,0.647442,0.000000,912.998892,0.888940,3.663212,24.398984,27.704691,12,22.507226,27.896468,12
VA694_NB,110+51812,all_1_of_5,MD,2.000000,2.000000,30049;33545,1690.115980,0.876249,0.000000,1758.962000,0.911920,6.316111,24.386377,25.373189,24,22.997443,25.942204,24
VA694_NB,110+51812,all_1_of_5,PM,2.000000,2.000000,30049;33545,1511.316190,1.083054,3.590246,1975.818203,1.415643,4.738347,23.745140,26.013465,16,22.390966,26.010248,16
VA694_NB,110+51813,all_2_of_5,AM,3.000000,3.000000,30154;33649;32216,775.029972,0.597454,2.508318,1003.236108,0.774517,3.265516,24.618724,33.147807,12,24.540951,33.127755,12
VA694_NB,110+51813,all_2_of_5,MD,3.000000,3.000000,30154;33649;32216,1766.887415,0.679085,0.000000,1761.391695,0.679384,5.433376,24.471536,26.150281,24,24.530439,28.945887,24
VA694_NB,110+51813,all_2_of_5,PM,3.000000,3.000000,30154;33649;32216,1601.208693,0.797498,0.000000,2290.978649,1.140415,5.356668,26.153786,26.962556,16,25.699706,27.939011,16
VA694_NB,110+51814,all_3_of_5,AM,4.000000,3.000000,30157;30161;32193,946.138358,0.631910,2.659810,1208.018541,0.806749,3.406144,27.595081,34.000311,12,27.570667,33.984918,12
VA694_NB,110+51814,all_3_of_5,MD,4.000000,3.000000,30157;30161;32193,2036.105263,0.701990,0.000000,2183.195279,0.753870,6.334173,27.522755,28.016898,24,27.562647,30.468436,24
VA694_NB,110+51814,all_3_of_5,PM,4.000000,3.000000,30157;30161;32193,1726.630567,0.769889,0.000000,2403.952265,1.071894,5.492074,28.018788,28.639060,16,28.069644,29.745169,16
VA694_NB,110+51816,all_4_of_5,AM,7.000000,1.000000,30174,364.188300,0.259800,0.000000,871.575200,0.621643,6.270925,14.835059,21.002886,12,9.005217,21.239621,12
VA694_NB,110+51816,all_4_of_5,MD,7.000000,1.000000,30174,859.675900,0.447300,0.000000,1244.754390,0.647620,7.325790,12.952212,14.808621,24,11.404032,16.375009,24
VA694_NB,110+51816,all_4_of_5,PM,7.000000,1.000000,30174,761.746900,0.522800,0.000000,1389.830930,0.953875,6.592741,12.956783,15.735148,16,7.997493,16.191330,16
VA694_NB,110P51816,all_5_of_5,AM,8.000000,1.000000,30178,617.178500,0.303200,0.000000,858.899050,0.421959,4.419088,17.779007,19.552636,12,14.145218,20.449815,12
VA694_NB,110P51816,all_5_of_5,MD,8.000000,1.000000,30178,1484.977700,0.441500,0.000000,1840.345460,0.547174,6.525667,16.875557,19.557287,24,15.950086,21.013056,24
VA694_NB,110P51816,all_5_of_5,PM,8.000000,1.000000,30178,1520.392500,0.601700,3.642569,2027.895510,0.802509,4.904091,16.510353,20.096975,16,14.442897,20.091279,16
VA694_SB,110N51816,all_1_of_5,AM,1.000000,1.000000,30184,3147.016900,1.826000,2.934506,2466.078610,1.430901,2.284933,13.903610,15.808666,12,15.378772,15.810771,12
VA694_SB,110N51816,all_1_of_5,MD,1.000000,1.000000,30184,4412.732300,1.109300,0.000000,5484.948730,1.378855,6.355598,15.464235,15.812822,24,14.277282,17.528641,24
VA694_SB,110N51816,all_1_of_5,PM,1.000000,1.000000,30184,4301.077700,1.877000,0.000000,4155.580080,1.813497,3.414290,15.466480,16.582526,16,15.177222,18.808150,16
VA694_SB,110-51815,all_2_of_5,AM,2.000000,1.000000,30180,624.168200,0.357300,0.000000,783.463200,0.448511,3.553443,19.379631,22.591369,12,15.962599,23.448078,12
VA694_SB,110-51815,all_2_of_5,MD,2.000000,1.000000,30180,1416.679500,0.347400,0.000000,2042.954350,0.500998,8.697525,19.366854,19.464125,24,15.979236,20.925978,24
VA694_SB,110-51815,all_2_of_5,PM,2.000000,1.000000,30180,1207.410100,0.397500,4.086524,2014.077150,0.663112,6.930899,16.511710,19.895289,16,12.844025,19.829795,16
VA694_SB,110-51813,all_3_of_5,AM,5.000000,3.000000,30175;32192;30160,872.441650,0.608259,0.000000,1174.001979,0.818580,3.259933,27.470267,34.650386,12,27.573804,34.700272,12
VA694_SB,110-51813,all_3_of_5,MD,5.000000,3.000000,30175;32192;30160,1812.280088,0.673720,0.000000,1963.135850,0.730212,6.631526,27.190248,27.441495,24,27.230466,30.227427,24
VA694_SB,110-51813,all_3_of_5,PM,5.000000,3.000000,30175;32192;30160,2018.278504,1.093423,3.808266,2025.031866,1.097095,3.819850,26.817119,28.444098,16,26.802298,28.443743,16
VA694_SB,110-51812,all_4_of_5,AM,6.000000,3.000000,30158;32217;33648,788.857135,0.618011,0.000000,1140.917349,0.893148,3.643442,25.186047,32.234615,12,25.171823,32.385902,12
VA694_SB,110-51812,all_4_of_5,MD,6.000000,3.000000,30158;32217;33648,1516.919137,0.655970,0.000000,1819.138367,0.788066,6.988450,25.155221,25.158040,24,25.200410,27.787405,24
VA694_SB,110-51812,all_4_of_5,PM,6.000000,3.000000,30158;32217;33648,1806.054807,1.160952,3.824609,1884.428871,1.210437,3.994251,25.157719,25.617512,16,25.156458,25.385423,16
VA694_SB,110-51811,all_5_of_5,AM,7.000000,2.000000,30153;33544,775.520463,0.644664,0.000000,1204.666811,1.001193,4.297043,23.318594,31.918448,12,20.572863,31.919220,12
VA694_SB,110-51811,all_5_of_5,MD,7.000000,2.000000,30153;33544,1646.995388,0.813876,0.000000,1798.880624,0.888956,6.458203,23.284610,24.248602,24,21.803151,24.981307,24
VA694_SB,110-51811,all_5_of_5,PM,7.000000,2.000000,30153;33544,1610.803981,1.277975,0.000000,1668.366472,1.323604,3.741826,24.251840,25.261241,16,20.994387,25.657608,16
VA695_NB,110+51838,corridor_start,AM,1.000000,1.000000,30647,1028.021700,0.928200,2.920994,1015.842770,0.917192,2.885489,25.170049,32.666625,12,25.220734,32.686656,12
VA695_NB,110+51838,corridor_start,MD,1.000000,1.000000,30647,1884.516900,0.892500,0.000000,1796.521000,0.850792,5.674069,27.239294,27.379154,24,26.122684,28.057685,24
VA695_NB,110+51838,corridor_start,PM,1.000000,1.000000,30647,1715.971400,1.209900,0.000000,1276.159300,0.899776,2.878482,27.240347,27.758200,16,26.464471,28.650246,16
VA695_NB,110P51837,behavior_diverse_2_of_5,AM,2.000000,1.000000,33563,1551.886200,1.000800,0.000000,1973.424930,1.272589,3.920028,18.225845,19.779045,12,18.470704,27.927404,12
VA695_NB,110P51837,behavior_diverse_2_of_5,MD,2.000000,1.000000,33563,3353.498300,1.221500,0.000000,3427.240230,1.248326,7.699857,18.220010,18.784875,24,18.279758,27.784613,24
VA695_NB,110P51837,behavior_diverse_2_of_5,PM,2.000000,1.000000,33563,2576.061300,1.389400,0.000000,2652.155030,1.430418,5.850260,18.787968,19.916847,16,18.913619,28.014106,16
VA695_NB,110+51845,behavior_diverse_3_of_5,AM,4.000000,1.000000,30274,1143.217500,0.846600,2.709235,1596.599240,1.182402,3.802211,22.482245,31.650300,12,22.249368,31.629025,12
VA695_NB,110+51845,behavior_diverse_3_of_5,MD,4.000000,1.000000,30274,1180.320800,0.863900,0.000000,1233.148320,0.902555,5.530828,22.252196,24.959687,24,22.310529,27.060820,24
VA695_NB,110+51845,behavior_diverse_3_of_5,PM,4.000000,1.000000,30274,1526.781600,0.797800,0.000000,1096.368770,0.572918,2.422440,24.965603,26.386634,16,25.130560,31.486021,16
VA695_NB,110+51840,behavior_diverse_4_of_5,AM,5.000000,3.000000,30112;4575;30119,550.544064,0.280921,2.916351,829.998781,0.421514,4.525044,18.193137,27.912667,12,17.673255,27.915953,12
VA695_NB,110+51840,behavior_diverse_4_of_5,MD,5.000000,3.000000,30112;4575;30119,860.833687,0.273579,0.000000,760.548122,0.214828,6.365155,24.287603,24.536723,24,19.338654,25.574212,24
VA695_NB,110+51840,behavior_diverse_4_of_5,PM,5.000000,3.000000,30112;4575;30119,821.345796,0.373105,0.000000,637.318968,0.272868,3.546837,24.541048,26.382660,16,20.234677,27.102762,16
VA695_NB,110+51846,corridor_end,AM,6.000000,3.000000,30265;30258;30247,456.090025,0.257533,2.271044,1011.206118,0.556597,5.824970,23.308824,36.181360,12,20.245330,27.585673,12
VA695_NB,110+51846,corridor_end,MD,6.000000,3.000000,30265;30258;30247,616.488954,0.245558,0.000000,771.243790,0.310746,5.976054,22.227441,22.775107,24,22.297450,26.326167,24
VA695_NB,110+51846,corridor_end,PM,6.000000,3.000000,30265;30258;30247,595.096784,0.303333,0.000000,1096.846221,0.541828,6.140830,22.778722,24.149572,16,21.723273,25.873969,16
VA695_SB,110-51839,corridor_start,AM,1.000000,2.000000,30156;30118,906.860073,0.699380,0.000000,1003.909459,0.774086,3.397047,22.737092,28.563373,12,22.920484,29.284515,12
VA695_SB,110N51846,behavior_diverse_2_of_5,AM,1.000000,1.000000,31770,337.996600,0.030500,0.000000,941.080690,0.084981,0.261476,26.244492,27.088741,12,26.438886,37.462716,12
VA695_SB,110-51839,corridor_start,MD,1.000000,2.000000,30156;30118,1575.931525,0.673597,0.000000,1640.557371,0.701246,6.240522,21.369869,22.712543,24,21.420315,25.550304,24
VA695_SB,110N51846,behavior_diverse_2_of_5,MD,1.000000,1.000000,31770,1245.327300,0.082600,0.000000,648.259830,0.043009,0.265985,26.193056,27.091337,24,26.246440,39.075136,24
VA695_SB,110-51839,corridor_start,PM,1.000000,2.000000,30156;30118,1238.636592,0.590507,3.932161,2039.962971,0.972426,6.581488,23.269265,25.184683,16,21.727954,31.581675,16
VA695_SB,110N51846,behavior_diverse_2_of_5,PM,1.000000,1.000000,31770,2089.483500,0.217000,0.000000,1713.689820,0.177998,0.739117,26.192743,26.454637,16,26.305549,36.700925,16
VA695_SB,110-51838,behavior_diverse_3_of_5,AM,3.000000,3.000000,30116;33636;30107,1612.254203,1.631743,0.000000,1477.025337,1.491297,2.779382,28.228834,32.368551,12,26.902984,32.384353,12
VA695_SB,110-51838,behavior_diverse_3_of_5,MD,3.000000,3.000000,30116;33636;30107,4093.881930,2.251595,0.000000,3396.013933,1.842554,5.057910,26.636393,28.210742,24,26.666625,28.531830,24
VA695_SB,110-51838,behavior_diverse_3_of_5,PM,3.000000,3.000000,30116;33636;30107,5075.670500,5.141857,0.000000,2606.979120,2.627767,2.058501,26.634914,26.683983,16,26.497581,28.294809,16
VA695_SB,110N51842,behavior_diverse_4_of_5,AM,6.000000,1.000000,33654,801.800500,0.691600,0.000000,847.692380,0.731153,3.169342,20.515774,23.043869,12,20.746043,25.082249,12
VA695_SB,110N51842,behavior_diverse_4_of_5,MD,6.000000,1.000000,33654,1473.692800,0.606200,0.000000,1526.185910,0.627743,5.977832,19.325515,20.504495,24,19.398174,23.476711,24
VA695_SB,110N51842,behavior_diverse_4_of_5,PM,6.000000,1.000000,33654,1317.683800,0.675900,0.000000,1975.026860,1.013126,6.013524,19.328019,20.925324,16,17.216425,22.081263,16
VA695_SB,110-51842,corridor_end,AM,7.000000,1.000000,30278,801.800500,0.642500,0.000000,847.692380,0.679277,3.169462,25.362705,31.615158,12,25.522823,32.128740,12
VA695_SB,110-51842,corridor_end,MD,7.000000,1.000000,30278,1473.692800,0.592100,0.000000,1526.185910,0.613228,5.981088,24.448661,25.336960,24,24.503259,28.035408,24
VA695_SB,110-51842,corridor_end,PM,7.000000,1.000000,30278,1317.683800,0.658600,3.974259,1975.026860,0.987206,6.016890,24.452928,25.931960,16,22.196395,25.934078,16
VA703_NB,110P50147,all_1_of_3,AM,1.000000,1.000000,34042,960.555700,0.871000,0.000000,928.348570,0.841832,2.888323,15.297506,17.624136,12,15.580005,19.689603,12
VA703_NB,110P50147,all_1_of_3,MD,1.000000,1.000000,34042,1819.820300,0.888900,0.000000,1772.620730,0.865813,6.334818,16.621650,17.632726,24,16.693785,20.151468,24
VA703_NB,110P50147,all_1_of_3,PM,1.000000,1.000000,34042,1458.005300,0.951800,0.000000,1516.224370,0.989762,4.348102,16.536097,16.620462,16,16.041419,18.979933,16
VA703_NB,110+50148,all_2_of_3,AM,2.000000,6.000000,30060;34034;31462;33547;30055;33652,960.068786,0.490167,2.983953,1507.818347,0.769488,4.729280,23.706927,26.425155,12,21.280487,26.422119,12
VA703_NB,110+50148,all_2_of_3,MD,2.000000,6.000000,30060;34034;31462;33547;30055;33652,1797.230687,0.529571,0.000000,2435.004437,0.719015,7.590056,23.836332,24.147417,24,23.887149,26.441913,24
VA703_NB,110+50148,all_2_of_3,PM,2.000000,6.000000,30060;34034;31462;33547;30055;33652,1653.302208,0.756237,0.000000,2092.961258,0.953551,4.514772,24.148111,24.317450,16,23.612306,26.069964,16
VA703_NB,110+50149,all_3_of_3,AM,3.000000,1.000000,30152,1023.717100,0.664400,0.000000,1670.855590,1.084391,4.794958,21.881229,25.222889,12,21.930483,26.173342,12
VA703_NB,110+50149,all_3_of_3,MD,3.000000,1.000000,30152,1738.109700,0.625800,6.140911,2406.304690,0.866440,8.559404,23.463003,24.452277,24,22.060876,30.543179,24
VA703_NB,110+50149,all_3_of_3,PM,3.000000,1.000000,30152,1792.167000,1.079900,0.000000,2158.852540,1.300854,4.298350,24.453108,24.482544,16,24.014679,26.127755,16
VA703_SB,110-50148,all_1_of_3,AM,1.000000,1.000000,30281,756.453400,0.605100,0.000000,977.108460,0.781608,3.661613,22.995476,24.509201,12,23.190233,26.583901,12
VA703_SB,110-50148,all_1_of_3,MD,1.000000,1.000000,30281,1766.790800,0.715700,0.000000,1692.466430,0.685606,5.649024,22.989987,23.754102,24,23.048885,26.916016,24
VA703_SB,110-50148,all_1_of_3,PM,1.000000,1.000000,30281,1719.964800,0.840000,3.960330,2432.753170,1.188049,5.649891,22.980131,23.738496,16,20.730467,23.723700,16
VA703_SB,110-50147,all_2_of_3,AM,2.000000,6.000000,30155;33651;30054;33548;31463;34033,765.406087,0.569358,0.000000,831.488237,0.618500,3.126569,22.872669,23.821232,12,23.094622,26.196426,12
VA703_SB,110-50147,all_2_of_3,MD,2.000000,6.000000,30155;33651;30054;33548;31463;34033,1692.474951,0.621478,0.000000,1786.734619,0.657159,6.228266,22.318027,22.868323,24,22.378944,25.833031,24
VA703_SB,110-50147,all_2_of_3,PM,2.000000,6.000000,30155;33651;30054;33548;31463;34033,1612.851616,0.704246,4.101182,2120.849645,0.928909,5.440300,22.319022,22.932488,16,20.645026,22.928967,16
VA703_SB,110N50147,all_3_of_3,AM,3.000000,1.000000,30062,753.951700,0.703700,3.007562,733.779660,0.684914,2.925523,15.698666,17.734269,12,15.873874,17.739794,12
VA703_SB,110N50147,all_3_of_3,MD,3.000000,1.000000,30062,1920.207700,0.875800,0.000000,1685.047000,0.768580,5.333770,16.172137,17.412181,24,16.261505,21.481063,24
VA703_SB,110N50147,all_3_of_3,PM,3.000000,1.000000,30062,2435.229000,1.702900,0.000000,2298.679440,1.607388,3.922586,16.050721,16.170640,16,16.204225,19.031691,16
VA704_NB,110+11470,all_1_of_5,AM,1.000000,5.000000,36150;36388;36899;36390;37632,550.890549,0.300894,0.000000,569.990304,0.311308,0.942254,40.857973,44.568437,12,36.743669,46.769845,12
VA704_NB,110+11470,all_1_of_5,MD,1.000000,5.000000,36150;36388;36899;36390;37632,1572.958988,0.375975,0.000000,1351.553549,0.323075,1.947192,40.845282,43.599646,24,36.519581,46.518025,24
VA704_NB,110+11470,all_1_of_5,PM,1.000000,5.000000,36150;36388;36899;36390;37632,2614.207120,0.696327,0.000000,2700.026362,0.719103,2.949893,43.255334,43.601670,16,33.799803,43.708871,16
VA704_NB,110+11471,all_2_of_5,AM,2.000000,2.000000,36039;36385,448.513346,0.266405,0.000000,463.337757,0.275374,0.830135,36.773212,41.324640,12,36.406200,45.565974,12
VA704_NB,110+11471,all_2_of_5,MD,2.000000,2.000000,36039;36385,1200.728234,0.321546,0.000000,1031.306013,0.276100,1.659629,36.755074,37.632468,24,35.887178,45.186495,24
VA704_NB,110+11471,all_2_of_5,PM,2.000000,2.000000,36039;36385,1954.914180,0.663284,0.000000,2047.881105,0.694855,2.845112,37.638038,39.737521,16,33.046214,40.171597,16
VA704_NB,110P11435,all_3_of_5,AM,4.000000,1.000000,36155,328.580600,0.162300,0.000000,368.396360,0.181975,0.543786,34.361536,37.582418,12,34.531975,42.772445,12
VA704_NB,110P11435,all_3_of_5,MD,4.000000,1.000000,36155,1149.569800,0.343400,0.000000,1046.134160,0.312470,1.881130,34.349082,35.341619,24,32.110181,40.425209,24
VA704_NB,110P11435,all_3_of_5,PM,4.000000,1.000000,36155,1402.476400,0.521500,0.000000,888.876830,0.330533,1.333441,35.345459,36.611514,16,31.856159,40.215660,16
VA704_NB,110+11436,all_4_of_5,AM,5.000000,4.000000,37417;36831;36827;37448,317.372179,0.183779,0.000000,324.739673,0.187805,0.560960,36.044204,37.649195,12,36.236636,45.850958,12
VA704_NB,110+11436,all_4_of_5,MD,5.000000,4.000000,37417;36831;36827;37448,934.212341,0.248005,0.000000,627.664708,0.165614,0.987692,37.656954,38.973903,24,36.509582,46.396291,24
VA704_NB,110+11436,all_4_of_5,PM,5.000000,4.000000,37417;36831;36827;37448,1082.137227,0.393790,0.000000,1018.100347,0.374430,1.517866,38.976468,39.529685,16,34.284782,42.914899,16
VA704_NB,110+11437,all_5_of_5,AM,6.000000,2.000000,36479;5260,55.690907,0.001276,0.000000,60.934659,0.001378,0.001786,33.606964,37.219066,12,33.684891,39.736768,12
VA704_NB,110+11437,all_5_of_5,MD,6.000000,2.000000,36479;5260,148.729016,0.001276,0.000000,151.222957,0.001277,0.002955,36.993996,37.233930,24,36.645782,39.959032,24
VA704_NB,110+11437,all_5_of_5,PM,6.000000,2.000000,36479;5260,140.364333,0.001707,0.000000,138.177660,0.001672,0.003476,36.996749,38.283019,16,36.640172,39.916164,16
VA704_SB,110-11436,all_1_of_5,AM,1.000000,2.000000,35973;5261,93.732647,0.001640,0.000000,90.606976,0.001580,0.002162,34.685908,37.868560,12,34.749976,39.777139,12
VA704_SB,110-11436,all_1_of_5,MD,1.000000,2.000000,35973;5261,163.256964,0.001397,0.000000,162.682654,0.001393,0.003330,36.394166,37.880346,24,36.406637,39.964560,24
VA704_SB,110-11436,all_1_of_5,PM,1.000000,2.000000,35973;5261,107.600317,0.001320,0.000000,112.055599,0.001394,0.002790,36.394546,37.212752,16,36.422166,39.905250,16
VA704_SB,110-11435,all_2_of_5,AM,2.000000,2.000000,36481;37449,435.561620,0.183378,0.000000,662.794098,0.279653,0.842638,39.251198,40.158785,12,36.188885,44.957641,12
VA704_SB,110-11435,all_2_of_5,MD,2.000000,2.000000,36481;37449,536.509060,0.141140,0.000000,315.359387,0.082182,0.484745,39.248151,39.977653,24,39.289324,48.772221,24
VA704_SB,110-11435,all_2_of_5,PM,2.000000,2.000000,36481;37449,392.516796,0.157684,0.000000,386.774268,0.155411,0.621692,39.978180,39.978404,16,38.000286,47.482605,16
VA704_SB,110N11435,all_3_of_5,AM,3.000000,1.000000,36825,512.601700,0.202300,0.000000,846.525270,0.334057,1.005254,35.278808,40.073555,12,32.698604,41.463859,12
VA704_SB,110N11435,all_3_of_5,MD,3.000000,1.000000,36825,671.845100,0.180000,0.000000,642.880070,0.172263,1.028911,35.259690,36.173703,24,33.476002,43.188716,24
VA704_SB,110N11435,all_3_of_5,PM,3.000000,1.000000,36825,503.782200,0.200400,0.000000,504.117310,0.200555,0.804450,35.455071,36.172969,16,33.399616,42.385319,16
VA704_SB,110-11470,all_4_of_5,AM,5.000000,2.000000,36153;36384,1278.185007,0.494775,0.000000,1716.828745,0.664634,2.046246,39.666918,41.897008,12,33.047991,42.157636,12
VA704_SB,110-11470,all_4_of_5,MD,5.000000,2.000000,36153;36384,1396.819421,0.364082,0.000000,1122.185208,0.292482,1.759771,39.324099,39.657718,24,35.768051,45.343009,24
VA704_SB,110-11470,all_4_of_5,PM,5.000000,2.000000,36153;36384,821.996489,0.327954,0.000000,684.035731,0.272873,1.101346,39.325728,40.171169,16,35.886123,45.566634,16
VA704_SB,110-11469,all_5_of_5,AM,6.000000,5.000000,36041;37633;36389;36898;36387,1759.476031,0.663599,0.000000,2219.187826,0.836962,2.600017,39.672069,45.174221,12,32.568899,45.168878,12
VA704_SB,110-11469,all_5_of_5,MD,6.000000,5.000000,36041;37633;36389;36898;36387,1872.785098,0.443807,0.000000,1545.897605,0.366318,2.212546,39.650458,41.018202,24,36.232327,45.144618,24
VA704_SB,110-11469,all_5_of_5,PM,6.000000,5.000000,36041;37633;36389;36898;36387,1078.327142,0.397211,0.000000,898.631934,0.331000,1.340832,41.023751,42.883921,16,36.229671,45.872090,16
VA705_EB,110+58162,only,AM,2.500000,4.000000,36135;5551;37273;37289,452.621674,0.214052,0.000000,515.734594,0.244039,0.682007,36.563363,40.076906,12,31.945014,40.086684,12
VA705_EB,110+58162,only,MD,2.500000,4.000000,36135;5551;37273;37289,813.509399,0.165675,0.000000,756.753235,0.153310,0.917658,36.550883,38.708828,24,31.341385,38.849214,24
VA705_EB,110+58162,only,PM,2.500000,4.000000,36135;5551;37273;37289,544.866609,0.176954,0.000000,524.149655,0.171489,0.682115,37.948209,38.709272,16,31.635587,38.837773,16
VA705_NB,110+51832,all_1_of_2,AM,2.000000,1.000000,30087,452.649600,0.371500,2.562550,865.466060,0.710323,4.983358,21.406929,22.986621,12,17.774337,22.982746,12
VA705_NB,110+51832,all_1_of_2,MD,2.000000,1.000000,30087,1013.654900,0.504800,0.000000,1314.778810,0.654787,6.838037,21.617443,22.641372,24,19.825005,23.775803,24
VA705_NB,110+51832,all_1_of_2,PM,2.000000,1.000000,30087,1106.863700,0.825300,0.000000,1187.565920,0.885503,3.767097,22.645664,24.100472,16,21.520536,24.945234,16
VA705_NB,110+51833,all_2_of_2,AM,3.000000,6.000000,30287;33521;30074;33536;33538;30070,702.762879,0.390474,2.670872,1091.495601,0.614013,4.250560,20.281147,22.428467,12,17.642067,22.427242,12
VA705_NB,110+51833,all_2_of_2,MD,3.000000,6.000000,30287;33521;30074;33536;33538;30070,1455.735934,0.466144,0.000000,1659.227619,0.533846,6.102598,21.052531,21.848118,24,19.975846,23.463186,24
VA705_NB,110+51833,all_2_of_2,PM,3.000000,6.000000,30287;33521;30074;33536;33538;30070,1398.400284,0.669618,0.000000,1541.895456,0.737013,3.915058,21.850395,22.507408,16,20.454266,23.662001,16
VA705_SB,110-51832,all_1_of_2,AM,4.000000,4.000000,30068;30071;33539;33535,735.428083,0.451812,0.000000,893.404692,0.548894,3.186779,22.189657,23.508850,12,20.594216,24.702158,12
VA705_SB,110-51832,all_1_of_2,MD,4.000000,4.000000,30068;30071;33539;33535,1756.934168,0.507086,0.000000,2081.811239,0.601722,6.188746,21.015493,22.183191,24,20.267085,23.770835,24
VA705_SB,110-51832,all_1_of_2,PM,4.000000,4.000000,30068;30071;33539;33535,2310.538080,0.955380,3.633541,2444.619420,1.010807,3.850912,19.889134,21.801194,16,19.541602,21.814918,16
VA705_SB,110-51831,all_2_of_2,AM,5.000000,3.000000,30073;33522;30286,569.930163,0.617030,0.000000,747.965198,0.808059,3.329181,21.890295,25.513648,12,20.416793,25.974859,12
VA705_SB,110-51831,all_2_of_2,MD,5.000000,3.000000,30073;33522;30286,1273.967080,0.694490,0.000000,1513.487922,0.826370,6.190238,21.271920,21.875282,24,20.558147,23.360803,24
VA705_SB,110-51831,all_2_of_2,PM,5.000000,3.000000,30073;33522;30286,1674.389577,1.420623,3.520286,1802.731943,1.529477,3.799574,19.558254,22.175841,16,19.111981,22.177767,16
VA705_WB,110-58161,only,AM,17.500000,4.000000,38041;37288;37270;5550,273.935744,0.127190,0.000000,277.574455,0.131364,0.338545,37.430395,39.008729,12,33.459387,39.118779,12
VA705_WB,110-58161,only,MD,17.500000,4.000000,38041;37288;37270;5550,736.274971,0.146733,0.000000,694.712648,0.137410,0.821407,36.924951,37.423604,24,31.477654,38.359373,24
VA705_WB,110-58161,only,PM,17.500000,4.000000,38041;37288;37270;5550,706.371304,0.226111,0.000000,713.745635,0.227115,0.907830,36.927626,38.294145,16,31.228012,38.379182,16
VA716_NB,110+10962,all_1_of_4,AM,2.000000,1.000000,28918,2761.811600,1.758900,0.000000,2580.866700,1.643687,2.502846,11.869048,13.051821,12,12.176557,15.969466,12
VA716_NB,110+10962,all_1_of_4,MD,2.000000,1.000000,28918,5077.175500,1.491700,0.000000,4644.130370,1.364499,5.149557,11.965633,13.055649,24,12.052542,16.219519,24
VA716_NB,110+10962,all_1_of_4,PM,2.000000,1.000000,28918,4264.045100,2.156600,3.786543,3254.935060,1.646198,2.865208,11.443301,12.276915,16,11.992151,13.309031,16
VA716_NB,110+10963,all_2_of_4,AM,4.000000,2.000000,28930;34149,2095.788546,1.100362,0.000000,2315.834641,1.215725,3.745600,15.875423,16.802583,12,16.072599,25.659078,12
VA716_NB,110+10963,all_2_of_4,MD,4.000000,2.000000,28930;34149,3737.837969,0.948908,0.000000,3753.555778,0.952912,5.852992,16.806889,17.399956,24,16.859173,24.911479,24
VA716_NB,110+10963,all_2_of_4,PM,4.000000,2.000000,28930;34149,3169.005400,1.196762,0.000000,3250.968225,1.227615,5.012105,16.949693,17.399517,16,17.063067,25.032661,16
VA716_NB,110P10963,all_3_of_4,AM,5.000000,1.000000,28924,2851.234300,2.993800,0.000000,2150.341310,2.257879,7.069479,15.757246,16.650955,12,15.954372,23.323734,12
VA716_NB,110P10963,all_3_of_4,MD,5.000000,1.000000,28924,4235.440500,2.154200,0.000000,3568.770510,1.815114,11.380963,16.655146,17.264936,24,16.703901,21.812949,24
VA716_NB,110P10963,all_3_of_4,PM,5.000000,1.000000,28924,3449.131200,2.602800,0.000000,2818.536130,2.126942,8.840102,16.806016,17.264494,16,16.918925,22.509427,16
VA716_NB,110+10982,all_4_of_4,AM,8.000000,2.000000,28722;34159,3046.340032,1.564220,0.000000,2615.058004,1.342504,2.335591,23.011015,29.201493,12,22.549120,29.357864,12
VA716_NB,110+10982,all_4_of_4,MD,8.000000,2.000000,28722;34159,5882.411596,1.547260,0.000000,5322.020740,1.399889,5.151973,21.902137,22.985309,24,21.949706,24.584308,24
VA716_NB,110+10982,all_4_of_4,PM,8.000000,2.000000,28722;34159,4807.102104,2.076368,3.849392,3638.319016,1.571722,2.886370,20.221224,22.644577,16,21.846669,22.641796,16
VA716_SB,110-10981,all_1_of_4,AM,4.000000,2.000000,28919;34158,2291.779264,1.137216,0.000000,2253.397868,1.118044,2.846054,27.683079,30.475428,12,25.140895,30.479412,12
VA716_SB,110-10981,all_1_of_4,MD,4.000000,2.000000,28919;34158,5999.088240,1.515992,0.000000,5228.040253,1.321203,4.976613,24.503320,27.668670,24,24.353974,28.029269,24
VA716_SB,110-10981,all_1_of_4,PM,4.000000,2.000000,28919;34158,6375.714216,3.111016,3.855470,4082.205381,1.990724,2.436384,21.135742,24.465169,16,23.488367,24.468572,16
VA716_SB,110N10963,all_2_of_4,AM,7.000000,1.000000,28697,1296.137200,1.298800,2.941518,1566.123540,1.569284,3.571870,13.484072,17.916398,12,12.257644,17.918147,12
VA716_SB,110N10963,all_2_of_4,MD,7.000000,1.000000,28697,3023.624500,1.526900,0.000000,3667.305420,1.851936,7.524952,16.225795,17.927207,24,14.380484,19.063581,24
VA716_SB,110N10963,all_2_of_4,PM,7.000000,1.000000,28697,3588.777500,3.027800,0.000000,3442.547120,2.904458,3.716060,16.224984,16.626936,16,14.702231,18.241517,16
VA716_SB,110-10962,all_3_of_4,AM,8.000000,2.000000,28927;34150,1226.039200,0.623338,0.000000,1834.755813,0.932762,4.075568,16.308063,17.625644,12,13.110167,18.383234,12
VA716_SB,110-10962,all_3_of_4,MD,8.000000,2.000000,28927;34150,2934.059315,0.717062,0.000000,3912.517148,0.955106,7.566103,15.091618,17.628542,24,13.487364,18.747762,24
VA716_SB,110-10962,all_3_of_4,PM,8.000000,2.000000,28927;34150,2803.580900,1.182046,3.442400,3600.706883,1.511474,4.491187,14.350097,16.075695,16,12.588733,16.084581,16
VA716_SB,110-10961,all_4_of_4,AM,10.000000,1.000000,28928,1949.776400,1.108800,0.000000,1973.997070,1.122568,2.850210,15.534325,16.622451,12,13.280710,17.669348,12
VA716_SB,110-10961,all_4_of_4,MD,10.000000,1.000000,28928,5216.977400,1.486700,0.000000,4563.356930,1.300400,4.961876,13.953357,16.624255,24,14.036111,19.228410,24
VA716_SB,110-10961,all_4_of_4,PM,10.000000,1.000000,28928,5838.063900,3.012000,0.000000,3931.330320,2.028244,2.550808,13.953836,15.336481,16,14.155606,20.361361,16
VA738_NB,110+10990,all_1_of_2,AM,11.000000,8.000000,30194;33718;30189;30188;33848;30326;32190;33878,1284.153175,0.905010,0.000000,1662.452903,1.151764,3.206871,28.905698,33.124976,12,28.973999,33.224339,12
VA738_NB,110+10990,all_1_of_2,MD,11.000000,8.000000,30194;33718;30189;30188;33848;30326;32190;33878,2636.313860,0.826832,0.000000,3865.178340,1.205495,9.301091,28.325010,28.888363,24,28.348097,30.006308,24
VA738_NB,110+10990,all_1_of_2,PM,11.000000,8.000000,30194;33718;30189;30188;33848;30326;32190;33878,5405.802190,3.856388,4.416941,2823.724463,1.947830,2.308895,28.346955,30.175902,16,28.406634,30.945588,16
VA738_NB,110+10991,all_2_of_2,AM,12.000000,6.000000,30331;33908;32229;33911;30396;33942,871.412592,0.412811,0.000000,1091.026540,0.512863,1.568561,36.470247,39.209769,12,34.883661,40.668948,12
VA738_NB,110+10991,all_2_of_2,MD,12.000000,6.000000,30331;33908;32229;33911;30396;33942,2494.942461,0.565501,0.000000,2612.489942,0.584221,3.559045,36.079606,36.458977,24,34.025025,38.721534,24
VA738_NB,110+10991,all_2_of_2,PM,12.000000,6.000000,30331;33908;32229;33911;30396;33942,2810.236752,0.890808,0.000000,2150.896605,0.662913,2.711303,36.083615,37.970166,16,33.130136,38.916180,16
VA738_SB,110-10990,all_1_of_2,AM,2.000000,6.000000,30392;33943;30395;33912;32228;33907,1666.011795,0.688845,0.000000,1567.868429,0.639120,1.960930,38.014823,42.598742,12,33.319543,42.719656,12
VA738_SB,110-10990,all_1_of_2,MD,2.000000,6.000000,30392;33943;30395;33912;32228;33907,3414.281705,0.724237,0.000000,2804.984873,0.577968,3.519904,36.603387,37.995162,24,34.038076,39.641579,24
VA738_SB,110-10990,all_1_of_2,PM,2.000000,6.000000,30392;33943;30395;33912;32228;33907,3051.533117,0.981939,0.000000,1765.963652,0.544031,2.219199,36.605486,38.119037,16,33.814534,39.842138,16
VA738_SB,110-10989,all_2_of_2,AM,3.000000,8.000000,30330;33879;32189;30327;33847;30187;30190;33719,3079.049521,2.183701,2.597992,1941.338879,1.370204,1.627191,27.674588,37.482496,12,29.062179,37.587198,12
VA738_SB,110-10989,all_2_of_2,MD,3.000000,8.000000,30330;33879;32189;30327;33847;30187;30190;33719,4033.714654,1.256756,0.000000,3854.621775,1.203584,6.688763,28.516939,29.058059,24,28.539538,30.991272,24
VA738_SB,110-10989,all_2_of_2,PM,3.000000,8.000000,30330;33879;32189;30327;33847;30187;30190;33719,3465.119148,1.717280,0.000000,2508.178810,1.251500,3.920264,28.522423,31.144624,16,28.582728,31.707443,16
VA784_EB,110-13177,corridor_start,AM,6.000000,1.000000,38283,2371.857300,0.693200,0.000000,2201.275390,0.643355,1.949524,34.666427,40.169007,12,31.262032,40.252911,12
VA784_EB,110-13177,corridor_start,MD,6.000000,1.000000,38283,4397.178400,0.644900,0.000000,4713.900880,0.691342,4.191064,34.545312,34.644469,24,30.396114,35.566704,24
VA784_EB,110-13177,corridor_start,PM,6.000000,1.000000,38283,2702.782000,0.643100,0.000000,3173.226320,0.755033,3.046129,32.919681,34.541622,16,30.405995,35.067945,16
VA784_EB,110-13176,behavior_diverse_2_of_5,AM,7.000000,5.000000,38861;40309;40395;39243;40391,3401.125653,1.004621,0.000000,3207.417071,0.946912,0.483564,32.932962,40.046081,12,33.097863,40.567831,12
VA784_EB,110-13176,behavior_diverse_2_of_5,MD,7.000000,5.000000,38861;40309;40395;39243;40391,5789.860739,0.763083,0.000000,6109.877878,0.805403,4.908873,32.904448,34.113573,24,29.788657,34.496073,24
VA784_EB,110-13176,behavior_diverse_2_of_5,PM,7.000000,5.000000,38861;40309;40395;39243;40391,3194.002271,0.913312,4.327929,3513.530764,1.005008,4.777554,28.310647,34.111922,16,27.900282,34.111316,16
VA784_EB,110N13175,behavior_diverse_3_of_5,AM,9.000000,1.000000,38974,2147.394900,0.466500,0.000000,1930.822270,0.419450,1.260313,40.072712,40.629094,12,32.479648,41.207136,12
VA784_EB,110N13175,behavior_diverse_3_of_5,MD,9.000000,1.000000,38974,5147.139400,0.441800,0.000000,6046.924800,0.519070,3.122590,40.071501,41.157184,24,31.354550,41.378089,24
VA784_EB,110N13175,behavior_diverse_3_of_5,PM,9.000000,1.000000,38974,3166.979200,0.391800,0.000000,4507.434080,0.557636,2.234120,39.571768,41.154610,16,31.364865,41.349982,16
VA784_EB,110-13174,behavior_diverse_4_of_5,AM,10.000000,1.000000,38970,2047.395700,0.938600,0.000000,2059.952640,0.944364,2.553275,29.553237,34.965454,12,29.627462,35.031246,12
VA784_EB,110-13174,behavior_diverse_4_of_5,MD,10.000000,1.000000,38970,5274.519100,1.077800,0.000000,5807.859380,1.186746,6.217723,27.388660,29.529496,24,27.414063,30.563348,24
VA784_EB,110-13174,behavior_diverse_4_of_5,PM,10.000000,1.000000,38970,3698.717800,1.036000,3.752358,4917.800290,1.377425,5.021910,26.585629,27.874071,16,25.077378,27.885729,16
VA784_EB,110-13173,corridor_end,AM,12.000000,1.000000,38425,1921.406000,0.632500,0.000000,1631.115600,0.536941,1.621247,35.059142,35.663531,12,31.757067,37.212762,12
VA784_EB,110-13173,corridor_end,MD,12.000000,1.000000,38425,5052.340600,0.719300,0.000000,4791.441410,0.682130,4.133729,34.818234,35.665189,24,30.444848,36.335363,24
VA784_EB,110-13173,corridor_end,PM,12.000000,1.000000,38425,3396.719300,0.651200,0.000000,4208.142580,0.806750,3.259740,34.519572,34.816717,16,30.205962,35.095139,16
VA784_WB,110+13174,corridor_start,AM,4.000000,1.000000,38207,1946.205000,0.805000,0.000000,2141.125730,0.885591,4.004481,24.130539,31.065923,12,23.235959,31.293020,12
VA784_WB,110+13174,corridor_start,MD,4.000000,1.000000,38207,7202.517200,1.620000,0.000000,5500.729980,1.237198,5.024857,24.102954,24.396178,24,24.174347,27.349577,24
VA784_WB,110+13174,corridor_start,PM,4.000000,1.000000,38207,3413.254800,1.130300,5.035655,3075.830080,1.018565,4.526996,22.737839,24.385272,16,23.393735,24.389915,16
VA784_WB,110+13175,behavior_diverse_2_of_5,AM,5.000000,1.000000,38426,1510.381800,0.614100,0.000000,1682.516480,0.684092,1.107839,32.280275,34.412613,12,32.473021,36.793043,12
VA784_WB,110+13175,behavior_diverse_2_of_5,MD,5.000000,1.000000,38426,6664.629200,1.229400,0.000000,5509.965330,1.016369,0.572155,31.330235,32.270818,24,31.385995,35.808042,24
VA784_WB,110+13175,behavior_diverse_2_of_5,PM,5.000000,1.000000,38426,2578.590600,0.777000,0.000000,2691.761720,0.811134,1.738203,31.330450,31.837513,16,31.446275,34.691682,16
VA784_WB,110P13175,behavior_diverse_3_of_5,AM,6.000000,1.000000,38971,1618.288400,0.308200,0.000000,1990.900020,0.379160,1.136980,40.778872,43.395966,12,32.768156,43.554340,12
VA784_WB,110P13175,behavior_diverse_3_of_5,MD,6.000000,1.000000,38971,5073.521600,0.498400,0.000000,5778.066890,0.567644,3.423013,32.535914,40.760047,24,31.047929,40.999019,24
VA784_WB,110P13175,behavior_diverse_3_of_5,PM,6.000000,1.000000,38971,4171.619200,0.788300,2.519243,5130.387210,0.969501,3.113017,28.349098,34.608000,16,27.369531,34.252213,16
VA784_WB,110+13176,behavior_diverse_4_of_5,AM,7.000000,1.000000,38976,1891.409000,0.590600,0.000000,2351.938720,0.734377,1.899778,28.865873,39.490394,12,29.046554,39.602991,12
VA784_WB,110+13176,behavior_diverse_4_of_5,MD,7.000000,1.000000,38976,5918.230400,0.558600,0.000000,6692.607420,0.631720,6.486757,17.470864,28.811776,24,17.538551,29.296908,24
VA784_WB,110+13176,behavior_diverse_4_of_5,PM,7.000000,1.000000,38976,4883.740300,0.940800,0.000000,6482.147460,1.248771,5.250092,17.462988,19.073386,16,13.828527,20.023218,16
VA784_WB,110+13178,corridor_end,AM,9.000000,1.000000,38860,1491.307700,0.526600,0.000000,1521.327640,0.537245,1.622183,31.792696,38.791757,12,31.692850,39.326613,12
VA784_WB,110+13178,corridor_end,MD,9.000000,1.000000,38860,4691.704800,0.826500,0.000000,3967.932860,0.699038,0.642460,30.017484,31.763079,24,30.077750,37.670054,24
VA784_WB,110+13178,corridor_end,PM,9.000000,1.000000,38860,3126.131400,0.917500,3.733511,3499.221920,1.026970,4.189938,30.038606,32.069313,16,30.035159,31.850633,16
VA789_EB,110+52379,all_1_of_2,AM,2.000000,2.000000,29909;35683,164.736000,0.059100,0.000000,529.963010,0.190159,8.306951,24.914430,27.245974,12,15.917286,27.666818,12
VA789_EB,110+52379,all_1_of_2,MD,2.000000,2.000000,29909;35683,514.330300,0.088800,0.000000,1641.255250,0.283235,15.226839,20.639478,24.900742,24,13.458704,25.438911,24
VA789_EB,110+52379,all_1_of_2,PM,2.000000,2.000000,29909;35683,625.908700,0.218600,4.023786,1082.150510,0.377967,7.081590,19.144106,22.230904,16,15.360516,22.212506,16
VA789_EB,110P52379,all_2_of_2,AM,3.000000,1.000000,35192,215.116600,0.077300,0.000000,606.937500,0.218229,7.337351,18.499592,20.123330,12,10.997305,20.932953,12
VA789_EB,110P52379,all_2_of_2,MD,3.000000,1.000000,35192,638.512200,0.115700,0.000000,1717.493770,0.311152,13.457983,16.678756,18.491242,24,10.031965,19.381536,24
VA789_EB,110P52379,all_2_of_2,PM,3.000000,1.000000,35192,704.638100,0.264000,3.995717,1121.126710,0.420025,6.454030,15.380385,17.694969,16,12.119906,17.681018,16
VA789_WB,110-52378,all_1_of_2,AM,1.000000,2.000000,35193;35682,3678.404300,2.065080,0.000000,2983.624510,1.675029,2.305680,25.841770,29.891301,12,23.674335,29.994699,12
VA789_WB,110-52378,all_1_of_2,MD,1.000000,2.000000,35193;35682,6895.311000,1.874600,0.000000,5910.076170,1.606717,4.642507,21.128934,25.820772,24,21.191359,26.701012,24
VA789_WB,110-52378,all_1_of_2,PM,1.000000,2.000000,35193;35682,5791.796700,2.713100,3.848662,4372.059570,2.048064,2.878842,19.632566,22.662122,16,21.159928,22.660297,16
VA789_WB,110N52379,all_2_of_2,AM,2.000000,1.000000,29209,3634.815400,2.037300,0.000000,2955.057620,1.656330,2.305982,25.792094,27.413558,12,25.623754,28.026867,12
VA789_WB,110N52379,all_2_of_2,MD,2.000000,1.000000,29209,6979.509900,1.900900,0.000000,5944.228030,1.618903,4.626412,25.693568,25.785562,24,25.201231,27.004883,24
VA789_WB,110N52379,all_2_of_2,PM,2.000000,1.000000,29209,5879.113600,2.622100,3.855731,4437.552730,1.979193,2.883848,23.424135,25.690470,16,24.412084,25.690767,16
VA7BR_EB,110P11445,corridor_start,AM,1.000000,1.000000,5189,95.584000,0.002700,0.000000,95.584000,0.002733,2.998835,18.815624,20.011946,12,18.051246,21.861043,12
VA7BR_EB,110P11445,corridor_start,MD,1.000000,1.000000,5189,155.113000,0.002300,0.000000,155.113000,0.002263,5.986636,17.771975,20.014640,24,17.104676,22.149459,24
VA7BR_EB,110P11445,corridor_start,PM,1.000000,1.000000,5189,87.662000,0.002500,3.979424,87.662000,0.002483,3.979424,14.471785,19.704447,16,14.531476,19.697309,16
VA7BR_EB,110+11447,behavior_diverse_2_of_5,AM,3.000000,2.000000,36557;37701,145.133281,0.061655,2.940166,144.176471,0.061348,2.892284,24.731542,28.243398,12,24.732281,28.244367,12
VA7BR_EB,110+11447,behavior_diverse_2_of_5,MD,3.000000,2.000000,36557;37701,313.536281,0.064532,0.000000,319.110246,0.065736,5.940243,24.699117,25.427968,24,24.774319,29.054563,24
VA7BR_EB,110+11447,behavior_diverse_2_of_5,PM,3.000000,2.000000,36557;37701,220.336148,0.065268,0.000000,213.552504,0.063216,3.603211,25.429605,25.832152,16,25.593135,30.123041,16
VA7BR_EB,110+11449,behavior_diverse_3_of_5,AM,6.000000,1.000000,36860,291.753500,0.071500,0.000000,276.590820,0.067798,0.200307,39.682944,41.802664,12,39.774694,44.650354,12
VA7BR_EB,110+11449,behavior_diverse_3_of_5,MD,6.000000,1.000000,36860,756.039700,0.085900,0.000000,729.073850,0.082810,0.489848,39.674821,40.399365,24,36.594826,44.877876,24
VA7BR_EB,110+11449,behavior_diverse_3_of_5,PM,6.000000,1.000000,36860,608.991900,0.104500,0.000000,589.443000,0.101119,0.402422,39.448469,40.397896,16,37.381455,44.411190,16
VA7BR_EB,110+11451,behavior_diverse_4_of_5,AM,7.000000,3.000000,36990;37401;36462,273.066862,0.131067,2.160230,301.655885,0.153063,2.363697,29.486724,35.718259,12,29.441594,35.456350,12
VA7BR_EB,110+11451,behavior_diverse_4_of_5,MD,7.000000,3.000000,36990;37401;36462,578.845927,0.129971,0.000000,659.676910,0.157684,6.238738,28.777815,29.650139,24,28.849580,34.969242,24
VA7BR_EB,110+11451,behavior_diverse_4_of_5,PM,7.000000,3.000000,36990;37401;36462,403.313499,0.155562,0.000000,408.112358,0.156882,4.024837,29.651461,29.850863,16,29.806750,35.273004,16
VA7BR_EB,110+11444,corridor_end,AM,12.000000,3.000000,36154;37351;38069,583.346541,0.318694,0.000000,106.282146,0.058027,0.169300,36.489831,41.290681,12,36.678124,48.347562,12
VA7BR_EB,110+11444,corridor_end,MD,12.000000,3.000000,36154;37351;38069,225.908494,0.058676,0.000000,8.419094,0.002119,0.011879,36.473544,40.168288,24,36.517790,49.192245,24
VA7BR_EB,110+11444,corridor_end,PM,12.000000,3.000000,36154;37351;38069,282.236724,0.110100,0.000000,34.452031,0.013321,0.051464,40.173184,40.716623,16,40.249069,48.987733,16
VA7BR_WB,110-11443,corridor_start,AM,7.000000,3.000000,36382;38070;37350,120.154771,0.061459,0.000000,34.354926,0.017447,0.049688,41.610257,43.853261,12,41.727799,48.940582,12
VA7BR_WB,110-11443,corridor_start,MD,7.000000,3.000000,36382;38070;37350,388.152959,0.091976,0.000000,74.873811,0.017684,0.101870,41.602022,42.719645,24,41.630208,49.057059,24
VA7BR_WB,110-11443,corridor_start,PM,7.000000,3.000000,36382;38070;37350,440.594471,0.158024,0.000000,194.065292,0.069561,0.275131,42.502303,42.720286,16,42.272032,48.037276,16
VA7BR_WB,110-11451,behavior_diverse_2_of_5,AM,11.000000,2.000000,36531;36470,267.679383,0.239549,0.000000,333.065296,0.297997,3.603223,20.480172,26.623634,12,20.759982,27.959101,12
VA7BR_WB,110-11451,behavior_diverse_2_of_5,MD,11.000000,2.000000,36531;36470,715.322426,0.306079,0.000000,955.346653,0.408615,7.146457,18.703002,20.453943,24,18.786671,23.456263,24
VA7BR_WB,110-11451,behavior_diverse_2_of_5,PM,11.000000,2.000000,36531;36470,708.721658,0.303495,3.733225,1393.344978,0.592405,7.585078,16.295024,21.474442,16,12.577073,21.472801,16
VA7BR_WB,110-11449,behavior_diverse_3_of_5,AM,12.000000,3.000000,36466;36464;37402,211.465522,0.128752,0.000000,228.181952,0.137493,1.656734,30.231966,35.036131,12,30.534291,41.760283,12
VA7BR_WB,110-11449,behavior_diverse_3_of_5,MD,12.000000,3.000000,36466;36464;37402,552.915212,0.136572,0.000000,700.777889,0.182197,6.924693,29.260899,30.211899,24,29.333913,35.479799,24
VA7BR_WB,110-11449,behavior_diverse_3_of_5,PM,12.000000,3.000000,36466;36464;37402,412.148872,0.152306,3.686336,573.938055,0.219838,5.192836,29.286588,34.981812,16,29.283005,34.318617,16
VA7BR_WB,110-11447,behavior_diverse_4_of_5,AM,15.000000,2.000000,36854;37346,278.866648,0.136661,0.000000,292.625262,0.143383,3.198768,26.161913,28.930304,12,26.410389,31.301961,12
VA7BR_WB,110-11447,behavior_diverse_4_of_5,MD,15.000000,2.000000,36854;37346,825.263833,0.180013,0.000000,844.190655,0.184436,6.031377,26.151232,26.830424,24,26.215983,30.165949,24
VA7BR_WB,110-11447,behavior_diverse_4_of_5,PM,15.000000,2.000000,36854;37346,852.286657,0.270941,3.900957,872.448258,0.277644,4.020061,26.679598,27.922501,16,26.678700,27.823020,16
VA7BR_WB,110-11445,corridor_end,AM,17.000000,1.000000,37700,16.470000,0.000400,0.000000,16.470000,0.000429,2.998908,20.256965,24.567221,12,16.660771,25.185910,12
VA7BR_WB,110-11445,corridor_end,MD,17.000000,1.000000,37700,52.824000,0.000900,0.000000,52.824000,0.000882,5.994487,20.240341,21.305923,24,16.912949,22.458732,24
VA7BR_WB,110-11445,corridor_end,PM,17.000000,1.000000,37700,40.946000,0.001000,3.950721,40.946000,0.001048,3.950721,16.540251,21.836794,16,16.582491,21.849683,16
VA7_EB,110+06720,corridor_start,AM,12.000000,1.000000,36578,3613.855600,0.500000,0.000000,3934.584720,0.544390,1.732835,66.211862,66.565348,12,31.925075,66.390141,12
VA7_EB,110+06720,corridor_start,MD,12.000000,1.000000,36578,3985.051000,0.242400,0.000000,3386.891360,0.205982,1.258039,64.053422,66.564246,24,41.056847,66.534963,24
VA7_EB,110+06720,corridor_start,PM,12.000000,1.000000,36578,2773.924000,0.284000,0.000000,2395.416500,0.245233,0.922289,62.214969,64.046777,16,43.779016,64.000200,16
VA7_EB,110P04252,behavior_diverse_2_of_5,AM,21.000000,1.000000,36823,2665.522300,0.931600,3.666015,4706.167970,1.644867,6.472609,19.627899,54.404073,12,14.027806,53.161041,12
VA7_EB,110P04252,behavior_diverse_2_of_5,MD,21.000000,1.000000,36823,5955.413800,0.503100,0.000000,5672.406740,0.479160,0.445127,31.265218,59.043221,24,31.400413,65.809369,24
VA7_EB,110P04252,behavior_diverse_2_of_5,PM,21.000000,1.000000,36823,3519.358200,0.273800,0.000000,3819.579350,0.297140,1.308575,59.072151,59.847628,16,35.021069,65.970796,16
VA7_EB,110-05711,behavior_diverse_3_of_5,AM,37.000000,3.000000,35908;37028;36926,17211.940730,4.280851,2.223236,7402.459688,1.841101,0.950914,27.434942,44.505799,12,28.599589,44.938006,12
VA7_EB,110-05711,behavior_diverse_3_of_5,MD,37.000000,3.000000,35908;37028;36926,21443.240947,2.716013,0.000000,15528.375900,1.967226,2.094156,19.794810,28.333234,24,19.909714,35.703618,24
VA7_EB,110-05711,behavior_diverse_3_of_5,PM,37.000000,3.000000,35908;37028;36926,13047.050908,2.334692,4.548052,10016.134611,1.792707,3.490142,19.987112,31.730561,16,20.008166,31.729772,16
VA7_EB,110-05709,behavior_diverse_4_of_5,AM,41.000000,2.000000,32930;33102,16308.786583,3.047500,2.562440,7535.509593,1.408098,1.180637,37.686011,49.359711,12,37.766490,49.893399,12
VA7_EB,110-05709,behavior_diverse_4_of_5,MD,41.000000,2.000000,32930;33102,19689.665265,1.666330,0.000000,14654.623130,1.240223,0.195417,37.684848,43.656013,24,37.753179,46.847155,24
VA7_EB,110-05709,behavior_diverse_4_of_5,PM,41.000000,2.000000,32930;33102,12078.140887,1.167904,0.000000,9399.825194,0.908948,0.420157,43.665971,45.435209,16,43.777947,47.711527,16
VA7_EB,110-06557,corridor_end,AM,88.000000,2.000000,27782;28611,441.349800,0.347333,2.621073,1123.551760,0.839472,8.638598,9.681853,12.174789,12,3.706829,12.126216,12
VA7_EB,110-06557,corridor_end,MD,88.000000,2.000000,27782;28611,1168.933500,0.519567,0.000000,2389.128743,1.032038,9.842596,10.684218,12.193420,24,7.218837,13.225203,24
VA7_EB,110-06557,corridor_end,PM,88.000000,2.000000,27782;28611,1222.625767,0.957667,0.000000,1714.372233,1.315854,5.013916,10.348565,10.681961,16,8.064630,12.164513,16
VA7_WB,110+06554,corridor_start,AM,2.000000,2.000000,27733;28612,455.106200,0.367133,0.000000,1153.421020,0.904582,6.691154,9.874534,10.851553,12,4.831748,11.198398,12
VA7_WB,110+06554,corridor_start,MD,2.000000,2.000000,27733;28612,1027.714300,0.421733,0.000000,2495.396647,0.984889,13.878131,10.855456,10.877357,24,5.152287,11.673401,24
VA7_WB,110+06554,corridor_start,PM,2.000000,2.000000,27733;28612,721.792267,0.536367,0.000000,1731.283613,1.163623,9.111788,10.368950,10.876197,16,4.268389,11.484564,16
VA7_WB,110+05711,behavior_diverse_2_of_5,AM,48.000000,1.000000,32936,7958.293600,0.849500,0.000000,6926.060550,0.739335,2.284160,43.745797,47.743245,12,31.687712,47.767004,12
VA7_WB,110+05711,behavior_diverse_2_of_5,MD,48.000000,1.000000,32936,19378.677600,1.011000,0.000000,16296.202150,0.850205,4.137186,25.419412,43.711319,24,25.499455,43.891757,24
VA7_WB,110+05711,behavior_diverse_2_of_5,PM,48.000000,1.000000,32936,21871.576300,4.674100,4.387931,11171.630860,2.387448,2.240908,13.459880,26.969691,16,14.941417,27.077773,16
VA7_WB,110+05718,behavior_diverse_3_of_5,AM,59.000000,4.000000,36247;36342;38044;36236,5526.254041,0.584747,0.000000,4816.129197,0.506700,1.568063,59.402739,59.490735,12,32.474546,59.358938,12
VA7_WB,110+05718,behavior_diverse_3_of_5,MD,59.000000,4.000000,36247;36342;38044;36236,14982.566332,0.747278,0.000000,12605.676986,0.626003,3.821570,44.760427,59.388071,24,32.278493,59.369940,24
VA7_WB,110+05718,behavior_diverse_3_of_5,PM,59.000000,4.000000,36247;36342;38044;36236,15851.533180,1.855201,1.575131,8829.648999,1.036499,0.872105,35.871216,55.370284,16,36.769885,55.370879,16
VA7_WB,110N04248,behavior_diverse_4_of_5,AM,61.000000,1.000000,36806,1724.660400,0.284600,0.000000,1170.839720,0.193182,0.602526,61.277899,61.787108,12,37.983772,61.646522,12
VA7_WB,110N04248,behavior_diverse_4_of_5,MD,61.000000,1.000000,36806,5995.941100,0.619600,0.000000,4182.291020,0.432181,0.148601,40.497951,61.255474,24,40.521205,61.241111,24
VA7_WB,110N04248,behavior_diverse_4_of_5,PM,61.000000,1.000000,36806,5063.141100,1.192800,2.910303,5217.391600,1.229187,2.999199,21.732858,58.206052,16,21.569630,58.205176,16
VA7_WB,110-06719,corridor_end,AM,74.000000,1.000000,37512,1645.315800,0.239200,0.000000,1227.854860,0.178537,0.550637,58.358816,59.405386,12,40.673459,59.387647,12
VA7_WB,110-06719,corridor_end,MD,74.000000,1.000000,37512,3570.795900,0.231800,0.000000,2981.273680,0.193538,1.177081,58.356763,60.619081,24,41.419415,60.611109,24
VA7_WB,110-06719,corridor_end,PM,74.000000,1.000000,37512,4716.461900,0.471100,0.000000,5295.720210,0.528991,2.148351,59.609735,60.619054,16,39.352598,60.595518,16
VA828_NB,110+11498,corridor_start,AM,2.000000,1.000000,30554,1956.760500,0.822900,0.000000,2434.523680,1.023870,3.140142,23.636028,25.339819,12,23.725546,26.588483,12
VA828_NB,110+11498,corridor_start,MD,2.000000,1.000000,30554,4019.461000,0.828600,0.000000,4110.993650,0.847484,5.185826,23.630577,25.231879,24,23.679846,26.773499,24
VA828_NB,110+11498,corridor_start,PM,2.000000,1.000000,30554,3387.952000,1.028900,0.000000,3912.387700,1.188132,4.845700,25.235369,26.071784,16,25.239894,26.597069,16
VA828_NB,110P11498,behavior_diverse_2_of_5,AM,3.000000,1.000000,31876,1725.589700,0.906000,0.000000,1912.556150,1.004144,3.285503,19.625235,22.012470,12,17.694394,22.622939,12
VA828_NB,110P11498,behavior_diverse_2_of_5,MD,3.000000,1.000000,31876,3591.103700,0.860800,0.000000,4015.522220,0.962482,6.827152,19.617392,21.654653,24,17.865742,22.419254,24
VA828_NB,110P11498,behavior_diverse_2_of_5,PM,3.000000,1.000000,31876,3022.375700,1.198100,3.764842,3435.572510,1.361906,4.297383,17.990082,22.808457,16,17.113176,22.805805,16
VA828_NB,110+11499,behavior_diverse_3_of_5,AM,4.000000,3.000000,31870;30491;32305,920.110749,0.444827,2.884842,1090.457066,0.528179,3.488754,23.790005,32.944004,12,22.568345,30.133703,12
VA828_NB,110+11499,behavior_diverse_3_of_5,MD,4.000000,3.000000,31870;30491;32305,2357.206243,0.620862,0.000000,2535.233196,0.668376,6.160662,25.881963,26.443569,24,24.565049,27.292717,24
VA828_NB,110+11499,behavior_diverse_3_of_5,PM,4.000000,3.000000,31870;30491;32305,2207.255084,0.760400,0.000000,2721.534575,0.937613,4.795265,26.444790,26.736626,16,22.811784,26.988929,16
VA828_NB,110+11501,behavior_diverse_4_of_5,AM,7.000000,3.000000,30999;29982;33991,854.178421,0.181389,0.000000,861.639181,0.182938,0.547130,35.133986,36.793041,12,35.237492,42.465178,12
VA828_NB,110+11501,behavior_diverse_4_of_5,MD,7.000000,3.000000,30999;29982;33991,2260.895780,0.230219,0.000000,2247.860391,0.228331,1.364014,35.465883,36.798612,24,33.011763,42.090826,24
VA828_NB,110+11501,behavior_diverse_4_of_5,PM,7.000000,3.000000,30999;29982;33991,2536.373486,0.343092,0.000000,2570.172959,0.347724,1.387525,35.465657,35.956302,16,32.197219,39.977505,16
VA828_NB,110+11503,corridor_end,AM,11.000000,3.000000,29975;32363;33115,1419.019194,0.576292,0.000000,1281.744506,0.518892,1.866672,30.394530,32.674854,12,30.600754,35.857639,12
VA828_NB,110+11503,corridor_end,MD,11.000000,3.000000,29975;32363;33115,3338.360678,0.791009,0.000000,3232.054966,0.764392,2.157760,29.812093,30.384876,24,29.873896,35.372214,24
VA828_NB,110+11503,corridor_end,PM,11.000000,3.000000,29975;32363;33115,3011.626597,0.917992,4.010983,3073.845013,0.935418,4.091694,29.518148,30.141341,16,29.448757,30.139697,16
VA828_SB,110-11502,corridor_start,AM,2.000000,3.000000,31011;33116;32362,1931.300226,0.630678,0.000000,2058.398479,0.672290,0.513908,34.192937,35.964485,12,34.364215,38.429505,12
VA828_SB,110-11502,corridor_start,MD,2.000000,3.000000,31011;33116;32362,3893.912960,0.600034,0.000000,3278.436935,0.503564,3.034635,33.742045,34.185439,24,31.356085,37.297742,24
VA828_SB,110-11502,corridor_start,PM,2.000000,3.000000,31011;33116;32362,2881.156792,0.655735,0.000000,2570.114458,0.583307,2.337124,33.742733,34.233044,16,31.220077,36.132255,16
VA828_SB,110-11500,behavior_diverse_2_of_5,AM,6.000000,3.000000,31005;33990;29981,2046.471368,0.361388,0.000000,2079.345130,0.367232,1.108735,36.076823,38.505803,12,32.046444,40.527185,12
VA828_SB,110-11500,behavior_diverse_2_of_5,MD,6.000000,3.000000,31005;33990;29981,2337.108087,0.216580,0.000000,2141.339914,0.198737,1.184343,36.041331,36.067148,24,33.332729,42.721695,24
VA828_SB,110-11500,behavior_diverse_2_of_5,PM,6.000000,3.000000,31005;33990;29981,1659.152495,0.252749,0.000000,1786.688999,0.272222,1.082283,34.724217,36.038394,16,32.859868,41.119081,16
VA828_SB,110-11499,behavior_diverse_3_of_5,AM,8.000000,3.000000,31000;30405;30998,1192.460942,0.405420,0.000000,1474.670519,0.500544,1.510568,34.544388,34.650940,12,28.820708,35.369471,12
VA828_SB,110-11499,behavior_diverse_3_of_5,MD,8.000000,3.000000,31000;30405;30998,1893.773642,0.466549,2.698713,2056.206298,0.506715,2.932606,30.521028,34.647684,24,30.472289,34.586401,24
VA828_SB,110-11499,behavior_diverse_3_of_5,PM,8.000000,3.000000,31000;30405;30998,1282.432556,0.487515,3.379614,1392.442686,0.529409,3.675436,30.278575,32.292633,16,30.218202,32.291169,16
VA828_SB,110N11498,behavior_diverse_4_of_5,AM,10.000000,1.000000,31871,1542.139600,0.798400,0.000000,2154.519290,1.115390,3.724139,21.481916,23.549931,12,19.346444,23.950324,12
VA828_SB,110N11498,behavior_diverse_4_of_5,MD,10.000000,1.000000,31871,3446.543500,0.968900,0.000000,3718.453610,1.045356,5.981923,19.741651,23.554652,24,17.730064,23.995014,24
VA828_SB,110N11498,behavior_diverse_4_of_5,PM,10.000000,1.000000,31871,3874.450200,1.504400,0.000000,4494.624020,1.745211,4.181450,19.751167,25.530237,16,18.613783,25.693444,16
VA828_SB,110-11497,corridor_end,AM,11.000000,1.000000,31875,1627.696000,0.918800,0.000000,2037.854860,1.150272,3.376320,19.544559,21.669167,12,18.329851,22.393992,12
VA828_SB,110-11497,corridor_end,MD,11.000000,1.000000,31875,3654.024300,1.114700,0.000000,3949.204590,1.204797,6.124692,19.024078,19.535588,24,17.999672,20.942466,24
VA828_SB,110-11497,corridor_end,PM,11.000000,1.000000,31875,3898.791700,1.706800,0.000000,4410.689940,1.930861,4.117440,19.031568,22.525953,16,18.010352,23.018195,16
VA846_NB,110P10108,all_1_of_5,AM,1.000000,1.000000,36784,796.503100,0.768000,0.000000,1157.021850,1.115631,3.496157,30.428371,31.528454,12,30.484267,32.021088,12
VA846_NB,110P10108,all_1_of_5,MD,1.000000,1.000000,36784,2742.775300,0.913500,0.000000,3345.655030,1.114345,6.839926,27.507799,30.420977,24,27.507000,31.172838,24
VA846_NB,110P10108,all_1_of_5,PM,1.000000,1.000000,36784,2556.413900,0.832100,3.879229,2352.504880,0.765771,3.562990,29.896144,30.186773,16,29.955631,30.445346,16
VA846_NB,110+10108,all_2_of_5,AM,1.500000,1.000000,35970,2194.684900,1.082400,0.000000,1996.276490,0.984577,3.005625,29.328422,29.478530,12,29.402664,31.071221,12
VA846_NB,110+10108,all_2_of_5,MD,1.500000,1.000000,35970,6775.351900,1.248200,0.000000,7117.247560,1.311137,6.772268,29.479177,29.527127,24,29.497722,31.278411,24
VA846_NB,110+10108,all_2_of_5,PM,1.500000,1.000000,35970,4546.003100,1.301900,0.000000,4308.370610,1.233828,3.814646,29.529799,30.714550,16,29.568645,32.289748,16
VA846_NB,110+10109,all_3_of_5,AM,2.000000,3.000000,36785;35845;37225,1539.643240,0.754704,0.000000,1597.637690,0.783054,3.069215,27.969674,32.111952,12,27.857529,32.491009,12
VA846_NB,110+10109,all_3_of_5,MD,2.000000,3.000000,36785;35845;37225,4735.473415,0.991422,0.000000,4808.355353,1.006517,6.116831,25.240310,27.950372,24,25.274244,29.187846,24
VA846_NB,110+10109,all_3_of_5,PM,2.000000,3.000000,36785;35845;37225,4271.176996,1.378516,4.060281,4443.508740,1.433745,4.233924,23.787243,26.180605,16,23.537139,26.190357,16
VA846_NB,110+10110,all_4_of_5,AM,3.000000,2.000000,37038;35896,1647.228115,0.828970,0.000000,1504.268885,0.756986,2.594734,26.488265,31.752265,12,26.642153,32.518039,12
VA846_NB,110+10110,all_4_of_5,MD,3.000000,2.000000,37038;35896,4494.417379,0.880418,0.000000,4358.593028,0.853812,6.058073,26.467786,27.543954,24,26.502372,29.263301,24
VA846_NB,110+10110,all_4_of_5,PM,3.000000,2.000000,37038;35896,3567.967582,0.969601,4.195319,3548.175094,0.964253,4.173154,25.612285,27.483457,16,25.640920,27.485593,16
VA846_NB,110+10111,all_5_of_5,AM,4.000000,5.000000,35901;37839;36350;37231;37376,2481.645956,1.089325,0.000000,1250.446629,0.548418,1.455576,29.652255,34.206448,12,29.874027,37.124548,12
VA846_NB,110+10111,all_5_of_5,MD,4.000000,5.000000,35901;37839;36350;37231;37376,5593.759011,1.069925,0.000000,3942.731113,0.755529,4.725868,29.634478,30.485956,24,29.689693,32.996475,24
VA846_NB,110+10111,all_5_of_5,PM,4.000000,5.000000,35901;37839;36350;37231;37376,3888.286574,1.185879,0.000000,2780.825726,0.847298,3.712691,29.446647,30.484416,16,29.504821,31.954820,16
VA846_SB,110-10110,all_1_of_5,AM,2.000000,5.000000,35909;37377;37230;36351;37838,2158.676085,0.793044,0.903598,1897.007151,0.695959,0.792473,32.369131,34.111963,12,32.367070,34.144129,12
VA846_SB,110-10110,all_1_of_5,MD,2.000000,5.000000,35909;37377;37230;36351;37838,6079.964714,1.419262,0.000000,4439.058407,1.034764,1.116355,31.061888,32.044677,24,31.118650,35.271067,24
VA846_SB,110-10110,all_1_of_5,PM,2.000000,5.000000,35909;37377;37230;36351;37838,3674.996163,1.164383,6.622422,2588.263584,0.819181,4.607282,30.113228,31.058134,16,30.128071,31.466004,16
VA846_SB,110-10109,all_2_of_5,AM,3.000000,1.000000,35898,2115.252600,0.958300,2.772872,2169.937260,0.983080,2.845621,26.942420,35.991677,12,26.919996,35.887854,12
VA846_SB,110-10109,all_2_of_5,MD,3.000000,1.000000,35898,5314.170100,0.925400,0.000000,5069.215330,0.882763,6.053301,26.641444,27.191947,24,26.676508,29.902143,24
VA846_SB,110-10109,all_2_of_5,PM,3.000000,1.000000,35898,3329.098400,0.893700,0.000000,3330.389400,0.894044,4.037430,26.640953,26.672322,16,26.713620,28.335631,16
VA846_SB,110-10108,all_3_of_5,AM,4.000000,3.000000,35897;37039;37224,2403.325932,0.955797,0.000000,2534.082078,1.008818,3.224190,30.365885,31.552027,12,29.555738,31.952627,12
VA846_SB,110-10108,all_3_of_5,MD,4.000000,3.000000,35897;37039;37224,5129.254035,1.024311,0.000000,5007.299805,1.001127,6.096586,28.138911,30.358868,24,28.163485,31.322034,24
VA846_SB,110-10108,all_3_of_5,PM,4.000000,3.000000,35897;37039;37224,2939.891724,0.890554,4.018578,3125.940235,0.947884,4.274132,28.141199,28.494313,16,28.091950,28.493098,16
VA846_SB,110-58059,all_4_of_5,AM,4.500000,1.000000,36782,4195.419100,1.802500,0.000000,3899.135010,1.675245,5.173532,19.300524,22.709468,12,19.501879,28.028977,12
VA846_SB,110-58059,all_4_of_5,MD,4.500000,1.000000,36782,7574.012200,1.308300,0.000000,8409.492190,1.452620,8.983396,22.723639,23.335305,24,22.766610,26.996299,24
VA846_SB,110-58059,all_4_of_5,PM,4.500000,1.000000,36782,3489.459900,0.950500,0.000000,3623.939700,0.987111,4.007050,23.339136,24.779417,16,23.428105,29.419019,16
VA846_SB,110N10108,all_5_of_5,AM,5.000000,2.000000,35844;36787,1618.192569,0.631046,0.000000,1568.377748,0.607001,1.840973,26.100446,28.291641,12,26.322306,33.909148,12
VA846_SB,110N10108,all_5_of_5,MD,5.000000,2.000000,35844;36787,3637.910208,0.642862,0.000000,3079.197358,0.523805,3.166931,28.301764,29.652564,24,28.353001,35.769712,24
VA846_SB,110N10108,all_5_of_5,PM,5.000000,2.000000,35844;36787,2069.889069,0.537562,0.000000,2065.855399,0.521628,2.095041,29.657114,31.077505,16,29.758393,36.150752,16
VA9_NB,110+11427,corridor_start,AM,1.000000,1.000000,36820,525.646600,0.283000,0.000000,548.302120,0.295204,0.892234,27.548506,28.041519,12,27.931916,43.367751,12
VA9_NB,110+11427,corridor_start,MD,1.000000,1.000000,36820,822.380200,0.263800,0.000000,629.431700,0.201885,1.207052,27.119992,27.546100,24,27.217357,46.589980,24
VA9_NB,110+11427,corridor_start,PM,1.000000,1.000000,36820,582.858800,0.146300,0.000000,1569.050540,0.393828,1.599826,26.679668,27.118577,16,26.900959,40.509377,16
VA9_NB,110P11426,behavior_diverse_2_of_5,AM,1.500000,1.000000,36380,679.843800,0.483600,2.073673,159.013140,0.113101,0.466830,9.731310,13.173434,12,9.986303,22.464431,12
VA9_NB,110P11426,behavior_diverse_2_of_5,MD,1.500000,1.000000,36380,428.633400,0.565300,0.000000,200.060090,0.263869,1.954502,9.691618,17.917909,24,9.839280,39.039475,24
VA9_NB,110P11426,behavior_diverse_2_of_5,PM,1.500000,1.000000,36380,477.556400,0.227600,0.000000,1126.197390,0.536786,7.839232,17.929985,19.648150,16,17.744154,22.003505,16
VA9_NB,110+11432,behavior_diverse_3_of_5,AM,7.000000,1.000000,36513,1618.884800,1.147800,0.000000,1407.687260,0.998045,2.652469,24.664694,29.794185,12,20.942389,29.833814,12
VA9_NB,110+11432,behavior_diverse_3_of_5,MD,7.000000,1.000000,36513,4535.577100,0.201200,0.000000,3660.785160,0.162375,5.002366,10.820600,24.630110,24,10.919129,26.469673,24
VA9_NB,110+11432,behavior_diverse_3_of_5,PM,7.000000,1.000000,36513,5116.282000,3.924100,4.156904,2710.564210,2.078939,2.140348,8.308225,14.282891,16,10.831583,14.561537,16
VA9_NB,110+11433,behavior_diverse_4_of_5,AM,8.000000,2.000000,36517;36420,1876.116716,1.372909,0.000000,1664.509482,1.218034,2.670469,16.768325,19.155947,12,17.109674,23.149679,12
VA9_NB,110+11433,behavior_diverse_4_of_5,MD,8.000000,2.000000,36517;36420,5232.814193,1.941884,0.000000,4431.872176,1.644664,5.205238,14.048151,16.756003,24,14.162954,21.703948,24
VA9_NB,110+11433,behavior_diverse_4_of_5,PM,8.000000,2.000000,36517;36420,6007.872580,4.055547,4.147684,3772.595220,2.546634,2.584890,13.853420,15.174486,16,14.075953,16.886312,16
VA9_NB,110+59234,corridor_end,AM,8.000500,3.000000,36523;36993;37282,1936.576925,0.757705,0.000000,1708.067622,0.668330,2.063903,45.058009,45.649707,12,33.665680,45.712348,12
VA9_NB,110+59234,corridor_end,MD,8.000500,3.000000,36523;36993;37282,4835.136373,0.846796,0.000000,3961.248483,0.693769,4.236062,44.477409,45.055053,24,34.689357,45.184429,24
VA9_NB,110+59234,corridor_end,PM,8.000500,3.000000,36523;36993;37282,5296.057726,1.475650,0.000000,3371.925614,0.939552,3.871009,42.703920,44.472886,16,32.830784,44.440262,16
VA9_SB,110-11432,corridor_start,AM,2.000000,2.000000,36520;36419,4385.552871,3.835811,0.000000,2705.390562,2.366267,1.913794,13.511369,13.700119,12,14.046586,22.958666,12
VA9_SB,110-11432,corridor_start,MD,2.000000,2.000000,36520;36419,5985.853549,2.101589,0.000000,4735.682184,1.662695,4.881612,13.512986,15.854251,24,13.645156,21.163746,24
VA9_SB,110-11432,corridor_start,PM,2.000000,2.000000,36520;36419,3789.559602,2.262231,0.000000,3114.126023,1.859021,3.352801,15.859926,17.336728,16,16.106479,22.427008,16
VA9_SB,110-59233,behavior_diverse_2_of_5,AM,2.000500,3.000000,49277;37281;36992,3674.505078,2.444932,2.871763,2384.362161,1.586553,1.842386,29.747671,47.797404,12,30.779785,47.811070,12
VA9_SB,110-59233,behavior_diverse_2_of_5,MD,2.000500,3.000000,49277;37281;36992,5282.475246,0.890447,0.000000,4123.126791,0.695057,4.244053,47.245269,47.785882,24,34.695150,47.816202,24
VA9_SB,110-59233,behavior_diverse_2_of_5,PM,2.000500,3.000000,49277;37281;36992,3586.709520,0.921824,0.000000,2800.992905,0.719870,2.953081,46.026809,47.242012,16,33.820709,47.268113,16
VA9_SB,110-11428,behavior_diverse_3_of_5,AM,6.000000,1.000000,36482,3673.551300,2.551800,1.262151,1381.895260,0.959906,0.462728,35.330901,41.208114,12,36.306315,42.016845,12
VA9_SB,110-11428,behavior_diverse_3_of_5,MD,6.000000,1.000000,36482,4318.124700,0.834700,0.000000,3444.082520,0.665754,4.062138,36.273630,39.544241,24,34.781802,40.599572,24
VA9_SB,110-11428,behavior_diverse_3_of_5,PM,6.000000,1.000000,36482,2651.519300,0.842300,0.000000,2025.333620,0.643403,2.634581,39.550403,40.831508,16,34.151479,41.475633,16
VA9_SB,110N11426,behavior_diverse_4_of_5,AM,8.500000,1.000000,36819,213.044200,0.099300,0.000000,1554.137330,0.724179,17.624549,12.192964,19.774640,12,3.602973,19.955163,12
VA9_SB,110N11426,behavior_diverse_4_of_5,MD,8.500000,1.000000,36819,598.267800,0.625600,0.000000,269.303590,0.281619,1.997009,12.168792,19.508785,24,12.308352,39.371811,24
VA9_SB,110N11426,behavior_diverse_4_of_5,PM,8.500000,1.000000,36819,401.339300,0.251300,0.000000,193.026020,0.120871,1.564562,19.520332,21.390639,16,19.783404,40.047774,16
VA9_SB,110-11426,corridor_end,AM,9.000000,1.000000,36813,3288.608600,2.650300,0.000000,2136.900630,1.722114,1.953022,9.796683,16.955025,12,10.356231,23.567015,12
VA9_SB,110-11426,corridor_end,MD,9.000000,1.000000,36813,5425.337800,0.498100,0.000000,4310.866700,0.395753,5.054974,9.779590,22.285746,24,9.917610,25.168518,24
VA9_SB,110-11426,corridor_end,PM,9.000000,1.000000,36813,3579.192200,1.831600,0.000000,2608.014890,1.334580,3.315342,22.299380,22.900408,16,22.498763,28.096602,16
