run_id,episode_id,detector,aggregation_mode,sensor_uid,tmc_code,corridor,link_id,network_link_id,network_from_node_id,network_to_node_id,network_link_type,network_mapping_status,direction,road_order,length_mi,lanes,lanes_source,capacity_source,reference_speed_source,date,weekday,period,t0_hour,t2_hour,t3_hour,P_hr,duration_min,threshold_used,freeflow_speed_mph,min_speed_mph,mean_speed_mph,episode_demand,qdf,plf,qdf_episode_demand,qdf_period_demand,qdf_clip_start_hour,qdf_clip_end_hour,qdf_period_start_hour,qdf_period_end_hour,qdf_period_duration_hours,qdf_integration_rule,capacity_reference_hours,capacity_volume_veh_per_lane,demand_capacity_ratio,demand_capacity_basis,flow_synthetic,demand_is_proxy,per_lane_hourly_capacity,mu_obs_vphpl,discharge_duration_min,discharge_window_valid,is_valid_for_mu,magnitude,severity,regime_label
corridor-c57b283951aa450bb1c3ce0cbc587d35,state_transition__I395_NB::110+04121__Weekday__0001,state_transition,multiday_average,I395_NB::110+04121,110+04121,I395_NB,5,29007,34114,35496,301.0,mapped_primary_link,NORTHBOUND,1.0,0.27347,4.0,mapped_network,mapped_network,inrix_reference_speed,Weekday,0,AM,6.25,8.0,11.0,5.0,300.0,45.60535,65.15050000000001,21.22434782608696,31.929170242800677,8605.916020963561,0.9088230889524812,0.3667747192883675,4639.648875843903,5105.117742102711,6.25,9.0,6.0,9.0,3.0,episode_period_overlap_over_period_total,3.0,6000.0,1.4343193368272602,episode_demand_over_period_capacity,True,True,2000.0,1682.3368731179098,165.0,True,True,1.148727978531629,4181.359533879165,severe
corridor-c57b283951aa450bb1c3ce0cbc587d35,state_transition__I395_NB::110+04121__Weekday__0002,state_transition,multiday_average,I395_NB::110+04121,110+04121,I395_NB,5,29007,34114,35496,301.0,mapped_primary_link,NORTHBOUND,1.0,0.27347,4.0,mapped_network,mapped_network,inrix_reference_speed,Weekday,0,PM,14.0,17.25,19.25,5.5,330.0,45.60535,65.15050000000001,20.43840909090909,29.72362513474668,9383.155930536424,1.0,0.25,6598.626211222909,6598.626211222909,15.0,19.0,15.0,19.0,4.0,episode_period_overlap_over_period_total,4.0,8000.0,1.172894491317053,episode_demand_over_period_capacity,True,True,2000.0,1624.1419692810828,105.0,True,True,1.2313551801977116,5247.604357707512,severe
corridor-c57b283951aa450bb1c3ce0cbc587d35,state_transition__I395_NB::110+04123__Weekday__0004,state_transition,multiday_average,I395_NB::110+04123,110+04123,I395_NB,3,28025,32154,32248,201.0,mapped_primary_link,NORTHBOUND,5.0,0.924456,4.0,mapped_network,mapped_network,inrix_reference_speed,Weekday,0,AM,6.5,7.75,9.5,3.25,195.0,47.06379999999999,67.234,26.57318181818182,35.84095162084292,5320.921373135578,0.8256874816581284,0.4037039930215972,4033.841923150261,4885.434274781039,6.5,9.0,6.0,9.0,3.0,episode_period_overlap_over_period_total,3.0,5700.0,0.9334949777430838,episode_demand_over_period_capacity,True,True,1900.0,1568.8808628800598,90.0,True,True,0.7711014180393763,2265.197955674759,recurring
corridor-c57b283951aa450bb1c3ce0cbc587d35,state_transition__I395_NB::110+04124__Weekday__0006,state_transition,multiday_average,I395_NB::110+04124,110+04124,I395_NB,9,27878,32112,32260,201.0,mapped_primary_link,NORTHBOUND,7.0,0.3436,4.0,mapped_network,mapped_network,inrix_reference_speed,Weekday,0,AM,6.5,7.75,9.5,3.25,195.0,46.92869999999999,67.041,30.386136363636364,38.848452619843926,5638.494243353191,0.8336283487030692,0.3998584427364089,4288.3924681924345,5144.249802521916,6.5,9.0,6.0,9.0,3.0,episode_period_overlap_over_period_total,3.0,5700.0,0.9892095163777528,episode_demand_over_period_capacity,True,True,1900.0,1689.8850048407555,90.0,True,True,0.5444115513205032,1719.904249999999,recurring
corridor-c57b283951aa450bb1c3ce0cbc587d35,state_transition__I395_NB::110+04124__Weekday__0007,state_transition,multiday_average,I395_NB::110+04124,110+04124,I395_NB,9,27878,32112,32260,201.0,mapped_primary_link,NORTHBOUND,7.0,0.3436,4.0,mapped_network,mapped_network,inrix_reference_speed,Weekday,0,PM,17.0,17.75,18.5,1.75,105.0,46.92869999999999,67.041,40.77340909090909,44.25783102766798,2976.178811054792,0.3639412883779927,0.6869239846739997,2543.502614315793,6988.771803418161,17.0,18.5,15.0,19.0,4.0,episode_period_overlap_over_period_total,4.0,7600.0,0.3916024751387884,episode_demand_over_period_capacity,True,True,1900.0,1680.5807563461458,30.0,True,True,0.1509633618166919,352.99457015810214,recurring
corridor-c57b283951aa450bb1c3ce0cbc587d35,state_transition__I395_NB::110+04129__Weekday__0010,state_transition,multiday_average,I395_NB::110+04129,110+04129,I395_NB,1,26825,30449,30281,101.0,mapped_primary_link,NORTHBOUND,19.0,0.135112,3.0,mapped_network,mapped_network,inrix_reference_speed,Weekday,0,AM,7.0,8.5,10.0,3.25,195.0,38.69949999999999,55.28499999999999,17.655,26.946245385049732,4998.265800330681,0.6378525837889409,0.5225867885543127,3051.0059109057484,4783.246142521382,7.0,9.0,6.0,9.0,3.0,episode_period_overlap_over_period_total,3.0,5700.0,0.8768887369001194,episode_demand_over_period_capacity,True,True,1900.0,1452.1728491745407,75.0,True,True,1.191985273293684,2333.548873517785,severe
corridor-c57b283951aa450bb1c3ce0cbc587d35,state_transition__I395_NB::110+04129__Weekday__0011,state_transition,multiday_average,I395_NB::110+04129,110+04129,I395_NB,1,26825,30449,30281,101.0,mapped_primary_link,NORTHBOUND,19.0,0.135112,3.0,mapped_network,mapped_network,inrix_reference_speed,Weekday,0,PM,13.75,17.25,20.0,6.5,390.0,38.69949999999999,55.28499999999999,12.727826086956522,21.873902401945884,9262.4333507963,1.0,0.25,5288.812944758391,5288.812944758391,15.0,19.0,15.0,19.0,4.0,episode_period_overlap_over_period_total,4.0,7600.0,1.218741230367934,episode_demand_over_period_capacity,True,True,1900.0,1428.027466249596,150.0,True,True,2.040542802486848,6598.185266798417,severe
corridor-c57b283951aa450bb1c3ce0cbc587d35,state_transition__I395_NB::110P04120__Weekday__0014,state_transition,multiday_average,I395_NB::110P04120,110P04120,I395_NB,22,32581,35488,34114,201.0,mapped_primary_link,NORTHBOUND,2.0,1.621245,3.0,mapped_network,mapped_network,inrix_reference_speed,Weekday,0,AM,6.5,8.25,10.25,4.0,240.0,45.88622499999999,65.55174999999998,15.798409090909091,30.75328045595709,6169.680316782276,0.8089224406157944,0.412070819891685,3774.6601331773454,4666.281887672538,6.5,9.0,6.0,9.0,3.0,episode_period_overlap_over_period_total,3.0,5700.0,1.082400055575838,episode_demand_over_period_capacity,True,True,1900.0,1531.1390862035355,105.0,True,True,1.904483909484556,3720.2457169678128,severe
corridor-c57b283951aa450bb1c3ce0cbc587d35,state_transition__I395_NB::110P04120__Weekday__0015,state_transition,multiday_average,I395_NB::110P04120,110P04120,I395_NB,22,32581,35488,34114,201.0,mapped_primary_link,NORTHBOUND,2.0,1.621245,3.0,mapped_network,mapped_network,inrix_reference_speed,Weekday,0,PM,14.5,17.5,19.0,4.75,285.0,45.88622499999999,65.55174999999998,17.733478260869564,31.842601067887102,7382.754752905567,1.0,0.25,6082.462091697181,6082.462091697181,15.0,19.0,15.0,19.0,4.0,episode_period_overlap_over_period_total,4.0,7600.0,0.971415099066522,episode_demand_over_period_capacity,True,True,1900.0,1610.888602449049,75.0,True,True,1.5875479319390975,4119.019362577637,severe
corridor-c57b283951aa450bb1c3ce0cbc587d35,state_transition__I395_NB::110P04121__Weekday__0017,state_transition,multiday_average,I395_NB::110P04121,110P04121,I395_NB,20,32601,35496,35241,301.0,mapped_primary_link,NORTHBOUND,2.0,0.647875,4.0,mapped_network,mapped_network,inrix_reference_speed,Weekday,0,PM,15.0,17.0,19.0,4.25,255.0,46.11915,65.8845,38.98704545454546,42.42163708827404,8288.180870796099,1.0,0.25,7802.930894278935,7802.930894278935,15.0,19.0,15.0,19.0,4.0,episode_period_overlap_over_period_total,4.0,8000.0,1.0360226088495124,episode_demand_over_period_capacity,True,True,2000.0,1942.021044317789,75.0,True,True,0.1829352407268145,873.5061225296438,recurring
corridor-c57b283951aa450bb1c3ce0cbc587d35,state_transition__I395_NB::110P04122__Weekday__0018,state_transition,multiday_average,I395_NB::110P04122,110P04122,I395_NB,21,28275,32241,32154,201.0,mapped_primary_link,NORTHBOUND,4.0,0.586105,4.0,mapped_network,mapped_network,inrix_reference_speed,Weekday,0,AM,6.75,8.5,9.5,3.0,180.0,47.39962499999999,67.71374999999999,38.40775,43.53467393068888,5049.200451505445,0.7446663845843264,0.4476277434215059,3743.642525259624,5027.274767276261,6.75,9.0,6.0,9.0,3.0,episode_period_overlap_over_period_total,3.0,5700.0,0.8858246406149903,episode_demand_over_period_capacity,True,True,1900.0,1669.9797722075546,30.0,True,True,0.2341161614517901,927.2947275550528,recurring
corridor-c57b283951aa450bb1c3ce0cbc587d35,state_transition__I395_NB::110P04123__Weekday__0019,state_transition,multiday_average,I395_NB::110P04123,110P04123,I395_NB,18,28285,32248,32253,201.0,mapped_primary_link,NORTHBOUND,6.0,0.596275,4.0,mapped_network,mapped_network,inrix_reference_speed,Weekday,0,AM,6.5,8.25,9.5,3.25,195.0,45.814999999999976,65.44999999999997,30.026304347826088,37.16686150805716,5662.440631445126,0.8304436120225323,0.401391892848095,4294.180363773186,5170.947553338123,6.5,9.0,6.0,9.0,3.0,episode_period_overlap_over_period_total,3.0,5700.0,0.9934106370956362,episode_demand_over_period_capacity,True,True,1900.0,1762.9707583039235,60.0,True,True,0.5258288022820563,1764.4833498023677,recurring
corridor-c57b283951aa450bb1c3ce0cbc587d35,state_transition__I395_NB::110P04123__Weekday__0020,state_transition,multiday_average,I395_NB::110P04123,110P04123,I395_NB,18,28285,32248,32253,201.0,mapped_primary_link,NORTHBOUND,6.0,0.596275,4.0,mapped_network,mapped_network,inrix_reference_speed,Weekday,0,PM,17.0,17.75,18.5,1.75,105.0,45.814999999999976,65.44999999999997,41.25659090909091,44.436102484472045,3072.5498520344213,0.366643243109039,0.6818617408030359,2624.7536205860324,7158.876291647452,17.0,18.5,15.0,19.0,4.0,episode_period_overlap_over_period_total,4.0,7600.0,0.404282875267687,episode_demand_over_period_capacity,True,True,1900.0,1728.242082280185,30.0,True,True,0.1104892331252851,236.51131422924723,recurring
corridor-c57b283951aa450bb1c3ce0cbc587d35,state_transition__I395_NB::110P04124__Weekday__0021,state_transition,multiday_average,I395_NB::110P04124,110P04124,I395_NB,19,26756,30397,30362,201.0,mapped_primary_link,NORTHBOUND,8.0,0.704235,4.0,mapped_network,mapped_network,inrix_reference_speed,Weekday,0,AM,6.5,8.0,9.25,3.0,180.0,46.95425,67.0775,35.35152173913043,41.04413866930172,5384.969102615126,0.8402503818711485,0.396707148875119,4474.609478370652,5325.328705482015,6.5,9.0,6.0,9.0,3.0,episode_period_overlap_over_period_total,3.0,5700.0,0.9447314215114256,episode_demand_over_period_capacity,True,True,1900.0,1792.331417078176,60.0,True,True,0.3282101502302956,1149.77949604743,recurring
corridor-c57b283951aa450bb1c3ce0cbc587d35,state_transition__I395_NB::110P04124__Weekday__0022,state_transition,multiday_average,I395_NB::110P04124,110P04124,I395_NB,19,26756,30397,30362,201.0,mapped_primary_link,NORTHBOUND,8.0,0.704235,4.0,mapped_network,mapped_network,inrix_reference_speed,Weekday,0,PM,16.75,17.5,18.5,2.0,120.0,46.95425,67.0775,41.24652173913044,44.85869565217392,3502.939618228767,0.435322432771279,0.5742869679572692,3063.1342780552227,7036.47238796125,16.75,18.5,15.0,19.0,4.0,episode_period_overlap_over_period_total,4.0,7600.0,0.4609131076616798,episode_demand_over_period_capacity,True,True,1900.0,1714.353474651027,45.0,True,True,0.1383808384369695,342.24880434782546,recurring
corridor-c57b283951aa450bb1c3ce0cbc587d35,state_transition__I395_NB::110P04128__Weekday__0024,state_transition,multiday_average,I395_NB::110P04128,110P04128,I395_NB,15,26297,30207,30449,101.0,mapped_primary_link,NORTHBOUND,18.0,0.19736,3.0,mapped_network,mapped_network,inrix_reference_speed,Weekday,0,AM,7.0,8.5,10.0,3.25,195.0,40.516,57.88,18.90636363636364,30.507065217391307,4937.977931420383,0.6358981344248017,0.5241929725660356,3008.076412806869,4730.437549605031,7.0,9.0,6.0,9.0,3.0,episode_period_overlap_over_period_total,3.0,5700.0,0.8663119177930497,episode_demand_over_period_capacity,True,True,1900.0,1485.5936404283684,75.0,True,True,1.1429821608885895,2078.942964426877,severe
corridor-c57b283951aa450bb1c3ce0cbc587d35,state_transition__I395_NB::110P04128__Weekday__0025,state_transition,multiday_average,I395_NB::110P04128,110P04128,I395_NB,15,26297,30207,30449,101.0,mapped_primary_link,NORTHBOUND,18.0,0.19736,3.0,mapped_network,mapped_network,inrix_reference_speed,Weekday,0,PM,14.0,17.5,19.75,6.0,360.0,40.516,57.88,16.69840909090909,27.076281595065563,8989.274172086498,1.0,0.25,5730.2220445094645,5730.2220445094645,15.0,19.0,15.0,19.0,4.0,episode_period_overlap_over_period_total,4.0,7600.0,1.182799233169276,episode_demand_over_period_capacity,True,True,1900.0,1514.6296944791295,120.0,True,True,1.426338927224967,4917.468625776397,severe
corridor-c57b283951aa450bb1c3ce0cbc587d35,state_transition__I395_NB::110P04670__Weekday__0027,state_transition,multiday_average,I395_NB::110P04670,110P04670,I395_NB,23,26230,30187,30207,101.0,mapped_primary_link,NORTHBOUND,16.0,0.319695,3.0,mapped_network,mapped_network,inrix_reference_speed,Weekday,0,AM,7.25,8.75,9.75,2.75,165.0,42.4683,60.669,27.09978260869565,35.958070555926284,4436.141279206669,0.5730697250830267,0.5816627868188986,2861.3818452863,4993.078014846695,7.25,9.0,6.0,9.0,3.0,episode_period_overlap_over_period_total,3.0,5700.0,0.7782703998608193,episode_demand_over_period_capacity,True,True,1900.0,1603.461850106439,45.0,True,True,0.5671085120207928,1179.623640880858,recurring
corridor-c57b283951aa450bb1c3ce0cbc587d35,state_transition__I395_NB::110P04670__Weekday__0028,state_transition,multiday_average,I395_NB::110P04670,110P04670,I395_NB,23,26230,30187,30207,101.0,mapped_primary_link,NORTHBOUND,16.0,0.319695,3.0,mapped_network,mapped_network,inrix_reference_speed,Weekday,0,PM,15.75,17.5,19.25,3.75,225.0,42.4683,60.669,38.639047619047616,41.430610477445256,6492.055810414983,0.808996002812232,0.3090250126464778,5625.048175192649,6953.122333903821,15.75,19.0,15.0,19.0,4.0,episode_period_overlap_over_period_total,4.0,7600.0,0.8542178697914452,episode_demand_over_period_capacity,True,True,1900.0,1726.0747009903416,90.0,True,True,0.0991031771462376,269.1199469226428,recurring
corridor-9aabadb8fbde44b68fb87099d057628f,state_transition__I395_SB::110-04122__Weekday__0001,state_transition,multiday_average,I395_SB::110-04122,110-04122,I395_SB,18,28289,32251,32247,201.0,mapped_primary_link,SOUTHBOUND,37.0,0.922212,4.0,mapped_network,mapped_network,inrix_reference_speed,Weekday,0,PM,15.0,15.75,18.5,3.75,225.0,45.927,65.61,32.43659090909091,38.45111178555744,6625.18757901368,0.8718692484650263,0.2867402428060615,6171.933111845472,7078.9663962933655,15.0,18.5,15.0,19.0,4.0,episode_period_overlap_over_period_total,4.0,7600.0,0.8717352077649579,episode_demand_over_period_capacity,True,True,1900.0,1768.51856023882,150.0,True,True,0.4159009536087892,1725.8182573404856,recurring
corridor-9aabadb8fbde44b68fb87099d057628f,state_transition__I395_SB::110-04123__Weekday__0002,state_transition,multiday_average,I395_SB::110-04123,110-04123,I395_SB,19,28307,32263,32259,201.0,mapped_primary_link,SOUTHBOUND,35.0,0.122184,4.0,mapped_network,mapped_network,inrix_reference_speed,Weekday,0,PM,15.0,15.5,18.25,3.5,210.0,43.71219999999999,62.44599999999999,31.40642857142857,38.51198185268837,6141.420155087302,0.8071154325221833,0.3097450376072803,5681.813344876422,7039.653952745178,15.0,18.25,15.0,19.0,4.0,episode_period_overlap_over_period_total,4.0,7600.0,0.8080815993535924,episode_demand_over_period_capacity,True,True,1900.0,1783.2569020867213,120.0,True,True,0.3918233300734606,1031.4219678147922,recurring
corridor-9aabadb8fbde44b68fb87099d057628f,state_transition__I395_SB::110-04124__Weekday__0003,state_transition,multiday_average,I395_SB::110-04124,110-04124,I395_SB,20,26764,30404,30400,201.0,mapped_primary_link,SOUTHBOUND,33.0,0.223822,4.0,mapped_network,mapped_network,inrix_reference_speed,Weekday,0,PM,15.0,17.25,18.5,3.75,225.0,43.148,61.64,30.339565217391304,34.68218065750674,6561.204031498092,0.8682774555706863,0.287926397715445,6096.065505854109,7020.872725351821,15.0,18.5,15.0,19.0,4.0,episode_period_overlap_over_period_total,4.0,7600.0,0.8633163199339595,episode_demand_over_period_capacity,True,True,1900.0,1720.2103883482846,60.0,True,True,0.4221693584213466,1988.206357989836,recurring
corridor-9aabadb8fbde44b68fb87099d057628f,state_transition__I395_SB::110-04125__Weekday__0004,state_transition,multiday_average,I395_SB::110-04125,110-04125,I395_SB,21,26781,30416,30412,201.0,mapped_primary_link,SOUTHBOUND,31.0,0.075065,4.0,mapped_network,mapped_network,inrix_reference_speed,Weekday,0,PM,15.0,16.0,18.5,3.75,225.0,45.67605,65.25150000000001,29.970227272727275,34.660621541501975,6403.383081646327,0.8649008585714798,0.2890504703775117,5936.331934263853,6863.598151664044,15.0,18.5,15.0,19.0,4.0,episode_period_overlap_over_period_total,4.0,7600.0,0.8425504054797799,episode_demand_over_period_capacity,True,True,1900.0,1660.6634845444146,135.0,True,True,0.5240475016872805,2521.5826897233205,recurring
corridor-9aabadb8fbde44b68fb87099d057628f,state_transition__I395_SB::110N04120__Weekday__0006,state_transition,multiday_average,I395_SB::110N04120,110N04120,I395_SB,8,32604,35499,35491,301.0,mapped_primary_link,SOUTHBOUND,34.0,1.301767,4.0,mapped_network,mapped_network,inrix_reference_speed,Weekday,0,PM,16.0,17.0,17.75,2.0,120.0,45.96655,65.6665,42.926956521739136,46.1460210803689,3618.798944336472,0.4325238653517367,0.5780027878847684,3161.1242858607966,7308.554600311152,16.0,17.75,15.0,19.0,4.0,episode_period_overlap_over_period_total,4.0,8000.0,0.452349868042059,episode_demand_over_period_capacity,True,True,2000.0,1817.689159165735,30.0,True,True,0.0708085018028601,85.60604347826072,recurring
corridor-9aabadb8fbde44b68fb87099d057628f,state_transition__I395_SB::110N04123__Weekday__0008,state_transition,multiday_average,I395_SB::110N04123,110N04123,I395_SB,4,28302,32259,32256,201.0,mapped_primary_link,SOUTHBOUND,36.0,0.76605,4.0,mapped_network,mapped_network,inrix_reference_speed,Weekday,0,PM,15.0,15.5,18.0,3.25,195.0,45.136,64.48,27.106136363636367,34.79165101038618,5369.226296282536,0.7356996483592133,0.3398125859616216,4927.028709142227,6697.065467043083,15.0,18.0,15.0,19.0,4.0,episode_period_overlap_over_period_total,4.0,7600.0,0.7064771442477021,episode_demand_over_period_capacity,True,True,1900.0,1659.9349492534786,105.0,True,True,0.6651580068250227,1784.097612930548,recurring
corridor-9aabadb8fbde44b68fb87099d057628f,state_transition__I395_SB::110N04124__Weekday__0009,state_transition,multiday_average,I395_SB::110N04124,110N04124,I395_SB,5,28312,32266,32263,201.0,mapped_primary_link,SOUTHBOUND,34.0,0.59288,4.0,mapped_network,mapped_network,inrix_reference_speed,Weekday,0,PM,15.0,15.5,18.5,3.75,225.0,43.428,62.04,31.39913043478261,36.8855433588151,6579.233890640677,0.8707526901842304,0.2871079272199618,6120.51409920008,7028.992466167547,15.0,18.5,15.0,19.0,4.0,episode_period_overlap_over_period_total,4.0,7600.0,0.8656886698211417,episode_demand_over_period_capacity,True,True,1900.0,1781.3810746201386,135.0,True,True,0.3830956271289707,1388.1640993788812,recurring
corridor-9aabadb8fbde44b68fb87099d057628f,state_transition__I395_SB::110N04125__Weekday__0010,state_transition,multiday_average,I395_SB::110N04125,110N04125,I395_SB,6,26776,30412,30409,201.0,mapped_primary_link,SOUTHBOUND,32.0,0.539375,4.0,mapped_network,mapped_network,inrix_reference_speed,Weekday,0,PM,15.0,17.25,18.5,3.75,225.0,44.56269999999999,63.661,29.135652173913044,34.59911901624945,6424.375224224911,0.8656941875277766,0.2887855822550252,5958.07112553967,6882.420156423309,15.0,18.5,15.0,19.0,4.0,episode_period_overlap_over_period_total,4.0,7600.0,0.8453125295032777,episode_demand_over_period_capacity,True,True,1900.0,1689.849758936197,60.0,True,True,0.5294903897809344,2316.587764822133,recurring
corridor-9aabadb8fbde44b68fb87099d057628f,state_transition__I395_SB::110N04126__Weekday__0011,state_transition,multiday_average,I395_SB::110N04126,110N04126,I395_SB,7,26788,30421,30416,201.0,mapped_primary_link,SOUTHBOUND,30.0,0.626954,4.0,mapped_network,mapped_network,inrix_reference_speed,Weekday,0,PM,14.5,17.5,19.0,4.75,285.0,45.906,65.58,29.393863636363637,36.06771297066778,8161.259544861838,1.0,0.25,6813.252006893452,6813.252006893452,15.0,19.0,15.0,19.0,4.0,episode_period_overlap_over_period_total,4.0,7600.0,1.0738499401133996,episode_demand_over_period_capacity,True,True,1900.0,1749.3204750516657,75.0,True,True,0.5617545406044862,2952.5143132411067,recurring
corridor-9aabadb8fbde44b68fb87099d057628f,state_transition__I395_SB::110N04127__Weekday__0012,state_transition,multiday_average,I395_SB::110N04127,110N04127,I395_SB,1,26806,30435,30430,201.0,mapped_primary_link,SOUTHBOUND,28.0,1.063231,3.0,mapped_network,mapped_network,inrix_reference_speed,Weekday,0,PM,15.0,17.0,19.0,4.25,255.0,42.5201,60.743,21.03391304347826,28.286006659580828,6403.493457862154,1.0,0.25,5969.063265637997,5969.063265637997,15.0,19.0,15.0,19.0,4.0,episode_period_overlap_over_period_total,4.0,7600.0,0.8425649286660729,episode_demand_over_period_capacity,True,True,1900.0,1439.6102726424024,105.0,True,True,1.0215021290669313,3773.463874929418,severe
corridor-6bc008372d2f480db35095cd1ef3a7b0,state_transition__I495_CCW::110-04605__Weekday__0001,state_transition,multiday_average,I495_CCW::110-04605,110-04605,I495_CCW,30,32695,35568,35572,401.0,mapped_primary_link,COUNTERCLOCKWISE,16.0,0.62044,4.0,mapped_network,mapped_network,inrix_reference_speed,Weekday,0,PM,14.0,16.25,19.25,5.5,330.0,47.8933,68.419,33.95391304347826,39.22833410331433,10462.650693143403,1.0,0.25,7542.740183054339,7542.740183054339,15.0,19.0,15.0,19.0,4.0,episode_period_overlap_over_period_total,4.0,8000.0,1.3078313366429255,episode_demand_over_period_capacity,True,True,2000.0,1892.4787942437429,165.0,True,True,0.4105384536584116,2924.681050254093,recurring
corridor-6bc008372d2f480db35095cd1ef3a7b0,state_transition__I495_CCW::110-04606__Weekday__0002,state_transition,multiday_average,I495_CCW::110-04606,110-04606,I495_CCW,31,32686,35560,35025,201.0,mapped_primary_link,COUNTERCLOCKWISE,14.0,0.16653,5.0,mapped_network,mapped_network,inrix_reference_speed,Weekday,0,PM,13.25,16.0,19.75,6.75,405.0,47.124,67.32,18.82090909090909,27.75271205847293,10494.44040341175,1.0,0.25,5844.029992289337,5844.029992289337,15.0,19.0,15.0,19.0,4.0,episode_period_overlap_over_period_total,4.0,7600.0,1.380847421501546,episode_demand_over_period_capacity,True,True,1900.0,1453.3798640912023,210.0,True,True,1.5038110418779884,7850.375479954827,severe
corridor-6bc008372d2f480db35095cd1ef3a7b0,state_transition__I495_CCW::110-04607__Weekday__0003,state_transition,multiday_average,I495_CCW::110-04607,110-04607,I495_CCW,25,31722,35035,35544,201.0,mapped_primary_link,COUNTERCLOCKWISE,12.0,0.528008,5.0,mapped_network,mapped_network,inrix_reference_speed,Weekday,0,PM,13.5,16.25,19.5,6.25,375.0,46.1657,65.951,15.210681818181818,25.10866181065312,9151.509876087142,1.0,0.25,5452.864374169569,5452.864374169569,15.0,19.0,15.0,19.0,4.0,episode_period_overlap_over_period_total,4.0,7600.0,1.2041460363272556,episode_demand_over_period_capacity,True,True,1900.0,1379.5209041695005,180.0,True,True,2.0350841962137847,7915.825929700731,severe
corridor-6bc008372d2f480db35095cd1ef3a7b0,state_transition__I495_CCW::110-04608__Weekday__0004,state_transition,multiday_average,I495_CCW::110-04608,110-04608,I495_CCW,26,32651,35532,35536,201.0,mapped_primary_link,COUNTERCLOCKWISE,10.0,0.845509,4.0,mapped_network,mapped_network,inrix_reference_speed,Weekday,0,PM,14.0,16.75,19.25,5.5,330.0,45.752,65.36,25.023043478260867,33.635401996389646,9323.419552993204,1.0,0.25,6616.163082729283,6616.163082729283,15.0,19.0,15.0,19.0,4.0,episode_period_overlap_over_period_total,4.0,7600.0,1.2267657306570006,episode_demand_over_period_capacity,True,True,1900.0,1681.5380220789011,135.0,True,True,0.8283946970618388,4100.495602060982,recurring
corridor-6bc008372d2f480db35095cd1ef3a7b0,state_transition__I495_CCW::110-04609__Weekday__0005,state_transition,multiday_average,I495_CCW::110-04609,110-04609,I495_CCW,27,32642,35524,35037,101.0,mapped_primary_link,COUNTERCLOCKWISE,8.0,0.110644,5.0,mapped_network,mapped_network,inrix_reference_speed,Weekday,0,PM,16.25,17.5,18.75,2.75,165.0,44.317,63.31,30.78525,38.17641489571035,4550.107702099417,0.6092910596621222,0.4103129301431661,4106.666347645367,6740.073208890819,16.25,18.75,15.0,19.0,4.0,episode_period_overlap_over_period_total,4.0,7600.0,0.5986983818551864,episode_demand_over_period_capacity,True,True,1900.0,1645.2990825687468,60.0,True,True,0.4395530327023493,1087.4648030773574,recurring
corridor-6bc008372d2f480db35095cd1ef3a7b0,state_transition__I495_CCW::110-04646__Weekday__0007,state_transition,multiday_average,I495_CCW::110-04646,110-04646,I495_CCW,18,32339,35309,35644,301.0,mapped_primary_link,COUNTERCLOCKWISE,26.0,1.106386,4.0,mapped_network,mapped_network,inrix_reference_speed,Weekday,0,PM,14.0,16.25,19.25,5.5,330.0,47.85865,68.3695,24.967391304347824,32.645600296442694,9364.923598177707,1.0,0.25,6683.323711352696,6683.323711352696,15.0,19.0,15.0,19.0,4.0,episode_period_overlap_over_period_total,4.0,8000.0,1.1706154497722134,episode_demand_over_period_capacity,True,True,2000.0,1669.8721290412786,165.0,True,True,0.916846234218546,4683.102841897233,recurring
corridor-6bc008372d2f480db35095cd1ef3a7b0,state_transition__I495_CCW::110-04647__Weekday__0009,state_transition,multiday_average,I495_CCW::110-04647,110-04647,I495_CCW,19,31673,35014,35310,201.0,mapped_primary_link,COUNTERCLOCKWISE,24.0,0.867862,4.0,mapped_network,mapped_network,inrix_reference_speed,Weekday,0,PM,14.0,16.0,19.0,5.25,315.0,48.566,69.38,16.635714285714286,31.92876028053804,7783.536372861895,1.0,0.25,5638.391464066009,5638.391464066009,15.0,19.0,15.0,19.0,4.0,episode_period_overlap_over_period_total,4.0,7600.0,1.0241495227449862,episode_demand_over_period_capacity,True,True,1900.0,1441.0688907513,135.0,True,True,1.9193817088879344,4838.708320046657,severe
corridor-6bc008372d2f480db35095cd1ef3a7b0,state_transition__I495_CCW::110-04648__Weekday__0011,state_transition,multiday_average,I495_CCW::110-04648,110-04648,I495_CCW,20,33035,35770,35016,401.0,mapped_primary_link,COUNTERCLOCKWISE,22.0,0.710195,4.0,mapped_network,mapped_network,inrix_reference_speed,Weekday,0,PM,14.25,15.75,18.0,4.0,240.0,47.488,67.84,33.86625,38.542451813358745,6732.421209450831,0.7438673076747917,0.3360814454683583,4959.781028718318,6667.561509352774,15.0,18.0,15.0,19.0,4.0,episode_period_overlap_over_period_total,4.0,8000.0,0.8415526511813539,episode_demand_over_period_capacity,True,True,2000.0,1621.056741483374,120.0,True,True,0.4022219761562027,2182.89699957651,recurring
corridor-6bc008372d2f480db35095cd1ef3a7b0,state_transition__I495_CCW::110N04606__Weekday__0012,state_transition,multiday_average,I495_CCW::110N04606,110N04606,I495_CCW,6,31698,35025,35027,201.0,mapped_primary_link,COUNTERCLOCKWISE,15.0,0.61498,4.0,mapped_network,mapped_network,inrix_reference_speed,Weekday,0,PM,13.5,15.75,20.0,6.75,405.0,47.22795,67.4685,23.18260869565217,32.73405357927096,11204.454262511064,1.0,0.25,6346.504654803478,6346.504654803478,15.0,19.0,15.0,19.0,4.0,episode_period_overlap_over_period_total,4.0,7600.0,1.474270297698824,episode_demand_over_period_capacity,True,True,1900.0,1584.8299061173211,240.0,True,True,1.037214647411853,6014.3667243083,severe
corridor-6bc008372d2f480db35095cd1ef3a7b0,state_transition__I495_CCW::110N04607__Weekday__0013,state_transition,multiday_average,I495_CCW::110N04607,110N04607,I495_CCW,7,31707,35029,35031,201.0,mapped_primary_link,COUNTERCLOCKWISE,13.0,0.922436,4.0,mapped_network,mapped_network,inrix_reference_speed,Weekday,0,PM,13.5,16.25,19.75,6.5,390.0,47.1128,67.304,16.664347826086956,26.28215579710145,9738.699719769367,1.0,0.25,5607.018597579143,5607.018597579143,15.0,19.0,15.0,19.0,4.0,episode_period_overlap_over_period_total,4.0,7600.0,1.2814078578643904,episode_demand_over_period_capacity,True,True,1900.0,1426.041224489301,195.0,True,True,1.8271613441870171,8163.90671541502,severe
corridor-6bc008372d2f480db35095cd1ef3a7b0,state_transition__I495_CCW::110N04608__Weekday__0014,state_transition,multiday_average,I495_CCW::110N04608,110N04608,I495_CCW,2,31717,35033,35035,301.0,mapped_primary_link,COUNTERCLOCKWISE,11.0,0.853124,4.0,mapped_network,mapped_network,inrix_reference_speed,Weekday,0,PM,13.75,16.25,19.5,6.0,360.0,46.77224999999999,66.8175,11.59282608695652,23.967095484061392,8281.667230821919,1.0,0.25,5081.874633553435,5081.874633553435,15.0,19.0,15.0,19.0,4.0,episode_period_overlap_over_period_total,4.0,8000.0,1.0352084038527398,episode_demand_over_period_capacity,True,True,2000.0,1313.829785462165,150.0,True,True,3.0345856695482585,7612.075733342742,severe
corridor-6bc008372d2f480db35095cd1ef3a7b0,state_transition__I495_CCW::110N04609__Weekday__0015,state_transition,multiday_average,I495_CCW::110N04609,110N04609,I495_CCW,3,31726,35037,35039,101.0,mapped_primary_link,COUNTERCLOCKWISE,9.0,0.835772,4.0,mapped_network,mapped_network,inrix_reference_speed,Weekday,0,PM,14.25,17.0,19.0,5.0,300.0,45.96585,65.6655,28.27434782608696,36.812475677452575,8219.098855256732,1.0,0.25,6477.33716267646,6477.33716267646,15.0,19.0,15.0,19.0,4.0,episode_period_overlap_over_period_total,4.0,7600.0,1.0814603756916754,episode_demand_over_period_capacity,True,True,1900.0,1623.8731968086045,75.0,True,True,0.6257085851363196,2499.2906913114057,recurring
corridor-6bc008372d2f480db35095cd1ef3a7b0,state_transition__I495_CCW::110N04610__Weekday__0016,state_transition,multiday_average,I495_CCW::110N04610,110N04610,I495_CCW,11,31735,35041,35043,101.0,mapped_primary_link,COUNTERCLOCKWISE,7.0,0.513282,4.0,mapped_network,mapped_network,inrix_reference_speed,Weekday,0,PM,16.5,17.25,18.5,2.25,135.0,43.56239999999999,62.23199999999999,37.413260869565214,41.12923243302591,3730.1212403951777,0.4902336874755452,0.509960874552243,3297.528580408012,6726.442234903545,16.5,18.5,15.0,19.0,4.0,episode_period_overlap_over_period_total,4.0,7600.0,0.4908054263677865,episode_demand_over_period_capacity,True,True,1900.0,1631.6779810773355,60.0,True,True,0.1643572088482923,387.6270148221335,recurring
corridor-6bc008372d2f480db35095cd1ef3a7b0,state_transition__I495_CCW::110N04645__Weekday__0018,state_transition,multiday_average,I495_CCW::110N04645,110N04645,I495_CCW,12,28238,32225,32219,201.0,mapped_primary_link,COUNTERCLOCKWISE,29.0,1.03678,3.0,mapped_network,mapped_network,inrix_reference_speed,Weekday,0,PM,13.5,17.0,20.0,6.75,405.0,46.732,66.76,11.584347826086956,23.64145375494071,9154.029347603986,1.0,0.25,4707.929237179071,4707.929237179071,15.0,19.0,15.0,19.0,4.0,episode_period_overlap_over_period_total,4.0,7600.0,1.2044775457373669,episode_demand_over_period_capacity,True,True,1900.0,1267.7393737986004,165.0,True,True,3.0340639543612067,8767.582885375494,severe
corridor-6bc008372d2f480db35095cd1ef3a7b0,state_transition__I495_CCW::110N04646__Weekday__0019,state_transition,multiday_average,I495_CCW::110N04646,110N04646,I495_CCW,13,28731,34028,34027,201.0,mapped_primary_link,COUNTERCLOCKWISE,27.0,0.99271,2.0,mapped_network,mapped_network,inrix_reference_speed,Weekday,0,PM,13.75,16.5,19.75,6.25,375.0,48.07285,68.6755,11.467608695652174,22.985512271786185,8226.57604347591,1.0,0.25,4724.609807084679,4724.609807084679,15.0,19.0,15.0,19.0,4.0,episode_period_overlap_over_period_total,4.0,7600.0,1.0824442162468304,episode_demand_over_period_capacity,True,True,1900.0,1224.652181002647,180.0,True,True,3.192055316486891,9466.527511716544,severe
corridor-6bc008372d2f480db35095cd1ef3a7b0,state_transition__I495_CCW::110N04647__Weekday__0020,state_transition,multiday_average,I495_CCW::110N04647,110N04647,I495_CCW,14,32340,35310,35309,201.0,mapped_primary_link,COUNTERCLOCKWISE,25.0,0.514018,4.0,mapped_network,mapped_network,inrix_reference_speed,Weekday,0,PM,14.25,16.5,19.25,5.25,315.0,48.385575,69.12225000000001,17.625,29.467714097496703,7921.849256677185,1.0,0.25,5768.036559800616,5768.036559800616,15.0,19.0,15.0,19.0,4.0,episode_period_overlap_over_period_total,4.0,7600.0,1.0423485864048927,episode_demand_over_period_capacity,True,True,1900.0,1453.8592192179249,150.0,True,True,1.7452808510638298,6038.442629940712,severe
corridor-6bc008372d2f480db35095cd1ef3a7b0,state_transition__I495_CCW::110N04648__Weekday__0022,state_transition,multiday_average,I495_CCW::110N04648,110N04648,I495_CCW,15,31677,35016,35014,201.0,mapped_primary_link,COUNTERCLOCKWISE,23.0,0.640843,4.0,mapped_network,mapped_network,inrix_reference_speed,Weekday,0,PM,14.0,16.25,18.5,4.75,285.0,48.46974999999999,69.24249999999999,22.86886363636364,36.30325163029639,7230.599417985276,0.8684890771428574,0.2878562397381511,5142.443116083517,5921.137353852568,15.0,18.5,15.0,19.0,4.0,episode_period_overlap_over_period_total,4.0,7600.0,0.9513946602612204,episode_demand_over_period_capacity,True,True,1900.0,1510.5118051834663,90.0,True,True,1.119464734702801,3268.2913629305453,severe
corridor-a21417dab29a472bb8bf5e668aa5221d,state_transition__I495_CW::110+04604__Weekday__0001,state_transition,multiday_average,I495_CW::110+04604,110+04604,I495_CW,8,32094,35216,35599,301.0,mapped_primary_link,CLOCKWISE,69.0,1.431013,5.0,mapped_network,mapped_network,inrix_reference_speed,Weekday,0,AM,6.75,8.5,10.0,3.5,210.0,46.6669,66.667,26.68260869565217,36.39523424013874,6209.09124182586,0.7454263019709841,0.4471714137963278,3935.760201518294,5279.878361028766,6.75,9.0,6.0,9.0,3.0,episode_period_overlap_over_period_total,3.0,6000.0,1.0348485403043102,episode_demand_over_period_capacity,True,True,2000.0,1790.0824085553672,75.0,True,True,0.7489631741893432,2276.0122900903434,recurring
corridor-a21417dab29a472bb8bf5e668aa5221d,state_transition__I495_CW::110+04605__Weekday__0002,state_transition,multiday_average,I495_CW::110+04605,110+04605,I495_CW,13,32710,35583,35147,201.0,mapped_primary_link,CLOCKWISE,71.0,0.959256,4.0,mapped_network,mapped_network,inrix_reference_speed,Weekday,0,AM,6.25,8.25,11.0,5.0,300.0,46.96999999999999,67.1,24.33826086956521,32.87300889328064,8324.156966342032,0.9155118922173302,0.3640950337914392,4515.461692691519,4932.171532753404,6.25,9.0,6.0,9.0,3.0,episode_period_overlap_over_period_total,3.0,5700.0,1.460378415147725,episode_demand_over_period_capacity,True,True,1900.0,1649.0593903528784,150.0,True,True,0.9298831683875808,4354.483695652171,recurring
corridor-a21417dab29a472bb8bf5e668aa5221d,state_transition__I495_CW::110+04606__Weekday__0003,state_transition,multiday_average,I495_CW::110+04606,110+04606,I495_CW,12,32702,35575,35571,401.0,mapped_primary_link,CLOCKWISE,73.0,0.678201,4.0,mapped_network,mapped_network,inrix_reference_speed,Weekday,0,AM,6.25,7.5,11.5,5.5,330.0,46.13105,65.9015,33.68630434782609,38.34059365535649,10515.657512359776,0.9177973330154332,0.3631883873950288,5265.519818103221,5737.126954600422,6.25,9.0,6.0,9.0,3.0,episode_period_overlap_over_period_total,3.0,6000.0,1.752609585393296,episode_demand_over_period_capacity,True,True,2000.0,1909.1877262713451,225.0,True,True,0.3694304226333755,2637.640832862788,recurring
corridor-a21417dab29a472bb8bf5e668aa5221d,state_transition__I495_CW::110+04611__Weekday__0010,state_transition,multiday_average,I495_CW::110+04611,110+04611,I495_CW,21,32633,35519,35169,101.0,mapped_primary_link,CLOCKWISE,83.0,0.292075,5.0,mapped_network,mapped_network,inrix_reference_speed,Weekday,0,MD,9.0,14.25,19.25,10.5,630.0,43.38145,61.9735,14.892391304347823,27.63871926339706,15174.223854855898,1.0,0.1666666666666666,8589.10355370305,8589.10355370305,9.0,15.0,9.0,15.0,6.0,episode_period_overlap_over_period_total,6.0,11400.0,1.3310722679698157,episode_demand_over_period_capacity,True,True,1900.0,1456.418448283624,285.0,True,True,1.912994233997518,10049.432348249573,severe
corridor-a21417dab29a472bb8bf5e668aa5221d,state_transition__I495_CW::110+04612__Weekday__0011,state_transition,multiday_average,I495_CW::110+04612,110+04612,I495_CW,20,32757,35615,35171,301.0,mapped_primary_link,CLOCKWISE,85.0,0.867653,5.0,mapped_network,mapped_network,inrix_reference_speed,Weekday,0,PM,9.5,16.25,19.75,10.5,630.0,45.402,64.86,9.969130434782608,29.08518541224132,15998.083839947469,1.0,0.25,4866.616161055563,4866.616161055563,15.0,19.0,15.0,19.0,4.0,episode_period_overlap_over_period_total,4.0,8000.0,1.9997604799934332,episode_demand_over_period_capacity,True,True,2000.0,1235.7512852574964,195.0,True,True,3.554258798900955,10314.03630293619,severe
corridor-a21417dab29a472bb8bf5e668aa5221d,state_transition__I495_CW::110+04613__Weekday__0012,state_transition,multiday_average,I495_CW::110+04613,110+04613,I495_CW,19,32759,35623,35627,501.0,mapped_primary_link,CLOCKWISE,87.0,0.430557,5.0,mapped_network,mapped_network,inrix_reference_speed,Weekday,0,PM,10.5,16.25,20.0,9.75,585.0,44.31735,63.310500000000005,9.923913043478262,28.32355980492937,14025.242559782788,1.0,0.25,4886.595451931658,4886.595451931658,15.0,19.0,15.0,19.0,4.0,episode_period_overlap_over_period_total,4.0,8000.0,1.7531553199728485,episode_demand_over_period_capacity,True,True,2000.0,1266.431671092236,210.0,True,True,3.465713253012048,9427.091656408807,severe
corridor-a21417dab29a472bb8bf5e668aa5221d,state_transition__I495_CW::110+04614__Weekday__0013,state_transition,multiday_average,I495_CW::110+04614,110+04614,I495_CW,18,16465,22500,23014,501.0,mapped_primary_link,CLOCKWISE,1.0,0.183983,5.0,mapped_network,mapped_network,inrix_reference_speed,Weekday,0,PM,14.0,16.5,20.0,6.25,375.0,44.3807,63.401,12.676521739130434,22.041772012045925,9157.993155511802,1.0,0.25,5418.211271394399,5418.211271394399,15.0,19.0,15.0,19.0,4.0,episode_period_overlap_over_period_total,4.0,8000.0,1.1447491444389752,episode_demand_over_period_capacity,True,True,2000.0,1409.726179271193,195.0,True,True,2.5010155714089723,8403.768610389612,severe
corridor-a21417dab29a472bb8bf5e668aa5221d,state_transition__I495_CW::110P04603__Weekday__0015,state_transition,multiday_average,I495_CW::110P04603,110P04603,I495_CW,7,32096,35217,35216,301.0,mapped_primary_link,CLOCKWISE,68.0,2.162048,3.0,mapped_network,mapped_network,inrix_reference_speed,Weekday,0,AM,7.25,8.25,9.0,2.0,120.0,47.52685,67.8955,39.14611111111111,44.693863662504974,3444.0704526488744,0.6002135867810667,0.5553578603926532,3006.6637578622704,5009.323054459575,7.25,9.0,6.0,9.0,3.0,episode_period_overlap_over_period_total,3.0,6000.0,0.5740117421081458,episode_demand_over_period_capacity,True,True,2000.0,1659.4289102351922,30.0,True,True,0.2140886706498446,397.82888302277394,recurring
corridor-a21417dab29a472bb8bf5e668aa5221d,state_transition__I495_CW::110P04604__Weekday__0016,state_transition,multiday_average,I495_CW::110P04604,110P04604,I495_CW,5,31969,35143,35141,301.0,mapped_primary_link,CLOCKWISE,70.0,0.829279,4.0,mapped_network,mapped_network,inrix_reference_speed,Weekday,0,AM,6.5,8.0,11.0,4.75,285.0,47.39699999999999,67.71,20.70523809523809,33.269632554706924,8041.135675278711,0.8240818078829869,0.4044905859403027,4155.1012650441735,5042.098036017032,6.5,9.0,6.0,9.0,3.0,episode_period_overlap_over_period_total,3.0,6000.0,1.3401892792131185,episode_demand_over_period_capacity,True,True,2000.0,1668.874199585065,165.0,True,True,1.2891308847542602,4136.342834556745,severe
corridor-a21417dab29a472bb8bf5e668aa5221d,state_transition__I495_CW::110P04605__Weekday__0017,state_transition,multiday_average,I495_CW::110P04605,110P04605,I495_CW,6,31975,35147,35145,201.0,mapped_primary_link,CLOCKWISE,72.0,0.68959,4.0,mapped_network,mapped_network,inrix_reference_speed,Weekday,0,AM,6.25,7.75,11.5,5.5,330.0,47.614,68.02,21.55130434782609,29.985423307752853,8746.610855263869,0.9125053709290334,0.3652946535470388,4319.423156042037,4733.5865559282975,6.25,9.0,6.0,9.0,3.0,episode_period_overlap_over_period_total,3.0,5700.0,1.5344931325024331,episode_demand_over_period_capacity,True,True,1900.0,1559.087569222022,210.0,True,True,1.2093326339573918,5931.188618718239,severe
corridor-a21417dab29a472bb8bf5e668aa5221d,state_transition__I495_CW::110P04610__Weekday__0018,state_transition,multiday_average,I495_CW::110P04610,110P04610,I495_CW,27,32010,35166,35164,101.0,mapped_primary_link,CLOCKWISE,82.0,0.540219,4.0,mapped_network,mapped_network,inrix_reference_speed,Weekday,0,MD,9.0,14.25,19.0,10.25,615.0,44.3499,63.357,19.317380952380955,34.326552457204635,15234.648048390884,1.0,0.1666666666666666,9129.034892652126,9129.034892652126,9.0,15.0,9.0,15.0,6.0,episode_period_overlap_over_period_total,6.0,11400.0,1.3363726358237618,episode_demand_over_period_capacity,True,True,1900.0,1418.6923826239508,270.0,True,True,1.2958547077021678,5931.399356013551,severe
corridor-a21417dab29a472bb8bf5e668aa5221d,state_transition__I495_CW::110P04611__Weekday__0020,state_transition,multiday_average,I495_CW::110P04611,110P04611,I495_CW,25,32012,35168,35611,201.0,mapped_primary_link,CLOCKWISE,84.0,0.820836,5.0,mapped_network,mapped_network,inrix_reference_speed,Weekday,0,PM,9.25,17.0,19.75,10.75,645.0,44.1,63.0,10.409347826086956,19.36406308681208,13877.491925467635,1.0,0.25,4570.222787249997,4570.222787249997,15.0,19.0,15.0,19.0,4.0,episode_period_overlap_over_period_total,4.0,7600.0,1.8259857796667944,episode_demand_over_period_capacity,True,True,1900.0,1285.6435645571369,150.0,True,True,3.23657665559802,15988.732569875772,severe
corridor-a21417dab29a472bb8bf5e668aa5221d,state_transition__I495_CW::110P04612__Weekday__0021,state_transition,multiday_average,I495_CW::110P04612,110P04612,I495_CW,26,32018,35171,35170,301.0,mapped_primary_link,CLOCKWISE,86.0,0.508812,4.0,mapped_network,mapped_network,inrix_reference_speed,Weekday,0,MD,10.25,11.5,12.25,2.25,135.0,43.736,62.48,40.81130434782609,42.85186539306105,3575.841616709968,0.3329246057885751,0.5006138440019927,3172.363868798708,9528.775625594126,10.25,12.25,9.0,15.0,6.0,episode_period_overlap_over_period_total,6.0,12000.0,0.2979868013924973,episode_demand_over_period_capacity,True,True,2000.0,1569.381528214772,30.0,True,True,0.0716638612490143,151.17278656126433,recurring
corridor-a21417dab29a472bb8bf5e668aa5221d,state_transition__I495_CW::110P04612__Weekday__0022,state_transition,multiday_average,I495_CW::110P04612,110P04612,I495_CW,26,32018,35171,35170,301.0,mapped_primary_link,CLOCKWISE,86.0,0.508812,4.0,mapped_network,mapped_network,inrix_reference_speed,Weekday,0,PM,13.0,16.25,20.0,7.25,435.0,43.736,62.48,9.155,22.70530870928172,9674.356242930244,1.0,0.25,4697.313722367549,4697.313722367549,15.0,19.0,15.0,19.0,4.0,episode_period_overlap_over_period_total,4.0,8000.0,1.2092945303662803,episode_demand_over_period_capacity,True,True,2000.0,1204.666255551616,210.0,True,True,3.777280174767887,9205.842302371542,severe
corridor-a21417dab29a472bb8bf5e668aa5221d,state_transition__I495_CW::110P04647__Weekday__0023,state_transition,multiday_average,I495_CW::110P04647,110P04647,I495_CW,30,32337,35307,35308,201.0,mapped_primary_link,CLOCKWISE,64.0,0.570048,4.0,mapped_network,mapped_network,inrix_reference_speed,Weekday,0,PM,14.75,17.75,18.5,4.0,240.0,47.285,67.55,35.78357142857143,41.78771782823801,6634.883929178026,0.8747839578182558,0.2857848475222493,5801.645646844709,6632.089666246546,15.0,18.5,15.0,19.0,4.0,episode_period_overlap_over_period_total,4.0,7600.0,0.8730110433128981,episode_demand_over_period_capacity,True,True,1900.0,1642.556367608474,30.0,True,True,0.321416452082959,1212.00256916996,recurring
corridor-a49c9abb188d4705b8095272a828094d,state_transition__I66_EB::110-04163__Weekday__0001,state_transition,multiday_average,I66_EB::110-04163,110-04163,I66_EB,56,26306,30210,30211,101.0,mapped_primary_link,EASTBOUND,66.0,0.160698,1.0,mapped_network,mapped_network,inrix_reference_speed,Weekday,0,PM,15.75,16.0,16.75,1.25,75.0,39.0439,55.777,38.37181818181818,39.12813043478261,2257.357808484256,0.249641371042692,1.0014365766211346,1805.4892247821967,7232.331793568917,15.75,16.75,15.0,19.0,4.0,episode_period_overlap_over_period_total,4.0,7600.0,0.2970207642742442,episode_demand_over_period_capacity,True,True,1900.0,1804.8856976980303,30.0,True,True,0.0175149849558151,27.472090909091094,recurring
corridor-a49c9abb188d4705b8095272a828094d,state_transition__I66_EB::110-04175__Weekday__0008,state_transition,multiday_average,I66_EB::110-04175,110-04175,I66_EB,47,31351,34852,34849,501.0,mapped_primary_link,EASTBOUND,42.0,1.428297,2.0,mapped_network,mapped_network,inrix_reference_speed,Weekday,0,AM,7.0,8.75,9.75,3.0,180.0,45.773,65.39,41.13404761904762,43.60453523982057,5785.66711121916,0.6746149700989408,0.4941090075194237,3879.0386482278313,5750.003809816022,7.0,9.0,6.0,9.0,3.0,episode_period_overlap_over_period_total,3.0,6000.0,0.96427785186986,episode_demand_over_period_capacity,True,True,2000.0,1909.7240540425548,45.0,True,True,0.1127764625527454,474.8434394409931,recurring
corridor-a49c9abb188d4705b8095272a828094d,state_transition__I66_EB::110-04178__Weekday__0014,state_transition,multiday_average,I66_EB::110-04178,110-04178,I66_EB,53,31371,34870,35067,301.0,mapped_primary_link,EASTBOUND,37.0,1.044581,4.0,mapped_network,mapped_network,inrix_reference_speed,Weekday,0,PM,13.25,17.25,19.0,6.0,360.0,46.65185,66.6455,30.094318181818185,36.89765030585356,10910.184127944784,1.0,0.25,7239.932036764627,7239.932036764627,15.0,19.0,15.0,19.0,4.0,episode_period_overlap_over_period_total,4.0,8000.0,1.363773015993098,episode_demand_over_period_capacity,True,True,2000.0,1816.212243304023,90.0,True,True,0.5501879696409013,3025.643228119705,recurring
corridor-a49c9abb188d4705b8095272a828094d,state_transition__I66_EB::110-04180__Weekday__0015,state_transition,multiday_average,I66_EB::110-04180,110-04180,I66_EB,41,31395,34890,36691,201.0,mapped_primary_link,EASTBOUND,33.0,0.771709,4.0,mapped_network,mapped_network,inrix_reference_speed,Weekday,0,AM,7.25,7.75,9.25,2.25,135.0,47.39314999999999,67.7045,40.820238095238096,44.87894498818412,3755.5581001408527,0.5909305298311949,0.5640820984973535,2928.2888520544584,4955.385962019856,7.25,9.0,6.0,9.0,3.0,episode_period_overlap_over_period_total,3.0,5700.0,0.6588698421299741,episode_demand_over_period_capacity,True,True,1900.0,1625.241999858514,75.0,True,True,0.1610209104960771,442.5916548560128,recurring
corridor-a49c9abb188d4705b8095272a828094d,state_transition__I66_EB::110-04182__Weekday__0016,state_transition,multiday_average,I66_EB::110-04182,110-04182,I66_EB,43,31410,34903,34900,501.0,mapped_primary_link,EASTBOUND,29.0,0.453427,2.0,mapped_network,mapped_network,inrix_reference_speed,Weekday,0,AM,6.5,8.0,9.5,3.25,195.0,45.1955,64.565,36.29695652173913,40.74730769230769,6237.003380439885,0.8340254186946835,0.3996680746913285,4789.023486485416,5742.059389485539,6.5,9.0,6.0,9.0,3.0,episode_period_overlap_over_period_total,3.0,6000.0,1.0395005634066476,episode_demand_over_period_capacity,True,True,2000.0,1901.263812184008,75.0,True,True,0.2451594935495846,895.4390217391295,recurring
corridor-a49c9abb188d4705b8095272a828094d,state_transition__I66_EB::110-04183__Weekday__0017,state_transition,multiday_average,I66_EB::110-04183,110-04183,I66_EB,44,39146,40373,40370,501.0,mapped_primary_link,EASTBOUND,27.0,4.297312,2.0,mapped_network,mapped_network,inrix_reference_speed,Weekday,0,AM,6.25,8.0,9.25,3.25,195.0,48.47395,69.24849999999999,32.745,39.87761629674674,6046.02221038396,0.9175340649791922,0.3632925970338688,5108.930751718706,5568.110162574254,6.25,9.0,6.0,9.0,3.0,episode_period_overlap_over_period_total,3.0,6000.0,1.0076703683973267,episode_demand_over_period_capacity,True,True,2000.0,1847.4341217894976,60.0,True,True,0.4803466178042448,1740.9725009881415,recurring
corridor-a49c9abb188d4705b8095272a828094d,state_transition__I66_EB::110-04184__Weekday__0018,state_transition,multiday_average,I66_EB::110-04184,110-04184,I66_EB,38,40966,41015,40378,501.0,mapped_primary_link,EASTBOUND,25.0,2.210167,2.0,mapped_network,mapped_network,inrix_reference_speed,Weekday,0,AM,6.5,7.25,8.75,2.5,150.0,48.713,69.59,33.91347826086957,42.58649703557313,4244.771142244365,0.7459751604501272,0.4468424030797452,3807.4255397511256,5103.957533188766,6.5,8.75,6.0,9.0,3.0,episode_period_overlap_over_period_total,3.0,6000.0,0.7074618570407276,episode_demand_over_period_capacity,True,True,2000.0,1699.0147572510484,45.0,True,True,0.4363905590953962,808.5482608695653,recurring
corridor-a49c9abb188d4705b8095272a828094d,state_transition__I66_EB::110N04178__Weekday__0027,state_transition,multiday_average,I66_EB::110N04178,110N04178,I66_EB,28,31795,35067,35065,201.0,mapped_primary_link,EASTBOUND,38.0,0.994511,4.0,mapped_network,mapped_network,inrix_reference_speed,Weekday,0,AM,6.75,8.25,9.25,2.75,165.0,48.01964999999999,68.59949999999999,40.24130434782609,43.94526320517427,5048.325392146908,0.7645722006671224,0.4359736504184765,4131.561484703568,5403.7558272437855,6.75,9.0,6.0,9.0,3.0,episode_period_overlap_over_period_total,3.0,5700.0,0.8856711214292821,episode_demand_over_period_capacity,True,True,1900.0,1826.4553071134485,45.0,True,True,0.193292582788612,708.7467717391293,recurring
corridor-a49c9abb188d4705b8095272a828094d,state_transition__I66_EB::110N04179__Weekday__0030,state_transition,multiday_average,I66_EB::110N04179,110N04179,I66_EB,29,31804,35071,35069,201.0,mapped_primary_link,EASTBOUND,36.0,0.885011,4.0,mapped_network,mapped_network,inrix_reference_speed,Weekday,0,AM,6.5,8.25,10.5,4.25,255.0,47.7463,68.209,17.265869565217393,29.37042289353159,6395.415947979091,0.8212967524112332,0.4058622323230973,3621.3581822223214,4409.317547634796,6.5,9.0,6.0,9.0,3.0,episode_period_overlap_over_period_total,3.0,5700.0,1.1220027978910685,episode_demand_over_period_capacity,True,True,1900.0,1446.6640226344268,90.0,True,True,1.7653573901766486,4188.7448608131,severe
corridor-a49c9abb188d4705b8095272a828094d,state_transition__I66_EB::110N04179__Weekday__0031,state_transition,multiday_average,I66_EB::110N04179,110N04179,I66_EB,29,31804,35071,35069,201.0,mapped_primary_link,EASTBOUND,36.0,0.885011,4.0,mapped_network,mapped_network,inrix_reference_speed,Weekday,0,PM,13.5,17.75,18.75,5.5,330.0,47.7463,68.209,29.381086956521735,39.74806555069326,8860.962574241019,0.9357668689899824,0.2671605591997897,5969.551917696754,6379.315314016167,15.0,18.75,15.0,19.0,4.0,episode_period_overlap_over_period_total,4.0,7600.0,1.1659161281896078,episode_demand_over_period_capacity,True,True,1900.0,1576.4910887556673,45.0,True,True,0.6250692178494004,2469.359348626011,recurring
corridor-a49c9abb188d4705b8095272a828094d,state_transition__I66_EB::110N04180__Weekday__0032,state_transition,multiday_average,I66_EB::110N04180,110N04180,I66_EB,20,35787,36691,34880,201.0,mapped_primary_link,EASTBOUND,34.0,0.491758,4.0,mapped_network,mapped_network,inrix_reference_speed,Weekday,0,AM,6.75,8.25,10.25,3.75,225.0,47.90695,68.4385,27.21565217391305,37.31043766861158,5980.052884308268,0.7448967835200545,0.4474892907419289,3568.0895836505115,4790.045631274295,6.75,9.0,6.0,9.0,3.0,episode_period_overlap_over_period_total,3.0,5700.0,1.0491320849663628,episode_demand_over_period_capacity,True,True,1900.0,1552.703120663109,105.0,True,True,0.7602719822352866,2515.1597248729536,recurring
corridor-a49c9abb188d4705b8095272a828094d,state_transition__I66_EB::110N04183__Weekday__0033,state_transition,multiday_average,I66_EB::110N04183,110N04183,I66_EB,26,31415,34908,34906,501.0,mapped_primary_link,EASTBOUND,28.0,0.45031,2.0,mapped_network,mapped_network,inrix_reference_speed,Weekday,0,AM,6.5,7.75,9.5,3.25,195.0,46.858,66.94,34.865,41.606469291578,6063.258643225356,0.8287943222843399,0.4021906574053176,4650.002361998895,5610.562520725845,6.5,9.0,6.0,9.0,3.0,episode_period_overlap_over_period_total,3.0,6000.0,1.010543107204226,episode_demand_over_period_capacity,True,True,2000.0,1817.1131682103264,90.0,True,True,0.3439839380467515,1089.1563142292484,recurring
corridor-a49c9abb188d4705b8095272a828094d,state_transition__I66_EB::110N04184__Weekday__0034,state_transition,multiday_average,I66_EB::110N04184,110N04184,I66_EB,27,39147,40374,40373,501.0,mapped_primary_link,EASTBOUND,26.0,0.451882,2.0,mapped_network,mapped_network,inrix_reference_speed,Weekday,0,AM,6.0,8.0,9.25,3.5,210.0,49.078050000000005,70.1115,20.7695,35.56284743396701,5546.233257665469,1.0,0.3333333333333333,4671.780461282177,4671.780461282177,6.0,9.0,6.0,9.0,3.0,episode_period_overlap_over_period_total,3.0,6000.0,0.9243722096109116,episode_demand_over_period_capacity,True,True,2000.0,1666.5848398230842,60.0,True,True,1.3629865909145624,2579.3286575381144,severe
corridor-8f26fab322d04e22bd471a85ebfa0756,state_transition__I66_WB::110+04176__Weekday__0006,state_transition,multiday_average,I66_WB::110+04176,110+04176,I66_WB,30,31334,34841,34844,501.0,mapped_primary_link,WESTBOUND,30.0,1.729679,2.0,mapped_network,mapped_network,inrix_reference_speed,Weekday,0,PM,13.25,17.5,18.75,5.75,345.0,47.621,68.03,23.620238095238093,32.490443788087674,9714.931570528432,0.932540441749539,0.2680848881266479,6216.205693615469,6665.883231780539,15.0,18.75,15.0,19.0,4.0,episode_period_overlap_over_period_total,4.0,8000.0,1.2143664463160542,episode_demand_over_period_capacity,True,True,2000.0,1697.9895797284223,60.0,True,True,1.0161100750970211,5270.3695018054,severe
corridor-8f26fab322d04e22bd471a85ebfa0756,state_transition__I66_WB::110+04178__Weekday__0007,state_transition,multiday_average,I66_WB::110+04178,110+04178,I66_WB,28,31358,34859,35178,201.0,mapped_primary_link,WESTBOUND,33.0,1.332622,4.0,mapped_network,mapped_network,inrix_reference_speed,Weekday,0,PM,13.25,17.75,19.5,6.5,390.0,47.313,67.59,24.729090909090907,32.25818016765844,10898.454093866274,1.0,0.25,6509.798242084384,6509.798242084384,15.0,19.0,15.0,19.0,4.0,episode_period_overlap_over_period_total,4.0,7600.0,1.4340071176139837,episode_demand_over_period_capacity,True,True,1900.0,1615.2729611178024,90.0,True,True,0.9132527020072057,5900.85337097685,recurring
corridor-8f26fab322d04e22bd471a85ebfa0756,state_transition__I66_WB::110+04182__Weekday__0008,state_transition,multiday_average,I66_WB::110+04182,110+04182,I66_WB,27,32868,35705,35692,401.0,mapped_primary_link,WESTBOUND,41.0,0.798703,5.0,mapped_network,mapped_network,inrix_reference_speed,Weekday,0,PM,15.0,17.5,18.5,3.75,225.0,47.264,67.52,34.1625,39.59037667984191,6777.806994037014,0.8746126765460219,0.2858408146875802,6328.91456321572,7236.248379350689,15.0,18.5,15.0,19.0,4.0,episode_period_overlap_over_period_total,4.0,8000.0,0.8472258742546268,episode_demand_over_period_capacity,True,True,2000.0,1777.8958253471187,45.0,True,True,0.3835053055250639,1760.7495652173905,recurring
corridor-8f26fab322d04e22bd471a85ebfa0756,state_transition__I66_WB::110+04183__Weekday__0009,state_transition,multiday_average,I66_WB::110+04183,110+04183,I66_WB,26,31406,34899,34904,501.0,mapped_primary_link,WESTBOUND,43.0,0.578458,2.0,mapped_network,mapped_network,inrix_reference_speed,Weekday,0,PM,14.0,17.25,19.5,5.75,345.0,47.31055,67.5865,15.47586956521739,25.15008141433236,8505.028373660714,1.0,0.25,5524.175314732028,5524.175314732028,15.0,19.0,15.0,19.0,4.0,episode_period_overlap_over_period_total,4.0,8000.0,1.0631285467075893,episode_demand_over_period_capacity,True,True,2000.0,1429.9332795778937,120.0,True,True,2.057052775007375,7788.063640316206,severe
corridor-8f26fab322d04e22bd471a85ebfa0756,state_transition__I66_WB::110+04184__Weekday__0010,state_transition,multiday_average,I66_WB::110+04184,110+04184,I66_WB,25,31416,34909,34911,501.0,mapped_primary_link,WESTBOUND,45.0,4.167976,2.0,mapped_network,mapped_network,inrix_reference_speed,Weekday,0,PM,15.0,18.0,19.25,4.5,270.0,48.225975000000005,68.89425000000001,29.29318181818182,38.85602272727273,8422.698262683369,1.0,0.25,7490.694018730386,7490.694018730386,15.0,19.0,15.0,19.0,4.0,episode_period_overlap_over_period_total,4.0,8000.0,1.052837282835421,episode_demand_over_period_capacity,True,True,2000.0,1803.333104203878,60.0,True,True,0.6463208161998604,2543.2730810276694,recurring
corridor-8f26fab322d04e22bd471a85ebfa0756,state_transition__I66_WB::110P04177__Weekday__0016,state_transition,multiday_average,I66_WB::110P04177,110P04177,I66_WB,54,35781,36685,34853,501.0,mapped_primary_link,WESTBOUND,33.001,0.303391,2.0,mapped_network,mapped_network,inrix_reference_speed,Weekday,0,PM,13.0,17.25,19.75,7.0,420.0,46.59899999999999,66.57,22.813913043478266,31.254334524171483,11924.634229975769,1.0,0.25,6502.93141817936,6502.93141817936,15.0,19.0,15.0,19.0,4.0,episode_period_overlap_over_period_total,4.0,8000.0,1.490579278746971,episode_demand_over_period_capacity,True,True,2000.0,1690.492757465592,105.0,True,True,1.0425693703308427,6095.929328063237,severe
corridor-8f26fab322d04e22bd471a85ebfa0756,state_transition__I66_WB::110P04178__Weekday__0017,state_transition,multiday_average,I66_WB::110P04178,110P04178,I66_WB,51,32031,35178,35179,201.0,mapped_primary_link,WESTBOUND,34.0,0.688515,4.0,mapped_network,mapped_network,inrix_reference_speed,Weekday,0,PM,13.25,17.25,19.25,6.25,375.0,47.1373,67.339,33.67956521739131,40.08584551632992,11444.72673952966,1.0,0.25,7253.269023426148,7253.269023426148,15.0,19.0,15.0,19.0,4.0,episode_period_overlap_over_period_total,4.0,7600.0,1.505885097306534,episode_demand_over_period_capacity,True,True,1900.0,1784.984847714853,105.0,True,True,0.3995816067025546,2495.9273620835675,recurring
corridor-8f26fab322d04e22bd471a85ebfa0756,state_transition__I66_WB::110P04181__Weekday__0018,state_transition,multiday_average,I66_WB::110P04181,110P04181,I66_WB,67,32037,35182,35183,201.0,mapped_primary_link,WESTBOUND,40.0,1.067945,4.0,mapped_network,mapped_network,inrix_reference_speed,Weekday,0,PM,15.0,17.0,18.0,3.25,195.0,47.72005,68.17150000000001,40.93891304347826,44.40983103194565,5616.977736860882,0.7502248500084557,0.3332334299472781,5188.258549030436,6915.604766986804,15.0,18.0,15.0,19.0,4.0,episode_period_overlap_over_period_total,4.0,7600.0,0.7390760180080108,episode_demand_over_period_capacity,True,True,1900.0,1700.2230081140997,45.0,True,True,0.1656403761702218,633.6719673913045,recurring
corridor-8f26fab322d04e22bd471a85ebfa0756,state_transition__I66_WB::110P04182__Weekday__0019,state_transition,multiday_average,I66_WB::110P04182,110P04182,I66_WB,69,31388,34885,35184,201.0,mapped_primary_link,WESTBOUND,42.0,1.425584,5.0,mapped_network,mapped_network,inrix_reference_speed,Weekday,0,PM,14.5,16.5,19.25,5.0,300.0,47.901,68.43,22.938863636363635,31.28560980613589,7882.788247330048,1.0,0.25,6132.115835516026,6132.115835516026,15.0,19.0,15.0,19.0,4.0,episode_period_overlap_over_period_total,4.0,7600.0,1.0372089799118485,episode_demand_over_period_capacity,True,True,1900.0,1486.628579057607,150.0,True,True,1.0882028316374557,5144.731623376624,severe
corridor-8f26fab322d04e22bd471a85ebfa0756,state_transition__I66_WB::110P04183__Weekday__0020,state_transition,multiday_average,I66_WB::110P04183,110P04183,I66_WB,65,31414,34907,34909,501.0,mapped_primary_link,WESTBOUND,44.0,0.488674,2.0,mapped_network,mapped_network,inrix_reference_speed,Weekday,0,PM,14.0,17.75,19.5,5.75,345.0,48.062,68.66,16.787954545454543,27.82614106907585,9128.259518049192,1.0,0.25,5998.984087075168,5998.984087075168,15.0,19.0,15.0,19.0,4.0,episode_period_overlap_over_period_total,4.0,8000.0,1.1410324397561489,episode_demand_over_period_capacity,True,True,2000.0,1528.799082413752,90.0,True,True,1.8628859978068693,7079.518939864483,severe
corridor-c88c67aac125443c85958d35d7c7d30b,state_transition__I95_NB::110+04147__Weekday__0001,state_transition,multiday_average,I95_NB::110+04147,110+04147,I95_NB,13,38200,40023,40291,601.0,mapped_primary_link,NORTHBOUND,653.0,1.829664,3.0,mapped_network,mapped_network,inrix_reference_speed,Weekday,0,PM,14.75,16.25,17.25,2.75,165.0,50.20399999999999,71.72,44.77391304347826,46.97755210204814,4733.152685271499,0.5723574367062347,0.4367899916504688,3892.21391947024,6800.320341548977,15.0,17.25,15.0,19.0,4.0,episode_period_overlap_over_period_total,4.0,8000.0,0.5916440856589373,episode_demand_over_period_capacity,True,True,2000.0,1749.407318680322,45.0,True,True,0.1212779180423382,537.3047727272719,recurring
corridor-c88c67aac125443c85958d35d7c7d30b,state_transition__I95_NB::110+04150__Weekday__0003,state_transition,multiday_average,I95_NB::110+04150,110+04150,I95_NB,10,38995,40286,40046,201.0,mapped_primary_link,NORTHBOUND,659.0,0.523557,3.0,mapped_network,mapped_network,inrix_reference_speed,Weekday,0,PM,14.75,16.5,17.75,3.25,195.0,49.26599999999999,70.38,45.73136363636364,47.36981909394953,4429.919807871192,0.6723780674771073,0.37181462646164,3740.9307714366223,5563.7311096022495,15.0,17.75,15.0,19.0,4.0,episode_period_overlap_over_period_total,4.0,7600.0,0.5828841852462094,episode_demand_over_period_capacity,True,True,1900.0,1393.8136305704004,60.0,True,True,0.0772912960073151,418.18001976284427,recurring
corridor-c88c67aac125443c85958d35d7c7d30b,state_transition__I95_NB::110+04151__Weekday__0004,state_transition,multiday_average,I95_NB::110+04151,110+04151,I95_NB,9,39082,40322,40015,201.0,mapped_primary_link,NORTHBOUND,661.0,0.647826,3.0,mapped_network,mapped_network,inrix_reference_speed,Weekday,0,AM,5.25,6.5,7.75,2.75,165.0,48.55935,69.3705,29.62826086956522,39.10597826086956,4394.339231183874,0.5656711189812803,0.5892705534156223,2733.9928392171537,4833.184420199521,6.0,7.75,6.0,9.0,3.0,episode_period_overlap_over_period_total,3.0,5700.0,0.7709367072252411,episode_demand_over_period_capacity,True,True,1900.0,1563.405877751039,60.0,True,True,0.6389537750385206,1663.8758863636367,recurring
corridor-c88c67aac125443c85958d35d7c7d30b,state_transition__I95_NB::110+04151__Weekday__0005,state_transition,multiday_average,I95_NB::110+04151,110+04151,I95_NB,9,39082,40322,40015,201.0,mapped_primary_link,NORTHBOUND,661.0,0.647826,3.0,mapped_network,mapped_network,inrix_reference_speed,Weekday,0,PM,13.5,16.75,18.5,5.25,315.0,48.55935,69.3705,38.49045454545455,43.47972078818353,8116.918410336923,0.8680289655039537,0.2880088222111999,5379.339583960169,6197.189031401818,15.0,18.5,15.0,19.0,4.0,episode_period_overlap_over_period_total,4.0,7600.0,1.06801558030749,episode_demand_over_period_capacity,True,True,1900.0,1558.0124178890703,90.0,True,True,0.2615946102339423,1617.5919874364772,recurring
corridor-c88c67aac125443c85958d35d7c7d30b,state_transition__I95_NB::110+04152__Weekday__0006,state_transition,multiday_average,I95_NB::110+04152,110+04152,I95_NB,8,39088,40326,40273,401.0,mapped_primary_link,NORTHBOUND,663.0,1.136548,3.0,mapped_network,mapped_network,inrix_reference_speed,Weekday,0,AM,5.25,6.5,9.5,4.5,270.0,48.51,69.3,37.144090909090906,42.12749724993203,8471.301805334944,1.0,0.3333333333333333,5605.53281095622,5605.53281095622,6.0,9.0,6.0,9.0,3.0,episode_period_overlap_over_period_total,3.0,6000.0,1.4118836342224907,episode_demand_over_period_capacity,True,True,2000.0,1874.4695987179284,165.0,True,True,0.3059950805829876,1745.870307735742,recurring
corridor-c88c67aac125443c85958d35d7c7d30b,state_transition__I95_NB::110+04152__Weekday__0007,state_transition,multiday_average,I95_NB::110+04152,110+04152,I95_NB,8,39088,40326,40273,401.0,mapped_primary_link,NORTHBOUND,663.0,1.136548,3.0,mapped_network,mapped_network,inrix_reference_speed,Weekday,0,MD,12.25,14.75,18.75,6.75,405.0,48.51,69.3,40.04022727272727,44.88365283267457,12083.538460071431,0.4597874508661411,0.3624863322230791,4948.226677323027,10761.987235627304,12.25,15.0,9.0,15.0,6.0,episode_period_overlap_over_period_total,6.0,12000.0,1.006961538339286,episode_demand_over_period_capacity,True,True,2000.0,1784.6191564977278,225.0,True,True,0.2115315847131009,1520.854298418972,recurring
corridor-c88c67aac125443c85958d35d7c7d30b,state_transition__I95_NB::110+04154__Weekday__0008,state_transition,multiday_average,I95_NB::110+04154,110+04154,I95_NB,3,29213,34182,35208,401.0,mapped_primary_link,NORTHBOUND,667.0,1.495359,4.0,mapped_network,mapped_network,inrix_reference_speed,Weekday,0,AM,6.25,7.25,8.5,2.5,150.0,49.133,70.19,33.71931818181818,41.01998473084886,4289.004424028146,0.7501775609771831,0.4443392480296698,3866.674007185125,5154.345062185526,6.25,8.5,6.0,9.0,3.0,episode_period_overlap_over_period_total,3.0,6000.0,0.7148340706713576,episode_demand_over_period_capacity,True,True,2000.0,1655.9831043496126,60.0,True,True,0.4571172446331681,1287.6004891304342,recurring
corridor-c88c67aac125443c85958d35d7c7d30b,state_transition__I95_NB::110+04155__Weekday__0009,state_transition,multiday_average,I95_NB::110+04155,110+04155,I95_NB,2,32269,35283,35206,301.0,mapped_primary_link,NORTHBOUND,669.0,2.396225,4.0,mapped_network,mapped_network,inrix_reference_speed,Weekday,0,AM,6.0,7.5,8.75,3.0,180.0,48.146,68.78,30.22630434782609,37.60317891649414,5319.761799334955,0.915880055294001,0.3639486758190537,4872.263730925813,5319.761799334956,6.0,8.75,6.0,9.0,3.0,episode_period_overlap_over_period_total,3.0,6000.0,0.8866269665558258,episode_demand_over_period_capacity,True,True,2000.0,1776.2513653053677,60.0,True,True,0.5928510295524341,1954.7299689440997,recurring
corridor-c88c67aac125443c85958d35d7c7d30b,state_transition__I95_NB::110+04155__Weekday__0010,state_transition,multiday_average,I95_NB::110+04155,110+04155,I95_NB,2,32269,35283,35206,301.0,mapped_primary_link,NORTHBOUND,669.0,2.396225,4.0,mapped_network,mapped_network,inrix_reference_speed,Weekday,0,MD,12.5,14.5,16.0,3.75,225.0,48.146,68.78,41.62717391304348,45.22429594391115,6124.1593669559015,0.4002025737501331,0.4164557591544255,4049.5045852323337,10118.637037453553,12.5,15.0,9.0,15.0,6.0,episode_period_overlap_over_period_total,6.0,12000.0,0.5103466139129917,episode_demand_over_period_capacity,True,True,2000.0,1659.0335738408305,75.0,True,True,0.1566002558947177,713.4208039243367,recurring
corridor-c88c67aac125443c85958d35d7c7d30b,state_transition__I95_NB::110+04156__Weekday__0011,state_transition,multiday_average,I95_NB::110+04156,110+04156,I95_NB,1,32079,35205,34220,301.0,mapped_primary_link,NORTHBOUND,671.0,0.43656,4.0,mapped_network,mapped_network,inrix_reference_speed,Weekday,0,AM,5.75,7.5,10.25,4.75,285.0,47.20239999999999,67.43199999999999,29.24586956521739,38.826199664180216,8797.454327389129,1.0,0.3333333333333333,5428.380508259775,5428.380508259775,6.0,9.0,6.0,9.0,3.0,episode_period_overlap_over_period_total,3.0,6000.0,1.466242387898188,episode_demand_over_period_capacity,True,True,2000.0,1890.2597603919196,150.0,True,True,0.6139851781373806,2460.5635739695063,recurring
corridor-c88c67aac125443c85958d35d7c7d30b,state_transition__I95_NB::110+04156__Weekday__0012,state_transition,multiday_average,I95_NB::110+04156,110+04156,I95_NB,1,32079,35205,34220,301.0,mapped_primary_link,NORTHBOUND,671.0,0.43656,4.0,mapped_network,mapped_network,inrix_reference_speed,Weekday,0,MD,11.5,14.5,18.5,7.25,435.0,47.20239999999999,67.43199999999999,37.56545454545455,42.74528249576511,13556.7680941417,0.5801048984272423,0.2873043601571488,6636.56847748871,11440.290360383984,11.5,15.0,9.0,15.0,6.0,episode_period_overlap_over_period_total,6.0,12000.0,1.1297306745118083,episode_demand_over_period_capacity,True,True,2000.0,1864.739107379494,165.0,True,True,0.2565374376845259,1685.4592004517183,recurring
corridor-c88c67aac125443c85958d35d7c7d30b,state_transition__I95_NB::110P04146__Weekday__0014,state_transition,multiday_average,I95_NB::110P04146,110P04146,I95_NB,17,47687,51085,40023,601.0,mapped_primary_link,NORTHBOUND,652.0,0.473619,3.0,mapped_network,mapped_network,inrix_reference_speed,Weekday,0,PM,14.75,16.5,18.0,3.5,210.0,50.113,71.59,42.66543478260869,46.08537035169799,5591.440174411089,0.7553857191576878,0.3309567465463457,4810.643505375567,6368.459693333622,15.0,18.0,15.0,19.0,4.0,episode_period_overlap_over_period_total,4.0,8000.0,0.6989300218013862,episode_demand_over_period_capacity,True,True,2000.0,1641.201009765203,60.0,True,True,0.1745573496517394,896.4244395821569,recurring
corridor-c88c67aac125443c85958d35d7c7d30b,state_transition__I95_NB::110P04147__Weekday__0015,state_transition,multiday_average,I95_NB::110P04147,110P04147,I95_NB,15,39003,40291,40290,501.0,mapped_primary_link,NORTHBOUND,654.0,0.398953,3.0,mapped_network,mapped_network,inrix_reference_speed,Weekday,0,PM,14.25,16.25,18.25,4.25,255.0,50.37199999999999,71.96,37.69159090909091,44.57948756380023,6937.598905974658,0.82005431214748,0.3048578567257622,5378.306328642129,6558.475760657771,15.0,18.25,15.0,19.0,4.0,episode_period_overlap_over_period_total,4.0,8000.0,0.8671998632468323,episode_demand_over_period_capacity,True,True,2000.0,1688.719157214694,105.0,True,True,0.3364254143979543,1533.9727166854866,recurring
corridor-c88c67aac125443c85958d35d7c7d30b,state_transition__I95_NB::110P04150__Weekday__0016,state_transition,multiday_average,I95_NB::110P04150,110P04150,I95_NB,26,38196,40021,40211,201.0,mapped_primary_link,NORTHBOUND,660.0,0.567997,3.0,mapped_network,mapped_network,inrix_reference_speed,Weekday,0,AM,5.5,6.5,7.25,2.0,120.0,49.371,70.53,47.2304347826087,49.70081960521362,3236.6864318844664,0.4353237103038239,0.7657137101507546,2033.054469790204,4670.2130430048965,6.0,7.25,6.0,9.0,3.0,episode_period_overlap_over_period_total,3.0,5700.0,0.5678397248920116,episode_demand_over_period_capacity,True,True,1900.0,1653.9554775343167,30.0,True,True,0.0453217343275336,77.72895256916954,recurring
corridor-c88c67aac125443c85958d35d7c7d30b,state_transition__I95_NB::110P04150__Weekday__0017,state_transition,multiday_average,I95_NB::110P04150,110P04150,I95_NB,26,38196,40021,40211,201.0,mapped_primary_link,NORTHBOUND,660.0,0.567997,3.0,mapped_network,mapped_network,inrix_reference_speed,Weekday,0,PM,14.0,16.75,18.25,4.5,270.0,49.371,70.53,41.82428571428572,45.44796542024803,6173.82465655151,0.7984615935562405,0.3131020978561206,4430.206280934073,5548.427521983282,15.0,18.25,15.0,19.0,4.0,episode_period_overlap_over_period_total,4.0,7600.0,0.8123453495462514,episode_demand_over_period_capacity,True,True,1900.0,1417.0089118723236,75.0,True,True,0.1804385695255659,1104.9327780914723,recurring
corridor-c88c67aac125443c85958d35d7c7d30b,state_transition__I95_NB::110P04151__Weekday__0018,state_transition,multiday_average,I95_NB::110P04151,110P04151,I95_NB,27,40985,41028,40219,301.0,mapped_primary_link,NORTHBOUND,662.0,0.836184,3.0,mapped_network,mapped_network,inrix_reference_speed,Weekday,0,AM,5.0,7.0,10.0,5.25,315.0,49.2079,70.297,26.18227272727273,37.549430890538034,8784.794123842894,1.0,0.3333333333333333,4922.550151228303,4922.550151228303,6.0,9.0,6.0,9.0,3.0,episode_period_overlap_over_period_total,3.0,6000.0,1.4641323539738156,episode_demand_over_period_capacity,True,True,2000.0,1706.9983979192327,165.0,True,True,0.8794357736844844,4010.220739836249,recurring
corridor-c88c67aac125443c85958d35d7c7d30b,state_transition__I95_NB::110P04151__Weekday__0019,state_transition,multiday_average,I95_NB::110P04151,110P04151,I95_NB,27,40985,41028,40219,301.0,mapped_primary_link,NORTHBOUND,662.0,0.836184,3.0,mapped_network,mapped_network,inrix_reference_speed,Weekday,0,MD,12.25,14.75,19.0,7.0,420.0,49.2079,70.297,37.41047619047619,42.182562548734914,11227.9306506967,0.4501152812474112,0.3702755129858751,4447.93447490879,9881.76731654647,12.25,15.0,9.0,15.0,6.0,episode_period_overlap_over_period_total,6.0,12000.0,0.9356608875580582,episode_demand_over_period_capacity,True,True,2000.0,1586.9582939750042,240.0,True,True,0.3153508057330516,3019.2606583850907,recurring
corridor-c88c67aac125443c85958d35d7c7d30b,state_transition__I95_NB::110P04155__Weekday__0023,state_transition,multiday_average,I95_NB::110P04155,110P04155,I95_NB,23,32081,35206,35205,301.0,mapped_primary_link,NORTHBOUND,670.0,0.556002,4.0,mapped_network,mapped_network,inrix_reference_speed,Weekday,0,AM,5.75,7.25,10.25,4.75,285.0,47.3753,67.679,27.735217391304342,39.1939447680466,8663.583030803786,1.0,0.3333333333333333,5339.33548454134,5339.33548454134,6.0,9.0,6.0,9.0,3.0,episode_period_overlap_over_period_total,3.0,6000.0,1.4439305051339644,episode_demand_over_period_capacity,True,True,2000.0,1870.1331110084088,165.0,True,True,0.7081279490837264,2439.305501976284,recurring
corridor-c88c67aac125443c85958d35d7c7d30b,state_transition__I95_NB::110P04155__Weekday__0024,state_transition,multiday_average,I95_NB::110P04155,110P04155,I95_NB,23,32081,35206,35205,301.0,mapped_primary_link,NORTHBOUND,670.0,0.556002,4.0,mapped_network,mapped_network,inrix_reference_speed,Weekday,0,MD,11.5,14.5,18.75,7.5,450.0,47.3753,67.679,32.37391304347826,41.30724125964616,13155.48987669457,0.5667752234272252,0.2940613135112934,6163.17808868925,10874.113464983904,11.5,15.0,9.0,15.0,6.0,episode_period_overlap_over_period_total,6.0,12000.0,1.0962908230578807,episode_demand_over_period_capacity,True,True,2000.0,1743.925541756107,210.0,True,True,0.4633788611334943,2604.5452361660064,recurring
corridor-c88c67aac125443c85958d35d7c7d30b,state_transition__I95_NB::110P04156__Weekday__0025,state_transition,multiday_average,I95_NB::110P04156,110P04156,I95_NB,20,32264,35280,35667,201.0,mapped_primary_link,NORTHBOUND,672.0,0.764486,4.0,mapped_network,mapped_network,inrix_reference_speed,Weekday,0,AM,5.75,7.75,9.0,3.5,210.0,47.782,68.26,37.22869565217391,42.19736307171089,6270.0143969746405,1.0,0.3333333333333333,5364.59020626703,5364.59020626703,6.0,9.0,6.0,9.0,3.0,episode_period_overlap_over_period_total,3.0,5700.0,1.1000025257850246,episode_demand_over_period_capacity,True,True,1900.0,1797.6143313206703,60.0,True,True,0.2834723098124403,1265.2034288537557,recurring
corridor-c88c67aac125443c85958d35d7c7d30b,state_transition__I95_NB::110P04156__Weekday__0026,state_transition,multiday_average,I95_NB::110P04156,110P04156,I95_NB,20,32264,35280,35667,201.0,mapped_primary_link,NORTHBOUND,672.0,0.764486,4.0,mapped_network,mapped_network,inrix_reference_speed,Weekday,0,PM,16.25,17.0,18.0,2.0,120.0,47.782,68.26,44.40782608695652,46.024701086956526,3497.064794674832,0.4281111687429028,0.5839604716085662,3060.857752730498,7149.679747244951,16.25,18.0,15.0,19.0,4.0,episode_period_overlap_over_period_total,4.0,7600.0,0.4601401045624779,episode_demand_over_period_capacity,True,True,1900.0,1726.1584484072391,45.0,True,True,0.075981515204919,228.13909090909152,recurring
corridor-c88c67aac125443c85958d35d7c7d30b,state_transition__I95_NB::110P04157__Weekday__0028,state_transition,multiday_average,I95_NB::110P04157,110P04157,I95_NB,21,32832,35667,34411,201.0,mapped_primary_link,NORTHBOUND,674.0,0.48243,4.0,mapped_network,mapped_network,inrix_reference_speed,Weekday,0,PM,16.25,17.0,17.75,1.75,105.0,47.2241,67.46300000000001,44.35217391304348,46.28747035573123,3089.022937636128,0.3698524266582203,0.6759452743324146,2654.0505251911018,7175.971641369553,16.25,17.75,15.0,19.0,4.0,episode_period_overlap_over_period_total,4.0,7600.0,0.4064503865310694,episode_demand_over_period_capacity,True,True,1900.0,1765.1273228775372,30.0,True,True,0.0647527693363394,152.36303359683785,recurring
corridor-055e1736b58f4f229c0fca26cea00f0e,state_transition__I95_SB::110-04146__Weekday__0001,state_transition,multiday_average,I95_SB::110-04146,110-04146,I95_SB,26,38991,40284,40272,601.0,mapped_primary_link,SOUTHBOUND,873.0,1.934601,3.0,mapped_network,mapped_network,inrix_reference_speed,Weekday,0,PM,15.0,16.25,17.5,2.75,165.0,50.169,71.67,39.19086956521739,45.003496098762895,4987.801589585148,0.6453961292227761,0.3873590012091716,4546.0444191624265,7043.804902637145,15.0,17.5,15.0,19.0,4.0,episode_period_overlap_over_period_total,4.0,8000.0,0.6234751986981435,episode_demand_over_period_capacity,True,True,2000.0,1826.970595557243,60.0,True,True,0.2801195930729205,1027.4844875776391,recurring
corridor-055e1736b58f4f229c0fca26cea00f0e,state_transition__I95_SB::110-04147__Weekday__0002,state_transition,multiday_average,I95_SB::110-04147,110-04147,I95_SB,27,39009,40295,40282,501.0,mapped_primary_link,SOUTHBOUND,871.0,1.971115,3.0,mapped_network,mapped_network,inrix_reference_speed,Weekday,0,PM,14.5,16.0,17.5,3.25,195.0,49.182,70.26,43.29434782608696,46.397779812578726,5779.849603267432,0.6336024717040742,0.3945691678374057,4454.836696562388,7030.964832856636,15.0,17.5,15.0,19.0,4.0,episode_period_overlap_over_period_total,4.0,8000.0,0.722481200408429,episode_demand_over_period_capacity,True,True,2000.0,1765.6705955811613,75.0,True,True,0.1359912429577112,615.8575017645398,recurring
corridor-055e1736b58f4f229c0fca26cea00f0e,state_transition__I95_SB::110-04152__Weekday__0003,state_transition,multiday_average,I95_SB::110-04152,110-04152,I95_SB,16,31941,35127,40321,201.0,mapped_primary_link,SOUTHBOUND,861.0,0.318173,4.0,mapped_network,mapped_network,inrix_reference_speed,Weekday,0,PM,7.5,18.0,21.0,13.75,825.0,48.15579999999999,68.794,10.322272727272727,20.12101383885173,17004.469156113835,1.0,0.25,4273.264405919185,4273.264405919185,15.0,19.0,15.0,19.0,4.0,episode_period_overlap_over_period_total,4.0,7600.0,2.237430152120241,episode_demand_over_period_capacity,True,True,1900.0,1178.5058161629563,165.0,True,True,3.6652322867585534,22404.91143289548,severe
corridor-055e1736b58f4f229c0fca26cea00f0e,state_transition__I95_SB::110-04153__Weekday__0005,state_transition,multiday_average,I95_SB::110-04153,110-04153,I95_SB,17,31931,35123,35215,401.0,mapped_primary_link,SOUTHBOUND,859.0,1.714464,4.0,mapped_network,mapped_network,inrix_reference_speed,Weekday,0,PM,14.0,17.5,20.0,6.25,375.0,48.503,69.29,16.197727272727274,24.32007818558253,9252.217131240302,1.0,0.25,5451.429657239763,5451.429657239763,15.0,19.0,15.0,19.0,4.0,episode_period_overlap_over_period_total,4.0,8000.0,1.1565271414050378,episode_demand_over_period_capacity,True,True,2000.0,1418.4031682326313,135.0,True,True,1.994432440016837,9111.193872106154,severe
corridor-055e1736b58f4f229c0fca26cea00f0e,state_transition__I95_SB::110-04154__Weekday__0006,state_transition,multiday_average,I95_SB::110-04154,110-04154,I95_SB,18,31922,35119,35282,301.0,mapped_primary_link,SOUTHBOUND,857.0,2.619553,4.0,mapped_network,mapped_network,inrix_reference_speed,Weekday,0,PM,14.75,17.5,19.5,5.0,300.0,48.237,68.91,22.838043478260868,33.48649143374741,8395.21634018515,1.0,0.25,6567.230713911632,6567.230713911632,15.0,19.0,15.0,19.0,4.0,episode_period_overlap_over_period_total,4.0,8000.0,1.0494020425231438,episode_demand_over_period_capacity,True,True,2000.0,1656.804165909093,105.0,True,True,1.1121336442815668,4467.07974520045,severe
corridor-055e1736b58f4f229c0fca26cea00f0e,state_transition__I95_SB::110N04146__Weekday__0008,state_transition,multiday_average,I95_SB::110N04146,110N04146,I95_SB,2,38965,40272,51086,601.0,mapped_primary_link,SOUTHBOUND,874.0,0.216262,3.0,mapped_network,mapped_network,inrix_reference_speed,Weekday,0,PM,15.25,16.25,17.25,2.25,135.0,50.98205,72.8315,41.29,46.45307701896375,4123.563047751082,0.5202575503125778,0.4805312289072914,3655.8354679542326,7026.972440395641,15.25,17.25,15.0,19.0,4.0,episode_period_overlap_over_period_total,4.0,8000.0,0.5154453809688853,episode_demand_over_period_capacity,True,True,2000.0,1839.735192894372,45.0,True,True,0.2347311697747638,636.6532017221909,recurring
corridor-055e1736b58f4f229c0fca26cea00f0e,state_transition__I95_SB::110N04147__Weekday__0009,state_transition,multiday_average,I95_SB::110N04147,110N04147,I95_SB,3,38986,40282,40284,501.0,mapped_primary_link,SOUTHBOUND,872.0,0.441556,3.0,mapped_network,mapped_network,inrix_reference_speed,Weekday,0,PM,16.0,16.25,17.0,1.25,75.0,49.46865,70.6695,45.92717391304348,46.80076256352344,2286.05366964881,0.2531550058825056,0.9875372565851216,1822.1669452549845,7197.830984628795,16.0,17.0,15.0,19.0,4.0,episode_period_overlap_over_period_total,4.0,8000.0,0.2857567087061012,episode_demand_over_period_capacity,True,True,2000.0,1817.9299649859745,30.0,True,True,0.077110690365181,200.92609345002785,recurring
corridor-055e1736b58f4f229c0fca26cea00f0e,state_transition__I95_SB::110N04153__Weekday__0012,state_transition,multiday_average,I95_SB::110N04153,110N04153,I95_SB,10,31935,35125,35127,501.0,mapped_primary_link,SOUTHBOUND,860.0,0.783386,4.0,mapped_network,mapped_network,inrix_reference_speed,Weekday,0,PM,9.5,18.25,20.75,11.5,690.0,47.572,67.96,9.30175,19.21981540254012,14710.5728601658,1.0,0.25,4304.459482723072,4304.459482723072,15.0,19.0,15.0,19.0,4.0,episode_period_overlap_over_period_total,4.0,8000.0,1.838821607520725,episode_demand_over_period_capacity,True,True,2000.0,1281.803245511272,135.0,True,True,4.114306447711452,19615.06896315641,severe
corridor-055e1736b58f4f229c0fca26cea00f0e,state_transition__I95_SB::110N04154__Weekday__0013,state_transition,multiday_average,I95_SB::110N04154,110N04154,I95_SB,11,31926,35121,35123,401.0,mapped_primary_link,SOUTHBOUND,858.0,0.208221,4.0,mapped_network,mapped_network,inrix_reference_speed,Weekday,0,PM,14.5,17.75,20.0,5.75,345.0,48.475,69.25,19.124772727272727,29.61959521559096,9094.641271261738,1.0,0.25,6046.573277356282,6046.573277356282,15.0,19.0,15.0,19.0,4.0,episode_period_overlap_over_period_total,4.0,8000.0,1.1368301589077172,episode_demand_over_period_capacity,True,True,2000.0,1631.481618497127,120.0,True,True,1.5346706437390814,6556.430954968942,severe
corridor-055e1736b58f4f229c0fca26cea00f0e,state_transition__I95_SB::110N04155__Weekday__0014,state_transition,multiday_average,I95_SB::110N04155,110N04155,I95_SB,12,31917,35117,35119,301.0,mapped_primary_link,SOUTHBOUND,856.0,0.637851,4.0,mapped_network,mapped_network,inrix_reference_speed,Weekday,0,PM,15.5,16.75,18.5,3.25,195.0,48.097,68.71,37.8352380952381,43.24353964546652,5727.96770965505,0.7423656876464377,0.3367612541368777,5278.192596434474,7109.963033405025,15.5,18.5,15.0,19.0,4.0,episode_period_overlap_over_period_total,4.0,8000.0,0.7159959637068813,episode_demand_over_period_capacity,True,True,2000.0,1747.4011295925934,60.0,True,True,0.2712223424874769,883.8035968379439,recurring
corridor-055e1736b58f4f229c0fca26cea00f0e,state_transition__I95_SB::110N04156__Weekday__0015,state_transition,multiday_average,I95_SB::110N04156,110N04156,I95_SB,5,32265,35281,35213,301.0,mapped_primary_link,SOUTHBOUND,854.0,0.739942,4.0,mapped_network,mapped_network,inrix_reference_speed,Weekday,0,PM,16.0,17.25,18.0,2.25,135.0,46.65255,66.6465,43.94717391304348,45.39093708827404,4241.399306885428,0.4982571422235228,0.5017489541331004,3779.036458103311,7584.510361936768,16.0,18.0,15.0,19.0,4.0,episode_period_overlap_over_period_total,4.0,8000.0,0.5301749133606785,episode_demand_over_period_capacity,True,True,2000.0,1890.8121957676128,30.0,True,True,0.0615597283299613,209.56406916996045,recurring
corridor-055e1736b58f4f229c0fca26cea00f0e,state_transition__I95_SB::110N04157__Weekday__0016,state_transition,multiday_average,I95_SB::110N04157,110N04157,I95_SB,6,31912,35115,35666,201.0,mapped_primary_link,SOUTHBOUND,852.0,0.442042,4.0,mapped_network,mapped_network,inrix_reference_speed,Weekday,0,PM,14.5,16.75,18.25,4.0,240.0,47.6469,68.067,36.38326086956522,40.59379601037549,6786.828738120459,0.8089778497747314,0.3090319470052427,5496.06081216942,6793.833494575726,15.0,18.25,15.0,19.0,4.0,episode_period_overlap_over_period_total,4.0,7600.0,0.8930037813316394,episode_demand_over_period_capacity,True,True,1900.0,1679.1917067230286,75.0,True,True,0.3095830022167383,1756.7379575098803,recurring
corridor-055e1736b58f4f229c0fca26cea00f0e,state_transition__I95_SB::110N04158__Weekday__0017,state_transition,multiday_average,I95_SB::110N04158,110N04158,I95_SB,7,31907,35113,35115,201.0,mapped_primary_link,SOUTHBOUND,850.001,0.529828,4.0,mapped_network,mapped_network,inrix_reference_speed,Weekday,0,PM,14.5,16.75,18.0,3.75,225.0,47.467,67.81,39.26173913043478,43.40151976284585,6269.1129746319775,0.7480551668373037,0.3341999508632137,5013.498476297575,6702.043777725785,15.0,18.0,15.0,19.0,4.0,episode_period_overlap_over_period_total,4.0,7600.0,0.8248832861357865,episode_demand_over_period_capacity,True,True,1900.0,1646.093490204381,60.0,True,True,0.208988726717016,1045.9663339920944,recurring
corridor-7c7af0e5d8914a2890375ba162d0c5a5,state_transition__I95I495_EB::110+15984__Weekday__0001,state_transition,multiday_average,I95I495_EB::110+15984,110+15984,I95I495_EB,4,32774,35648,32283,201.0,mapped_primary_link,EASTBOUND,2.0,1.428394,2.0,mapped_network,mapped_network,inrix_reference_speed,Weekday,0,PM,13.25,17.25,20.0,7.0,420.0,47.3704,67.672,11.99304347826087,22.829772021456808,9276.76891251703,1.0,0.25,4671.90222889189,4671.90222889189,15.0,19.0,15.0,19.0,4.0,episode_period_overlap_over_period_total,4.0,7600.0,1.2206274884890829,episode_demand_over_period_capacity,True,True,1900.0,1247.0890219739158,150.0,True,True,2.949823085846868,10424.688213438732,severe
corridor-7c7af0e5d8914a2890375ba162d0c5a5,state_transition__I95I495_EB::110+15985__Weekday__0002,state_transition,multiday_average,I95I495_EB::110+15985,110+15985,I95I495_EB,3,28316,32272,27116,201.0,mapped_primary_link,EASTBOUND,4.0,0.274061,2.0,mapped_network,mapped_network,inrix_reference_speed,Weekday,0,PM,13.25,17.25,19.75,6.75,405.0,47.19277499999999,67.41824999999999,22.73934782608696,29.620333615659703,10939.988141758296,1.0,0.25,6195.729181383949,6195.729181383949,15.0,19.0,15.0,19.0,4.0,episode_period_overlap_over_period_total,4.0,7600.0,1.439472123915565,episode_demand_over_period_capacity,True,True,1900.0,1593.3217103949544,135.0,True,True,1.0753794418791405,7156.727249788251,severe
corridor-7c7af0e5d8914a2890375ba162d0c5a5,state_transition__I95I495_EB::110P15983__Weekday__0003,state_transition,multiday_average,I95I495_EB::110P15983,110P15983,I95I495_EB,2,32772,35644,35642,201.0,mapped_primary_link,EASTBOUND,1.0,1.120594,2.0,mapped_network,mapped_network,inrix_reference_speed,Weekday,0,PM,13.75,16.75,20.0,6.5,390.0,46.9035,67.005,12.665227272727272,23.2730206749772,9025.94546632159,1.0,0.25,4957.93396350163,4957.93396350163,15.0,19.0,15.0,19.0,4.0,episode_period_overlap_over_period_total,4.0,7600.0,1.187624403463367,episode_demand_over_period_capacity,True,True,1900.0,1281.2154900226374,180.0,True,True,2.7033287275467903,9301.960197628456,severe
corridor-7c7af0e5d8914a2890375ba162d0c5a5,state_transition__I95I495_EB::110P15984__Weekday__0005,state_transition,multiday_average,I95I495_EB::110P15984,110P15984,I95I495_EB,1,28318,32276,32272,101.0,mapped_primary_link,EASTBOUND,3.0,0.075134,2.0,mapped_network,mapped_network,inrix_reference_speed,Weekday,0,PM,13.0,17.5,20.0,7.25,435.0,48.09,68.7,14.690217391304348,25.256672278338947,10288.404591166784,1.0,0.25,5072.8881999557325,5072.8881999557325,15.0,19.0,15.0,19.0,4.0,episode_period_overlap_over_period_total,4.0,7600.0,1.353737446206156,episode_demand_over_period_capacity,True,True,1900.0,1454.3782388492675,105.0,True,True,2.273607103218646,9377.521640316205,severe
corridor-f901f36238d448279cada46dac2c4a1d,state_transition__US15_NB::110+06895__Weekday__0001,state_transition,multiday_average,US15_NB::110+06895,110+06895,US15_NB,15,40005,40679,40478,502.0,mapped_primary_link,NORTHBOUND,208.0,0.951285,2.0,mapped_network,mapped_network,inrix_reference_speed,Weekday,0,PM,14.5,17.0,17.75,3.5,210.0,42.525,60.75,40.085,41.53584980237155,3818.065326626439,0.689607797432056,0.3625249031854681,2997.8477024894582,4347.177792439075,15.0,17.75,15.0,19.0,4.0,episode_period_overlap_over_period_total,4.0,4400.0,0.867742119687827,episode_demand_over_period_capacity,True,True,1100.0,1092.7658525472584,30.0,True,True,0.0608706498690283,228.37915019762812,recurring
corridor-f901f36238d448279cada46dac2c4a1d,state_transition__US15_NB::110+06902__Weekday__0004,state_transition,multiday_average,US15_NB::110+06902,110+06902,US15_NB,21,35965,38056,38145,302.0,mapped_primary_link,NORTHBOUND,228.0,2.04452,2.0,mapped_network,mapped_network,inrix_reference_speed,Weekday,0,PM,12.25,17.0,19.0,7.0,420.0,35.317449999999994,50.4535,18.750434782608696,28.26338121118012,6173.82300027764,1.0,0.25,3431.4496965096696,3431.4496965096696,15.0,19.0,15.0,19.0,4.0,episode_period_overlap_over_period_total,4.0,3840.0,1.607766406322302,episode_demand_over_period_capacity,True,True,960.0,907.2735851300702,105.0,True,True,0.8835536567268001,3013.4984347826057,recurring
corridor-f901f36238d448279cada46dac2c4a1d,state_transition__US15_NB::110+06903__Weekday__0005,state_transition,multiday_average,US15_NB::110+06903,110+06903,US15_NB,22,36185,38127,38571,602.0,mapped_primary_link,NORTHBOUND,231.0,4.437567,1.0,mapped_network,mapped_network,inrix_reference_speed,Weekday,0,PM,13.0,15.25,19.5,6.75,405.0,34.87574999999999,49.82249999999999,13.12217391304348,20.871301036590893,6119.693642264832,1.0,0.25,3380.587111847572,3380.587111847572,15.0,19.0,15.0,19.0,4.0,episode_period_overlap_over_period_total,4.0,4400.0,1.3908394641510982,episode_demand_over_period_capacity,True,True,1100.0,836.439525930444,240.0,True,True,1.6577722739471843,5715.217373658945,severe
corridor-f901f36238d448279cada46dac2c4a1d,state_transition__US15_NB::110+07887__Weekday__0006,state_transition,multiday_average,US15_NB::110+07887,110+07887,US15_NB,9,36192,38129,38128,502.0,mapped_primary_link,NORTHBOUND,230.0,1.104525,1.0,mapped_network,mapped_network,inrix_reference_speed,Weekday,0,PM,13.0,17.25,19.0,6.25,375.0,37.35025,53.3575,19.267954545454543,25.756197383775643,5908.886958462017,1.0,0.25,3681.487970391529,3681.487970391529,15.0,19.0,15.0,19.0,4.0,episode_period_overlap_over_period_total,4.0,4400.0,1.342928854195913,episode_demand_over_period_capacity,True,True,1100.0,954.216454867669,90.0,True,True,0.9384647141391148,4385.052448475436,recurring
corridor-f901f36238d448279cada46dac2c4a1d,state_transition__US15_NB::110P06896__Weekday__0007,state_transition,multiday_average,US15_NB::110P06896,110P06896,US15_NB,3,38417,40088,40024,403.0,mapped_primary_link,NORTHBOUND,212.0,0.298593,2.0,mapped_network,mapped_network,inrix_reference_speed,Weekday,0,MD,0.0,9.5,23.75,24.0,1440.0,31.5,45.0,21.634772727272725,25.3113994903108,19346.83451638296,1.0,0.1666666666666666,4723.040879866476,4723.040879866476,9.0,15.0,9.0,15.0,6.0,episode_period_overlap_over_period_total,6.0,5040.0,3.838657642139476,episode_demand_over_period_capacity,True,True,840.0,799.7135777969966,825.0,True,True,0.4559894109861018,8725.926718661769,recurring
corridor-185b9f03b04a4f64ad2c8adde17a133c,state_transition__US15_SB::110-06896__Weekday__0001,state_transition,multiday_average,US15_SB::110-06896,110-06896,US15_SB,12,38670,40166,40743,603.0,mapped_primary_link,SOUTHBOUND,231.6,3.655637,2.0,mapped_network,mapped_network,inrix_reference_speed,Weekday,0,PM,15.25,16.25,17.75,2.75,165.0,37.03699999999999,52.91,34.87826086956522,36.09111031261229,2455.5099974526174,0.6253430723970421,0.3997805541232098,2232.04601581717,3569.314372127564,15.25,17.75,15.0,19.0,4.0,episode_period_overlap_over_period_total,4.0,3600.0,0.6820861104035049,episode_demand_over_period_capacity,True,True,900.0,892.3795571222987,75.0,True,True,0.0618935427574169,170.85201581027562,recurring
corridor-185b9f03b04a4f64ad2c8adde17a133c,state_transition__US15_SB::110-06901__Weekday__0002,state_transition,multiday_average,US15_SB::110-06901,110-06901,US15_SB,3,36031,38078,38344,202.0,mapped_primary_link,SOUTHBOUND,231.11,0.243764,2.0,mapped_network,mapped_network,inrix_reference_speed,Weekday,0,PM,14.5,16.5,18.75,4.5,270.0,44.135,63.05,20.381521739130434,29.814160628019327,2887.733138759568,0.9333444259598576,0.2678539594243554,2359.917632718672,2528.453127356192,15.0,18.75,15.0,19.0,4.0,episode_period_overlap_over_period_total,4.0,3200.0,0.902416605862365,episode_demand_over_period_capacity,True,True,800.0,600.4817647969705,105.0,True,True,1.1654418431017013,4072.090760869565,severe
corridor-185b9f03b04a4f64ad2c8adde17a133c,state_transition__US15_SB::110-07858__Weekday__0004,state_transition,multiday_average,US15_SB::110-07858,110-07858,US15_SB,21,36798,38342,38055,202.0,mapped_primary_link,SOUTHBOUND,231.0,0.780834,2.0,mapped_network,mapped_network,inrix_reference_speed,Weekday,0,PM,15.0,16.75,18.75,4.0,240.0,43.379,61.97,14.669090909090908,26.98206765833804,2296.28530839068,0.9338279996653668,0.267715253868578,2144.3355161954382,2296.28530839068,15.0,18.75,15.0,19.0,4.0,episode_period_overlap_over_period_total,4.0,3200.0,0.7175891588720874,episode_demand_over_period_capacity,True,True,800.0,535.1555886865983,90.0,True,True,1.9571703024293503,4150.618339920948,severe
corridor-185b9f03b04a4f64ad2c8adde17a133c,state_transition__US15_SB::110-07887__Weekday__0006,state_transition,multiday_average,US15_SB::110-07887,110-07887,US15_SB,20,37535,38571,38127,602.0,mapped_primary_link,SOUTHBOUND,226.0,4.437567,1.0,mapped_network,mapped_network,inrix_reference_speed,Weekday,0,AM,6.75,7.75,10.0,3.5,210.0,34.630925,49.47275,21.644782608695653,27.333043478260876,3335.627149076975,0.7299609811596908,0.4566454124763844,2092.760289979812,2866.948157496088,6.75,9.0,6.0,9.0,3.0,episode_period_overlap_over_period_total,3.0,3300.0,1.0107961057809016,episode_demand_over_period_capacity,True,True,1100.0,931.1795750979112,90.0,True,True,0.5999664041942026,1373.1598962450585,recurring
corridor-185b9f03b04a4f64ad2c8adde17a133c,state_transition__US15_SB::110N06896__Weekday__0007,state_transition,multiday_average,US15_SB::110N06896,110N06896,US15_SB,18,38201,40024,40088,403.0,mapped_primary_link,SOUTHBOUND,231.7,0.261081,2.0,mapped_network,mapped_network,inrix_reference_speed,Weekday,0,PM,0.0,15.75,23.75,24.0,1440.0,31.5,45.0,16.49318181818182,22.904197633686763,18740.36695239236,1.0,0.25,2893.593813672434,2893.593813672434,15.0,19.0,15.0,19.0,4.0,episode_period_overlap_over_period_total,4.0,3360.0,5.577490164402488,episode_demand_over_period_capacity,True,True,840.0,796.8899229517382,450.0,True,True,0.9098801157503096,11604.333194522864,recurring
corridor-7f7dd736902a44088e81ceb2ced5f5f0,state_transition__US1_NB::110+05635__Weekday__0002,state_transition,multiday_average,US1_NB::110+05635,110+05635,US1_NB,50,35088,36432,36433,502.0,mapped_primary_link,NORTHBOUND,808.0,1.223211,2.0,mapped_network,mapped_network,inrix_reference_speed,Weekday,0,AM,6.25,7.75,8.75,2.75,165.0,36.32195,51.8885,25.898260869565217,31.717094861660083,2795.105649193444,0.8383627097464811,0.3976003816225707,2543.123615191066,3033.4407597400186,6.25,8.75,6.0,9.0,3.0,episode_period_overlap_over_period_total,3.0,3300.0,0.8470017118768013,episode_demand_over_period_capacity,True,True,1100.0,1029.6472639299009,45.0,True,True,0.4024860658765068,890.5654239130434,recurring
corridor-7f7dd736902a44088e81ceb2ced5f5f0,state_transition__US1_NB::110+05641__Weekday__0006,state_transition,multiday_average,US1_NB::110+05641,110+05641,US1_NB,41,29116,34153,36370,402.0,mapped_primary_link,NORTHBOUND,815.0,2.801993,2.0,mapped_network,mapped_network,inrix_reference_speed,Weekday,0,PM,6.75,16.75,20.5,14.0,840.0,31.5,45.0,25.451521739130435,28.55303213292344,13266.099625686144,1.0,0.25,3737.3728496583335,3737.3728496583335,15.0,19.0,15.0,19.0,4.0,episode_period_overlap_over_period_total,4.0,3840.0,3.4547134441891,episode_demand_over_period_capacity,True,True,960.0,947.7742445207504,180.0,True,True,0.2376470186287655,2402.489673913041,recurring
corridor-7f7dd736902a44088e81ceb2ced5f5f0,state_transition__US1_NB::110+05642__Weekday__0007,state_transition,multiday_average,US1_NB::110+05642,110+05642,US1_NB,46,29110,34152,34151,202.0,mapped_primary_link,NORTHBOUND,817.0,0.217267,3.0,mapped_network,mapped_network,inrix_reference_speed,Weekday,0,PM,2.5,15.0,23.75,21.5,1290.0,31.5,45.0,15.837826086956522,23.299742679160826,15779.036516406488,1.0,0.25,2682.054474822339,2682.054474822339,15.0,19.0,15.0,19.0,4.0,episode_period_overlap_over_period_total,4.0,3200.0,4.930948911377027,episode_demand_over_period_capacity,True,True,800.0,740.2480669886882,510.0,True,True,0.9889093255003154,10394.652485126922,recurring
corridor-7f7dd736902a44088e81ceb2ced5f5f0,state_transition__US1_NB::110+05643__Weekday__0008,state_transition,multiday_average,US1_NB::110+05643,110+05643,US1_NB,45,29109,34151,36642,202.0,mapped_primary_link,NORTHBOUND,818.0,0.441854,3.0,mapped_network,mapped_network,inrix_reference_speed,Weekday,0,PM,7.25,15.5,23.0,16.0,960.0,31.5,45.0,21.33195652173913,26.446088383332423,12338.742479273536,1.0,0.25,2963.588725291942,2963.588725291942,15.0,19.0,15.0,19.0,4.0,episode_period_overlap_over_period_total,4.0,3200.0,3.85585702477298,episode_demand_over_period_capacity,True,True,800.0,760.2469221695931,390.0,True,True,0.4766578006053379,4718.66357989836,recurring
corridor-7f7dd736902a44088e81ceb2ced5f5f0,state_transition__US1_NB::110+05644__Weekday__0009,state_transition,multiday_average,US1_NB::110+05644,110+05644,US1_NB,44,34385,36208,34147,202.0,mapped_primary_link,NORTHBOUND,819.0,1.683024,3.0,mapped_network,mapped_network,inrix_reference_speed,Weekday,0,PM,7.0,16.5,22.75,16.0,960.0,31.5,45.0,24.518043478260868,27.463615389519315,12550.247030083912,1.0,0.25,3090.951008251382,3090.951008251382,15.0,19.0,15.0,19.0,4.0,episode_period_overlap_over_period_total,4.0,3200.0,3.921952196901223,episode_demand_over_period_capacity,True,True,800.0,782.6201785994149,360.0,True,True,0.2847680944823243,3762.2937747035535,recurring
corridor-7f7dd736902a44088e81ceb2ced5f5f0,state_transition__US1_NB::110+05645__Weekday__0010,state_transition,multiday_average,US1_NB::110+05645,110+05645,US1_NB,43,34928,36381,34999,202.0,mapped_primary_link,NORTHBOUND,820.0,0.638504,3.0,mapped_network,mapped_network,inrix_reference_speed,Weekday,0,AM,6.0,7.5,22.75,17.0,1020.0,31.5,45.0,22.51869565217391,25.88499782908133,13125.6343669988,1.0,0.3333333333333333,2296.280188455071,2296.280188455071,6.0,9.0,6.0,9.0,3.0,episode_period_overlap_over_period_total,3.0,2400.0,5.469014319582834,episode_demand_over_period_capacity,True,True,800.0,769.6717112486333,870.0,True,True,0.3988376807676712,5563.241279644265,recurring
corridor-7f7dd736902a44088e81ceb2ced5f5f0,state_transition__US1_NB::110+05647__Weekday__0012,state_transition,multiday_average,US1_NB::110+05647,110+05647,US1_NB,39,29086,34145,36618,202.0,mapped_primary_link,NORTHBOUND,822.0,0.879859,3.0,mapped_network,mapped_network,inrix_reference_speed,Weekday,0,PM,10.0,16.25,21.25,11.5,690.0,31.5,45.0,22.923478260869565,28.12548268602853,8941.405674339827,1.0,0.25,2995.4148289663267,2995.4148289663267,15.0,19.0,15.0,19.0,4.0,episode_period_overlap_over_period_total,4.0,3200.0,2.794189273231196,episode_demand_over_period_capacity,True,True,800.0,760.3227462628507,285.0,True,True,0.3741370154009558,2337.1148715414997,recurring
corridor-7f7dd736902a44088e81ceb2ced5f5f0,state_transition__US1_NB::110+05648__Weekday__0013,state_transition,multiday_average,US1_NB::110+05648,110+05648,US1_NB,38,29080,34144,34143,202.0,mapped_primary_link,NORTHBOUND,823.0,0.180325,3.0,mapped_network,mapped_network,inrix_reference_speed,Weekday,0,PM,6.0,16.25,23.75,18.0,1080.0,31.5,45.0,11.254772727272726,21.479794914528707,12771.497495568845,1.0,0.25,2432.9480656846554,2432.9480656846554,15.0,19.0,15.0,19.0,4.0,episode_period_overlap_over_period_total,4.0,3200.0,3.991092967365264,episode_demand_over_period_capacity,True,True,800.0,761.7664942608226,420.0,True,True,1.7988126249469922,10557.99468757094,severe
corridor-7f7dd736902a44088e81ceb2ced5f5f0,state_transition__US1_NB::110+05649__Weekday__0014,state_transition,multiday_average,US1_NB::110+05649,110+05649,US1_NB,37,29074,34142,32237,202.0,mapped_primary_link,NORTHBOUND,825.0,0.158992,3.0,mapped_network,mapped_network,inrix_reference_speed,Weekday,0,PM,13.25,16.5,19.5,6.5,390.0,31.5,45.0,17.034782608695654,25.26593759501368,4836.9832917902695,1.0,0.25,2864.8164219045657,2864.8164219045657,15.0,19.0,15.0,19.0,4.0,episode_period_overlap_over_period_total,4.0,3200.0,1.511557278684459,episode_demand_over_period_capacity,True,True,800.0,731.066875669824,165.0,True,True,0.8491577335375187,2449.1042490118566,recurring
corridor-7f7dd736902a44088e81ceb2ced5f5f0,state_transition__US1_NB::110+05655__Weekday__0019,state_transition,multiday_average,US1_NB::110+05655,110+05655,US1_NB,34,27558,32011,32394,202.0,mapped_primary_link,NORTHBOUND,833.0,0.783012,2.0,mapped_network,mapped_network,inrix_reference_speed,Weekday,0,MD,0.0,14.75,23.75,24.0,1440.0,31.5,45.0,17.87818181818182,21.40799172418791,17505.01745035863,1.0,0.1666666666666666,4200.072830027648,4200.072830027648,9.0,15.0,9.0,15.0,6.0,episode_period_overlap_over_period_total,6.0,4800.0,3.646878635491381,episode_demand_over_period_capacity,True,True,800.0,711.7908296434139,540.0,True,True,0.7619241330214581,14532.491917169402,recurring
corridor-7f7dd736902a44088e81ceb2ced5f5f0,state_transition__US1_NB::110+05656__Weekday__0020,state_transition,multiday_average,US1_NB::110+05656,110+05656,US1_NB,33,27533,32005,32371,202.0,mapped_primary_link,NORTHBOUND,834.0,0.715702,2.0,mapped_network,mapped_network,inrix_reference_speed,Weekday,0,PM,0.0,17.5,23.75,24.0,1440.0,31.5,45.0,19.50391304347826,22.86371265994755,17900.09129032323,1.0,0.25,2865.9620955807204,2865.9620955807204,15.0,19.0,15.0,19.0,4.0,episode_period_overlap_over_period_total,4.0,3200.0,5.59377852822601,episode_demand_over_period_capacity,True,True,800.0,745.1388404133578,375.0,True,True,0.6150605229719788,12436.253769675524,recurring
corridor-7f7dd736902a44088e81ceb2ced5f5f0,state_transition__US1_NB::110+05657__Weekday__0021,state_transition,multiday_average,US1_NB::110+05657,110+05657,US1_NB,29,26200,30179,30545,202.0,mapped_primary_link,NORTHBOUND,835.0,0.319688,3.0,mapped_network,mapped_network,inrix_reference_speed,Weekday,0,AM,0.0,8.5,23.75,24.0,1440.0,31.5,45.0,19.77978260869565,25.079497853456527,18379.28273155923,1.0,0.3333333333333333,2222.874648723743,2222.874648723743,6.0,9.0,6.0,9.0,3.0,episode_period_overlap_over_period_total,3.0,2400.0,7.658034471483012,episode_demand_over_period_capacity,True,True,800.0,773.0744566823457,915.0,True,True,0.592535197335883,9245.523091022596,recurring
corridor-7f7dd736902a44088e81ceb2ced5f5f0,state_transition__US1_NB::110+05659__Weekday__0022,state_transition,multiday_average,US1_NB::110+05659,110+05659,US1_NB,27,26488,30276,30252,102.0,mapped_primary_link,NORTHBOUND,838.0,0.261229,3.0,mapped_network,mapped_network,inrix_reference_speed,Weekday,0,AM,0.0,8.25,23.75,24.0,1440.0,31.5,45.0,19.299347826086954,24.96679578915449,13663.635950302658,1.0,0.3333333333333333,1630.172260018684,1630.172260018684,6.0,9.0,6.0,9.0,3.0,episode_period_overlap_over_period_total,3.0,1800.0,7.590908861279255,episode_demand_over_period_capacity,True,True,600.0,574.0897440252259,870.0,True,True,0.6321795059531186,8819.82568464144,recurring
corridor-7f7dd736902a44088e81ceb2ced5f5f0,state_transition__US1_NB::110+09528__Weekday__0023,state_transition,multiday_average,US1_NB::110+09528,110+09528,US1_NB,5,39057,40310,40897,302.0,mapped_primary_link,NORTHBOUND,798.0,1.996769,2.0,mapped_network,mapped_network,inrix_reference_speed,Weekday,0,PM,14.75,16.25,18.0,3.5,210.0,31.5,45.0,29.85840909090909,30.55106648785997,3340.47509161268,0.7496563270590596,0.3334861468864845,2863.830615910155,3820.191349741701,15.0,18.0,15.0,19.0,4.0,episode_period_overlap_over_period_total,4.0,3840.0,0.8699153884408021,episode_demand_over_period_capacity,True,True,960.0,955.637103913379,90.0,True,True,0.054979182048608,204.2036561264816,recurring
corridor-7f7dd736902a44088e81ceb2ced5f5f0,state_transition__US1_NB::110+09529__Weekday__0024,state_transition,multiday_average,US1_NB::110+09529,110+09529,US1_NB,4,40440,40824,40125,402.0,mapped_primary_link,NORTHBOUND,800.0,2.674137,2.0,mapped_network,mapped_network,inrix_reference_speed,Weekday,0,PM,6.75,17.0,20.5,14.0,840.0,31.5,45.0,24.535869565217396,28.39699769853593,13180.600167061875,1.0,0.25,3715.148889781096,3715.148889781096,15.0,19.0,15.0,19.0,4.0,episode_period_overlap_over_period_total,4.0,3840.0,3.432447960172364,episode_demand_over_period_capacity,True,True,960.0,943.42816941461,195.0,True,True,0.2838346697381826,2629.139917419534,recurring
corridor-7f7dd736902a44088e81ceb2ced5f5f0,state_transition__US1_NB::110+09532__Weekday__0027,state_transition,multiday_average,US1_NB::110+09532,110+09532,US1_NB,1,39762,40599,40030,202.0,mapped_primary_link,NORTHBOUND,805.0,2.323876,3.0,mapped_network,mapped_network,inrix_reference_speed,Weekday,0,AM,6.0,7.25,8.25,2.5,150.0,31.5,45.0,28.929318181818186,30.47624600037644,1971.0449957902804,0.7481020373054525,0.4455720165312585,1772.1204465063245,2368.821842658292,6.0,8.25,6.0,9.0,3.0,episode_period_overlap_over_period_total,3.0,2400.0,0.8212687482459502,episode_demand_over_period_capacity,True,True,800.0,781.4092148112962,45.0,True,True,0.0888607813715243,201.784839073969,recurring
corridor-7f7dd736902a44088e81ceb2ced5f5f0,state_transition__US1_NB::110P05648__Weekday__0030,state_transition,multiday_average,US1_NB::110P05648,110P05648,US1_NB,12,29077,34143,34142,202.0,mapped_primary_link,NORTHBOUND,824.0,0.012106,3.0,mapped_network,mapped_network,inrix_reference_speed,Weekday,0,PM,6.0,16.5,23.75,18.0,1080.0,31.5,45.0,12.929565217391303,24.13942776938156,13338.889977052302,1.0,0.25,2601.298307831029,2601.298307831029,15.0,19.0,15.0,19.0,4.0,episode_period_overlap_over_period_total,4.0,3200.0,4.168403117828844,episode_demand_over_period_capacity,True,True,800.0,770.626867071541,435.0,True,True,1.4362768175398477,7989.679965589652,severe
corridor-7f7dd736902a44088e81ceb2ced5f5f0,state_transition__US1_NB::110P05657__Weekday__0031,state_transition,multiday_average,US1_NB::110P05657,110P05657,US1_NB,18,26221,30185,30186,102.0,mapped_primary_link,NORTHBOUND,836.0,0.360527,3.0,mapped_network,mapped_network,inrix_reference_speed,Weekday,0,AM,7.0,8.5,11.0,4.25,255.0,31.5,45.0,27.56217391304348,29.823591025342942,2523.0228712913363,0.6696158913635986,0.4977978235470739,1186.0869828446828,1771.2945557927965,7.0,9.0,6.0,9.0,3.0,episode_period_overlap_over_period_total,3.0,1800.0,1.4016793729396313,episode_demand_over_period_capacity,True,True,600.0,594.2404865970974,120.0,True,True,0.1428706639534331,447.2691699604736,recurring
corridor-7f7dd736902a44088e81ceb2ced5f5f0,state_transition__US1_NB::110P05657__Weekday__0032,state_transition,multiday_average,US1_NB::110P05657,110P05657,US1_NB,18,26221,30185,30186,102.0,mapped_primary_link,NORTHBOUND,836.0,0.360527,3.0,mapped_network,mapped_network,inrix_reference_speed,Weekday,0,PM,12.0,16.5,23.75,12.0,720.0,31.5,45.0,27.001304347826085,29.83736410921179,7124.132174283035,1.0,0.25,2363.121529705385,2363.121529705385,15.0,19.0,15.0,19.0,4.0,episode_period_overlap_over_period_total,4.0,2400.0,2.9683884059512646,episode_demand_over_period_capacity,True,True,600.0,592.6306421188358,375.0,True,True,0.16661030868074,1222.995800395255,recurring
corridor-7f7dd736902a44088e81ceb2ced5f5f0,state_transition__US1_NB::110P09528__Weekday__0033,state_transition,multiday_average,US1_NB::110P09528,110P09528,US1_NB,25,38532,40123,40124,402.0,mapped_primary_link,NORTHBOUND,799.0,0.364524,2.0,mapped_network,mapped_network,inrix_reference_speed,Weekday,0,PM,0.25,17.0,23.75,23.75,1425.0,31.5,45.0,19.652608695652173,27.13574037861452,22018.42995981999,1.0,0.25,3524.831184700515,3524.831184700515,15.0,19.0,15.0,19.0,4.0,episode_period_overlap_over_period_total,4.0,3840.0,5.733966135369789,episode_demand_over_period_capacity,True,True,960.0,946.6259049704822,390.0,True,True,0.6028406451184707,6253.305830039522,recurring
corridor-18862a87d7084c1582082f506d6d28da,state_transition__US1_SB::110-05634__Weekday__0001,state_transition,multiday_average,US1_SB::110-05634,110-05634,US1_SB,27,35091,36433,36432,502.0,mapped_primary_link,SOUTHBOUND,1004.0,1.216469,2.0,mapped_network,mapped_network,inrix_reference_speed,Weekday,0,PM,15.0,17.0,19.25,4.5,270.0,36.75875,52.5125,14.213,22.492846871928396,3926.826805752332,1.0,0.25,3428.5052159926163,3428.5052159926163,15.0,19.0,15.0,19.0,4.0,episode_period_overlap_over_period_total,4.0,4400.0,0.8924606376709845,episode_demand_over_period_capacity,True,True,1100.0,819.1891603648467,120.0,True,True,1.5862766481390276,3895.21676948052,severe
corridor-18862a87d7084c1582082f506d6d28da,state_transition__US1_SB::110-05635__Weekday__0003,state_transition,multiday_average,US1_SB::110-05635,110-05635,US1_SB,29,29330,34218,36427,402.0,mapped_primary_link,SOUTHBOUND,1003.0,1.137311,2.0,mapped_network,mapped_network,inrix_reference_speed,Weekday,0,PM,13.75,15.5,18.75,5.25,315.0,32.188625,45.98375,21.28,26.712764961056884,4644.523734649271,0.9346574992939874,0.2674776591305827,3284.284862687904,3513.891307959071,15.0,18.75,15.0,19.0,4.0,episode_period_overlap_over_period_total,4.0,3840.0,1.209511389231581,episode_demand_over_period_capacity,True,True,960.0,877.8454012529585,180.0,True,True,0.5126233552631578,1743.2175970496896,recurring
corridor-18862a87d7084c1582082f506d6d28da,state_transition__US1_SB::110-05640__Weekday__0004,state_transition,multiday_average,US1_SB::110-05640,110-05640,US1_SB,22,34892,36370,34153,402.0,mapped_primary_link,SOUTHBOUND,996.0,2.800067,2.0,mapped_network,mapped_network,inrix_reference_speed,Weekday,0,PM,7.25,17.5,21.0,14.0,840.0,31.5,45.0,27.221818181818183,29.63249770609825,13352.281927627748,1.0,0.25,3791.732934324728,3791.732934324728,15.0,19.0,15.0,19.0,4.0,episode_period_overlap_over_period_total,4.0,3840.0,3.4771567519863926,episode_demand_over_period_capacity,True,True,960.0,955.9149704116217,195.0,True,True,0.1571600320598449,1578.5888833992062,recurring
corridor-18862a87d7084c1582082f506d6d28da,state_transition__US1_SB::110-05641__Weekday__0005,state_transition,multiday_average,US1_SB::110-05641,110-05641,US1_SB,21,29106,34151,34152,202.0,mapped_primary_link,SOUTHBOUND,995.0,0.300916,3.0,mapped_network,mapped_network,inrix_reference_speed,Weekday,0,PM,3.0,15.0,23.75,21.0,1260.0,31.5,45.0,19.633695652173916,24.850554300771687,15865.225363397933,1.0,0.25,2895.619763410896,2895.619763410896,15.0,19.0,15.0,19.0,4.0,episode_period_overlap_over_period_total,4.0,3200.0,4.9578829260618535,episode_demand_over_period_capacity,True,True,800.0,750.5946926130475,525.0,True,True,0.6043846537120079,8410.526235177862,recurring
corridor-18862a87d7084c1582082f506d6d28da,state_transition__US1_SB::110-05642__Weekday__0006,state_transition,multiday_average,US1_SB::110-05642,110-05642,US1_SB,24,35726,36642,34151,202.0,mapped_primary_link,SOUTHBOUND,994.0,0.436632,3.0,mapped_network,mapped_network,inrix_reference_speed,Weekday,0,PM,7.0,17.0,23.5,16.75,1005.0,31.5,45.0,19.72978260869565,24.34316463970812,12579.38142981578,1.0,0.25,2895.4697258615097,2895.4697258615097,15.0,19.0,15.0,19.0,4.0,episode_period_overlap_over_period_total,4.0,3200.0,3.931056696817431,episode_demand_over_period_capacity,True,True,800.0,782.49821025452,330.0,True,True,0.5965710633890495,7000.2123023715385,recurring
corridor-18862a87d7084c1582082f506d6d28da,state_transition__US1_SB::110-05643__Weekday__0007,state_transition,multiday_average,US1_SB::110-05643,110-05643,US1_SB,23,29093,34147,36208,202.0,mapped_primary_link,SOUTHBOUND,993.0,1.685481,3.0,mapped_network,mapped_network,inrix_reference_speed,Weekday,0,PM,6.75,16.75,20.75,14.25,855.0,31.5,45.0,25.296739130434784,27.6080662212184,11192.407333575104,1.0,0.25,3115.9585580498847,3115.9585580498847,15.0,19.0,15.0,19.0,4.0,episode_period_overlap_over_period_total,4.0,3200.0,3.49762729174222,episode_demand_over_period_capacity,True,True,800.0,788.1655295674192,225.0,True,True,0.2452197825806727,3357.935989553921,recurring
corridor-18862a87d7084c1582082f506d6d28da,state_transition__US1_SB::110-05644__Weekday__0008,state_transition,multiday_average,US1_SB::110-05644,110-05644,US1_SB,18,31631,34999,36381,202.0,mapped_primary_link,SOUTHBOUND,992.0,0.64276,3.0,mapped_network,mapped_network,inrix_reference_speed,Weekday,0,AM,6.25,8.0,23.25,17.25,1035.0,31.5,45.0,25.49065217391304,28.53855734976009,13612.79028162972,0.9155773525987226,0.3640690023483204,2158.537553362955,2357.569840752706,6.25,9.0,6.0,9.0,3.0,episode_period_overlap_over_period_total,3.0,2400.0,5.67199595067905,episode_demand_over_period_capacity,True,True,800.0,790.9060304251641,855.0,True,True,0.2357471195749507,3095.801492800674,recurring
corridor-18862a87d7084c1582082f506d6d28da,state_transition__US1_SB::110-05646__Weekday__0009,state_transition,multiday_average,US1_SB::110-05646,110-05646,US1_SB,20,35654,36618,34145,202.0,mapped_primary_link,SOUTHBOUND,990.0,0.880328,3.0,mapped_network,mapped_network,inrix_reference_speed,Weekday,0,MD,6.5,13.5,23.75,17.5,1050.0,31.5,45.0,23.59413043478261,27.434327982576427,13661.310889751048,1.0,0.1666666666666666,4642.260429471289,4642.260429471289,9.0,15.0,9.0,15.0,6.0,episode_period_overlap_over_period_total,6.0,4800.0,2.846106435364802,episode_demand_over_period_capacity,True,True,800.0,784.6552423970436,600.0,True,True,0.3350778104355356,4297.419748729527,recurring
corridor-18862a87d7084c1582082f506d6d28da,state_transition__US1_SB::110-05647__Weekday__0010,state_transition,multiday_average,US1_SB::110-05647,110-05647,US1_SB,19,29078,34143,34144,202.0,mapped_primary_link,SOUTHBOUND,989.0,0.185344,3.0,mapped_network,mapped_network,inrix_reference_speed,Weekday,0,MD,7.25,13.25,23.75,16.75,1005.0,31.5,45.0,22.440652173913044,26.20288418859964,12915.55958622101,1.0,0.1666666666666666,4545.881538728461,4545.881538728461,9.0,15.0,9.0,15.0,6.0,episode_period_overlap_over_period_total,6.0,4800.0,2.6907415804627104,episode_demand_over_period_capacity,True,True,800.0,776.8154356924397,630.0,True,True,0.4037025196896158,5329.06008610954,recurring
corridor-18862a87d7084c1582082f506d6d28da,state_transition__US1_SB::110-05653__Weekday__0016,state_transition,multiday_average,US1_SB::110-05653,110-05653,US1_SB,15,28593,32374,32233,202.0,mapped_primary_link,SOUTHBOUND,980.0,0.291414,2.0,mapped_network,mapped_network,inrix_reference_speed,Weekday,0,MD,0.0,13.25,23.75,24.0,1440.0,31.5,45.0,23.0295652173913,25.84075716403162,18568.54459761784,1.0,0.1666666666666666,4563.365938894678,4563.365938894678,9.0,15.0,9.0,15.0,6.0,episode_period_overlap_over_period_total,6.0,4800.0,3.868446791170384,episode_demand_over_period_capacity,True,True,800.0,771.9587919488762,630.0,True,True,0.3678069777979158,8149.309683794461,recurring
corridor-18862a87d7084c1582082f506d6d28da,state_transition__US1_SB::110-05654__Weekday__0017,state_transition,multiday_average,US1_SB::110-05654,110-05654,US1_SB,14,28656,32394,32011,202.0,mapped_primary_link,SOUTHBOUND,979.001,0.591524,2.0,mapped_network,mapped_network,inrix_reference_speed,Weekday,0,MD,0.0,14.0,23.75,24.0,1440.0,31.5,45.0,18.74934782608696,21.21100872859025,17521.67892216899,1.0,0.1666666666666666,4279.946614730588,4279.946614730588,9.0,15.0,9.0,15.0,6.0,episode_period_overlap_over_period_total,6.0,4800.0,3.650349775451873,episode_demand_over_period_capacity,True,True,800.0,721.1780457727482,585.0,True,True,0.6800584368151934,14816.147430830031,recurring
corridor-18862a87d7084c1582082f506d6d28da,state_transition__US1_SB::110-05658__Weekday__0020,state_transition,multiday_average,US1_SB::110-05658,110-05658,US1_SB,10,26432,30252,30276,102.0,mapped_primary_link,SOUTHBOUND,975.0,0.2864,3.0,mapped_network,mapped_network,inrix_reference_speed,Weekday,0,PM,0.0,16.75,23.75,24.0,1440.0,31.5,45.0,15.137391304347828,22.3891286849473,13238.08988504922,1.0,0.25,1991.783919580212,1991.783919580212,15.0,19.0,15.0,19.0,4.0,episode_period_overlap_over_period_total,4.0,2400.0,5.515870785437175,episode_demand_over_period_capacity,True,True,600.0,555.0412785655354,420.0,True,True,1.0809397977941173,13119.654693675884,severe
corridor-18862a87d7084c1582082f506d6d28da,state_transition__US1_SB::110-09527__Weekday__0021,state_transition,multiday_average,US1_SB::110-09527,110-09527,US1_SB,50,40659,40897,40310,302.0,mapped_primary_link,SOUTHBOUND,1014.0,2.13122,2.0,mapped_network,mapped_network,inrix_reference_speed,Weekday,0,PM,7.5,15.75,21.0,13.75,825.0,31.5,45.0,26.56978260869565,29.668013181445296,13063.640801574358,1.0,0.25,3784.39013485186,3784.39013485186,15.0,19.0,15.0,19.0,4.0,episode_period_overlap_over_period_total,4.0,3840.0,3.401989792076656,episode_demand_over_period_capacity,True,True,960.0,951.7903362507608,300.0,True,True,0.1855573101185554,1479.229965415017,recurring
corridor-18862a87d7084c1582082f506d6d28da,state_transition__US1_SB::110-09528__Weekday__0022,state_transition,multiday_average,US1_SB::110-09528,110-09528,US1_SB,49,38540,40125,40824,402.0,mapped_primary_link,SOUTHBOUND,1012.0,2.674137,2.0,mapped_network,mapped_network,inrix_reference_speed,Weekday,0,PM,6.75,16.5,20.75,14.25,855.0,31.5,45.0,21.68195652173913,28.239650476652766,13318.399807179978,1.0,0.25,3624.048021238241,3624.048021238241,15.0,19.0,15.0,19.0,4.0,episode_period_overlap_over_period_total,4.0,3840.0,3.4683332831197857,episode_demand_over_period_capacity,True,True,960.0,940.8005719912052,240.0,True,True,0.4528209190170145,2812.942320722753,recurring
corridor-18862a87d7084c1582082f506d6d28da,state_transition__US1_SB::110-09529__Weekday__0023,state_transition,multiday_average,US1_SB::110-09529,110-09529,US1_SB,48,38197,40022,40025,402.0,mapped_primary_link,SOUTHBOUND,1011.0,0.886861,3.0,mapped_network,mapped_network,inrix_reference_speed,Weekday,0,PM,12.75,17.25,20.75,8.25,495.0,31.5,45.0,20.56065217391304,27.148013548813942,7575.77071903939,1.0,0.25,3587.2457563123394,3587.2457563123394,15.0,19.0,15.0,19.0,4.0,episode_period_overlap_over_period_total,4.0,3840.0,1.9728569580831743,episode_demand_over_period_capacity,True,True,960.0,934.7146667613888,195.0,True,True,0.5320525698093657,2182.9941629023137,recurring
corridor-18862a87d7084c1582082f506d6d28da,state_transition__US1_SB::110-09531__Weekday__0024,state_transition,multiday_average,US1_SB::110-09531,110-09531,US1_SB,46,38222,40030,40599,202.0,mapped_primary_link,SOUTHBOUND,1007.0,2.321686,3.0,mapped_network,mapped_network,inrix_reference_speed,Weekday,0,PM,10.75,17.5,21.0,10.5,630.0,31.5,45.0,22.086304347826086,26.997425148221343,8148.249252572937,1.0,0.25,3012.723489612765,3012.723489612765,15.0,19.0,15.0,19.0,4.0,episode_period_overlap_over_period_total,4.0,3200.0,2.546327891429043,episode_demand_over_period_capacity,True,True,800.0,770.7439901495684,165.0,True,True,0.4262232152524188,2724.354693675887,recurring
corridor-18862a87d7084c1582082f506d6d28da,state_transition__US1_SB::110-09532__Weekday__0025,state_transition,multiday_average,US1_SB::110-09532,110-09532,US1_SB,45,40623,40886,40224,402.0,mapped_primary_link,SOUTHBOUND,1006.0,1.256677,3.0,mapped_network,mapped_network,inrix_reference_speed,Weekday,0,PM,13.75,17.25,19.5,6.0,360.0,32.558049999999994,46.5115,18.25282608695652,24.245041065653712,5209.442194926896,1.0,0.25,3362.8854344829624,3362.8854344829624,15.0,19.0,15.0,19.0,4.0,episode_period_overlap_over_period_total,4.0,3840.0,1.356625571595546,episode_demand_over_period_capacity,True,True,960.0,862.3343971601676,90.0,True,True,0.7837265223967698,2759.7275352907945,recurring
corridor-18862a87d7084c1582082f506d6d28da,state_transition__US1_SB::110N05648__Weekday__0026,state_transition,multiday_average,US1_SB::110N05648,110N05648,US1_SB,41,29075,34142,34143,202.0,mapped_primary_link,SOUTHBOUND,988.0,0.011159,3.0,mapped_network,mapped_network,inrix_reference_speed,Weekday,0,MD,7.0,13.25,23.75,17.0,1020.0,31.5,45.0,22.609565217391303,26.43363807445883,13076.826800457762,1.0,0.1666666666666666,4537.072981681749,4537.072981681749,9.0,15.0,9.0,15.0,6.0,episode_period_overlap_over_period_total,6.0,4800.0,2.7243389167620338,episode_demand_over_period_capacity,True,True,800.0,771.3025241294575,630.0,True,True,0.3932156455520941,5196.459816225903,recurring
corridor-18862a87d7084c1582082f506d6d28da,state_transition__US1_SB::110N09528__Weekday__0029,state_transition,multiday_average,US1_SB::110N09528,110N09528,US1_SB,4,38535,40124,40123,402.0,mapped_primary_link,SOUTHBOUND,1013.0,0.364524,2.0,mapped_network,mapped_network,inrix_reference_speed,Weekday,0,PM,0.0,16.0,23.75,24.0,1440.0,31.5,45.0,24.22904761904762,29.25072848780899,22774.433161364857,1.0,0.25,3721.419696046137,3721.419696046137,15.0,19.0,15.0,19.0,4.0,episode_period_overlap_over_period_total,4.0,3840.0,5.930841969105432,episode_demand_over_period_capacity,True,True,960.0,952.2751535123824,465.0,True,True,0.3000923723983411,3250.658240400899,recurring
corridor-7394cd06956e41a0896e1e5e004a14de,state_transition__US29_NB::110-05737__Weekday__0001,state_transition,multiday_average,US29_NB::110-05737,110-05737,US29_NB,16,31274,34802,36293,202.0,mapped_primary_link,NORTHBOUND,512.0,1.740064,2.0,mapped_network,mapped_network,inrix_reference_speed,Weekday,0,PM,6.25,15.5,23.0,17.0,1020.0,31.5,45.0,26.90804347826087,29.24231372876136,13485.212646773263,1.0,0.25,3165.191209644036,3165.191209644036,15.0,19.0,15.0,19.0,4.0,episode_period_overlap_over_period_total,4.0,3200.0,4.214128952116645,episode_demand_over_period_capacity,True,True,800.0,794.1838926899161,405.0,True,True,0.1706536755616956,2258.665930265384,recurring
corridor-7394cd06956e41a0896e1e5e004a14de,state_transition__US29_NB::110-05738__Weekday__0002,state_transition,multiday_average,US29_NB::110-05738,110-05738,US29_NB,18,29796,34356,36312,202.0,mapped_primary_link,NORTHBOUND,511.0,0.883095,2.0,mapped_network,mapped_network,inrix_reference_speed,Weekday,0,AM,0.0,7.75,23.75,24.0,1440.0,31.5,45.0,17.882142857142856,26.521699059112333,18514.57219157697,1.0,0.3333333333333333,2259.659694261993,2259.659694261993,6.0,9.0,6.0,9.0,3.0,episode_period_overlap_over_period_total,3.0,2400.0,7.71440507982374,episode_demand_over_period_capacity,True,True,800.0,768.3273589573921,930.0,True,True,0.7615338526063511,7034.09454404291,recurring
corridor-7394cd06956e41a0896e1e5e004a14de,state_transition__US29_NB::110-05739__Weekday__0003,state_transition,multiday_average,US29_NB::110-05739,110-05739,US29_NB,17,29781,34352,34353,202.0,mapped_primary_link,NORTHBOUND,509.0,0.439799,2.0,mapped_network,mapped_network,inrix_reference_speed,Weekday,0,AM,0.0,7.75,23.75,24.0,1440.0,31.5,45.0,23.18543478260869,26.700131031472385,18676.510888739504,1.0,0.3333333333333333,2328.469508384847,2328.469508384847,6.0,9.0,6.0,9.0,3.0,episode_period_overlap_over_period_total,3.0,2400.0,7.7818795369747935,episode_demand_over_period_capacity,True,True,800.0,772.0215767803393,930.0,True,True,0.3586115721076761,6767.815245623937,recurring
corridor-7394cd06956e41a0896e1e5e004a14de,state_transition__US29_NB::110-06534__Weekday__0005,state_transition,multiday_average,US29_NB::110-06534,110-06534,US29_NB,69,38627,40152,40551,302.0,mapped_primary_link,NORTHBOUND,492.0,3.228528,2.0,mapped_network,mapped_network,inrix_reference_speed,Weekday,0,MD,8.75,12.5,17.5,9.0,540.0,38.58155,55.1165,34.98108695652174,37.57591664729132,8518.986559190063,1.0,0.1666666666666666,5677.98148301136,5677.98148301136,9.0,15.0,9.0,15.0,6.0,episode_period_overlap_over_period_total,6.0,5760.0,1.4789907220816083,episode_demand_over_period_capacity,True,True,960.0,949.775063817297,240.0,True,True,0.1029259910634938,523.4043468379444,recurring
corridor-7394cd06956e41a0896e1e5e004a14de,state_transition__US29_NB::110-06783__Weekday__0006,state_transition,multiday_average,US29_NB::110-06783,110-06783,US29_NB,44,27053,30526,30108,102.0,mapped_primary_link,NORTHBOUND,531.0,0.563857,3.0,mapped_network,mapped_network,inrix_reference_speed,Weekday,0,PM,0.0,18.5,23.75,24.0,1440.0,31.5,45.0,20.937391304347827,22.965180926599064,13506.073231952969,1.0,0.25,2208.9121239249616,2208.9121239249616,15.0,19.0,15.0,19.0,4.0,episode_period_overlap_over_period_total,4.0,2400.0,5.6275305133137365,episode_demand_over_period_capacity,True,True,600.0,566.9192566878866,315.0,True,True,0.5044854223772737,12290.13946569734,recurring
corridor-7394cd06956e41a0896e1e5e004a14de,state_transition__US29_NB::110-06784__Weekday__0007,state_transition,multiday_average,US29_NB::110-06784,110-06784,US29_NB,48,26902,30478,30293,202.0,mapped_primary_link,NORTHBOUND,528.0,0.471245,2.0,mapped_network,mapped_network,inrix_reference_speed,Weekday,0,PM,0.0,17.75,23.75,24.0,1440.0,31.5,45.0,19.563695652173912,23.344785966222787,18064.302009298277,1.0,0.25,2891.4608791258925,2891.4608791258925,15.0,19.0,15.0,19.0,4.0,episode_period_overlap_over_period_total,4.0,3200.0,5.645094377905711,episode_demand_over_period_capacity,True,True,800.0,771.995821742126,360.0,True,True,0.6101252319624859,11743.50820863918,recurring
corridor-7394cd06956e41a0896e1e5e004a14de,state_transition__US29_NB::110-06785__Weekday__0008,state_transition,multiday_average,US29_NB::110-06785,110-06785,US29_NB,47,26886,30472,30036,202.0,mapped_primary_link,NORTHBOUND,526.0,0.548641,2.0,mapped_network,mapped_network,inrix_reference_speed,Weekday,0,PM,0.0,16.25,23.75,24.0,1440.0,31.5,45.0,19.898695652173917,23.14594971943817,18019.78897456241,1.0,0.25,2897.123804704768,2897.123804704768,15.0,19.0,15.0,19.0,4.0,episode_period_overlap_over_period_total,4.0,3200.0,5.631184054550754,episode_demand_over_period_capacity,True,True,800.0,768.0256331211807,450.0,True,True,0.5830183319859286,12029.83240400903,recurring
corridor-7394cd06956e41a0896e1e5e004a14de,state_transition__US29_NB::110-06786__Weekday__0009,state_transition,multiday_average,US29_NB::110-06786,110-06786,US29_NB,50,26568,30304,30051,402.0,mapped_primary_link,NORTHBOUND,525.0,0.733903,2.0,mapped_network,mapped_network,inrix_reference_speed,Weekday,0,PM,1.75,17.0,22.75,21.25,1275.0,31.5,45.0,25.947391304347825,28.962785631248543,20172.62401192398,1.0,0.25,3761.475309260183,3761.475309260183,15.0,19.0,15.0,19.0,4.0,episode_period_overlap_over_period_total,4.0,3840.0,5.253287503105203,episode_demand_over_period_capacity,True,True,960.0,952.2421393476068,300.0,True,True,0.2139948725682399,3263.0994071146206,recurring
corridor-7394cd06956e41a0896e1e5e004a14de,state_transition__US29_NB::110-06787__Weekday__0010,state_transition,multiday_average,US29_NB::110-06787,110-06787,US29_NB,49,27281,30598,30042,202.0,mapped_primary_link,NORTHBOUND,523.0,0.286654,2.0,mapped_network,mapped_network,inrix_reference_speed,Weekday,0,PM,0.0,17.0,23.75,24.0,1440.0,31.5,45.0,20.501304347826085,24.40605320479641,18210.02841791138,1.0,0.25,2923.248122346596,2923.248122346596,15.0,19.0,15.0,19.0,4.0,episode_period_overlap_over_period_total,4.0,3200.0,5.690633880597306,episode_demand_over_period_capacity,True,True,800.0,770.4127738622758,405.0,True,True,0.5364876041821305,10215.283385093164,recurring
corridor-7394cd06956e41a0896e1e5e004a14de,state_transition__US29_NB::110-06788__Weekday__0011,state_transition,multiday_average,US29_NB::110-06788,110-06788,US29_NB,46,30086,34441,34442,202.0,mapped_primary_link,NORTHBOUND,521.1,0.390838,2.0,mapped_network,mapped_network,inrix_reference_speed,Weekday,0,AM,5.5,7.75,23.0,17.75,1065.0,31.5,45.0,25.041304347826088,29.1433490863264,14001.645673114235,1.0,0.3333333333333333,2340.1998370548563,2340.1998370548563,6.0,9.0,6.0,9.0,3.0,episode_period_overlap_over_period_total,3.0,2400.0,5.834019030464265,episode_demand_over_period_capacity,True,True,800.0,792.1875449689367,855.0,True,True,0.2579216945915441,2519.118083003949,recurring
corridor-7394cd06956e41a0896e1e5e004a14de,state_transition__US29_NB::110-06789__Weekday__0012,state_transition,multiday_average,US29_NB::110-06789,110-06789,US29_NB,45,33499,35915,34691,202.0,mapped_primary_link,NORTHBOUND,518.0,0.47086,2.0,mapped_network,mapped_network,inrix_reference_speed,Weekday,0,AM,6.25,8.5,20.0,14.0,840.0,31.5,45.0,26.674347826086954,29.5396195063994,11076.700020601447,0.9166166785812752,0.3636561947020879,2163.9269811499453,2360.776354734497,6.25,9.0,6.0,9.0,3.0,episode_period_overlap_over_period_total,3.0,2400.0,4.615291675250603,episode_demand_over_period_capacity,True,True,800.0,792.4685397755708,615.0,True,True,0.180909846620267,1684.658956804063,recurring
corridor-7394cd06956e41a0896e1e5e004a14de,state_transition__US29_NB::110-06791__Weekday__0014,state_transition,multiday_average,US29_NB::110-06791,110-06791,US29_NB,35,34639,36290,36291,202.0,mapped_primary_link,NORTHBOUND,515.0,0.676324,2.0,mapped_network,mapped_network,inrix_reference_speed,Weekday,0,AM,0.25,7.75,23.75,23.75,1425.0,31.5,45.0,24.16217391304348,27.680675103881622,18630.55606072737,1.0,0.3333333333333333,2319.457905059729,2319.457905059729,6.0,9.0,6.0,9.0,3.0,episode_period_overlap_over_period_total,3.0,2400.0,7.762731691969737,episode_demand_over_period_capacity,True,True,800.0,786.1657242032236,930.0,True,True,0.3036906411386824,5213.378483201577,recurring
corridor-7394cd06956e41a0896e1e5e004a14de,state_transition__US29_NB::110-06793__Weekday__0015,state_transition,multiday_average,US29_NB::110-06793,110-06793,US29_NB,37,35399,36535,34352,202.0,mapped_primary_link,NORTHBOUND,508.0,0.323712,2.0,mapped_network,mapped_network,inrix_reference_speed,Weekday,0,PM,7.0,17.5,23.75,17.0,1020.0,31.5,45.0,23.553260869565214,27.42352579973656,13277.948819619687,1.0,0.25,3079.979349559995,3079.979349559995,15.0,19.0,15.0,19.0,4.0,episode_period_overlap_over_period_total,4.0,3200.0,4.149359006131152,episode_demand_over_period_capacity,True,True,800.0,786.2101057678317,330.0,True,True,0.3373944344455211,4061.33259810841,recurring
corridor-7394cd06956e41a0896e1e5e004a14de,state_transition__US29_NB::110-06796__Weekday__0017,state_transition,multiday_average,US29_NB::110-06796,110-06796,US29_NB,40,29759,34346,34347,402.0,mapped_primary_link,NORTHBOUND,504.0,0.358733,2.0,mapped_network,mapped_network,inrix_reference_speed,Weekday,0,MD,6.5,13.5,23.75,17.5,1050.0,31.5,45.0,19.89260869565217,25.685007595923743,15985.989031348943,1.0,0.1666666666666666,5225.173527279143,5225.173527279143,9.0,15.0,9.0,15.0,6.0,episode_period_overlap_over_period_total,6.0,5760.0,2.7753453179425254,episode_demand_over_period_capacity,True,True,960.0,934.9224633524254,615.0,True,True,0.5835027211330406,6138.018111236586,recurring
corridor-7394cd06956e41a0896e1e5e004a14de,state_transition__US29_NB::110-06797__Weekday__0018,state_transition,multiday_average,US29_NB::110-06797,110-06797,US29_NB,43,29739,34341,36548,202.0,mapped_primary_link,NORTHBOUND,502.0,0.494102,3.0,mapped_network,mapped_network,inrix_reference_speed,Weekday,0,PM,8.75,17.5,23.75,15.25,915.0,31.5,45.0,21.36,26.51894803343485,11784.549341173097,1.0,0.25,3007.6205930679,3007.6205930679,15.0,19.0,15.0,19.0,4.0,episode_period_overlap_over_period_total,4.0,3200.0,3.682671669116592,episode_demand_over_period_capacity,True,True,800.0,785.6538776167624,360.0,True,True,0.4747191011235954,4566.166304347824,recurring
corridor-7394cd06956e41a0896e1e5e004a14de,state_transition__US29_NB::110-06802__Weekday__0020,state_transition,multiday_average,US29_NB::110-06802,110-06802,US29_NB,28,39922,40651,40300,603.0,mapped_primary_link,NORTHBOUND,496.0,2.54154,1.0,mapped_network,mapped_network,inrix_reference_speed,Weekday,0,AM,6.5,7.5,9.0,2.75,165.0,35.42245,50.6035,28.149545454545454,32.25977894890938,2264.149795825395,0.8393941648937285,0.3971118066749189,2054.6506179297157,2447.778056915424,6.5,9.0,6.0,9.0,3.0,episode_period_overlap_over_period_total,3.0,2700.0,0.83857399845385,episode_demand_over_period_capacity,True,True,900.0,811.2084872204316,45.0,True,True,0.2583666779699332,505.36643972332,recurring
corridor-7394cd06956e41a0896e1e5e004a14de,state_transition__US29_NB::110-07953__Weekday__0022,state_transition,multiday_average,US29_NB::110-07953,110-07953,US29_NB,55,26532,30293,30102,202.0,mapped_primary_link,NORTHBOUND,530.0,0.109972,2.0,mapped_network,mapped_network,inrix_reference_speed,Weekday,0,PM,0.0,16.75,23.75,24.0,1440.0,31.5,45.0,15.079545454545457,20.547248398680125,17195.686259852497,1.0,0.25,2653.0167813956937,2653.0167813956937,15.0,19.0,15.0,19.0,4.0,episode_period_overlap_over_period_total,4.0,3200.0,5.373651956203905,episode_demand_over_period_capacity,True,True,800.0,730.5078398183077,420.0,True,True,1.088922381311228,15771.962305900615,severe
corridor-7394cd06956e41a0896e1e5e004a14de,state_transition__US29_NB::110-07954__Weekday__0023,state_transition,multiday_average,US29_NB::110-07954,110-07954,US29_NB,53,30020,34421,34422,202.0,mapped_primary_link,NORTHBOUND,522.0,0.274971,2.0,mapped_network,mapped_network,inrix_reference_speed,Weekday,0,AM,0.0,7.75,23.75,24.0,1440.0,31.5,45.0,13.997391304347826,17.303575009116788,16199.378251924392,1.0,0.3333333333333333,1949.8663693259412,1949.8663693259412,6.0,9.0,6.0,9.0,3.0,episode_period_overlap_over_period_total,3.0,2400.0,6.74974093830183,episode_demand_over_period_capacity,True,True,800.0,665.4667469274432,960.0,True,True,1.250419332794931,20442.851986871818,severe
corridor-7394cd06956e41a0896e1e5e004a14de,state_transition__US29_NB::110-07955__Weekday__0024,state_transition,multiday_average,US29_NB::110-07955,110-07955,US29_NB,54,34629,36287,34693,202.0,mapped_primary_link,NORTHBOUND,519.0,1.023571,2.0,mapped_network,mapped_network,inrix_reference_speed,Weekday,0,PM,1.5,17.25,23.75,22.5,1350.0,31.5,45.0,21.299565217391304,26.82484947821904,17440.502860653807,1.0,0.25,2969.664359857842,2969.664359857842,15.0,19.0,15.0,19.0,4.0,episode_period_overlap_over_period_total,4.0,3200.0,5.450157143954315,episode_demand_over_period_capacity,True,True,800.0,789.9076308387486,375.0,True,True,0.4789034273000059,6349.413918690001,recurring
corridor-7394cd06956e41a0896e1e5e004a14de,state_transition__US29_NB::110-07975__Weekday__0026,state_transition,multiday_average,US29_NB::110-07975,110-07975,US29_NB,52,25976,30114,30210,101.0,mapped_primary_link,NORTHBOUND,534.0,0.092352,1.0,mapped_network,mapped_network,inrix_reference_speed,Weekday,0,PM,0.0,15.75,23.75,24.0,1440.0,31.5,45.0,14.666956521739133,18.97928576595358,39534.18527345338,1.0,0.25,6205.334693736033,6205.334693736033,15.0,19.0,15.0,19.0,4.0,episode_period_overlap_over_period_total,4.0,7600.0,5.2018664833491295,episode_demand_over_period_capacity,True,True,1900.0,1600.9906979532525,480.0,True,True,1.1476848283630754,18029.82849702684,severe
corridor-7394cd06956e41a0896e1e5e004a14de,state_transition__US29_NB::110-17122__Weekday__0027,state_transition,multiday_average,US29_NB::110-17122,110-17122,US29_NB,65,26629,30323,30027,202.0,mapped_primary_link,NORTHBOUND,527.6,0.473154,2.0,mapped_network,mapped_network,inrix_reference_speed,Weekday,0,AM,0.0,7.75,23.75,24.0,1440.0,31.5,45.0,17.469347826086956,26.095784191229228,18518.302112705525,1.0,0.3333333333333333,2238.755840881526,2238.755840881526,6.0,9.0,6.0,9.0,3.0,episode_period_overlap_over_period_total,3.0,2400.0,7.715959213627302,episode_demand_over_period_capacity,True,True,800.0,777.2358869751229,930.0,True,True,0.8031583270075535,7457.817816103658,recurring
corridor-7394cd06956e41a0896e1e5e004a14de,state_transition__US29_NB::110-17123__Weekday__0028,state_transition,multiday_average,US29_NB::110-17123,110-17123,US29_NB,66,25662,30020,30619,202.0,mapped_primary_link,NORTHBOUND,527.5,0.402971,2.0,mapped_network,mapped_network,inrix_reference_speed,Weekday,0,PM,0.0,17.25,23.75,24.0,1440.0,31.5,45.0,20.58695652173913,23.22204916988205,18064.071412714373,1.0,0.25,2941.3460804634637,2941.3460804634637,15.0,19.0,15.0,19.0,4.0,episode_period_overlap_over_period_total,4.0,3200.0,5.645022316473241,episode_demand_over_period_capacity,True,True,800.0,761.9982408602893,390.0,True,True,0.5300950369588173,11920.249195369845,recurring
corridor-7394cd06956e41a0896e1e5e004a14de,state_transition__US29_NB::110-17127__Weekday__0032,state_transition,multiday_average,US29_NB::110-17127,110-17127,US29_NB,63,30084,34440,36098,202.0,mapped_primary_link,NORTHBOUND,521.0,0.869904,2.0,mapped_network,mapped_network,inrix_reference_speed,Weekday,0,PM,5.5,16.5,20.5,15.25,915.0,31.5,45.0,26.448695652173917,29.46595493423184,12086.557062301124,1.0,0.25,3148.6452590745985,3148.6452590745985,15.0,19.0,15.0,19.0,4.0,episode_period_overlap_over_period_total,4.0,3200.0,3.7770490819691007,episode_demand_over_period_capacity,True,True,800.0,790.6272586314258,225.0,True,True,0.1909850078905837,1884.9234189723288,recurring
corridor-7394cd06956e41a0896e1e5e004a14de,state_transition__US29_NB::110-17128__Weekday__0033,state_transition,multiday_average,US29_NB::110-17128,110-17128,US29_NB,58,30078,34439,34805,102.0,mapped_primary_link,NORTHBOUND,520.3,0.287728,2.0,mapped_network,mapped_network,inrix_reference_speed,Weekday,0,PM,3.5,17.5,23.5,20.25,1215.0,31.5,45.0,19.27065217391305,26.643604991135188,11735.547626606594,1.0,0.25,2212.183844138578,2212.183844138578,15.0,19.0,15.0,19.0,4.0,episode_period_overlap_over_period_total,4.0,2400.0,4.889811511086081,episode_demand_over_period_capacity,True,True,600.0,591.1077367053063,315.0,True,True,0.6346099610807148,5920.346022727269,recurring
corridor-7394cd06956e41a0896e1e5e004a14de,state_transition__US29_NB::110-17129__Weekday__0034,state_transition,multiday_average,US29_NB::110-17129,110-17129,US29_NB,59,34614,36282,35919,202.0,mapped_primary_link,NORTHBOUND,520.1,0.351531,2.0,mapped_network,mapped_network,inrix_reference_speed,Weekday,0,AM,1.5,7.75,23.75,22.5,1350.0,31.5,45.0,21.80760869565217,26.65356754713099,17406.820212313203,1.0,0.3333333333333333,2284.789539823276,2284.789539823276,6.0,9.0,6.0,9.0,3.0,episode_period_overlap_over_period_total,3.0,2400.0,7.252841755130501,episode_demand_over_period_capacity,True,True,800.0,772.7539776364413,900.0,True,True,0.4444499825549517,6274.2553642010125,recurring
corridor-7394cd06956e41a0896e1e5e004a14de,state_transition__US29_NB::110N06797__Weekday__0036,state_transition,multiday_average,US29_NB::110N06797,110N06797,US29_NB,23,35442,36548,34342,202.0,mapped_primary_link,NORTHBOUND,503.0,0.269835,3.0,mapped_network,mapped_network,inrix_reference_speed,Weekday,0,PM,7.25,17.25,23.25,16.25,975.0,31.5,45.0,22.080434782608695,26.847622968818623,12578.597882353428,1.0,0.25,2994.401811414411,2994.401811414411,15.0,19.0,15.0,19.0,4.0,episode_period_overlap_over_period_total,4.0,3200.0,3.930811838235446,episode_demand_over_period_capacity,True,True,800.0,780.555298597882,300.0,True,True,0.426602343211578,4430.445503952566,recurring
corridor-7394cd06956e41a0896e1e5e004a14de,state_transition__US29_NB::110N06798__Weekday__0037,state_transition,multiday_average,US29_NB::110N06798,110N06798,US29_NB,24,31826,35079,35081,402.0,mapped_primary_link,NORTHBOUND,501.0,0.293661,2.0,mapped_network,mapped_network,inrix_reference_speed,Weekday,0,AM,6.5,7.75,10.5,4.25,255.0,31.5,45.0,27.243913043478265,29.47310160427807,3997.495743102552,0.8455612273291452,0.3942154897360013,2342.01918171675,2769.7807160747334,6.5,9.0,6.0,9.0,3.0,episode_period_overlap_over_period_total,3.0,2880.0,1.3880193552439417,episode_demand_over_period_capacity,True,True,960.0,942.957275720907,150.0,True,True,0.1562215732273661,587.5695652173906,recurring
corridor-7394cd06956e41a0896e1e5e004a14de,state_transition__US29_NB::110N06798__Weekday__0039,state_transition,multiday_average,US29_NB::110N06798,110N06798,US29_NB,24,31826,35079,35081,402.0,mapped_primary_link,NORTHBOUND,501.0,0.293661,2.0,mapped_network,mapped_network,inrix_reference_speed,Weekday,0,PM,12.75,18.5,19.5,7.0,420.0,31.5,45.0,27.460652173913044,29.483517433653304,6610.172706860817,1.0,0.25,3768.175613086257,3768.175613086257,15.0,19.0,15.0,19.0,4.0,episode_period_overlap_over_period_total,4.0,3840.0,1.721399142411671,episode_demand_over_period_capacity,True,True,960.0,949.268469309624,45.0,True,True,0.1470958446472816,872.2335474308287,recurring
corridor-5850275fc6e845cb92a094f3e9dcf67d,state_transition__US29_SB::110+05737__Weekday__0001,state_transition,multiday_average,US29_SB::110+05737,110+05737,US29_SB,43,30898,34686,34373,202.0,mapped_primary_link,SOUTHBOUND,87.0,0.129438,2.0,mapped_network,mapped_network,inrix_reference_speed,Weekday,0,PM,0.0,15.25,23.75,24.0,1440.0,31.5,45.0,21.60934782608696,24.640492534369727,18313.74818733267,1.0,0.25,2985.0211117094905,2985.0211117094905,15.0,19.0,15.0,19.0,4.0,episode_period_overlap_over_period_total,4.0,3200.0,5.723046308541459,episode_demand_over_period_capacity,True,True,800.0,768.9749129951713,480.0,True,True,0.4577024838284558,9671.905526538674,recurring
corridor-5850275fc6e845cb92a094f3e9dcf67d,state_transition__US29_SB::110+05738__Weekday__0002,state_transition,multiday_average,US29_SB::110+05738,110+05738,US29_SB,45,34648,36293,34802,202.0,mapped_primary_link,SOUTHBOUND,89.0,1.738442,2.0,mapped_network,mapped_network,inrix_reference_speed,Weekday,0,PM,5.25,17.0,23.0,18.0,1080.0,31.5,45.0,23.84695652173913,27.529068326249032,14119.72012682162,1.0,0.25,3086.3111014049614,3086.3111014049614,15.0,19.0,15.0,19.0,4.0,episode_period_overlap_over_period_total,4.0,3200.0,4.412412539631756,episode_demand_over_period_capacity,True,True,800.0,783.3310857096527,345.0,True,True,0.3209232788798131,4292.555120694518,recurring
corridor-5850275fc6e845cb92a094f3e9dcf67d,state_transition__US29_SB::110+05739__Weekday__0003,state_transition,multiday_average,US29_SB::110+05739,110+05739,US29_SB,44,34709,36312,34356,202.0,mapped_primary_link,SOUTHBOUND,90.0,0.973072,2.0,mapped_network,mapped_network,inrix_reference_speed,Weekday,0,PM,0.0,17.75,23.75,24.0,1440.0,31.5,45.0,16.530217391304348,24.67514403156234,18215.36879242605,1.0,0.25,2825.533422011338,2825.533422011338,15.0,19.0,15.0,19.0,4.0,episode_period_overlap_over_period_total,4.0,3200.0,5.692302747633141,episode_demand_over_period_capacity,True,True,800.0,763.4671570804205,360.0,True,True,0.9056010731335232,9213.555557390831,recurring
corridor-5850275fc6e845cb92a094f3e9dcf67d,state_transition__US29_SB::110+06533__Weekday__0004,state_transition,multiday_average,US29_SB::110+06533,110+06533,US29_SB,38,39619,40551,40152,302.0,mapped_primary_link,SOUTHBOUND,111.0,3.161579,2.0,mapped_network,mapped_network,inrix_reference_speed,Weekday,0,PM,11.0,16.25,19.5,8.75,525.0,36.99744999999999,52.8535,28.38608695652174,33.54453754940712,8221.970804626064,1.0,0.25,3742.135640623773,3742.135640623773,15.0,19.0,15.0,19.0,4.0,episode_period_overlap_over_period_total,4.0,3840.0,2.14113823037137,episode_demand_over_period_capacity,True,True,960.0,945.0245880231856,150.0,True,True,0.303365626148756,1880.5645464426848,recurring
corridor-5850275fc6e845cb92a094f3e9dcf67d,state_transition__US29_SB::110+06785__Weekday__0008,state_transition,multiday_average,US29_SB::110+06785,110+06785,US29_SB,14,27347,30619,30020,202.0,mapped_primary_link,SOUTHBOUND,73.5,0.417785,2.0,mapped_network,mapped_network,inrix_reference_speed,Weekday,0,PM,0.0,15.0,23.75,24.0,1440.0,31.5,45.0,19.382391304347827,22.583906631065517,17895.887892886007,1.0,0.25,2904.4936123658467,2904.4936123658467,15.0,19.0,15.0,19.0,4.0,episode_period_overlap_over_period_total,4.0,3200.0,5.592464966526877,episode_demand_over_period_capacity,True,True,800.0,755.8569591103391,525.0,True,True,0.6251864646306036,12571.691650197625,recurring
corridor-5850275fc6e845cb92a094f3e9dcf67d,state_transition__US29_SB::110+06786__Weekday__0009,state_transition,multiday_average,US29_SB::110+06786,110+06786,US29_SB,8,27003,30510,30301,202.0,mapped_primary_link,SOUTHBOUND,75.0,0.574012,2.0,mapped_network,mapped_network,inrix_reference_speed,Weekday,0,PM,0.0,17.25,23.75,24.0,1440.0,31.5,45.0,20.72891304347826,25.34691510071209,18465.38651978464,1.0,0.25,2950.473726186005,2950.473726186005,15.0,19.0,15.0,19.0,4.0,episode_period_overlap_over_period_total,4.0,3200.0,5.7704332874327,episode_demand_over_period_capacity,True,True,800.0,779.1812512245665,360.0,True,True,0.5196165825931012,8675.849707995943,recurring
corridor-5850275fc6e845cb92a094f3e9dcf67d,state_transition__US29_SB::110+06787__Weekday__0010,state_transition,multiday_average,US29_SB::110+06787,110+06787,US29_SB,9,25768,30051,30304,402.0,mapped_primary_link,SOUTHBOUND,76.0,0.730254,2.0,mapped_network,mapped_network,inrix_reference_speed,Weekday,0,PM,6.5,15.75,23.0,16.75,1005.0,31.5,45.0,26.05826086956522,28.889273209755853,15909.565586455436,1.0,0.25,3760.570806960972,3760.570806960972,15.0,19.0,15.0,19.0,4.0,episode_period_overlap_over_period_total,4.0,3840.0,4.1431160381394365,episode_demand_over_period_capacity,True,True,960.0,955.4043291807676,405.0,True,True,0.208829712683952,2629.6214109260272,recurring
corridor-5850275fc6e845cb92a094f3e9dcf67d,state_transition__US29_SB::110+06788__Weekday__0011,state_transition,multiday_average,US29_SB::110+06788,110+06788,US29_SB,10,30040,34426,34443,202.0,mapped_primary_link,SOUTHBOUND,79.0,0.934821,2.0,mapped_network,mapped_network,inrix_reference_speed,Weekday,0,PM,0.0,17.25,23.75,24.0,1440.0,31.5,45.0,20.43282608695652,24.280293251584208,18280.59654635001,1.0,0.25,2931.6311931286423,2931.6311931286423,15.0,19.0,15.0,19.0,4.0,episode_period_overlap_over_period_total,4.0,3200.0,5.712686420734379,episode_demand_over_period_capacity,True,True,800.0,770.6516702218123,390.0,True,True,0.5416369652413529,10396.37771771874,recurring
corridor-5850275fc6e845cb92a094f3e9dcf67d,state_transition__US29_SB::110+06789__Weekday__0012,state_transition,multiday_average,US29_SB::110+06789,110+06789,US29_SB,11,30926,34693,36287,202.0,mapped_primary_link,SOUTHBOUND,82.0,1.025967,2.0,mapped_network,mapped_network,inrix_reference_speed,Weekday,0,PM,4.5,16.75,23.0,18.75,1125.0,31.5,45.0,19.513478260869565,25.402892283079236,14332.29084435363,1.0,0.25,2910.365836653289,2910.365836653289,15.0,19.0,15.0,19.0,4.0,episode_period_overlap_over_period_total,4.0,3200.0,4.47884088886051,episode_demand_over_period_capacity,True,True,800.0,783.7806447524713,360.0,True,True,0.614268844277088,6879.509380293615,recurring
corridor-5850275fc6e845cb92a094f3e9dcf67d,state_transition__US29_SB::110+06790__Weekday__0013,state_transition,multiday_average,US29_SB::110+06790,110+06790,US29_SB,23,30917,34691,35915,202.0,mapped_primary_link,SOUTHBOUND,83.0,0.47086,2.0,mapped_network,mapped_network,inrix_reference_speed,Weekday,0,AM,7.0,8.75,20.0,13.25,795.0,31.5,45.0,26.183695652173917,28.78658708259201,10468.452903752004,0.6675736539791279,0.4993206837125348,1576.9174236704994,2362.1624584360884,7.0,9.0,6.0,9.0,3.0,episode_period_overlap_over_period_total,3.0,2400.0,4.361855376563335,episode_demand_over_period_capacity,True,True,800.0,790.2056326837992,630.0,True,True,0.203038731371165,2214.6197910784845,recurring
corridor-5850275fc6e845cb92a094f3e9dcf67d,state_transition__US29_SB::110+06791__Weekday__0014,state_transition,multiday_average,US29_SB::110+06791,110+06791,US29_SB,24,30914,34690,34689,202.0,mapped_primary_link,SOUTHBOUND,85.0,0.415913,2.0,mapped_network,mapped_network,inrix_reference_speed,Weekday,0,PM,6.75,17.25,22.5,16.0,960.0,31.5,45.0,21.15021739130435,26.549605206274705,12401.78463453462,1.0,0.25,2998.8564695945,2998.8564695945,15.0,19.0,15.0,19.0,4.0,episode_period_overlap_over_period_total,4.0,3200.0,3.875557698292068,episode_demand_over_period_capacity,True,True,800.0,790.0921150893736,285.0,True,True,0.4893463938082656,4763.498567193672,recurring
corridor-5850275fc6e845cb92a094f3e9dcf67d,state_transition__US29_SB::110+06792__Weekday__0015,state_transition,multiday_average,US29_SB::110+06792,110+06792,US29_SB,25,34642,36291,36290,202.0,mapped_primary_link,SOUTHBOUND,86.0,0.676324,2.0,mapped_network,mapped_network,inrix_reference_speed,Weekday,0,PM,0.25,15.25,23.75,23.75,1425.0,31.5,45.0,23.26826086956521,27.735664343665498,18534.20884181657,1.0,0.25,3068.989587292603,3068.989587292603,15.0,19.0,15.0,19.0,4.0,episode_period_overlap_over_period_total,4.0,3200.0,5.791940263067678,episode_demand_over_period_capacity,True,True,800.0,786.6595551205515,495.0,True,True,0.3537754358428162,5390.027223320152,recurring
corridor-5850275fc6e845cb92a094f3e9dcf67d,state_transition__US29_SB::110+06793__Weekday__0016,state_transition,multiday_average,US29_SB::110+06793,110+06793,US29_SB,19,29784,34353,34352,202.0,mapped_primary_link,SOUTHBOUND,92.0,0.382893,2.0,mapped_network,mapped_network,inrix_reference_speed,Weekday,0,MD,5.5,14.5,23.75,18.5,1110.0,31.5,45.0,23.04217391304348,26.78232126780225,14379.171823435836,1.0,0.1666666666666666,4618.231087282002,4618.231087282002,9.0,15.0,9.0,15.0,6.0,episode_period_overlap_over_period_total,6.0,4800.0,2.9956607965491324,episode_demand_over_period_capacity,True,True,800.0,774.0692628099374,540.0,True,True,0.3670585127460042,5098.167052512701,recurring
corridor-5850275fc6e845cb92a094f3e9dcf67d,state_transition__US29_SB::110+06796__Weekday__0017,state_transition,multiday_average,US29_SB::110+06796,110+06796,US29_SB,22,29731,34338,36540,502.0,mapped_primary_link,SOUTHBOUND,96.0,1.271199,3.0,mapped_network,mapped_network,inrix_reference_speed,Weekday,0,MD,9.5,13.5,18.25,9.0,540.0,31.5,45.0,26.025652173913045,28.77479770531401,9620.098412918667,0.9156000670929864,0.1820299852050364,5878.9880779287605,6420.912677075747,9.5,15.0,9.0,15.0,6.0,episode_period_overlap_over_period_total,6.0,6600.0,1.4575906686240403,episode_demand_over_period_capacity,True,True,1100.0,1066.6952443557298,270.0,True,True,0.2103443091264469,1486.1951086956506,recurring
corridor-5850275fc6e845cb92a094f3e9dcf67d,state_transition__US29_SB::110+06797__Weekday__0018,state_transition,multiday_average,US29_SB::110+06797,110+06797,US29_SB,16,29755,34345,34343,202.0,mapped_primary_link,SOUTHBOUND,99.0,0.979988,3.0,mapped_network,mapped_network,inrix_reference_speed,Weekday,0,PM,16.0,17.25,18.25,2.5,150.0,31.5,45.0,28.529772727272725,30.031063570487483,1971.1875129679956,0.5609126585711354,0.4457021894225887,1772.1245726819868,3159.359207895724,16.0,18.25,15.0,19.0,4.0,episode_period_overlap_over_period_total,4.0,3200.0,0.6159960978024985,episode_demand_over_period_capacity,True,True,800.0,790.7084447007732,45.0,True,True,0.1041097418167622,228.8676383399205,recurring
corridor-5850275fc6e845cb92a094f3e9dcf67d,state_transition__US29_SB::110+06798__Weekday__0019,state_transition,multiday_average,US29_SB::110+06798,110+06798,US29_SB,17,35441,36548,34341,202.0,mapped_primary_link,SOUTHBOUND,100.0,0.534756,3.0,mapped_network,mapped_network,inrix_reference_speed,Weekday,0,PM,7.25,17.0,21.0,14.0,840.0,31.5,45.0,17.590681818181817,27.45030191276115,10812.996338660749,1.0,0.25,2898.125546480745,2898.125546480745,15.0,19.0,15.0,19.0,4.0,episode_period_overlap_over_period_total,4.0,3200.0,3.379061355831484,episode_demand_over_period_capacity,True,True,800.0,776.3446034145559,225.0,True,True,0.7907208103463867,3427.8561758893247,recurring
corridor-5850275fc6e845cb92a094f3e9dcf67d,state_transition__US29_SB::110+06799__Weekday__0020,state_transition,multiday_average,US29_SB::110+06799,110+06799,US29_SB,18,35451,36552,34344,403.0,mapped_primary_link,SOUTHBOUND,102.0,0.438035,2.0,mapped_network,mapped_network,inrix_reference_speed,Weekday,0,PM,15.25,17.25,18.5,3.5,210.0,31.5,45.0,28.52608695652174,30.05389186900056,2879.2740551110783,0.8126943804374812,0.3076187137721102,2671.0823236183123,3286.699635083539,15.25,18.5,15.0,19.0,4.0,episode_period_overlap_over_period_total,4.0,3360.0,0.8569268021163924,episode_demand_over_period_capacity,True,True,840.0,827.5101338626093,60.0,True,True,0.1042524005486966,354.806620553359,recurring
corridor-5850275fc6e845cb92a094f3e9dcf67d,state_transition__US29_SB::110+06802__Weekday__0021,state_transition,multiday_average,US29_SB::110+06802,110+06802,US29_SB,56,38152,40004,40946,303.0,mapped_primary_link,SOUTHBOUND,105.0,2.241636,1.0,mapped_network,mapped_network,inrix_reference_speed,Weekday,0,PM,14.75,17.0,19.25,4.75,285.0,33.084625,47.26375,19.748260869565215,25.229086302713306,2987.295101690713,1.0,0.25,2488.154985380978,2488.154985380978,15.0,19.0,15.0,19.0,4.0,episode_period_overlap_over_period_total,4.0,2800.0,1.0668911077466834,episode_demand_over_period_capacity,True,True,700.0,607.8806668071738,120.0,True,True,0.6753184099865701,2275.237604813665,recurring
corridor-5850275fc6e845cb92a094f3e9dcf67d,state_transition__US29_SB::110+07953__Weekday__0022,state_transition,multiday_average,US29_SB::110+07953,110+07953,US29_SB,5,25960,30108,30526,102.0,mapped_primary_link,SOUTHBOUND,70.0,0.554406,3.0,mapped_network,mapped_network,inrix_reference_speed,Weekday,0,AM,0.0,7.75,23.75,24.0,1440.0,31.5,45.0,19.70804347826087,22.17484075821568,13341.506853574148,1.0,0.3333333333333333,1637.7175356702,1637.7175356702,6.0,9.0,6.0,9.0,3.0,episode_period_overlap_over_period_total,3.0,1800.0,7.411948251985638,episode_demand_over_period_capacity,True,True,600.0,560.4747081856934,960.0,True,True,0.5983321751216122,13428.229308169412,recurring
corridor-5850275fc6e845cb92a094f3e9dcf67d,state_transition__US29_SB::110+07954__Weekday__0023,state_transition,multiday_average,US29_SB::110+07954,110+07954,US29_SB,6,28684,34008,34423,202.0,mapped_primary_link,SOUTHBOUND,78.0,0.611051,2.0,mapped_network,mapped_network,inrix_reference_speed,Weekday,0,PM,0.0,15.25,23.75,24.0,1440.0,31.5,45.0,15.133260869565218,19.040194770429533,16819.16262612247,1.0,0.25,2602.5466146348003,2602.5466146348003,15.0,19.0,15.0,19.0,4.0,episode_period_overlap_over_period_total,4.0,3200.0,5.255988320663272,episode_demand_over_period_capacity,True,True,800.0,709.8865363941006,510.0,True,True,1.0815077643543587,17942.11953058147,severe
corridor-5850275fc6e845cb92a094f3e9dcf67d,state_transition__US29_SB::110+07955__Weekday__0024,state_transition,multiday_average,US29_SB::110+07955,110+07955,US29_SB,7,33513,35919,36282,202.0,mapped_primary_link,SOUTHBOUND,80.0,0.349216,2.0,mapped_network,mapped_network,inrix_reference_speed,Weekday,0,PM,0.0,16.75,23.75,24.0,1440.0,31.5,45.0,19.64260869565217,25.6532797117816,18417.763643197068,1.0,0.25,2899.243633985635,2899.243633985635,15.0,19.0,15.0,19.0,4.0,episode_period_overlap_over_period_total,4.0,3200.0,5.755551138499084,episode_demand_over_period_capacity,True,True,800.0,782.6128822413342,420.0,True,True,0.6036566470405946,8068.473997741384,recurring
corridor-5850275fc6e845cb92a094f3e9dcf67d,state_transition__US29_SB::110+17122__Weekday__0025,state_transition,multiday_average,US29_SB::110+17122,110+17122,US29_SB,29,26535,30293,30478,202.0,mapped_primary_link,SOUTHBOUND,72.5,0.454512,2.0,mapped_network,mapped_network,inrix_reference_speed,Weekday,0,PM,0.0,17.5,23.75,24.0,1440.0,31.5,45.0,17.99086956521739,24.177239588887435,18225.223886840176,1.0,0.25,2852.4553481475327,2852.4553481475327,15.0,19.0,15.0,19.0,4.0,episode_period_overlap_over_period_total,4.0,3200.0,5.695382464637556,episode_demand_over_period_capacity,True,True,800.0,780.7169851996181,375.0,True,True,0.7508881316609872,10325.092179668713,recurring
corridor-5850275fc6e845cb92a094f3e9dcf67d,state_transition__US29_SB::110+17123__Weekday__0026,state_transition,multiday_average,US29_SB::110+17123,110+17123,US29_SB,30,25684,30027,30323,202.0,mapped_primary_link,SOUTHBOUND,73.0,0.429359,2.0,mapped_network,mapped_network,inrix_reference_speed,Weekday,0,MD,0.0,14.75,23.5,23.75,1425.0,31.5,45.0,22.07478260869565,28.659047594282143,18704.712254086247,1.0,0.1666666666666666,4715.653670954721,4715.653670954721,9.0,15.0,9.0,15.0,6.0,episode_period_overlap_over_period_total,6.0,4800.0,3.896815052934635,episode_demand_over_period_capacity,True,True,800.0,790.3977308410608,510.0,True,True,0.4269676199480028,4052.821308582716,recurring
corridor-5850275fc6e845cb92a094f3e9dcf67d,state_transition__US29_SB::110+17124__Weekday__0027,state_transition,multiday_average,US29_SB::110+17124,110+17124,US29_SB,27,25715,30036,30472,202.0,mapped_primary_link,SOUTHBOUND,74.0,0.545354,2.0,mapped_network,mapped_network,inrix_reference_speed,Weekday,0,PM,0.0,17.0,23.75,24.0,1440.0,31.5,45.0,19.75717391304348,23.71501493933172,18146.70731672293,1.0,0.25,2885.125461026821,2885.125461026821,15.0,19.0,15.0,19.0,4.0,episode_period_overlap_over_period_total,4.0,3200.0,5.670846036475915,episode_demand_over_period_capacity,True,True,800.0,770.8401327481813,405.0,True,True,0.5943575806256391,10976.828935542266,recurring
corridor-5850275fc6e845cb92a094f3e9dcf67d,state_transition__US29_SB::110+17125__Weekday__0028,state_transition,multiday_average,US29_SB::110+17125,110+17125,US29_SB,28,25737,30042,30598,202.0,mapped_primary_link,SOUTHBOUND,77.5,0.286654,2.0,mapped_network,mapped_network,inrix_reference_speed,Weekday,0,AM,0.0,8.25,23.75,24.0,1440.0,31.5,45.0,14.521363636363638,22.588182583943325,17772.521572221827,1.0,0.3333333333333333,2089.0317873324825,2089.0317873324825,6.0,9.0,6.0,9.0,3.0,episode_period_overlap_over_period_total,3.0,2400.0,7.405217321759094,episode_demand_over_period_capacity,True,True,800.0,729.0678521629779,930.0,True,True,1.1692177669264714,12565.662556639902,severe
corridor-5850275fc6e845cb92a094f3e9dcf67d,state_transition__US29_SB::110+17127__Weekday__0029,state_transition,multiday_average,US29_SB::110+17127,110+17127,US29_SB,34,30091,34442,34441,202.0,mapped_primary_link,SOUTHBOUND,79.1,0.389451,2.0,mapped_network,mapped_network,inrix_reference_speed,Weekday,0,PM,6.75,17.5,23.75,17.25,1035.0,31.5,45.0,23.85695652173913,27.007240587075177,13447.50168703184,1.0,0.25,3062.164461176789,3062.164461176789,15.0,19.0,15.0,19.0,4.0,episode_period_overlap_over_period_total,4.0,3200.0,4.202344277197451,episode_demand_over_period_capacity,True,True,800.0,790.0769634052604,375.0,True,True,0.3203695941389803,4655.050557594576,recurring
corridor-5850275fc6e845cb92a094f3e9dcf67d,state_transition__US29_SB::110+17128__Weekday__0030,state_transition,multiday_average,US29_SB::110+17128,110+17128,US29_SB,31,34057,36098,34440,202.0,mapped_primary_link,SOUTHBOUND,79.2,0.870887,2.0,mapped_network,mapped_network,inrix_reference_speed,Weekday,0,PM,6.75,17.5,21.0,14.5,870.0,31.5,45.0,23.69173913043478,27.818631422924906,11399.035142383356,1.0,0.25,3101.101090562274,3101.101090562274,15.0,19.0,15.0,19.0,4.0,episode_period_overlap_over_period_total,4.0,3200.0,3.5621984819947987,episode_demand_over_period_capacity,True,True,800.0,791.0076837404721,195.0,True,True,0.3295773613991302,3218.72000988142,recurring
corridor-5850275fc6e845cb92a094f3e9dcf67d,state_transition__US29_SB::110+17129__Weekday__0031,state_transition,multiday_average,US29_SB::110+17129,110+17129,US29_SB,32,31282,34805,34439,102.0,mapped_primary_link,SOUTHBOUND,79.3,0.295666,2.0,mapped_network,mapped_network,inrix_reference_speed,Weekday,0,PM,5.75,17.25,23.0,17.5,1050.0,31.5,45.0,15.859565217391305,26.012357795915108,10003.251827167003,1.0,0.25,2086.2276968932774,2086.2276968932774,15.0,19.0,15.0,19.0,4.0,episode_period_overlap_over_period_total,4.0,2400.0,4.168021594652918,episode_demand_over_period_capacity,True,True,600.0,591.7841616031751,330.0,True,True,0.9861830742659758,5462.974477696213,recurring
corridor-5850275fc6e845cb92a094f3e9dcf67d,state_transition__US29_SB::110+17131__Weekday__0032,state_transition,multiday_average,US29_SB::110+17131,110+17131,US29_SB,35,29760,34347,34346,402.0,mapped_primary_link,SOUTHBOUND,98.0,0.350305,2.0,mapped_network,mapped_network,inrix_reference_speed,Weekday,0,MD,7.25,13.25,15.0,8.0,480.0,31.5,45.0,26.61,28.842782385187277,7559.807771401867,1.0,0.1666666666666666,5658.374871603436,5658.374871603436,9.0,15.0,9.0,15.0,6.0,episode_period_overlap_over_period_total,6.0,5760.0,1.312466626979491,episode_demand_over_period_capacity,True,True,960.0,943.108910866845,90.0,True,True,0.1837655016910935,1295.1829333709754,recurring
corridor-5850275fc6e845cb92a094f3e9dcf67d,state_transition__US29_SB::110P06541__Weekday__0035,state_transition,multiday_average,US29_SB::110P06541,110P06541,US29_SB,69,26305,30210,30114,101.0,mapped_primary_link,SOUTHBOUND,68.0,0.105947,1.0,mapped_network,mapped_network,inrix_reference_speed,Weekday,0,PM,16.5,17.75,18.5,2.25,135.0,31.5,45.0,29.692608695652176,30.744534161490684,4167.095638097676,0.4957440077914791,0.5042925301583383,3697.041258732376,7457.561161863669,16.5,18.5,15.0,19.0,4.0,episode_period_overlap_over_period_total,4.0,7600.0,0.5483020576444311,episode_demand_over_period_capacity,True,True,1900.0,1871.4426421497703,30.0,True,True,0.0608700745317967,89.88913043478237,recurring
corridor-5850275fc6e845cb92a094f3e9dcf67d,state_transition__US29_SB::110P06798__Weekday__0036,state_transition,multiday_average,US29_SB::110P06798,110P06798,US29_SB,47,31831,35081,35079,402.0,mapped_primary_link,SOUTHBOUND,101.0,0.301186,2.0,mapped_network,mapped_network,inrix_reference_speed,Weekday,0,AM,6.5,8.25,9.75,3.5,210.0,31.5,45.0,26.605434782608693,28.604658385093167,3289.518999262373,0.8374669137705834,0.3980256746293944,2344.302540081012,2799.2778001534434,6.5,9.0,6.0,9.0,3.0,episode_period_overlap_over_period_total,3.0,2880.0,1.1421940969661015,episode_demand_over_period_capacity,True,True,960.0,939.756456396738,75.0,True,True,0.183968623605834,645.714130434782,recurring
corridor-5850275fc6e845cb92a094f3e9dcf67d,state_transition__US29_SB::110P06798__Weekday__0037,state_transition,multiday_average,US29_SB::110P06798,110P06798,US29_SB,47,31831,35081,35079,402.0,mapped_primary_link,SOUTHBOUND,101.0,0.301186,2.0,mapped_network,mapped_network,inrix_reference_speed,Weekday,0,PM,14.5,17.25,19.5,5.25,315.0,31.5,45.0,21.95477272727273,25.386857696306453,4800.799596264573,1.0,0.25,3619.997708687651,3619.997708687651,15.0,19.0,15.0,19.0,4.0,episode_period_overlap_over_period_total,4.0,3840.0,1.250208228193899,episode_demand_over_period_capacity,True,True,960.0,915.3954559376868,120.0,True,True,0.4347677560273701,1939.4863671654423,recurring
corridor-5850275fc6e845cb92a094f3e9dcf67d,state_transition__US29_SB::110P17122__Weekday__0038,state_transition,multiday_average,US29_SB::110P17122,110P17122,US29_SB,64,26908,30480,30027,202.0,mapped_primary_link,SOUTHBOUND,72.6,0.049361,2.0,mapped_network,mapped_network,inrix_reference_speed,Weekday,0,MD,0.0,11.75,23.75,24.0,1440.0,31.5,45.0,18.822727272727278,22.2334011483254,17699.370772050665,1.0,0.1666666666666666,4295.533531153715,4295.533531153715,9.0,15.0,9.0,15.0,6.0,episode_period_overlap_over_period_total,6.0,4800.0,3.687368910843889,episode_demand_over_period_capacity,True,True,800.0,724.6913648598821,690.0,True,True,0.6735088142960635,13065.90438086118,recurring
corridor-5850275fc6e845cb92a094f3e9dcf67d,state_transition__US29_SB::110P17123__Weekday__0039,state_transition,multiday_average,US29_SB::110P17123,110P17123,US29_SB,62,26631,30323,30619,202.0,mapped_primary_link,SOUTHBOUND,73.1,0.022687,2.0,mapped_network,mapped_network,inrix_reference_speed,Weekday,0,MD,0.0,14.75,23.75,24.0,1440.0,31.5,45.0,21.503913043478263,25.74944200339665,18405.750416564348,1.0,0.1666666666666666,4539.460235580169,4539.460235580169,9.0,15.0,9.0,15.0,6.0,episode_period_overlap_over_period_total,6.0,4800.0,3.8345313367842393,episode_demand_over_period_capacity,True,True,800.0,759.3711290702095,540.0,True,True,0.4648496734669116,8280.80351510882,recurring
corridor-5850275fc6e845cb92a094f3e9dcf67d,state_transition__US29_SB::110P17125__Weekday__0040,state_transition,multiday_average,US29_SB::110P17125,110P17125,US29_SB,63,25739,30043,30063,202.0,mapped_primary_link,SOUTHBOUND,77.6,0.077518,2.0,mapped_network,mapped_network,inrix_reference_speed,Weekday,0,PM,0.0,17.25,23.75,24.0,1440.0,31.5,45.0,15.402608695652171,17.70297786193013,16357.468338357688,1.0,0.25,2630.22655315974,2630.22655315974,15.0,19.0,15.0,19.0,4.0,episode_period_overlap_over_period_total,4.0,3200.0,5.111708855736778,episode_demand_over_period_capacity,True,True,800.0,694.2931201001463,390.0,True,True,1.045108112685598,19039.890550536416,severe
corridor-9a1448b9690c41868f5ae05f6c483623,state_transition__US340_EB::110+10632__Weekday__0003,state_transition,multiday_average,US340_EB::110+10632,110+10632,US340_EB,1,49323,54517,42152,602.0,mapped_primary_link,EASTBOUND,35.0,0.552292,2.0,mapped_network,mapped_network,inrix_reference_speed,Weekday,0,PM,14.25,16.0,17.0,3.0,180.0,32.26859999999999,46.09799999999999,31.733695652173918,32.09471573263693,3249.0102833337687,0.5009085584188664,0.4990930895433946,2163.0856734541912,4318.324446845227,15.0,17.0,15.0,19.0,4.0,episode_period_overlap_over_period_total,4.0,4400.0,0.7384114280304019,episode_demand_over_period_capacity,True,True,1100.0,1080.1460770263468,45.0,True,True,0.0168560369926353,42.35312464709084,recurring
corridor-0c164ac0b6e547fd97295f16250cc4ee,state_transition__US50_EB::110+06660__Weekday__0001,state_transition,multiday_average,US50_EB::110+06660,110+06660,US50_EB,1,36426,38204,38246,603.0,mapped_primary_link,EASTBOUND,102.0,1.689746,1.0,mapped_network,mapped_network,inrix_reference_speed,Weekday,0,AM,5.25,8.0,21.0,16.0,960.0,31.5,45.0,25.919318181818184,28.99967108977979,14267.116237081034,1.0,0.3333333333333333,2648.618604271159,2648.618604271159,6.0,9.0,6.0,9.0,3.0,episode_period_overlap_over_period_total,3.0,2700.0,5.284117124844827,episode_demand_over_period_capacity,True,True,900.0,893.8984903175196,750.0,True,True,0.2153097461528341,2417.0179277244465,recurring
corridor-0c164ac0b6e547fd97295f16250cc4ee,state_transition__US50_EB::110+07948__Weekday__0002,state_transition,multiday_average,US50_EB::110+07948,110+07948,US50_EB,8,36886,38371,38458,503.0,mapped_primary_link,EASTBOUND,100.0,1.328767,1.0,mapped_network,mapped_network,inrix_reference_speed,Weekday,0,AM,4.5,7.75,22.0,17.75,1065.0,31.5,45.0,21.74204545454545,27.56259499023124,15657.642206190518,1.0,0.3333333333333333,2567.4774905806416,2567.4774905806416,6.0,9.0,6.0,9.0,3.0,episode_period_overlap_over_period_total,3.0,2700.0,5.799126743033525,episode_demand_over_period_capacity,True,True,900.0,884.6776508548622,840.0,True,True,0.4488057283227928,4202.333074534158,recurring
corridor-0c164ac0b6e547fd97295f16250cc4ee,state_transition__US50_EB::110-05740__Weekday__0023,state_transition,multiday_average,US50_EB::110-05740,110-05740,US50_EB,16,30889,34683,36315,202.0,mapped_primary_link,EASTBOUND,124.0,0.652831,2.0,mapped_network,mapped_network,inrix_reference_speed,Weekday,0,PM,0.0,17.75,23.75,24.0,1440.0,31.5,45.0,15.853333333333332,24.051057021674893,18061.12031401868,1.0,0.25,2726.215370316946,2726.215370316946,15.0,19.0,15.0,19.0,4.0,episode_period_overlap_over_period_total,4.0,3200.0,5.644100098130837,episode_demand_over_period_capacity,True,True,800.0,759.3133254419436,360.0,True,True,0.9869638351555928,10726.477888788146,recurring
corridor-0c164ac0b6e547fd97295f16250cc4ee,state_transition__US50_EB::110-05743__Weekday__0026,state_transition,multiday_average,US50_EB::110-05743,110-05743,US50_EB,13,31089,34743,35849,202.0,mapped_primary_link,EASTBOUND,118.0,0.7611,3.0,mapped_network,mapped_network,inrix_reference_speed,Weekday,0,PM,14.75,16.5,18.25,3.75,225.0,33.355,47.65,30.53282608695652,32.32532641633728,2970.4699031690607,0.8129434965280883,0.3075244479692595,2574.5280851061734,3166.9213126145232,15.0,18.25,15.0,19.0,4.0,episode_period_overlap_over_period_total,4.0,3200.0,0.9282718447403314,episode_demand_over_period_capacity,True,True,800.0,791.6084032694484,90.0,True,True,0.0924308121693686,266.34612154150136,recurring
corridor-0c164ac0b6e547fd97295f16250cc4ee,state_transition__US50_EB::110-05745__Weekday__0029,state_transition,multiday_average,US50_EB::110-05745,110-05745,US50_EB,15,30830,34665,34744,402.0,mapped_primary_link,EASTBOUND,115.0,0.457206,3.0,mapped_network,mapped_network,inrix_reference_speed,Weekday,0,MD,14.25,14.75,18.5,4.5,270.0,31.5,45.0,25.89869565217391,28.4546277997365,4212.79277688115,0.12950093652383,1.2869919796757423,704.8893751099948,5443.121833951254,14.25,15.0,9.0,15.0,6.0,episode_period_overlap_over_period_total,6.0,5760.0,0.7313876348751995,episode_demand_over_period_capacity,True,True,960.0,937.9445966555818,210.0,True,True,0.2162774690684439,850.7733201581016,recurring
corridor-0c164ac0b6e547fd97295f16250cc4ee,state_transition__US50_EB::110-05746__Weekday__0030,state_transition,multiday_average,US50_EB::110-05746,110-05746,US50_EB,14,33256,35838,35839,302.0,mapped_primary_link,EASTBOUND,114.0,1.063713,3.0,mapped_network,mapped_network,inrix_reference_speed,Weekday,0,MD,9.5,14.75,19.5,10.25,615.0,31.5,45.0,25.350652173913044,28.789200482243963,9685.486640366547,0.9181309492639848,0.1815282088031932,5210.491170174611,5675.106774639909,9.5,15.0,9.0,15.0,6.0,episode_period_overlap_over_period_total,6.0,5760.0,1.681508097285859,episode_demand_over_period_capacity,True,True,960.0,942.9127178097864,225.0,True,True,0.2425715829281467,1546.5132975719914,recurring
corridor-0c164ac0b6e547fd97295f16250cc4ee,state_transition__US50_EB::110-05747__Weekday__0031,state_transition,multiday_average,US50_EB::110-05747,110-05747,US50_EB,20,31902,35111,34664,302.0,mapped_primary_link,EASTBOUND,113.0,0.269392,3.0,mapped_network,mapped_network,inrix_reference_speed,Weekday,0,PM,0.0,15.0,23.75,24.0,1440.0,31.5,45.0,16.297826086956523,24.555921822553955,21692.733214527805,1.0,0.25,3290.7053602743144,3290.7053602743144,15.0,19.0,15.0,19.0,4.0,episode_period_overlap_over_period_total,4.0,3840.0,5.649149274616616,episode_demand_over_period_capacity,True,True,960.0,897.0348057735364,525.0,True,True,0.932773109243697,9999.4725755223,recurring
corridor-0c164ac0b6e547fd97295f16250cc4ee,state_transition__US50_EB::110-05748__Weekday__0033,state_transition,multiday_average,US50_EB::110-05748,110-05748,US50_EB,19,30853,34672,36576,302.0,mapped_primary_link,EASTBOUND,111.0,1.583249,3.0,mapped_network,mapped_network,inrix_reference_speed,Weekday,0,PM,10.75,17.25,19.5,9.0,540.0,34.083,48.69,23.200434782608696,29.131749560825646,8343.204436222615,1.0,0.25,3717.4476997450015,3717.4476997450015,15.0,19.0,15.0,19.0,4.0,episode_period_overlap_over_period_total,4.0,3840.0,2.172709488599639,episode_demand_over_period_capacity,True,True,960.0,933.1238568547062,120.0,True,True,0.4690672963400235,2711.703320158102,recurring
corridor-0c164ac0b6e547fd97295f16250cc4ee,state_transition__US50_EB::110-05749__Weekday__0034,state_transition,multiday_average,US50_EB::110-05749,110-05749,US50_EB,21,36122,38108,38733,502.0,mapped_primary_link,EASTBOUND,110.0,2.925919,3.0,mapped_network,mapped_network,inrix_reference_speed,Weekday,0,AM,7.5,7.75,9.0,1.75,105.0,35.32234999999999,50.4605,30.321136363636366,33.39824534161491,1809.792107706917,0.5241161915067404,0.6359912911201228,1552.9491877174637,2962.9864768211264,7.5,9.0,6.0,9.0,3.0,episode_period_overlap_over_period_total,3.0,3300.0,0.5484218508202778,episode_demand_over_period_capacity,True,True,1100.0,1022.2676770388052,60.0,True,True,0.1649414974552701,244.56389822134324,recurring
corridor-0c164ac0b6e547fd97295f16250cc4ee,state_transition__US50_EB::110-05752__Weekday__0035,state_transition,multiday_average,US50_EB::110-05752,110-05752,US50_EB,11,36138,38113,38111,603.0,mapped_primary_link,EASTBOUND,105.0,0.401342,1.0,mapped_network,mapped_network,inrix_reference_speed,Weekday,0,AM,6.25,8.25,9.75,3.75,225.0,31.5,45.0,24.47804347826087,28.418372605655215,3281.8081232029776,0.9140129819828118,0.3646921213418845,2384.6741529873666,2609.0156266863733,6.25,9.0,6.0,9.0,3.0,episode_period_overlap_over_period_total,3.0,2700.0,1.215484490075177,episode_demand_over_period_capacity,True,True,900.0,895.6650125081447,75.0,True,True,0.2868675565502356,601.3640810276672,recurring
corridor-0c164ac0b6e547fd97295f16250cc4ee,state_transition__US50_EB::110N05748__Weekday__0039,state_transition,multiday_average,US50_EB::110N05748,110N05748,US50_EB,60,32916,35724,35722,302.0,mapped_primary_link,EASTBOUND,112.0,0.528576,3.0,mapped_network,mapped_network,inrix_reference_speed,Weekday,0,PM,14.25,16.75,18.75,4.75,285.0,34.6969,49.567,22.050434782608693,28.440427848276816,4254.458397433274,0.933913445561654,0.2676907599822062,3337.8569531367507,3574.053857988273,15.0,18.75,15.0,19.0,4.0,episode_period_overlap_over_period_total,4.0,3840.0,1.1079318743315816,episode_demand_over_period_capacity,True,True,960.0,873.0527433672332,105.0,True,True,0.5735245287483242,1830.372345849802,recurring
corridor-500a2ac0b7254699af6601aabf05d7ef,state_transition__US50_WB::110+05745__Weekday__0017,state_transition,multiday_average,US50_WB::110+05745,110+05745,US50_WB,51,31762,35053,34653,402.0,mapped_primary_link,WESTBOUND,238.0,1.229271,3.0,mapped_network,mapped_network,inrix_reference_speed,Weekday,0,PM,14.5,17.0,19.5,5.25,315.0,33.684875,48.12125,30.36521739130435,32.188474025974024,4992.844670746316,1.0,0.25,3803.543215244058,3803.543215244058,15.0,19.0,15.0,19.0,4.0,episode_period_overlap_over_period_total,4.0,3840.0,1.3002199663401866,episode_demand_over_period_capacity,True,True,960.0,949.6535796221752,135.0,True,True,0.1093243485108819,479.2421580321846,recurring
corridor-500a2ac0b7254699af6601aabf05d7ef,state_transition__US50_WB::110+05747__Weekday__0018,state_transition,multiday_average,US50_WB::110+05747,110+05747,US50_WB,49,33260,35839,35838,302.0,mapped_primary_link,WESTBOUND,240.0,1.065462,3.0,mapped_network,mapped_network,inrix_reference_speed,Weekday,0,PM,5.25,17.0,20.5,15.5,930.0,31.5,45.0,24.764565217391304,28.65773309001657,14636.41326020091,1.0,0.25,3722.898916347997,3722.898916347997,15.0,19.0,15.0,19.0,4.0,episode_period_overlap_over_period_total,4.0,3840.0,3.811565953177321,episode_demand_over_period_capacity,True,True,960.0,939.815369591385,195.0,True,True,0.2719787213497544,2764.5930088932782,recurring
corridor-500a2ac0b7254699af6601aabf05d7ef,state_transition__US50_WB::110+05748__Weekday__0021,state_transition,multiday_average,US50_WB::110+05748,110+05748,US50_WB,48,31903,35111,35722,302.0,mapped_primary_link,WESTBOUND,241.0,0.267479,3.0,mapped_network,mapped_network,inrix_reference_speed,Weekday,0,PM,16.5,17.25,18.25,2.0,120.0,31.5,45.0,29.30260869565217,30.905280385375494,1889.3245623419043,0.4358714054589069,0.5735636632019658,1652.1493534538065,3790.451341294898,16.5,18.25,15.0,19.0,4.0,episode_period_overlap_over_period_total,4.0,3840.0,0.4920116047765376,episode_demand_over_period_capacity,True,True,960.0,942.6117799103667,45.0,True,True,0.0749896136269212,109.57173913043437,recurring
corridor-500a2ac0b7254699af6601aabf05d7ef,state_transition__US50_WB::110+05749__Weekday__0022,state_transition,multiday_average,US50_WB::110+05749,110+05749,US50_WB,52,35527,36576,34672,302.0,mapped_primary_link,WESTBOUND,243.0,1.634807,3.0,mapped_network,mapped_network,inrix_reference_speed,Weekday,0,PM,14.5,17.5,18.5,4.25,255.0,36.351,51.93,27.353478260869565,32.07035014005602,3966.853979584647,0.873016402834954,0.2863634625743259,3251.907360673875,3724.9098070940327,15.0,18.5,15.0,19.0,4.0,episode_period_overlap_over_period_total,4.0,3840.0,1.0330348905168352,episode_demand_over_period_capacity,True,True,960.0,917.5449947739058,45.0,True,True,0.328935196223356,1112.9465838509311,recurring
corridor-500a2ac0b7254699af6601aabf05d7ef,state_transition__US50_WB::110+16036__Weekday__0025,state_transition,multiday_average,US50_WB::110+16036,110+16036,US50_WB,9,36132,38111,38113,603.0,mapped_primary_link,WESTBOUND,249.0,0.398516,1.0,mapped_network,mapped_network,inrix_reference_speed,Weekday,0,PM,14.0,16.25,17.5,3.75,225.0,31.5,45.0,28.56090909090909,30.7500068409851,3347.8923752237947,0.6231701293918871,0.4011745560461305,2225.347975512921,3571.0119444982056,15.0,17.5,15.0,19.0,4.0,episode_period_overlap_over_period_total,4.0,3600.0,0.929970104228832,episode_demand_over_period_capacity,True,True,900.0,887.9836967339065,30.0,True,True,0.1029060699621222,159.76497035573072,recurring
corridor-500a2ac0b7254699af6601aabf05d7ef,state_transition__US50_WB::110-06658__Weekday__0026,state_transition,multiday_average,US50_WB::110-06658,110-06658,US50_WB,60,36437,38207,38458,503.0,mapped_primary_link,WESTBOUND,254.0,1.325524,1.0,mapped_network,mapped_network,inrix_reference_speed,Weekday,0,PM,7.0,16.75,20.0,13.25,795.0,31.5,45.0,28.90952380952381,29.984922157268706,11874.18046850314,1.0,0.25,3578.5998825458328,3578.5998825458328,15.0,19.0,15.0,19.0,4.0,episode_period_overlap_over_period_total,4.0,3600.0,3.2983834634730944,episode_demand_over_period_capacity,True,True,900.0,896.3746222069861,180.0,True,True,0.0896063251523635,1170.6465062111777,recurring
corridor-500a2ac0b7254699af6601aabf05d7ef,state_transition__US50_WB::110P05748__Weekday__0032,state_transition,multiday_average,US50_WB::110P05748,110P05748,US50_WB,1,32911,35722,35724,302.0,mapped_primary_link,WESTBOUND,242.0,0.476283,3.0,mapped_network,mapped_network,inrix_reference_speed,Weekday,0,PM,14.5,17.25,18.25,4.0,240.0,36.06785,51.5255,23.904772727272725,31.20031002964427,3582.69962260137,0.8057985800077484,0.3102512292806423,2881.704401854256,3576.2093323948848,15.0,18.25,15.0,19.0,4.0,episode_period_overlap_over_period_total,4.0,3840.0,0.9329946933857732,episode_demand_over_period_capacity,True,True,960.0,829.7467559275643,45.0,True,True,0.5088137591390081,1205.211171936759,recurring
corridor-6865995549ff4d66b51f7c3919bfa811,state_transition__VA110_SB::110N06767__Weekday__0001,state_transition,multiday_average,VA110_SB::110N06767,110N06767,VA110_SB,1,26310,30211,30315,101.0,mapped_primary_link,SOUTHBOUND,2.5,0.067468,2.0,mapped_network,mapped_network,inrix_reference_speed,Weekday,0,PM,12.0,16.0,19.75,8.0,480.0,33.112449999999995,47.3035,24.458695652173912,29.489809782608692,14505.499307839027,1.0,0.25,7235.793625746621,7235.793625746621,15.0,19.0,15.0,19.0,4.0,episode_period_overlap_over_period_total,4.0,7600.0,1.9086183299788195,episode_demand_over_period_capacity,True,True,1900.0,1819.886717104073,210.0,True,True,0.3538109501377653,1750.9821936758874,recurring
corridor-3b060dad60724ce6ad74d63d9f9ccdd1,state_transition__VA120_NB::110+10228__Weekday__0001,state_transition,multiday_average,VA120_NB::110+10228,110+10228,VA120_NB,13,27359,30623,30235,202.0,mapped_primary_link,NORTHBOUND,2.0,0.718052,2.0,mapped_network,mapped_network,inrix_reference_speed,Weekday,0,PM,0.0,16.25,23.75,24.0,1440.0,31.5,45.0,22.525652173913045,25.85997970024482,18596.758407270037,1.0,0.25,3037.619401459257,3037.619401459257,15.0,19.0,15.0,19.0,4.0,episode_period_overlap_over_period_total,4.0,3200.0,5.811487002271885,episode_demand_over_period_capacity,True,True,800.0,775.5835244774319,420.0,True,True,0.3984056824103918,7952.428622654796,recurring
corridor-3b060dad60724ce6ad74d63d9f9ccdd1,state_transition__VA120_NB::110+10229__Weekday__0002,state_transition,multiday_average,VA120_NB::110+10229,110+10229,VA120_NB,12,26188,30176,30177,202.0,mapped_primary_link,NORTHBOUND,3.0,0.743653,2.0,mapped_network,mapped_network,inrix_reference_speed,Weekday,0,PM,0.0,15.0,23.75,24.0,1440.0,31.5,45.0,16.854130434782608,23.92624659184088,18064.493556519254,1.0,0.25,2751.243356333848,2751.243356333848,15.0,19.0,15.0,19.0,4.0,episode_period_overlap_over_period_total,4.0,3200.0,5.645154236412266,episode_demand_over_period_capacity,True,True,800.0,745.4642528238288,525.0,True,True,0.8689780598227759,10906.204907749128,recurring
corridor-3b060dad60724ce6ad74d63d9f9ccdd1,state_transition__VA120_NB::110+10230__Weekday__0003,state_transition,multiday_average,VA120_NB::110+10230,110+10230,VA120_NB,16,27166,30562,30160,202.0,mapped_primary_link,NORTHBOUND,5.0,0.638362,2.0,mapped_network,mapped_network,inrix_reference_speed,Weekday,0,AM,5.0,8.5,23.75,19.0,1140.0,31.5,45.0,22.30717391304348,25.90731142185309,14693.30243586334,1.0,0.3333333333333333,2290.1675832818664,2290.1675832818664,6.0,9.0,6.0,9.0,3.0,episode_period_overlap_over_period_total,3.0,2400.0,6.122209348276392,episode_demand_over_period_capacity,True,True,800.0,772.6226162987826,915.0,True,True,0.4121017804761575,6376.879264801755,recurring
corridor-3b060dad60724ce6ad74d63d9f9ccdd1,state_transition__VA120_NB::110+10231__Weekday__0004,state_transition,multiday_average,VA120_NB::110+10231,110+10231,VA120_NB,15,26623,30321,30336,202.0,mapped_primary_link,NORTHBOUND,9.0,0.81434,2.0,mapped_network,mapped_network,inrix_reference_speed,Weekday,0,AM,0.0,8.0,23.75,24.0,1440.0,31.5,45.0,18.387272727272727,24.390193641063416,18273.885394757886,1.0,0.3333333333333333,2230.566855627541,2230.566855627541,6.0,9.0,6.0,9.0,3.0,episode_period_overlap_over_period_total,3.0,2400.0,7.614118914482453,episode_demand_over_period_capacity,True,True,800.0,753.808037218692,945.0,True,True,0.7131415010382673,10238.121156868674,recurring
corridor-3b060dad60724ce6ad74d63d9f9ccdd1,state_transition__VA120_NB::110+10232__Weekday__0005,state_transition,multiday_average,VA120_NB::110+10232,110+10232,VA120_NB,14,27415,30640,30326,202.0,mapped_primary_link,NORTHBOUND,11.0,0.90539,2.0,mapped_network,mapped_network,inrix_reference_speed,Weekday,0,AM,0.0,8.25,23.75,24.0,1440.0,31.5,45.0,13.849347826086955,19.14515455834336,16850.773559014207,1.0,0.3333333333333333,2003.784974292851,2003.784974292851,6.0,9.0,6.0,9.0,3.0,episode_period_overlap_over_period_total,3.0,2400.0,7.021155649589253,episode_demand_over_period_capacity,True,True,800.0,696.5919187359091,900.0,True,True,1.2744753323810571,17049.686709486163,severe
corridor-3b060dad60724ce6ad74d63d9f9ccdd1,state_transition__VA120_NB::110+10233__Weekday__0006,state_transition,multiday_average,VA120_NB::110+10233,110+10233,VA120_NB,21,26583,30308,30090,203.0,mapped_primary_link,NORTHBOUND,15.0,0.297211,3.0,mapped_network,mapped_network,inrix_reference_speed,Weekday,0,PM,0.0,17.5,23.75,24.0,1440.0,31.5,45.0,14.683043478260869,19.155846381410523,12659.190847870605,1.0,0.25,2028.7608413111948,2028.7608413111948,15.0,19.0,15.0,19.0,4.0,episode_period_overlap_over_period_total,4.0,2400.0,5.274662853279419,episode_demand_over_period_capacity,True,True,600.0,534.9344591155232,375.0,True,True,1.1453317935506797,17034.93199365347,severe
corridor-3b060dad60724ce6ad74d63d9f9ccdd1,state_transition__VA120_NB::110+10234__Weekday__0007,state_transition,multiday_average,VA120_NB::110+10234,110+10234,VA120_NB,20,25700,30032,30483,202.0,mapped_primary_link,NORTHBOUND,17.0,0.789735,2.0,mapped_network,mapped_network,inrix_reference_speed,Weekday,0,AM,0.0,8.75,23.75,24.0,1440.0,31.5,45.0,20.603478260869565,24.985201803555743,18414.053088617824,1.0,0.3333333333333333,2276.9803410665154,2276.9803410665154,6.0,9.0,6.0,9.0,3.0,episode_period_overlap_over_period_total,3.0,2400.0,7.672522120257427,episode_demand_over_period_capacity,True,True,800.0,758.3279752046994,900.0,True,True,0.5288680678652822,9381.309402879726,recurring
corridor-3b060dad60724ce6ad74d63d9f9ccdd1,state_transition__VA120_NB::110+10235__Weekday__0008,state_transition,multiday_average,VA120_NB::110+10235,110+10235,VA120_NB,19,27299,30604,30303,202.0,mapped_primary_link,NORTHBOUND,19.0,0.537799,2.0,mapped_network,mapped_network,inrix_reference_speed,Weekday,0,AM,0.25,8.5,23.75,23.75,1425.0,31.5,45.0,22.012272727272727,25.95419564325834,18390.31544517348,1.0,0.3333333333333333,2315.5245265316603,2315.5245265316603,6.0,9.0,6.0,9.0,3.0,episode_period_overlap_over_period_total,3.0,2400.0,7.662631435488949,episode_demand_over_period_capacity,True,True,800.0,774.4544996999102,915.0,True,True,0.4310198856010077,7902.771208356857,recurring
corridor-3b060dad60724ce6ad74d63d9f9ccdd1,state_transition__VA120_NB::110+10236__Weekday__0009,state_transition,multiday_average,VA120_NB::110+10236,110+10236,VA120_NB,18,26864,30465,30006,402.0,mapped_primary_link,NORTHBOUND,21.0,0.875413,2.0,mapped_network,mapped_network,inrix_reference_speed,Weekday,0,MD,8.0,9.25,23.0,15.25,915.0,31.5,45.0,29.168636363636367,30.94704804639409,14580.842753761424,1.0,0.1666666666666666,5736.82993690096,5736.82993690096,9.0,15.0,9.0,15.0,6.0,episode_period_overlap_over_period_total,6.0,5760.0,2.5313963114169136,episode_demand_over_period_capacity,True,True,960.0,956.4041759237266,675.0,True,True,0.079927069860217,558.5472332015783,recurring
corridor-3b060dad60724ce6ad74d63d9f9ccdd1,state_transition__VA120_NB::110+10237__Weekday__0010,state_transition,multiday_average,VA120_NB::110+10237,110+10237,VA120_NB,17,25602,30003,30464,502.0,mapped_primary_link,NORTHBOUND,23.0,1.549127,2.0,mapped_network,mapped_network,inrix_reference_speed,Weekday,0,AM,6.0,8.0,22.5,16.75,1005.0,31.5,45.0,22.89090909090909,27.5610420301092,17936.88241304035,1.0,0.3333333333333333,3202.024925122933,3202.024925122933,6.0,9.0,6.0,9.0,3.0,episode_period_overlap_over_period_total,3.0,3300.0,5.43541891304253,episode_demand_over_period_capacity,True,True,1100.0,1077.286151274666,840.0,True,True,0.3760921366163621,3973.358660361375,recurring
corridor-3b060dad60724ce6ad74d63d9f9ccdd1,state_transition__VA120_NB::110+10784__Weekday__0011,state_transition,multiday_average,VA120_NB::110+10784,110+10784,VA120_NB,2,26166,30169,30569,202.0,mapped_primary_link,NORTHBOUND,7.0,0.452303,2.0,mapped_network,mapped_network,inrix_reference_speed,Weekday,0,AM,0.0,8.0,23.75,24.0,1440.0,31.5,45.0,18.66,22.986164396065384,17919.232680896974,1.0,0.3333333333333333,2158.4615656738297,2158.4615656738297,6.0,9.0,6.0,9.0,3.0,episode_period_overlap_over_period_total,3.0,2400.0,7.466346950373739,episode_demand_over_period_capacity,True,True,800.0,736.2281516568105,915.0,True,True,0.688102893890675,11749.093133429766,recurring
corridor-3b060dad60724ce6ad74d63d9f9ccdd1,state_transition__VA120_NB::110P10229__Weekday__0012,state_transition,multiday_average,VA120_NB::110P10229,110P10229,VA120_NB,3,26179,30173,30417,202.0,mapped_primary_link,NORTHBOUND,4.0,0.231797,2.0,mapped_network,mapped_network,inrix_reference_speed,Weekday,0,PM,0.0,15.5,23.75,24.0,1440.0,31.5,45.0,17.42891304347826,21.551218820957025,17537.543953529632,1.0,0.25,2826.805964580707,2826.805964580707,15.0,19.0,15.0,19.0,4.0,episode_period_overlap_over_period_total,4.0,3200.0,5.48048248547801,episode_demand_over_period_capacity,True,True,800.0,721.4066413113768,495.0,True,True,0.807341623738665,14027.781462450588,recurring
corridor-3b060dad60724ce6ad74d63d9f9ccdd1,state_transition__VA120_NB::110P10230__Weekday__0013,state_transition,multiday_average,VA120_NB::110P10230,110P10230,VA120_NB,7,26131,30159,30625,202.0,mapped_primary_link,NORTHBOUND,6.0,0.05927,2.0,mapped_network,mapped_network,inrix_reference_speed,Weekday,0,AM,0.0,8.25,23.75,24.0,1440.0,31.5,45.0,17.696521739130436,22.081192587928253,17573.314682928867,1.0,0.3333333333333333,2127.057743091147,2127.057743091147,6.0,9.0,6.0,9.0,3.0,episode_period_overlap_over_period_total,3.0,2400.0,7.322214451220361,episode_demand_over_period_capacity,True,True,800.0,714.2357705895727,930.0,True,True,0.7800108102795928,13563.082673383313,recurring
corridor-3b060dad60724ce6ad74d63d9f9ccdd1,state_transition__VA120_NB::110P10231__Weekday__0014,state_transition,multiday_average,VA120_NB::110P10231,110P10231,VA120_NB,8,26659,30336,30334,202.0,mapped_primary_link,NORTHBOUND,10.0,0.058199,2.0,mapped_network,mapped_network,inrix_reference_speed,Weekday,0,PM,0.0,15.5,23.75,24.0,1440.0,31.5,45.0,15.923695652173912,20.50041491213843,17203.218433062473,1.0,0.25,2696.582569338477,2696.582569338477,15.0,19.0,15.0,19.0,4.0,episode_period_overlap_over_period_total,4.0,3200.0,5.376005760332023,episode_demand_over_period_capacity,True,True,800.0,718.729322315941,495.0,True,True,0.9781840025119796,15509.414973884806,recurring
corridor-3b060dad60724ce6ad74d63d9f9ccdd1,state_transition__VA120_NB::110P10233__Weekday__0015,state_transition,multiday_average,VA120_NB::110P10233,110P10233,VA120_NB,6,25896,30090,30091,202.0,mapped_primary_link,NORTHBOUND,16.0,0.077144,3.0,mapped_network,mapped_network,inrix_reference_speed,Weekday,0,PM,0.0,17.25,23.75,24.0,1440.0,31.5,45.0,18.837391304347825,22.167343303859266,17756.505296407835,1.0,0.25,2926.017526860163,2926.017526860163,15.0,19.0,15.0,19.0,4.0,episode_period_overlap_over_period_total,4.0,3200.0,5.548907905127448,episode_demand_over_period_capacity,True,True,800.0,750.9071889211597,390.0,True,True,0.6722060656418778,13159.045941558436,recurring
corridor-4a98dcae6ee74d2c8b337e52edab3ba9,state_transition__VA120_SB::110-10228__Weekday__0002,state_transition,multiday_average,VA120_SB::110-10228,110-10228,VA120_SB,10,26193,30177,30176,202.0,mapped_primary_link,SOUTHBOUND,22.0,0.743653,2.0,mapped_network,mapped_network,inrix_reference_speed,Weekday,0,PM,0.25,16.5,23.75,23.75,1425.0,31.5,45.0,20.19630434782609,24.340855532888494,18058.094844175488,1.0,0.25,2926.6977448009134,2926.6977448009134,15.0,19.0,15.0,19.0,4.0,episode_period_overlap_over_period_total,4.0,3200.0,5.64315463880484,episode_demand_over_period_capacity,True,True,800.0,764.0870222184839,405.0,True,True,0.5596912909163321,9987.00653162055,recurring
corridor-4a98dcae6ee74d2c8b337e52edab3ba9,state_transition__VA120_SB::110-10229__Weekday__0003,state_transition,multiday_average,VA120_SB::110-10229,110-10229,VA120_SB,9,26133,30160,30562,202.0,mapped_primary_link,SOUTHBOUND,20.0,0.638362,2.0,mapped_network,mapped_network,inrix_reference_speed,Weekday,0,PM,5.5,17.25,23.75,18.5,1110.0,31.5,45.0,19.28717391304348,25.35715555229142,14153.602014031849,1.0,0.25,2898.9601814863063,2898.9601814863063,15.0,19.0,15.0,19.0,4.0,episode_period_overlap_over_period_total,4.0,3200.0,4.423000629384952,episode_demand_over_period_capacity,True,True,800.0,788.0430307075753,390.0,True,True,0.6332097248678439,6826.0214673913,recurring
corridor-4a98dcae6ee74d2c8b337e52edab3ba9,state_transition__VA120_SB::110-10231__Weekday__0005,state_transition,multiday_average,VA120_SB::110-10231,110-10231,VA120_SB,3,26640,30326,30640,202.0,mapped_primary_link,SOUTHBOUND,14.0,0.905235,2.0,mapped_network,mapped_network,inrix_reference_speed,Weekday,0,PM,0.0,17.25,23.75,24.0,1440.0,31.5,45.0,15.528478260869564,19.35113964136872,16960.080982198488,1.0,0.25,2667.1772260267803,2667.1772260267803,15.0,19.0,15.0,19.0,4.0,episode_period_overlap_over_period_total,4.0,3200.0,5.300025306937028,episode_demand_over_period_capacity,True,True,800.0,720.8896607396271,390.0,True,True,1.0285310299449817,17129.8931056701,severe
corridor-4a98dcae6ee74d2c8b337e52edab3ba9,state_transition__VA120_SB::110-10232__Weekday__0006,state_transition,multiday_average,VA120_SB::110-10232,110-10232,VA120_SB,2,25889,30088,30086,202.0,mapped_primary_link,SOUTHBOUND,12.0,0.159354,3.0,mapped_network,mapped_network,inrix_reference_speed,Weekday,0,PM,0.0,15.0,23.75,24.0,1440.0,31.5,45.0,11.862608695652176,14.513403811994166,15033.488172122656,1.0,0.25,2370.7275402484192,2370.7275402484192,15.0,19.0,15.0,19.0,4.0,episode_period_overlap_over_period_total,4.0,3200.0,4.69796505378833,episode_demand_over_period_capacity,True,True,800.0,620.8778163663726,525.0,True,True,1.655402433660753,24460.6985107284,severe
corridor-4a98dcae6ee74d2c8b337e52edab3ba9,state_transition__VA120_SB::110-10234__Weekday__0008,state_transition,multiday_average,VA120_SB::110-10234,110-10234,VA120_SB,4,26564,30303,30604,202.0,mapped_primary_link,SOUTHBOUND,6.0,0.516706,2.0,mapped_network,mapped_network,inrix_reference_speed,Weekday,0,PM,0.0,17.75,23.75,24.0,1440.0,31.5,45.0,20.383863636363635,25.416891057312256,18453.12447758,1.0,0.25,2939.536485844485,2939.536485844485,15.0,19.0,15.0,19.0,4.0,episode_period_overlap_over_period_total,4.0,3200.0,5.766601399243751,episode_demand_over_period_capacity,True,True,800.0,781.8114336950812,360.0,True,True,0.5453400082507329,8759.676877470352,recurring
corridor-4a98dcae6ee74d2c8b337e52edab3ba9,state_transition__VA120_SB::110-10235__Weekday__0009,state_transition,multiday_average,VA120_SB::110-10235,110-10235,VA120_SB,7,25611,30006,30465,402.0,mapped_primary_link,SOUTHBOUND,4.0,0.902482,2.0,mapped_network,mapped_network,inrix_reference_speed,Weekday,0,PM,0.0,16.0,23.75,24.0,1440.0,31.5,45.0,27.83891304347826,29.737901614161803,22869.64145350164,1.0,0.25,3796.896767965037,3796.896767965037,15.0,19.0,15.0,19.0,4.0,episode_period_overlap_over_period_total,4.0,3840.0,5.955635795182718,episode_demand_over_period_capacity,True,True,960.0,952.1411526792062,465.0,True,True,0.131509694750076,2578.599470638052,recurring
corridor-4a98dcae6ee74d2c8b337e52edab3ba9,state_transition__VA120_SB::110-10784__Weekday__0011,state_transition,multiday_average,VA120_SB::110-10784,110-10784,VA120_SB,18,26658,30336,30321,202.0,mapped_primary_link,SOUTHBOUND,16.0,0.829031,2.0,mapped_network,mapped_network,inrix_reference_speed,Weekday,0,PM,0.0,16.5,23.75,24.0,1440.0,31.5,45.0,17.534565217391304,23.905124331435477,18134.22532293926,1.0,0.25,2811.967025115092,2811.967025115092,15.0,19.0,15.0,19.0,4.0,episode_period_overlap_over_period_total,4.0,3200.0,5.666945413418518,episode_demand_over_period_capacity,True,True,800.0,762.3840829123857,435.0,True,True,0.7964517288833235,10936.620962732915,recurring
corridor-4a98dcae6ee74d2c8b337e52edab3ba9,state_transition__VA120_SB::110-10785__Weekday__0012,state_transition,multiday_average,VA120_SB::110-10785,110-10785,VA120_SB,19,25900,30091,30090,202.0,mapped_primary_link,SOUTHBOUND,10.0,0.293801,3.0,mapped_network,mapped_network,inrix_reference_speed,Weekday,0,PM,0.0,18.0,23.75,24.0,1440.0,31.5,45.0,13.34318181818182,17.82843128292797,16349.136523475612,1.0,0.25,2540.7485738811424,2540.7485738811424,15.0,19.0,15.0,19.0,4.0,episode_period_overlap_over_period_total,4.0,3200.0,5.109105163586129,episode_demand_over_period_capacity,True,True,800.0,704.1540439826745,345.0,True,True,1.3607562595809908,19687.05895258372,severe
corridor-4a98dcae6ee74d2c8b337e52edab3ba9,state_transition__VA120_SB::110N10229__Weekday__0013,state_transition,multiday_average,VA120_SB::110N10229,110N10229,VA120_SB,21,26782,30417,30173,202.0,mapped_primary_link,SOUTHBOUND,21.0,0.231797,2.0,mapped_network,mapped_network,inrix_reference_speed,Weekday,0,PM,0.0,17.0,23.75,24.0,1440.0,31.5,45.0,13.742727272727274,20.792464774348304,17234.659881066822,1.0,0.25,2548.5059526418167,2548.5059526418167,15.0,19.0,15.0,19.0,4.0,episode_period_overlap_over_period_total,4.0,3200.0,5.385831212833382,episode_demand_over_period_capacity,True,True,800.0,750.2814305099048,405.0,True,True,1.2921214526691798,15418.850724938437,severe
corridor-4a98dcae6ee74d2c8b337e52edab3ba9,state_transition__VA120_SB::110N10231__Weekday__0014,state_transition,multiday_average,VA120_SB::110N10231,110N10231,VA120_SB,11,26654,30334,30336,202.0,mapped_primary_link,SOUTHBOUND,15.0,0.059,2.0,mapped_network,mapped_network,inrix_reference_speed,Weekday,0,MD,0.0,13.5,23.75,24.0,1440.0,31.5,45.0,16.6525,20.38786600315119,17173.174613102117,1.0,0.1666666666666666,4132.992830680676,4132.992830680676,9.0,15.0,9.0,15.0,6.0,episode_period_overlap_over_period_total,6.0,4800.0,3.577744711062941,episode_demand_over_period_capacity,True,True,800.0,700.9398289856053,615.0,True,True,0.8916078666866836,15668.108935556818,recurring
corridor-4a98dcae6ee74d2c8b337e52edab3ba9,state_transition__VA120_SB::110N10233__Weekday__0015,state_transition,multiday_average,VA120_SB::110N10233,110N10233,VA120_SB,13,26994,30507,30091,202.0,mapped_primary_link,SOUTHBOUND,9.0,0.07942,2.0,mapped_network,mapped_network,inrix_reference_speed,Weekday,0,PM,0.0,17.75,23.75,24.0,1440.0,31.5,45.0,15.475652173913044,20.47552812504649,17190.737787605005,1.0,0.25,2644.4708760223198,2644.4708760223198,15.0,19.0,15.0,19.0,4.0,episode_period_overlap_over_period_total,4.0,3200.0,5.372105558626564,episode_demand_over_period_capacity,True,True,800.0,741.30187874233,360.0,True,True,1.035455413833792,15875.239499933052,severe
corridor-4a98dcae6ee74d2c8b337e52edab3ba9,state_transition__VA120_SB::110N10234__Weekday__0016,state_transition,multiday_average,VA120_SB::110N10234,110N10234,VA120_SB,16,25657,30019,30474,202.0,mapped_primary_link,SOUTHBOUND,7.0,0.007269,2.0,mapped_network,mapped_network,inrix_reference_speed,Weekday,0,PM,0.0,17.25,23.75,24.0,1440.0,31.5,45.0,19.071739130434786,22.015809089895548,17637.884467275137,1.0,0.25,2828.956385961649,2828.956385961649,15.0,19.0,15.0,19.0,4.0,episode_period_overlap_over_period_total,4.0,3200.0,5.51183889602348,episode_demand_over_period_capacity,True,True,800.0,735.3430797628932,360.0,True,True,0.6516584976632849,13372.709183247272,recurring
corridor-caf781d6ae074551b63fbb1718fe669f,state_transition__VA123_NB::110-06994__Weekday__0001,state_transition,multiday_average,VA123_NB::110-06994,110-06994,VA123_NB,14,31771,35057,34002,502.0,mapped_primary_link,NORTHBOUND,41.0,1.006155,1.0,mapped_network,mapped_network,inrix_reference_speed,Weekday,0,AM,6.25,7.5,21.5,15.5,930.0,31.5,45.0,18.79119047619048,25.917048065305423,16173.094482041615,0.9127339587200272,0.3652031680740611,2853.322873918968,3126.1276592801764,6.25,9.0,6.0,9.0,3.0,episode_period_overlap_over_period_total,3.0,3300.0,4.900937721830793,episode_demand_over_period_capacity,True,True,1100.0,1067.1848729074852,780.0,True,True,0.6763174233113287,5229.078529079612,recurring
corridor-caf781d6ae074551b63fbb1718fe669f,state_transition__VA123_NB::110-06995__Weekday__0002,state_transition,multiday_average,VA123_NB::110-06995,110-06995,VA123_NB,16,30240,34488,35059,502.0,mapped_primary_link,NORTHBOUND,39.0,0.955946,2.0,mapped_network,mapped_network,inrix_reference_speed,Weekday,0,AM,7.25,8.75,9.5,2.5,150.0,31.5,45.0,26.061304347826084,29.33513241106719,2656.114993864683,0.5994472342474374,0.5560678476593678,1851.0251695331424,3087.886745956832,7.25,9.0,6.0,9.0,3.0,episode_period_overlap_over_period_total,3.0,3300.0,0.8048833314741464,episode_demand_over_period_capacity,True,True,1100.0,1069.4741379333775,30.0,True,True,0.2086885437346723,355.54209486165985,recurring
corridor-caf781d6ae074551b63fbb1718fe669f,state_transition__VA123_NB::110-06995__Weekday__0003,state_transition,multiday_average,VA123_NB::110-06995,110-06995,VA123_NB,16,30240,34488,35059,502.0,mapped_primary_link,NORTHBOUND,39.0,0.955946,2.0,mapped_network,mapped_network,inrix_reference_speed,Weekday,0,PM,13.0,17.5,18.75,6.0,360.0,31.5,45.0,17.924347826086954,26.00656208827405,6086.109217753543,0.933246590091324,0.2678820395963471,3676.912124544538,3939.914877358116,15.0,18.75,15.0,19.0,4.0,episode_period_overlap_over_period_total,4.0,4400.0,1.3832066403985326,episode_demand_over_period_capacity,True,True,1100.0,932.0634946656857,60.0,True,True,0.757386115558143,1988.649011857706,recurring
corridor-caf781d6ae074551b63fbb1718fe669f,state_transition__VA123_NB::110-10012__Weekday__0004,state_transition,multiday_average,VA123_NB::110-10012,110-10012,VA123_NB,27,30212,34477,35973,302.0,mapped_primary_link,NORTHBOUND,36.0,1.111615,2.0,mapped_network,mapped_network,inrix_reference_speed,Weekday,0,AM,6.25,8.25,19.25,13.25,795.0,31.5,45.0,25.864565217391306,30.51089779785432,12635.634343849191,0.9163170544712524,0.363775105687276,2589.600888747293,2826.097010975732,6.25,9.0,6.0,9.0,3.0,episode_period_overlap_over_period_total,3.0,2880.0,4.387373036058747,episode_demand_over_period_capacity,True,True,960.0,957.261311102891,585.0,True,True,0.2178824478680752,775.5972332015784,recurring
corridor-caf781d6ae074551b63fbb1718fe669f,state_transition__VA123_NB::110-10013__Weekday__0005,state_transition,multiday_average,VA123_NB::110-10013,110-10013,VA123_NB,29,30196,34472,35976,202.0,mapped_primary_link,NORTHBOUND,35.0,0.957912,2.0,mapped_network,mapped_network,inrix_reference_speed,Weekday,0,AM,7.0,7.5,9.5,2.75,165.0,31.5,45.0,25.323043478260868,28.893175230566538,2134.7165439062283,0.6664133278307025,0.5001900763575579,1538.90370304901,2309.2330822050385,7.0,9.0,6.0,9.0,3.0,episode_period_overlap_over_period_total,3.0,2400.0,0.8894652266275951,episode_demand_over_period_capacity,True,True,800.0,785.4937079439544,75.0,True,True,0.2439263087409644,384.4562252964423,recurring
corridor-caf781d6ae074551b63fbb1718fe669f,state_transition__VA123_NB::110-10014__Weekday__0008,state_transition,multiday_average,VA123_NB::110-10014,110-10014,VA123_NB,28,34031,36089,35300,102.0,mapped_primary_link,NORTHBOUND,33.0,0.403678,4.0,mapped_network,mapped_network,inrix_reference_speed,Weekday,0,PM,5.5,17.5,23.75,18.5,1110.0,31.5,45.0,18.519130434782607,24.254192393975007,10492.232489650924,1.0,0.25,2172.3551249311454,2172.3551249311454,15.0,19.0,15.0,19.0,4.0,episode_period_overlap_over_period_total,4.0,2400.0,4.371763537354552,episode_demand_over_period_capacity,True,True,600.0,574.5371056733322,375.0,True,True,0.7009437949006903,8044.467094861658,recurring
corridor-caf781d6ae074551b63fbb1718fe669f,state_transition__VA123_NB::110-10015__Weekday__0010,state_transition,multiday_average,VA123_NB::110-10015,110-10015,VA123_NB,31,30568,34587,34444,102.0,mapped_primary_link,NORTHBOUND,31.0,0.3852,3.0,mapped_network,mapped_network,inrix_reference_speed,Weekday,0,PM,8.5,17.5,23.75,15.5,930.0,31.5,45.0,20.05,26.220039366313912,8989.88687327338,1.0,0.25,2228.505510691125,2228.505510691125,15.0,19.0,15.0,19.0,4.0,episode_period_overlap_over_period_total,4.0,2400.0,3.745786197197242,episode_demand_over_period_capacity,True,True,600.0,582.2093852115999,375.0,True,True,0.5710723192019949,4916.43838932806,recurring
corridor-caf781d6ae074551b63fbb1718fe669f,state_transition__VA123_NB::110-10016__Weekday__0011,state_transition,multiday_average,VA123_NB::110-10016,110-10016,VA123_NB,30,30579,34589,36622,102.0,mapped_primary_link,NORTHBOUND,29.0,0.796106,2.0,mapped_network,mapped_network,inrix_reference_speed,Weekday,0,MD,6.75,9.5,23.75,17.25,1035.0,31.5,45.0,25.70434782608696,28.432577186924185,10208.637474493627,1.0,0.1666666666666666,3533.719452815186,3533.719452815186,9.0,15.0,9.0,15.0,6.0,episode_period_overlap_over_period_total,6.0,3600.0,2.835732631803785,episode_demand_over_period_capacity,True,True,600.0,592.917392662068,855.0,True,True,0.2254736129905274,3181.001710912347,recurring
corridor-caf781d6ae074551b63fbb1718fe669f,state_transition__VA123_NB::110-10017__Weekday__0012,state_transition,multiday_average,VA123_NB::110-10017,110-10017,VA123_NB,33,30613,34600,36632,302.0,mapped_primary_link,NORTHBOUND,28.0,1.086422,2.0,mapped_network,mapped_network,inrix_reference_speed,Weekday,0,AM,0.25,8.5,23.75,23.75,1425.0,31.5,45.0,19.859565217391303,24.545227428749744,21660.91180586362,1.0,0.3333333333333333,2706.4218631948656,2706.4218631948656,6.0,9.0,6.0,9.0,3.0,episode_period_overlap_over_period_total,3.0,2880.0,7.521149932591535,episode_demand_over_period_capacity,True,True,960.0,890.7554282587063,915.0,True,True,0.5861374433522342,9910.550914031615,recurring
corridor-caf781d6ae074551b63fbb1718fe669f,state_transition__VA123_NB::110-10018__Weekday__0013,state_transition,multiday_average,VA123_NB::110-10018,110-10018,VA123_NB,32,33578,35940,34708,302.0,mapped_primary_link,NORTHBOUND,27.0,0.859892,2.0,mapped_network,mapped_network,inrix_reference_speed,Weekday,0,PM,0.0,15.75,23.75,24.0,1440.0,31.5,45.0,17.535652173913043,21.911376314092006,21158.85152359949,1.0,0.25,3323.8136838743976,3323.8136838743976,15.0,19.0,15.0,19.0,4.0,episode_period_overlap_over_period_total,4.0,3840.0,5.5101175842707,episode_demand_over_period_capacity,True,True,960.0,893.3443522589457,480.0,True,True,0.7963403748884259,13807.618107707503,recurring
corridor-caf781d6ae074551b63fbb1718fe669f,state_transition__VA123_NB::110-10019__Weekday__0014,state_transition,multiday_average,VA123_NB::110-10019,110-10019,VA123_NB,34,30698,34625,35907,302.0,mapped_primary_link,NORTHBOUND,25.0,1.771685,2.0,mapped_network,mapped_network,inrix_reference_speed,Weekday,0,PM,7.0,15.25,20.5,13.75,825.0,31.5,45.0,25.63586956521739,28.45303035436237,13039.32789543106,1.0,0.25,3780.522375390977,3780.522375390977,15.0,19.0,15.0,19.0,4.0,episode_period_overlap_over_period_total,4.0,3840.0,3.3956583061018386,episode_demand_over_period_capacity,True,True,960.0,949.5927321181636,300.0,True,True,0.2287470850116597,2519.352872670805,recurring
corridor-caf781d6ae074551b63fbb1718fe669f,state_transition__VA123_NB::110-10020__Weekday__0015,state_transition,multiday_average,VA123_NB::110-10020,110-10020,VA123_NB,18,30700,34626,35863,302.0,mapped_primary_link,NORTHBOUND,24.0,0.690904,2.0,mapped_network,mapped_network,inrix_reference_speed,Weekday,0,PM,6.0,15.75,22.75,17.0,1020.0,31.5,45.0,21.972391304347827,26.077851953034173,15784.22479539643,1.0,0.25,3632.3676371977103,3632.3676371977103,15.0,19.0,15.0,19.0,4.0,episode_period_overlap_over_period_total,4.0,3840.0,4.110475207134487,episode_demand_over_period_capacity,True,True,960.0,937.2282914392092,405.0,True,True,0.4336172865156864,5536.398171936755,recurring
corridor-caf781d6ae074551b63fbb1718fe669f,state_transition__VA123_NB::110-10022__Weekday__0016,state_transition,multiday_average,VA123_NB::110-10022,110-10022,VA123_NB,20,34712,36313,34357,202.0,mapped_primary_link,NORTHBOUND,20.0,0.780495,1.0,mapped_network,mapped_network,inrix_reference_speed,Weekday,0,PM,0.0,17.0,23.75,24.0,1440.0,31.5,45.0,14.680652173913042,21.89507707825722,17612.96126900334,1.0,0.25,2682.545262664437,2682.545262664437,15.0,19.0,15.0,19.0,4.0,episode_period_overlap_over_period_total,4.0,3200.0,5.504050396563543,episode_demand_over_period_capacity,True,True,800.0,749.7569907051663,375.0,True,True,1.1456812426885428,13254.793632005036,severe
corridor-caf781d6ae074551b63fbb1718fe669f,state_transition__VA123_NB::110-10023__Weekday__0017,state_transition,multiday_average,VA123_NB::110-10023,110-10023,VA123_NB,19,29823,34364,36308,202.0,mapped_primary_link,NORTHBOUND,18.0,1.438338,2.0,mapped_network,mapped_network,inrix_reference_speed,Weekday,0,PM,5.75,17.25,23.75,18.25,1095.0,31.5,45.0,23.51782608695652,26.41334106212139,14184.019629367289,1.0,0.25,3067.913832276146,3067.913832276146,15.0,19.0,15.0,19.0,4.0,episode_period_overlap_over_period_total,4.0,3200.0,4.432506134177277,episode_demand_over_period_capacity,True,True,800.0,790.9353009949409,390.0,True,True,0.3394095135974559,5283.33765287827,recurring
corridor-caf781d6ae074551b63fbb1718fe669f,state_transition__VA123_NB::110-10026__Weekday__0019,state_transition,multiday_average,VA123_NB::110-10026,110-10026,VA123_NB,24,32870,35709,34781,502.0,mapped_primary_link,NORTHBOUND,13.0,0.565704,2.0,mapped_network,mapped_network,inrix_reference_speed,Weekday,0,AM,7.25,8.5,9.25,2.25,135.0,33.98324999999999,48.54749999999999,28.99478260869565,31.64618357487923,2424.1880357513705,0.6304269281348379,0.5287422196883678,1880.8588090455328,2983.4683848454647,7.25,9.0,6.0,9.0,3.0,episode_period_overlap_over_period_total,3.0,3300.0,0.7346024350761728,episode_demand_over_period_capacity,True,True,1100.0,1076.080480822047,30.0,True,True,0.1720470699376197,347.83581521739023,recurring
corridor-caf781d6ae074551b63fbb1718fe669f,state_transition__VA123_NB::110-10027__Weekday__0020,state_transition,multiday_average,VA123_NB::110-10027,110-10027,VA123_NB,23,29508,34271,36500,502.0,mapped_primary_link,NORTHBOUND,11.0,1.522055,2.0,mapped_network,mapped_network,inrix_reference_speed,Weekday,0,MD,6.25,9.75,19.25,13.25,795.0,38.21475,54.5925,25.402272727272727,34.55419398589474,13930.813293284213,1.0,0.1666666666666666,6252.986379628716,6252.986379628716,9.0,15.0,9.0,15.0,6.0,episode_period_overlap_over_period_total,6.0,6600.0,2.110729286861244,episode_demand_over_period_capacity,True,True,1100.0,1072.752858611415,510.0,True,True,0.5043831081685601,2928.597361660076,recurring
corridor-caf781d6ae074551b63fbb1718fe669f,state_transition__VA123_NB::110-10028__Weekday__0021,state_transition,multiday_average,VA123_NB::110-10028,110-10028,VA123_NB,26,35246,36484,36514,602.0,mapped_primary_link,NORTHBOUND,10.0,1.171941,2.0,mapped_network,mapped_network,inrix_reference_speed,Weekday,0,AM,6.75,7.75,9.25,2.75,165.0,39.6011,56.573,36.48652173913044,38.1044071146245,2968.7004929397526,0.7571346625497727,0.4402563372422809,2428.8824377977758,3207.9926569708527,6.75,9.0,6.0,9.0,3.0,episode_period_overlap_over_period_total,3.0,3300.0,0.8996062099817432,episode_demand_over_period_capacity,True,True,1100.0,1080.4765593049558,75.0,True,True,0.0853624328221258,292.9843695652167,recurring
corridor-caf781d6ae074551b63fbb1718fe669f,state_transition__VA123_NB::110-10030__Weekday__0022,state_transition,multiday_average,VA123_NB::110-10030,110-10030,VA123_NB,35,29441,34252,34253,502.0,mapped_primary_link,NORTHBOUND,8.0,0.665215,2.0,mapped_network,mapped_network,inrix_reference_speed,Weekday,0,AM,6.5,7.75,9.25,3.0,180.0,40.089,57.27,34.15260869565218,37.93582331074722,3218.8477302373312,0.835949809003614,0.3987480226003523,2674.284777020418,3199.097300121348,6.5,9.0,6.0,9.0,3.0,episode_period_overlap_over_period_total,3.0,3300.0,0.9754084031022217,episode_demand_over_period_capacity,True,True,1100.0,1077.731500290267,75.0,True,True,0.1738195567211109,363.3043294748729,recurring
corridor-caf781d6ae074551b63fbb1718fe669f,state_transition__VA123_NB::110-10035__Weekday__0024,state_transition,multiday_average,VA123_NB::110-10035,110-10035,VA123_NB,40,38242,40035,40885,402.0,mapped_primary_link,NORTHBOUND,2.0,0.346259,2.0,mapped_network,mapped_network,inrix_reference_speed,Weekday,0,PM,5.5,17.75,22.0,16.75,1005.0,31.5,45.0,25.46090909090909,29.081197165639903,15840.603923893446,1.0,0.25,3751.1741345484616,3751.1741345484616,15.0,19.0,15.0,19.0,4.0,episode_period_overlap_over_period_total,4.0,3840.0,4.125157271847252,episode_demand_over_period_capacity,True,True,960.0,942.311863620745,240.0,True,True,0.2371907023244188,2448.292698334271,recurring
corridor-caf781d6ae074551b63fbb1718fe669f,state_transition__VA123_NB::110N06995__Weekday__0025,state_transition,multiday_average,VA123_NB::110N06995,110N06995,VA123_NB,41,31776,35059,35057,502.0,mapped_primary_link,NORTHBOUND,40.0,0.192086,2.0,mapped_network,mapped_network,inrix_reference_speed,Weekday,0,PM,6.5,15.5,20.0,13.75,825.0,31.5,45.0,23.924347826086954,26.87274362199066,14696.752447482206,1.0,0.25,4242.6478144338935,4242.6478144338935,15.0,19.0,15.0,19.0,4.0,episode_period_overlap_over_period_total,4.0,4400.0,3.34017101079141,episode_demand_over_period_capacity,True,True,1100.0,1067.5712237940843,255.0,True,True,0.3166503107621852,3838.926729249009,recurring
corridor-caf781d6ae074551b63fbb1718fe669f,state_transition__VA123_NB::110N10014__Weekday__0026,state_transition,multiday_average,VA123_NB::110N10014,110N10014,VA123_NB,1,31840,35085,35083,202.0,mapped_primary_link,NORTHBOUND,34.0,0.368646,2.0,mapped_network,mapped_network,inrix_reference_speed,Weekday,0,PM,6.75,17.5,19.0,12.5,750.0,31.5,45.0,17.78978260869565,25.923654376646905,9356.748969385622,1.0,0.25,2855.449127775989,2855.449127775989,15.0,19.0,15.0,19.0,4.0,episode_period_overlap_over_period_total,4.0,3200.0,2.923984052933007,episode_demand_over_period_capacity,True,True,800.0,741.4421041526676,75.0,True,True,0.7706793103026897,4019.65145750988,recurring
corridor-caf781d6ae074551b63fbb1718fe669f,state_transition__VA123_NB::110N10016__Weekday__0028,state_transition,multiday_average,VA123_NB::110N10016,110N10016,VA123_NB,3,30573,34588,36012,102.0,mapped_primary_link,NORTHBOUND,30.0,0.370543,3.0,mapped_network,mapped_network,inrix_reference_speed,Weekday,0,AM,7.0,7.75,9.0,2.25,135.0,31.5,45.0,28.710227272727277,30.669174352217823,1336.841352649148,0.6770851073197519,0.4923064024444972,1187.5479463448771,1753.9123715861915,7.0,9.0,6.0,9.0,3.0,episode_period_overlap_over_period_total,3.0,1800.0,0.7426896403606379,episode_demand_over_period_capacity,True,True,600.0,594.4518023295685,60.0,True,True,0.0971699980209774,173.61581027667944,recurring
corridor-caf781d6ae074551b63fbb1718fe669f,state_transition__VA123_NB::110N10016__Weekday__0029,state_transition,multiday_average,VA123_NB::110N10016,110N10016,VA123_NB,3,30573,34588,36012,102.0,mapped_primary_link,NORTHBOUND,30.0,0.370543,3.0,mapped_network,mapped_network,inrix_reference_speed,Weekday,0,MD,12.0,13.25,18.5,6.75,405.0,31.5,45.0,29.88173913043478,31.018506807202456,4028.729712201576,0.5000958548899721,0.3332694423218836,1789.9032943853358,3579.1204363794195,12.0,15.0,9.0,15.0,6.0,episode_period_overlap_over_period_total,6.0,3600.0,1.1190915867226598,episode_demand_over_period_capacity,True,True,600.0,596.8439935076908,240.0,True,True,0.0541555115818879,233.93567193675764,recurring
corridor-caf781d6ae074551b63fbb1718fe669f,state_transition__VA123_NB::110N10021__Weekday__0030,state_transition,multiday_average,VA123_NB::110N10021,110N10021,VA123_NB,5,32864,35702,35064,202.0,mapped_primary_link,NORTHBOUND,23.0,0.57985,2.0,mapped_network,mapped_network,inrix_reference_speed,Weekday,0,AM,5.75,8.0,19.0,13.5,810.0,31.5,45.0,24.06434782608696,28.29845776606646,10628.78824706563,1.0,0.3333333333333333,2337.8126522055986,2337.8126522055986,6.0,9.0,6.0,9.0,3.0,episode_period_overlap_over_period_total,3.0,2400.0,4.428661769610679,episode_demand_over_period_capacity,True,True,800.0,788.5550713273971,645.0,True,True,0.3089903880899036,2604.1568181818147,recurring
corridor-caf781d6ae074551b63fbb1718fe669f,state_transition__VA123_NB::110N10023__Weekday__0031,state_transition,multiday_average,VA123_NB::110N10023,110N10023,VA123_NB,7,29845,34370,36620,202.0,mapped_primary_link,NORTHBOUND,19.0,0.060768,1.0,mapped_network,mapped_network,inrix_reference_speed,Weekday,0,PM,0.0,16.75,23.75,24.0,1440.0,31.5,45.0,14.454782608695652,18.6726965952022,16609.853958802458,1.0,0.25,2555.458788933889,2555.458788933889,15.0,19.0,15.0,19.0,4.0,episode_period_overlap_over_period_total,4.0,3200.0,5.190579362125768,episode_demand_over_period_capacity,True,True,800.0,704.2435927221452,420.0,True,True,1.1792095289658904,18471.31690290883,severe
corridor-caf781d6ae074551b63fbb1718fe669f,state_transition__VA123_NB::110N10033__Weekday__0034,state_transition,multiday_average,VA123_NB::110N10033,110N10033,VA123_NB,11,35218,36475,36647,502.0,mapped_primary_link,NORTHBOUND,5.5,0.200572,3.0,mapped_network,mapped_network,inrix_reference_speed,Weekday,0,AM,6.5,7.25,10.0,3.75,225.0,39.011,55.73,29.805217391304343,33.88903886693017,3941.250752780744,0.8282679588112364,0.4024462491724861,2595.618596832688,3133.7909057330007,6.5,9.0,6.0,9.0,3.0,episode_period_overlap_over_period_total,3.0,3300.0,1.1943184099335589,episode_demand_over_period_capacity,True,True,1100.0,1041.8919206035569,150.0,True,True,0.3088648033609522,1172.7525592885368,recurring
corridor-caf781d6ae074551b63fbb1718fe669f,state_transition__VA123_NB::110N10035__Weekday__0037,state_transition,multiday_average,VA123_NB::110N10035,110N10035,VA123_NB,12,38518,40120,40172,202.0,mapped_primary_link,NORTHBOUND,3.0,0.519045,3.0,mapped_network,mapped_network,inrix_reference_speed,Weekday,0,AM,6.25,7.0,8.75,2.75,165.0,31.5,45.0,27.93717391304348,30.10042849443047,2167.015601336286,0.83346635122691,0.3999361616010624,1970.2415966082704,2363.912584722781,6.25,8.75,6.0,9.0,3.0,episode_period_overlap_over_period_total,3.0,2400.0,0.9029231672234528,episode_demand_over_period_capacity,True,True,800.0,788.7915562157611,90.0,True,True,0.1275299390713635,273.1064229249007,recurring
corridor-64406a8f77cd4cc4a2d06d5e608f54e4,state_transition__VA123_SB::110+06995__Weekday__0001,state_transition,multiday_average,VA123_SB::110+06995,110+06995,VA123_SB,42,28669,34002,35057,502.0,mapped_primary_link,SOUTHBOUND,1.0,1.006155,1.0,mapped_network,mapped_network,inrix_reference_speed,Weekday,0,PM,6.5,16.0,20.75,14.5,870.0,31.5,45.0,28.247826086956525,29.893033420383965,15874.997459051574,1.0,0.25,4375.013759696977,4375.013759696977,15.0,19.0,15.0,19.0,4.0,episode_period_overlap_over_period_total,4.0,4400.0,3.607953967966267,episode_demand_over_period_capacity,True,True,1100.0,1096.6456263099408,240.0,True,True,0.1151300600277047,1374.3377964426847,recurring
corridor-64406a8f77cd4cc4a2d06d5e608f54e4,state_transition__VA123_SB::110+10013__Weekday__0002,state_transition,multiday_average,VA123_SB::110+10013,110+10013,VA123_SB,24,33679,35973,34477,302.0,mapped_primary_link,SOUTHBOUND,6.0,1.120295,2.0,mapped_network,mapped_network,inrix_reference_speed,Weekday,0,PM,9.0,17.0,19.25,10.5,630.0,31.5,45.0,23.381521739130434,28.30245153397327,9869.394349947985,1.0,0.25,3666.9414188152223,3666.9414188152223,15.0,19.0,15.0,19.0,4.0,episode_period_overlap_over_period_total,4.0,3840.0,2.570154778632287,episode_demand_over_period_capacity,True,True,960.0,934.0942012648763,120.0,True,True,0.3472177025707776,2019.441403162053,recurring
corridor-64406a8f77cd4cc4a2d06d5e608f54e4,state_transition__VA123_SB::110+10014__Weekday__0004,state_transition,multiday_average,VA123_SB::110+10014,110+10014,VA123_SB,23,33692,35976,34472,202.0,mapped_primary_link,SOUTHBOUND,8.0,0.86912,2.0,mapped_network,mapped_network,inrix_reference_speed,Weekday,0,PM,11.25,17.25,19.25,8.25,495.0,31.5,45.0,19.003636363636364,26.787705713259072,6275.8179554652015,1.0,0.25,2895.5176356234906,2895.5176356234906,15.0,19.0,15.0,19.0,4.0,episode_period_overlap_over_period_total,4.0,3200.0,1.9611931110828755,episode_demand_over_period_capacity,True,True,800.0,753.4878580165371,105.0,True,True,0.6575774971297357,2369.1726284584965,recurring
corridor-64406a8f77cd4cc4a2d06d5e608f54e4,state_transition__VA123_SB::110+10015__Weekday__0005,state_transition,multiday_average,VA123_SB::110+10015,110+10015,VA123_SB,22,32319,35300,36089,102.0,mapped_primary_link,SOUTHBOUND,10.0,0.399588,4.0,mapped_network,mapped_network,inrix_reference_speed,Weekday,0,PM,3.75,17.5,23.75,20.25,1215.0,31.5,45.0,20.374565217391304,26.16100563298152,11656.054169803145,1.0,0.25,2223.4456294613183,2223.4456294613183,15.0,19.0,15.0,19.0,4.0,episode_period_overlap_over_period_total,4.0,2400.0,4.856689237417977,episode_demand_over_period_capacity,True,True,600.0,575.3511888662102,345.0,True,True,0.546045261035178,6551.120514357894,recurring
corridor-64406a8f77cd4cc4a2d06d5e608f54e4,state_transition__VA123_SB::110+10016__Weekday__0006,state_transition,multiday_average,VA123_SB::110+10016,110+10016,VA123_SB,21,30098,34444,34587,102.0,mapped_primary_link,SOUTHBOUND,12.0,0.512907,3.0,mapped_network,mapped_network,inrix_reference_speed,Weekday,0,PM,6.5,17.75,23.75,17.5,1050.0,31.5,45.0,21.37782608695652,26.938780858687345,10229.147907275392,1.0,0.25,2247.1377653080017,2247.1377653080017,15.0,19.0,15.0,19.0,4.0,episode_period_overlap_over_period_total,4.0,2400.0,4.262144961364746,episode_demand_over_period_capacity,True,True,600.0,589.9896520650225,360.0,True,True,0.4734893937236875,4659.738089356291,recurring
corridor-64406a8f77cd4cc4a2d06d5e608f54e4,state_transition__VA123_SB::110+10017__Weekday__0007,state_transition,multiday_average,VA123_SB::110+10017,110+10017,VA123_SB,20,35664,36622,34589,102.0,mapped_primary_link,SOUTHBOUND,14.0,0.785623,2.0,mapped_network,mapped_network,inrix_reference_speed,Weekday,0,PM,6.75,17.0,23.25,16.75,1005.0,31.5,45.0,23.907391304347826,28.386728954044013,9904.614896150037,1.0,0.25,2318.63739216074,2318.63739216074,15.0,19.0,15.0,19.0,4.0,episode_period_overlap_over_period_total,4.0,2400.0,4.126922873395848,episode_demand_over_period_capacity,True,True,600.0,596.3803104640285,360.0,True,True,0.3175841562551147,3134.828211462448,recurring
corridor-64406a8f77cd4cc4a2d06d5e608f54e4,state_transition__VA123_SB::110+10018__Weekday__0008,state_transition,multiday_average,VA123_SB::110+10018,110+10018,VA123_SB,19,35695,36632,34600,302.0,mapped_primary_link,SOUTHBOUND,15.0,1.084708,2.0,mapped_network,mapped_network,inrix_reference_speed,Weekday,0,PM,0.0,17.25,23.75,24.0,1440.0,31.5,45.0,13.34108695652174,23.060590522644176,21296.3419973594,1.0,0.25,3078.482069666288,3078.482069666288,15.0,19.0,15.0,19.0,4.0,episode_period_overlap_over_period_total,4.0,3840.0,5.545922395145677,episode_demand_over_period_capacity,True,True,960.0,921.0029285688446,390.0,True,True,1.3611269533477808,11899.567363071706,severe
corridor-64406a8f77cd4cc4a2d06d5e608f54e4,state_transition__VA123_SB::110+10019__Weekday__0009,state_transition,multiday_average,VA123_SB::110+10019,110+10019,VA123_SB,18,30970,34708,35940,302.0,mapped_primary_link,SOUTHBOUND,16.0,0.860481,2.0,mapped_network,mapped_network,inrix_reference_speed,Weekday,0,PM,0.0,17.25,23.75,24.0,1440.0,31.5,45.0,15.415434782608695,22.08975596670186,21088.99796256134,1.0,0.25,3159.691718142834,3159.691718142834,15.0,19.0,15.0,19.0,4.0,episode_period_overlap_over_period_total,4.0,3840.0,5.491926552750349,episode_demand_over_period_capacity,True,True,960.0,900.6969140495221,360.0,True,True,1.0434065236705163,12986.136765951434,severe
corridor-64406a8f77cd4cc4a2d06d5e608f54e4,state_transition__VA123_SB::110+10020__Weekday__0010,state_transition,multiday_average,VA123_SB::110+10020,110+10020,VA123_SB,28,33469,35907,34625,302.0,mapped_primary_link,SOUTHBOUND,17.0,1.771536,2.0,mapped_network,mapped_network,inrix_reference_speed,Weekday,0,PM,7.25,16.25,21.0,14.0,840.0,31.5,45.0,25.57413043478261,28.96996329757199,13295.972385981808,1.0,0.25,3746.449155741325,3746.449155741325,15.0,19.0,15.0,19.0,4.0,episode_period_overlap_over_period_total,4.0,3840.0,3.462492808849429,episode_demand_over_period_capacity,True,True,960.0,948.2383477800638,270.0,True,True,0.2317134332418118,2154.621640316203,recurring
corridor-64406a8f77cd4cc4a2d06d5e608f54e4,state_transition__VA123_SB::110+10021__Weekday__0011,state_transition,multiday_average,VA123_SB::110+10021,110+10021,VA123_SB,27,33338,35863,34626,302.0,mapped_primary_link,SOUTHBOUND,18.0,0.754015,2.0,mapped_network,mapped_network,inrix_reference_speed,Weekday,0,PM,7.0,16.0,20.75,14.0,840.0,31.5,45.0,25.280434782608697,28.29730136510028,13241.502096735923,1.0,0.25,3743.626123349546,3743.626123349546,15.0,19.0,15.0,19.0,4.0,episode_period_overlap_over_period_total,4.0,3840.0,3.4483078376916465,episode_demand_over_period_capacity,True,True,960.0,945.2671672101604,240.0,True,True,0.246022873849858,2616.164155138337,recurring
corridor-64406a8f77cd4cc4a2d06d5e608f54e4,state_transition__VA123_SB::110+10022__Weekday__0012,state_transition,multiday_average,VA123_SB::110+10022,110+10022,VA123_SB,26,31792,35066,34368,202.0,mapped_primary_link,SOUTHBOUND,20.0,0.466906,3.0,mapped_network,mapped_network,inrix_reference_speed,Weekday,0,PM,0.0,16.25,23.75,24.0,1440.0,31.5,45.0,16.276304347826088,21.87117536372046,17618.506898517386,1.0,0.25,2711.4012898403107,2711.4012898403107,15.0,19.0,15.0,19.0,4.0,episode_period_overlap_over_period_total,4.0,3200.0,5.505783405786684,episode_demand_over_period_capacity,True,True,800.0,743.4413946540656,450.0,True,True,0.9353287654766196,13576.642737154143,recurring
corridor-64406a8f77cd4cc4a2d06d5e608f54e4,state_transition__VA123_SB::110+10023__Weekday__0013,state_transition,multiday_average,VA123_SB::110+10023,110+10023,VA123_SB,25,29801,34357,36313,202.0,mapped_primary_link,SOUTHBOUND,22.0,0.780495,1.0,mapped_network,mapped_network,inrix_reference_speed,Weekday,0,PM,0.0,17.75,23.75,24.0,1440.0,31.5,45.0,17.177391304347825,22.222237612930552,17757.087988014817,1.0,0.25,2741.184787145324,2741.184787145324,15.0,19.0,15.0,19.0,4.0,episode_period_overlap_over_period_total,4.0,3200.0,5.54908999625463,episode_demand_over_period_capacity,True,True,800.0,760.3710661261384,360.0,True,True,0.8338058114812188,13359.977837380007,recurring
corridor-64406a8f77cd4cc4a2d06d5e608f54e4,state_transition__VA123_SB::110+10028__Weekday__0016,state_transition,multiday_average,VA123_SB::110+10028,110+10028,VA123_SB,30,35291,36500,34271,502.0,mapped_primary_link,SOUTHBOUND,31.0,1.596993,2.0,mapped_network,mapped_network,inrix_reference_speed,Weekday,0,PM,14.25,17.75,18.75,4.75,285.0,36.61315,52.3045,27.675434782608693,32.06365089514067,4974.02312879886,0.9358673846821346,0.2671318651465901,3893.179026406436,4159.968698694149,15.0,18.75,15.0,19.0,4.0,episode_period_overlap_over_period_total,4.0,4400.0,1.130459801999741,episode_demand_over_period_capacity,True,True,1100.0,1073.552574022218,45.0,True,True,0.3229475991108108,1208.43567687747,recurring
corridor-64406a8f77cd4cc4a2d06d5e608f54e4,state_transition__VA123_SB::110+10029__Weekday__0017,state_transition,multiday_average,VA123_SB::110+10029,110+10029,VA123_SB,29,35335,36514,36484,602.0,mapped_primary_link,SOUTHBOUND,32.0,1.17528,2.0,mapped_network,mapped_network,inrix_reference_speed,Weekday,0,PM,14.75,17.5,18.75,4.25,255.0,39.00469999999999,55.721,35.08521739130435,36.63263194605906,4630.716057593927,0.9372762224757336,0.266730334137408,4084.7901417375824,4358.149757547423,15.0,18.75,15.0,19.0,4.0,episode_period_overlap_over_period_total,4.0,4400.0,1.0524354676349834,episode_demand_over_period_capacity,True,True,1100.0,1088.934454076461,60.0,True,True,0.1117132199861206,652.0371936758877,recurring
corridor-64406a8f77cd4cc4a2d06d5e608f54e4,state_transition__VA123_SB::110+10033__Weekday__0018,state_transition,multiday_average,VA123_SB::110+10033,110+10033,VA123_SB,36,35224,36477,36647,502.0,mapped_primary_link,SOUTHBOUND,36.0,1.09396,2.0,mapped_network,mapped_network,inrix_reference_speed,Weekday,0,PM,15.25,16.5,18.0,3.0,180.0,40.355,57.65,35.17913043478261,39.8775477602108,3229.099455272504,0.6889873465449189,0.3628513662169282,2963.491183077133,4301.227298205436,15.25,18.0,15.0,19.0,4.0,episode_period_overlap_over_period_total,4.0,4400.0,0.7338862398346601,episode_demand_over_period_capacity,True,True,1100.0,1069.6823269335014,30.0,True,True,0.147128979632193,185.071393280632,recurring
corridor-64406a8f77cd4cc4a2d06d5e608f54e4,state_transition__VA123_SB::110+10035__Weekday__0019,state_transition,multiday_average,VA123_SB::110+10035,110+10035,VA123_SB,41,29434,34249,36435,502.0,mapped_primary_link,SOUTHBOUND,38.0,1.955134,3.0,mapped_network,mapped_network,inrix_reference_speed,Weekday,0,PM,13.75,17.5,19.75,6.25,375.0,32.156949999999995,45.9385,14.976956521739131,22.150094466403164,6068.80028460047,1.0,0.25,3698.5919343424657,3698.5919343424657,15.0,19.0,15.0,19.0,4.0,episode_period_overlap_over_period_total,4.0,4400.0,1.3792727919546524,episode_demand_over_period_capacity,True,True,1100.0,922.8964200121392,120.0,True,True,1.1470951026214178,3783.601455533595,severe
corridor-64406a8f77cd4cc4a2d06d5e608f54e4,state_transition__VA123_SB::110+10036__Weekday__0020,state_transition,multiday_average,VA123_SB::110+10036,110+10036,VA123_SB,40,40619,40885,40035,402.0,mapped_primary_link,SOUTHBOUND,40.0,0.404814,2.0,mapped_network,mapped_network,inrix_reference_speed,Weekday,0,PM,0.0,18.5,23.75,24.0,1440.0,31.5,45.0,21.35695652173913,25.92463812229437,22175.35564758053,1.0,0.25,3537.545411725397,3537.545411725397,15.0,19.0,15.0,19.0,4.0,episode_period_overlap_over_period_total,4.0,3840.0,5.774832199890764,episode_demand_over_period_capacity,True,True,960.0,936.9144056838204,315.0,True,True,0.4749292563262148,8028.5211038961,recurring
corridor-64406a8f77cd4cc4a2d06d5e608f54e4,state_transition__VA123_SB::110P06995__Weekday__0021,state_transition,multiday_average,VA123_SB::110P06995,110P06995,VA123_SB,2,31772,35057,35059,502.0,mapped_primary_link,SOUTHBOUND,2.0,0.243352,2.0,mapped_network,mapped_network,inrix_reference_speed,Weekday,0,AM,6.5,8.0,19.75,13.5,810.0,31.5,45.0,25.90431818181818,28.563532242717024,14561.91654237504,0.8373226879417568,0.3980942331238009,2666.868250788115,3184.994613419121,6.5,9.0,6.0,9.0,3.0,episode_period_overlap_over_period_total,3.0,3300.0,4.412701982537891,episode_demand_over_period_capacity,True,True,1100.0,1082.7117922312773,690.0,True,True,0.2160134761666623,2433.9377964426844,recurring
corridor-64406a8f77cd4cc4a2d06d5e608f54e4,state_transition__VA123_SB::110P06996__Weekday__0022,state_transition,multiday_average,VA123_SB::110P06996,110P06996,VA123_SB,1,30231,34485,35972,502.0,mapped_primary_link,SOUTHBOUND,4.0,0.096302,2.0,mapped_network,mapped_network,inrix_reference_speed,Weekday,0,AM,6.5,8.0,15.25,9.0,540.0,32.00469999999999,45.721,27.307173913043474,31.22684178743962,9734.206671099268,0.8378583244199481,0.3978397344969998,2683.6094978085657,3202.939470305361,6.5,9.0,6.0,9.0,3.0,episode_period_overlap_over_period_total,3.0,3300.0,2.9497595973028083,episode_demand_over_period_capacity,True,True,1100.0,1084.484568720534,315.0,True,True,0.172025347694904,499.35241304347534,recurring
corridor-64406a8f77cd4cc4a2d06d5e608f54e4,state_transition__VA123_SB::110P10014__Weekday__0024,state_transition,multiday_average,VA123_SB::110P10014,110P10014,VA123_SB,12,31836,35083,35085,202.0,mapped_primary_link,SOUTHBOUND,9.0,0.463671,2.0,mapped_network,mapped_network,inrix_reference_speed,Weekday,0,PM,11.75,17.5,19.5,8.0,480.0,31.5,45.0,26.30434782608696,30.56113574604743,6343.613738780939,1.0,0.25,3160.6166208808345,3160.6166208808345,15.0,19.0,15.0,19.0,4.0,episode_period_overlap_over_period_total,4.0,3200.0,1.9823792933690436,episode_demand_over_period_capacity,True,True,800.0,793.8548911885354,45.0,True,True,0.1975206611570246,608.1340909090897,recurring
corridor-64406a8f77cd4cc4a2d06d5e608f54e4,state_transition__VA123_SB::110P10016__Weekday__0026,state_transition,multiday_average,VA123_SB::110P10016,110P10016,VA123_SB,11,33793,36012,34588,102.0,mapped_primary_link,SOUTHBOUND,13.0,0.309237,3.0,mapped_network,mapped_network,inrix_reference_speed,Weekday,0,PM,15.0,17.0,18.5,3.75,225.0,31.5,45.0,25.26195652173913,29.05022891963109,2183.0152339620013,0.87187067080943,0.2867397750263857,2033.4232875482217,2332.253344019963,15.0,18.5,15.0,19.0,4.0,episode_period_overlap_over_period_total,4.0,2400.0,0.9095896808175006,episode_demand_over_period_capacity,True,True,600.0,566.1285245562418,75.0,True,True,0.2469342971472827,571.3754199604737,recurring
corridor-64406a8f77cd4cc4a2d06d5e608f54e4,state_transition__VA123_SB::110P10021__Weekday__0027,state_transition,multiday_average,VA123_SB::110P10021,110P10021,VA123_SB,6,32865,35702,35066,202.0,mapped_primary_link,SOUTHBOUND,19.0,0.513876,2.0,mapped_network,mapped_network,inrix_reference_speed,Weekday,0,AM,7.0,8.75,18.75,12.0,720.0,31.5,45.0,26.918695652173916,29.78373517786561,9521.923788223034,0.6676724605963846,0.4992467909124037,1581.5555519723534,2368.759601915678,7.0,9.0,6.0,9.0,3.0,episode_period_overlap_over_period_total,3.0,2400.0,3.9674682450929306,episode_demand_over_period_capacity,True,True,800.0,794.3825474182046,585.0,True,True,0.1701904285045143,1256.074802371539,recurring
corridor-64406a8f77cd4cc4a2d06d5e608f54e4,state_transition__VA123_SB::110P10023__Weekday__0028,state_transition,multiday_average,VA123_SB::110P10023,110P10023,VA123_SB,4,35657,36620,34370,202.0,mapped_primary_link,SOUTHBOUND,23.0,0.060768,1.0,mapped_network,mapped_network,inrix_reference_speed,Weekday,0,PM,0.0,17.5,23.75,24.0,1440.0,31.5,45.0,16.725652173913044,19.579706647174564,16940.471765238995,1.0,0.25,2720.022487069593,2720.022487069593,15.0,19.0,15.0,19.0,4.0,episode_period_overlap_over_period_total,4.0,3200.0,5.293897426637186,episode_demand_over_period_capacity,True,True,800.0,719.6614191394267,375.0,True,True,0.883334633081182,17165.22242806862,recurring
corridor-64406a8f77cd4cc4a2d06d5e608f54e4,state_transition__VA123_SB::110P10027__Weekday__0029,state_transition,multiday_average,VA123_SB::110P10027,110P10027,VA123_SB,8,32871,35709,35711,502.0,mapped_primary_link,SOUTHBOUND,30.0,0.341155,2.0,mapped_network,mapped_network,inrix_reference_speed,Weekday,0,PM,10.0,16.5,19.0,9.25,555.0,32.2,46.0,19.65195652173913,25.38048701298701,9083.725697959117,1.0,0.25,4065.7487690614776,4065.7487690614776,15.0,19.0,15.0,19.0,4.0,episode_period_overlap_over_period_total,4.0,4400.0,2.0644831131725265,episode_demand_over_period_capacity,True,True,1100.0,1008.7464501666404,135.0,True,True,0.6385137003727914,3596.845405138338,recurring
corridor-a0db01a8e14140fda55b458b43f6dea8,state_transition__VA193_EB::110-11674__Weekday__0004,state_transition,multiday_average,VA193_EB::110-11674,110-11674,VA193_EB,4,30336,34518,36038,603.0,mapped_primary_link,EASTBOUND,7.0,1.835293,1.0,mapped_network,mapped_network,inrix_reference_speed,Weekday,0,PM,6.75,17.5,20.25,13.75,825.0,31.5,45.0,17.612272727272728,25.84879842370029,11633.94268681642,1.0,0.25,3088.623224450428,3088.623224450428,15.0,19.0,15.0,19.0,4.0,episode_period_overlap_over_period_total,4.0,3600.0,3.2316507463378943,episode_demand_over_period_capacity,True,True,900.0,849.5777395572251,150.0,True,True,0.7885255632694141,4677.098711514457,recurring
corridor-a0db01a8e14140fda55b458b43f6dea8,state_transition__VA193_EB::110-11675__Weekday__0005,state_transition,multiday_average,VA193_EB::110-11675,110-11675,VA193_EB,3,30390,34534,34519,603.0,mapped_primary_link,EASTBOUND,6.0,2.294235,1.0,mapped_network,mapped_network,inrix_reference_speed,Weekday,0,AM,6.5,7.75,20.0,13.75,825.0,31.5,45.0,27.73045454545455,29.93314660438376,12321.4421606137,0.833088896523304,0.4001173640945399,2237.653035132138,2685.971502525654,6.5,9.0,6.0,9.0,3.0,episode_period_overlap_over_period_total,3.0,2700.0,4.563497096523593,episode_demand_over_period_capacity,True,True,900.0,896.6018759569597,720.0,True,True,0.1359352205484614,1297.871442687744,recurring
corridor-a0db01a8e14140fda55b458b43f6dea8,state_transition__VA193_EB::110-11676__Weekday__0006,state_transition,multiday_average,VA193_EB::110-11676,110-11676,VA193_EB,6,30383,34532,34533,603.0,mapped_primary_link,EASTBOUND,5.0,2.035501,1.0,mapped_network,mapped_network,inrix_reference_speed,Weekday,0,AM,6.75,7.5,9.75,3.25,195.0,31.5,45.0,25.024285714285718,29.8268044274566,2895.1998904478783,0.7526079739995934,0.4429043337953171,1998.070534865947,2654.8622973625656,6.75,9.0,6.0,9.0,3.0,episode_period_overlap_over_period_total,3.0,2700.0,1.0722962557214364,episode_demand_over_period_capacity,True,True,900.0,897.302538095228,105.0,True,True,0.2587771878746359,336.0231366459622,recurring
corridor-a0db01a8e14140fda55b458b43f6dea8,state_transition__VA193_EB::110-11676__Weekday__0007,state_transition,multiday_average,VA193_EB::110-11676,110-11676,VA193_EB,6,30383,34532,34533,603.0,mapped_primary_link,EASTBOUND,5.0,2.035501,1.0,mapped_network,mapped_network,inrix_reference_speed,Weekday,0,PM,12.75,16.0,18.0,5.5,330.0,31.5,45.0,29.72565217391304,30.718347556593606,4934.930462796665,0.7496563637733645,0.3334861305540518,2689.923143332876,3588.208242231492,15.0,18.0,15.0,19.0,4.0,episode_period_overlap_over_period_total,4.0,3600.0,1.370814017443518,episode_demand_over_period_capacity,True,True,900.0,897.375133968994,105.0,True,True,0.0596907955359884,266.5969861660066,recurring
corridor-a0db01a8e14140fda55b458b43f6dea8,state_transition__VA193_EB::110-11677__Weekday__0008,state_transition,multiday_average,VA193_EB::110-11677,110-11677,VA193_EB,5,30442,34548,34531,503.0,mapped_primary_link,EASTBOUND,4.0,1.37461,1.0,mapped_network,mapped_network,inrix_reference_speed,Weekday,0,AM,6.25,7.5,19.0,13.0,780.0,31.5,45.0,24.688333333333336,29.852043436635828,11607.226340146595,0.9169846700482188,0.3635102572824966,2425.7436877680684,2645.348136125888,6.25,9.0,6.0,9.0,3.0,episode_period_overlap_over_period_total,3.0,2700.0,4.298972718572814,episode_demand_over_period_capacity,True,True,900.0,896.0490000147456,630.0,True,True,0.2759062985215685,1346.085714285712,recurring
corridor-a0db01a8e14140fda55b458b43f6dea8,state_transition__VA193_EB::110-11678__Weekday__0009,state_transition,multiday_average,VA193_EB::110-11678,110-11678,VA193_EB,7,30444,34549,35780,503.0,mapped_primary_link,EASTBOUND,3.0,1.671448,1.0,mapped_network,mapped_network,inrix_reference_speed,Weekday,0,AM,6.25,8.25,10.25,4.25,255.0,31.5,45.0,27.317391304347822,29.755602766798415,3783.2658642922174,0.9189961766937044,0.3627146029405421,2442.3443271377964,2657.621858585614,6.25,9.0,6.0,9.0,3.0,episode_period_overlap_over_period_total,3.0,2700.0,1.401209579367488,episode_demand_over_period_capacity,True,True,900.0,893.3082221652685,105.0,True,True,0.1531115709056181,501.8174407114617,recurring
corridor-a0db01a8e14140fda55b458b43f6dea8,state_transition__VA193_EB::110N11674__Weekday__0012,state_transition,multiday_average,VA193_EB::110N11674,110N11674,VA193_EB,9,31759,35052,35050,303.0,mapped_primary_link,EASTBOUND,8.0,0.161851,1.0,mapped_network,mapped_network,inrix_reference_speed,Weekday,0,PM,0.0,17.5,23.75,24.0,1440.0,31.5,45.0,11.251086956521736,16.94452032136106,13882.593101802331,1.0,0.25,2046.3816338800648,2046.3816338800648,15.0,19.0,15.0,19.0,4.0,episode_period_overlap_over_period_total,4.0,2800.0,4.958068964929405,episode_demand_over_period_capacity,True,True,700.0,589.9106349748754,345.0,True,True,1.7997294947348084,20086.56195652173,severe
corridor-37b98f2877324c9baaa85a73b1866a9c,state_transition__VA193_WB::110+11675__Weekday__0004,state_transition,multiday_average,VA193_WB::110+11675,110+11675,VA193_WB,9,33875,36038,34518,603.0,mapped_primary_link,WESTBOUND,5.0,1.835293,1.0,mapped_network,mapped_network,inrix_reference_speed,Weekday,0,AM,6.75,7.75,11.25,4.75,285.0,31.5,45.0,28.6875,30.60154046182649,4258.895671013375,0.7504985493627261,0.4441492040409379,2013.6990439669512,2683.148482667757,6.75,9.0,6.0,9.0,3.0,episode_period_overlap_over_period_total,3.0,2700.0,1.577368767041991,episode_demand_over_period_capacity,True,True,900.0,898.0175368482172,165.0,True,True,0.0980392156862743,266.7370553359677,recurring
corridor-37b98f2877324c9baaa85a73b1866a9c,state_transition__VA193_WB::110+11675__Weekday__0005,state_transition,multiday_average,VA193_WB::110+11675,110+11675,VA193_WB,9,33875,36038,34518,603.0,mapped_primary_link,WESTBOUND,5.0,1.835293,1.0,mapped_network,mapped_network,inrix_reference_speed,Weekday,0,PM,13.5,15.25,19.75,6.5,390.0,31.5,45.0,28.51782608695652,30.463879218607477,5816.514899300851,1.0,0.25,3572.642725685529,3572.642725685529,15.0,19.0,15.0,19.0,4.0,episode_period_overlap_over_period_total,4.0,3600.0,1.615698583139125,episode_demand_over_period_capacity,True,True,900.0,894.5467823624305,255.0,True,True,0.1045722736351022,414.4566699604732,recurring
corridor-37b98f2877324c9baaa85a73b1866a9c,state_transition__VA193_WB::110+11676__Weekday__0006,state_transition,multiday_average,VA193_WB::110+11676,110+11676,VA193_WB,8,30339,34519,34534,603.0,mapped_primary_link,WESTBOUND,6.0,2.294235,1.0,mapped_network,mapped_network,inrix_reference_speed,Weekday,0,AM,6.25,7.75,20.0,14.0,840.0,31.5,45.0,28.76260869565217,30.09001782185206,12546.599167755288,0.916549511080151,0.363682844520315,2460.89660737062,2684.95763471682,6.25,9.0,6.0,9.0,3.0,episode_period_overlap_over_period_total,3.0,2700.0,4.646888580650107,episode_demand_over_period_capacity,True,True,900.0,896.9043953801781,720.0,True,True,0.0951718716933216,1190.7111166007878,recurring
corridor-37b98f2877324c9baaa85a73b1866a9c,state_transition__VA193_WB::110+11677__Weekday__0007,state_transition,multiday_average,VA193_WB::110+11677,110+11677,VA193_WB,7,30386,34533,34532,603.0,mapped_primary_link,WESTBOUND,7.0,2.035501,1.0,mapped_network,mapped_network,inrix_reference_speed,Weekday,0,AM,7.0,7.5,9.0,2.25,135.0,31.5,45.0,28.99673913043478,30.709795783926214,2017.365447151066,0.6695911376311006,0.4978162263506204,1792.9606566615516,2677.694724283152,7.0,9.0,6.0,9.0,3.0,episode_period_overlap_over_period_total,3.0,2700.0,0.7471723878337282,episode_demand_over_period_capacity,True,True,900.0,897.4210901337308,75.0,True,True,0.086329047494096,120.53626482213409,recurring
corridor-37b98f2877324c9baaa85a73b1866a9c,state_transition__VA193_WB::110+11677__Weekday__0008,state_transition,multiday_average,VA193_WB::110+11677,110+11677,VA193_WB,7,30386,34533,34532,603.0,mapped_primary_link,WESTBOUND,7.0,2.035501,1.0,mapped_network,mapped_network,inrix_reference_speed,Weekday,0,PM,11.0,16.0,19.25,8.5,510.0,31.5,45.0,25.447727272727278,29.506075891819176,7553.858242647656,1.0,0.25,3515.735289731145,3515.735289731145,15.0,19.0,15.0,19.0,4.0,episode_period_overlap_over_period_total,4.0,3600.0,2.098293956291016,episode_demand_over_period_capacity,True,True,900.0,881.8258334557912,180.0,True,True,0.2378315620255424,1042.5452180971183,recurring
corridor-37b98f2877324c9baaa85a73b1866a9c,state_transition__VA193_WB::110+11678__Weekday__0009,state_transition,multiday_average,VA193_WB::110+11678,110+11678,VA193_WB,6,30378,34531,34548,503.0,mapped_primary_link,WESTBOUND,8.0,1.37461,1.0,mapped_network,mapped_network,inrix_reference_speed,Weekday,0,PM,7.0,17.75,20.0,13.25,795.0,31.5,45.0,26.24891304347826,29.87057722425237,11827.23841555009,1.0,0.25,3527.8618647748626,3527.8618647748626,15.0,19.0,15.0,19.0,4.0,episode_period_overlap_over_period_total,4.0,3600.0,3.285344004319469,episode_demand_over_period_capacity,True,True,900.0,897.0747802720671,120.0,True,True,0.2000496914986127,1326.4411067193646,recurring
corridor-37b98f2877324c9baaa85a73b1866a9c,state_transition__VA193_WB::110+11679__Weekday__0010,state_transition,multiday_average,VA193_WB::110+11679,110+11679,VA193_WB,5,33068,35780,34549,503.0,mapped_primary_link,WESTBOUND,9.0,1.668897,1.0,mapped_network,mapped_network,inrix_reference_speed,Weekday,0,PM,12.5,16.25,19.75,7.5,450.0,31.5,45.0,26.54717391304348,29.528615612648213,6670.309529757221,1.0,0.25,3535.2610160699137,3535.2610160699137,15.0,19.0,15.0,19.0,4.0,episode_period_overlap_over_period_total,4.0,3600.0,1.852863758265895,episode_demand_over_period_capacity,True,True,900.0,885.3348785492227,195.0,True,True,0.1865669808462373,903.6656620553348,recurring
corridor-37b98f2877324c9baaa85a73b1866a9c,state_transition__VA193_WB::110P11674__Weekday__0011,state_transition,multiday_average,VA193_WB::110P11674,110P11674,VA193_WB,2,31755,35050,35052,303.0,mapped_primary_link,WESTBOUND,4.0,0.161851,1.0,mapped_network,mapped_network,inrix_reference_speed,Weekday,0,AM,0.0,8.0,23.75,24.0,1440.0,31.5,45.0,13.91108695652174,18.28355466544325,14465.27485490059,1.0,0.3333333333333333,1755.5494452688215,1755.5494452688215,6.0,9.0,6.0,9.0,3.0,episode_period_overlap_over_period_total,3.0,2100.0,6.8882261213812335,episode_demand_over_period_capacity,True,True,700.0,587.8758820669128,945.0,True,True,1.2643809285680798,19031.68128176171,severe
corridor-5da763440f2143c5a29d858e723d0b90,state_transition__VA213_NB::110+13265__Weekday__0002,state_transition,multiday_average,VA213_NB::110+13265,110+13265,VA213_NB,3,40743,40927,40105,403.0,mapped_primary_link,NORTHBOUND,5.0,1.392651,1.0,mapped_network,mapped_network,inrix_reference_speed,Weekday,0,PM,0.0,16.25,23.75,24.0,1440.0,31.5,45.0,19.11409090909091,21.18031103445166,18434.28791032636,1.0,0.25,2990.186623855463,2990.186623855463,15.0,19.0,15.0,19.0,4.0,episode_period_overlap_over_period_total,4.0,3360.0,5.486395211406656,episode_demand_over_period_capacity,True,True,840.0,765.6580173021016,450.0,True,True,0.6479988585289291,14860.352110389606,recurring
corridor-5da763440f2143c5a29d858e723d0b90,state_transition__VA213_NB::110P13265__Weekday__0003,state_transition,multiday_average,VA213_NB::110P13265,110P13265,VA213_NB,1,38478,40105,40106,403.0,mapped_primary_link,NORTHBOUND,4.5,0.027552,1.0,mapped_network,mapped_network,inrix_reference_speed,Weekday,0,PM,0.0,16.75,23.75,24.0,1440.0,31.5,45.0,14.987826086956522,19.032600505246563,17676.301562782588,1.0,0.25,2783.548815641344,2783.548815641344,15.0,19.0,15.0,19.0,4.0,episode_period_overlap_over_period_total,4.0,3360.0,5.260804036542437,episode_demand_over_period_capacity,True,True,840.0,739.069261774576,420.0,True,True,1.1017057321884427,17953.05527244494,severe
corridor-ac0760ab49474209b697b6621e671806,state_transition__VA213_SB::110-13263__Weekday__0001,state_transition,multiday_average,VA213_SB::110-13263,110-13263,VA213_SB,1,40746,40928,40103,203.0,mapped_primary_link,SOUTHBOUND,2.0,0.673811,1.0,mapped_network,mapped_network,inrix_reference_speed,Weekday,0,AM,0.25,7.5,23.75,23.75,1425.0,31.5,45.0,17.68045454545455,20.05858568357653,12771.31644845146,1.0,0.3333333333333333,1575.181484491312,1575.181484491312,6.0,9.0,6.0,9.0,3.0,episode_period_overlap_over_period_total,3.0,1800.0,7.095175804695256,episode_demand_over_period_capacity,True,True,600.0,538.6541217949888,975.0,True,True,0.7816284032187568,16304.01540090344,recurring
corridor-ac0760ab49474209b697b6621e671806,state_transition__VA213_SB::110-13264__Weekday__0002,state_transition,multiday_average,VA213_SB::110-13264,110-13264,VA213_SB,2,38479,40105,40927,403.0,mapped_primary_link,SOUTHBOUND,1.0,1.392651,1.0,mapped_network,mapped_network,inrix_reference_speed,Weekday,0,PM,0.0,16.25,23.75,24.0,1440.0,31.5,45.0,18.340227272727272,21.13376140568497,18429.699712339923,1.0,0.25,2981.5075198209147,2981.5075198209147,15.0,19.0,15.0,19.0,4.0,episode_period_overlap_over_period_total,4.0,3360.0,5.485029676291644,episode_demand_over_period_capacity,True,True,840.0,760.163583162753,450.0,True,True,0.7175359678798467,14616.396417984184,recurring
corridor-ac0760ab49474209b697b6621e671806,state_transition__VA213_SB::110N13265__Weekday__0003,state_transition,multiday_average,VA213_SB::110N13265,110N13265,VA213_SB,3,38480,40106,40105,403.0,mapped_primary_link,SOUTHBOUND,1.5,0.027552,1.0,mapped_network,mapped_network,inrix_reference_speed,Weekday,0,PM,0.0,16.0,23.75,24.0,1440.0,31.5,45.0,12.577826086956522,17.677997855966815,17115.125071951756,1.0,0.25,2620.7236198669016,2620.7236198669016,15.0,19.0,15.0,19.0,4.0,episode_period_overlap_over_period_total,4.0,3360.0,5.093787223795165,episode_demand_over_period_capacity,True,True,840.0,704.5605606875553,465.0,True,True,1.50440734211345,19074.36295876579,severe
corridor-cae58619e46f4d589aaa6b39b6dde834,state_transition__VA228_EB::110+18873__Weekday__0001,state_transition,multiday_average,VA228_EB::110+18873,110+18873,VA228_EB,3,30525,34573,34572,204.0,mapped_primary_link,EASTBOUND,3.0,0.426307,2.0,mapped_network,mapped_network,inrix_reference_speed,Weekday,0,PM,0.0,17.25,23.75,24.0,1440.0,31.5,45.0,16.94586956521739,20.408132875547437,10817.388256503584,1.0,0.25,1735.7999391797907,1735.7999391797907,15.0,19.0,15.0,19.0,4.0,episode_period_overlap_over_period_total,4.0,2000.0,5.408694128251792,episode_demand_over_period_capacity,True,True,500.0,456.9110301451172,390.0,True,True,0.8588600531102872,14641.264604277389,recurring
corridor-cae58619e46f4d589aaa6b39b6dde834,state_transition__VA228_EB::110+18874__Weekday__0002,state_transition,multiday_average,VA228_EB::110+18874,110+18874,VA228_EB,2,30521,34572,34571,204.0,mapped_primary_link,EASTBOUND,4.0,0.631338,1.0,mapped_network,mapped_network,inrix_reference_speed,Weekday,0,PM,0.0,17.25,23.75,24.0,1440.0,31.5,45.0,16.42904761904762,20.38515639214348,10792.95299447751,1.0,0.25,1699.4133709809146,1699.4133709809146,15.0,19.0,15.0,19.0,4.0,episode_period_overlap_over_period_total,4.0,2000.0,5.396476497238755,episode_demand_over_period_capacity,True,True,500.0,459.6306122945481,390.0,True,True,0.9173357293991476,16005.374795313375,recurring
corridor-3096698a36b84594ae4e9604f526b298,state_transition__VA228_NB::110+58156__Weekday__0002,state_transition,multiday_average,VA228_NB::110+58156,110+58156,VA228_NB,9,31046,34731,35796,303.0,mapped_primary_link,NORTHBOUND,4.0,0.649117,2.0,mapped_network,mapped_network,inrix_reference_speed,Weekday,0,AM,6.5,8.25,20.5,14.25,855.0,31.5,45.0,27.527954545454545,30.036185584309045,9892.116263787597,0.8326772014263178,0.4003151914839948,1723.473446950633,2069.797808800869,6.5,9.0,6.0,9.0,3.0,episode_period_overlap_over_period_total,3.0,2100.0,4.710531554184569,episode_demand_over_period_capacity,True,True,700.0,695.6138713614939,660.0,True,True,0.1442913402078878,1181.148764822132,recurring
corridor-3096698a36b84594ae4e9604f526b298,state_transition__VA228_NB::110+58159__Weekday__0003,state_transition,multiday_average,VA228_NB::110+58159,110+58159,VA228_NB,6,30469,34557,38003,403.0,mapped_primary_link,NORTHBOUND,8.0,0.612394,2.0,mapped_network,mapped_network,inrix_reference_speed,Weekday,0,PM,6.75,17.0,20.0,13.5,810.0,31.5,45.0,27.247954545454547,29.65596706282848,11241.250530131789,1.0,0.25,3325.5169392593834,3325.5169392593834,15.0,19.0,15.0,19.0,4.0,episode_period_overlap_over_period_total,4.0,3360.0,3.345610276824937,episode_demand_over_period_capacity,True,True,840.0,833.0604831684277,165.0,True,True,0.1560500788215961,1467.9775091756046,recurring
corridor-acbeda22aac24df49f1c970c0ebabb62,state_transition__VA228_SB::110-58154__Weekday__0001,state_transition,multiday_average,VA228_SB::110-58154,110-58154,VA228_SB,3,31047,34731,35801,304.0,mapped_primary_link,SOUTHBOUND,7.0,0.99121,2.0,mapped_network,mapped_network,inrix_reference_speed,Weekday,0,PM,0.0,16.5,23.75,24.0,1440.0,31.5,45.0,22.414285714285715,23.911334173450346,13704.034937067803,1.0,0.25,2249.0917386120173,2249.0917386120173,15.0,19.0,15.0,19.0,4.0,episode_period_overlap_over_period_total,4.0,2400.0,5.7100145571115855,episode_demand_over_period_capacity,True,True,600.0,572.7022011455653,435.0,True,True,0.4053537284894835,10927.678790231505,recurring
corridor-acbeda22aac24df49f1c970c0ebabb62,state_transition__VA228_SB::110-58155__Weekday__0002,state_transition,multiday_average,VA228_SB::110-58155,110-58155,VA228_SB,2,33123,35796,34731,303.0,mapped_primary_link,SOUTHBOUND,5.0,0.651795,2.0,mapped_network,mapped_network,inrix_reference_speed,Weekday,0,PM,5.75,16.75,23.75,18.25,1095.0,31.5,45.0,25.325,29.48086815027185,12610.126564342532,1.0,0.25,2738.1561316100097,2738.1561316100097,15.0,19.0,15.0,19.0,4.0,episode_period_overlap_over_period_total,4.0,2800.0,4.503616630122333,episode_demand_over_period_capacity,True,True,700.0,692.623999662953,270.0,True,True,0.2438302073050344,2216.6288784584945,recurring
corridor-840f174e37da470d81b0967086826cfb,state_transition__VA228_WB::110-18872__Weekday__0001,state_transition,multiday_average,VA228_WB::110-18872,110-18872,VA228_WB,3,30522,34572,34573,204.0,mapped_primary_link,WESTBOUND,7.0,0.426307,2.0,mapped_network,mapped_network,inrix_reference_speed,Weekday,0,AM,0.0,6.0,23.75,24.0,1440.0,31.5,45.0,16.862173913043478,19.4810078976345,10628.654490837922,1.0,0.3333333333333333,1321.8161861481651,1321.8161861481651,6.0,9.0,6.0,9.0,3.0,episode_period_overlap_over_period_total,3.0,1500.0,7.085769660558615,episode_demand_over_period_capacity,True,True,500.0,444.46528814918327,1065.0,True,True,0.8680865327591984,17307.348627406318,recurring
corridor-05251914a9bb44359e94619b05e81231,state_transition__VA233_EB::110-10055__Weekday__0001,state_transition,multiday_average,VA233_EB::110-10055,110-10055,VA233_EB,3,26448,30259,30260,103.0,mapped_primary_link,EASTBOUND,2.0,0.192054,2.0,mapped_network,mapped_network,inrix_reference_speed,Weekday,0,PM,0.0,17.0,23.75,24.0,1440.0,31.5,45.0,19.61804347826087,23.69500886003601,11322.068134236575,1.0,0.25,1806.0497463519669,1806.0497463519669,15.0,19.0,15.0,19.0,4.0,episode_period_overlap_over_period_total,4.0,2000.0,5.661034067118288,episode_demand_over_period_capacity,True,True,500.0,466.6637530584436,405.0,True,True,0.6056647052957014,11005.03750734921,recurring
corridor-05251914a9bb44359e94619b05e81231,state_transition__VA233_EB::110N10055__Weekday__0002,state_transition,multiday_average,VA233_EB::110N10055,110N10055,VA233_EB,1,26450,30260,30182,103.0,mapped_primary_link,EASTBOUND,3.0,0.102754,2.0,mapped_network,mapped_network,inrix_reference_speed,Weekday,0,PM,0.0,15.75,23.75,24.0,1440.0,31.5,45.0,14.618695652173914,17.09808942637689,10066.514060672527,1.0,0.25,1604.8124036956049,1604.8124036956049,15.0,19.0,15.0,19.0,4.0,episode_period_overlap_over_period_total,4.0,2000.0,5.033257030336265,episode_demand_over_period_capacity,True,True,500.0,406.6344577761832,480.0,True,True,1.1547750052047705,20306.69390880858,severe
corridor-d18d59dd87834bb3b635973967358c4c,state_transition__VA233_WB::110+10056__Weekday__0001,state_transition,multiday_average,VA233_WB::110+10056,110+10056,VA233_WB,3,26452,30260,30259,103.0,mapped_primary_link,WESTBOUND,2.0,0.192054,2.0,mapped_network,mapped_network,inrix_reference_speed,Weekday,0,AM,0.25,6.75,23.75,23.75,1425.0,31.5,45.0,26.48136363636364,28.12444908916858,11700.44517925773,1.0,0.3333333333333333,1471.6588661268615,1471.6588661268615,6.0,9.0,6.0,9.0,3.0,episode_period_overlap_over_period_total,3.0,1500.0,7.8002967861718195,episode_demand_over_period_capacity,True,True,500.0,492.8190411673926,990.0,True,True,0.1895157829691547,4708.89352060982,recurring
corridor-0127bb1fe8344c01bc517fad1991680c,state_transition__VA234_NB::110+10059__Weekday__0002,state_transition,multiday_average,VA234_NB::110+10059,110+10059,VA234_NB,13,40636,40890,40193,502.0,mapped_primary_link,NORTHBOUND,4.0,3.482949,3.0,mapped_network,mapped_network,inrix_reference_speed,Weekday,0,PM,14.75,15.25,17.75,3.25,195.0,36.14169999999999,51.63099999999999,33.72065217391304,35.24268115942029,3547.54619808031,0.6879238551113828,0.3634123139391962,3000.7862250273165,4362.090662696171,15.0,17.75,15.0,19.0,4.0,episode_period_overlap_over_period_total,4.0,4400.0,0.8062604995637068,episode_demand_over_period_capacity,True,True,1100.0,1094.4719327347284,75.0,True,True,0.0717971827353898,159.04480434782545,recurring
corridor-0127bb1fe8344c01bc517fad1991680c,state_transition__VA234_NB::110+10061__Weekday__0003,state_transition,multiday_average,VA234_NB::110+10061,110+10061,VA234_NB,21,40828,40955,40923,502.0,mapped_primary_link,NORTHBOUND,6.0,1.061131,2.0,mapped_network,mapped_network,inrix_reference_speed,Weekday,0,MD,6.75,9.5,10.25,3.75,225.0,40.91185,58.4455,39.3975,40.70106620553361,4099.822523059476,0.2082129999751132,0.8004623471473324,1365.8389397302535,6559.815861130217,9.0,10.25,9.0,15.0,6.0,episode_period_overlap_over_period_total,6.0,6600.0,0.6211852307665873,episode_demand_over_period_capacity,True,True,1100.0,1092.2429104991138,30.0,True,True,0.0384377181293227,113.48959683794376,recurring
corridor-0127bb1fe8344c01bc517fad1991680c,state_transition__VA234_NB::110+10061__Weekday__0004,state_transition,multiday_average,VA234_NB::110+10061,110+10061,VA234_NB,21,40828,40955,40923,502.0,mapped_primary_link,NORTHBOUND,6.0,1.061131,2.0,mapped_network,mapped_network,inrix_reference_speed,Weekday,0,MD,13.0,13.25,14.0,1.25,75.0,40.91185,58.4455,40.075434782608696,40.774934782608696,1367.7428184904202,0.1668250387089859,0.9990506698302312,1094.3415349568686,6559.815861130217,13.0,14.0,9.0,15.0,6.0,episode_period_overlap_over_period_total,6.0,6600.0,0.2072337603773364,episode_demand_over_period_capacity,True,True,1100.0,1093.489106456117,30.0,True,True,0.0208710204125912,26.100097826086675,recurring
corridor-0127bb1fe8344c01bc517fad1991680c,state_transition__VA234_NB::110+10061__Weekday__0006,state_transition,multiday_average,VA234_NB::110+10061,110+10061,VA234_NB,21,40828,40955,40923,502.0,mapped_primary_link,NORTHBOUND,6.0,1.061131,2.0,mapped_network,mapped_network,inrix_reference_speed,Weekday,0,PM,16.5,17.0,17.75,1.5,90.0,40.91185,58.4455,39.09108695652174,40.38510869565217,1639.2211201079976,0.3147005360355074,0.7944060189709772,1366.3557965984262,4341.765075494696,16.5,17.75,15.0,19.0,4.0,episode_period_overlap_over_period_total,4.0,4400.0,0.3725502545699994,episode_demand_over_period_capacity,True,True,1100.0,1093.3560999755923,30.0,True,True,0.046577447322029,70.21317391304301,recurring
corridor-0127bb1fe8344c01bc517fad1991680c,state_transition__VA234_NB::110+10062__Weekday__0007,state_transition,multiday_average,VA234_NB::110+10062,110+10062,VA234_NB,20,40850,40964,40523,502.0,mapped_primary_link,NORTHBOUND,8.0,2.06736,2.0,mapped_network,mapped_network,inrix_reference_speed,Weekday,0,AM,6.5,7.0,9.0,2.75,165.0,40.6,58.0,33.06782608695652,37.765603864734295,2934.1383208994803,0.8361433581728491,0.3986557210258029,2661.9521932243047,3183.6074127781576,6.5,9.0,6.0,9.0,3.0,episode_period_overlap_over_period_total,3.0,3300.0,0.889132824514994,episode_demand_over_period_capacity,True,True,1100.0,1089.2464136094247,75.0,True,True,0.2277795308719887,415.1217391304341,recurring
corridor-0127bb1fe8344c01bc517fad1991680c,state_transition__VA234_NB::110+10062__Weekday__0009,state_transition,multiday_average,VA234_NB::110+10062,110+10062,VA234_NB,20,40850,40964,40523,502.0,mapped_primary_link,NORTHBOUND,8.0,2.06736,2.0,mapped_network,mapped_network,inrix_reference_speed,Weekday,0,MD,13.25,14.25,17.5,4.5,270.0,40.6,58.0,36.12891304347826,38.7343456302152,4871.947200080783,0.2883567962058669,0.5779876488420899,1876.366576591064,6507.1002358185015,13.25,15.0,9.0,15.0,6.0,episode_period_overlap_over_period_total,6.0,6600.0,0.738173818194058,episode_demand_over_period_capacity,True,True,1100.0,1088.0430298511292,180.0,True,True,0.1237537080382444,518.5375494071131,recurring
corridor-0127bb1fe8344c01bc517fad1991680c,state_transition__VA234_NB::110+17245__Weekday__0013,state_transition,multiday_average,VA234_NB::110+17245,110+17245,VA234_NB,10,39228,40422,40921,302.0,mapped_primary_link,NORTHBOUND,18.001,1.56393,2.0,mapped_network,mapped_network,inrix_reference_speed,Weekday,0,PM,6.0,16.75,18.75,13.0,780.0,37.4213,53.459,16.18695652173913,28.12110229444468,11307.842312940124,0.9292903590414636,0.2690224831966059,3045.599328901746,3277.3387771322564,15.0,18.75,15.0,19.0,4.0,episode_period_overlap_over_period_total,4.0,3840.0,2.944750602328157,episode_demand_over_period_capacity,True,True,960.0,813.841254063869,105.0,True,True,1.311818157399946,7321.145348673062,severe
corridor-03749b5a1d8c40dbb53bb672f1f38c79,state_transition__VA234_SB::110-10057__Weekday__0001,state_transition,multiday_average,VA234_SB::110-10057,110-10057,VA234_SB,21,38979,40279,40124,302.0,mapped_primary_link,SOUTHBOUND,21.0,0.311854,3.0,mapped_network,mapped_network,inrix_reference_speed,Weekday,0,PM,5.75,17.25,21.0,15.5,930.0,31.5,45.0,12.462608695652174,24.98827786606801,13864.85741974133,1.0,0.25,3189.6465023844685,3189.6465023844685,15.0,19.0,15.0,19.0,4.0,episode_period_overlap_over_period_total,4.0,3840.0,3.610639953057638,episode_demand_over_period_capacity,True,True,960.0,913.3345448442122,210.0,True,True,1.5275607033212388,6082.350497600223,severe
corridor-03749b5a1d8c40dbb53bb672f1f38c79,state_transition__VA234_SB::110-13272__Weekday__0005,state_transition,multiday_average,VA234_SB::110-13272,110-13272,VA234_SB,10,40796,40945,40112,303.0,mapped_primary_link,SOUTHBOUND,3.0,0.914232,1.0,mapped_network,mapped_network,inrix_reference_speed,Weekday,0,PM,15.75,17.25,19.0,3.5,210.0,31.5,45.0,27.722500000000004,30.309065667769087,2389.305057141793,0.8094456584036924,0.3088533459961042,2216.2162623063778,2737.9432322572184,15.75,19.0,15.0,19.0,4.0,episode_period_overlap_over_period_total,4.0,2800.0,0.8533232346934977,episode_demand_over_period_capacity,True,True,700.0,678.5853610666431,90.0,True,True,0.1362611597078182,269.2081662902308,recurring
corridor-03749b5a1d8c40dbb53bb672f1f38c79,state_transition__VA234_SB::110-13273__Weekday__0006,state_transition,multiday_average,VA234_SB::110-13273,110-13273,VA234_SB,11,40530,40855,40070,603.0,mapped_primary_link,SOUTHBOUND,2.0,2.264783,1.0,mapped_network,mapped_network,inrix_reference_speed,Weekday,0,PM,6.75,16.0,19.0,12.5,750.0,31.5,45.0,24.151739130434784,28.906390604413705,10997.31947319041,1.0,0.25,3448.637693986726,3448.637693986726,15.0,19.0,15.0,19.0,4.0,episode_period_overlap_over_period_total,4.0,3600.0,3.054810964775114,episode_demand_over_period_capacity,True,True,900.0,869.2216548544361,165.0,True,True,0.3042539019604311,1917.707460474306,recurring
corridor-03749b5a1d8c40dbb53bb672f1f38c79,state_transition__VA234_SB::110-17245__Weekday__0007,state_transition,multiday_average,VA234_SB::110-17245,110-17245,VA234_SB,23,40921,40994,40174,302.0,mapped_primary_link,SOUTHBOUND,7.001,1.921128,2.0,mapped_network,mapped_network,inrix_reference_speed,Weekday,0,PM,14.0,16.5,18.75,5.0,300.0,41.139,58.77,20.05130434782609,30.27871357989836,4238.261781787921,0.9336302559639288,0.2677719561925367,3110.999930730793,3332.1541486665224,15.0,18.75,15.0,19.0,4.0,episode_period_overlap_over_period_total,4.0,3840.0,1.1037140056739376,episode_demand_over_period_capacity,True,True,960.0,789.0861992602905,120.0,True,True,1.0516869768853812,3400.146360813101,severe
corridor-03749b5a1d8c40dbb53bb672f1f38c79,state_transition__VA234_SB::110N10058__Weekday__0008,state_transition,multiday_average,VA234_SB::110N10058,110N10058,VA234_SB,5,38983,40281,40279,502.0,mapped_primary_link,SOUTHBOUND,20.0,0.456918,3.0,mapped_network,mapped_network,inrix_reference_speed,Weekday,0,PM,16.5,17.5,18.25,2.0,120.0,31.731,45.33,24.43826086956522,27.882292490118576,2008.8823632992408,0.4297231938561811,0.5817698545814809,1751.311784926907,4075.441609775042,16.5,18.25,15.0,19.0,4.0,episode_period_overlap_over_period_total,4.0,4400.0,0.4565641734771001,episode_demand_over_period_capacity,True,True,1100.0,984.8489502225012,30.0,True,True,0.2984148163962423,494.2715217391302,recurring
corridor-03749b5a1d8c40dbb53bb672f1f38c79,state_transition__VA234_SB::110N13272__Weekday__0009,state_transition,multiday_average,VA234_SB::110N13272,110N13272,VA234_SB,25,40364,40799,40007,303.0,mapped_primary_link,SOUTHBOUND,4.0,0.304353,2.0,mapped_network,mapped_network,inrix_reference_speed,Weekday,0,PM,3.5,17.25,23.5,20.25,1215.0,31.5,45.0,12.369565217391305,24.693069172284147,13215.64398648362,1.0,0.25,2257.307948501039,2257.307948501039,15.0,19.0,15.0,19.0,4.0,episode_period_overlap_over_period_total,4.0,2800.0,4.719872852315579,episode_demand_over_period_capacity,True,True,700.0,685.4450479612814,360.0,True,True,1.5465729349736377,8310.167843026537,severe
corridor-03749b5a1d8c40dbb53bb672f1f38c79,state_transition__VA234_SB::110N17245__Weekday__0010,state_transition,multiday_average,VA234_SB::110N17245,110N17245,VA234_SB,1,38698,40174,40873,302.0,mapped_primary_link,SOUTHBOUND,5.001,0.292564,2.0,mapped_network,mapped_network,inrix_reference_speed,Weekday,0,MD,5.5,14.25,20.5,15.25,915.0,31.5,45.0,18.90782608695652,25.35044000298307,13912.837717319022,1.0,0.1666666666666666,5456.249755122715,5456.249755122715,9.0,15.0,9.0,15.0,6.0,episode_period_overlap_over_period_total,6.0,5760.0,2.4154232148123302,episode_demand_over_period_capacity,True,True,960.0,892.040517336816,330.0,True,True,0.6659768211920527,4924.968675889326,recurring
corridor-25b5f10315824c4f9b3925721028c93a,state_transition__VA234BR_NB::110+10070__Weekday__0001,state_transition,multiday_average,VA234BR_NB::110+10070,110+10070,VA234BR_NB,6,38381,40077,40733,403.0,mapped_primary_link,NORTHBOUND,2.0,1.716236,1.0,mapped_network,mapped_network,inrix_reference_speed,Weekday,0,PM,6.75,16.25,20.75,14.25,855.0,31.5,45.0,28.02369565217391,30.379685701407677,11903.08896054911,1.0,0.25,3334.3472769784075,3334.3472769784075,15.0,19.0,15.0,19.0,4.0,episode_period_overlap_over_period_total,4.0,3360.0,3.5425860001634257,episode_demand_over_period_capacity,True,True,840.0,835.4598885942744,255.0,True,True,0.1240487475661125,963.4923913043448,recurring
corridor-25b5f10315824c4f9b3925721028c93a,state_transition__VA234BR_NB::110+10071__Weekday__0002,state_transition,multiday_average,VA234BR_NB::110+10071,110+10071,VA234BR_NB,11,38421,40089,40087,403.0,mapped_primary_link,NORTHBOUND,4.0,0.733648,2.0,mapped_network,mapped_network,inrix_reference_speed,Weekday,0,AM,0.0,8.5,23.75,24.0,1440.0,31.5,45.0,14.76108695652174,16.679474727186804,16812.52592170645,1.0,0.3333333333333333,2041.225321738151,2041.225321738151,6.0,9.0,6.0,9.0,3.0,episode_period_overlap_over_period_total,3.0,2520.0,6.671637270518432,episode_demand_over_period_capacity,True,True,840.0,701.990560033524,885.0,True,True,1.133989190144475,20452.32487648221,severe
corridor-25b5f10315824c4f9b3925721028c93a,state_transition__VA234BR_NB::110+10073__Weekday__0003,state_transition,multiday_average,VA234BR_NB::110+10073,110+10073,VA234BR_NB,9,38466,40101,40104,203.0,mapped_primary_link,NORTHBOUND,7.0,1.154881,2.0,mapped_network,mapped_network,inrix_reference_speed,Weekday,0,PM,0.0,16.75,23.75,24.0,1440.0,31.5,45.0,20.08934782608696,24.909581794432107,13734.326076103458,1.0,0.25,2212.2572604835123,2212.2572604835123,15.0,19.0,15.0,19.0,4.0,episode_period_overlap_over_period_total,4.0,2400.0,5.722635865043108,episode_demand_over_period_capacity,True,True,600.0,588.0481046884183,420.0,True,True,0.5679951520922832,9094.777123683683,recurring
corridor-25b5f10315824c4f9b3925721028c93a,state_transition__VA234BR_NB::110+10074__Weekday__0004,state_transition,multiday_average,VA234BR_NB::110+10074,110+10074,VA234BR_NB,8,39592,40542,40541,303.0,mapped_primary_link,NORTHBOUND,9.0,1.270343,3.0,mapped_network,mapped_network,inrix_reference_speed,Weekday,0,PM,7.0,17.0,23.75,17.0,1020.0,31.5,45.0,21.321739130434786,26.308954590370103,11493.854592486116,1.0,0.25,2631.964170644061,2631.964170644061,15.0,19.0,15.0,19.0,4.0,episode_period_overlap_over_period_total,4.0,2800.0,4.104948068745041,episode_demand_over_period_capacity,True,True,700.0,683.8844670676949,390.0,True,True,0.4773654159869493,5181.640390316202,recurring
corridor-25b5f10315824c4f9b3925721028c93a,state_transition__VA234BR_NB::110+10075__Weekday__0005,state_transition,multiday_average,VA234BR_NB::110+10075,110+10075,VA234BR_NB,7,38463,40100,40800,203.0,mapped_primary_link,NORTHBOUND,10.0,1.214783,3.0,mapped_network,mapped_network,inrix_reference_speed,Weekday,0,AM,4.5,8.0,21.25,17.0,1020.0,31.5,45.0,18.57,24.39217649034101,9621.635230976948,1.0,0.3333333333333333,1610.1159788603704,1610.1159788603704,6.0,9.0,6.0,9.0,3.0,episode_period_overlap_over_period_total,3.0,1800.0,5.345352906098305,episode_demand_over_period_capacity,True,True,600.0,566.9709300924962,780.0,True,True,0.6962843295638124,7054.934404997174,recurring
corridor-25b5f10315824c4f9b3925721028c93a,state_transition__VA234BR_NB::110P10071__Weekday__0006,state_transition,multiday_average,VA234BR_NB::110P10071,110P10071,VA234BR_NB,2,38416,40087,40934,303.0,mapped_primary_link,NORTHBOUND,4.5,0.044089,2.0,mapped_network,mapped_network,inrix_reference_speed,Weekday,0,AM,0.0,7.75,23.75,24.0,1440.0,31.5,45.0,13.594565217391304,16.911764561864768,14035.627922034031,1.0,0.3333333333333333,1694.9481098975186,1694.9481098975186,6.0,9.0,6.0,9.0,3.0,episode_period_overlap_over_period_total,3.0,2100.0,6.68363234382573,episode_demand_over_period_capacity,True,True,700.0,583.6283076699451,960.0,True,True,1.3171024226433197,21007.059030914734,severe
corridor-f8af990c62e04a23a23f60b8df244125,state_transition__VA234BR_SB::110-10069__Weekday__0001,state_transition,multiday_average,VA234BR_SB::110-10069,110-10069,VA234BR_SB,10,40166,40733,40077,403.0,mapped_primary_link,SOUTHBOUND,14.0,1.716914,1.0,mapped_network,mapped_network,inrix_reference_speed,Weekday,0,AM,5.5,7.25,11.75,6.5,390.0,31.5,45.0,29.65347826086957,30.825259577379143,5434.902140896324,1.0,0.3333333333333333,2507.4500965261373,2507.4500965261373,6.0,9.0,6.0,9.0,3.0,episode_period_overlap_over_period_total,3.0,2520.0,2.1567071987683826,episode_demand_over_period_capacity,True,True,840.0,836.1447075602235,225.0,True,True,0.0622699881236894,273.42050395256774,recurring
corridor-f8af990c62e04a23a23f60b8df244125,state_transition__VA234BR_SB::110-10069__Weekday__0002,state_transition,multiday_average,VA234BR_SB::110-10069,110-10069,VA234BR_SB,10,40166,40733,40077,403.0,mapped_primary_link,SOUTHBOUND,14.0,1.716914,1.0,mapped_network,mapped_network,inrix_reference_speed,Weekday,0,PM,12.5,16.25,21.75,9.5,570.0,31.5,45.0,30.149545454545454,31.165374973996254,7956.020511218956,1.0,0.25,3351.520028255218,3351.520028255218,15.0,19.0,15.0,19.0,4.0,episode_period_overlap_over_period_total,4.0,3360.0,2.367863247386594,episode_demand_over_period_capacity,True,True,840.0,837.9500440421596,255.0,True,True,0.0447918708257322,216.8469367588915,recurring
corridor-f8af990c62e04a23a23f60b8df244125,state_transition__VA234BR_SB::110-10071__Weekday__0004,state_transition,multiday_average,VA234BR_SB::110-10071,110-10071,VA234BR_SB,9,38366,40073,40806,303.0,mapped_primary_link,SOUTHBOUND,11.0,0.718033,2.0,mapped_network,mapped_network,inrix_reference_speed,Weekday,0,PM,0.0,17.0,23.75,24.0,1440.0,31.5,45.0,21.44282608695652,23.46938910864656,15859.865109806133,1.0,0.25,2602.069972166846,2602.069972166846,15.0,19.0,15.0,19.0,4.0,episode_period_overlap_over_period_total,4.0,2800.0,5.664237539216475,episode_demand_over_period_capacity,True,True,700.0,663.9217862095705,375.0,True,True,0.4690227804981901,11082.243030067755,recurring
corridor-f8af990c62e04a23a23f60b8df244125,state_transition__VA234BR_SB::110-10072__Weekday__0005,state_transition,multiday_average,VA234BR_SB::110-10072,110-10072,VA234BR_SB,8,38476,40104,40101,203.0,mapped_primary_link,SOUTHBOUND,9.0,1.120208,2.0,mapped_network,mapped_network,inrix_reference_speed,Weekday,0,PM,0.0,17.5,23.75,24.0,1440.0,31.5,45.0,19.93260869565217,24.708370156571096,13683.51810124036,1.0,0.25,2190.088875128793,2190.088875128793,15.0,19.0,15.0,19.0,4.0,episode_period_overlap_over_period_total,4.0,2400.0,5.701465875516816,episode_demand_over_period_capacity,True,True,600.0,584.3961988351542,375.0,True,True,0.5803250081797358,9576.198079234744,recurring
corridor-f8af990c62e04a23a23f60b8df244125,state_transition__VA234BR_SB::110-10073__Weekday__0006,state_transition,multiday_average,VA234BR_SB::110-10073,110-10073,VA234BR_SB,6,38345,40065,40541,303.0,mapped_primary_link,SOUTHBOUND,7.0,1.284111,3.0,mapped_network,mapped_network,inrix_reference_speed,Weekday,0,PM,9.5,17.25,20.25,11.0,660.0,31.5,45.0,25.13543478260869,27.859743097975805,7557.099573120158,1.0,0.25,2725.424999817657,2725.424999817657,15.0,19.0,15.0,19.0,4.0,episode_period_overlap_over_period_total,4.0,2800.0,2.698964133257199,episode_demand_over_period_capacity,True,True,700.0,685.7568991542058,165.0,True,True,0.2532108663501204,2412.3223715415,recurring
corridor-f8af990c62e04a23a23f60b8df244125,state_transition__VA234BR_SB::110-10074__Weekday__0007,state_transition,multiday_average,VA234BR_SB::110-10074,110-10074,VA234BR_SB,5,40367,40800,40100,203.0,mapped_primary_link,SOUTHBOUND,6.0,1.190894,3.0,mapped_network,mapped_network,inrix_reference_speed,Weekday,0,PM,4.5,17.25,21.25,17.0,1020.0,31.5,45.0,19.02065217391305,25.297358982130405,9733.63219366377,1.0,0.25,2182.964043044699,2182.964043044699,15.0,19.0,15.0,19.0,4.0,episode_period_overlap_over_period_total,4.0,2400.0,4.055680080693238,episode_demand_over_period_capacity,True,True,600.0,566.5166786660099,225.0,True,True,0.6560946339790841,6367.223927159795,recurring
corridor-f8af990c62e04a23a23f60b8df244125,state_transition__VA234BR_SB::110N10071__Weekday__0008,state_transition,multiday_average,VA234BR_SB::110N10071,110N10071,VA234BR_SB,2,40764,40934,40087,303.0,mapped_primary_link,SOUTHBOUND,11.5,0.044089,2.0,mapped_network,mapped_network,inrix_reference_speed,Weekday,0,PM,0.0,17.25,23.75,24.0,1440.0,31.5,45.0,11.80195652173913,16.55656238236401,13891.688636763378,1.0,0.25,2099.189043646876,2099.189043646876,15.0,19.0,15.0,19.0,4.0,episode_period_overlap_over_period_total,4.0,2800.0,4.961317370272635,episode_demand_over_period_capacity,True,True,700.0,581.1782705128462,390.0,True,True,1.6690489786144518,21518.550169395818,severe
corridor-33a9693d7af94feaa5a7002b0d717cb3,state_transition__VA235_EB::110+10823__Weekday__0002,state_transition,multiday_average,VA235_EB::110+10823,110+10823,VA235_EB,1,34852,36357,36356,503.0,mapped_primary_link,EASTBOUND,2.0,1.867702,1.0,mapped_network,mapped_network,inrix_reference_speed,Weekday,0,PM,14.5,16.0,18.75,4.5,270.0,31.5,45.0,25.576818181818183,28.414248085474306,3947.723669403269,0.936015631979335,0.267089556476039,3275.748721220517,3499.67309231096,15.0,18.75,15.0,19.0,4.0,episode_period_overlap_over_period_total,4.0,3600.0,1.0965899081675747,episode_demand_over_period_capacity,True,True,900.0,870.7936328405823,150.0,True,True,0.2315839982939094,746.5250247035565,recurring
corridor-33a9693d7af94feaa5a7002b0d717cb3,state_transition__VA235_EB::110P10821__Weekday__0003,state_transition,multiday_average,VA235_EB::110P10821,110P10821,VA235_EB,4,34883,36367,34155,404.0,mapped_primary_link,EASTBOUND,1.5,0.033677,2.0,mapped_network,mapped_network,inrix_reference_speed,Weekday,0,AM,4.5,7.5,23.75,19.5,1170.0,31.5,45.0,21.453695652173916,24.50049432451607,14766.033360914204,1.0,0.3333333333333333,2230.389856597789,2230.389856597789,6.0,9.0,6.0,9.0,3.0,episode_period_overlap_over_period_total,3.0,2400.0,6.152513900380919,episode_demand_over_period_capacity,True,True,800.0,759.4960819963147,975.0,True,True,0.4682784966611608,8210.819466403158,recurring
corridor-33a9693d7af94feaa5a7002b0d717cb3,state_transition__VA235_EB::110P10823__Weekday__0004,state_transition,multiday_average,VA235_EB::110P10823,110P10823,VA235_EB,3,29068,34140,34139,403.0,mapped_primary_link,EASTBOUND,1.5,0.0241,1.0,mapped_network,mapped_network,inrix_reference_speed,Weekday,0,PM,4.75,15.75,23.75,19.25,1155.0,31.5,45.0,12.247391304347826,19.973766932867967,14159.608491785331,1.0,0.25,2624.5161630175235,2624.5161630175235,15.0,19.0,15.0,19.0,4.0,episode_period_overlap_over_period_total,4.0,3360.0,4.2141691939837305,episode_demand_over_period_capacity,True,True,840.0,777.6513286499178,480.0,True,True,1.5719762859881428,12969.405678784407,severe
corridor-8dfcae191a1848b0b795cb2264756e7c,state_transition__VA235_NB::110+56099__Weekday__0001,state_transition,multiday_average,VA235_NB::110+56099,110+56099,VA235_NB,1,34842,36354,34152,403.0,mapped_primary_link,NORTHBOUND,2.0,0.416452,1.0,mapped_network,mapped_network,inrix_reference_speed,Weekday,0,PM,5.75,15.25,23.75,18.25,1095.0,31.5,45.0,23.793478260869566,27.424171913553984,15017.45703715616,1.0,0.25,3247.631800270972,3247.631800270972,15.0,19.0,15.0,19.0,4.0,episode_period_overlap_over_period_total,4.0,3360.0,4.46948126105838,episode_demand_over_period_capacity,True,True,840.0,827.2219393901016,510.0,True,True,0.3238921882137959,4474.553183229809,recurring
corridor-02fee8f2a0424167afe58159034acb08,state_transition__VA235_SB::110-56098__Weekday__0001,state_transition,multiday_average,VA235_SB::110-56098,110-56098,VA235_SB,3,29111,34152,36354,403.0,mapped_primary_link,SOUTHBOUND,2.0,0.416452,1.0,mapped_network,mapped_network,inrix_reference_speed,Weekday,0,PM,0.0,15.25,23.75,24.0,1440.0,31.5,45.0,25.42391304347826,27.86864796336008,19786.23448467991,1.0,0.25,3270.3757235798985,3270.3757235798985,15.0,19.0,15.0,19.0,4.0,episode_period_overlap_over_period_total,4.0,3360.0,5.888760263297592,episode_demand_over_period_capacity,True,True,840.0,826.8433317761305,510.0,True,True,0.2389910218041897,5120.206371662286,recurring
corridor-81687d4f9455472291d105de96d273ae,state_transition__VA235_WB::110N10821__Weekday__0003,state_transition,multiday_average,VA235_WB::110N10821,110N10821,VA235_WB,1,29124,34155,36367,404.0,mapped_primary_link,WESTBOUND,1.5,0.020766,2.0,mapped_network,mapped_network,inrix_reference_speed,Weekday,0,PM,0.25,15.75,23.75,23.75,1425.0,31.5,45.0,17.816956521739133,19.756159472297348,16852.074214894757,1.0,0.25,2794.7911213523,2794.7911213523,15.0,19.0,15.0,19.0,4.0,episode_period_overlap_over_period_total,4.0,3200.0,5.266273192154611,episode_demand_over_period_capacity,True,True,800.0,704.6116239873111,480.0,True,True,0.7679787208082185,16734.972751976275,recurring
corridor-312b51f8a05342b4b8ae369827e5423f,state_transition__VA236_EB::110+06685__Weekday__0001,state_transition,multiday_average,VA236_EB::110+06685,110+06685,VA236_EB,12,34669,36300,34303,302.0,mapped_primary_link,EASTBOUND,3.0,1.899466,2.0,mapped_network,mapped_network,inrix_reference_speed,Weekday,0,PM,0.0,15.25,23.75,24.0,1440.0,31.5,45.0,21.71260869565217,25.923866296939263,22272.03448234932,1.0,0.25,3612.428863897634,3612.428863897634,15.0,19.0,15.0,19.0,4.0,episode_period_overlap_over_period_total,4.0,3840.0,5.800008979778468,episode_demand_over_period_capacity,True,True,960.0,921.12356944959,480.0,True,True,0.4507699393259776,7862.3485213156355,recurring
corridor-312b51f8a05342b4b8ae369827e5423f,state_transition__VA236_EB::110+06686__Weekday__0002,state_transition,multiday_average,VA236_EB::110+06686,110+06686,VA236_EB,13,31551,34972,36270,502.0,mapped_primary_link,EASTBOUND,4.0,1.432082,2.0,mapped_network,mapped_network,inrix_reference_speed,Weekday,0,PM,7.0,17.25,20.0,13.25,795.0,31.5,45.0,22.19173913043478,28.229111391069964,14246.522256047385,1.0,0.25,4211.516664728353,4211.516664728353,15.0,19.0,15.0,19.0,4.0,episode_period_overlap_over_period_total,4.0,4400.0,3.2378459672834965,episode_demand_over_period_capacity,True,True,1100.0,1080.716675228749,150.0,True,True,0.4194471111459414,2662.800317617163,recurring
corridor-312b51f8a05342b4b8ae369827e5423f,state_transition__VA236_EB::110+06687__Weekday__0006,state_transition,multiday_average,VA236_EB::110+06687,110+06687,VA236_EB,9,29596,34298,36237,402.0,mapped_primary_link,EASTBOUND,5.0,0.371605,2.0,mapped_network,mapped_network,inrix_reference_speed,Weekday,0,PM,13.75,15.5,19.25,5.75,345.0,31.5,45.0,25.216521739130435,27.2278143233578,5388.3592593275625,1.0,0.25,3732.360287464198,3732.360287464198,15.0,19.0,15.0,19.0,4.0,episode_period_overlap_over_period_total,4.0,3840.0,1.4032185571165527,episode_demand_over_period_capacity,True,True,960.0,931.416025937403,180.0,True,True,0.2491810062415944,1352.2406620553354,recurring
corridor-312b51f8a05342b4b8ae369827e5423f,state_transition__VA236_EB::110+06689__Weekday__0007,state_transition,multiday_average,VA236_EB::110+06689,110+06689,VA236_EB,11,34242,36158,34062,202.0,mapped_primary_link,EASTBOUND,9.0,0.185755,2.0,mapped_network,mapped_network,inrix_reference_speed,Weekday,0,PM,5.25,17.5,23.75,18.75,1125.0,31.5,45.0,13.32695652173913,22.475424684735557,13705.385402001706,1.0,0.25,2577.5634420796014,2577.5634420796014,15.0,19.0,15.0,19.0,4.0,episode_period_overlap_over_period_total,4.0,3200.0,4.282932938125533,episode_demand_over_period_capacity,True,True,800.0,755.4845438272398,375.0,True,True,1.363630431945713,10169.352664455106,severe
corridor-312b51f8a05342b4b8ae369827e5423f,state_transition__VA236_EB::110+06690__Weekday__0008,state_transition,multiday_average,VA236_EB::110+06690,110+06690,VA236_EB,5,34436,36224,36223,302.0,mapped_primary_link,EASTBOUND,10.0,0.899546,2.0,mapped_network,mapped_network,inrix_reference_speed,Weekday,0,PM,0.0,17.75,23.75,24.0,1440.0,31.5,45.0,19.736521739130435,25.737698863636364,22130.12290810095,1.0,0.25,3480.401229742662,3480.401229742662,15.0,19.0,15.0,19.0,4.0,episode_period_overlap_over_period_total,4.0,3840.0,5.763052840651289,episode_demand_over_period_capacity,True,True,960.0,934.0140514972276,360.0,True,True,0.5960259065074678,8297.713636363633,recurring
corridor-312b51f8a05342b4b8ae369827e5423f,state_transition__VA236_EB::110+06691__Weekday__0009,state_transition,multiday_average,VA236_EB::110+06691,110+06691,VA236_EB,6,28774,34044,34045,302.0,mapped_primary_link,EASTBOUND,12.0,1.852064,2.0,mapped_network,mapped_network,inrix_reference_speed,Weekday,0,PM,6.5,17.5,21.25,15.0,900.0,31.5,45.0,23.918695652173916,27.803242314448838,14113.330286810691,1.0,0.25,3699.509644161415,3699.509644161415,15.0,19.0,15.0,19.0,4.0,episode_period_overlap_over_period_total,4.0,3840.0,3.675346428856951,episode_demand_over_period_capacity,True,True,960.0,945.0887519047544,210.0,True,True,0.3169614454765235,3334.444960474306,recurring
corridor-312b51f8a05342b4b8ae369827e5423f,state_transition__VA236_EB::110+06692__Weekday__0010,state_transition,multiday_average,VA236_EB::110+06692,110+06692,VA236_EB,7,27978,32142,32148,202.0,mapped_primary_link,EASTBOUND,14.0,0.112136,3.0,mapped_network,mapped_network,inrix_reference_speed,Weekday,0,PM,0.0,17.5,23.75,24.0,1440.0,31.5,45.0,13.427173913043475,19.055364004956395,16581.108875531085,1.0,0.25,2475.769599759852,2475.769599759852,15.0,19.0,15.0,19.0,4.0,episode_period_overlap_over_period_total,4.0,3200.0,5.181596523603464,episode_demand_over_period_capacity,True,True,800.0,698.0762484400749,375.0,True,True,1.3459888286246255,17920.275832862782,severe
corridor-312b51f8a05342b4b8ae369827e5423f,state_transition__VA236_EB::110+06693__Weekday__0011,state_transition,multiday_average,VA236_EB::110+06693,110+06693,VA236_EB,8,28402,32311,32116,202.0,mapped_primary_link,EASTBOUND,17.0,1.163567,2.0,mapped_network,mapped_network,inrix_reference_speed,Weekday,0,PM,0.0,16.75,23.75,24.0,1440.0,31.5,45.0,21.15043478260869,27.263155070699227,18718.08356564956,1.0,0.25,2983.062837662699,2983.062837662699,15.0,19.0,15.0,19.0,4.0,episode_period_overlap_over_period_total,4.0,3200.0,5.849401114265487,episode_demand_over_period_capacity,True,True,800.0,784.6167592982804,420.0,True,True,0.4893310858035602,6117.516763128171,recurring
corridor-312b51f8a05342b4b8ae369827e5423f,state_transition__VA236_EB::110+06694__Weekday__0012,state_transition,multiday_average,VA236_EB::110+06694,110+06694,VA236_EB,1,28518,32349,32348,202.0,mapped_primary_link,EASTBOUND,18.0,0.701159,3.0,mapped_network,mapped_network,inrix_reference_speed,Weekday,0,PM,3.5,16.5,23.75,20.5,1230.0,31.5,45.0,12.04173913043478,22.00884696146245,14790.642871236772,1.0,0.25,2430.524314358378,2430.524314358378,15.0,19.0,15.0,19.0,4.0,episode_period_overlap_over_period_total,4.0,3200.0,4.622075897261492,episode_demand_over_period_capacity,True,True,800.0,753.2236821312489,435.0,True,True,1.6159012131715773,11413.072084980233,severe
corridor-312b51f8a05342b4b8ae369827e5423f,state_transition__VA236_EB::110+06695__Weekday__0013,state_transition,multiday_average,VA236_EB::110+06695,110+06695,VA236_EB,2,27855,32105,32090,202.0,mapped_primary_link,EASTBOUND,20.0,0.265064,3.0,mapped_network,mapped_network,inrix_reference_speed,Weekday,0,AM,0.0,7.5,23.75,24.0,1440.0,31.5,45.0,18.6025,24.871172414357385,18245.27159028625,1.0,0.3333333333333333,2190.567326882608,2190.567326882608,6.0,9.0,6.0,9.0,3.0,episode_period_overlap_over_period_total,3.0,2400.0,7.6021964959526045,episode_demand_over_period_capacity,True,True,800.0,759.8037322088323,975.0,True,True,0.6933207902163687,9346.646895756076,recurring
corridor-312b51f8a05342b4b8ae369827e5423f,state_transition__VA236_EB::110+06696__Weekday__0014,state_transition,multiday_average,VA236_EB::110+06696,110+06696,VA236_EB,3,28071,32168,32089,102.0,mapped_primary_link,EASTBOUND,21.0,0.706886,2.0,mapped_network,mapped_network,inrix_reference_speed,Weekday,0,PM,0.5,17.25,23.75,23.5,1410.0,31.5,45.0,12.850652173913044,18.712146331928945,12256.442316082688,1.0,0.25,1883.087095007284,1883.087095007284,15.0,19.0,15.0,19.0,4.0,episode_period_overlap_over_period_total,4.0,2400.0,5.106850965034454,episode_demand_over_period_capacity,True,True,600.0,544.0948819236363,390.0,True,True,1.45123746045709,17455.42025691699,severe
corridor-312b51f8a05342b4b8ae369827e5423f,state_transition__VA236_EB::110+07888__Weekday__0017,state_transition,multiday_average,VA236_EB::110+07888,110+07888,VA236_EB,15,34303,36178,34057,302.0,mapped_primary_link,EASTBOUND,11.0,1.145006,2.0,mapped_network,mapped_network,inrix_reference_speed,Weekday,0,PM,11.5,16.75,21.0,9.75,585.0,31.5,45.0,27.837391304347825,29.685202569169963,9300.346264449836,1.0,0.25,3801.9600061407914,3801.9600061407914,15.0,19.0,15.0,19.0,4.0,episode_period_overlap_over_period_total,4.0,3840.0,2.4219651730338114,episode_demand_over_period_capacity,True,True,960.0,953.4784613170248,210.0,True,True,0.131571549058195,1018.4984436758876,recurring
corridor-312b51f8a05342b4b8ae369827e5423f,state_transition__VA236_EB::110+07889__Weekday__0018,state_transition,multiday_average,VA236_EB::110+07889,110+07889,VA236_EB,16,27896,32117,32115,202.0,mapped_primary_link,EASTBOUND,16.0,1.070767,3.0,mapped_network,mapped_network,inrix_reference_speed,Weekday,0,MD,0.0,14.25,23.75,24.0,1440.0,31.5,45.0,21.02913043478261,25.492447958203087,18428.41913340848,1.0,0.1666666666666666,4459.120708361157,4459.120708361157,9.0,15.0,9.0,15.0,6.0,episode_period_overlap_over_period_total,6.0,4800.0,3.8392539861267663,episode_demand_over_period_capacity,True,True,800.0,759.0812550576761,570.0,True,True,0.4979221369942315,8300.413122027565,recurring
corridor-312b51f8a05342b4b8ae369827e5423f,state_transition__VA236_EB::110+10077__Weekday__0019,state_transition,multiday_average,VA236_EB::110+10077,110+10077,VA236_EB,25,29819,34363,36310,202.0,mapped_primary_link,EASTBOUND,2.0,1.031527,2.0,mapped_network,mapped_network,inrix_reference_speed,Weekday,0,PM,0.0,15.25,23.75,24.0,1440.0,31.5,45.0,19.76521739130435,23.91506474390646,18180.83844898321,1.0,0.25,2932.914991173911,2932.914991173911,15.0,19.0,15.0,19.0,4.0,episode_period_overlap_over_period_total,4.0,3200.0,5.681512015307252,episode_demand_over_period_capacity,True,True,800.0,756.5094090731263,510.0,True,True,0.5937087549494058,10922.306768774695,recurring
corridor-312b51f8a05342b4b8ae369827e5423f,state_transition__VA236_EB::110P06688__Weekday__0020,state_transition,multiday_average,VA236_EB::110P06688,110P06688,VA236_EB,18,31696,35024,35022,202.0,mapped_primary_link,EASTBOUND,8.0,0.37611,2.0,mapped_network,mapped_network,inrix_reference_speed,Weekday,0,PM,15.5,18.0,18.75,3.5,210.0,31.5,45.0,23.99818181818182,28.985219399076463,2688.696832889588,0.8103233773926966,0.3085188049299554,2492.389189495648,3075.79573665415,15.5,18.75,15.0,19.0,4.0,episode_period_overlap_over_period_total,4.0,3200.0,0.8402177602779963,episode_demand_over_period_capacity,True,True,800.0,768.8542615365128,30.0,True,True,0.3125994393514657,571.1669696722035,recurring
corridor-312b51f8a05342b4b8ae369827e5423f,state_transition__VA236_EB::110P06691__Weekday__0021,state_transition,multiday_average,VA236_EB::110P06691,110P06691,VA236_EB,24,28272,32240,32142,202.0,mapped_primary_link,EASTBOUND,13.0,0.371273,2.0,mapped_network,mapped_network,inrix_reference_speed,Weekday,0,PM,0.0,17.75,23.75,24.0,1440.0,31.5,45.0,14.754318181818183,24.923774117600733,17997.74121406483,1.0,0.25,2601.703826070137,2601.703826070137,15.0,19.0,15.0,19.0,4.0,episode_period_overlap_over_period_total,4.0,3200.0,5.62429412939526,episode_demand_over_period_capacity,True,True,800.0,786.7210216725675,360.0,True,True,1.1349681911304854,9469.765270654932,severe
corridor-312b51f8a05342b4b8ae369827e5423f,state_transition__VA236_EB::110P06692__Weekday__0022,state_transition,multiday_average,VA236_EB::110P06692,110P06692,VA236_EB,23,28004,32148,32146,202.0,mapped_primary_link,EASTBOUND,15.0,0.25548,3.0,mapped_network,mapped_network,inrix_reference_speed,Weekday,0,PM,0.0,16.75,23.75,24.0,1440.0,31.5,45.0,24.62934782608696,27.67432503186581,18726.97365506997,1.0,0.25,3083.350156021768,3083.350156021768,15.0,19.0,15.0,19.0,4.0,episode_period_overlap_over_period_total,4.0,3200.0,5.852179267209367,episode_demand_over_period_capacity,True,True,800.0,784.8979030358106,420.0,True,True,0.2789620018535679,5552.977388895837,recurring
corridor-312b51f8a05342b4b8ae369827e5423f,state_transition__VA236_EB::110P06694__Weekday__0023,state_transition,multiday_average,VA236_EB::110P06694,110P06694,VA236_EB,22,28049,32161,32105,202.0,mapped_primary_link,EASTBOUND,19.0,0.295533,3.0,mapped_network,mapped_network,inrix_reference_speed,Weekday,0,AM,6.25,7.5,20.0,14.0,840.0,31.5,45.0,26.91608695652174,30.49391067333096,11107.551552603654,0.9168386515870194,0.3635681510114605,2155.5403730366043,2351.0574835664165,6.25,9.0,6.0,9.0,3.0,episode_period_overlap_over_period_total,3.0,2400.0,4.628146480251522,episode_demand_over_period_capacity,True,True,800.0,795.7786446235273,660.0,True,True,0.1703038428610654,839.4109613212847,recurring
corridor-53e80dc392784d9f9baa264e387efa38,state_transition__VA236_WB::110-06685__Weekday__0001,state_transition,multiday_average,VA236_WB::110-06685,110-06685,VA236_WB,21,34577,36270,34972,502.0,mapped_primary_link,WESTBOUND,19.0,1.414009,2.0,mapped_network,mapped_network,inrix_reference_speed,Weekday,0,AM,7.0,8.0,10.0,3.25,195.0,31.5,45.0,28.320652173913043,30.07950668896321,3552.148659815766,0.6742215238253662,0.4943973479845058,2181.667422290673,3235.8317632941053,7.0,9.0,6.0,9.0,3.0,episode_period_overlap_over_period_total,3.0,3300.0,1.0764086847926564,episode_demand_over_period_capacity,True,True,1100.0,1094.1155966387869,105.0,True,True,0.1122625215889463,302.5483695652169,recurring
corridor-53e80dc392784d9f9baa264e387efa38,state_transition__VA236_WB::110-06685__Weekday__0002,state_transition,multiday_average,VA236_WB::110-06685,110-06685,VA236_WB,21,34577,36270,34972,502.0,mapped_primary_link,WESTBOUND,19.0,1.414009,2.0,mapped_network,mapped_network,inrix_reference_speed,Weekday,0,PM,12.75,16.75,18.0,5.5,330.0,31.5,45.0,29.18108695652174,30.98009265010352,6015.885862219528,0.7495106405044837,0.3335509684448628,3275.44028371438,4370.105114864991,15.0,18.0,15.0,19.0,4.0,episode_period_overlap_over_period_total,4.0,4400.0,1.3672467868680744,episode_demand_over_period_capacity,True,True,1100.0,1090.934363677983,60.0,True,True,0.0794663011331042,183.47675042348897,recurring
corridor-53e80dc392784d9f9baa264e387efa38,state_transition__VA236_WB::110-06686__Weekday__0003,state_transition,multiday_average,VA236_WB::110-06686,110-06686,VA236_WB,20,29593,34297,36237,502.0,mapped_primary_link,WESTBOUND,18.0,0.374074,2.0,mapped_network,mapped_network,inrix_reference_speed,Weekday,0,AM,6.75,8.5,19.0,12.5,750.0,31.5,45.0,20.448695652173917,27.563941920760403,13304.797101447197,0.7543289083896948,0.4418938869052723,2316.8240795283727,3071.371193335567,6.75,9.0,6.0,9.0,3.0,episode_period_overlap_over_period_total,3.0,3300.0,4.031756697408241,episode_demand_over_period_capacity,True,True,1100.0,1082.5249665511724,600.0,True,True,0.5404405511141348,2994.832689864481,recurring
corridor-53e80dc392784d9f9baa264e387efa38,state_transition__VA236_WB::110-06689__Weekday__0005,state_transition,multiday_average,VA236_WB::110-06689,110-06689,VA236_WB,19,34434,36223,36224,302.0,mapped_primary_link,WESTBOUND,14.0,0.902352,2.0,mapped_network,mapped_network,inrix_reference_speed,Weekday,0,PM,0.0,17.25,23.75,24.0,1440.0,31.5,45.0,21.136739130434783,24.745064341983504,21979.014052677256,1.0,0.25,3565.0984535902653,3565.0984535902653,15.0,19.0,15.0,19.0,4.0,episode_period_overlap_over_period_total,4.0,3840.0,5.723701576218035,episode_demand_over_period_capacity,True,True,960.0,920.3091334319192,390.0,True,True,0.490296105071532,9727.107347543755,recurring
corridor-53e80dc392784d9f9baa264e387efa38,state_transition__VA236_WB::110-06690__Weekday__0006,state_transition,multiday_average,VA236_WB::110-06690,110-06690,VA236_WB,17,28816,34057,36178,302.0,mapped_primary_link,WESTBOUND,13.0,1.150389,2.0,mapped_network,mapped_network,inrix_reference_speed,Weekday,0,AM,6.75,8.5,22.75,16.25,975.0,31.5,45.0,26.14840909090909,28.35709094890617,15376.587527241412,0.7495655522445143,0.4447020441843855,2119.0218959814447,2827.0001064432627,6.75,9.0,6.0,9.0,3.0,episode_period_overlap_over_period_total,3.0,2880.0,5.3390928914032685,episode_demand_over_period_capacity,True,True,960.0,947.9653126578692,810.0,True,True,0.2046621991603867,3079.456976990398,recurring
corridor-53e80dc392784d9f9baa264e387efa38,state_transition__VA236_WB::110-06691__Weekday__0007,state_transition,multiday_average,VA236_WB::110-06691,110-06691,VA236_WB,16,27994,32146,32148,202.0,mapped_primary_link,WESTBOUND,10.0,0.225031,3.0,mapped_network,mapped_network,inrix_reference_speed,Weekday,0,PM,0.0,15.5,23.75,24.0,1440.0,31.5,45.0,15.07913043478261,21.05873245132484,17259.50262444451,1.0,0.25,2648.401001112913,2648.401001112913,15.0,19.0,15.0,19.0,4.0,episode_period_overlap_over_period_total,4.0,3200.0,5.39359457013891,episode_demand_over_period_capacity,True,True,800.0,718.7166471140259,435.0,True,True,1.0889798742863732,14095.71119071146,severe
corridor-53e80dc392784d9f9baa264e387efa38,state_transition__VA236_WB::110-06692__Weekday__0008,state_transition,multiday_average,VA236_WB::110-06692,110-06692,VA236_WB,13,27889,32115,32117,202.0,mapped_primary_link,WESTBOUND,8.0,0.962651,3.0,mapped_network,mapped_network,inrix_reference_speed,Weekday,0,PM,0.0,16.25,23.75,24.0,1440.0,31.5,45.0,20.534782608695654,25.429135333445466,18434.7070756342,1.0,0.25,2926.7903177026,2926.7903177026,15.0,19.0,15.0,19.0,4.0,episode_period_overlap_over_period_total,4.0,3200.0,5.760845961135687,episode_demand_over_period_capacity,True,True,800.0,778.7303464618634,420.0,True,True,0.5339826381537156,8559.919179841892,recurring
corridor-53e80dc392784d9f9baa264e387efa38,state_transition__VA236_WB::110-06694__Weekday__0010,state_transition,multiday_average,VA236_WB::110-06694,110-06694,VA236_WB,15,28548,32360,32090,202.0,mapped_primary_link,WESTBOUND,4.0,0.179303,2.0,mapped_network,mapped_network,inrix_reference_speed,Weekday,0,PM,0.0,17.5,23.75,24.0,1440.0,31.5,45.0,19.637608695652176,24.617035175441163,18277.41638316728,1.0,0.25,2922.937404370863,2922.937404370863,15.0,19.0,15.0,19.0,4.0,episode_period_overlap_over_period_total,4.0,3200.0,5.711692619739775,episode_demand_over_period_capacity,True,True,800.0,774.3429355208864,345.0,True,True,0.6040649596492973,9704.980402627958,recurring
corridor-53e80dc392784d9f9baa264e387efa38,state_transition__VA236_WB::110-06695__Weekday__0011,state_transition,multiday_average,VA236_WB::110-06695,110-06695,VA236_WB,14,28557,32362,32089,102.0,mapped_primary_link,WESTBOUND,3.0,0.698769,2.0,mapped_network,mapped_network,inrix_reference_speed,Weekday,0,PM,0.0,17.25,23.75,24.0,1440.0,31.5,45.0,14.48,18.96393042821419,12584.615542216614,1.0,0.25,1973.5305006688016,1973.5305006688016,15.0,19.0,15.0,19.0,4.0,episode_period_overlap_over_period_total,4.0,2400.0,5.243589809256923,episode_demand_over_period_capacity,True,True,600.0,540.7951655140549,390.0,True,True,1.1754143646408837,17675.858096217984,severe
corridor-53e80dc392784d9f9baa264e387efa38,state_transition__VA236_WB::110-07888__Weekday__0013,state_transition,multiday_average,VA236_WB::110-07888,110-07888,VA236_WB,24,28779,34045,34044,302.0,mapped_primary_link,WESTBOUND,12.0,1.906481,2.0,mapped_network,mapped_network,inrix_reference_speed,Weekday,0,AM,6.5,8.25,21.0,14.75,885.0,31.5,45.0,25.502608695652174,29.31897096578733,14039.796190805222,0.8317101399720674,0.4007806533950976,2358.8040575958144,2836.0890943027744,6.5,9.0,6.0,9.0,3.0,episode_period_overlap_over_period_total,3.0,2880.0,4.87492923291848,episode_demand_over_period_capacity,True,True,960.0,954.6749573371312,720.0,True,True,0.2351677577741404,1879.1700416431363,recurring
corridor-53e80dc392784d9f9baa264e387efa38,state_transition__VA236_WB::110-07889__Weekday__0014,state_transition,multiday_average,VA236_WB::110-07889,110-07889,VA236_WB,25,27894,32116,32311,202.0,mapped_primary_link,WESTBOUND,7.0,1.163038,2.0,mapped_network,mapped_network,inrix_reference_speed,Weekday,0,PM,0.0,15.0,23.75,24.0,1440.0,31.5,45.0,23.741363636363637,26.88702065563629,18752.467142223795,1.0,0.25,3062.1330171504856,3062.1330171504856,15.0,19.0,15.0,19.0,4.0,episode_period_overlap_over_period_total,4.0,3200.0,5.860145981944936,episode_demand_over_period_capacity,True,True,800.0,781.2400051459043,525.0,True,True,0.3267982615688001,6642.690255883734,recurring
corridor-53e80dc392784d9f9baa264e387efa38,state_transition__VA236_WB::110-10076__Weekday__0015,state_transition,multiday_average,VA236_WB::110-10076,110-10076,VA236_WB,10,34703,36310,34363,202.0,mapped_primary_link,WESTBOUND,22.0,0.973677,2.0,mapped_network,mapped_network,inrix_reference_speed,Weekday,0,PM,0.0,16.75,23.75,24.0,1440.0,31.5,45.0,15.935238095238097,24.087622586710232,18190.28546329168,1.0,0.25,2809.03596347584,2809.03596347584,15.0,19.0,15.0,19.0,4.0,episode_period_overlap_over_period_total,4.0,3200.0,5.68446420727865,episode_demand_over_period_capacity,True,True,800.0,774.4202675734693,390.0,True,True,0.9767511355486492,10451.45215273856,recurring
corridor-53e80dc392784d9f9baa264e387efa38,state_transition__VA236_WB::110-10077__Weekday__0016,state_transition,multiday_average,VA236_WB::110-10077,110-10077,VA236_WB,11,29612,34303,36300,302.0,mapped_primary_link,WESTBOUND,21.0,1.874772,2.0,mapped_network,mapped_network,inrix_reference_speed,Weekday,0,PM,0.0,17.0,23.75,24.0,1440.0,31.5,45.0,19.920434782608694,25.52019076302205,22114.90695258313,1.0,0.25,3490.814223185189,3490.814223185189,15.0,19.0,15.0,19.0,4.0,episode_period_overlap_over_period_total,4.0,3840.0,5.75909035223519,episode_demand_over_period_capacity,True,True,960.0,927.37245062124,375.0,True,True,0.5812907872623696,8431.5310241389,recurring
corridor-53e80dc392784d9f9baa264e387efa38,state_transition__VA236_WB::110N06691__Weekday__0017,state_transition,multiday_average,VA236_WB::110N06691,110N06691,VA236_WB,9,27979,32142,32240,202.0,mapped_primary_link,WESTBOUND,11.0,0.343235,2.0,mapped_network,mapped_network,inrix_reference_speed,Weekday,0,PM,0.0,17.75,23.75,24.0,1440.0,31.5,45.0,19.34086956521739,25.79412357217804,18393.962005042325,1.0,0.25,2898.51952077766,2898.51952077766,15.0,19.0,15.0,19.0,4.0,episode_period_overlap_over_period_total,4.0,3200.0,5.748113126575727,episode_demand_over_period_capacity,True,True,800.0,773.972509619362,360.0,True,True,0.6286754788238469,8216.462056063607,recurring
corridor-53e80dc392784d9f9baa264e387efa38,state_transition__VA236_WB::110N06692__Weekday__0018,state_transition,multiday_average,VA236_WB::110N06692,110N06692,VA236_WB,8,27975,32141,32146,202.0,mapped_primary_link,WESTBOUND,9.0,0.196614,3.0,mapped_network,mapped_network,inrix_reference_speed,Weekday,0,PM,5.75,17.25,23.75,18.25,1095.0,31.5,45.0,17.99913043478261,23.951362978891268,13673.874300020476,1.0,0.25,2878.742733247347,2878.742733247347,15.0,19.0,15.0,19.0,4.0,episode_period_overlap_over_period_total,4.0,3200.0,4.273085718756398,episode_demand_over_period_capacity,True,True,800.0,784.1547775032885,390.0,True,True,0.7500845451471081,8285.117320722751,recurring
corridor-53e80dc392784d9f9baa264e387efa38,state_transition__VA236_WB::110N06694__Weekday__0019,state_transition,multiday_average,VA236_WB::110N06694,110N06694,VA236_WB,6,27816,32090,32105,202.0,mapped_primary_link,WESTBOUND,5.0,0.226547,3.0,mapped_network,mapped_network,inrix_reference_speed,Weekday,0,AM,6.25,8.0,21.25,15.25,915.0,31.5,45.0,24.186086956521734,27.53638839777471,11949.502726424593,0.915080312729744,0.3642667519957656,2130.1546206377707,2327.833514725479,6.25,9.0,6.0,9.0,3.0,episode_period_overlap_over_period_total,3.0,2400.0,4.97895946934358,episode_demand_over_period_capacity,True,True,800.0,787.5713506442385,780.0,True,True,0.3024016682246351,3627.350268210047,recurring
corridor-15c7922d2fd84c2aa0bd4b1a51945cdf,state_transition__VA237_EB::110+13614__Weekday__0002,state_transition,multiday_average,VA237_EB::110+13614,110+13614,VA237_EB,7,25776,30054,30305,203.0,mapped_primary_link,EASTBOUND,4.0,0.611624,1.0,mapped_network,mapped_network,inrix_reference_speed,Weekday,0,PM,0.0,17.5,23.75,24.0,1440.0,31.5,45.0,18.588695652173914,23.666124119264477,13605.111644555407,1.0,0.25,2156.17024446468,2156.17024446468,15.0,19.0,15.0,19.0,4.0,episode_period_overlap_over_period_total,4.0,2400.0,5.668796518564753,episode_demand_over_period_capacity,True,True,600.0,576.288123264769,375.0,True,True,0.6945782850727413,10810.748715415017,recurring
corridor-15c7922d2fd84c2aa0bd4b1a51945cdf,state_transition__VA237_EB::110+13615__Weekday__0003,state_transition,multiday_average,VA237_EB::110+13615,110+13615,VA237_EB,8,26575,30306,30506,203.0,mapped_primary_link,EASTBOUND,6.0,0.50923,1.0,mapped_network,mapped_network,inrix_reference_speed,Weekday,0,PM,0.0,17.0,23.75,24.0,1440.0,31.5,45.0,20.049090909090907,24.207526881220364,13673.793057257284,1.0,0.25,2189.522232359773,2189.522232359773,15.0,19.0,15.0,19.0,4.0,episode_period_overlap_over_period_total,4.0,2400.0,5.6974137738572015,episode_demand_over_period_capacity,True,True,600.0,579.4272871155943,405.0,True,True,0.5711435567244036,10063.61290391589,recurring
corridor-15c7922d2fd84c2aa0bd4b1a51945cdf,state_transition__VA237_EB::110+18840__Weekday__0005,state_transition,multiday_average,VA237_EB::110+18840,110+18840,VA237_EB,14,25912,30094,30223,103.0,mapped_primary_link,EASTBOUND,3.0,0.474529,3.0,mapped_network,mapped_network,inrix_reference_speed,Weekday,0,PM,0.0,17.25,23.75,24.0,1440.0,31.5,45.0,14.052727272727276,18.400721048449537,10386.293869630626,1.0,0.25,1629.318416932985,1629.318416932985,15.0,19.0,15.0,19.0,4.0,episode_period_overlap_over_period_total,4.0,2000.0,5.193146934815314,episode_demand_over_period_capacity,True,True,500.0,439.586891479559,390.0,True,True,1.2415577694397717,18862.961690232667,severe
corridor-15c7922d2fd84c2aa0bd4b1a51945cdf,state_transition__VA237_EB::110+18842__Weekday__0007,state_transition,multiday_average,VA237_EB::110+18842,110+18842,VA237_EB,15,27062,30529,30126,203.0,mapped_primary_link,EASTBOUND,7.0,0.311017,2.0,mapped_network,mapped_network,inrix_reference_speed,Weekday,0,PM,0.25,17.5,23.75,23.75,1425.0,31.5,45.0,20.043260869565216,22.931514903594145,13333.066545863488,1.0,0.25,2187.117287340677,2187.117287340677,15.0,19.0,15.0,19.0,4.0,episode_period_overlap_over_period_total,4.0,2400.0,5.555444394109786,episode_demand_over_period_capacity,True,True,600.0,565.044117182615,375.0,True,True,0.5716005596589984,11953.036709486158,recurring
corridor-15c7922d2fd84c2aa0bd4b1a51945cdf,state_transition__VA237_EB::110+51885__Weekday__0008,state_transition,multiday_average,VA237_EB::110+51885,110+51885,VA237_EB,5,25738,30043,30047,203.0,mapped_primary_link,EASTBOUND,1.5,0.241468,1.0,mapped_network,mapped_network,inrix_reference_speed,Weekday,0,PM,0.0,17.5,23.75,24.0,1440.0,31.5,45.0,18.085,23.314939147551478,13541.115774504096,1.0,0.25,2138.171251849527,2138.171251849527,15.0,19.0,15.0,19.0,4.0,episode_period_overlap_over_period_total,4.0,2400.0,5.642131572710039,episode_demand_over_period_capacity,True,True,600.0,571.2081757130949,375.0,True,True,0.7417749516173622,11540.935801952415,recurring
corridor-15c7922d2fd84c2aa0bd4b1a51945cdf,state_transition__VA237_EB::110P18838__Weekday__0009,state_transition,multiday_average,VA237_EB::110P18838,110P18838,VA237_EB,4,26349,30225,30088,203.0,mapped_primary_link,EASTBOUND,1.0,0.012538,2.0,mapped_network,mapped_network,inrix_reference_speed,Weekday,0,PM,0.0,17.75,23.75,24.0,1440.0,31.5,45.0,14.27782608695652,17.715768330690278,12230.315987718886,1.0,0.25,1926.65058896754,1926.65058896754,15.0,19.0,15.0,19.0,4.0,episode_period_overlap_over_period_total,4.0,2400.0,5.095964994882869,episode_demand_over_period_capacity,True,True,600.0,524.8350206531472,330.0,True,True,1.2062182161454365,19435.766653726703,severe
corridor-15c7922d2fd84c2aa0bd4b1a51945cdf,state_transition__VA237_EB::110P18840__Weekday__0010,state_transition,multiday_average,VA237_EB::110P18840,110P18840,VA237_EB,3,26042,30132,30131,103.0,mapped_primary_link,EASTBOUND,4.0,0.055939,2.0,mapped_network,mapped_network,inrix_reference_speed,Weekday,0,PM,0.0,17.5,23.75,24.0,1440.0,31.5,45.0,10.61181818181818,14.856931248064,9484.32971810925,1.0,0.25,1410.9611629612837,1410.9611629612837,15.0,19.0,15.0,19.0,4.0,episode_period_overlap_over_period_total,4.0,2000.0,4.742164859054625,episode_demand_over_period_capacity,True,True,500.0,404.4906691024072,375.0,True,True,1.9683885890516573,23466.72694022976,severe
corridor-734b77488754496289d56b38e1402fbc,state_transition__VA237_NB::110+13630__Weekday__0001,state_transition,multiday_average,VA237_NB::110+13630,110+13630,VA237_NB,1,34663,36298,34317,203.0,mapped_primary_link,NORTHBOUND,2.0,1.643265,2.0,mapped_network,mapped_network,inrix_reference_speed,Weekday,0,PM,1.0,16.75,21.0,20.25,1215.0,31.5,45.0,26.449782608695653,29.11948862261398,12051.524571533888,1.0,0.25,2364.472586391089,2364.472586391089,15.0,19.0,15.0,19.0,4.0,episode_period_overlap_over_period_total,4.0,2400.0,5.021468571472453,episode_demand_over_period_capacity,True,True,600.0,595.9397322274785,210.0,True,True,0.1909360642398636,2755.5585262563486,recurring
corridor-b3161fb48b4d49ae9b5cb7100c302713,state_transition__VA237_SB::110-13629__Weekday__0001,state_transition,multiday_average,VA237_SB::110-13629,110-13629,VA237_SB,3,34664,36298,34724,303.0,mapped_primary_link,SOUTHBOUND,2.0,1.633991,2.0,mapped_network,mapped_network,inrix_reference_speed,Weekday,0,PM,0.0,17.0,22.5,22.75,1365.0,31.5,45.0,23.75818181818181,28.12860416757156,15670.895311216378,1.0,0.25,2690.57172689174,2690.57172689174,15.0,19.0,15.0,19.0,4.0,episode_period_overlap_over_period_total,4.0,2800.0,5.596748325434421,episode_demand_over_period_capacity,True,True,700.0,690.723607823903,300.0,True,True,0.3258590342083109,4609.934659090905,recurring
corridor-05b53c1eb28d4cd9b0e5ce83ac01c3f4,state_transition__VA237_WB::110-13612__Weekday__0001,state_transition,multiday_average,VA237_WB::110-13612,110-13612,VA237_WB,12,26969,30499,30047,203.0,mapped_primary_link,WESTBOUND,13.0,1.126853,1.0,mapped_network,mapped_network,inrix_reference_speed,Weekday,0,PM,0.0,15.0,23.75,24.0,1440.0,31.5,45.0,19.03217391304348,21.72077086142677,13232.754231213074,1.0,0.25,2146.024121104537,2146.024121104537,15.0,19.0,15.0,19.0,4.0,episode_period_overlap_over_period_total,4.0,2400.0,5.513647596338781,episode_demand_over_period_capacity,True,True,600.0,553.3308060536982,495.0,True,True,0.6550920637821536,13495.336211231055,recurring
corridor-05b53c1eb28d4cd9b0e5ce83ac01c3f4,state_transition__VA237_WB::110-13613__Weekday__0002,state_transition,multiday_average,VA237_WB::110-13613,110-13613,VA237_WB,13,27323,30611,30305,203.0,mapped_primary_link,WESTBOUND,11.0,0.611624,1.0,mapped_network,mapped_network,inrix_reference_speed,Weekday,0,PM,0.0,17.5,23.75,24.0,1440.0,31.5,45.0,20.061304347826084,24.70695011691247,13785.687107780948,1.0,0.25,2198.158170169902,2198.158170169902,15.0,19.0,15.0,19.0,4.0,episode_period_overlap_over_period_total,4.0,2400.0,5.744036294908728,episode_demand_over_period_capacity,True,True,600.0,586.2918267509996,375.0,True,True,0.5701870353915173,9578.200335153411,recurring
corridor-05b53c1eb28d4cd9b0e5ce83ac01c3f4,state_transition__VA237_WB::110-13614__Weekday__0003,state_transition,multiday_average,VA237_WB::110-13614,110-13614,VA237_WB,11,26990,30506,30306,203.0,mapped_primary_link,WESTBOUND,9.0,0.50923,1.0,mapped_network,mapped_network,inrix_reference_speed,Weekday,0,PM,0.0,17.0,23.75,24.0,1440.0,31.5,45.0,18.91086956521739,23.80908590931116,13612.461623475056,1.0,0.25,2150.2791870837686,2150.2791870837686,15.0,19.0,15.0,19.0,4.0,episode_period_overlap_over_period_total,4.0,2400.0,5.671859009781274,episode_demand_over_period_capacity,True,True,600.0,577.647049575972,375.0,True,True,0.6657087021496724,10844.188867871251,recurring
corridor-05b53c1eb28d4cd9b0e5ce83ac01c3f4,state_transition__VA237_WB::110-18838__Weekday__0004,state_transition,multiday_average,VA237_WB::110-18838,110-18838,VA237_WB,9,26938,30489,30093,203.0,mapped_primary_link,WESTBOUND,7.0,0.432295,2.0,mapped_network,mapped_network,inrix_reference_speed,Weekday,0,AM,0.0,8.75,23.75,24.0,1440.0,31.5,45.0,14.903636363636364,18.122300075189003,12392.251655890404,1.0,0.3333333333333333,1521.5137765102684,1521.5137765102684,6.0,9.0,6.0,9.0,3.0,episode_period_overlap_over_period_total,3.0,1800.0,6.884584253272446,episode_demand_over_period_capacity,True,True,600.0,511.0122690384421,900.0,True,True,1.113578138343296,19263.88789172783,severe
corridor-05b53c1eb28d4cd9b0e5ce83ac01c3f4,state_transition__VA237_WB::110-18839__Weekday__0005,state_transition,multiday_average,VA237_WB::110-18839,110-18839,VA237_WB,10,26344,30223,30094,103.0,mapped_primary_link,WESTBOUND,6.0,0.459747,3.0,mapped_network,mapped_network,inrix_reference_speed,Weekday,0,MD,0.0,11.75,23.75,24.0,1440.0,31.5,45.0,17.292826086956524,18.97532109392029,10520.663132806048,1.0,0.1666666666666666,2577.802433546054,2577.802433546054,9.0,15.0,9.0,15.0,6.0,episode_period_overlap_over_period_total,6.0,3000.0,3.5068877109353487,episode_demand_over_period_capacity,True,True,500.0,430.48940204714177,720.0,True,True,0.8215646096018703,18035.537624754783,recurring
corridor-05b53c1eb28d4cd9b0e5ce83ac01c3f4,state_transition__VA237_WB::110-18840__Weekday__0006,state_transition,multiday_average,VA237_WB::110-18840,110-18840,VA237_WB,7,26027,30128,30531,103.0,mapped_primary_link,WESTBOUND,4.0,0.297243,2.0,mapped_network,mapped_network,inrix_reference_speed,Weekday,0,AM,0.0,8.75,23.75,24.0,1440.0,31.5,45.0,14.426521739130434,17.975836481308733,10289.527792910174,1.0,0.3333333333333333,1249.0459028052717,1249.0459028052717,6.0,9.0,6.0,9.0,3.0,episode_period_overlap_over_period_total,3.0,1500.0,6.85968519527345,episode_demand_over_period_capacity,True,True,500.0,422.1441147251869,900.0,True,True,1.1834784967300562,19474.795466915417,severe
corridor-05b53c1eb28d4cd9b0e5ce83ac01c3f4,state_transition__VA237_WB::110-51887__Weekday__0008,state_transition,multiday_average,VA237_WB::110-51887,110-51887,VA237_WB,14,25754,30047,30043,203.0,mapped_primary_link,WESTBOUND,13.5,0.205935,1.0,mapped_network,mapped_network,inrix_reference_speed,Weekday,0,AM,0.0,8.5,23.75,24.0,1440.0,31.5,45.0,13.773260869565217,20.385768808459076,12928.219684797612,1.0,0.3333333333333333,1536.620694083216,1536.620694083216,6.0,9.0,6.0,9.0,3.0,episode_period_overlap_over_period_total,3.0,1800.0,7.182344269332007,episode_demand_over_period_capacity,True,True,600.0,533.3349908423926,885.0,True,True,1.287040106065628,15671.0659800727,severe
corridor-05b53c1eb28d4cd9b0e5ce83ac01c3f4,state_transition__VA237_WB::110N18838__Weekday__0009,state_transition,multiday_average,VA237_WB::110N18838,110N18838,VA237_WB,3,25891,30088,30225,203.0,mapped_primary_link,WESTBOUND,8.0,0.010068,2.0,mapped_network,mapped_network,inrix_reference_speed,Weekday,0,AM,0.0,8.25,23.75,24.0,1440.0,31.5,45.0,17.46260869565217,20.3859236275943,12921.830837396454,1.0,0.3333333333333333,1569.0299103230282,1569.0299103230282,6.0,9.0,6.0,9.0,3.0,episode_period_overlap_over_period_total,3.0,1800.0,7.178794909664696,episode_demand_over_period_capacity,True,True,600.0,537.3521539701117,930.0,True,True,0.8038541977890648,16004.269976264206,recurring
corridor-05b53c1eb28d4cd9b0e5ce83ac01c3f4,state_transition__VA237_WB::110N18840__Weekday__0010,state_transition,multiday_average,VA237_WB::110N18840,110N18840,VA237_WB,4,26036,30131,30132,103.0,mapped_primary_link,WESTBOUND,5.0,0.078641,2.0,mapped_network,mapped_network,inrix_reference_speed,Weekday,0,PM,0.0,17.75,23.75,24.0,1440.0,31.5,45.0,14.109782608695651,16.833181257533706,10010.964323765544,1.0,0.25,1580.8854773593157,1580.8854773593157,15.0,19.0,15.0,19.0,4.0,episode_period_overlap_over_period_total,4.0,2000.0,5.005482161882773,episode_demand_over_period_capacity,True,True,500.0,415.5093372797272,360.0,True,True,1.23249364455743,20680.21442687747,severe
corridor-650fe358cdb6460c9cb148171174aea1,state_transition__VA241_NB::110+10085__Weekday__0001,state_transition,multiday_average,VA241_NB::110+10085,110+10085,VA241_NB,5,35677,36626,34173,203.0,mapped_primary_link,NORTHBOUND,2.0,1.256558,2.0,mapped_network,mapped_network,inrix_reference_speed,Weekday,0,PM,0.0,16.5,23.75,24.0,1440.0,31.5,45.0,22.12260869565217,26.26148394246036,13990.425674583512,1.0,0.25,2256.107397402884,2256.107397402884,15.0,19.0,15.0,19.0,4.0,episode_period_overlap_over_period_total,4.0,2400.0,5.829344031076463,episode_demand_over_period_capacity,True,True,600.0,582.9867051658539,435.0,True,True,0.4238827090130104,7543.463122857079,recurring
corridor-650fe358cdb6460c9cb148171174aea1,state_transition__VA241_NB::110+10086__Weekday__0002,state_transition,multiday_average,VA241_NB::110+10086,110+10086,VA241_NB,4,27851,32103,32104,203.0,mapped_primary_link,NORTHBOUND,4.0,0.162966,3.0,mapped_network,mapped_network,inrix_reference_speed,Weekday,0,AM,7.0,7.25,8.75,2.0,120.0,31.5,45.0,25.53978260869565,29.93507246376812,1111.0011922128117,0.5809454053889235,0.5737773812156718,966.2037933507904,1663.157646808394,7.0,8.75,6.0,9.0,3.0,episode_period_overlap_over_period_total,3.0,1800.0,0.6172228845626732,episode_demand_over_period_capacity,True,True,600.0,564.0547329049906,45.0,True,True,0.2333699343734838,193.30434782608685,recurring
corridor-ca94a1fee10b440fb8f97e3ff38ea2a5,state_transition__VA241_SB::110-10938__Weekday__0001,state_transition,multiday_average,VA241_SB::110-10938,110-10938,VA241_SB,3,29185,34173,36626,203.0,mapped_primary_link,SOUTHBOUND,3.0,1.310973,2.0,mapped_network,mapped_network,inrix_reference_speed,Weekday,0,PM,0.0,17.75,23.75,24.0,1440.0,31.5,45.0,19.711818181818185,25.89752193463479,13862.92230730116,1.0,0.25,2191.338989132883,2191.338989132883,15.0,19.0,15.0,19.0,4.0,episode_period_overlap_over_period_total,4.0,2400.0,5.77621762804215,episode_demand_over_period_capacity,True,True,600.0,590.7515690163073,360.0,True,True,0.5980261033989758,7899.494072164943,recurring
corridor-ca94a1fee10b440fb8f97e3ff38ea2a5,state_transition__VA241_SB::110N10938__Weekday__0002,state_transition,multiday_average,VA241_SB::110N10938,110N10938,VA241_SB,5,35673,36625,34146,202.0,mapped_primary_link,SOUTHBOUND,4.0,0.009837,2.0,mapped_network,mapped_network,inrix_reference_speed,Weekday,0,PM,0.0,16.0,23.75,24.0,1440.0,31.5,45.0,7.255217391304348,8.260556513329409,11558.898362896833,1.0,0.25,1911.0136969257237,1911.0136969257237,15.0,19.0,15.0,19.0,4.0,episode_period_overlap_over_period_total,4.0,3200.0,3.61215573840526,episode_demand_over_period_capacity,True,True,800.0,489.6215907077009,435.0,True,True,3.3417031221909266,32767.61531620553,severe
corridor-a5fa019d54554da2be21fc0a92c51f6b,state_transition__VA243_NB::110+13635__Weekday__0001,state_transition,multiday_average,VA243_NB::110+13635,110+13635,VA243_NB,1,34635,36289,34688,203.0,mapped_primary_link,NORTHBOUND,3.0,0.309653,2.0,mapped_network,mapped_network,inrix_reference_speed,Weekday,0,PM,0.0,17.25,23.75,24.0,1440.0,31.5,45.0,24.11869565217392,27.64876993904717,14089.44954118058,1.0,0.25,2319.930660731269,2319.930660731269,15.0,19.0,15.0,19.0,4.0,episode_period_overlap_over_period_total,4.0,2400.0,5.870603975491909,episode_demand_over_period_capacity,True,True,600.0,592.5494909761915,390.0,True,True,0.3060407765940185,5555.94520081554,recurring
corridor-a5fa019d54554da2be21fc0a92c51f6b,state_transition__VA243_NB::110+13636__Weekday__0002,state_transition,multiday_average,VA243_NB::110+13636,110+13636,VA243_NB,2,31258,34797,34617,203.0,mapped_primary_link,NORTHBOUND,5.0,0.4017,2.0,mapped_network,mapped_network,inrix_reference_speed,Weekday,0,PM,0.25,17.25,23.75,23.75,1425.0,31.5,45.0,20.97543478260869,26.193285818300687,13719.320872273402,1.0,0.25,2219.445723659569,2219.445723659569,15.0,19.0,15.0,19.0,4.0,episode_period_overlap_over_period_total,4.0,2400.0,5.716383696780584,episode_demand_over_period_capacity,True,True,600.0,592.5475746415351,375.0,True,True,0.5017567133396208,7563.4449816487795,recurring
corridor-a5fa019d54554da2be21fc0a92c51f6b,state_transition__VA243_NB::110+13637__Weekday__0003,state_transition,multiday_average,VA243_NB::110+13637,110+13637,VA243_NB,3,30669,34616,35910,303.0,mapped_primary_link,NORTHBOUND,6.0,0.620006,2.0,mapped_network,mapped_network,inrix_reference_speed,Weekday,0,PM,0.0,17.5,23.75,24.0,1440.0,31.5,45.0,19.41590909090909,24.163079343442025,15908.441315761136,1.0,0.25,2531.5068455494525,2531.5068455494525,15.0,19.0,15.0,19.0,4.0,episode_period_overlap_over_period_total,4.0,2800.0,5.681586184200405,episode_demand_over_period_capacity,True,True,700.0,674.0139583846767,375.0,True,True,0.6223808966405244,10565.16574544348,recurring
corridor-a5fa019d54554da2be21fc0a92c51f6b,state_transition__VA243_NB::110P13635__Weekday__0004,state_transition,multiday_average,VA243_NB::110P13635,110P13635,VA243_NB,4,31783,35062,35060,203.0,mapped_primary_link,NORTHBOUND,4.0,0.353004,2.0,mapped_network,mapped_network,inrix_reference_speed,Weekday,0,AM,0.0,8.0,23.75,24.0,1440.0,31.5,45.0,24.075434782608696,26.16406991106719,14007.745453959524,1.0,0.3333333333333333,1732.5386516025958,1732.5386516025958,6.0,9.0,6.0,9.0,3.0,episode_period_overlap_over_period_total,3.0,1800.0,7.782080807755291,episode_demand_over_period_capacity,True,True,600.0,579.8151193947527,945.0,True,True,0.308387586119714,7683.739328063237,recurring
corridor-f88534f0adf0499fa1edf9b65ff71028,state_transition__VA243_SB::110-13634__Weekday__0001,state_transition,multiday_average,VA243_SB::110-13634,110-13634,VA243_SB,3,30909,34688,36289,203.0,mapped_primary_link,SOUTHBOUND,5.0,0.323533,2.0,mapped_network,mapped_network,inrix_reference_speed,Weekday,0,AM,0.0,8.0,23.75,24.0,1440.0,31.5,45.0,16.391304347826086,22.98824370500424,13404.62893718301,1.0,0.3333333333333333,1607.943459048933,1607.943459048933,6.0,9.0,6.0,9.0,3.0,episode_period_overlap_over_period_total,3.0,1800.0,7.447016076212783,episode_demand_over_period_capacity,True,True,600.0,551.1512324234246,945.0,True,True,0.9217506631299734,12256.929064793896,recurring
corridor-f88534f0adf0499fa1edf9b65ff71028,state_transition__VA243_SB::110-13635__Weekday__0002,state_transition,multiday_average,VA243_SB::110-13635,110-13635,VA243_SB,4,30672,34617,34797,203.0,mapped_primary_link,SOUTHBOUND,3.0,0.384123,2.0,mapped_network,mapped_network,inrix_reference_speed,Weekday,0,PM,6.25,16.5,23.25,17.25,1035.0,31.5,45.0,22.73804347826087,26.514920727390717,10026.350065615256,1.0,0.25,2270.716583451456,2270.716583451456,15.0,19.0,15.0,19.0,4.0,episode_period_overlap_over_period_total,4.0,2400.0,4.177645860673024,episode_demand_over_period_capacity,True,True,600.0,587.2627249785157,375.0,True,True,0.3853434676609779,5047.976012845847,recurring
corridor-f88534f0adf0499fa1edf9b65ff71028,state_transition__VA243_SB::110-13636__Weekday__0003,state_transition,multiday_average,VA243_SB::110-13636,110-13636,VA243_SB,2,33479,35910,34616,303.0,mapped_primary_link,SOUTHBOUND,2.0,0.616301,2.0,mapped_network,mapped_network,inrix_reference_speed,Weekday,0,PM,6.25,16.5,23.75,17.75,1065.0,31.5,45.0,24.95021739130435,27.299501063839124,12167.304424756045,1.0,0.25,2706.8976939927934,2706.8976939927934,15.0,19.0,15.0,19.0,4.0,episode_period_overlap_over_period_total,4.0,2800.0,4.345465865984302,episode_demand_over_period_capacity,True,True,700.0,691.9509461208562,405.0,True,True,0.2625140497163916,4237.388387363417,recurring
corridor-f88534f0adf0499fa1edf9b65ff71028,state_transition__VA243_SB::110N13635__Weekday__0004,state_transition,multiday_average,VA243_SB::110N13635,110N13635,VA243_SB,1,31779,35060,35062,203.0,mapped_primary_link,SOUTHBOUND,4.0,0.355447,2.0,mapped_network,mapped_network,inrix_reference_speed,Weekday,0,PM,0.0,17.5,23.75,24.0,1440.0,31.5,45.0,24.960434782608697,27.31273974949416,14134.000591756518,1.0,0.25,2327.377518390914,2327.377518390914,15.0,19.0,15.0,19.0,4.0,episode_period_overlap_over_period_total,4.0,2400.0,5.8891669132318825,episode_demand_over_period_capacity,True,True,600.0,591.341716689365,375.0,True,True,0.2619972478182861,6029.654760728397,recurring
corridor-c4e6c47cd4294585a0a0ecc2902e9e12,state_transition__VA244_EB::110+10945__Weekday__0003,state_transition,multiday_average,VA244_EB::110+10945,110+10945,VA244_EB,15,34144,36125,34088,202.0,mapped_primary_link,EASTBOUND,6.0,0.367339,2.0,mapped_network,mapped_network,inrix_reference_speed,Weekday,0,PM,0.0,17.25,23.75,24.0,1440.0,31.5,45.0,21.561304347826088,25.07611441766265,18380.20254660828,1.0,0.25,2976.6981679906644,2976.6981679906644,15.0,19.0,15.0,19.0,4.0,episode_period_overlap_over_period_total,4.0,3200.0,5.743813295815088,episode_demand_over_period_capacity,True,True,800.0,772.4800700183744,390.0,True,True,0.460950575709302,9250.395238565776,recurring
corridor-c4e6c47cd4294585a0a0ecc2902e9e12,state_transition__VA244_EB::110+10946__Weekday__0004,state_transition,multiday_average,VA244_EB::110+10946,110+10946,VA244_EB,14,26103,30151,30582,202.0,mapped_primary_link,EASTBOUND,7.0,0.697366,2.0,mapped_network,mapped_network,inrix_reference_speed,Weekday,0,PM,0.0,18.75,23.75,24.0,1440.0,31.5,45.0,19.425,22.11208472143798,17787.26592306975,1.0,0.25,2871.017478394874,2871.017478394874,15.0,19.0,15.0,19.0,4.0,episode_period_overlap_over_period_total,4.0,3200.0,5.558520600959297,episode_demand_over_period_capacity,True,True,800.0,741.302070321964,300.0,True,True,0.6216216216216215,12673.68562605872,recurring
corridor-c4e6c47cd4294585a0a0ecc2902e9e12,state_transition__VA244_EB::110+10947__Weekday__0005,state_transition,multiday_average,VA244_EB::110+10947,110+10947,VA244_EB,13,27214,30577,30576,202.0,mapped_primary_link,EASTBOUND,8.0,0.479541,2.0,mapped_network,mapped_network,inrix_reference_speed,Weekday,0,PM,0.0,15.5,23.75,24.0,1440.0,31.5,45.0,20.715454545454545,22.623537137668254,17922.604359259312,1.0,0.25,2949.4955498056893,2949.4955498056893,15.0,19.0,15.0,19.0,4.0,episode_period_overlap_over_period_total,4.0,3200.0,5.600813862268535,episode_demand_over_period_capacity,True,True,800.0,744.9265437407124,495.0,True,True,0.520603853074121,12515.812635887753,recurring
corridor-c4e6c47cd4294585a0a0ecc2902e9e12,state_transition__VA244_EB::110+10948__Weekday__0006,state_transition,multiday_average,VA244_EB::110+10948,110+10948,VA244_EB,12,27205,30574,30154,202.0,mapped_primary_link,EASTBOUND,10.0,0.522204,2.0,mapped_network,mapped_network,inrix_reference_speed,Weekday,0,MD,0.25,14.0,23.75,23.75,1425.0,31.5,45.0,20.190217391304348,21.782562357414843,17537.97454387911,1.0,0.1666666666666666,4393.921857395153,4393.921857395153,9.0,15.0,9.0,15.0,6.0,episode_period_overlap_over_period_total,6.0,4800.0,3.6537446966414815,episode_demand_over_period_capacity,True,True,800.0,734.0805920585243,585.0,True,True,0.5601615074024224,13264.302382128735,recurring
corridor-c4e6c47cd4294585a0a0ecc2902e9e12,state_transition__VA244_EB::110+10949__Weekday__0007,state_transition,multiday_average,VA244_EB::110+10949,110+10949,VA244_EB,11,26110,30153,30155,202.0,mapped_primary_link,EASTBOUND,12.0,0.282346,2.0,mapped_network,mapped_network,inrix_reference_speed,Weekday,0,MD,0.0,12.25,23.75,24.0,1440.0,31.5,45.0,15.777608695652171,17.908924965629833,16469.091218059315,1.0,0.1666666666666666,4033.084977011064,4033.084977011064,9.0,15.0,9.0,15.0,6.0,episode_period_overlap_over_period_total,6.0,4800.0,3.431060670429024,episode_demand_over_period_capacity,True,True,800.0,667.5432835538404,690.0,True,True,0.9965002686801604,18755.683547430825,recurring
corridor-c4e6c47cd4294585a0a0ecc2902e9e12,state_transition__VA244_EB::110+10950__Weekday__0008,state_transition,multiday_average,VA244_EB::110+10950,110+10950,VA244_EB,18,26218,30184,30157,202.0,mapped_primary_link,EASTBOUND,13.0,0.690635,2.0,mapped_network,mapped_network,inrix_reference_speed,Weekday,0,PM,0.0,15.25,23.75,24.0,1440.0,31.5,45.0,13.786521739130434,16.312031931889532,15829.140935369362,1.0,0.25,2540.5000409313325,2540.5000409313325,15.0,19.0,15.0,19.0,4.0,episode_period_overlap_over_period_total,4.0,3200.0,4.946606542302925,episode_demand_over_period_capacity,True,True,800.0,654.8663877725028,510.0,True,True,1.284840266170488,21870.67401807907,severe
corridor-c4e6c47cd4294585a0a0ecc2902e9e12,state_transition__VA244_EB::110+10951__Weekday__0009,state_transition,multiday_average,VA244_EB::110+10951,110+10951,VA244_EB,17,26849,30460,30538,202.0,mapped_primary_link,EASTBOUND,15.0,0.536413,2.0,mapped_network,mapped_network,inrix_reference_speed,Weekday,0,MD,0.0,11.5,23.75,24.0,1440.0,31.5,45.0,19.22090909090909,21.56013938380809,17653.837356800723,1.0,0.1666666666666666,4319.248805264779,4319.248805264779,9.0,15.0,9.0,15.0,6.0,episode_period_overlap_over_period_total,6.0,4800.0,3.6778827826668175,episode_demand_over_period_capacity,True,True,800.0,744.0576650014909,705.0,True,True,0.6388402781062288,14015.203468830585,recurring
corridor-c4e6c47cd4294585a0a0ecc2902e9e12,state_transition__VA244_EB::110+10952__Weekday__0010,state_transition,multiday_average,VA244_EB::110+10952,110+10952,VA244_EB,16,26537,30294,30533,102.0,mapped_primary_link,EASTBOUND,17.0,0.05333,2.0,mapped_network,mapped_network,inrix_reference_speed,Weekday,0,MD,0.0,10.5,23.75,24.0,1440.0,31.5,45.0,18.651304347826088,22.827353116765483,13466.027118823387,1.0,0.1666666666666666,3267.444650231569,3267.444650231569,9.0,15.0,9.0,15.0,6.0,episode_period_overlap_over_period_total,6.0,3600.0,3.740563088562052,episode_demand_over_period_capacity,True,True,600.0,568.8214976256629,795.0,True,True,0.6888899249382252,12488.611511857704,recurring
corridor-c4e6c47cd4294585a0a0ecc2902e9e12,state_transition__VA244_EB::110+13705__Weekday__0011,state_transition,multiday_average,VA244_EB::110+13705,110+13705,VA244_EB,7,34309,36180,34058,302.0,mapped_primary_link,EASTBOUND,1.5,0.489565,2.0,mapped_network,mapped_network,inrix_reference_speed,Weekday,0,PM,0.0,17.75,23.75,24.0,1440.0,31.5,45.0,19.413695652173917,23.49306014753055,21674.816706859983,1.0,0.25,3462.654682990139,3462.654682990139,15.0,19.0,15.0,19.0,4.0,episode_period_overlap_over_period_total,4.0,3840.0,5.644483517411454,episode_demand_over_period_capacity,True,True,960.0,913.854647202993,360.0,True,True,0.6225658712473263,11289.785191981926,recurring
corridor-c4e6c47cd4294585a0a0ecc2902e9e12,state_transition__VA244_EB::110P10950__Weekday__0012,state_transition,multiday_average,VA244_EB::110P10950,110P10950,VA244_EB,5,26853,30462,30460,202.0,mapped_primary_link,EASTBOUND,14.0,0.127498,2.0,mapped_network,mapped_network,inrix_reference_speed,Weekday,0,PM,0.0,17.0,23.75,24.0,1440.0,31.5,45.0,15.784130434782607,17.763110341560537,16400.92548301495,1.0,0.25,2674.3379158097614,2674.3379158097614,15.0,19.0,15.0,19.0,4.0,episode_period_overlap_over_period_total,4.0,3200.0,5.125289213442172,episode_demand_over_period_capacity,True,True,800.0,685.7269104803912,405.0,True,True,0.9956753481069318,19781.12110815282,recurring
corridor-c4e6c47cd4294585a0a0ecc2902e9e12,state_transition__VA244_EB::110P10952__Weekday__0013,state_transition,multiday_average,VA244_EB::110P10952,110P10952,VA244_EB,4,27077,30533,30459,102.0,mapped_primary_link,EASTBOUND,18.0,0.25861,2.0,mapped_network,mapped_network,inrix_reference_speed,Weekday,0,MD,0.0,10.25,23.75,24.0,1440.0,31.5,45.0,16.829347826086956,18.789558369210795,12591.530039287914,1.0,0.1666666666666666,3039.039674427981,3039.039674427981,9.0,15.0,9.0,15.0,6.0,episode_period_overlap_over_period_total,6.0,3600.0,3.497647233135532,episode_demand_over_period_capacity,True,True,600.0,531.9105239665413,810.0,True,True,0.8717302848285216,18303.035948336452,recurring
corridor-c4e6c47cd4294585a0a0ecc2902e9e12,state_transition__VA244_EB::110P18847__Weekday__0014,state_transition,multiday_average,VA244_EB::110P18847,110P18847,VA244_EB,6,28822,34059,36232,303.0,mapped_primary_link,EASTBOUND,1.5,0.017674,2.0,mapped_network,mapped_network,inrix_reference_speed,Weekday,0,MD,0.0,13.25,23.75,24.0,1440.0,31.5,45.0,24.205652173913045,26.604146873133168,16397.589927590172,1.0,0.1666666666666666,4060.93873390736,4060.93873390736,9.0,15.0,9.0,15.0,6.0,episode_period_overlap_over_period_total,6.0,4200.0,3.90418807799766,episode_demand_over_period_capacity,True,True,700.0,677.1475307399664,600.0,True,True,0.3013489483232445,6756.277315076222,recurring
corridor-64eb99fb745d45aeb8c9cc2946a581a1,state_transition__VA244_WB::110-10943__Weekday__0001,state_transition,multiday_average,VA244_WB::110-10943,110-10943,VA244_WB,10,34161,36131,34085,202.0,mapped_primary_link,WESTBOUND,14.0,1.418014,2.0,mapped_network,mapped_network,inrix_reference_speed,Weekday,0,PM,4.75,17.25,23.25,18.75,1125.0,31.5,45.0,20.72869565217391,27.436118050065875,14643.24682309256,1.0,0.25,2993.1950338643974,2993.1950338643974,15.0,19.0,15.0,19.0,4.0,episode_period_overlap_over_period_total,4.0,3200.0,4.576014632216425,episode_demand_over_period_capacity,True,True,800.0,794.3927749185706,345.0,True,True,0.51963251950667,4579.315019762842,recurring
corridor-64eb99fb745d45aeb8c9cc2946a581a1,state_transition__VA244_WB::110-10944__Weekday__0002,state_transition,multiday_average,VA244_WB::110-10944,110-10944,VA244_WB,9,28926,34088,36125,202.0,mapped_primary_link,WESTBOUND,12.0,0.393649,2.0,mapped_network,mapped_network,inrix_reference_speed,Weekday,0,PM,0.0,15.25,23.75,24.0,1440.0,31.5,45.0,22.96521739130435,26.07259351290386,18583.680939820988,1.0,0.25,3029.794580417769,3029.794580417769,15.0,19.0,15.0,19.0,4.0,episode_period_overlap_over_period_total,4.0,3200.0,5.807400293694059,episode_demand_over_period_capacity,True,True,800.0,768.4961117700034,510.0,True,True,0.3716395304808781,7815.465341418437,recurring
corridor-64eb99fb745d45aeb8c9cc2946a581a1,state_transition__VA244_WB::110-10946__Weekday__0004,state_transition,multiday_average,VA244_WB::110-10946,110-10946,VA244_WB,11,27212,30576,30577,202.0,mapped_primary_link,WESTBOUND,10.0,0.479541,2.0,mapped_network,mapped_network,inrix_reference_speed,Weekday,0,PM,0.0,15.25,23.75,24.0,1440.0,31.5,45.0,19.362826086956524,21.956768855105786,17757.410390134795,1.0,0.25,2910.792149146031,2910.792149146031,15.0,19.0,15.0,19.0,4.0,episode_period_overlap_over_period_total,4.0,3200.0,5.549190746917123,episode_demand_over_period_capacity,True,True,800.0,740.3891027122332,510.0,True,True,0.6268286384712971,13455.955914300845,recurring
corridor-64eb99fb745d45aeb8c9cc2946a581a1,state_transition__VA244_WB::110-10947__Weekday__0005,state_transition,multiday_average,VA244_WB::110-10947,110-10947,VA244_WB,5,26115,30154,30574,202.0,mapped_primary_link,WESTBOUND,8.0,0.522204,2.0,mapped_network,mapped_network,inrix_reference_speed,Weekday,0,PM,0.0,16.5,23.75,24.0,1440.0,31.5,45.0,19.039782608695653,21.40938929032169,17598.95344772556,1.0,0.25,2850.253023830911,2850.253023830911,15.0,19.0,15.0,19.0,4.0,episode_period_overlap_over_period_total,4.0,3200.0,5.499672952414237,episode_demand_over_period_capacity,True,True,800.0,735.9295157252802,435.0,True,True,0.6544306543507299,14530.479421936754,recurring
corridor-64eb99fb745d45aeb8c9cc2946a581a1,state_transition__VA244_WB::110-10949__Weekday__0006,state_transition,multiday_average,VA244_WB::110-10949,110-10949,VA244_WB,8,26123,30157,30184,202.0,mapped_primary_link,WESTBOUND,5.0,0.690635,2.0,mapped_network,mapped_network,inrix_reference_speed,Weekday,0,PM,0.0,17.0,23.75,24.0,1440.0,31.5,45.0,12.484347826086957,15.646649364626205,15556.560636797738,1.0,0.25,2417.758450324244,2417.758450324244,15.0,19.0,15.0,19.0,4.0,episode_period_overlap_over_period_total,4.0,3200.0,4.861425198999293,episode_demand_over_period_capacity,True,True,800.0,652.197554573803,405.0,True,True,1.5231594344222326,22828.82491493826,severe
corridor-64eb99fb745d45aeb8c9cc2946a581a1,state_transition__VA244_WB::110-13705__Weekday__0008,state_transition,multiday_average,VA244_WB::110-13705,110-13705,VA244_WB,16,28806,34054,36171,302.0,mapped_primary_link,WESTBOUND,16.0,0.844839,2.0,mapped_network,mapped_network,inrix_reference_speed,Weekday,0,PM,8.25,17.25,20.0,12.0,720.0,31.5,45.0,28.22826086956522,29.695489071616787,11429.653764137423,1.0,0.25,3811.532995892546,3811.532995892546,15.0,19.0,15.0,19.0,4.0,episode_period_overlap_over_period_total,4.0,3840.0,2.9764723344107877,episode_demand_over_period_capacity,True,True,960.0,956.52348117826,150.0,True,True,0.1159029649595686,1314.0826510446054,recurring
corridor-64eb99fb745d45aeb8c9cc2946a581a1,state_transition__VA244_WB::110-13706__Weekday__0009,state_transition,multiday_average,VA244_WB::110-13706,110-13706,VA244_WB,15,34289,36173,36175,402.0,mapped_primary_link,WESTBOUND,15.0,1.135178,2.0,mapped_network,mapped_network,inrix_reference_speed,Weekday,0,PM,7.0,16.25,20.5,13.75,825.0,31.5,45.0,26.58021739130435,29.22197826086957,13080.23100254452,1.0,0.25,3791.329379760473,3791.329379760473,15.0,19.0,15.0,19.0,4.0,episode_period_overlap_over_period_total,4.0,3840.0,3.406310156912635,episode_demand_over_period_capacity,True,True,960.0,953.6278835261572,240.0,True,True,0.1850918875593976,1888.103804347823,recurring
corridor-64eb99fb745d45aeb8c9cc2946a581a1,state_transition__VA244_WB::110-18847__Weekday__0010,state_transition,multiday_average,VA244_WB::110-18847,110-18847,VA244_WB,14,34311,36180,36232,302.0,mapped_primary_link,WESTBOUND,16.5,0.474956,2.0,mapped_network,mapped_network,inrix_reference_speed,Weekday,0,PM,0.0,17.0,23.75,24.0,1440.0,31.5,45.0,17.803260869565218,21.90121422456177,21249.64230954434,1.0,0.25,3373.9278716716826,3373.9278716716826,15.0,19.0,15.0,19.0,4.0,episode_period_overlap_over_period_total,4.0,3840.0,5.533761018110505,episode_demand_over_period_capacity,True,True,960.0,890.9162425948324,405.0,True,True,0.7693387874717623,13822.251516631057,recurring
corridor-64eb99fb745d45aeb8c9cc2946a581a1,state_transition__VA244_WB::110N10950__Weekday__0011,state_transition,multiday_average,VA244_WB::110N10950,110N10950,VA244_WB,20,26847,30460,30462,202.0,mapped_primary_link,WESTBOUND,4.0,0.127498,2.0,mapped_network,mapped_network,inrix_reference_speed,Weekday,0,PM,0.0,17.75,23.75,24.0,1440.0,31.5,45.0,11.718913043478262,15.769163246320996,15552.277511518298,1.0,0.25,2369.923881410301,2369.923881410301,15.0,19.0,15.0,19.0,4.0,episode_period_overlap_over_period_total,4.0,3200.0,4.860086722349468,episode_demand_over_period_capacity,True,True,800.0,661.94732911025,360.0,True,True,1.6879626022594465,22180.47982268739,severe
corridor-64eb99fb745d45aeb8c9cc2946a581a1,state_transition__VA244_WB::110N18846__Weekday__0012,state_transition,multiday_average,VA244_WB::110N18846,110N18846,VA244_WB,6,34460,36232,34059,303.0,mapped_primary_link,WESTBOUND,16.5,0.027565,2.0,mapped_network,mapped_network,inrix_reference_speed,Weekday,0,PM,0.0,17.75,23.75,24.0,1440.0,31.5,45.0,9.915652173913044,12.91160484128348,12404.314606381276,1.0,0.25,1893.2795325160507,1893.2795325160507,15.0,19.0,15.0,19.0,4.0,episode_period_overlap_over_period_total,4.0,2800.0,4.430112359421884,episode_demand_over_period_capacity,True,True,700.0,515.7409233062399,330.0,True,True,2.176795580110497,25651.98531902879,severe
corridor-31855a9c35604e0a9d8e303ba5d5dd26,state_transition__VA253_NB::110+13223__Weekday__0001,state_transition,multiday_average,VA253_NB::110+13223,110+13223,VA253_NB,3,40627,40887,40034,403.0,mapped_primary_link,NORTHBOUND,2.0,0.344887,2.0,mapped_network,mapped_network,inrix_reference_speed,Weekday,0,AM,0.0,7.25,23.75,24.0,1440.0,31.5,45.0,20.551739130434783,23.487713840167984,19019.58520157245,1.0,0.3333333333333333,2328.7340414331607,2328.7340414331607,6.0,9.0,6.0,9.0,3.0,episode_period_overlap_over_period_total,3.0,2520.0,7.547454445068434,episode_demand_over_period_capacity,True,True,840.0,790.6728419581254,990.0,True,True,0.53271700268675,11537.692070158098,recurring
corridor-31855a9c35604e0a9d8e303ba5d5dd26,state_transition__VA253_NB::110+13224__Weekday__0002,state_transition,multiday_average,VA253_NB::110+13224,110+13224,VA253_NB,4,38238,40034,40721,203.0,mapped_primary_link,NORTHBOUND,3.0,0.776834,2.0,mapped_network,mapped_network,inrix_reference_speed,Weekday,0,PM,0.0,16.25,23.75,24.0,1440.0,31.5,45.0,23.882608695652173,25.562082330976693,13920.492419305769,1.0,0.25,2304.5288945837965,2304.5288945837965,15.0,19.0,15.0,19.0,4.0,episode_period_overlap_over_period_total,4.0,2400.0,5.800205174710737,episode_demand_over_period_capacity,True,True,600.0,585.9571308858702,450.0,True,True,0.3189513926815945,8550.601443393558,recurring
corridor-31855a9c35604e0a9d8e303ba5d5dd26,state_transition__VA253_NB::110P13224__Weekday__0003,state_transition,multiday_average,VA253_NB::110P13224,110P13224,VA253_NB,2,39795,40610,40037,203.0,mapped_primary_link,NORTHBOUND,4.0,0.055715,2.0,mapped_network,mapped_network,inrix_reference_speed,Weekday,0,AM,0.0,7.5,23.75,24.0,1440.0,31.5,45.0,12.838043478260868,15.23177593047563,11505.996937545442,1.0,0.3333333333333333,1376.9713205528274,1376.9713205528274,6.0,9.0,6.0,9.0,3.0,episode_period_overlap_over_period_total,3.0,1800.0,6.3922205208585785,episode_demand_over_period_capacity,True,True,600.0,465.598532397088,975.0,True,True,1.4536449072898143,22938.19593802936,severe
corridor-da8ce8b6b4d34914ad281cc98541fffe,state_transition__VA253_SB::110-13222__Weekday__0001,state_transition,multiday_average,VA253_SB::110-13222,110-13222,VA253_SB,1,38239,40034,40887,403.0,mapped_primary_link,SOUTHBOUND,3.0,0.344887,2.0,mapped_network,mapped_network,inrix_reference_speed,Weekday,0,PM,0.0,17.25,23.75,24.0,1440.0,31.5,45.0,20.488478260869567,22.700604150898435,18772.96301870808,1.0,0.25,3098.4849643497205,3098.4849643497205,15.0,19.0,15.0,19.0,4.0,episode_period_overlap_over_period_total,4.0,3360.0,5.587191374615499,episode_demand_over_period_capacity,True,True,840.0,779.6573743805902,390.0,True,True,0.5374494678875716,12407.148147233198,recurring
corridor-da8ce8b6b4d34914ad281cc98541fffe,state_transition__VA253_SB::110N13224__Weekday__0002,state_transition,multiday_average,VA253_SB::110N13224,110N13224,VA253_SB,4,40612,40883,40037,203.0,mapped_primary_link,SOUTHBOUND,1.0,0.055715,1.0,mapped_network,mapped_network,inrix_reference_speed,Weekday,0,PM,0.0,16.5,23.75,24.0,1440.0,31.5,45.0,14.080909090909092,17.8624526182702,12258.632535996529,1.0,0.25,1920.0228431492328,1920.0228431492328,15.0,19.0,15.0,19.0,4.0,episode_period_overlap_over_period_total,4.0,2400.0,5.107763556665219,episode_demand_over_period_capacity,True,True,600.0,494.7064063484215,405.0,True,True,1.237071470075537,18819.81538678712,severe
corridor-79268bf1cced4f73b5455ad595a3d0d8,state_transition__VA267_WB::110P17099__Weekday__0001,state_transition,multiday_average,VA267_WB::110P17099,110P17099,VA267_WB,2,36688,38302,38304,301.0,mapped_primary_link,WESTBOUND,39.0,0.470238,3.0,mapped_network,mapped_network,inrix_reference_speed,Weekday,0,PM,15.25,16.75,18.25,3.25,195.0,48.5821,69.403,35.642380952380954,47.1039452938366,5195.722246340499,0.786208711663008,0.3179817220178009,4878.395686852143,6204.9626447578285,15.25,18.25,15.0,19.0,4.0,episode_period_overlap_over_period_total,4.0,8000.0,0.6494652807925624,episode_demand_over_period_capacity,True,True,2000.0,1656.813455552934,45.0,True,True,0.363043060027522,993.4905016939588,recurring
corridor-2c5095403b28455ea76c7f16ac4ff575,state_transition__VA27_NB::110+05667__Weekday__0002,state_transition,multiday_average,VA27_NB::110+05667,110+05667,VA27_NB,9,26243,30192,30366,301.0,mapped_primary_link,NORTHBOUND,11.0,0.084668,2.0,mapped_network,mapped_network,inrix_reference_speed,Weekday,0,AM,7.25,8.25,9.5,2.5,150.0,37.2351,53.193000000000005,24.23659090909091,31.263672924901183,4188.062319090739,0.5677960089348856,0.5870652982549579,2945.890329036012,5188.289953925768,7.25,9.0,6.0,9.0,3.0,episode_period_overlap_over_period_total,3.0,6000.0,0.6980103865151231,episode_demand_over_period_capacity,True,True,2000.0,1566.4595548815587,60.0,True,True,0.5363175514108083,1007.079539525692,recurring
corridor-2c5095403b28455ea76c7f16ac4ff575,state_transition__VA27_NB::110P05667__Weekday__0003,state_transition,multiday_average,VA27_NB::110P05667,110P05667,VA27_NB,1,26717,30366,21400,301.0,mapped_primary_link,NORTHBOUND,12.0,0.157093,2.0,mapped_network,mapped_network,inrix_reference_speed,Weekday,0,AM,7.25,8.75,9.5,2.5,150.0,37.50634999999999,53.5805,21.98391304347826,30.31372049689441,4034.866923093919,0.5717096832280947,0.5830465061413759,2815.1745399439706,4924.133039077461,7.25,9.0,6.0,9.0,3.0,episode_period_overlap_over_period_total,3.0,6000.0,0.6724778205156532,episode_demand_over_period_capacity,True,True,2000.0,1611.307008610449,30.0,True,True,0.7060816209481238,1234.7453850931668,recurring
corridor-def96009cbcc4f8592c9180f8dda1fdf,state_transition__VA27_SB::110-05661__Weekday__0001,state_transition,multiday_average,VA27_SB::110-05661,110-05661,VA27_SB,1,26090,30146,30332,202.0,mapped_primary_link,SOUTHBOUND,11.0,0.107574,2.0,mapped_network,mapped_network,inrix_reference_speed,Weekday,0,AM,7.25,8.0,8.75,1.75,105.0,32.69595,46.7085,31.556956521739128,32.80116459627329,1369.7685442549514,0.5251825424525188,0.63469994980549,1173.380200439179,2234.233062964508,7.25,8.75,6.0,9.0,3.0,episode_period_overlap_over_period_total,3.0,2400.0,0.5707368934395631,episode_demand_over_period_capacity,True,True,800.0,776.8317706474213,30.0,True,True,0.0360932613218334,53.417445652173576,recurring
corridor-def96009cbcc4f8592c9180f8dda1fdf,state_transition__VA27_SB::110N05661__Weekday__0005,state_transition,multiday_average,VA27_SB::110N05661,110N05661,VA27_SB,13,26650,30332,30330,202.0,mapped_primary_link,SOUTHBOUND,12.0,0.117315,2.0,mapped_network,mapped_network,inrix_reference_speed,Weekday,0,PM,15.25,17.25,18.25,3.25,195.0,31.5,45.0,27.507608695652173,29.5102534965035,2520.0542334476536,0.7467124591503096,0.3348008954939323,2323.767123668378,3111.9972556941293,15.25,18.25,15.0,19.0,4.0,episode_period_overlap_over_period_total,4.0,3200.0,0.7875169479523918,episode_demand_over_period_capacity,True,True,800.0,765.7978554406432,45.0,True,True,0.1451377089342869,402.14622035573046,recurring
corridor-9a8078fde94d4d008c80e4966104ae68,state_transition__VA286_NB::110+05610__Weekday__0003,state_transition,multiday_average,VA286_NB::110+05610,110+05610,VA286_NB,37,35149,36452,36486,405.0,mapped_primary_link,NORTHBOUND,12.0,0.657021,2.0,mapped_network,mapped_network,inrix_reference_speed,Weekday,0,PM,15.75,16.5,17.75,2.25,135.0,33.33225,47.61750000000001,29.362391304347828,32.58905522617479,3020.6360368149503,0.4981207002695181,0.5018863899145981,2681.2198156359204,5382.6709353479855,15.75,17.75,15.0,19.0,4.0,episode_period_overlap_over_period_total,4.0,5600.0,0.539399292288384,episode_demand_over_period_capacity,True,True,1400.0,1335.3089765217023,60.0,True,True,0.1352021589285317,166.91596837944698,recurring
corridor-9a8078fde94d4d008c80e4966104ae68,state_transition__VA286_NB::110+05612__Weekday__0004,state_transition,multiday_average,VA286_NB::110+05612,110+05612,VA286_NB,35,29499,34268,34267,405.0,mapped_primary_link,NORTHBOUND,14.0,0.658372,2.0,mapped_network,mapped_network,inrix_reference_speed,Weekday,0,AM,7.25,8.0,10.0,3.0,180.0,38.626,55.18,30.34113636363636,36.254092144268775,3866.590152114836,0.606395030098237,0.5496966775590703,2211.9763430658318,3647.748139867649,7.25,9.0,6.0,9.0,3.0,episode_period_overlap_over_period_total,3.0,4200.0,0.9206167028844848,episode_demand_over_period_capacity,True,True,1400.0,1276.218850489571,75.0,True,True,0.2730571306581972,569.2448270750984,recurring
corridor-9a8078fde94d4d008c80e4966104ae68,state_transition__VA286_NB::110+05613__Weekday__0006,state_transition,multiday_average,VA286_NB::110+05613,110+05613,VA286_NB,31,29495,34267,34287,405.0,mapped_primary_link,NORTHBOUND,16.0,0.472935,2.0,mapped_network,mapped_network,inrix_reference_speed,Weekday,0,AM,7.25,7.5,8.25,1.25,75.0,36.4,52.0,35.80704545454545,36.89035276679842,1684.6754419529648,0.3481378200399455,0.9574752128197004,1350.2301367653454,3878.435662664916,7.25,8.25,6.0,9.0,3.0,episode_period_overlap_over_period_total,3.0,4200.0,0.4011132004649916,episode_demand_over_period_capacity,True,True,1400.0,1347.2913401664496,30.0,True,True,0.0165597171709479,16.408325098814167,recurring
corridor-9a8078fde94d4d008c80e4966104ae68,state_transition__VA286_NB::110+05616__Weekday__0008,state_transition,multiday_average,VA286_NB::110+05616,110+05616,VA286_NB,28,28855,34068,34403,505.0,mapped_primary_link,NORTHBOUND,21.0,1.830335,2.0,mapped_network,mapped_network,inrix_reference_speed,Weekday,0,AM,7.0,8.0,9.5,2.75,165.0,38.206,54.58,25.42136363636364,31.68198167445203,4085.13265224969,0.6702331495342608,0.4973393714783636,2952.382017360152,4405.007450633762,7.0,9.0,6.0,9.0,3.0,episode_period_overlap_over_period_total,3.0,4800.0,0.8510693025520188,episode_demand_over_period_capacity,True,True,1600.0,1447.6287100949503,75.0,True,True,0.5029091494269313,1120.4894466403157,recurring
corridor-9a8078fde94d4d008c80e4966104ae68,state_transition__VA286_NB::110+05622__Weekday__0009,state_transition,multiday_average,VA286_NB::110+05622,110+05622,VA286_NB,56,32241,35272,35244,305.0,mapped_primary_link,NORTHBOUND,32.0,0.322145,3.0,mapped_network,mapped_network,inrix_reference_speed,Weekday,0,AM,7.5,8.25,9.0,1.75,105.0,36.141,51.63,33.18326086956522,35.375962732919255,2078.50704851967,0.519586257889442,0.6415360842823913,1784.009303999177,3433.519029632959,7.5,9.0,6.0,9.0,3.0,episode_period_overlap_over_period_total,3.0,3600.0,0.5773630690332417,episode_demand_over_period_capacity,True,True,1200.0,1191.654843453929,30.0,True,True,0.0891334682887521,133.1282608695652,recurring
corridor-9a8078fde94d4d008c80e4966104ae68,state_transition__VA286_NB::110+05627__Weekday__0012,state_transition,multiday_average,VA286_NB::110+05627,110+05627,VA286_NB,49,32247,35274,35275,205.0,mapped_primary_link,NORTHBOUND,37.0,0.703011,2.0,mapped_network,mapped_network,inrix_reference_speed,Weekday,0,PM,15.25,17.5,18.5,3.5,210.0,35.46445000000001,50.66350000000001,32.383043478260866,34.55353896103896,4169.641306497426,0.8125320371744424,0.307680175749584,3871.143733934191,4764.296737635091,15.25,18.5,15.0,19.0,4.0,episode_period_overlap_over_period_total,4.0,4800.0,0.8686752721869637,episode_demand_over_period_capacity,True,True,1200.0,1193.573227964445,45.0,True,True,0.0951549388434638,201.6213557312265,recurring
corridor-9a8078fde94d4d008c80e4966104ae68,state_transition__VA286_NB::110P05614__Weekday__0014,state_transition,multiday_average,VA286_NB::110P05614,110P05614,VA286_NB,18,32874,35710,35712,505.0,mapped_primary_link,NORTHBOUND,18.0,0.454057,2.0,mapped_network,mapped_network,inrix_reference_speed,Weekday,0,MD,9.5,10.5,11.25,2.0,120.0,37.36355,53.3765,35.88282608695652,37.87984519104084,2787.5216367999938,0.2907180390028085,0.5732931717562133,2431.8650389795,8365.029728877627,9.5,11.25,9.0,15.0,6.0,episode_period_overlap_over_period_total,6.0,9600.0,0.290366837166666,episode_demand_over_period_capacity,True,True,1600.0,1398.9867223162262,30.0,True,True,0.041265532136604,61.730193675889176,recurring
corridor-9a8078fde94d4d008c80e4966104ae68,state_transition__VA286_NB::110P05629__Weekday__0016,state_transition,multiday_average,VA286_NB::110P05629,110P05629,VA286_NB,1,32276,35286,34566,105.0,mapped_primary_link,NORTHBOUND,42.0,0.260751,3.0,mapped_network,mapped_network,inrix_reference_speed,Weekday,0,AM,7.5,8.0,9.5,2.25,135.0,33.4453,47.779,31.65891304347826,32.747395696091345,2454.29570021585,0.5163160620484034,0.645599387342097,1634.7315226715382,3166.145008516675,7.5,9.0,6.0,9.0,3.0,episode_period_overlap_over_period_total,3.0,3300.0,0.7437259697623788,episode_demand_over_period_capacity,True,True,1100.0,1091.7991208328217,75.0,True,True,0.0564260356654831,125.66242885375448,recurring
corridor-72e25ac51d1a4cb6bcefdb7f88fde1aa,state_transition__VA286_SB::110-05609__Weekday__0004,state_transition,multiday_average,VA286_SB::110-05609,110-05609,VA286_SB,29,35252,36486,36452,405.0,mapped_primary_link,SOUTHBOUND,37.0,0.662447,2.0,mapped_network,mapped_network,inrix_reference_speed,Weekday,0,PM,14.0,17.25,20.0,6.25,375.0,35.0105,50.015,31.260652173913044,33.85921528613164,8687.888793466362,1.0,0.25,5555.957989727722,5555.957989727722,15.0,19.0,15.0,19.0,4.0,episode_period_overlap_over_period_total,4.0,5600.0,1.551408713118993,episode_demand_over_period_capacity,True,True,1400.0,1389.3239083105289,135.0,True,True,0.1199542416845735,430.0854100790512,recurring
corridor-72e25ac51d1a4cb6bcefdb7f88fde1aa,state_transition__VA286_SB::110-05611__Weekday__0006,state_transition,multiday_average,VA286_SB::110-05611,110-05611,VA286_SB,18,29494,34267,34268,405.0,mapped_primary_link,SOUTHBOUND,35.0,0.711292,2.0,mapped_network,mapped_network,inrix_reference_speed,Weekday,0,PM,14.5,17.75,19.0,4.75,285.0,37.88645,54.1235,31.488695652173917,34.13571262497094,6495.854207747253,1.0,0.25,5461.09954862698,5461.09954862698,15.0,19.0,15.0,19.0,4.0,episode_period_overlap_over_period_total,4.0,5600.0,1.1599739656691523,episode_demand_over_period_capacity,True,True,1400.0,1383.1274439331723,60.0,True,True,0.2031762261128906,1012.56300889328,recurring
corridor-72e25ac51d1a4cb6bcefdb7f88fde1aa,state_transition__VA286_SB::110-05612__Weekday__0007,state_transition,multiday_average,VA286_SB::110-05612,110-05612,VA286_SB,17,29559,34287,34267,405.0,mapped_primary_link,SOUTHBOUND,33.0,0.410735,2.0,mapped_network,mapped_network,inrix_reference_speed,Weekday,0,PM,14.0,17.5,18.25,4.5,270.0,37.73174999999999,53.90249999999999,32.22217391304348,36.08606280193237,6172.681559397838,0.8108567141636224,0.3083158782965354,4448.308127443758,5485.936108985757,15.0,18.25,15.0,19.0,4.0,episode_period_overlap_over_period_total,4.0,5600.0,1.1022645641781854,episode_demand_over_period_capacity,True,True,1400.0,1364.5910727527566,30.0,True,True,0.1709871004304353,531.3088043478243,recurring
corridor-72e25ac51d1a4cb6bcefdb7f88fde1aa,state_transition__VA286_SB::110-05616__Weekday__0008,state_transition,multiday_average,VA286_SB::110-05616,110-05616,VA286_SB,23,29806,34359,34403,605.0,mapped_primary_link,SOUTHBOUND,28.0,1.038976,2.0,mapped_network,mapped_network,inrix_reference_speed,Weekday,0,PM,14.25,17.0,18.75,4.75,285.0,37.1,53.0,22.86659090909091,27.404767526523816,6927.88688423061,0.9353206029509394,0.2672880285233204,5400.113650394966,5773.542925663767,15.0,18.75,15.0,19.0,4.0,episode_period_overlap_over_period_total,4.0,6400.0,1.0824823256610328,episode_demand_over_period_capacity,True,True,1600.0,1446.7319392051231,90.0,True,True,0.6224543548050447,2797.171689723319,recurring
corridor-72e25ac51d1a4cb6bcefdb7f88fde1aa,state_transition__VA286_SB::110-05617__Weekday__0009,state_transition,multiday_average,VA286_SB::110-05617,110-05617,VA286_SB,26,29768,34349,34359,305.0,mapped_primary_link,SOUTHBOUND,26.0,0.813194,2.0,mapped_network,mapped_network,inrix_reference_speed,Weekday,0,PM,15.0,17.25,18.25,3.5,210.0,41.72839999999999,59.612,19.399285714285718,30.13811093409696,3521.823905730472,0.8146961192406749,0.3068628830992944,3266.5527681714248,4009.5352009482576,15.0,18.25,15.0,19.0,4.0,episode_period_overlap_over_period_total,4.0,4800.0,0.7337133136938483,episode_demand_over_period_capacity,True,True,1200.0,985.229663594,45.0,True,True,1.151027651975404,2510.176095143985,severe
corridor-72e25ac51d1a4cb6bcefdb7f88fde1aa,state_transition__VA286_SB::110-05618__Weekday__0010,state_transition,multiday_average,VA286_SB::110-05618,110-05618,VA286_SB,25,31810,35074,34349,205.0,mapped_primary_link,SOUTHBOUND,24.0,0.542369,3.0,mapped_network,mapped_network,inrix_reference_speed,Weekday,0,PM,16.25,17.0,17.75,1.75,105.0,37.7664,53.952,33.438478260869566,36.15366812535291,1835.1053290639352,0.3759482446262779,0.6649851504121788,1582.127264928005,4208.364548957434,16.25,17.75,15.0,19.0,4.0,episode_period_overlap_over_period_total,4.0,4800.0,0.3823136102216531,episode_demand_over_period_capacity,True,True,1200.0,1048.2667431904315,30.0,True,True,0.1294293868688114,235.00966897233187,recurring
corridor-72e25ac51d1a4cb6bcefdb7f88fde1aa,state_transition__VA286_SB::110-05624__Weekday__0011,state_transition,multiday_average,VA286_SB::110-05624,110-05624,VA286_SB,10,32169,35249,35202,405.0,mapped_primary_link,SOUTHBOUND,15.0,1.070051,2.0,mapped_network,mapped_network,inrix_reference_speed,Weekday,0,PM,14.75,16.75,18.25,3.75,225.0,36.862,52.66,25.759318181818184,32.748282608695646,4956.314342014404,0.8127198884786652,0.3076090588455715,4279.331740261505,5265.444836439292,15.0,18.25,15.0,19.0,4.0,episode_period_overlap_over_period_total,4.0,5600.0,0.8850561325025722,episode_demand_over_period_capacity,True,True,1400.0,1269.082608589439,75.0,True,True,0.4310161371436634,988.9144565217382,recurring
corridor-72e25ac51d1a4cb6bcefdb7f88fde1aa,state_transition__VA286_SB::110-05626__Weekday__0013,state_transition,multiday_average,VA286_SB::110-05626,110-05626,VA286_SB,14,32251,35275,35274,205.0,mapped_primary_link,SOUTHBOUND,13.0,0.699064,2.0,mapped_network,mapped_network,inrix_reference_speed,Weekday,0,PM,15.0,17.5,18.25,3.5,210.0,34.218625,48.88375,31.72630434782609,33.34084239130436,4174.721778334785,0.8124516347488906,0.3077106246173891,3875.748877744918,4770.436432124135,15.0,18.25,15.0,19.0,4.0,episode_period_overlap_over_period_total,4.0,4800.0,0.8697337038197469,episode_demand_over_period_capacity,True,True,1200.0,1194.3742393458351,30.0,True,True,0.0785569168362554,209.3647010869556,recurring
corridor-72e25ac51d1a4cb6bcefdb7f88fde1aa,state_transition__VA286_SB::110-05627__Weekday__0015,state_transition,multiday_average,VA286_SB::110-05627,110-05627,VA286_SB,13,32279,35287,35275,205.0,mapped_primary_link,SOUTHBOUND,11.0,0.210572,3.0,mapped_network,mapped_network,inrix_reference_speed,Weekday,0,PM,10.25,17.25,19.25,9.25,555.0,31.5,45.0,21.485,27.84701420788377,10783.963925043425,1.0,0.25,4564.908118959676,4564.908118959676,15.0,19.0,15.0,19.0,4.0,episode_period_overlap_over_period_total,4.0,4800.0,2.246659151050713,episode_demand_over_period_capacity,True,True,1200.0,1149.6706287574586,105.0,True,True,0.4661391668606003,2041.8554347826064,recurring
corridor-72e25ac51d1a4cb6bcefdb7f88fde1aa,state_transition__VA286_SB::110-05629__Weekday__0016,state_transition,multiday_average,VA286_SB::110-05629,110-05629,VA286_SB,15,35679,36627,34566,105.0,mapped_primary_link,SOUTHBOUND,7.0,0.311579,3.0,mapped_network,mapped_network,inrix_reference_speed,Weekday,0,AM,7.25,8.0,9.5,2.5,150.0,34.125,48.75,30.59717391304348,32.72684636740072,2716.66638506919,0.601047779203662,0.5545870808722928,1900.202876795168,3161.483899520895,7.25,9.0,6.0,9.0,3.0,episode_period_overlap_over_period_total,3.0,3300.0,0.8232322378997545,episode_demand_over_period_capacity,True,True,1100.0,1087.5893312871988,75.0,True,True,0.1152990827513196,241.73085121400337,recurring
corridor-72e25ac51d1a4cb6bcefdb7f88fde1aa,state_transition__VA286_SB::110-05629__Weekday__0017,state_transition,multiday_average,VA286_SB::110-05629,110-05629,VA286_SB,15,35679,36627,34566,105.0,mapped_primary_link,SOUTHBOUND,7.0,0.311579,3.0,mapped_network,mapped_network,inrix_reference_speed,Weekday,0,PM,14.25,17.5,18.75,4.75,285.0,34.125,48.75,28.72095238095238,32.10486065707748,5147.767326146584,0.9371952614435776,0.266753376041318,4057.155537432543,4329.039746939435,15.0,18.75,15.0,19.0,4.0,episode_period_overlap_over_period_total,4.0,4400.0,1.1699471195787692,episode_demand_over_period_capacity,True,True,1100.0,1086.0684701101914,60.0,True,True,0.1881569784792918,596.3940605590063,recurring
corridor-72e25ac51d1a4cb6bcefdb7f88fde1aa,state_transition__VA286_SB::110N05628__Weekday__0020,state_transition,multiday_average,VA286_SB::110N05628,110N05628,VA286_SB,54,32277,35286,35287,205.0,mapped_primary_link,SOUTHBOUND,10.0,0.285334,3.0,mapped_network,mapped_network,inrix_reference_speed,Weekday,0,PM,12.25,17.75,19.0,7.0,420.0,31.5,45.0,20.17108695652174,27.1384896625114,8019.099523247958,1.0,0.25,4462.549493710578,4462.549493710578,15.0,19.0,15.0,19.0,4.0,episode_period_overlap_over_period_total,4.0,4800.0,1.6706457340099912,episode_demand_over_period_capacity,True,True,1200.0,1169.0458226701269,60.0,True,True,0.5616411781822881,1722.0054841897218,recurring
corridor-72e25ac51d1a4cb6bcefdb7f88fde1aa,state_transition__VA286_SB::110N05629__Weekday__0021,state_transition,multiday_average,VA286_SB::110N05629,110N05629,VA286_SB,56,30498,34566,35286,105.0,mapped_primary_link,SOUTHBOUND,8.0,0.266362,3.0,mapped_network,mapped_network,inrix_reference_speed,Weekday,0,AM,7.5,7.75,9.0,1.75,105.0,33.658100000000005,48.083000000000006,32.37239130434782,33.20278656126482,1917.27212512324,0.509410715124057,0.6543508478265059,1643.569576448729,3226.4134374332307,7.5,9.0,6.0,9.0,3.0,episode_period_overlap_over_period_total,3.0,3300.0,0.5809915530676485,episode_demand_over_period_capacity,True,True,1100.0,1095.9613916347191,60.0,True,True,0.0397162101361199,64.92815217391346,recurring
corridor-72e25ac51d1a4cb6bcefdb7f88fde1aa,state_transition__VA286_SB::110N05629__Weekday__0022,state_transition,multiday_average,VA286_SB::110N05629,110N05629,VA286_SB,56,30498,34566,35286,105.0,mapped_primary_link,SOUTHBOUND,8.0,0.266362,3.0,mapped_network,mapped_network,inrix_reference_speed,Weekday,0,PM,14.25,17.25,18.5,4.5,270.0,33.658100000000005,48.083000000000006,20.626739130434785,29.81516688625384,4741.029383636499,0.8703930291534179,0.287226565041727,3650.599212180208,4194.196288234223,15.0,18.5,15.0,19.0,4.0,episode_period_overlap_over_period_total,4.0,4400.0,1.0775066780992044,episode_demand_over_period_capacity,True,True,1100.0,1010.966231451592,60.0,True,True,0.6317702855095226,1105.170918972333,recurring
corridor-72e25ac51d1a4cb6bcefdb7f88fde1aa,state_transition__VA286_SB::110N18170__Weekday__0023,state_transition,multiday_average,VA286_SB::110N18170,110N18170,VA286_SB,35,29358,34227,35120,302.0,mapped_primary_link,SOUTHBOUND,43.7,0.11462,2.0,mapped_network,mapped_network,inrix_reference_speed,Weekday,0,AM,7.5,8.0,9.5,2.25,135.0,34.3595,49.085,29.31717391304348,32.531330149319274,2077.116601319391,0.5052604284815684,0.6597257860368796,1381.5119593187123,2734.257189842662,7.5,9.0,6.0,9.0,3.0,episode_period_overlap_over_period_total,3.0,2880.0,0.7212210421247885,episode_demand_over_period_capacity,True,True,960.0,920.978119996993,75.0,True,True,0.1719922289205762,277.2861610671934,recurring
corridor-0f8e3fedc46c4806963a32128bc7df66,state_transition__VA287_NB::110+11406__Weekday__0001,state_transition,multiday_average,VA287_NB::110+11406,110+11406,VA287_NB,5,36532,38237,38420,503.0,mapped_primary_link,NORTHBOUND,2.0,0.530177,1.0,mapped_network,mapped_network,inrix_reference_speed,Weekday,0,PM,5.5,16.25,23.75,18.5,1110.0,31.5,45.0,18.46421052631579,25.62554801257783,15947.87386888003,1.0,0.25,3286.8812628610567,3286.8812628610567,15.0,19.0,15.0,19.0,4.0,episode_period_overlap_over_period_total,4.0,3600.0,4.429964963577786,episode_demand_over_period_capacity,True,True,900.0,884.5463597008902,420.0,True,True,0.7060030785017957,6354.576610560489,recurring
corridor-0f8e3fedc46c4806963a32128bc7df66,state_transition__VA287_NB::110P11406__Weekday__0002,state_transition,multiday_average,VA287_NB::110P11406,110P11406,VA287_NB,2,36843,38357,38355,503.0,mapped_primary_link,NORTHBOUND,3.0,0.157286,1.0,mapped_network,mapped_network,inrix_reference_speed,Weekday,0,PM,1.25,15.75,23.75,22.75,1365.0,31.5,45.0,17.757391304347827,25.10408265078026,19398.381268118294,1.0,0.25,3152.56457660274,3152.56457660274,15.0,19.0,15.0,19.0,4.0,episode_period_overlap_over_period_total,4.0,3600.0,5.3884392411439705,episode_demand_over_period_capacity,True,True,900.0,862.8952080247777,465.0,True,True,0.7739092111062138,8551.742843026535,recurring
corridor-0f8e3fedc46c4806963a32128bc7df66,state_transition__VA287_NB::110P11409__Weekday__0003,state_transition,multiday_average,VA287_NB::110P11409,110P11409,VA287_NB,4,36505,38228,38229,603.0,mapped_primary_link,NORTHBOUND,7.0,0.102857,1.0,mapped_network,mapped_network,inrix_reference_speed,Weekday,0,PM,0.0,17.25,23.75,24.0,1440.0,31.5,45.0,15.569545454545452,19.597212677537364,19151.49329486244,1.0,0.25,2978.512209905426,2978.512209905426,15.0,19.0,15.0,19.0,4.0,episode_period_overlap_over_period_total,4.0,3600.0,5.3198592485729,episode_demand_over_period_capacity,True,True,900.0,800.9298868526512,390.0,True,True,1.023180451347327,17140.013744346194,severe
corridor-32cf3666b2ff41fda0108c854a18d566,state_transition__VA287_SB::110-11405__Weekday__0001,state_transition,multiday_average,VA287_SB::110-11405,110-11405,VA287_SB,3,37048,38420,38237,503.0,mapped_primary_link,SOUTHBOUND,7.0,0.525809,1.0,mapped_network,mapped_network,inrix_reference_speed,Weekday,0,AM,5.5,8.25,22.5,17.25,1035.0,31.5,45.0,23.19173913043478,27.05775455023021,15121.595873382888,1.0,0.3333333333333333,2618.269172499726,2618.269172499726,6.0,9.0,6.0,9.0,3.0,episode_period_overlap_over_period_total,3.0,2700.0,5.600591064215885,episode_demand_over_period_capacity,True,True,900.0,873.6530029821818,810.0,True,True,0.3582422526761779,4473.495807453413,recurring
corridor-32cf3666b2ff41fda0108c854a18d566,state_transition__VA287_SB::110N11406__Weekday__0002,state_transition,multiday_average,VA287_SB::110N11406,110N11406,VA287_SB,7,36838,38355,38357,503.0,mapped_primary_link,SOUTHBOUND,6.0,0.157286,1.0,mapped_network,mapped_network,inrix_reference_speed,Weekday,0,PM,5.25,15.25,22.75,17.75,1065.0,31.5,45.0,17.885,23.42120438181761,14866.339393089873,1.0,0.25,3205.4037865639266,3205.4037865639266,15.0,19.0,15.0,19.0,4.0,episode_period_overlap_over_period_total,4.0,3600.0,4.129538720302742,episode_demand_over_period_capacity,True,True,900.0,863.4542797698384,435.0,True,True,0.7612524461839527,8146.668944099375,recurring
corridor-32cf3666b2ff41fda0108c854a18d566,state_transition__VA287_SB::110N11409__Weekday__0003,state_transition,multiday_average,VA287_SB::110N11409,110N11409,VA287_SB,8,36506,38229,38228,603.0,mapped_primary_link,SOUTHBOUND,2.0,0.120895,1.0,mapped_network,mapped_network,inrix_reference_speed,Weekday,0,AM,0.0,7.5,23.75,24.0,1440.0,31.5,45.0,17.126363636363635,20.19306509902009,19387.78435118033,1.0,0.3333333333333333,2353.279464683153,2353.279464683153,6.0,9.0,6.0,9.0,3.0,episode_period_overlap_over_period_total,3.0,2700.0,7.18066087080753,episode_demand_over_period_capacity,True,True,900.0,795.3416772094351,975.0,True,True,0.8392696002972557,16281.98625741106,recurring
corridor-583a79204f1143d6ab3cd36bb6b7077e,state_transition__VA28_NB::110+05669__Weekday__0001,state_transition,multiday_average,VA28_NB::110+05669,110+05669,VA28_NB,36,32969,35742,35740,205.0,mapped_primary_link,NORTHBOUND,25.0,0.250745,5.0,mapped_network,mapped_network,inrix_reference_speed,Weekday,0,AM,7.5,8.5,9.25,2.0,120.0,44.268,63.24,36.54391304347826,41.16753582634947,2028.2178471670495,0.4941759020840713,0.6745236502378564,1511.4515264561844,3058.529402348417,7.5,9.0,6.0,9.0,3.0,episode_period_overlap_over_period_total,3.0,3600.0,0.5633938464352916,episode_demand_over_period_capacity,True,True,1200.0,966.4821253217834,30.0,True,True,0.2113645286790162,510.3242412107343,recurring
corridor-583a79204f1143d6ab3cd36bb6b7077e,state_transition__VA28_NB::110+05671__Weekday__0003,state_transition,multiday_average,VA28_NB::110+05671,110+05671,VA28_NB,30,32949,35736,35734,305.0,mapped_primary_link,NORTHBOUND,28.0,0.436688,4.0,mapped_network,mapped_network,inrix_reference_speed,Weekday,0,AM,5.5,7.75,9.0,3.75,225.0,45.243100000000005,64.63300000000001,37.42478260869565,45.99471706349207,4121.233914489359,1.0,0.3333333333333333,3303.1664976573816,3303.1664976573816,6.0,9.0,6.0,9.0,3.0,episode_period_overlap_over_period_total,3.0,3600.0,1.1447871984692666,episode_demand_over_period_capacity,True,True,1200.0,1114.4736078177102,60.0,True,True,0.2089074898056393,507.4744805900628,recurring
corridor-583a79204f1143d6ab3cd36bb6b7077e,state_transition__VA28_NB::110+05677__Weekday__0006,state_transition,multiday_average,VA28_NB::110+05677,110+05677,VA28_NB,32,36881,38369,38367,305.0,mapped_primary_link,NORTHBOUND,40.0,0.681291,4.0,mapped_network,mapped_network,inrix_reference_speed,Weekday,0,PM,16.0,17.25,18.5,2.75,165.0,44.926,64.18,21.82175,36.28986772184084,2698.65683859152,0.6158350402020762,0.4059528667254247,2445.183167522997,3970.5164660988594,16.0,18.5,15.0,19.0,4.0,episode_period_overlap_over_period_total,4.0,4800.0,0.5622201747065667,episode_demand_over_period_capacity,True,True,1200.0,980.1036625545396,60.0,True,True,1.058771638388305,1364.0776630434789,severe
corridor-583a79204f1143d6ab3cd36bb6b7077e,state_transition__VA28_NB::110+05678__Weekday__0007,state_transition,multiday_average,VA28_NB::110+05678,110+05678,VA28_NB,31,36732,38320,38016,305.0,mapped_primary_link,NORTHBOUND,42.0,0.270198,4.0,mapped_network,mapped_network,inrix_reference_speed,Weekday,0,PM,15.25,17.25,18.75,3.75,225.0,45.178,64.54,23.73130434782609,33.45721212121212,3826.9754807509353,0.8731968541953196,0.2863042838494688,3567.483189287127,4085.54287861548,15.25,18.75,15.0,19.0,4.0,episode_period_overlap_over_period_total,4.0,4800.0,0.7972865584897781,episode_demand_over_period_capacity,True,True,1200.0,1016.5606202587202,75.0,True,True,0.9037301674544722,2760.676156126483,recurring
corridor-583a79204f1143d6ab3cd36bb6b7077e,state_transition__VA28_NB::110+07952__Weekday__0011,state_transition,multiday_average,VA28_NB::110+07952,110+07952,VA28_NB,1,29735,34340,36545,402.0,mapped_primary_link,NORTHBOUND,19.0,1.391921,3.0,mapped_network,mapped_network,inrix_reference_speed,Weekday,0,AM,5.25,7.5,9.25,4.25,255.0,32.24585,46.0655,23.53681818181818,30.00904092071611,3937.1997609660193,1.0,0.3333333333333333,2768.4422789927994,2768.4422789927994,6.0,9.0,6.0,9.0,3.0,episode_period_overlap_over_period_total,3.0,2880.0,1.367083250335423,episode_demand_over_period_capacity,True,True,960.0,921.4142801100228,90.0,True,True,0.3700173808926053,793.9031976284581,recurring
corridor-583a79204f1143d6ab3cd36bb6b7077e,state_transition__VA28_NB::110P05671__Weekday__0013,state_transition,multiday_average,VA28_NB::110P05671,110P05671,VA28_NB,20,32943,35734,35732,305.0,mapped_primary_link,NORTHBOUND,29.0,0.070029,4.0,mapped_network,mapped_network,inrix_reference_speed,Weekday,0,AM,5.5,7.75,9.0,3.75,225.0,45.00684999999999,64.29549999999999,37.60891304347826,45.2060662055336,4180.554944641865,1.0,0.3333333333333333,3342.149919797685,3342.149919797685,6.0,9.0,6.0,9.0,3.0,episode_period_overlap_over_period_total,3.0,3600.0,1.1612652624005182,episode_demand_over_period_capacity,True,True,1200.0,1114.59521879788,60.0,True,True,0.1967070132542585,549.2289664031613,recurring
corridor-583a79204f1143d6ab3cd36bb6b7077e,state_transition__VA28_NB::110P05676__Weekday__0014,state_transition,multiday_average,VA28_NB::110P05676,110P05676,VA28_NB,13,35854,38018,38064,305.0,mapped_primary_link,NORTHBOUND,39.0,0.138318,4.0,mapped_network,mapped_network,inrix_reference_speed,Weekday,0,PM,16.25,17.5,18.25,2.25,135.0,44.884,64.12,27.455,39.35251509101664,2236.547999000577,0.5018133590934217,0.4981931936839049,1975.923691940279,3937.56693825368,16.25,18.25,15.0,19.0,4.0,episode_period_overlap_over_period_total,4.0,4800.0,0.4659474997917868,episode_demand_over_period_capacity,True,True,1200.0,981.1586036068802,30.0,True,True,0.6348206155527227,774.1330745341616,recurring
corridor-583a79204f1143d6ab3cd36bb6b7077e,state_transition__VA28_NB::110P05677__Weekday__0015,state_transition,multiday_average,VA28_NB::110P05677,110P05677,VA28_NB,14,36738,38322,38320,305.0,mapped_primary_link,NORTHBOUND,41.0,0.438197,4.0,mapped_network,mapped_network,inrix_reference_speed,Weekday,0,PM,15.5,17.5,18.75,3.5,210.0,45.031,64.33,21.24863636363636,33.276118953510256,3483.645246699061,0.8087568633022689,0.3091163875620351,3231.096983482955,3995.140109587358,15.5,18.75,15.0,19.0,4.0,episode_period_overlap_over_period_total,4.0,4800.0,0.7257594263956377,episode_demand_over_period_capacity,True,True,1200.0,998.803953346192,60.0,True,True,1.1192418764840526,2597.989782608696,severe
corridor-155ee9e06faa4e33be6e982b24ee7aae,state_transition__VA28_SB::110-05669__Weekday__0001,state_transition,multiday_average,VA28_SB::110-05669,110-05669,VA28_SB,16,31085,34742,35740,305.0,mapped_primary_link,SOUTHBOUND,20.0,1.150733,5.0,mapped_network,mapped_network,inrix_reference_speed,Weekday,0,PM,16.5,16.75,17.5,1.25,75.0,45.088750000000005,64.41250000000001,44.33613636363636,45.04422727272727,1417.1631368921962,0.2501134759285804,0.9995463022207852,1129.3050451793763,4515.170727953291,16.5,17.5,15.0,19.0,4.0,episode_period_overlap_over_period_total,4.0,4800.0,0.2952423201858742,episode_demand_over_period_capacity,True,True,1200.0,1131.4357703330224,30.0,True,True,0.0169751741602122,24.94943181818204,recurring
corridor-155ee9e06faa4e33be6e982b24ee7aae,state_transition__VA28_SB::110-05670__Weekday__0002,state_transition,multiday_average,VA28_SB::110-05670,110-05670,VA28_SB,6,32945,35734,35736,305.0,mapped_primary_link,SOUTHBOUND,18.0,0.548644,4.0,mapped_network,mapped_network,inrix_reference_speed,Weekday,0,PM,14.0,17.25,18.75,5.0,300.0,44.7342,63.906,22.289565217391303,30.478362566495285,5209.973143416458,0.9346080375617416,0.2674918146993623,3844.3391161003183,4113.316985941667,15.0,18.75,15.0,19.0,4.0,episode_period_overlap_over_period_total,4.0,4800.0,1.0854110715450953,episode_demand_over_period_capacity,True,True,1200.0,1072.8861845444912,75.0,True,True,1.0069570475558849,4387.889981604207,severe
corridor-155ee9e06faa4e33be6e982b24ee7aae,state_transition__VA28_SB::110-05671__Weekday__0003,state_transition,multiday_average,VA28_SB::110-05671,110-05671,VA28_SB,8,32914,35723,35732,305.0,mapped_primary_link,SOUTHBOUND,16.0,0.428657,4.0,mapped_network,mapped_network,inrix_reference_speed,Weekday,0,PM,14.0,17.25,18.75,5.0,300.0,44.93229999999999,64.189,21.522954545454542,29.264395021645026,5033.723789004876,0.9328069288844618,0.2680083008163045,3710.381901587957,3977.652595296629,15.0,18.75,15.0,19.0,4.0,episode_period_overlap_over_period_total,4.0,4800.0,1.0486924560426825,episode_demand_over_period_capacity,True,True,1200.0,1058.5435811998627,75.0,True,True,1.0876455370059444,4914.254667419534,severe
corridor-155ee9e06faa4e33be6e982b24ee7aae,state_transition__VA28_SB::110-05672__Weekday__0004,state_transition,multiday_average,VA28_SB::110-05672,110-05672,VA28_SB,7,32924,35727,35744,205.0,mapped_primary_link,SOUTHBOUND,14.0,1.727359,4.0,mapped_network,mapped_network,inrix_reference_speed,Weekday,0,PM,14.5,16.5,18.0,3.75,225.0,46.305,66.15,31.105217391304347,40.675777600539554,3934.344643344989,0.7640964317843427,0.3271838338731564,3121.0141037103413,4084.58144009657,15.0,18.0,15.0,19.0,4.0,episode_period_overlap_over_period_total,4.0,4800.0,0.8196551340302062,episode_demand_over_period_capacity,True,True,1200.0,971.9360898002489,75.0,True,True,0.4886570126638898,1376.301959697911,recurring
corridor-155ee9e06faa4e33be6e982b24ee7aae,state_transition__VA28_SB::110-07943__Weekday__0007,state_transition,multiday_average,VA28_SB::110-07943,110-07943,VA28_SB,36,38447,40096,40557,302.0,mapped_primary_link,SOUTHBOUND,35.0,1.426792,3.0,mapped_network,mapped_network,inrix_reference_speed,Weekday,0,PM,15.0,16.75,18.25,3.5,210.0,31.5,45.0,23.106739130434782,28.553006305288918,3228.6595233397074,0.8090302264520165,0.3090119402539127,2992.9487913222347,3699.427652348347,15.0,18.25,15.0,19.0,4.0,episode_period_overlap_over_period_total,4.0,3840.0,0.8407967508697155,episode_demand_over_period_capacity,True,True,960.0,905.4380913638188,45.0,True,True,0.3632386561421001,587.290040937323,recurring
corridor-155ee9e06faa4e33be6e982b24ee7aae,state_transition__VA28_SB::110-07950__Weekday__0009,state_transition,multiday_average,VA28_SB::110-07950,110-07950,VA28_SB,33,38150,40003,40066,402.0,mapped_primary_link,SOUTHBOUND,28.0,1.177527,3.0,mapped_network,mapped_network,inrix_reference_speed,Weekday,0,PM,13.25,17.25,20.25,7.25,435.0,31.5,45.0,12.574347826086957,21.08283256099223,5988.606896474213,1.0,0.25,2991.693291348394,2991.693291348394,15.0,19.0,15.0,19.0,4.0,episode_period_overlap_over_period_total,4.0,3840.0,1.5595330459568262,episode_demand_over_period_capacity,True,True,960.0,767.7411608673514,165.0,True,True,1.505100100273158,4587.531966403161,severe
corridor-155ee9e06faa4e33be6e982b24ee7aae,state_transition__VA28_SB::110-07951__Weekday__0010,state_transition,multiday_average,VA28_SB::110-07951,110-07951,VA28_SB,34,35431,36545,34340,402.0,mapped_primary_link,SOUTHBOUND,27.0,1.338746,3.0,mapped_network,mapped_network,inrix_reference_speed,Weekday,0,PM,14.5,17.5,19.5,5.25,315.0,35.3591,50.513000000000005,14.438181818181818,24.87413501922508,4411.908046467398,1.0,0.25,3240.451887690877,3240.451887690877,15.0,19.0,15.0,19.0,4.0,episode_period_overlap_over_period_total,4.0,3840.0,1.1489343871008848,episode_demand_over_period_capacity,True,True,960.0,791.6196832785,105.0,True,True,1.4489994962851025,3355.6072732919247,severe
corridor-155ee9e06faa4e33be6e982b24ee7aae,state_transition__VA28_SB::110-07952__Weekday__0011,state_transition,multiday_average,VA28_SB::110-07952,110-07952,VA28_SB,32,29743,34342,36550,202.0,mapped_primary_link,SOUTHBOUND,25.0,0.623699,3.0,mapped_network,mapped_network,inrix_reference_speed,Weekday,0,PM,13.25,17.75,20.25,7.25,435.0,31.5,45.0,22.573913043478264,26.98900555404116,5573.777198532053,1.0,0.25,3005.8997771433333,3005.8997771433333,15.0,19.0,15.0,19.0,4.0,episode_period_overlap_over_period_total,4.0,3200.0,1.7418053745412667,episode_demand_over_period_capacity,True,True,800.0,783.6630971068302,135.0,True,True,0.3954160246533125,1983.4820899209471,recurring
corridor-155ee9e06faa4e33be6e982b24ee7aae,state_transition__VA28_SB::110N05670__Weekday__0012,state_transition,multiday_average,VA28_SB::110N05670,110N05670,VA28_SB,28,32950,35736,35738,205.0,mapped_primary_link,SOUTHBOUND,19.0,0.850423,5.0,mapped_network,mapped_network,inrix_reference_speed,Weekday,0,PM,14.0,17.25,18.5,4.75,285.0,44.38699999999999,63.41,33.66,37.92293634283337,5467.205984731204,0.8773533933841432,0.2849478920183981,4011.574589471951,4572.358891778413,15.0,18.5,15.0,19.0,4.0,episode_period_overlap_over_period_total,4.0,4800.0,1.1390012468190007,episode_demand_over_period_capacity,True,True,1200.0,1150.2477203836609,60.0,True,True,0.3186868686868687,1909.3548616600776,recurring
corridor-155ee9e06faa4e33be6e982b24ee7aae,state_transition__VA28_SB::110N05671__Weekday__0013,state_transition,multiday_average,VA28_SB::110N05671,110N05671,VA28_SB,27,32938,35732,35734,305.0,mapped_primary_link,SOUTHBOUND,17.0,0.109123,4.0,mapped_network,mapped_network,inrix_reference_speed,Weekday,0,PM,14.0,16.25,18.5,4.75,285.0,45.4426,64.918,22.92818181818182,30.868000468067407,4940.082730014159,0.8665367243386959,0.2885047949823354,3557.8573812909253,4105.83565746291,15.0,18.5,15.0,19.0,4.0,episode_period_overlap_over_period_total,4.0,4800.0,1.0291839020862832,episode_demand_over_period_capacity,True,True,1200.0,981.6912773518668,120.0,True,True,0.9819539272828196,4267.526048418972,recurring
corridor-155ee9e06faa4e33be6e982b24ee7aae,state_transition__VA28_SB::110N05672__Weekday__0014,state_transition,multiday_average,VA28_SB::110N05672,110N05672,VA28_SB,30,32906,35721,35723,305.0,mapped_primary_link,SOUTHBOUND,15.0,0.853666,4.0,mapped_network,mapped_network,inrix_reference_speed,Weekday,0,PM,14.0,16.75,18.5,4.75,285.0,45.8885,65.555,18.17909090909091,26.13674886626281,4350.086080270061,0.8597223636556482,0.2907915515155013,3108.659717120428,3615.887929100754,15.0,18.5,15.0,19.0,4.0,episode_period_overlap_over_period_total,4.0,4800.0,0.906267933389596,episode_demand_over_period_capacity,True,True,1200.0,885.6945422342372,90.0,True,True,1.5242461369205382,5824.336930257957,severe
corridor-155ee9e06faa4e33be6e982b24ee7aae,state_transition__VA28_SB::110N07952__Weekday__0015,state_transition,multiday_average,VA28_SB::110N07952,110N07952,VA28_SB,1,35445,36550,35270,202.0,mapped_primary_link,SOUTHBOUND,26.0,0.05557,3.0,mapped_network,mapped_network,inrix_reference_speed,Weekday,0,PM,15.25,17.5,19.0,4.0,240.0,31.9711,45.673,23.45704545454545,28.5959393527668,3046.7547678692004,0.935122174568944,0.2673447457443094,2852.6460983380443,3050.5597834347222,15.25,19.0,15.0,19.0,4.0,episode_period_overlap_over_period_total,4.0,3200.0,0.9521108649591252,episode_demand_over_period_capacity,True,True,800.0,726.6155292156759,75.0,True,True,0.362963637596768,829.3066422924902,recurring
corridor-30bf976cb81d4034ac1ef93c427da461,state_transition__VA294_EB::110-13197__Weekday__0002,state_transition,multiday_average,VA294_EB::110-13197,110-13197,VA294_EB,11,38855,40233,40408,303.0,mapped_primary_link,EASTBOUND,18.0,0.668873,3.0,mapped_network,mapped_network,inrix_reference_speed,Weekday,0,MD,9.0,12.5,22.5,13.75,825.0,31.5,45.0,23.98565217391304,27.109881243262667,9385.59644528452,1.0,0.1666666666666666,4065.33610362997,4065.33610362997,9.0,15.0,9.0,15.0,6.0,episode_period_overlap_over_period_total,6.0,4200.0,2.234665820305838,episode_demand_over_period_capacity,True,True,700.0,683.4598187187623,570.0,True,True,0.3132851161020173,3660.65291501976,recurring
corridor-30bf976cb81d4034ac1ef93c427da461,state_transition__VA294_EB::110-13198__Weekday__0004,state_transition,multiday_average,VA294_EB::110-13198,110-13198,VA294_EB,12,40112,40715,40233,203.0,mapped_primary_link,EASTBOUND,16.0,1.108047,3.0,mapped_network,mapped_network,inrix_reference_speed,Weekday,0,PM,14.75,17.5,19.0,4.5,270.0,31.5,45.0,28.18152173913043,30.09133399209486,2680.7393550046504,1.0,0.25,2383.008834665184,2383.008834665184,15.0,19.0,15.0,19.0,4.0,episode_period_overlap_over_period_total,4.0,2400.0,1.1169747312519376,episode_demand_over_period_capacity,True,True,600.0,595.0585866859105,75.0,True,True,0.1177536930612874,392.224505928853,recurring
corridor-30bf976cb81d4034ac1ef93c427da461,state_transition__VA294_EB::110-13201__Weekday__0006,state_transition,multiday_average,VA294_EB::110-13201,110-13201,VA294_EB,4,38182,40016,40055,303.0,mapped_primary_link,EASTBOUND,11.0,0.706003,3.0,mapped_network,mapped_network,inrix_reference_speed,Weekday,0,PM,14.5,17.25,19.0,4.75,285.0,31.731,45.33,20.942608695652176,26.107308612440196,3154.132880874052,1.0,0.25,2641.750804914908,2641.750804914908,15.0,19.0,15.0,19.0,4.0,episode_period_overlap_over_period_total,4.0,2800.0,1.12647602888359,episode_demand_over_period_capacity,True,True,700.0,665.1817692674869,90.0,True,True,0.5151407573492772,1617.3806916996043,recurring
corridor-30bf976cb81d4034ac1ef93c427da461,state_transition__VA294_EB::110-13207__Weekday__0010,state_transition,multiday_average,VA294_EB::110-13207,110-13207,VA294_EB,6,39200,40412,40080,503.0,mapped_primary_link,EASTBOUND,4.0,0.52543,2.0,mapped_network,mapped_network,inrix_reference_speed,Weekday,0,PM,14.5,16.25,18.25,4.0,240.0,31.5,45.0,28.25434782608696,30.00683512140034,3569.56131413813,0.8118550720385779,0.3079367347822894,2897.552090288471,3569.050918180116,15.0,18.25,15.0,19.0,4.0,episode_period_overlap_over_period_total,4.0,3600.0,0.991544809482814,episode_demand_over_period_capacity,True,True,900.0,893.2261807302069,75.0,True,True,0.1148726629222127,315.8472332015802,recurring
corridor-30bf976cb81d4034ac1ef93c427da461,state_transition__VA294_EB::110N13195__Weekday__0012,state_transition,multiday_average,VA294_EB::110N13195,110N13195,VA294_EB,20,38817,40217,40220,303.0,mapped_primary_link,EASTBOUND,21.0,0.348797,2.0,mapped_network,mapped_network,inrix_reference_speed,Weekday,0,PM,15.0,17.5,19.5,4.75,285.0,31.5,45.0,27.76086956521739,29.615846681922203,3287.4890537603283,1.0,0.25,2767.014325041295,2767.014325041295,15.0,19.0,15.0,19.0,4.0,episode_period_overlap_over_period_total,4.0,2800.0,1.1741032334858317,episode_demand_over_period_capacity,True,True,700.0,694.4057903481453,105.0,True,True,0.1346906812842598,569.6347826086946,recurring
corridor-a5e0f95fed0047eaa859c47ffc20cc08,state_transition__VA294_NB::110+18189__Weekday__0001,state_transition,multiday_average,VA294_NB::110+18189,110+18189,VA294_NB,2,38231,40032,40604,203.0,mapped_primary_link,NORTHBOUND,2.0,0.90986,3.0,mapped_network,mapped_network,inrix_reference_speed,Weekday,0,PM,5.0,15.0,23.0,18.25,1095.0,31.5,45.0,22.67761904761905,27.23008651871128,10682.772462237082,1.0,0.25,2282.3389239837493,2282.3389239837493,15.0,19.0,15.0,19.0,4.0,episode_period_overlap_over_period_total,4.0,2400.0,4.451155192598784,episode_demand_over_period_capacity,True,True,600.0,583.6877010200521,435.0,True,True,0.3890347101190599,4439.88250282326,recurring
corridor-41c9df5b4e314b938b526aacf5b9e49d,state_transition__VA294_SB::110-18188__Weekday__0001,state_transition,multiday_average,VA294_SB::110-18188,110-18188,VA294_SB,1,39777,40604,40032,203.0,mapped_primary_link,SOUTHBOUND,1.0,0.920145,3.0,mapped_network,mapped_network,inrix_reference_speed,Weekday,0,PM,5.75,17.5,21.5,16.0,960.0,31.5,45.0,23.30304347826087,27.81322479207839,9401.463064761045,1.0,0.25,2296.4312403728004,2296.4312403728004,15.0,19.0,15.0,19.0,4.0,episode_period_overlap_over_period_total,4.0,2400.0,3.917276276983769,episode_demand_over_period_capacity,True,True,600.0,587.0637396321326,225.0,True,True,0.3517547623934172,3561.1259387351743,recurring
corridor-3152fa25e33343f2be05abd2aa04aec2,state_transition__VA294_WB::110+13196__Weekday__0002,state_transition,multiday_average,VA294_WB::110+13196,110+13196,VA294_WB,6,38815,40217,40216,303.0,mapped_primary_link,WESTBOUND,2.0,0.26187,3.0,mapped_network,mapped_network,inrix_reference_speed,Weekday,0,PM,15.0,17.25,19.0,4.25,255.0,31.5,45.0,26.987826086956524,29.799583817716808,2923.546285265284,1.0,0.25,2752.0986766043848,2752.0986766043848,15.0,19.0,15.0,19.0,4.0,episode_period_overlap_over_period_total,4.0,2800.0,1.04412367330903,episode_demand_over_period_capacity,True,True,700.0,686.0524756200836,75.0,True,True,0.1671929372341793,471.0382411067186,recurring
corridor-3152fa25e33343f2be05abd2aa04aec2,state_transition__VA294_WB::110+13197__Weekday__0004,state_transition,multiday_average,VA294_WB::110+13197,110+13197,VA294_WB,7,38814,40216,40408,303.0,mapped_primary_link,WESTBOUND,3.0,0.389292,3.0,mapped_network,mapped_network,inrix_reference_speed,Weekday,0,PM,9.75,17.25,20.5,11.0,660.0,31.5,45.0,22.31065217391304,27.10323212360762,7474.768795954948,1.0,0.25,2662.9538587742327,2662.9538587742327,15.0,19.0,15.0,19.0,4.0,episode_period_overlap_over_period_total,4.0,2800.0,2.669560284269624,episode_demand_over_period_capacity,True,True,700.0,682.3427603489329,180.0,True,True,0.4118816318974168,2909.1228260869543,recurring
corridor-3152fa25e33343f2be05abd2aa04aec2,state_transition__VA294_WB::110+13201__Weekday__0009,state_transition,multiday_average,VA294_WB::110+13201,110+13201,VA294_WB,18,38950,40264,40974,403.0,mapped_primary_link,WESTBOUND,7.0,1.117134,3.0,mapped_network,mapped_network,inrix_reference_speed,Weekday,0,PM,12.5,15.25,19.75,7.5,450.0,31.5,45.0,23.21681818181818,29.257259222661396,6214.756197539407,1.0,0.25,3297.6060314174592,3297.6060314174592,15.0,19.0,15.0,19.0,4.0,episode_period_overlap_over_period_total,4.0,3360.0,1.849629820696252,episode_demand_over_period_capacity,True,True,840.0,830.8670464128518,255.0,True,True,0.3567750650977934,1021.6050889328052,recurring
corridor-3152fa25e33343f2be05abd2aa04aec2,state_transition__VA294_WB::110P13195__Weekday__0013,state_transition,multiday_average,VA294_WB::110P13195,110P13195,VA294_WB,1,38823,40220,40217,303.0,mapped_primary_link,WESTBOUND,1.0,0.171051,2.0,mapped_network,mapped_network,inrix_reference_speed,Weekday,0,PM,17.0,17.5,18.25,1.5,90.0,31.5,45.0,30.008043478260863,31.22251976284585,1033.3545120767392,0.3125220241826572,0.799943622065767,861.8248293649655,2757.6451023536883,17.0,18.25,15.0,19.0,4.0,episode_period_overlap_over_period_total,4.0,2800.0,0.3690551828845497,episode_demand_over_period_capacity,True,True,700.0,686.3799263715094,30.0,True,True,0.0497185537211037,57.86264822134381,recurring
corridor-6faedba838894a82b34033cfb60ebcf0,state_transition__VA309_NB::110+10985__Weekday__0001,state_transition,multiday_average,VA309_NB::110+10985,110+10985,VA309_NB,7,25699,30031,30471,203.0,mapped_primary_link,NORTHBOUND,3.0,0.452734,2.0,mapped_network,mapped_network,inrix_reference_speed,Weekday,0,PM,0.0,17.5,23.75,24.0,1440.0,31.5,45.0,21.72413043478261,25.868699092515072,13885.57984958398,1.0,0.25,2256.035907497663,2256.035907497663,15.0,19.0,15.0,19.0,4.0,episode_period_overlap_over_period_total,4.0,2400.0,5.785658270659992,episode_demand_over_period_capacity,True,True,600.0,586.7389516262866,345.0,True,True,0.4500005003452381,7771.195252329188,recurring
corridor-6faedba838894a82b34033cfb60ebcf0,state_transition__VA309_NB::110+10987__Weekday__0002,state_transition,multiday_average,VA309_NB::110+10987,110+10987,VA309_NB,5,27018,30515,30218,303.0,mapped_primary_link,NORTHBOUND,6.0,0.682772,1.0,mapped_network,mapped_network,inrix_reference_speed,Weekday,0,PM,0.0,16.25,23.75,24.0,1440.0,31.5,45.0,23.097391304347827,27.2579383971361,16424.28927249682,1.0,0.25,2660.391775973813,2660.391775973813,15.0,19.0,15.0,19.0,4.0,episode_period_overlap_over_period_total,4.0,2800.0,5.865817597320293,episode_demand_over_period_capacity,True,True,700.0,693.3215587040988,450.0,True,True,0.3637903772306301,6108.568708124009,recurring
corridor-6faedba838894a82b34033cfb60ebcf0,state_transition__VA309_NB::110+10988__Weekday__0003,state_transition,multiday_average,VA309_NB::110+10988,110+10988,VA309_NB,4,26325,30218,30513,403.0,mapped_primary_link,NORTHBOUND,7.0,1.113544,1.0,mapped_network,mapped_network,inrix_reference_speed,Weekday,0,PM,6.0,16.25,21.0,15.25,915.0,31.5,45.0,24.88913043478261,27.866124169370305,12578.070900176665,1.0,0.25,3258.662358727204,3258.662358727204,15.0,19.0,15.0,19.0,4.0,episode_period_overlap_over_period_total,4.0,3360.0,3.743473482195436,episode_demand_over_period_capacity,True,True,840.0,826.054018333584,270.0,True,True,0.2656127172678832,3235.3009105025385,recurring
corridor-6faedba838894a82b34033cfb60ebcf0,state_transition__VA309_NB::110+10989__Weekday__0004,state_transition,multiday_average,VA309_NB::110+10989,110+10989,VA309_NB,8,30252,34491,35971,303.0,mapped_primary_link,NORTHBOUND,9.0,2.126455,1.0,mapped_network,mapped_network,inrix_reference_speed,Weekday,0,PM,0.25,15.25,23.75,23.75,1425.0,31.5,45.0,22.381363636363638,26.57167230328785,16138.602813559624,1.0,0.25,2636.992857253778,2636.992857253778,15.0,19.0,15.0,19.0,4.0,episode_period_overlap_over_period_total,4.0,2800.0,5.763786719128436,episode_demand_over_period_capacity,True,True,700.0,685.8619715266864,510.0,True,True,0.407420946810455,7022.866967814788,recurring
corridor-6faedba838894a82b34033cfb60ebcf0,state_transition__VA309_NB::110P10986__Weekday__0005,state_transition,multiday_average,VA309_NB::110P10986,110P10986,VA309_NB,2,25651,30018,30017,303.0,mapped_primary_link,NORTHBOUND,5.0,0.070232,2.0,mapped_network,mapped_network,inrix_reference_speed,Weekday,0,PM,0.0,15.0,23.75,24.0,1440.0,31.5,45.0,21.21,23.12656635993083,15797.570725396758,1.0,0.25,2605.509100939563,2605.509100939563,15.0,19.0,15.0,19.0,4.0,episode_period_overlap_over_period_total,4.0,2800.0,5.641989544784556,episode_demand_over_period_capacity,True,True,700.0,659.6690735158824,525.0,True,True,0.4851485148514849,12057.7444416996,recurring
corridor-cf8b384a537a4e9eabd4a83e866862f8,state_transition__VA309_SB::110-10984__Weekday__0001,state_transition,multiday_average,VA309_SB::110-10984,110-10984,VA309_SB,1,26883,30471,30031,203.0,mapped_primary_link,SOUTHBOUND,11.0,0.439666,2.0,mapped_network,mapped_network,inrix_reference_speed,Weekday,0,AM,0.0,8.5,23.75,24.0,1440.0,31.5,45.0,20.31022727272727,24.282852312505216,13712.567465682376,1.0,0.3333333333333333,1695.764098151995,1695.764098151995,6.0,9.0,6.0,9.0,3.0,episode_period_overlap_over_period_total,3.0,1800.0,7.618093036490209,episode_demand_over_period_capacity,True,True,600.0,563.9024552835225,885.0,True,True,0.5509427628266099,9959.6638087428,recurring
corridor-cf8b384a537a4e9eabd4a83e866862f8,state_transition__VA309_SB::110-10986__Weekday__0002,state_transition,multiday_average,VA309_SB::110-10986,110-10986,VA309_SB,2,26327,30218,30515,303.0,mapped_primary_link,SOUTHBOUND,8.0,0.682772,1.0,mapped_network,mapped_network,inrix_reference_speed,Weekday,0,PM,0.0,17.25,23.75,24.0,1440.0,31.5,45.0,22.195217391304347,25.99171774280755,16277.870426273712,1.0,0.25,2646.07419915351,2646.07419915351,15.0,19.0,15.0,19.0,4.0,episode_period_overlap_over_period_total,4.0,2800.0,5.813525152240612,episode_demand_over_period_capacity,True,True,700.0,685.0535357212583,390.0,True,True,0.419224666496895,7931.926450357124,recurring
corridor-cf8b384a537a4e9eabd4a83e866862f8,state_transition__VA309_SB::110-10988__Weekday__0004,state_transition,multiday_average,VA309_SB::110-10988,110-10988,VA309_SB,4,33673,35971,34491,303.0,mapped_primary_link,SOUTHBOUND,5.0,2.126455,1.0,mapped_network,mapped_network,inrix_reference_speed,Weekday,0,PM,0.0,17.25,23.75,24.0,1440.0,31.5,45.0,20.40363636363636,26.478088097340525,16270.276041238256,1.0,0.25,2584.612131694701,2584.612131694701,15.0,19.0,15.0,19.0,4.0,episode_period_overlap_over_period_total,4.0,2800.0,5.810812871870806,episode_demand_over_period_capacity,True,True,700.0,693.5561927398383,390.0,True,True,0.5438424523257885,7080.895782749854,recurring
corridor-cf8b384a537a4e9eabd4a83e866862f8,state_transition__VA309_SB::110N10986__Weekday__0005,state_transition,multiday_average,VA309_SB::110N10986,110N10986,VA309_SB,7,25647,30017,30018,303.0,mapped_primary_link,SOUTHBOUND,9.0,0.070232,2.0,mapped_network,mapped_network,inrix_reference_speed,Weekday,0,AM,0.0,8.5,23.75,24.0,1440.0,31.5,45.0,18.303636363636365,21.44925783485993,15372.39842897785,1.0,0.3333333333333333,1904.816088116675,1904.816088116675,6.0,9.0,6.0,9.0,3.0,episode_period_overlap_over_period_total,3.0,2100.0,7.32018972808469,episode_demand_over_period_capacity,True,True,700.0,631.2781754318955,915.0,True,True,0.7209695043210487,14473.06871780169,recurring
corridor-f79d207e20944cc2b958c6be00dc91fb,state_transition__VA338_WB::110N51881__Weekday__0002,state_transition,multiday_average,VA338_WB::110N51881,110N51881,VA338_WB,1,28945,34094,34095,202.0,mapped_primary_link,WESTBOUND,1.0,0.046144,2.0,mapped_network,mapped_network,inrix_reference_speed,Weekday,0,MD,0.0,13.0,23.75,24.0,1440.0,31.5,45.0,18.724090909090908,21.401309719219192,17518.3508334391,1.0,0.1666666666666666,4314.5322169228175,4314.5322169228175,9.0,15.0,9.0,15.0,6.0,episode_period_overlap_over_period_total,6.0,4800.0,3.649656423633146,episode_demand_over_period_capacity,True,True,800.0,717.1460896569976,585.0,True,True,0.6823246668123224,13936.19258747751,recurring
corridor-d94f752bb4a8431a8d11decf2fd38cc2,state_transition__VA400_NB::110P10491__Weekday__0004,state_transition,multiday_average,VA400_NB::110P10491,110P10491,VA400_NB,2,28319,32277,32223,101.0,mapped_primary_link,NORTHBOUND,1.0,0.008361,2.0,mapped_network,mapped_network,inrix_reference_speed,Weekday,0,AM,0.25,7.5,23.75,23.75,1425.0,31.5,45.0,17.954565217391302,21.730210409039294,41335.55502030645,1.0,0.3333333333333333,5104.016853543914,5104.016853543914,6.0,9.0,6.0,9.0,3.0,episode_period_overlap_over_period_total,3.0,5700.0,7.2518517579485,episode_demand_over_period_capacity,True,True,1900.0,1732.813982699228,945.0,True,True,0.7544284486203097,13628.856479390171,recurring
corridor-897edf8c423f4767ae1d6e7da4f3c24f,state_transition__VA401_NB::110+11028__Weekday__0001,state_transition,multiday_average,VA401_NB::110+11028,110+11028,VA401_NB,2,28429,32320,32159,203.0,mapped_primary_link,NORTHBOUND,4.0,0.470661,3.0,mapped_network,mapped_network,inrix_reference_speed,Weekday,0,PM,0.0,17.5,23.75,24.0,1440.0,31.5,45.0,14.744130434782608,21.34734033983502,12916.151446349792,1.0,0.25,1941.4849389701767,1941.4849389701767,15.0,19.0,15.0,19.0,4.0,episode_period_overlap_over_period_total,4.0,2400.0,5.381729769312414,episode_demand_over_period_capacity,True,True,600.0,560.5686517189532,375.0,True,True,1.1364433894106716,14010.670331027664,severe
corridor-897edf8c423f4767ae1d6e7da4f3c24f,state_transition__VA401_NB::110+11029__Weekday__0002,state_transition,multiday_average,VA401_NB::110+11029,110+11029,VA401_NB,1,27985,32144,32102,203.0,mapped_primary_link,NORTHBOUND,5.0,0.411301,2.0,mapped_network,mapped_network,inrix_reference_speed,Weekday,0,MD,0.0,10.5,23.75,24.0,1440.0,31.5,45.0,19.61478260869565,23.20487475996801,13435.173184116302,1.0,0.1666666666666666,3260.0491277853007,3260.0491277853007,9.0,15.0,9.0,15.0,6.0,episode_period_overlap_over_period_total,6.0,3600.0,3.731992551143417,episode_demand_over_period_capacity,True,True,600.0,549.0392588445392,795.0,True,True,0.605931639845724,11993.273823906928,recurring
corridor-897edf8c423f4767ae1d6e7da4f3c24f,state_transition__VA401_NB::110+11030__Weekday__0003,state_transition,multiday_average,VA401_NB::110+11030,110+11030,VA401_NB,5,27910,32122,32036,203.0,mapped_primary_link,NORTHBOUND,7.0,1.229095,2.0,mapped_network,mapped_network,inrix_reference_speed,Weekday,0,AM,0.0,7.5,23.75,24.0,1440.0,31.5,45.0,24.920217391304345,28.02348999505929,14170.712544599475,1.0,0.3333333333333333,1757.7870443827414,1757.7870443827414,6.0,9.0,6.0,9.0,3.0,episode_period_overlap_over_period_total,3.0,1800.0,7.872618080333042,episode_demand_over_period_capacity,True,True,600.0,589.9685056638988,975.0,True,True,0.2640339169349139,5006.17440711462,recurring
corridor-897edf8c423f4767ae1d6e7da4f3c24f,state_transition__VA401_NB::110+11031__Weekday__0004,state_transition,multiday_average,VA401_NB::110+11031,110+11031,VA401_NB,4,27930,32128,32129,203.0,mapped_primary_link,NORTHBOUND,9.0,0.168792,2.0,mapped_network,mapped_network,inrix_reference_speed,Weekday,0,AM,0.0,8.25,23.75,24.0,1440.0,31.5,45.0,18.96717391304348,24.2785655386338,13651.351785019053,1.0,0.3333333333333333,1659.3853120783538,1659.3853120783538,6.0,9.0,6.0,9.0,3.0,episode_period_overlap_over_period_total,3.0,1800.0,7.584084325010584,episode_demand_over_period_capacity,True,True,600.0,564.3999431792631,930.0,True,True,0.6607640202179965,10182.222590526346,recurring
corridor-897edf8c423f4767ae1d6e7da4f3c24f,state_transition__VA401_NB::110P11029__Weekday__0005,state_transition,multiday_average,VA401_NB::110P11029,110P11029,VA401_NB,9,27837,32097,32146,203.0,mapped_primary_link,NORTHBOUND,6.0,0.18608,2.0,mapped_network,mapped_network,inrix_reference_speed,Weekday,0,AM,0.0,8.0,23.75,24.0,1440.0,31.5,45.0,22.358695652173918,25.410797496906422,13829.326471046625,1.0,0.3333333333333333,1708.783837915416,1708.783837915416,6.0,9.0,6.0,9.0,3.0,episode_period_overlap_over_period_total,3.0,1800.0,7.682959150581457,episode_demand_over_period_capacity,True,True,600.0,571.3459562144769,945.0,True,True,0.408847836655323,8606.345983907391,recurring
corridor-897edf8c423f4767ae1d6e7da4f3c24f,state_transition__VA401_NB::110P11030__Weekday__0006,state_transition,multiday_average,VA401_NB::110P11030,110P11030,VA401_NB,8,27637,32036,32128,203.0,mapped_primary_link,NORTHBOUND,8.0,0.311449,2.0,mapped_network,mapped_network,inrix_reference_speed,Weekday,0,AM,6.5,8.25,20.75,14.5,870.0,31.5,45.0,27.59391304347826,30.029549957164274,8627.311211665872,0.8347905466693216,0.3993017585827715,1481.3951269471777,1774.5710380378684,6.5,9.0,6.0,9.0,3.0,episode_period_overlap_over_period_total,3.0,1800.0,4.792950673147707,episode_demand_over_period_capacity,True,True,600.0,595.4799927208595,690.0,True,True,0.1415561087826551,1311.2913396386195,recurring
corridor-b801ca555bb443ec81e113d9a138e954,state_transition__VA401_SB::110-11028__Weekday__0001,state_transition,multiday_average,VA401_SB::110-11028,110-11028,VA401_SB,7,27847,32102,32144,203.0,mapped_primary_link,SOUTHBOUND,8.0,0.38173,2.0,mapped_network,mapped_network,inrix_reference_speed,Weekday,0,PM,0.0,17.5,23.75,24.0,1440.0,31.5,45.0,16.963478260869568,21.79539684555866,13187.057561320433,1.0,0.25,2069.141465977832,2069.141465977832,15.0,19.0,15.0,19.0,4.0,episode_period_overlap_over_period_total,4.0,2400.0,5.494607317216846,episode_demand_over_period_capacity,True,True,600.0,557.4119536209818,375.0,True,True,0.8569304900553614,13974.62854239552,recurring
corridor-b801ca555bb443ec81e113d9a138e954,state_transition__VA401_SB::110-11029__Weekday__0002,state_transition,multiday_average,VA401_SB::110-11029,110-11029,VA401_SB,8,27636,32036,32122,203.0,mapped_primary_link,SOUTHBOUND,6.0,1.22545,2.0,mapped_network,mapped_network,inrix_reference_speed,Weekday,0,PM,0.0,15.75,23.75,24.0,1440.0,31.5,45.0,24.338043478260868,27.388394198074412,14118.044051358564,1.0,0.25,2306.824071196008,2306.824071196008,15.0,19.0,15.0,19.0,4.0,episode_period_overlap_over_period_total,4.0,2400.0,5.882518354732736,episode_demand_over_period_capacity,True,True,600.0,587.4127124638246,480.0,True,True,0.2942700192041445,5797.364180715068,recurring
corridor-b801ca555bb443ec81e113d9a138e954,state_transition__VA401_SB::110-52245__Weekday__0003,state_transition,multiday_average,VA401_SB::110-52245,110-52245,VA401_SB,9,28042,32159,32320,203.0,mapped_primary_link,SOUTHBOUND,8.5,0.465685,3.0,mapped_network,mapped_network,inrix_reference_speed,Weekday,0,MD,0.0,12.75,23.75,24.0,1440.0,31.5,45.0,17.739565217391306,24.51033865399691,13541.477432598562,1.0,0.1666666666666666,3218.799497073011,3218.799497073011,9.0,15.0,9.0,15.0,6.0,episode_period_overlap_over_period_total,6.0,3600.0,3.761521509055156,episode_demand_over_period_capacity,True,True,600.0,559.0537212121749,660.0,True,True,0.7756917722604835,10066.951623958736,recurring
corridor-9d468fde515b43799f6290ba06c463f8,state_transition__VA402_NB::110+10998__Weekday__0002,state_transition,multiday_average,VA402_NB::110+10998,110+10998,VA402_NB,5,27870,32109,32149,303.0,mapped_primary_link,NORTHBOUND,3.0,0.661463,2.0,mapped_network,mapped_network,inrix_reference_speed,Weekday,0,AM,0.0,8.0,23.75,24.0,1440.0,31.5,45.0,17.341363636363635,24.274824528773816,15956.321233956967,1.0,0.3333333333333333,1908.5776770823663,1908.5776770823663,6.0,9.0,6.0,9.0,3.0,episode_period_overlap_over_period_total,3.0,2100.0,7.598248206646176,episode_demand_over_period_capacity,True,True,700.0,659.3177044465101,945.0,True,True,0.8164661476763386,10187.49741442891,recurring
corridor-9d468fde515b43799f6290ba06c463f8,state_transition__VA402_NB::110+10999__Weekday__0003,state_transition,multiday_average,VA402_NB::110+10999,110+10999,VA402_NB,4,28014,32150,32388,402.0,mapped_primary_link,NORTHBOUND,5.0,0.024777,2.0,mapped_network,mapped_network,inrix_reference_speed,Weekday,0,AM,0.0,8.25,23.75,24.0,1440.0,31.5,45.0,20.312608695652173,21.859131973339533,21246.22630103823,1.0,0.3333333333333333,2643.670533976064,2643.670533976064,6.0,9.0,6.0,9.0,3.0,episode_period_overlap_over_period_total,3.0,2880.0,7.377161910082719,episode_demand_over_period_capacity,True,True,960.0,880.8240322055967,930.0,True,True,0.5507609323829703,13593.623917591254,recurring
corridor-9d468fde515b43799f6290ba06c463f8,state_transition__VA402_NB::110P11001__Weekday__0005,state_transition,multiday_average,VA402_NB::110P11001,110P11001,VA402_NB,7,26466,30266,30405,203.0,mapped_primary_link,NORTHBOUND,5.5,0.28657,2.0,mapped_network,mapped_network,inrix_reference_speed,Weekday,0,PM,0.25,17.25,23.75,23.75,1425.0,31.5,45.0,20.269318181818186,23.940934294088905,13502.947978117432,1.0,0.25,2194.684174242126,2194.684174242126,15.0,19.0,15.0,19.0,4.0,episode_period_overlap_over_period_total,4.0,2400.0,5.626228324215597,episode_demand_over_period_capacity,True,True,600.0,576.8039634718448,390.0,True,True,0.5540729943376126,10091.3527173913,recurring
corridor-2a06b3ae154d44b9ae718c2df6a03502,state_transition__VA402_SB::110-10998__Weekday__0003,state_transition,multiday_average,VA402_SB::110-10998,110-10998,VA402_SB,5,28639,32388,32150,402.0,mapped_primary_link,SOUTHBOUND,3.0,0.012407,2.0,mapped_network,mapped_network,inrix_reference_speed,Weekday,0,PM,0.0,16.0,23.75,24.0,1440.0,31.5,45.0,15.749130434782607,18.77880367771026,20070.38330577844,1.0,0.25,3218.411833114367,3218.411833114367,15.0,19.0,15.0,19.0,4.0,episode_period_overlap_over_period_total,4.0,3840.0,5.226662319213134,episode_demand_over_period_capacity,True,True,960.0,826.5571349811337,465.0,True,True,1.0001104270767192,18318.52270409722,severe
corridor-2a06b3ae154d44b9ae718c2df6a03502,state_transition__VA402_SB::110-10999__Weekday__0004,state_transition,multiday_average,VA402_SB::110-10999,110-10999,VA402_SB,4,28635,32387,32025,203.0,mapped_primary_link,SOUTHBOUND,1.0,0.776902,2.0,mapped_network,mapped_network,inrix_reference_speed,Weekday,0,PM,0.0,16.25,23.75,24.0,1440.0,31.5,45.0,19.00586956521739,24.948306001738008,13770.23097417677,1.0,0.25,2156.966121955116,2156.966121955116,15.0,19.0,15.0,19.0,4.0,episode_period_overlap_over_period_total,4.0,2400.0,5.737596239240321,episode_demand_over_period_capacity,True,True,600.0,577.8242644263298,450.0,True,True,0.6573827307353561,9237.888537549405,recurring
corridor-2a06b3ae154d44b9ae718c2df6a03502,state_transition__VA402_SB::110N11001__Weekday__0005,state_transition,multiday_average,VA402_SB::110N11001,110N11001,VA402_SB,1,26136,30161,30170,203.0,mapped_primary_link,SOUTHBOUND,1.5,0.403941,2.0,mapped_network,mapped_network,inrix_reference_speed,Weekday,0,PM,0.0,17.25,23.75,24.0,1440.0,31.5,45.0,17.44608695652174,22.59153625247036,13378.24830136766,1.0,0.25,2083.328985045064,2083.328985045064,15.0,19.0,15.0,19.0,4.0,episode_period_overlap_over_period_total,4.0,2400.0,5.574270125569858,episode_demand_over_period_capacity,True,True,600.0,561.9427283687439,390.0,True,True,0.8055624781936896,12828.187796442682,recurring
corridor-67703ce8597e48f99c0dd913188a4744,state_transition__VA420_EB::110+11018__Weekday__0001,state_transition,multiday_average,VA420_EB::110+11018,110+11018,VA420_EB,1,27872,32109,32350,303.0,mapped_primary_link,EASTBOUND,1.0,0.97984,1.0,mapped_network,mapped_network,inrix_reference_speed,Weekday,0,AM,0.0,8.25,23.75,24.0,1440.0,31.5,45.0,18.46695652173913,21.91105361736312,15514.3561102336,1.0,0.3333333333333333,1881.0637176433404,1881.0637176433404,6.0,9.0,6.0,9.0,3.0,episode_period_overlap_over_period_total,3.0,2100.0,7.387788623920762,episode_demand_over_period_capacity,True,True,700.0,646.7354349423847,930.0,True,True,0.7057493996327162,13520.414399518,recurring
corridor-be606547e178474d8c9be319aa9d9cf9,state_transition__VA420_NB::110+10978__Weekday__0001,state_transition,multiday_average,VA420_NB::110+10978,110+10978,VA420_NB,2,28395,32308,32125,203.0,mapped_primary_link,NORTHBOUND,1.0,1.401471,2.0,mapped_network,mapped_network,inrix_reference_speed,Weekday,0,AM,0.0,8.5,23.75,24.0,1440.0,31.5,45.0,17.926521739130436,22.417283369225984,13365.64276414365,1.0,0.3333333333333333,1617.9314870379053,1617.9314870379053,6.0,9.0,6.0,9.0,3.0,episode_period_overlap_over_period_total,3.0,1800.0,7.425357091190916,episode_demand_over_period_capacity,True,True,600.0,553.7105189763025,855.0,True,True,0.7571730008973827,11716.704453698472,recurring
corridor-27d971223bbc44b59c9ceac91dd1775f,state_transition__VA420_SB::110-10977__Weekday__0001,state_transition,multiday_average,VA420_SB::110-10977,110-10977,VA420_SB,1,27922,32125,32308,203.0,mapped_primary_link,SOUTHBOUND,11.0,1.401872,2.0,mapped_network,mapped_network,inrix_reference_speed,Weekday,0,PM,0.0,15.25,23.75,24.0,1440.0,31.5,45.0,17.0625,21.67689587975556,13216.69867964883,1.0,0.25,2067.8429089955557,2067.8429089955557,15.0,19.0,15.0,19.0,4.0,episode_period_overlap_over_period_total,4.0,2400.0,5.506957783187013,episode_demand_over_period_capacity,True,True,600.0,558.590496448633,480.0,True,True,0.846153846153846,13850.576809544666,recurring
corridor-4bb47cdd73794924b87926153489d83a,state_transition__VA420_WB::110-11017__Weekday__0001,state_transition,multiday_average,VA420_WB::110-11017,110-11017,VA420_WB,3,28521,32350,32109,303.0,mapped_primary_link,WESTBOUND,2.0,0.97984,1.0,mapped_network,mapped_network,inrix_reference_speed,Weekday,0,AM,0.0,8.25,23.75,24.0,1440.0,31.5,45.0,18.79217391304348,21.62300801493193,15460.73747002002,1.0,0.3333333333333333,1897.1638558002476,1897.1638558002476,6.0,9.0,6.0,9.0,3.0,episode_period_overlap_over_period_total,3.0,2100.0,7.362255938104771,episode_demand_over_period_capacity,True,True,700.0,645.7428060090463,930.0,True,True,0.676229697839063,13333.939179841893,recurring
corridor-0b7ae6149a0c4749910c6e3c70bf4fae,state_transition__VA55_EB::110+57993__Weekday__0001,state_transition,multiday_average,VA55_EB::110+57993,110+57993,VA55_EB,4,40940,41001,40161,504.0,mapped_primary_link,EASTBOUND,1.0,0.836021,1.0,mapped_network,mapped_network,inrix_reference_speed,Weekday,0,MD,9.5,14.5,17.25,8.0,480.0,31.5,45.0,28.52260869565217,30.45190325469368,6350.663733334466,0.9169422061368852,0.1817635457842431,4366.612505575838,4762.145832475696,9.5,15.0,9.0,15.0,6.0,episode_period_overlap_over_period_total,6.0,4800.0,1.3230549444446804,episode_demand_over_period_capacity,True,True,800.0,793.7688258822277,135.0,True,True,0.1043870613700801,524.0390069169948,recurring
corridor-0b7ae6149a0c4749910c6e3c70bf4fae,state_transition__VA55_EB::110+57994__Weekday__0002,state_transition,multiday_average,VA55_EB::110+57994,110+57994,VA55_EB,3,38657,40161,40159,504.0,mapped_primary_link,EASTBOUND,1.0,2.11089,1.0,mapped_network,mapped_network,inrix_reference_speed,Weekday,0,PM,0.0,16.0,23.75,24.0,1440.0,31.5,45.0,22.776304347826088,25.68755727871419,18570.446994010654,1.0,0.25,3017.163664908141,3017.163664908141,15.0,19.0,15.0,19.0,4.0,episode_period_overlap_over_period_total,4.0,3200.0,5.80326468562833,episode_demand_over_period_capacity,True,True,800.0,772.8853039068139,465.0,True,True,0.3830162926764082,8195.54423701298,recurring
corridor-34fc12ba6b444433a7fdfdf37c2c2cec,state_transition__VA55_WB::110-57993__Weekday__0002,state_transition,multiday_average,VA55_WB::110-57993,110-57993,VA55_WB,3,38651,40159,40161,504.0,mapped_primary_link,WESTBOUND,1.0,2.085509,1.0,mapped_network,mapped_network,inrix_reference_speed,Weekday,0,PM,0.0,17.0,23.75,24.0,1440.0,31.5,45.0,17.75565217391304,24.37621773770479,18164.90925306348,1.0,0.25,2786.5056033124347,2786.5056033124347,15.0,19.0,15.0,19.0,4.0,episode_period_overlap_over_period_total,4.0,3200.0,5.676534141582338,episode_demand_over_period_capacity,True,True,800.0,772.8870319543614,405.0,True,True,0.774082961947206,10044.532989836249,recurring
corridor-1b9d8c292feb4b44b00678540b47e677,state_transition__VA600_EB::110+57897__Weekday__0001,state_transition,multiday_average,VA600_EB::110+57897,110+57897,VA600_EB,2,35062,36424,34248,403.0,mapped_primary_link,EASTBOUND,3.0,2.166258,2.0,mapped_network,mapped_network,inrix_reference_speed,Weekday,0,AM,6.75,8.0,9.25,2.75,165.0,31.5,45.0,27.76214285714285,29.92362293174546,2292.700201724228,0.7503550605995414,0.4442341377254077,1873.4109971759835,2496.699356807308,6.75,9.0,6.0,9.0,3.0,episode_period_overlap_over_period_total,3.0,2520.0,0.909801667350884,episode_demand_over_period_capacity,True,True,840.0,836.5895179331615,60.0,True,True,0.1346386394627832,291.8040937323542,recurring
corridor-1b9d8c292feb4b44b00678540b47e677,state_transition__VA600_EB::110+57897__Weekday__0002,state_transition,multiday_average,VA600_EB::110+57897,110+57897,VA600_EB,2,35062,36424,34248,403.0,mapped_primary_link,EASTBOUND,3.0,2.166258,2.0,mapped_network,mapped_network,inrix_reference_speed,Weekday,0,PM,14.0,15.25,20.0,6.25,375.0,31.5,45.0,28.59590909090909,30.31481581027668,5231.581792814986,1.0,0.25,3346.4490527651205,3346.4490527651205,15.0,19.0,15.0,19.0,4.0,episode_period_overlap_over_period_total,4.0,3360.0,1.557018390718746,episode_demand_over_period_capacity,True,True,840.0,837.6366650692867,270.0,True,True,0.1015561666481217,447.2359683794453,recurring
corridor-60187c38ac6044e494a17d434ec2b6e1,state_transition__VA600_WB::110-57896__Weekday__0001,state_transition,multiday_average,VA600_WB::110-57896,110-57896,VA600_WB,2,29430,34248,36424,403.0,mapped_primary_link,WESTBOUND,2.0,2.165808,2.0,mapped_network,mapped_network,inrix_reference_speed,Weekday,0,AM,6.75,7.75,9.25,2.75,165.0,31.5,45.0,28.54065217391304,30.376254940711465,2296.335477102647,0.7517873193232213,0.4433878103097147,1876.824202596394,2496.4829205764745,6.75,9.0,6.0,9.0,3.0,episode_period_overlap_over_period_total,3.0,2520.0,0.9112442369454948,episode_demand_over_period_capacity,True,True,840.0,837.252863870396,75.0,True,True,0.1036888648533365,214.79184782608647,recurring
corridor-60187c38ac6044e494a17d434ec2b6e1,state_transition__VA600_WB::110-57896__Weekday__0002,state_transition,multiday_average,VA600_WB::110-57896,110-57896,VA600_WB,2,29430,34248,36424,403.0,mapped_primary_link,WESTBOUND,2.0,2.165808,2.0,mapped_network,mapped_network,inrix_reference_speed,Weekday,0,PM,14.0,15.25,18.5,4.75,285.0,31.5,45.0,29.276818181818182,30.574278656126484,3977.9635079918826,0.8748211691958399,0.2857726913830937,2930.2745068729064,3349.5697292813534,15.0,18.5,15.0,19.0,4.0,episode_period_overlap_over_period_total,4.0,3360.0,1.18391771071187,episode_demand_over_period_capacity,True,True,840.0,837.8921245123169,180.0,True,True,0.0759365927121984,271.56210474308216,recurring
corridor-20242412802b4fd99325ed67ba492da2,state_transition__VA602_NB::110+57998__Weekday__0001,state_transition,multiday_average,VA602_NB::110+57998,110+57998,VA602_NB,8,30757,34644,34643,403.0,mapped_primary_link,NORTHBOUND,3.0,0.149832,2.0,mapped_network,mapped_network,inrix_reference_speed,Weekday,0,PM,7.5,16.75,20.75,13.5,810.0,31.5,45.0,25.775652173913045,29.36659331409332,11160.896997088725,1.0,0.25,3275.228269101573,3275.228269101573,15.0,19.0,15.0,19.0,4.0,episode_period_overlap_over_period_total,4.0,3360.0,3.3216955348478345,episode_demand_over_period_capacity,True,True,840.0,827.2084661489499,225.0,True,True,0.2220835301261721,1751.8278938452827,recurring
corridor-20242412802b4fd99325ed67ba492da2,state_transition__VA602_NB::110+57999__Weekday__0003,state_transition,multiday_average,VA602_NB::110+57999,110+57999,VA602_NB,10,30837,34666,34706,203.0,mapped_primary_link,NORTHBOUND,4.0,1.493654,2.0,mapped_network,mapped_network,inrix_reference_speed,Weekday,0,PM,16.75,17.25,18.0,1.5,90.0,31.5,45.0,30.06021739130435,30.86234683794466,894.8908461123722,0.3139247895932945,0.79636909313179,746.1338986598902,2376.791904922655,16.75,18.0,15.0,19.0,4.0,episode_period_overlap_over_period_total,4.0,2400.0,0.372871185880155,episode_demand_over_period_capacity,True,True,600.0,596.3998591370141,30.0,True,True,0.0478966133196407,75.12465415019739,recurring
corridor-20242412802b4fd99325ed67ba492da2,state_transition__VA602_NB::110+58000__Weekday__0006,state_transition,multiday_average,VA602_NB::110+58000,110+58000,VA602_NB,12,31053,34733,34578,103.0,mapped_primary_link,NORTHBOUND,6.0,0.297505,3.0,mapped_network,mapped_network,inrix_reference_speed,Weekday,0,PM,15.75,17.25,18.25,2.75,165.0,31.5,45.0,29.777391304347827,30.817140162209338,1364.809124817301,0.6245501140254134,0.4002881344279561,1240.499592465595,1986.2290705067717,15.75,18.25,15.0,19.0,4.0,episode_period_overlap_over_period_total,4.0,2000.0,0.6824045624086504,episode_demand_over_period_capacity,True,True,500.0,497.0631489478813,45.0,True,True,0.0578495502861813,124.27004517221866,recurring
corridor-20242412802b4fd99325ed67ba492da2,state_transition__VA602_NB::110+58001__Weekday__0007,state_transition,multiday_average,VA602_NB::110+58001,110+58001,VA602_NB,11,31881,35103,34563,203.0,mapped_primary_link,NORTHBOUND,8.0,0.08875,2.0,mapped_network,mapped_network,inrix_reference_speed,Weekday,0,PM,0.25,17.5,23.75,23.75,1425.0,31.5,45.0,18.20782608695652,24.316154228400347,13437.640669058306,1.0,0.25,2151.767827933691,2151.767827933691,15.0,19.0,15.0,19.0,4.0,episode_period_overlap_over_period_total,4.0,2400.0,5.599016945440961,episode_demand_over_period_capacity,True,True,600.0,580.5603447082453,375.0,True,True,0.7300253116194662,10236.9802245295,recurring
corridor-20242412802b4fd99325ed67ba492da2,state_transition__VA602_NB::110+58002__Weekday__0008,state_transition,multiday_average,VA602_NB::110+58002,110+58002,VA602_NB,15,30603,34596,36070,203.0,mapped_primary_link,NORTHBOUND,10.0,0.798614,3.0,mapped_network,mapped_network,inrix_reference_speed,Weekday,0,MD,0.0,12.25,23.75,24.0,1440.0,31.5,45.0,24.830652173913045,28.178665057378943,14142.65017227802,1.0,0.1666666666666666,3498.904970752623,3498.904970752623,9.0,15.0,9.0,15.0,6.0,episode_period_overlap_over_period_total,6.0,3600.0,3.928513936743894,episode_demand_over_period_capacity,True,True,600.0,584.9390786630844,630.0,True,True,0.2685933409793293,4583.963959947488,recurring
corridor-b8a21580f7294b39bbe84f51f58a405f,state_transition__VA602_SB::110-57997__Weekday__0001,state_transition,multiday_average,VA602_SB::110-57997,110-57997,VA602_SB,12,30753,34643,34644,403.0,mapped_primary_link,SOUTHBOUND,13.0,0.155226,2.0,mapped_network,mapped_network,inrix_reference_speed,Weekday,0,AM,7.25,8.25,18.5,11.5,690.0,31.5,45.0,24.80826086956522,28.341168595896853,9476.386956254377,0.5936165865199793,0.561529682462999,1416.970952806471,2387.013747566132,7.25,9.0,6.0,9.0,3.0,episode_period_overlap_over_period_total,3.0,2520.0,3.7604710143866575,episode_demand_over_period_capacity,True,True,840.0,827.1983485624903,540.0,True,True,0.2697383410154399,2023.0898715415,recurring
corridor-b8a21580f7294b39bbe84f51f58a405f,state_transition__VA602_SB::110-57998__Weekday__0002,state_transition,multiday_average,VA602_SB::110-57998,110-57998,VA602_SB,13,30962,34706,34666,203.0,mapped_primary_link,SOUTHBOUND,12.0,1.492574,2.0,mapped_network,mapped_network,inrix_reference_speed,Weekday,0,PM,16.25,17.25,18.0,2.0,120.0,31.5,45.0,27.477272727272727,30.67624320652174,1171.2501956082438,0.4384305466146136,0.5702157432469078,1025.1272599162155,2338.174809743164,16.25,18.0,15.0,19.0,4.0,episode_period_overlap_over_period_total,4.0,2400.0,0.4880209148367682,episode_demand_over_period_capacity,True,True,600.0,579.791614500383,30.0,True,True,0.1464019851116624,151.38016304347806,recurring
corridor-b8a21580f7294b39bbe84f51f58a405f,state_transition__VA602_SB::110-57999__Weekday__0004,state_transition,multiday_average,VA602_SB::110-57999,110-57999,VA602_SB,14,30542,34578,34733,103.0,mapped_primary_link,SOUTHBOUND,10.0,0.32194,3.0,mapped_network,mapped_network,inrix_reference_speed,Weekday,0,PM,9.5,17.25,20.0,10.75,645.0,31.5,45.0,21.01608695652174,27.732489199374943,5242.629027124707,1.0,0.25,1900.961198267923,1900.961198267923,15.0,19.0,15.0,19.0,4.0,episode_period_overlap_over_period_total,4.0,2000.0,2.621314513562353,episode_demand_over_period_capacity,True,True,500.0,489.9697893308854,150.0,True,True,0.4988518112419056,2450.96946640316,recurring
corridor-b8a21580f7294b39bbe84f51f58a405f,state_transition__VA602_SB::110-58000__Weekday__0005,state_transition,multiday_average,VA602_SB::110-58000,110-58000,VA602_SB,7,30487,34563,35103,203.0,mapped_primary_link,SOUTHBOUND,8.0,0.104836,2.0,mapped_network,mapped_network,inrix_reference_speed,Weekday,0,PM,2.0,17.25,23.25,21.5,1290.0,31.5,45.0,19.28857142857143,27.506991183319546,12525.130940674457,1.0,0.25,2221.6041513560867,2221.6041513560867,15.0,19.0,15.0,19.0,4.0,episode_period_overlap_over_period_total,4.0,2400.0,5.218804558614357,episode_demand_over_period_capacity,True,True,600.0,584.9983821736739,345.0,True,True,0.6330913938675748,5166.558547430825,recurring
corridor-b8a21580f7294b39bbe84f51f58a405f,state_transition__VA602_SB::110-58001__Weekday__0006,state_transition,multiday_average,VA602_SB::110-58001,110-58001,VA602_SB,6,33977,36070,34596,203.0,mapped_primary_link,SOUTHBOUND,6.0,0.803434,3.0,mapped_network,mapped_network,inrix_reference_speed,Weekday,0,PM,6.0,17.5,23.75,18.0,1080.0,31.5,45.0,21.680454545454545,27.33742656819416,10531.02158794559,1.0,0.25,2268.878754198237,2268.878754198237,15.0,19.0,15.0,19.0,4.0,episode_period_overlap_over_period_total,4.0,2400.0,4.387925661643996,episode_demand_over_period_capacity,True,True,600.0,593.0739753819255,375.0,True,True,0.4529215673941755,4509.588002002476,recurring
corridor-b8a21580f7294b39bbe84f51f58a405f,state_transition__VA602_SB::110-58002__Weekday__0008,state_transition,multiday_average,VA602_SB::110-58002,110-58002,VA602_SB,9,30243,34489,34486,403.0,mapped_primary_link,SOUTHBOUND,4.0,1.507401,2.0,mapped_network,mapped_network,inrix_reference_speed,Weekday,0,PM,14.0,16.25,18.5,4.75,285.0,31.5,45.0,29.71391304347826,31.07838828791346,3976.8414057537775,0.8749893765049622,0.2857177546527414,2930.6610044720155,3349.3675273843683,15.0,18.5,15.0,19.0,4.0,episode_period_overlap_over_period_total,4.0,3360.0,1.1835837517124337,episode_demand_over_period_capacity,True,True,840.0,837.420623525355,120.0,True,True,0.0601094495332297,142.14575098814157,recurring
corridor-b8a21580f7294b39bbe84f51f58a405f,state_transition__VA602_SB::110N58000__Weekday__0009,state_transition,multiday_average,VA602_SB::110N58000,110N58000,VA602_SB,5,31882,35103,35105,103.0,mapped_primary_link,SOUTHBOUND,9.0,0.229579,3.0,mapped_network,mapped_network,inrix_reference_speed,Weekday,0,AM,2.5,8.75,10.5,8.25,495.0,31.5,45.0,26.552045454545453,28.874302848575716,4041.404713979444,1.0,0.3333333333333333,1467.4357878275705,1467.4357878275705,6.0,9.0,6.0,9.0,3.0,episode_period_overlap_over_period_total,3.0,1500.0,2.6942698093196293,episode_demand_over_period_capacity,True,True,500.0,493.1752269583258,90.0,True,True,0.1863492797165087,1158.3163043478246,recurring
corridor-b8a21580f7294b39bbe84f51f58a405f,state_transition__VA602_SB::110N58000__Weekday__0010,state_transition,multiday_average,VA602_SB::110N58000,110N58000,VA602_SB,5,31882,35103,35105,103.0,mapped_primary_link,SOUTHBOUND,9.0,0.229579,3.0,mapped_network,mapped_network,inrix_reference_speed,Weekday,0,PM,11.25,16.75,20.0,9.0,540.0,31.5,45.0,22.28,27.834120843989773,4367.148899561605,1.0,0.25,1887.5272331796425,1887.5272331796425,15.0,19.0,15.0,19.0,4.0,episode_period_overlap_over_period_total,4.0,2000.0,2.1835744497808025,episode_demand_over_period_capacity,True,True,500.0,479.1582671782098,150.0,True,True,0.4138240574506284,1878.2298913043464,recurring
corridor-24bfd00fc1054090892b5f87b1c0e55c,state_transition__VA606_EB::110+10089__Weekday__0001,state_transition,multiday_average,VA606_EB::110+10089,110+10089,VA606_EB,20,35865,38023,38323,304.0,mapped_primary_link,EASTBOUND,3.0,1.348556,2.0,mapped_network,mapped_network,inrix_reference_speed,Weekday,0,AM,7.75,8.25,9.0,1.5,90.0,31.5,45.0,30.16304347826087,31.15929183135705,881.0672096323674,0.4204174295942177,0.7928627831987437,734.2916248458436,1746.57750406441,7.75,9.0,6.0,9.0,3.0,episode_period_overlap_over_period_total,3.0,1800.0,0.489481783129093,episode_demand_over_period_capacity,True,True,600.0,586.5489261885468,30.0,True,True,0.044324324324324,54.37499999999979,recurring
corridor-24bfd00fc1054090892b5f87b1c0e55c,state_transition__VA606_EB::110+10089__Weekday__0002,state_transition,multiday_average,VA606_EB::110+10089,110+10089,VA606_EB,20,35865,38023,38323,304.0,mapped_primary_link,EASTBOUND,3.0,1.348556,2.0,mapped_network,mapped_network,inrix_reference_speed,Weekday,0,MD,11.75,14.5,18.75,7.25,435.0,31.5,45.0,21.586739130434783,27.59292490118578,4237.729864698881,0.5381461860406375,0.3097051897606146,1900.8826232387692,3532.2792812569087,11.75,15.0,9.0,15.0,6.0,episode_period_overlap_over_period_total,6.0,3600.0,1.177147184638578,episode_demand_over_period_capacity,True,True,600.0,584.5363501914201,240.0,True,True,0.459229196668647,1729.8302371541488,recurring
corridor-24bfd00fc1054090892b5f87b1c0e55c,state_transition__VA606_EB::110+10090__Weekday__0003,state_transition,multiday_average,VA606_EB::110+10090,110+10090,VA606_EB,19,36028,38077,38474,303.0,mapped_primary_link,EASTBOUND,5.0,1.187814,2.0,mapped_network,mapped_network,inrix_reference_speed,Weekday,0,PM,6.0,17.25,22.25,16.5,990.0,31.5,45.0,19.121136363636364,26.496306078213514,11171.351328353554,1.0,0.25,2578.564485804416,2578.564485804416,15.0,19.0,15.0,19.0,4.0,episode_period_overlap_over_period_total,4.0,2800.0,3.9897683315548407,episode_demand_over_period_capacity,True,True,700.0,691.2821465902408,225.0,True,True,0.6473916299192943,4659.230505364197,recurring
corridor-24bfd00fc1054090892b5f87b1c0e55c,state_transition__VA606_EB::110+10091__Weekday__0004,state_transition,multiday_average,VA606_EB::110+10091,110+10091,VA606_EB,18,30532,34575,34572,204.0,mapped_primary_link,EASTBOUND,7.0,0.683365,2.0,mapped_network,mapped_network,inrix_reference_speed,Weekday,0,AM,0.25,8.25,23.75,23.75,1425.0,31.5,45.0,22.051739130434783,24.84783823255597,11388.445400371742,1.0,0.3333333333333333,1408.8249732390836,1408.8249732390836,6.0,9.0,6.0,9.0,3.0,episode_period_overlap_over_period_total,3.0,1500.0,7.592296933581161,episode_demand_over_period_capacity,True,True,500.0,477.9783247204941,930.0,True,True,0.428458762988229,9279.76566558441,recurring
corridor-24bfd00fc1054090892b5f87b1c0e55c,state_transition__VA606_EB::110+18875__Weekday__0005,state_transition,multiday_average,VA606_EB::110+18875,110+18875,VA606_EB,14,35700,36634,34568,204.0,mapped_primary_link,EASTBOUND,5.0,0.188414,1.0,mapped_network,mapped_network,inrix_reference_speed,Weekday,0,PM,0.0,17.25,23.75,24.0,1440.0,31.5,45.0,17.038695652173914,19.41049974463188,10612.337321136583,1.0,0.25,1715.9858257933593,1715.9858257933593,15.0,19.0,15.0,19.0,4.0,episode_period_overlap_over_period_total,4.0,2000.0,5.306168660568293,episode_demand_over_period_capacity,True,True,500.0,449.4380368574521,390.0,True,True,0.8487330628492686,17408.88036773009,recurring
corridor-24bfd00fc1054090892b5f87b1c0e55c,state_transition__VA606_EB::110+18876__Weekday__0006,state_transition,multiday_average,VA606_EB::110+18876,110+18876,VA606_EB,13,33132,35799,34714,204.0,mapped_primary_link,EASTBOUND,6.0,0.476769,2.0,mapped_network,mapped_network,inrix_reference_speed,Weekday,0,MD,0.0,13.0,23.75,24.0,1440.0,31.5,45.0,19.395,22.690130686229534,11168.591474726189,1.0,0.1666666666666666,2703.11259195393,2703.11259195393,9.0,15.0,9.0,15.0,6.0,episode_period_overlap_over_period_total,6.0,3000.0,3.7228638249087296,episode_demand_over_period_capacity,True,True,500.0,455.9046661015915,645.0,True,True,0.6241299303944314,12686.21181182947,recurring
corridor-24bfd00fc1054090892b5f87b1c0e55c,state_transition__VA606_EB::110+18880__Weekday__0007,state_transition,multiday_average,VA606_EB::110+18880,110+18880,VA606_EB,16,32781,35650,34560,203.0,mapped_primary_link,EASTBOUND,2.0,0.55239,2.0,mapped_network,mapped_network,inrix_reference_speed,Weekday,0,AM,5.75,7.75,23.75,18.25,1095.0,31.5,45.0,21.007608695652173,25.84584587687476,10514.40897660176,1.0,0.3333333333333333,1709.4154397622249,1709.4154397622249,6.0,9.0,6.0,9.0,3.0,episode_period_overlap_over_period_total,3.0,1800.0,5.841338320334311,episode_demand_over_period_capacity,True,True,600.0,574.106721366483,930.0,True,True,0.4994567185802243,6211.020503952565,recurring
corridor-24bfd00fc1054090892b5f87b1c0e55c,state_transition__VA606_EB::110P10089__Weekday__0008,state_transition,multiday_average,VA606_EB::110P10089,110P10089,VA606_EB,9,36742,38323,38321,303.0,mapped_primary_link,EASTBOUND,4.0,0.353656,2.0,mapped_network,mapped_network,inrix_reference_speed,Weekday,0,AM,5.75,8.25,20.25,14.75,885.0,31.5,45.0,24.3454347826087,26.87900600382177,10017.019943454425,1.0,0.3333333333333333,2032.3515016440608,2032.3515016440608,6.0,9.0,6.0,9.0,3.0,episode_period_overlap_over_period_total,3.0,2100.0,4.770009496883059,episode_demand_over_period_capacity,True,True,700.0,678.063452158756,705.0,True,True,0.2938770772129402,4102.639469226423,recurring
corridor-24bfd00fc1054090892b5f87b1c0e55c,state_transition__VA606_EB::110P18882__Weekday__0009,state_transition,multiday_average,VA606_EB::110P18882,110P18882,VA606_EB,2,30481,34561,34540,503.0,mapped_primary_link,EASTBOUND,5.5,0.028554,2.0,mapped_network,mapped_network,inrix_reference_speed,Weekday,0,AM,6.5,8.75,21.0,14.75,885.0,31.5,45.0,19.993913043478265,25.52877269377637,12668.27307987411,0.8347223068527786,0.399334402108082,2079.5813443162183,2491.345118302916,6.5,9.0,6.0,9.0,3.0,episode_period_overlap_over_period_total,3.0,2700.0,4.691952992545967,episode_demand_over_period_capacity,True,True,900.0,865.7900979669366,720.0,True,True,0.5754794937589698,5317.718774703554,recurring
corridor-b60ed2d9e14848b7adc32de244649ca5,state_transition__VA606_SB::110-58067__Weekday__0001,state_transition,multiday_average,VA606_SB::110-58067,110-58067,VA606_SB,3,36304,38161,38770,304.0,mapped_primary_link,SOUTHBOUND,20.0,0.920457,2.0,mapped_network,mapped_network,inrix_reference_speed,Weekday,0,PM,15.5,17.25,18.75,3.5,210.0,31.507,45.01,26.393863636363637,29.62677053924337,2060.590883338284,0.8119604056917838,0.3078967868968955,1912.2177653462445,2355.062823189081,15.5,18.75,15.0,19.0,4.0,episode_period_overlap_over_period_total,4.0,2400.0,0.858579534724285,episode_demand_over_period_capacity,True,True,600.0,590.913320348173,75.0,True,True,0.1937244366373038,463.3701432806322,recurring
corridor-397d376d02bd4a96b0b19b27012ed297,state_transition__VA606_WB::110-10088__Weekday__0001,state_transition,multiday_average,VA606_WB::110-10088,110-10088,VA606_WB,15,36741,38323,38023,304.0,mapped_primary_link,WESTBOUND,5.0,1.394364,2.0,mapped_network,mapped_network,inrix_reference_speed,Weekday,0,AM,5.5,6.75,9.0,3.75,225.0,31.5,45.0,28.91434782608696,30.413148221343874,2238.067315978674,1.0,0.3333333333333333,1790.63855455251,1790.63855455251,6.0,9.0,6.0,9.0,3.0,episode_period_overlap_over_period_total,3.0,1800.0,1.2433707310992632,episode_demand_over_period_capacity,True,True,600.0,597.2774544832157,120.0,True,True,0.0894245372389215,285.0054841897225,recurring
corridor-397d376d02bd4a96b0b19b27012ed297,state_transition__VA606_WB::110-10088__Weekday__0002,state_transition,multiday_average,VA606_WB::110-10088,110-10088,VA606_WB,15,36741,38323,38023,304.0,mapped_primary_link,WESTBOUND,5.0,1.394364,2.0,mapped_network,mapped_network,inrix_reference_speed,Weekday,0,MD,10.75,13.75,14.75,4.25,255.0,31.5,45.0,29.65478260869565,31.090531271797257,2537.4222794647303,0.6671056098411724,0.2498355046157496,2389.101446690386,3581.29419307266,10.75,14.75,9.0,15.0,6.0,episode_period_overlap_over_period_total,6.0,3600.0,0.7048395220735362,episode_demand_over_period_capacity,True,True,600.0,596.360446888513,45.0,True,True,0.0622232648154119,162.13636363636306,recurring
corridor-397d376d02bd4a96b0b19b27012ed297,state_transition__VA606_WB::110-10089__Weekday__0003,state_transition,multiday_average,VA606_WB::110-10089,110-10089,VA606_WB,14,37221,38474,38077,303.0,mapped_primary_link,WESTBOUND,3.0,1.11375,2.0,mapped_network,mapped_network,inrix_reference_speed,Weekday,0,PM,5.5,17.5,21.25,16.0,960.0,31.5,45.0,23.833913043478265,28.428004351013644,11033.012727185282,1.0,0.25,2719.8005469491072,2719.8005469491072,15.0,19.0,15.0,19.0,4.0,episode_period_overlap_over_period_total,4.0,2800.0,3.9403616882804577,episode_demand_over_period_capacity,True,True,700.0,695.8913114016163,210.0,True,True,0.3216461746141774,2880.0752223320123,recurring
corridor-397d376d02bd4a96b0b19b27012ed297,state_transition__VA606_WB::110-10090__Weekday__0004,state_transition,multiday_average,VA606_WB::110-10090,110-10090,VA606_WB,12,30523,34572,34575,204.0,mapped_primary_link,WESTBOUND,1.0,0.683365,2.0,mapped_network,mapped_network,inrix_reference_speed,Weekday,0,PM,0.0,17.75,23.75,24.0,1440.0,31.5,45.0,22.33590909090909,25.152428793415964,11551.960343701492,1.0,0.25,1884.7707221662693,1884.7707221662693,15.0,19.0,15.0,19.0,4.0,episode_period_overlap_over_period_total,4.0,2000.0,5.775980171850746,episode_demand_over_period_capacity,True,True,500.0,486.0736998912494,360.0,True,True,0.4102851095870894,9140.502537481005,recurring
corridor-397d376d02bd4a96b0b19b27012ed297,state_transition__VA606_WB::110-18875__Weekday__0006,state_transition,multiday_average,VA606_WB::110-18875,110-18875,VA606_WB,10,30992,34714,35799,204.0,mapped_primary_link,WESTBOUND,4.0,0.476769,2.0,mapped_network,mapped_network,inrix_reference_speed,Weekday,0,PM,0.0,17.25,23.75,24.0,1440.0,31.5,45.0,18.10782608695652,22.425406930722264,11131.871838825527,1.0,0.25,1757.0724515552522,1757.0724515552522,15.0,19.0,15.0,19.0,4.0,episode_period_overlap_over_period_total,4.0,2000.0,5.565935919412763,episode_demand_over_period_capacity,True,True,500.0,468.51130920420576,390.0,True,True,0.7395793315405299,13067.41401975993,recurring
corridor-397d376d02bd4a96b0b19b27012ed297,state_transition__VA606_WB::110-18879__Weekday__0007,state_transition,multiday_average,VA606_WB::110-18879,110-18879,VA606_WB,8,30477,34560,35650,203.0,mapped_primary_link,WESTBOUND,5.0,0.524086,2.0,mapped_network,mapped_network,inrix_reference_speed,Weekday,0,PM,6.25,17.25,23.75,17.75,1065.0,31.5,45.0,23.02695652173913,27.055152436357275,10343.525195998149,1.0,0.25,2295.443428993084,2295.443428993084,15.0,19.0,15.0,19.0,4.0,episode_period_overlap_over_period_total,4.0,2400.0,4.309802164999228,episode_demand_over_period_capacity,True,True,600.0,588.339812795933,300.0,True,True,0.367961934972244,4781.694325239974,recurring
corridor-397d376d02bd4a96b0b19b27012ed297,state_transition__VA606_WB::110N10089__Weekday__0011,state_transition,multiday_average,VA606_WB::110N10089,110N10089,VA606_WB,5,36737,38321,38323,303.0,mapped_primary_link,WESTBOUND,4.0,0.430398,2.0,mapped_network,mapped_network,inrix_reference_speed,Weekday,0,PM,10.0,16.25,18.0,8.25,495.0,31.5,45.0,29.773260869565217,30.823718708827403,5749.654907875782,0.7505425613900563,0.3330923692548266,2089.6159109187424,2784.1404584020265,15.0,18.0,15.0,19.0,4.0,episode_period_overlap_over_period_total,4.0,2800.0,2.053448181384208,episode_demand_over_period_capacity,True,True,700.0,696.1629272663561,90.0,True,True,0.057996305409727,363.9831521739114,recurring
corridor-397d376d02bd4a96b0b19b27012ed297,state_transition__VA606_WB::110N18882__Weekday__0012,state_transition,multiday_average,VA606_WB::110N18882,110N18882,VA606_WB,20,30412,34540,34561,503.0,mapped_primary_link,WESTBOUND,1.5,0.048502,2.0,mapped_network,mapped_network,inrix_reference_speed,Weekday,0,MD,7.5,9.25,11.5,4.25,255.0,31.5,45.0,28.54804347826087,30.131518542199487,3778.2820465702794,0.4170096015973684,0.3996710532041582,2223.640038064233,5332.347335760401,9.0,11.5,9.0,15.0,6.0,episode_period_overlap_over_period_total,6.0,5400.0,0.6996818604759775,episode_demand_over_period_capacity,True,True,900.0,890.62279536027,90.0,True,True,0.1034031114597056,378.6105978260864,recurring
corridor-397d376d02bd4a96b0b19b27012ed297,state_transition__VA606_WB::110N18882__Weekday__0013,state_transition,multiday_average,VA606_WB::110N18882,110N18882,VA606_WB,20,30412,34540,34561,503.0,mapped_primary_link,WESTBOUND,1.5,0.048502,2.0,mapped_network,mapped_network,inrix_reference_speed,Weekday,0,PM,12.25,17.0,20.5,8.5,510.0,31.5,45.0,24.93152173913043,28.581659497791208,7499.951513412328,1.0,0.25,3507.6886670399936,3507.6886670399936,15.0,19.0,15.0,19.0,4.0,episode_period_overlap_over_period_total,4.0,3600.0,2.0833198648367577,episode_demand_over_period_capacity,True,True,900.0,880.7818410075778,195.0,True,True,0.2634607838862972,1511.5710474308285,recurring
corridor-f1f05d4ea6e54b3dbfcd01ab9141fbaf,state_transition__VA607_NB::110+58077__Weekday__0001,state_transition,multiday_average,VA607_NB::110+58077,110+58077,VA607_NB,15,36613,38263,38754,304.0,mapped_primary_link,NORTHBOUND,20.0,0.37776,2.0,mapped_network,mapped_network,inrix_reference_speed,Weekday,0,MD,6.75,14.75,23.25,16.75,1005.0,31.5,45.0,21.571739130434786,26.68630074032248,9734.80734113834,1.0,0.1666666666666666,3430.1230789446745,3430.1230789446745,9.0,15.0,9.0,15.0,6.0,episode_period_overlap_over_period_total,6.0,3600.0,2.704113150316205,episode_demand_over_period_capacity,True,True,600.0,587.8311743313358,420.0,True,True,0.4602438778595181,4583.383843873516,recurring
corridor-f1f05d4ea6e54b3dbfcd01ab9141fbaf,state_transition__VA607_NB::110+58078__Weekday__0002,state_transition,multiday_average,VA607_NB::110+58078,110+58078,VA607_NB,14,38091,38755,38756,304.0,mapped_primary_link,NORTHBOUND,22.0,0.186392,2.0,mapped_network,mapped_network,inrix_reference_speed,Weekday,0,AM,7.0,7.25,9.25,2.5,150.0,31.5,45.0,31.26181818181818,31.707744071146248,1491.4701309153736,0.6682823162117557,0.4987911923554647,1192.2416288922057,1784.0388709528945,7.0,9.0,6.0,9.0,3.0,episode_period_overlap_over_period_total,3.0,1800.0,0.8285945171752076,episode_demand_over_period_capacity,True,True,600.0,598.5174757157781,30.0,True,True,0.0076189368384318,6.230928853754811,recurring
corridor-f1f05d4ea6e54b3dbfcd01ab9141fbaf,state_transition__VA607_NB::110+58078__Weekday__0003,state_transition,multiday_average,VA607_NB::110+58078,110+58078,VA607_NB,14,38091,38755,38756,304.0,mapped_primary_link,NORTHBOUND,22.0,0.186392,2.0,mapped_network,mapped_network,inrix_reference_speed,Weekday,0,MD,10.75,11.5,14.0,3.5,210.0,31.5,45.0,30.147954545454542,31.17419254658385,2089.9286676714923,0.5423056073084187,0.3073297867854802,1940.779816425403,3578.756683077495,10.75,14.0,9.0,15.0,6.0,episode_period_overlap_over_period_total,6.0,3600.0,0.5805357410198589,episode_demand_over_period_capacity,True,True,600.0,597.5652917437669,135.0,True,True,0.0448470045457627,85.43152173912998,recurring
corridor-39cb47d1006e4f1eb944e168df50a0ed,state_transition__VA607_SB::110-58071__Weekday__0002,state_transition,multiday_average,VA607_SB::110-58071,110-58071,VA607_SB,8,37261,38487,38159,404.0,mapped_primary_link,SOUTHBOUND,13.0,0.291153,3.0,mapped_network,mapped_network,inrix_reference_speed,Weekday,0,MD,14.25,14.75,15.75,1.75,105.0,31.73275,45.3325,30.131521739130434,31.14729813664596,1388.7790825056886,0.1254066762650756,1.329009520309577,595.0696934868216,4745.119727350128,14.25,15.0,9.0,15.0,6.0,episode_period_overlap_over_period_total,6.0,4800.0,0.2893289755220184,episode_demand_over_period_capacity,True,True,800.0,793.4797193762191,45.0,True,True,0.0531413008188736,97.65081521739133,recurring
corridor-39cb47d1006e4f1eb944e168df50a0ed,state_transition__VA607_SB::110-58071__Weekday__0003,state_transition,multiday_average,VA607_SB::110-58071,110-58071,VA607_SB,8,37261,38487,38159,404.0,mapped_primary_link,SOUTHBOUND,13.0,0.291153,3.0,mapped_network,mapped_network,inrix_reference_speed,Weekday,0,PM,16.5,17.5,18.25,2.0,120.0,31.73275,45.3325,29.35739130434783,30.58717391304348,1583.2556583527185,0.4372916852047964,0.5717007856733378,1386.0454936102053,3169.6131907037748,16.5,18.25,15.0,19.0,4.0,episode_period_overlap_over_period_total,4.0,3200.0,0.4947673932352245,episode_demand_over_period_capacity,True,True,800.0,789.7792994618476,30.0,True,True,0.0809117769023428,150.0648913043477,recurring
corridor-39cb47d1006e4f1eb944e168df50a0ed,state_transition__VA607_SB::110-58076__Weekday__0004,state_transition,multiday_average,VA607_SB::110-58076,110-58076,VA607_SB,4,38086,38754,38263,304.0,mapped_primary_link,SOUTHBOUND,4.0,0.381955,2.0,mapped_network,mapped_network,inrix_reference_speed,Weekday,0,MD,7.25,14.25,22.0,15.0,900.0,31.5,45.0,25.16239130434783,27.842198210959456,8829.982155253825,1.0,0.1666666666666666,3510.5278245126747,3510.5278245126747,9.0,15.0,9.0,15.0,6.0,episode_period_overlap_over_period_total,6.0,3600.0,2.4527728209038404,episode_demand_over_period_capacity,True,True,600.0,591.1419401546573,450.0,True,True,0.2518682989623919,3192.185481366457,recurring
corridor-39cb47d1006e4f1eb944e168df50a0ed,state_transition__VA607_SB::110-58077__Weekday__0006,state_transition,multiday_average,VA607_SB::110-58077,110-58077,VA607_SB,9,38093,38756,38755,304.0,mapped_primary_link,SOUTHBOUND,2.0,0.161428,2.0,mapped_network,mapped_network,inrix_reference_speed,Weekday,0,PM,8.0,17.5,21.5,13.75,825.0,31.5,45.0,27.959565217391308,30.364734878428557,8181.917919026096,1.0,0.25,2373.656220750516,2373.656220750516,15.0,19.0,15.0,19.0,4.0,episode_period_overlap_over_period_total,4.0,2400.0,3.409132466260873,episode_demand_over_period_capacity,True,True,600.0,595.6083541697187,195.0,True,True,0.1266269612950377,963.0333992094832,recurring
corridor-0aa12c24bee8415f895f807899a67d1d,state_transition__VA608_NB::110+18851__Weekday__0002,state_transition,multiday_average,VA608_NB::110+18851,110+18851,VA608_NB,10,30883,34681,36590,203.0,mapped_primary_link,NORTHBOUND,3.0,0.564635,3.0,mapped_network,mapped_network,inrix_reference_speed,Weekday,0,PM,7.5,16.75,20.25,13.0,780.0,31.5,45.0,24.408478260869565,27.67856897233201,7653.369974668228,1.0,0.25,2333.1215864232045,2333.1215864232045,15.0,19.0,15.0,19.0,4.0,episode_period_overlap_over_period_total,4.0,2400.0,3.1889041561117617,episode_demand_over_period_capacity,True,True,600.0,590.913773262461,195.0,True,True,0.2905351846738926,2880.9265316205506,recurring
corridor-0aa12c24bee8415f895f807899a67d1d,state_transition__VA608_NB::110+18852__Weekday__0003,state_transition,multiday_average,VA608_NB::110+18852,110+18852,VA608_NB,9,30806,34656,36609,203.0,mapped_primary_link,NORTHBOUND,5.0,0.557718,3.0,mapped_network,mapped_network,inrix_reference_speed,Weekday,0,PM,5.75,16.75,23.75,18.25,1095.0,31.5,45.0,25.519565217391307,28.73379179783885,10788.090121006238,1.0,0.25,2347.060259735803,2347.060259735803,15.0,19.0,15.0,19.0,4.0,episode_period_overlap_over_period_total,4.0,2400.0,4.495037550419266,episode_demand_over_period_capacity,True,True,600.0,590.5032757270703,360.0,True,True,0.2343470483005363,3057.768633540369,recurring
corridor-0aa12c24bee8415f895f807899a67d1d,state_transition__VA608_NB::110+18856__Weekday__0004,state_transition,multiday_average,VA608_NB::110+18856,110+18856,VA608_NB,12,32098,35218,34645,503.0,mapped_primary_link,NORTHBOUND,11.0,0.31996,2.0,mapped_network,mapped_network,inrix_reference_speed,Weekday,0,AM,8.0,8.5,9.25,1.5,90.0,31.5,45.0,29.407391304347826,30.62369565217391,1339.6990800067613,0.3524390868135613,0.9457899132217,892.8490705688987,2533.3429349203025,8.0,9.0,6.0,9.0,3.0,episode_period_overlap_over_period_total,3.0,2700.0,0.4961848444469486,episode_demand_over_period_capacity,True,True,900.0,894.5639132750424,30.0,True,True,0.0711592767272348,103.93043478260856,recurring
corridor-0aa12c24bee8415f895f807899a67d1d,state_transition__VA608_NB::110+18858__Weekday__0008,state_transition,multiday_average,VA608_NB::110+18858,110+18858,VA608_NB,7,33234,35832,34668,404.0,mapped_primary_link,NORTHBOUND,15.0,0.312819,1.0,mapped_network,mapped_network,inrix_reference_speed,Weekday,0,PM,6.5,17.5,20.5,14.25,855.0,31.5,45.0,24.923478260869565,28.63614157384118,11218.593027701098,1.0,0.25,3109.745703748701,3109.745703748701,15.0,19.0,15.0,19.0,4.0,episode_period_overlap_over_period_total,4.0,3200.0,3.505810321156593,episode_demand_over_period_capacity,True,True,800.0,790.3128341021685,165.0,True,True,0.2638685367385387,2374.9538537549374,recurring
corridor-0aa12c24bee8415f895f807899a67d1d,state_transition__VA608_NB::110+18859__Weekday__0009,state_transition,multiday_average,VA608_NB::110+18859,110+18859,VA608_NB,6,33220,35827,35828,404.0,mapped_primary_link,NORTHBOUND,17.0,0.550283,1.0,mapped_network,mapped_network,inrix_reference_speed,Weekday,0,AM,7.75,8.75,10.0,2.5,150.0,31.5,45.0,27.69282608695652,29.764217391304346,1981.37547179188,0.4200175651239073,0.7936176031947575,990.407663461355,2358.0148681857618,7.75,9.0,6.0,9.0,3.0,episode_period_overlap_over_period_total,3.0,2400.0,0.8255731132466166,episode_demand_over_period_capacity,True,True,800.0,792.819769140385,60.0,True,True,0.1374787066184146,264.9391304347823,recurring
corridor-0aa12c24bee8415f895f807899a67d1d,state_transition__VA608_NB::110+18859__Weekday__0010,state_transition,multiday_average,VA608_NB::110+18859,110+18859,VA608_NB,6,33220,35827,35828,404.0,mapped_primary_link,NORTHBOUND,17.0,0.550283,1.0,mapped_network,mapped_network,inrix_reference_speed,Weekday,0,PM,14.75,17.0,20.0,5.5,330.0,31.5,45.0,28.451363636363634,29.976011498383045,4369.4462912549325,1.0,0.25,3175.901548301272,3175.901548301272,15.0,19.0,15.0,19.0,4.0,episode_period_overlap_over_period_total,4.0,3200.0,1.3654519660171665,episode_demand_over_period_capacity,True,True,800.0,794.94096727277,165.0,True,True,0.1071525569951912,522.6672924901178,recurring
corridor-0aa12c24bee8415f895f807899a67d1d,state_transition__VA608_NB::110+18860__Weekday__0011,state_transition,multiday_average,VA608_NB::110+18860,110+18860,VA608_NB,16,30839,34667,34662,404.0,mapped_primary_link,NORTHBOUND,18.0,0.57598,1.0,mapped_network,mapped_network,inrix_reference_speed,Weekday,0,PM,6.0,16.25,22.0,16.25,975.0,31.5,45.0,26.83304347826087,29.07370622784201,12868.302021766376,1.0,0.25,3146.9489768274625,3146.9489768274625,15.0,19.0,15.0,19.0,4.0,episode_period_overlap_over_period_total,4.0,3200.0,4.021344381801993,episode_demand_over_period_capacity,True,True,800.0,789.3457583149307,330.0,True,True,0.1739257242854364,2267.1392363071686,recurring
corridor-0aa12c24bee8415f895f807899a67d1d,state_transition__VA608_NB::110P18849__Weekday__0012,state_transition,multiday_average,VA608_NB::110P18849,110P18849,VA608_NB,5,29769,34349,34681,203.0,mapped_primary_link,NORTHBOUND,1.0,0.075621,3.0,mapped_network,mapped_network,inrix_reference_speed,Weekday,0,PM,0.0,15.25,23.75,24.0,1440.0,31.5,45.0,21.410652173913043,24.867300795709426,13654.558809653114,1.0,0.25,2232.8331251500285,2232.8331251500285,15.0,19.0,15.0,19.0,4.0,episode_period_overlap_over_period_total,4.0,2400.0,5.689399504022131,episode_demand_over_period_capacity,True,True,600.0,572.2808701110221,510.0,True,True,0.4712302896770197,9590.624897656686,recurring
corridor-bc63ff54b83746a48539f26ff4160cb7,state_transition__VA608_SB::110-18851__Weekday__0003,state_transition,multiday_average,VA608_SB::110-18851,110-18851,VA608_SB,12,35628,36609,34656,203.0,mapped_primary_link,SOUTHBOUND,15.0,0.552336,3.0,mapped_network,mapped_network,inrix_reference_speed,Weekday,0,PM,6.75,17.5,20.5,14.0,840.0,31.5,45.0,23.76043478260869,27.11376729249012,8209.168676132607,1.0,0.25,2313.687584170661,2313.687584170661,15.0,19.0,15.0,19.0,4.0,episode_period_overlap_over_period_total,4.0,2400.0,3.4204869483885862,episode_demand_over_period_capacity,True,True,600.0,584.1349060554425,165.0,True,True,0.3257333162546432,3693.869169960471,recurring
corridor-bc63ff54b83746a48539f26ff4160cb7,state_transition__VA608_SB::110-18855__Weekday__0004,state_transition,multiday_average,VA608_SB::110-18855,110-18855,VA608_SB,8,30762,34645,35218,503.0,mapped_primary_link,SOUTHBOUND,9.0,0.315844,2.0,mapped_network,mapped_network,inrix_reference_speed,Weekday,0,PM,15.25,16.75,18.25,3.25,195.0,31.5,45.0,28.72086956521739,30.158977073650988,2894.7541741321206,0.7505340587318962,0.3330961427951724,2672.6824164074287,3561.040815287181,15.25,18.25,15.0,19.0,4.0,episode_period_overlap_over_period_total,4.0,3600.0,0.8040983817033669,episode_demand_over_period_capacity,True,True,900.0,889.8805459588986,75.0,True,True,0.0967634503012502,283.75242094861613,recurring
corridor-bc63ff54b83746a48539f26ff4160cb7,state_transition__VA608_SB::110-18856__Weekday__0005,state_transition,multiday_average,VA608_SB::110-18856,110-18856,VA608_SB,9,32125,35231,35876,404.0,mapped_primary_link,SOUTHBOUND,7.0,1.098022,1.0,mapped_network,mapped_network,inrix_reference_speed,Weekday,0,AM,7.25,7.5,9.0,2.0,120.0,31.5,45.0,31.046739130434784,31.37716897233201,1594.5235746011062,0.5844177611421277,0.5703682459648385,1395.2337924392375,2387.3911527133127,7.25,9.0,6.0,9.0,3.0,episode_period_overlap_over_period_total,3.0,2400.0,0.664384822750461,episode_demand_over_period_capacity,True,True,800.0,797.8001361345728,60.0,True,True,0.0145993067955045,19.44204545454509,recurring
corridor-bc63ff54b83746a48539f26ff4160cb7,state_transition__VA608_SB::110-18856__Weekday__0006,state_transition,multiday_average,VA608_SB::110-18856,110-18856,VA608_SB,9,32125,35231,35876,404.0,mapped_primary_link,SOUTHBOUND,7.0,1.098022,1.0,mapped_network,mapped_network,inrix_reference_speed,Weekday,0,PM,14.5,17.25,18.5,4.25,255.0,31.5,45.0,30.219565217391303,30.802252383166707,3391.395485036693,0.8749578892759817,0.2857280368165745,2792.5715774556197,3191.6639779846346,15.0,18.5,15.0,19.0,4.0,episode_period_overlap_over_period_total,4.0,3200.0,1.0598110890739667,episode_demand_over_period_capacity,True,True,800.0,797.7957054376553,60.0,True,True,0.0423710524422702,183.09530632411,recurring
corridor-bc63ff54b83746a48539f26ff4160cb7,state_transition__VA608_SB::110-18857__Weekday__0007,state_transition,multiday_average,VA608_SB::110-18857,110-18857,VA608_SB,10,30844,34668,35832,404.0,mapped_primary_link,SOUTHBOUND,5.0,0.312819,1.0,mapped_network,mapped_network,inrix_reference_speed,Weekday,0,PM,6.0,17.5,22.75,17.0,1020.0,31.5,45.0,18.00891304347826,26.520042722622648,13141.329542900014,1.0,0.25,2924.382612583353,2924.382612583353,15.0,19.0,15.0,19.0,4.0,episode_period_overlap_over_period_total,4.0,3200.0,4.106665482156254,episode_demand_over_period_capacity,True,True,800.0,792.068201671821,300.0,True,True,0.7491338829806498,5099.134683794463,recurring
corridor-bc63ff54b83746a48539f26ff4160cb7,state_transition__VA608_SB::110-18858__Weekday__0009,state_transition,multiday_average,VA608_SB::110-18858,110-18858,VA608_SB,11,33223,35828,35827,404.0,mapped_primary_link,SOUTHBOUND,3.0,0.550283,1.0,mapped_network,mapped_network,inrix_reference_speed,Weekday,0,PM,14.5,17.5,19.0,4.75,285.0,31.5,45.0,25.603863636363634,29.29829259413356,3740.149783631096,1.0,0.25,3143.912405479556,3143.912405479556,15.0,19.0,15.0,19.0,4.0,episode_period_overlap_over_period_total,4.0,3200.0,1.1687968073847173,episode_demand_over_period_capacity,True,True,800.0,786.6602132417527,75.0,True,True,0.2302830716244883,642.9604743082996,recurring
corridor-bc63ff54b83746a48539f26ff4160cb7,state_transition__VA608_SB::110-18859__Weekday__0010,state_transition,multiday_average,VA608_SB::110-18859,110-18859,VA608_SB,16,30820,34662,34667,404.0,mapped_primary_link,SOUTHBOUND,2.0,0.57598,1.0,mapped_network,mapped_network,inrix_reference_speed,Weekday,0,MD,6.75,9.0,9.75,3.25,195.0,31.5,45.0,28.891739130434782,30.235719063545144,2578.10677864158,0.1247667554282318,1.3358259265028052,595.4083784809359,4772.171692990974,9.0,9.75,9.0,15.0,6.0,episode_period_overlap_over_period_total,6.0,4800.0,0.5371055788836624,episode_demand_over_period_capacity,True,True,800.0,794.8458042395512,30.0,True,True,0.0902770462446012,285.2967391304342,recurring
corridor-bc63ff54b83746a48539f26ff4160cb7,state_transition__VA608_SB::110-18859__Weekday__0011,state_transition,multiday_average,VA608_SB::110-18859,110-18859,VA608_SB,16,30820,34662,34667,404.0,mapped_primary_link,SOUTHBOUND,2.0,0.57598,1.0,mapped_network,mapped_network,inrix_reference_speed,Weekday,0,PM,11.0,17.5,21.0,10.25,615.0,31.5,45.0,25.83318181818182,29.54088077219705,8105.50331828168,1.0,0.25,3133.9525581651505,3133.9525581651505,15.0,19.0,15.0,19.0,4.0,episode_period_overlap_over_period_total,4.0,3200.0,2.532969786963025,episode_demand_over_period_capacity,True,True,800.0,791.9879736280313,165.0,True,True,0.2193619903929053,1208.0679841897213,recurring
corridor-bc63ff54b83746a48539f26ff4160cb7,state_transition__VA608_SB::110N18852__Weekday__0014,state_transition,multiday_average,VA608_SB::110N18852,110N18852,VA608_SB,4,33322,35858,34654,203.0,mapped_primary_link,SOUTHBOUND,14.0,0.422341,2.0,mapped_network,mapped_network,inrix_reference_speed,Weekday,0,PM,16.0,17.75,18.5,2.75,165.0,31.5,45.0,29.452391304347824,30.9524154589372,1637.2050755240552,0.6248791475911856,0.4000773605003657,1487.992775228342,2381.2488878278764,16.0,18.5,15.0,19.0,4.0,episode_period_overlap_over_period_total,4.0,2400.0,0.6821687814683564,episode_demand_over_period_capacity,True,True,600.0,594.5192854852307,30.0,True,True,0.06952266369454,87.38478260869542,recurring
corridor-f73e024f47cd445f83a4d91ead8cb50e,state_transition__VA611_NB::110+10081__Weekday__0002,state_transition,multiday_average,VA611_NB::110+10081,110+10081,VA611_NB,16,29266,34199,34256,403.0,mapped_primary_link,NORTHBOUND,5.0,1.551451,2.0,mapped_network,mapped_network,inrix_reference_speed,Weekday,0,AM,7.0,7.75,9.0,2.25,135.0,31.5,45.0,24.7605,29.08324879227054,1853.933599850568,0.6681872714549676,0.4988621417578115,1645.8259898726023,2463.1208348055497,7.0,9.0,6.0,9.0,3.0,episode_period_overlap_over_period_total,3.0,2520.0,0.7356879364486381,episode_demand_over_period_capacity,True,True,840.0,824.9721601810941,60.0,True,True,0.2721875567940872,368.83532608695606,recurring
corridor-f73e024f47cd445f83a4d91ead8cb50e,state_transition__VA611_NB::110+10081__Weekday__0003,state_transition,multiday_average,VA611_NB::110+10081,110+10081,VA611_NB,16,29266,34199,34256,403.0,mapped_primary_link,NORTHBOUND,5.0,1.551451,2.0,mapped_network,mapped_network,inrix_reference_speed,Weekday,0,PM,13.0,15.5,19.0,6.25,375.0,31.5,45.0,22.171818181818185,27.61736520045172,5101.970827474218,1.0,0.25,3224.190783447906,3224.190783447906,15.0,19.0,15.0,19.0,4.0,episode_period_overlap_over_period_total,4.0,3360.0,1.518443698653041,episode_demand_over_period_capacity,True,True,840.0,804.8447938744167,195.0,True,True,0.4207224568452989,1460.1936398927146,recurring
corridor-f73e024f47cd445f83a4d91ead8cb50e,state_transition__VA611_NB::110+10082__Weekday__0004,state_transition,multiday_average,VA611_NB::110+10082,110+10082,VA611_NB,20,29271,34200,34226,503.0,mapped_primary_link,NORTHBOUND,7.0,1.514306,1.0,mapped_network,mapped_network,inrix_reference_speed,Weekday,0,PM,6.75,17.5,20.25,13.75,825.0,31.5,45.0,23.63608695652174,28.431212403538492,12156.000491933864,1.0,0.25,3443.8056207786344,3443.8056207786344,15.0,19.0,15.0,19.0,4.0,episode_period_overlap_over_period_total,4.0,3600.0,3.3766668033149623,episode_demand_over_period_capacity,True,True,900.0,888.6089705286035,150.0,True,True,0.3327079079520996,2538.532375776395,recurring
corridor-f73e024f47cd445f83a4d91ead8cb50e,state_transition__VA611_NB::110+10083__Weekday__0005,state_transition,multiday_average,VA611_NB::110+10083,110+10083,VA611_NB,19,34808,36342,34189,303.0,mapped_primary_link,NORTHBOUND,9.0,1.20534,1.0,mapped_network,mapped_network,inrix_reference_speed,Weekday,0,PM,6.75,16.5,20.0,13.5,810.0,31.5,45.0,25.594545454545457,29.70551533611317,9367.43067416129,1.0,0.25,2741.9718689413994,2741.9718689413994,15.0,19.0,15.0,19.0,4.0,episode_period_overlap_over_period_total,4.0,2800.0,3.345510955057604,episode_demand_over_period_capacity,True,True,700.0,689.7341228660149,165.0,True,True,0.230730979612133,1433.359401468095,recurring
corridor-f73e024f47cd445f83a4d91ead8cb50e,state_transition__VA611_NB::110+10084__Weekday__0006,state_transition,multiday_average,VA611_NB::110+10084,110+10084,VA611_NB,18,32335,35305,36349,203.0,mapped_primary_link,NORTHBOUND,10.0,1.888765,3.0,mapped_network,mapped_network,inrix_reference_speed,Weekday,0,PM,6.5,16.5,20.25,14.0,840.0,31.5,45.0,23.201136363636365,28.34734084722309,8269.232720049426,1.0,0.25,2319.1214737493747,2319.1214737493747,15.0,19.0,15.0,19.0,4.0,episode_period_overlap_over_period_total,4.0,2400.0,3.445513633353927,episode_demand_over_period_capacity,True,True,600.0,588.4475253922267,210.0,True,True,0.3576921193123374,2593.861176595141,recurring
corridor-f73e024f47cd445f83a4d91ead8cb50e,state_transition__VA611_NB::110+10094__Weekday__0007,state_transition,multiday_average,VA611_NB::110+10094,110+10094,VA611_NB,13,29422,34246,34222,504.0,mapped_primary_link,NORTHBOUND,3.0,2.568666,1.0,mapped_network,mapped_network,inrix_reference_speed,Weekday,0,PM,15.75,17.0,19.0,3.5,210.0,31.5,45.0,29.66431818181818,30.542745472695007,2753.2517616947785,0.810945978829186,0.3082819405072343,2556.6945779376147,3152.731063083729,15.75,19.0,15.0,19.0,4.0,episode_period_overlap_over_period_total,4.0,3200.0,0.8603911755296183,episode_demand_over_period_capacity,True,True,800.0,782.3801922696798,105.0,True,True,0.0618818139331764,209.17799618859345,recurring
corridor-f73e024f47cd445f83a4d91ead8cb50e,state_transition__VA611_NB::110+10095__Weekday__0008,state_transition,multiday_average,VA611_NB::110+10095,110+10095,VA611_NB,12,35020,36411,36410,504.0,mapped_primary_link,NORTHBOUND,5.0,2.328335,1.0,mapped_network,mapped_network,inrix_reference_speed,Weekday,0,PM,7.5,15.25,19.0,11.75,705.0,31.5,45.0,28.069565217391304,30.106958083544576,9315.275437541572,1.0,0.25,3149.908480909869,3149.908480909869,15.0,19.0,15.0,19.0,4.0,episode_period_overlap_over_period_total,4.0,3200.0,2.911023574231742,episode_demand_over_period_capacity,True,True,800.0,787.0925183209752,180.0,True,True,0.1222118959107805,1003.31302936194,recurring
corridor-f73e024f47cd445f83a4d91ead8cb50e,state_transition__VA611_NB::110P10079__Weekday__0012,state_transition,multiday_average,VA611_NB::110P10079,110P10079,VA611_NB,9,32178,35252,34206,303.0,mapped_primary_link,NORTHBOUND,2.0,0.101108,2.0,mapped_network,mapped_network,inrix_reference_speed,Weekday,0,PM,4.5,17.0,21.0,16.75,1005.0,31.5,45.0,21.544347826086955,27.31588301915476,11303.734169488254,1.0,0.25,2640.5816010246945,2640.5816010246945,15.0,19.0,15.0,19.0,4.0,episode_period_overlap_over_period_total,4.0,2800.0,4.037047917674377,episode_demand_over_period_capacity,True,True,700.0,680.0961422706815,225.0,True,True,0.462100419761059,4112.2368824110645,recurring
corridor-f73e024f47cd445f83a4d91ead8cb50e,state_transition__VA611_NB::110P10084__Weekday__0013,state_transition,multiday_average,VA611_NB::110P10084,110P10084,VA611_NB,8,29183,34173,35242,203.0,mapped_primary_link,NORTHBOUND,9.5,0.017473,4.0,mapped_network,mapped_network,inrix_reference_speed,Weekday,0,PM,5.25,16.75,23.5,18.5,1110.0,31.5,45.0,22.71978260869565,26.79292936902613,10675.43407585872,1.0,0.25,2274.3719365328084,2274.3719365328084,15.0,19.0,15.0,19.0,4.0,episode_period_overlap_over_period_total,4.0,2400.0,4.4480975316078,episode_demand_over_period_capacity,True,True,600.0,582.5145318225441,390.0,True,True,0.386456927978873,5383.544985177862,recurring
corridor-8a1609e6e847479f94e2c2dc1a229706,state_transition__VA611_SB::110-10081__Weekday__0003,state_transition,multiday_average,VA611_SB::110-10081,110-10081,VA611_SB,18,29355,34226,34200,503.0,mapped_primary_link,SOUTHBOUND,4.0,1.514306,1.0,mapped_network,mapped_network,inrix_reference_speed,Weekday,0,PM,7.0,17.0,20.25,13.5,810.0,31.5,45.0,25.72543478260869,28.9905483187639,12024.383646313065,1.0,0.25,3524.4201322718245,3524.4201322718245,15.0,19.0,15.0,19.0,4.0,episode_period_overlap_over_period_total,4.0,3600.0,3.340106568420296,episode_demand_over_period_capacity,True,True,900.0,887.7215760096869,180.0,True,True,0.2244691009574351,2036.9102590344403,recurring
corridor-8a1609e6e847479f94e2c2dc1a229706,state_transition__VA611_SB::110-10082__Weekday__0004,state_transition,multiday_average,VA611_SB::110-10082,110-10082,VA611_SB,21,29237,34189,36342,303.0,mapped_primary_link,SOUTHBOUND,2.0,1.20534,1.0,mapped_network,mapped_network,inrix_reference_speed,Weekday,0,PM,7.5,17.5,20.25,13.0,780.0,31.5,45.0,27.153181818181817,30.409279945416905,9051.422569313469,1.0,0.25,2769.376749480261,2769.376749480261,15.0,19.0,15.0,19.0,4.0,episode_period_overlap_over_period_total,4.0,2800.0,3.232650917611953,episode_demand_over_period_capacity,True,True,700.0,696.9869911962485,150.0,True,True,0.1600850394228032,840.3701792772421,recurring
corridor-8a1609e6e847479f94e2c2dc1a229706,state_transition__VA611_SB::110-10083__Weekday__0006,state_transition,multiday_average,VA611_SB::110-10083,110-10083,VA611_SB,20,34829,36349,35305,203.0,mapped_primary_link,SOUTHBOUND,1.0,1.890235,3.0,mapped_network,mapped_network,inrix_reference_speed,Weekday,0,PM,14.0,17.5,20.0,6.25,375.0,31.5,45.0,24.704090909090908,28.64517468473556,3697.713037049705,1.0,0.25,2353.057138422821,2353.057138422821,15.0,19.0,15.0,19.0,4.0,episode_period_overlap_over_period_total,4.0,2400.0,1.5407137654373773,episode_demand_over_period_capacity,True,True,600.0,595.4661425626047,135.0,True,True,0.275092458002907,1095.5712521174464,recurring
corridor-8a1609e6e847479f94e2c2dc1a229706,state_transition__VA611_SB::110-10094__Weekday__0007,state_transition,multiday_average,VA611_SB::110-10094,110-10094,VA611_SB,16,35017,36410,36411,504.0,mapped_primary_link,SOUTHBOUND,4.0,2.328335,1.0,mapped_network,mapped_network,inrix_reference_speed,Weekday,0,PM,4.0,17.25,21.25,17.5,1050.0,31.5,45.0,25.93434782608696,28.261353536968144,13787.79401769848,1.0,0.25,3120.5283774704835,3120.5283774704835,15.0,19.0,15.0,19.0,4.0,episode_period_overlap_over_period_total,4.0,3200.0,4.308685630530775,episode_demand_over_period_capacity,True,True,800.0,786.1664825349553,225.0,True,True,0.2146054418347331,3313.4726531620518,recurring
corridor-8a1609e6e847479f94e2c2dc1a229706,state_transition__VA611_SB::110-10095__Weekday__0008,state_transition,multiday_average,VA611_SB::110-10095,110-10095,VA611_SB,14,35014,36409,36410,404.0,mapped_primary_link,SOUTHBOUND,3.0,1.867502,1.0,mapped_network,mapped_network,inrix_reference_speed,Weekday,0,AM,5.25,6.5,13.25,8.25,495.0,31.5,45.0,28.03152173913044,30.285729428674088,6567.058638172835,1.0,0.3333333333333333,2379.2161068617083,2379.2161068617083,6.0,9.0,6.0,9.0,3.0,episode_period_overlap_over_period_total,3.0,2400.0,2.7362744325720145,episode_demand_over_period_capacity,True,True,800.0,797.5283754563184,360.0,True,True,0.1237349257435338,611.18270750988,recurring
corridor-8a1609e6e847479f94e2c2dc1a229706,state_transition__VA611_SB::110-10095__Weekday__0009,state_transition,multiday_average,VA611_SB::110-10095,110-10095,VA611_SB,14,35014,36409,36410,404.0,mapped_primary_link,SOUTHBOUND,3.0,1.867502,1.0,mapped_network,mapped_network,inrix_reference_speed,Weekday,0,PM,14.0,16.75,20.75,7.0,420.0,31.5,45.0,27.207391304347823,29.555213458901346,5533.02295658436,1.0,0.25,3142.75420460784,3142.75420460784,15.0,19.0,15.0,19.0,4.0,episode_period_overlap_over_period_total,4.0,3200.0,1.7290696739326126,episode_demand_over_period_capacity,True,True,800.0,791.2662567006075,225.0,True,True,0.1577736228965913,822.4602484472036,recurring
corridor-8a1609e6e847479f94e2c2dc1a229706,state_transition__VA611_SB::110-10096__Weekday__0010,state_transition,multiday_average,VA611_SB::110-10096,110-10096,VA611_SB,13,35035,36415,34215,303.0,mapped_primary_link,SOUTHBOUND,1.0,1.269293,2.0,mapped_network,mapped_network,inrix_reference_speed,Weekday,0,PM,14.25,16.75,18.5,4.5,270.0,31.5,45.0,29.24434782608696,30.232816937490853,3129.075948650737,0.8751654096294333,0.2856602846150605,2432.4595295793188,2779.4283261369783,15.0,18.5,15.0,19.0,4.0,episode_period_overlap_over_period_total,4.0,2800.0,1.1175271245181204,episode_demand_over_period_capacity,True,True,700.0,694.2289359673839,90.0,True,True,0.0771312182212837,351.478557312252,recurring
corridor-8a1609e6e847479f94e2c2dc1a229706,state_transition__VA611_SB::110N10092__Weekday__0012,state_transition,multiday_average,VA611_SB::110N10092,110N10092,VA611_SB,4,29420,34245,36475,503.0,mapped_primary_link,SOUTHBOUND,6.75,0.084686,2.0,mapped_network,mapped_network,inrix_reference_speed,Weekday,0,AM,6.5,7.25,13.5,7.25,435.0,31.5,45.0,27.92630434782609,30.16762607332698,6444.051766636053,0.834455360619344,0.3994621510801115,2216.460138180853,2656.175803743134,6.5,9.0,6.0,9.0,3.0,episode_period_overlap_over_period_total,3.0,2700.0,2.3866858394948345,episode_demand_over_period_capacity,True,True,900.0,890.0679352382003,300.0,True,True,0.1279687998692207,612.2801383399194,recurring
corridor-8a1609e6e847479f94e2c2dc1a229706,state_transition__VA611_SB::110N10092__Weekday__0013,state_transition,multiday_average,VA611_SB::110N10092,110N10092,VA611_SB,4,29420,34245,36475,503.0,mapped_primary_link,SOUTHBOUND,6.75,0.084686,2.0,mapped_network,mapped_network,inrix_reference_speed,Weekday,0,PM,14.25,15.5,16.25,2.25,135.0,31.5,45.0,30.11934782608696,30.76903381642512,2015.5139055140853,0.3130058837746454,0.7987070306320257,1119.1184894770283,3575.391222622381,15.0,16.25,15.0,19.0,4.0,episode_period_overlap_over_period_total,4.0,3600.0,0.5598649737539126,episode_demand_over_period_capacity,True,True,900.0,896.2788179118522,30.0,True,True,0.0458393781261501,105.46304347826047,recurring
corridor-985b9b24036a4500a67faf8fcee2eb9c,state_transition__VA612_EB::110+56059__Weekday__0001,state_transition,multiday_average,VA612_EB::110+56059,110+56059,VA612_EB,1,38352,40068,40628,603.0,mapped_primary_link,EASTBOUND,4.0,2.095831,1.0,mapped_network,mapped_network,inrix_reference_speed,Weekday,0,AM,6.5,7.25,8.75,2.5,150.0,31.5,45.0,26.60652173913044,30.03353260869565,2163.736732289384,0.7582695642578688,0.4395974057848045,1947.797197445056,2568.739784975278,6.5,8.75,6.0,9.0,3.0,episode_period_overlap_over_period_total,3.0,2700.0,0.801383974921994,episode_demand_over_period_capacity,True,True,900.0,871.0421270861777,45.0,True,True,0.1839202549227876,206.53695652173872,recurring
corridor-985b9b24036a4500a67faf8fcee2eb9c,state_transition__VA612_EB::110+56062__Weekday__0002,state_transition,multiday_average,VA612_EB::110+56062,110+56062,VA612_EB,2,3831,1615,36510,600.0,mapped_primary_link,EASTBOUND,1.0,1.537157,7.0,mapped_network,mapped_network,inrix_reference_speed,Weekday,0,PM,14.25,17.5,19.5,5.5,330.0,31.5,45.0,20.951521739130435,26.11993726793628,16329.752268181734,1.0,0.25,11644.72199410083,11644.72199410083,15.0,19.0,15.0,19.0,4.0,episode_period_overlap_over_period_total,4.0,12600.0,1.296012084776328,episode_demand_over_period_capacity,True,True,3150.0,2942.6243680018533,105.0,True,True,0.503470745094784,1795.7848320158091,recurring
corridor-297ae89f271a44238326ce51cdda8aba,state_transition__VA612_WB::110-56058__Weekday__0001,state_transition,multiday_average,VA612_WB::110-56058,110-56058,VA612_WB,4,39853,40628,40068,603.0,mapped_primary_link,WESTBOUND,2.0,2.095831,1.0,mapped_network,mapped_network,inrix_reference_speed,Weekday,0,PM,15.25,17.25,19.25,4.25,255.0,31.5,45.0,22.602391304347822,27.327878787878788,3654.011205049555,0.9352702722828612,0.2673024123709029,3212.6813274393808,3435.0298760140045,15.25,19.0,15.0,19.0,4.0,episode_period_overlap_over_period_total,4.0,3600.0,1.0150031125137653,episode_demand_over_period_capacity,True,True,900.0,855.8687013824729,75.0,True,True,0.3936578468996161,947.2381422924894,recurring
corridor-297ae89f271a44238326ce51cdda8aba,state_transition__VA612_WB::110-56061__Weekday__0002,state_transition,multiday_average,VA612_WB::110-56061,110-56061,VA612_WB,3,35321,36510,1615,600.0,mapped_primary_link,WESTBOUND,5.0,1.537157,7.0,mapped_network,mapped_network,inrix_reference_speed,Weekday,0,AM,6.25,7.75,9.25,3.25,195.0,31.5,45.0,27.83282608695652,29.86081476823572,10130.145797085175,0.9164163266334991,0.3637356992076406,8561.35825697312,9342.214895301677,6.25,9.0,6.0,9.0,3.0,episode_period_overlap_over_period_total,3.0,9450.0,1.0719731002206534,episode_demand_over_period_capacity,True,True,3150.0,3119.130523655548,75.0,True,True,0.1317571525646133,292.627322134387,recurring
corridor-297ae89f271a44238326ce51cdda8aba,state_transition__VA612_WB::110-56061__Weekday__0003,state_transition,multiday_average,VA612_WB::110-56061,110-56061,VA612_WB,3,35321,36510,1615,600.0,mapped_primary_link,WESTBOUND,5.0,1.537157,7.0,mapped_network,mapped_network,inrix_reference_speed,Weekday,0,PM,15.0,16.0,18.5,3.75,225.0,31.5,45.0,30.15021739130435,30.90718115942029,11773.89967803291,0.8752873010277828,0.2856205039264755,10991.258351173316,12557.31499619282,15.0,18.5,15.0,19.0,4.0,episode_period_overlap_over_period_total,4.0,12600.0,0.9344364823835644,episode_demand_over_period_capacity,True,True,3150.0,3142.100006933912,120.0,True,True,0.0447685862817339,140.71304347826012,recurring
corridor-9bd364243e854b1a8a2f125c5a2456fd,state_transition__VA613_NB::110+11027__Weekday__0001,state_transition,multiday_average,VA613_NB::110+11027,110+11027,VA613_NB,3,34814,36344,34391,403.0,mapped_primary_link,NORTHBOUND,2.0,0.567106,3.0,mapped_network,mapped_network,inrix_reference_speed,Weekday,0,PM,6.5,17.25,20.75,14.5,870.0,31.5,45.0,25.381304347826084,27.97092485007496,11960.322756279558,1.0,0.25,3275.431864470921,3275.431864470921,15.0,19.0,15.0,19.0,4.0,episode_period_overlap_over_period_total,4.0,3360.0,3.559619867940345,episode_demand_over_period_capacity,True,True,840.0,827.1754677090943,195.0,True,True,0.2410709697312296,3087.2355978260844,recurring
corridor-9bd364243e854b1a8a2f125c5a2456fd,state_transition__VA613_NB::110+52245__Weekday__0002,state_transition,multiday_average,VA613_NB::110+52245,110+52245,VA613_NB,7,35796,36704,35013,203.0,mapped_primary_link,NORTHBOUND,3.5,0.519887,2.0,mapped_network,mapped_network,inrix_reference_speed,Weekday,0,PM,0.0,17.25,23.75,24.0,1440.0,31.5,45.0,16.03181818181818,23.77521479564072,13370.342310821316,1.0,0.25,2062.045004259078,2062.045004259078,15.0,19.0,15.0,19.0,4.0,episode_period_overlap_over_period_total,4.0,2400.0,5.570975962842216,episode_demand_over_period_capacity,True,True,600.0,585.6955930875084,390.0,True,True,0.964842642472356,10660.529668972327,recurring
corridor-9bd364243e854b1a8a2f125c5a2456fd,state_transition__VA613_NB::110+59112__Weekday__0003,state_transition,multiday_average,VA613_NB::110+59112,110+59112,VA613_NB,1,34931,36382,34184,203.0,mapped_primary_link,NORTHBOUND,2.0,1.973516,2.0,mapped_network,mapped_network,inrix_reference_speed,Weekday,0,PM,7.25,17.5,20.25,13.25,795.0,31.5,45.0,29.043695652173916,30.707663323141173,7923.547197752639,1.0,0.25,2390.299937534128,2390.299937534128,15.0,19.0,15.0,19.0,4.0,episode_period_overlap_over_period_total,4.0,2400.0,3.3014779990636,episode_demand_over_period_capacity,True,True,600.0,598.3825955226118,135.0,True,True,0.0845727202640698,673.3753458498002,recurring
corridor-9bd364243e854b1a8a2f125c5a2456fd,state_transition__VA613_NB::110+59113__Weekday__0004,state_transition,multiday_average,VA613_NB::110+59113,110+59113,VA613_NB,2,34764,36329,36325,203.0,mapped_primary_link,NORTHBOUND,4.0,1.282209,2.0,mapped_network,mapped_network,inrix_reference_speed,Weekday,0,AM,6.75,8.25,20.5,14.0,840.0,31.5,45.0,27.248695652173915,29.14205672058752,8331.324507121451,0.7486430694090017,0.4452500089214414,1334.966923732368,1783.1821041049984,6.75,9.0,6.0,9.0,3.0,episode_period_overlap_over_period_total,3.0,1800.0,4.628513615067473,episode_demand_over_period_capacity,True,True,600.0,595.6286808505804,690.0,True,True,0.156018636711769,1921.3770998023683,recurring
corridor-9bd364243e854b1a8a2f125c5a2456fd,state_transition__VA613_NB::110P11027__Weekday__0005,state_transition,multiday_average,VA613_NB::110P11027,110P11027,VA613_NB,8,29921,34391,35015,403.0,mapped_primary_link,NORTHBOUND,3.0,0.100141,2.0,mapped_network,mapped_network,inrix_reference_speed,Weekday,0,PM,0.0,17.25,23.75,24.0,1440.0,31.5,45.0,21.741086956521738,26.554307199122185,19367.62166395927,1.0,0.25,3138.0076164440134,3138.0076164440134,15.0,19.0,15.0,19.0,4.0,episode_period_overlap_over_period_total,4.0,3360.0,5.764173114273593,episode_demand_over_period_capacity,True,True,840.0,812.5329932873042,390.0,True,True,0.4488696017358438,7033.973044889888,recurring
corridor-9bd364243e854b1a8a2f125c5a2456fd,state_transition__VA613_NB::110P59111__Weekday__0006,state_transition,multiday_average,VA613_NB::110P59111,110P59111,VA613_NB,6,34980,36398,34125,303.0,mapped_primary_link,NORTHBOUND,1.0,0.011681,2.0,mapped_network,mapped_network,inrix_reference_speed,Weekday,0,AM,0.0,8.75,23.75,24.0,1440.0,31.5,45.0,23.013636363636365,26.723735529431817,16274.2703602728,1.0,0.3333333333333333,2019.2348516132267,2019.2348516132267,6.0,9.0,6.0,9.0,3.0,episode_period_overlap_over_period_total,3.0,2100.0,7.749652552510857,episode_demand_over_period_capacity,True,True,700.0,675.6035565119664,870.0,True,True,0.3687537033379418,6734.532903501133,recurring
corridor-cceb7643282241b8bc3402d31171227c,state_transition__VA613_SB::110-11026__Weekday__0001,state_transition,multiday_average,VA613_SB::110-11026,110-11026,VA613_SB,7,29922,34391,36344,403.0,mapped_primary_link,SOUTHBOUND,11.0,0.674291,3.0,mapped_network,mapped_network,inrix_reference_speed,Weekday,0,PM,5.25,17.5,22.75,17.75,1065.0,31.5,45.0,20.79065217391304,26.9736011342155,14466.519620293737,1.0,0.25,3126.7224117103297,3126.7224117103297,15.0,19.0,15.0,19.0,4.0,episode_period_overlap_over_period_total,4.0,3360.0,4.305511791754088,episode_demand_over_period_capacity,True,True,840.0,830.366223814903,255.0,True,True,0.5151039869506571,4742.0733201581,recurring
corridor-cceb7643282241b8bc3402d31171227c,state_transition__VA613_SB::110-11027__Weekday__0002,state_transition,multiday_average,VA613_SB::110-11027,110-11027,VA613_SB,8,31672,35013,36704,203.0,mapped_primary_link,SOUTHBOUND,9.0,0.496224,2.0,mapped_network,mapped_network,inrix_reference_speed,Weekday,0,MD,0.25,13.5,23.75,23.75,1425.0,31.5,45.0,20.64673913043478,25.447927991173582,13619.756041391693,1.0,0.1666666666666666,3324.3726350456814,3324.3726350456814,9.0,15.0,9.0,15.0,6.0,episode_period_overlap_over_period_total,6.0,3600.0,3.783265567053248,episode_demand_over_period_capacity,True,True,600.0,576.9607106301293,615.0,True,True,0.5256646485917347,8642.647276609256,recurring
corridor-cceb7643282241b8bc3402d31171227c,state_transition__VA613_SB::110-59111__Weekday__0003,state_transition,multiday_average,VA613_SB::110-59111,110-59111,VA613_SB,6,29220,34184,36382,203.0,mapped_primary_link,SOUTHBOUND,4.0,1.983725,2.0,mapped_network,mapped_network,inrix_reference_speed,Weekday,0,PM,8.25,17.25,20.0,12.0,720.0,31.5,45.0,28.03891304347826,30.298731717406984,7169.183511848472,1.0,0.25,2383.713775841535,2383.713775841535,15.0,19.0,15.0,19.0,4.0,episode_period_overlap_over_period_total,4.0,2400.0,2.98715979660353,episode_demand_over_period_capacity,True,True,600.0,597.238118373285,150.0,True,True,0.1234386993231455,876.3265033879142,recurring
corridor-cceb7643282241b8bc3402d31171227c,state_transition__VA613_SB::110-59112__Weekday__0004,state_transition,multiday_average,VA613_SB::110-59112,110-59112,VA613_SB,5,34752,36325,36329,203.0,mapped_primary_link,SOUTHBOUND,2.0,1.282209,2.0,mapped_network,mapped_network,inrix_reference_speed,Weekday,0,PM,5.75,17.5,19.75,14.25,855.0,31.5,45.0,25.68260869565217,28.96610916289406,8455.78745238564,1.0,0.25,2352.4944048343887,2352.4944048343887,15.0,19.0,15.0,19.0,4.0,episode_period_overlap_over_period_total,4.0,2400.0,3.5232447718273505,episode_demand_over_period_capacity,True,True,600.0,597.7127323448344,120.0,True,True,0.2265109192483492,2188.549491812532,recurring
corridor-221bb185469d4ac0815d64942ebda33d,state_transition__VA617_NB::110+52357__Weekday__0001,state_transition,multiday_average,VA617_NB::110+52357,110+52357,VA617_NB,2,29947,34398,36463,203.0,mapped_primary_link,NORTHBOUND,4.0,0.594025,3.0,mapped_network,mapped_network,inrix_reference_speed,Weekday,0,MD,5.75,14.25,23.75,18.25,1095.0,31.5,45.0,22.622826086956525,25.79030001153164,10582.401188188043,1.0,0.1666666666666666,3444.383359415602,3444.383359415602,9.0,15.0,9.0,15.0,6.0,episode_period_overlap_over_period_total,6.0,3600.0,2.93955588560779,episode_demand_over_period_capacity,True,True,600.0,576.1765765060177,540.0,True,True,0.3923989814058517,6086.804400762278,recurring
corridor-221bb185469d4ac0815d64942ebda33d,state_transition__VA617_NB::110+52358__Weekday__0002,state_transition,multiday_average,VA617_NB::110+52358,110+52358,VA617_NB,3,29892,34384,36459,203.0,mapped_primary_link,NORTHBOUND,6.0,2.07148,2.0,mapped_network,mapped_network,inrix_reference_speed,Weekday,0,AM,0.0,8.25,23.75,24.0,1440.0,31.5,45.0,18.29931818181818,24.244296125083483,13669.742723752372,1.0,0.3333333333333333,1659.1042011219336,1659.1042011219336,6.0,9.0,6.0,9.0,3.0,episode_period_overlap_over_period_total,3.0,1800.0,7.594301513195763,episode_demand_over_period_capacity,True,True,600.0,562.8258017097808,930.0,True,True,0.721375610119602,10230.542463632282,recurring
corridor-221bb185469d4ac0815d64942ebda33d,state_transition__VA617_NB::110+52359__Weekday__0003,state_transition,multiday_average,VA617_NB::110+52359,110+52359,VA617_NB,4,28751,34037,34041,303.0,mapped_primary_link,NORTHBOUND,8.0,0.351188,2.0,mapped_network,mapped_network,inrix_reference_speed,Weekday,0,PM,0.0,17.5,23.75,24.0,1440.0,31.5,45.0,16.44608695652174,24.86159352761793,15810.338351136948,1.0,0.25,2449.707135072897,2449.707135072897,15.0,19.0,15.0,19.0,4.0,episode_period_overlap_over_period_total,4.0,2800.0,5.646549411120338,episode_demand_over_period_capacity,True,True,700.0,678.5752776286391,375.0,True,True,0.9153492306878864,9360.153126058718,recurring
corridor-221bb185469d4ac0815d64942ebda33d,state_transition__VA617_NB::110+52360__Weekday__0004,state_transition,multiday_average,VA617_NB::110+52360,110+52360,VA617_NB,5,28764,34041,34066,403.0,mapped_primary_link,NORTHBOUND,10.0,1.397596,2.0,mapped_network,mapped_network,inrix_reference_speed,Weekday,0,PM,0.0,15.75,23.75,24.0,1440.0,31.5,45.0,24.18847826086957,27.28017323369565,19763.890784562554,1.0,0.25,3249.137209211727,3249.137209211727,15.0,19.0,15.0,19.0,4.0,episode_period_overlap_over_period_total,4.0,3360.0,5.882110352548379,episode_demand_over_period_capacity,True,True,840.0,824.3611553528916,480.0,True,True,0.3022729111057185,6076.550543478255,recurring
corridor-b8a7508b34a74fd283d1c1501758972b,state_transition__VA617_SB::110-52356__Weekday__0001,state_transition,multiday_average,VA617_SB::110-52356,110-52356,VA617_SB,4,35183,36463,34398,203.0,mapped_primary_link,SOUTHBOUND,8.0,0.589727,3.0,mapped_network,mapped_network,inrix_reference_speed,Weekday,0,PM,5.75,16.75,23.75,18.25,1095.0,31.5,45.0,19.148636363636363,25.79984480123561,10520.046022673783,1.0,0.25,2181.8106464361526,2181.8106464361526,15.0,19.0,15.0,19.0,4.0,episode_period_overlap_over_period_total,4.0,2400.0,4.383352509447411,episode_demand_over_period_capacity,True,True,600.0,581.07588943343,405.0,True,True,0.6450257554537469,6258.446887351774,recurring
corridor-b8a7508b34a74fd283d1c1501758972b,state_transition__VA617_SB::110-52357__Weekday__0002,state_transition,multiday_average,VA617_SB::110-52357,110-52357,VA617_SB,5,35170,36459,34384,203.0,mapped_primary_link,SOUTHBOUND,6.0,2.047181,2.0,mapped_network,mapped_network,inrix_reference_speed,Weekday,0,PM,0.0,16.5,23.75,24.0,1440.0,31.5,45.0,20.70391304347826,26.796699692576578,13998.392024274806,1.0,0.25,2220.3602084314966,2220.3602084314966,15.0,19.0,15.0,19.0,4.0,episode_period_overlap_over_period_total,4.0,2400.0,5.832663343447836,episode_demand_over_period_capacity,True,True,600.0,589.6969745704275,405.0,True,True,0.5214515214515214,6631.65343346702,recurring
corridor-b8a7508b34a74fd283d1c1501758972b,state_transition__VA617_SB::110-52358__Weekday__0003,state_transition,multiday_average,VA617_SB::110-52358,110-52358,VA617_SB,7,28763,34041,34037,303.0,mapped_primary_link,SOUTHBOUND,4.0,0.351188,2.0,mapped_network,mapped_network,inrix_reference_speed,Weekday,0,PM,5.75,17.5,23.75,18.25,1095.0,31.5,45.0,24.576363636363634,27.98719733484864,12546.768354342115,1.0,0.25,2717.6204122710787,2717.6204122710787,15.0,19.0,15.0,19.0,4.0,episode_period_overlap_over_period_total,4.0,2800.0,4.480988697979328,episode_demand_over_period_capacity,True,True,700.0,691.2446473119944,360.0,True,True,0.2817193164163645,3869.142831384211,recurring
corridor-b8a7508b34a74fd283d1c1501758972b,state_transition__VA617_SB::110-52359__Weekday__0004,state_transition,multiday_average,VA617_SB::110-52359,110-52359,VA617_SB,8,28850,34066,34041,403.0,mapped_primary_link,SOUTHBOUND,2.0,1.397596,2.0,mapped_network,mapped_network,inrix_reference_speed,Weekday,0,PM,0.0,15.5,23.75,24.0,1440.0,31.5,45.0,25.08478260869565,28.76923499144908,19934.694593359247,1.0,0.25,3282.9269619720326,3282.9269619720326,15.0,19.0,15.0,19.0,4.0,episode_period_overlap_over_period_total,4.0,3360.0,5.932944819452157,episode_demand_over_period_capacity,True,True,840.0,830.4326760473378,495.0,True,True,0.2557413987347254,3856.569571147696,recurring
corridor-b8a7508b34a74fd283d1c1501758972b,state_transition__VA617_SB::110N52355__Weekday__0005,state_transition,multiday_average,VA617_SB::110N52355,110N52355,VA617_SB,2,29032,34124,34227,302.0,mapped_primary_link,SOUTHBOUND,11.0,0.017669,2.0,mapped_network,mapped_network,inrix_reference_speed,Weekday,0,AM,7.5,7.75,8.5,1.25,75.0,31.5,45.0,30.64673913043478,31.745100790513835,1176.8337172969098,0.3331151413900362,1.0006550045800575,940.3634180773925,2822.938081269456,7.5,8.5,6.0,9.0,3.0,episode_period_overlap_over_period_total,3.0,2880.0,0.4086228185058714,episode_demand_over_period_capacity,True,True,960.0,945.3009904966938,30.0,True,True,0.0278418159248092,34.30760869565212,recurring
corridor-b8a7508b34a74fd283d1c1501758972b,state_transition__VA617_SB::110N52355__Weekday__0006,state_transition,multiday_average,VA617_SB::110N52355,110N52355,VA617_SB,2,29032,34124,34227,302.0,mapped_primary_link,SOUTHBOUND,11.0,0.017669,2.0,mapped_network,mapped_network,inrix_reference_speed,Weekday,0,PM,14.5,17.5,19.25,5.0,300.0,31.5,45.0,28.77913043478261,29.983790019762843,4752.767705161261,1.0,0.25,3800.800109483338,3800.800109483338,15.0,19.0,15.0,19.0,4.0,episode_period_overlap_over_period_total,4.0,3840.0,1.2376999232190784,episode_demand_over_period_capacity,True,True,960.0,950.2319572266426,90.0,True,True,0.0945431472081217,471.8032114624497,recurring
corridor-b8a7508b34a74fd283d1c1501758972b,state_transition__VA617_SB::110N52360__Weekday__0007,state_transition,multiday_average,VA617_SB::110N52360,110N52360,VA617_SB,1,28821,34059,36221,203.0,mapped_primary_link,SOUTHBOUND,1.0,0.034407,2.0,mapped_network,mapped_network,inrix_reference_speed,Weekday,0,PM,0.0,16.5,23.75,24.0,1440.0,31.5,45.0,9.873695652173913,13.814132847627414,10942.779576522931,1.0,0.25,1657.4011800120802,1657.4011800120802,15.0,19.0,15.0,19.0,4.0,episode_period_overlap_over_period_total,4.0,2400.0,4.559491490217889,episode_demand_over_period_capacity,True,True,600.0,420.4808066941117,435.0,True,True,2.190294810541844,23875.920655702983,severe
corridor-c0dab491e4564610a9eff74c04d57590,state_transition__VA619_NB::110+57952__Weekday__0002,state_transition,multiday_average,VA619_NB::110+57952,110+57952,VA619_NB,8,38608,40146,40466,403.0,mapped_primary_link,NORTHBOUND,4.5,0.456646,2.0,mapped_network,mapped_network,inrix_reference_speed,Weekday,0,PM,15.0,16.75,18.25,3.5,210.0,31.5,45.0,28.126956521739128,29.790661349520043,2913.3599577873047,0.812327597208727,0.3077576101797298,2705.38827757804,3330.415323662692,15.0,18.25,15.0,19.0,4.0,episode_period_overlap_over_period_total,4.0,3360.0,0.8670714160081264,episode_demand_over_period_capacity,True,True,840.0,832.5016772211452,75.0,True,True,0.1199220923761825,375.4676383399205,recurring
corridor-c0dab491e4564610a9eff74c04d57590,state_transition__VA619_NB::110+57955__Weekday__0004,state_transition,multiday_average,VA619_NB::110+57955,110+57955,VA619_NB,10,38957,40267,40795,303.0,mapped_primary_link,NORTHBOUND,4.5,0.447815,3.0,mapped_network,mapped_network,inrix_reference_speed,Weekday,0,PM,7.25,16.25,23.25,16.25,975.0,31.5,45.0,21.91272727272727,26.3964673152934,10974.54222755532,1.0,0.25,2635.601186630874,2635.601186630874,15.0,19.0,15.0,19.0,4.0,episode_period_overlap_over_period_total,4.0,2800.0,3.919479366984043,episode_demand_over_period_capacity,True,True,700.0,678.8450143559716,405.0,True,True,0.4375207434450714,5007.682411067191,recurring
corridor-c0dab491e4564610a9eff74c04d57590,state_transition__VA619_NB::110P57955__Weekday__0005,state_transition,multiday_average,VA619_NB::110P57955,110P57955,VA619_NB,2,40350,40795,40151,303.0,mapped_primary_link,NORTHBOUND,4.5,0.057291,3.0,mapped_network,mapped_network,inrix_reference_speed,Weekday,0,PM,0.0,17.25,23.75,24.0,1440.0,31.5,45.0,14.14391304347826,20.14949202479153,14926.175090381916,1.0,0.25,2273.378941590131,2273.378941590131,15.0,19.0,15.0,19.0,4.0,episode_period_overlap_over_period_total,4.0,2800.0,5.3307768179935415,episode_demand_over_period_capacity,True,True,700.0,644.8151728324326,360.0,True,True,1.22710645230703,15663.701005787689,severe
corridor-b43cb08ffc074ea2bd826798369cabfd,state_transition__VA619_SB::110-57954__Weekday__0001,state_transition,multiday_average,VA619_SB::110-57954,110-57954,VA619_SB,12,40351,40795,40267,303.0,mapped_primary_link,SOUTHBOUND,1.5,0.456314,3.0,mapped_network,mapped_network,inrix_reference_speed,Weekday,0,MD,7.0,13.0,20.0,13.25,795.0,31.5,45.0,25.96326086956521,28.55695740067972,9141.75846223916,1.0,0.1666666666666666,4128.10846704894,4128.10846704894,9.0,15.0,9.0,15.0,6.0,episode_period_overlap_over_period_total,6.0,4200.0,2.1766091576759905,episode_demand_over_period_capacity,True,True,700.0,689.9759096142398,405.0,True,True,0.2132528405522853,2346.6221273291903,recurring
corridor-b43cb08ffc074ea2bd826798369cabfd,state_transition__VA619_SB::110N13237__Weekday__0002,state_transition,multiday_average,VA619_SB::110N13237,110N13237,VA619_SB,6,39500,40514,40059,504.0,mapped_primary_link,SOUTHBOUND,3.5,0.01408,1.0,mapped_network,mapped_network,inrix_reference_speed,Weekday,0,AM,3.75,7.0,23.75,20.25,1215.0,31.5,45.0,9.17086956521739,12.621545596289558,11624.838312237973,1.0,0.3333333333333333,1608.527127533131,1608.527127533131,6.0,9.0,6.0,9.0,3.0,episode_period_overlap_over_period_total,3.0,2400.0,4.843682630099155,episode_demand_over_period_capacity,True,True,800.0,574.6615530335223,1005.0,True,True,2.4347887924903997,22942.135143986445,severe
corridor-b43cb08ffc074ea2bd826798369cabfd,state_transition__VA619_SB::110N57951__Weekday__0003,state_transition,multiday_average,VA619_SB::110N57951,110N57951,VA619_SB,9,39355,40466,40146,403.0,mapped_primary_link,SOUTHBOUND,1.5,0.012355,2.0,mapped_network,mapped_network,inrix_reference_speed,Weekday,0,PM,5.25,17.5,21.75,16.75,1005.0,31.5,45.0,22.77695652173913,26.36821646285793,13562.115274455226,1.0,0.25,3191.723055424909,3191.723055424909,15.0,19.0,15.0,19.0,4.0,episode_period_overlap_over_period_total,4.0,3360.0,4.036343831683102,episode_demand_over_period_capacity,True,True,840.0,819.2630267340014,240.0,True,True,0.3829766926909346,5197.009846132126,recurring
corridor-b43cb08ffc074ea2bd826798369cabfd,state_transition__VA619_SB::110N57955__Weekday__0004,state_transition,multiday_average,VA619_SB::110N57955,110N57955,VA619_SB,8,38625,40151,40795,303.0,mapped_primary_link,SOUTHBOUND,1.5,0.048272,3.0,mapped_network,mapped_network,inrix_reference_speed,Weekday,0,PM,0.0,17.0,23.75,24.0,1440.0,31.5,45.0,17.583333333333332,24.400019738338347,15753.5289951927,1.0,0.25,2478.4457252038937,2478.4457252038937,15.0,19.0,15.0,19.0,4.0,episode_period_overlap_over_period_total,4.0,2800.0,5.626260355425964,episode_demand_over_period_capacity,True,True,700.0,677.8719561776524,405.0,True,True,0.791469194312796,10250.735375494069,recurring
corridor-9c589df85b9f43e09b8ea8820fd41f4a,state_transition__VA619_WB::110N18118__Weekday__0001,state_transition,multiday_average,VA619_WB::110N18118,110N18118,VA619_WB,6,38322,40059,40833,502.0,mapped_primary_link,WESTBOUND,5.0,0.057544,1.0,mapped_network,mapped_network,inrix_reference_speed,Weekday,0,PM,0.0,16.5,23.75,24.0,1440.0,31.5,45.0,16.63086956521739,22.139848132693977,24256.887751121285,1.0,0.25,3842.110746506832,3842.110746506832,15.0,19.0,15.0,19.0,4.0,episode_period_overlap_over_period_total,4.0,4400.0,5.512929034345746,episode_demand_over_period_capacity,True,True,1100.0,1021.7182261449832,435.0,True,True,0.8940681289378052,13197.814132901494,recurring
corridor-ab5b10939ada4d42bfc7bd258e01d085,state_transition__VA620_EB::110+10955__Weekday__0002,state_transition,multiday_average,VA620_EB::110+10955,110+10955,VA620_EB,16,29682,34325,34324,503.0,mapped_primary_link,EASTBOUND,8.0,1.631657,2.0,mapped_network,mapped_network,inrix_reference_speed,Weekday,0,PM,15.0,16.5,18.25,3.5,210.0,31.5,45.0,23.541666666666668,26.748462027103333,3014.010329834184,0.8088375287375633,0.3090855593585042,2792.9711509379217,3453.068201839252,15.0,18.25,15.0,19.0,4.0,episode_period_overlap_over_period_total,4.0,3600.0,0.8372250916206068,episode_demand_over_period_capacity,True,True,900.0,851.6839048964785,90.0,True,True,0.3380530973451325,1020.5945158102764,recurring
corridor-ab5b10939ada4d42bfc7bd258e01d085,state_transition__VA620_EB::110+10956__Weekday__0003,state_transition,multiday_average,VA620_EB::110+10956,110+10956,VA620_EB,21,29627,34308,34309,403.0,mapped_primary_link,EASTBOUND,12.0,1.112603,2.0,mapped_network,mapped_network,inrix_reference_speed,Weekday,0,AM,7.0,8.0,9.0,2.25,135.0,31.5,45.0,27.49727272727273,29.67627899073551,1858.0457687063367,0.6764202791246169,0.4927902719958568,1651.18842640829,2441.068781298456,7.0,9.0,6.0,9.0,3.0,episode_period_overlap_over_period_total,3.0,2520.0,0.7373197494866416,episode_demand_over_period_capacity,True,True,840.0,827.2779884831754,45.0,True,True,0.1455681555195556,269.0156902879725,recurring
corridor-ab5b10939ada4d42bfc7bd258e01d085,state_transition__VA620_EB::110+10956__Weekday__0004,state_transition,multiday_average,VA620_EB::110+10956,110+10956,VA620_EB,21,29627,34308,34309,403.0,mapped_primary_link,EASTBOUND,12.0,1.112603,2.0,mapped_network,mapped_network,inrix_reference_speed,Weekday,0,PM,13.25,17.25,20.75,7.75,465.0,31.5,45.0,23.97478260869565,27.648454749897773,6356.031723577431,1.0,0.25,3233.4668448922466,3233.4668448922466,15.0,19.0,15.0,19.0,4.0,episode_period_overlap_over_period_total,4.0,3360.0,1.8916761082075688,episode_demand_over_period_capacity,True,True,840.0,819.6919860897415,195.0,True,True,0.3138805266403104,1690.0569664031605,recurring
corridor-ab5b10939ada4d42bfc7bd258e01d085,state_transition__VA620_EB::110+10958__Weekday__0007,state_transition,multiday_average,VA620_EB::110+10958,110+10958,VA620_EB,19,28762,34040,36145,403.0,mapped_primary_link,EASTBOUND,17.0,1.425785,2.0,mapped_network,mapped_network,inrix_reference_speed,Weekday,0,AM,7.75,8.0,8.75,1.25,75.0,31.5,45.0,29.87909090909091,31.152350461133068,1037.8118760467594,0.3394401857900818,0.9820090469178416,829.275425749254,2443.067911417237,7.75,8.75,6.0,9.0,3.0,episode_period_overlap_over_period_total,3.0,2520.0,0.4118301095423648,episode_demand_over_period_capacity,True,True,840.0,827.319319194183,30.0,True,True,0.0542489427084917,65.29545454545453,recurring
corridor-ab5b10939ada4d42bfc7bd258e01d085,state_transition__VA620_EB::110+13724__Weekday__0013,state_transition,multiday_average,VA620_EB::110+13724,110+13724,VA620_EB,4,34535,36256,36303,303.0,mapped_primary_link,EASTBOUND,10.0,1.616651,2.0,mapped_network,mapped_network,inrix_reference_speed,Weekday,0,PM,11.75,15.25,18.5,7.0,420.0,31.5,45.0,30.152608695652173,31.19978649068323,4886.195587523211,0.8749366111283297,0.2857349856209545,2441.87986607438,2790.922033683446,15.0,18.5,15.0,19.0,4.0,episode_period_overlap_over_period_total,4.0,2800.0,1.7450698526868609,episode_demand_over_period_capacity,True,True,700.0,698.0061959702019,120.0,True,True,0.0446857291170998,160.71655138339827,recurring
corridor-ab5b10939ada4d42bfc7bd258e01d085,state_transition__VA620_EB::110+13726__Weekday__0014,state_transition,multiday_average,VA620_EB::110+13726,110+13726,VA620_EB,6,34489,36241,34038,403.0,mapped_primary_link,EASTBOUND,14.0,1.154476,3.0,mapped_network,mapped_network,inrix_reference_speed,Weekday,0,AM,7.0,8.5,9.75,3.0,180.0,32.011,45.73,25.205434782608695,29.240306324110676,2408.62800033896,0.6783771490611965,0.4913687523151864,1596.5931314758263,2353.5479249048194,7.0,9.0,6.0,9.0,3.0,episode_period_overlap_over_period_total,3.0,2520.0,0.95580476203927,episode_demand_over_period_capacity,True,True,840.0,805.1262586462076,60.0,True,True,0.2700038811505452,442.4305731225291,recurring
corridor-ab5b10939ada4d42bfc7bd258e01d085,state_transition__VA620_EB::110+58165__Weekday__0018,state_transition,multiday_average,VA620_EB::110+58165,110+58165,VA620_EB,24,36573,38250,38649,403.0,mapped_primary_link,EASTBOUND,2.5,2.359313,1.0,mapped_network,mapped_network,inrix_reference_speed,Weekday,0,PM,14.5,15.5,18.75,4.5,270.0,31.5,45.0,26.076521739130435,29.408437088274045,3651.053900961337,0.936873477717634,0.2668449966254119,3032.939660846885,3237.299094255061,15.0,18.75,15.0,19.0,4.0,episode_period_overlap_over_period_total,4.0,3360.0,1.0866231848099217,episode_demand_over_period_capacity,True,True,840.0,807.5212779664903,180.0,True,True,0.2079831932773108,610.0923913043472,recurring
corridor-ab5b10939ada4d42bfc7bd258e01d085,state_transition__VA620_EB::110+58166__Weekday__0019,state_transition,multiday_average,VA620_EB::110+58166,110+58166,VA620_EB,23,31664,35010,36562,303.0,mapped_primary_link,EASTBOUND,2.5,2.431008,1.0,mapped_network,mapped_network,inrix_reference_speed,Weekday,0,AM,6.75,7.5,9.75,3.25,195.0,31.5,45.0,26.195,29.28451311534315,2216.8834206644656,0.7447087344233023,0.4476022878816703,1522.258142106033,2044.098681459483,6.75,9.0,6.0,9.0,3.0,episode_period_overlap_over_period_total,3.0,2100.0,1.0556587717449837,episode_demand_over_period_capacity,True,True,700.0,685.0016007786186,90.0,True,True,0.2025195648024431,376.684683794466,recurring
corridor-ab5b10939ada4d42bfc7bd258e01d085,state_transition__VA620_EB::110+58166__Weekday__0020,state_transition,multiday_average,VA620_EB::110+58166,110+58166,VA620_EB,23,31664,35010,36562,303.0,mapped_primary_link,EASTBOUND,2.5,2.431008,1.0,mapped_network,mapped_network,inrix_reference_speed,Weekday,0,PM,12.5,15.5,20.0,7.75,465.0,31.5,45.0,29.30086956521739,30.57233520336606,5403.490770858357,1.0,0.25,2787.620491899021,2787.620491899021,15.0,19.0,15.0,19.0,4.0,episode_period_overlap_over_period_total,4.0,2800.0,1.9298181324494128,episode_demand_over_period_capacity,True,True,700.0,697.3056708272065,255.0,True,True,0.0750534188034186,448.2474308300382,recurring
corridor-ab5b10939ada4d42bfc7bd258e01d085,state_transition__VA620_EB::110+58168__Weekday__0023,state_transition,multiday_average,VA620_EB::110+58168,110+58168,VA620_EB,27,30873,34678,36551,303.0,mapped_primary_link,EASTBOUND,2.5,1.200351,1.0,mapped_network,mapped_network,inrix_reference_speed,Weekday,0,PM,15.0,16.5,19.0,4.25,255.0,31.5,45.0,30.05804347826087,30.63795861427575,2959.5203644070693,1.0,0.25,2784.8346813674216,2784.8346813674216,15.0,19.0,15.0,19.0,4.0,episode_period_overlap_over_period_total,4.0,2800.0,1.0569715587168105,episode_demand_over_period_capacity,True,True,700.0,696.7502769011388,135.0,True,True,0.0479724012237192,231.4585968379437,recurring
corridor-92c95e8ce3a94bbf81b6756b0344c007,state_transition__VA620_WB::110-10955__Weekday__0001,state_transition,multiday_average,VA620_WB::110-10955,110-10955,VA620_WB,9,34680,36303,36256,303.0,mapped_primary_link,WESTBOUND,11.0,1.615851,2.0,mapped_network,mapped_network,inrix_reference_speed,Weekday,0,PM,7.25,16.5,20.0,13.0,780.0,31.5,45.0,23.01204545454545,28.2876354533148,8899.754007678712,1.0,0.25,2677.00686976752,2677.00686976752,15.0,19.0,15.0,19.0,4.0,episode_period_overlap_over_period_total,4.0,2800.0,3.1784835741709685,episode_demand_over_period_capacity,True,True,700.0,683.8518113475695,195.0,True,True,0.3688483304198393,2602.650769339353,recurring
corridor-92c95e8ce3a94bbf81b6756b0344c007,state_transition__VA620_WB::110-10956__Weekday__0003,state_transition,multiday_average,VA620_WB::110-10956,110-10956,VA620_WB,12,28755,34038,36241,403.0,mapped_primary_link,WESTBOUND,8.0,1.158855,3.0,mapped_network,mapped_network,inrix_reference_speed,Weekday,0,PM,14.25,17.25,19.0,5.0,300.0,32.0978,45.854,22.85954545454545,27.078537502352724,4030.307660568322,1.0,0.25,3197.6266642199344,3197.6266642199344,15.0,19.0,15.0,19.0,4.0,episode_period_overlap_over_period_total,4.0,3360.0,1.1994963275500958,episode_demand_over_period_capacity,True,True,840.0,810.8593058713892,90.0,True,True,0.4041311566681911,1515.589159232072,recurring
corridor-92c95e8ce3a94bbf81b6756b0344c007,state_transition__VA620_WB::110-10958__Weekday__0006,state_transition,multiday_average,VA620_WB::110-10958,110-10958,VA620_WB,8,34345,36193,34042,303.0,mapped_primary_link,WESTBOUND,4.0,1.680989,2.0,mapped_network,mapped_network,inrix_reference_speed,Weekday,0,AM,5.0,8.25,9.75,5.0,300.0,31.5,45.0,29.44454545454545,30.86803347920196,3485.280234409447,1.0,0.3333333333333333,2088.411962290868,2088.411962290868,6.0,9.0,6.0,9.0,3.0,episode_period_overlap_over_period_total,3.0,2100.0,1.6596572544806891,episode_demand_over_period_capacity,True,True,700.0,697.8833938488527,45.0,True,True,0.0698076507456235,192.63219579333656,recurring
corridor-92c95e8ce3a94bbf81b6756b0344c007,state_transition__VA620_WB::110-10958__Weekday__0008,state_transition,multiday_average,VA620_WB::110-10958,110-10958,VA620_WB,8,34345,36193,34042,303.0,mapped_primary_link,WESTBOUND,4.0,1.680989,2.0,mapped_network,mapped_network,inrix_reference_speed,Weekday,0,PM,13.25,15.5,21.5,8.5,510.0,31.5,45.0,27.29217391304348,30.05117385491746,5917.960461203321,1.0,0.25,2777.3555953786577,2777.3555953786577,15.0,19.0,15.0,19.0,4.0,episode_period_overlap_over_period_total,4.0,2800.0,2.1135573075726146,episode_demand_over_period_capacity,True,True,700.0,697.9065796675038,330.0,True,True,0.1541770216019879,747.9518774703542,recurring
corridor-92c95e8ce3a94bbf81b6756b0344c007,state_transition__VA620_WB::110-13723__Weekday__0012,state_transition,multiday_average,VA620_WB::110-13723,110-13723,VA620_WB,18,35392,36533,34324,303.0,mapped_primary_link,WESTBOUND,13.0,1.60588,2.0,mapped_network,mapped_network,inrix_reference_speed,Weekday,0,PM,15.0,15.75,18.0,3.25,195.0,32.211375,46.01625,27.816190476190474,29.99586402727707,2207.0215912817853,0.7499692149399578,0.3333470161438758,2035.552429241195,2714.1813139678807,15.0,18.0,15.0,19.0,4.0,episode_period_overlap_over_period_total,4.0,2800.0,0.7882219968863519,episode_demand_over_period_capacity,True,True,700.0,680.5615496999926,120.0,True,True,0.1580081401718764,446.1715813805753,recurring
corridor-92c95e8ce3a94bbf81b6756b0344c007,state_transition__VA620_WB::110-13725__Weekday__0014,state_transition,multiday_average,VA620_WB::110-13725,110-13725,VA620_WB,16,29630,34309,34308,403.0,mapped_primary_link,WESTBOUND,9.0,1.115419,2.0,mapped_network,mapped_network,inrix_reference_speed,Weekday,0,PM,14.75,17.5,20.25,5.75,345.0,31.5,45.0,27.14309523809524,29.97313879409815,4794.699419443577,1.0,0.25,3329.960843920803,3329.960843920803,15.0,19.0,15.0,19.0,4.0,episode_period_overlap_over_period_total,4.0,3360.0,1.426993874834398,episode_demand_over_period_capacity,True,True,840.0,836.6562099185496,120.0,True,True,0.1605161358233697,560.4075804630144,recurring
corridor-92c95e8ce3a94bbf81b6756b0344c007,state_transition__VA620_WB::110-58165__Weekday__0015,state_transition,multiday_average,VA620_WB::110-58165,110-58165,VA620_WB,5,35478,36562,35010,303.0,mapped_primary_link,WESTBOUND,17.5,2.431008,1.0,mapped_network,mapped_network,inrix_reference_speed,Weekday,0,PM,6.75,16.25,20.0,13.5,810.0,31.5,45.0,23.06782608695652,29.224443822280776,9303.362583084669,1.0,0.25,2688.867502722997,2688.867502722997,15.0,19.0,15.0,19.0,4.0,episode_period_overlap_over_period_total,4.0,2800.0,3.322629493958809,episode_demand_over_period_capacity,True,True,700.0,689.9878805475182,210.0,True,True,0.3655382991556091,1866.4472430830008,recurring
corridor-92c95e8ce3a94bbf81b6756b0344c007,state_transition__VA620_WB::110-58167__Weekday__0018,state_transition,multiday_average,VA620_WB::110-58167,110-58167,VA620_WB,6,35447,36551,34678,303.0,mapped_primary_link,WESTBOUND,17.5,1.200351,1.0,mapped_network,mapped_network,inrix_reference_speed,Weekday,0,PM,14.25,17.0,20.0,6.0,360.0,31.5,45.0,27.00586956521739,29.12348196640316,4152.634237390414,1.0,0.25,2759.5142446945265,2759.5142446945265,15.0,19.0,15.0,19.0,4.0,episode_period_overlap_over_period_total,4.0,2800.0,1.483083656210862,episode_demand_over_period_capacity,True,True,700.0,691.392287211094,165.0,True,True,0.1664130986017531,866.5421442687734,recurring
corridor-92c95e8ce3a94bbf81b6756b0344c007,state_transition__VA620_WB::110N10954__Weekday__0019,state_transition,multiday_average,VA620_WB::110N10954,110N10954,VA620_WB,22,29807,34359,36530,603.0,mapped_primary_link,WESTBOUND,15.0,0.347538,2.0,mapped_network,mapped_network,inrix_reference_speed,Weekday,0,PM,15.0,17.5,18.5,3.75,225.0,31.71665,45.3095,26.556818181818183,29.09985127674258,3313.6971378829853,0.8740783927780932,0.286015535981186,3089.6773261239323,3534.782865761017,15.0,18.5,15.0,19.0,4.0,episode_period_overlap_over_period_total,4.0,3600.0,0.9204714271897182,episode_demand_over_period_capacity,True,True,900.0,887.9136876701269,45.0,True,True,0.1942940522036798,610.839649491812,recurring
corridor-92c95e8ce3a94bbf81b6756b0344c007,state_transition__VA620_WB::110N10957__Weekday__0020,state_transition,multiday_average,VA620_WB::110N10957,110N10957,VA620_WB,24,32991,35749,35750,303.0,mapped_primary_link,WESTBOUND,6.0,0.458276,3.0,mapped_network,mapped_network,inrix_reference_speed,Weekday,0,AM,7.0,8.25,10.0,3.25,195.0,31.5,45.0,29.747608695652172,30.809693675889328,2258.0964553937238,0.6677108095003028,0.499218117470333,1387.7028764870715,2078.2992528241257,7.0,9.0,6.0,9.0,3.0,episode_period_overlap_over_period_total,3.0,2100.0,1.0752840263779635,episode_demand_over_period_capacity,True,True,700.0,695.8385005044439,90.0,True,True,0.0589086444653934,157.46086956521685,recurring
corridor-92c95e8ce3a94bbf81b6756b0344c007,state_transition__VA620_WB::110N10957__Weekday__0021,state_transition,multiday_average,VA620_WB::110N10957,110N10957,VA620_WB,24,32991,35749,35750,303.0,mapped_primary_link,WESTBOUND,6.0,0.458276,3.0,mapped_network,mapped_network,inrix_reference_speed,Weekday,0,PM,15.0,17.25,20.25,5.5,330.0,31.5,45.0,25.94608695652174,29.122812612288893,3797.257203234197,1.0,0.25,2754.953148774579,2754.953148774579,15.0,19.0,15.0,19.0,4.0,episode_period_overlap_over_period_total,4.0,2800.0,1.356163286869356,episode_demand_over_period_capacity,True,True,700.0,692.5076531339922,165.0,True,True,0.2140559018700985,808.2240118577064,recurring
corridor-92c95e8ce3a94bbf81b6756b0344c007,state_transition__VA620_WB::110N58168__Weekday__0023,state_transition,multiday_average,VA620_WB::110N58168,110N58168,VA620_WB,20,32971,35743,34753,203.0,mapped_primary_link,WESTBOUND,17.5,0.185651,1.0,mapped_network,mapped_network,inrix_reference_speed,Weekday,0,PM,14.0,16.75,20.5,6.75,405.0,31.5,45.0,23.561521739130438,27.74092955085709,3962.586137666108,1.0,0.25,2322.241168984512,2322.241168984512,15.0,19.0,15.0,19.0,4.0,episode_period_overlap_over_period_total,4.0,2400.0,1.6510775573608785,episode_demand_over_period_capacity,True,True,600.0,587.4040975652539,195.0,True,True,0.3369255326019762,1526.516219649914,recurring
corridor-ee7b9d697c8c4a498f39ad43f3df4b82,state_transition__VA623_NB::110+56096__Weekday__0001,state_transition,multiday_average,VA623_NB::110+56096,110+56096,VA623_NB,1,34847,36355,34156,404.0,mapped_primary_link,NORTHBOUND,2.0,1.081749,1.0,mapped_network,mapped_network,inrix_reference_speed,Weekday,0,AM,6.25,8.5,23.75,17.75,1065.0,31.5,45.0,22.76826086956521,28.328800910809417,13949.83740100852,0.915287410769232,0.3641843309668065,2135.880437030423,2333.5625639550444,6.25,9.0,6.0,9.0,3.0,episode_period_overlap_over_period_total,3.0,2400.0,5.812432250420217,episode_demand_over_period_capacity,True,True,800.0,790.3590895705853,885.0,True,True,0.383504879026868,3293.017144268771,recurring
corridor-958d819105e541e18005c21606d6c698,state_transition__VA623_SB::110-56095__Weekday__0001,state_transition,multiday_average,VA623_SB::110-56095,110-56095,VA623_SB,3,29127,34156,36355,404.0,mapped_primary_link,SOUTHBOUND,2.0,1.105308,1.0,mapped_network,mapped_network,inrix_reference_speed,Weekday,0,PM,4.75,15.25,23.75,19.25,1155.0,31.5,45.0,24.31086956521739,28.9144395423927,15194.82864881321,1.0,0.25,3124.0117716543973,3124.0117716543973,15.0,19.0,15.0,19.0,4.0,episode_period_overlap_over_period_total,4.0,3200.0,4.7483839527541285,episode_demand_over_period_capacity,True,True,800.0,795.7145150965712,480.0,True,True,0.2957167128677456,2762.380583003949,recurring
corridor-b9e4b61628d8431dadad5b658ad75c40,state_transition__VA625_EB::110+11485__Weekday__0001,state_transition,multiday_average,VA625_EB::110+11485,110+11485,VA625_EB,12,35948,38049,38309,303.0,mapped_primary_link,EASTBOUND,2.0,0.711246,2.0,mapped_network,mapped_network,inrix_reference_speed,Weekday,0,PM,6.25,17.25,20.5,14.5,870.0,31.5,45.0,23.322727272727278,27.79411186452229,9963.94247630752,1.0,0.25,2692.689584546825,2692.689584546825,15.0,19.0,15.0,19.0,4.0,episode_period_overlap_over_period_total,4.0,2800.0,3.558550884395543,episode_demand_over_period_capacity,True,True,700.0,685.4341077313971,180.0,True,True,0.3506139154160981,3242.3281126482184,recurring
corridor-b9e4b61628d8431dadad5b658ad75c40,state_transition__VA625_EB::110+11486__Weekday__0002,state_transition,multiday_average,VA625_EB::110+11486,110+11486,VA625_EB,11,35891,38031,38201,303.0,mapped_primary_link,EASTBOUND,4.0,1.207515,1.0,mapped_network,mapped_network,inrix_reference_speed,Weekday,0,AM,0.0,8.0,23.75,24.0,1440.0,31.5,45.0,20.317272727272726,24.81343757884114,16051.375287678153,1.0,0.3333333333333333,1962.5373035931773,1962.5373035931773,6.0,9.0,6.0,9.0,3.0,episode_period_overlap_over_period_total,3.0,2100.0,7.6435120417515,episode_demand_over_period_capacity,True,True,700.0,667.3955949483599,915.0,True,True,0.5504049398183364,9428.053013833987,recurring
corridor-b9e4b61628d8431dadad5b658ad75c40,state_transition__VA625_EB::110+58056__Weekday__0003,state_transition,multiday_average,VA625_EB::110+58056,110+58056,VA625_EB,7,37386,38526,38080,304.0,mapped_primary_link,EASTBOUND,1.5,1.022749,2.0,mapped_network,mapped_network,inrix_reference_speed,Weekday,0,AM,7.5,8.25,9.0,1.75,105.0,31.5,45.0,30.612826086956524,31.26650621118012,1045.1804835557866,0.5055006045946597,0.6594123336422509,895.671472463541,1771.8504475019242,7.5,9.0,6.0,9.0,3.0,episode_period_overlap_over_period_total,3.0,1800.0,0.5806558241976593,episode_demand_over_period_capacity,True,True,600.0,597.6413965704601,30.0,True,True,0.0289804642839388,36.4255434782606,recurring
corridor-b9e4b61628d8431dadad5b658ad75c40,state_transition__VA625_EB::110+58058__Weekday__0005,state_transition,multiday_average,VA625_EB::110+58058,110+58058,VA625_EB,9,36299,38160,38640,304.0,mapped_primary_link,EASTBOUND,1.5,0.812774,3.0,mapped_network,mapped_network,inrix_reference_speed,Weekday,0,MD,13.0,14.0,17.5,4.75,285.0,31.996299999999994,45.709,23.562608695652177,30.550799232736576,2766.825992368724,0.3235114023948385,0.5151801928244052,1126.7088410378033,3482.7484678969054,13.0,15.0,9.0,15.0,6.0,episode_period_overlap_over_period_total,6.0,3600.0,0.7685627756579788,episode_demand_over_period_capacity,True,True,600.0,596.6398055558035,165.0,True,True,0.3579268922758973,381.3169565217376,recurring
corridor-b9e4b61628d8431dadad5b658ad75c40,state_transition__VA625_EB::110P11486__Weekday__0006,state_transition,multiday_average,VA625_EB::110P11486,110P11486,VA625_EB,5,35900,38033,38666,404.0,mapped_primary_link,EASTBOUND,5.0,0.012654,1.0,mapped_network,mapped_network,inrix_reference_speed,Weekday,0,AM,0.0,7.5,23.75,24.0,1440.0,31.5,45.0,16.889782608695654,19.934736589002043,17094.543716945962,1.0,0.3333333333333333,2080.107671722576,2080.107671722576,6.0,9.0,6.0,9.0,3.0,episode_period_overlap_over_period_total,3.0,2400.0,7.122726548727484,episode_demand_over_period_capacity,True,True,800.0,722.6914432218254,975.0,True,True,0.8650328858455711,16307.021409507115,recurring
corridor-1f655405a41f4709bdbb87b80ed691a9,state_transition__VA625_WB::110-11484__Weekday__0001,state_transition,multiday_average,VA625_WB::110-11484,110-11484,VA625_WB,5,36700,38309,38049,303.0,mapped_primary_link,WESTBOUND,4.0,0.751098,2.0,mapped_network,mapped_network,inrix_reference_speed,Weekday,0,AM,6.0,7.5,20.5,14.75,885.0,31.5,45.0,26.117608695652176,28.37403597507872,10185.504900637095,1.0,0.3333333333333333,2062.1171533332963,2062.1171533332963,6.0,9.0,6.0,9.0,3.0,episode_period_overlap_over_period_total,3.0,2100.0,4.850240428874808,episode_demand_over_period_capacity,True,True,700.0,691.1620412728728,765.0,True,True,0.2060828526481382,2768.496640316202,recurring
corridor-1f655405a41f4709bdbb87b80ed691a9,state_transition__VA625_WB::110-11485__Weekday__0002,state_transition,multiday_average,VA625_WB::110-11485,110-11485,VA625_WB,6,36415,38201,38031,303.0,mapped_primary_link,WESTBOUND,2.0,1.207515,1.0,mapped_network,mapped_network,inrix_reference_speed,Weekday,0,PM,0.0,16.75,23.75,24.0,1440.0,31.5,45.0,23.03369565217391,26.940679529816496,16384.16572768239,1.0,0.25,2652.8790557783923,2652.8790557783923,15.0,19.0,15.0,19.0,4.0,episode_period_overlap_over_period_total,4.0,2800.0,5.851487759886568,episode_demand_over_period_capacity,True,True,700.0,690.7161443254276,420.0,True,True,0.3675617007220046,6291.862248853227,recurring
corridor-1f655405a41f4709bdbb87b80ed691a9,state_transition__VA625_WB::110-58056__Weekday__0003,state_transition,multiday_average,VA625_WB::110-58056,110-58056,VA625_WB,8,36002,38067,38080,304.0,mapped_primary_link,WESTBOUND,4.5,0.667661,2.0,mapped_network,mapped_network,inrix_reference_speed,Weekday,0,AM,6.75,8.0,9.0,2.5,150.0,32.04284999999999,45.77549999999999,30.106818181818184,31.19934980237154,1488.7666015258328,0.7507144199032707,0.4440214873936792,1339.9147301593162,1784.8527943981198,6.75,9.0,6.0,9.0,3.0,episode_period_overlap_over_period_total,3.0,1800.0,0.8270925564032404,episode_demand_over_period_capacity,True,True,600.0,594.3346409547813,45.0,True,True,0.0643054276439942,147.8963478260854,recurring
corridor-1f655405a41f4709bdbb87b80ed691a9,state_transition__VA625_WB::110-58057__Weekday__0004,state_transition,multiday_average,VA625_WB::110-58057,110-58057,VA625_WB,11,37749,38640,38160,304.0,mapped_primary_link,WESTBOUND,4.5,0.69206,3.0,mapped_network,mapped_network,inrix_reference_speed,Weekday,0,PM,16.5,17.5,18.25,2.0,120.0,32.6081,46.583000000000006,29.6975,31.985745929794845,1187.304875684495,0.4397603538409963,0.5684914472540019,1038.8872851698436,2362.3941451199416,16.5,18.25,15.0,19.0,4.0,episode_period_overlap_over_period_total,4.0,2400.0,0.4947103648685396,episode_demand_over_period_capacity,True,True,600.0,592.6325368700043,30.0,True,True,0.098008249852681,113.01146668548846,recurring
corridor-1f655405a41f4709bdbb87b80ed691a9,state_transition__VA625_WB::110N58057__Weekday__0005,state_transition,multiday_average,VA625_WB::110N58057,110N58057,VA625_WB,1,36300,38160,38779,304.0,mapped_primary_link,WESTBOUND,4.5,0.184696,3.0,mapped_network,mapped_network,inrix_reference_speed,Weekday,0,AM,5.0,8.0,14.5,9.75,585.0,31.5,45.0,26.22608695652174,29.027194435998783,5765.584805699692,1.0,0.3333333333333333,1757.412755228522,1757.412755228522,6.0,9.0,6.0,9.0,3.0,episode_period_overlap_over_period_total,3.0,1800.0,3.203102669833162,episode_demand_over_period_capacity,True,True,600.0,594.4168180259937,375.0,True,True,0.2010941644562331,1469.56348814229,recurring
corridor-1f655405a41f4709bdbb87b80ed691a9,state_transition__VA625_WB::110N58058__Weekday__0008,state_transition,multiday_average,VA625_WB::110N58058,110N58058,VA625_WB,2,36759,38329,38119,304.0,mapped_primary_link,WESTBOUND,4.5,0.109543,3.0,mapped_network,mapped_network,inrix_reference_speed,Weekday,0,PM,9.25,17.25,20.5,11.5,690.0,31.528,45.04,25.01204545454545,27.983718207595807,6771.472757053543,1.0,0.25,2353.080473793981,2353.080473793981,15.0,19.0,15.0,19.0,4.0,episode_period_overlap_over_period_total,4.0,2400.0,2.821446982105643,episode_demand_over_period_capacity,True,True,600.0,593.6318728652587,180.0,True,True,0.2605126620809972,2455.442845849802,recurring
corridor-b09dd938ea6c46f39202d1f90298f94a,state_transition__VA626_EB::110+56102__Weekday__0001,state_transition,multiday_average,VA626_EB::110+56102,110+56102,VA626_EB,1,29107,34151,36352,203.0,mapped_primary_link,EASTBOUND,2.0,0.264532,1.0,mapped_network,mapped_network,inrix_reference_speed,Weekday,0,AM,0.0,8.75,23.75,24.0,1440.0,31.5,45.0,17.187608695652173,22.23713727819359,13240.974989315391,1.0,0.3333333333333333,1589.250746258709,1589.250746258709,6.0,9.0,6.0,9.0,3.0,episode_period_overlap_over_period_total,3.0,1800.0,7.356097216286329,episode_demand_over_period_capacity,True,True,600.0,529.6685487270977,900.0,True,True,0.8327156824304667,13060.63643774703,recurring
corridor-b09dd938ea6c46f39202d1f90298f94a,state_transition__VA626_EB::110+56103__Weekday__0002,state_transition,multiday_average,VA626_EB::110+56103,110+56103,VA626_EB,2,34837,36352,34158,203.0,mapped_primary_link,EASTBOUND,3.0,0.241727,1.0,mapped_network,mapped_network,inrix_reference_speed,Weekday,0,PM,0.0,15.5,23.75,24.0,1440.0,31.5,45.0,16.36173913043478,22.061800464815587,13279.194043556325,1.0,0.25,2090.358084779189,2090.358084779189,15.0,19.0,15.0,19.0,4.0,episode_period_overlap_over_period_total,4.0,2400.0,5.532997518148469,episode_demand_over_period_capacity,True,True,600.0,559.5979672861027,495.0,True,True,0.9252232142857142,13024.715358554484,recurring
corridor-b09dd938ea6c46f39202d1f90298f94a,state_transition__VA626_EB::110+56104__Weekday__0003,state_transition,multiday_average,VA626_EB::110+56104,110+56104,VA626_EB,3,29133,34158,34194,403.0,mapped_primary_link,EASTBOUND,5.0,1.177748,1.0,mapped_network,mapped_network,inrix_reference_speed,Weekday,0,PM,7.0,15.75,21.0,14.25,855.0,31.5,45.0,26.928695652173914,28.894213126690246,11865.178927915444,1.0,0.25,3313.056990516846,3313.056990516846,15.0,19.0,15.0,19.0,4.0,episode_period_overlap_over_period_total,4.0,3360.0,3.531303252355787,episode_demand_over_period_capacity,True,True,840.0,832.6981565877235,300.0,True,True,0.1697558770343579,2232.1347332015785,recurring
corridor-5e63a76e4b33491c99b81438938bc730,state_transition__VA626_WB::110-56101__Weekday__0001,state_transition,multiday_average,VA626_WB::110-56101,110-56101,VA626_WB,3,34836,36352,34151,203.0,mapped_primary_link,WESTBOUND,5.0,0.228867,1.0,mapped_network,mapped_network,inrix_reference_speed,Weekday,0,PM,0.0,16.25,23.75,24.0,1440.0,31.5,45.0,11.74304347826087,20.34733159782709,12751.60078147944,1.0,0.25,1813.6066095304427,1813.6066095304427,15.0,19.0,15.0,19.0,4.0,episode_period_overlap_over_period_total,4.0,2400.0,5.3131669922831,episode_demand_over_period_capacity,True,True,600.0,539.3096945617169,450.0,True,True,1.6824391869376871,15725.2624470638,severe
corridor-5e63a76e4b33491c99b81438938bc730,state_transition__VA626_WB::110-56102__Weekday__0002,state_transition,multiday_average,VA626_WB::110-56102,110-56102,VA626_WB,4,29134,34158,36352,203.0,mapped_primary_link,WESTBOUND,4.0,0.241727,1.0,mapped_network,mapped_network,inrix_reference_speed,Weekday,0,PM,0.0,16.75,23.75,24.0,1440.0,31.5,45.0,11.989999999999998,22.340599402909767,13136.403355135066,1.0,0.25,1894.575972432701,1894.575972432701,15.0,19.0,15.0,19.0,4.0,episode_period_overlap_over_period_total,4.0,2400.0,5.473501397972944,episode_demand_over_period_capacity,True,True,600.0,567.4280362633607,420.0,True,True,1.627189324437031,12914.754841897227,severe
corridor-5e63a76e4b33491c99b81438938bc730,state_transition__VA626_WB::110-56103__Weekday__0003,state_transition,multiday_average,VA626_WB::110-56103,110-56103,VA626_WB,5,29251,34194,34158,403.0,mapped_primary_link,WESTBOUND,2.0,1.177748,1.0,mapped_network,mapped_network,inrix_reference_speed,Weekday,0,PM,6.75,17.25,20.25,13.75,825.0,31.5,45.0,26.352608695652176,29.811804855658423,11472.361046065347,1.0,0.25,3308.1236669127265,3308.1236669127265,15.0,19.0,15.0,19.0,4.0,episode_period_overlap_over_period_total,4.0,3360.0,3.4143931684718303,episode_demand_over_period_capacity,True,True,840.0,836.4689751310906,165.0,True,True,0.1953275808021644,1368.456444099376,recurring
corridor-06985a9d9f7c469181f648c274d27077,state_transition__VA628_EB::110+56115__Weekday__0001,state_transition,multiday_average,VA628_EB::110+56115,110+56115,VA628_EB,2,29139,34160,34165,404.0,mapped_primary_link,EASTBOUND,2.0,1.384446,1.0,mapped_network,mapped_network,inrix_reference_speed,Weekday,0,AM,0.0,7.5,23.75,24.0,1440.0,31.5,45.0,24.555217391304343,27.79601439514078,18895.704646804657,1.0,0.3333333333333333,2335.9679375985843,2335.9679375985843,6.0,9.0,6.0,9.0,3.0,episode_period_overlap_over_period_total,3.0,2400.0,7.87321026950194,episode_demand_over_period_capacity,True,True,800.0,783.8398012364806,945.0,True,True,0.282823096127627,5222.619702851492,recurring
corridor-06985a9d9f7c469181f648c274d27077,state_transition__VA628_EB::110+56116__Weekday__0002,state_transition,multiday_average,VA628_EB::110+56116,110+56116,VA628_EB,1,29155,34165,36637,404.0,mapped_primary_link,EASTBOUND,3.0,0.444184,1.0,mapped_network,mapped_network,inrix_reference_speed,Weekday,0,AM,0.0,7.5,23.75,24.0,1440.0,31.5,45.0,20.63681818181818,24.964344207309903,18441.916132401,1.0,0.3333333333333333,2260.6840601763934,2260.6840601763934,6.0,9.0,6.0,9.0,3.0,episode_period_overlap_over_period_total,3.0,2400.0,7.684131721833751,episode_demand_over_period_capacity,True,True,800.0,761.7362784810258,975.0,True,True,0.5263980969582167,9411.344341473738,recurring
corridor-d5ce8bb22a474a1fa1b574a438f36102,state_transition__VA628_WB::110-56114__Weekday__0001,state_transition,multiday_average,VA628_WB::110-56114,110-56114,VA628_WB,2,29152,34165,34160,404.0,mapped_primary_link,WESTBOUND,3.0,1.384446,1.0,mapped_network,mapped_network,inrix_reference_speed,Weekday,0,MD,0.0,14.75,23.75,24.0,1440.0,31.5,45.0,24.187727272727276,27.519111937802275,18879.386617253687,1.0,0.1666666666666666,4668.7586907531095,4668.7586907531095,9.0,15.0,9.0,15.0,6.0,episode_period_overlap_over_period_total,6.0,4800.0,3.9332055452611847,episode_demand_over_period_capacity,True,True,800.0,787.9536682525927,540.0,True,True,0.3023133444834907,5493.6255258328565,recurring
corridor-d5ce8bb22a474a1fa1b574a438f36102,state_transition__VA628_WB::110-56115__Weekday__0002,state_transition,multiday_average,VA628_WB::110-56115,110-56115,VA628_WB,3,35711,36637,34165,404.0,mapped_primary_link,WESTBOUND,2.0,0.444184,1.0,mapped_network,mapped_network,inrix_reference_speed,Weekday,0,MD,0.0,9.0,23.75,24.0,1440.0,31.5,45.0,23.953043478260867,25.668895819609133,18599.90309523374,1.0,0.1666666666666666,4621.349164164387,4621.349164164387,9.0,15.0,9.0,15.0,6.0,episode_period_overlap_over_period_total,6.0,4800.0,3.874979811507029,episode_demand_over_period_capacity,True,True,800.0,771.1307019499237,885.0,True,True,0.3150729688521019,8396.79001976284,recurring
corridor-1face4ac12a943289b7c247db3e06e84,state_transition__VA629_NB::110+56110__Weekday__0001,state_transition,multiday_average,VA629_NB::110+56110,110+56110,VA629_NB,2,29063,34138,34163,503.0,mapped_primary_link,NORTHBOUND,2.0,3.028943,1.0,mapped_network,mapped_network,inrix_reference_speed,Weekday,0,AM,6.5,7.75,21.5,15.25,915.0,31.5,45.0,26.93931818181818,29.301406090593268,13628.284720952175,0.8326321245853501,0.4003368636531205,2227.9782448299925,2675.8254684678705,6.5,9.0,6.0,9.0,3.0,episode_period_overlap_over_period_total,3.0,2700.0,5.047512859611917,episode_demand_over_period_capacity,True,True,900.0,894.7048148147855,780.0,True,True,0.1692946268127861,1955.5709754376023,recurring
corridor-1face4ac12a943289b7c247db3e06e84,state_transition__VA629_NB::110+56111__Weekday__0002,state_transition,multiday_average,VA629_NB::110+56111,110+56111,VA629_NB,3,34357,36198,34169,403.0,mapped_primary_link,NORTHBOUND,4.0,1.575025,1.0,mapped_network,mapped_network,inrix_reference_speed,Weekday,0,PM,6.75,15.75,20.25,13.75,825.0,31.5,45.0,27.652608695652173,29.70654448504736,11483.664338540912,1.0,0.25,3325.396009191408,3325.396009191408,15.0,19.0,15.0,19.0,4.0,episode_period_overlap_over_period_total,4.0,3360.0,3.4177572436133667,episode_demand_over_period_capacity,True,True,840.0,836.4577003841711,225.0,True,True,0.1391330324994888,1438.9897233201557,recurring
corridor-1face4ac12a943289b7c247db3e06e84,state_transition__VA629_NB::110+56112__Weekday__0003,state_transition,multiday_average,VA629_NB::110+56112,110+56112,VA629_NB,1,29177,34171,35002,203.0,mapped_primary_link,NORTHBOUND,5.0,1.111567,1.0,mapped_network,mapped_network,inrix_reference_speed,Weekday,0,PM,0.0,17.0,23.75,24.0,1440.0,31.5,45.0,17.76695652173913,25.162380690635075,13675.53801667168,1.0,0.25,2082.929909580764,2082.929909580764,15.0,19.0,15.0,19.0,4.0,episode_period_overlap_over_period_total,4.0,2400.0,5.698140840279867,episode_demand_over_period_capacity,True,True,600.0,585.8541282542526,405.0,True,True,0.7729541895066563,8947.309530552364,recurring
corridor-dcfc8c068c8b4541b3c2a4db6fdfdac3,state_transition__VA629_SB::110-56109__Weekday__0001,state_transition,multiday_average,VA629_SB::110-56109,110-56109,VA629_SB,3,29147,34163,34138,503.0,mapped_primary_link,SOUTHBOUND,5.0,3.031148,1.0,mapped_network,mapped_network,inrix_reference_speed,Weekday,0,PM,6.75,15.5,21.75,15.25,915.0,31.5,45.0,27.64,29.07789406898637,13625.6514359091,1.0,0.25,3558.286353630508,3558.286353630508,15.0,19.0,15.0,19.0,4.0,episode_period_overlap_over_period_total,4.0,3600.0,3.784903176641417,episode_demand_over_period_capacity,True,True,900.0,891.981853058746,360.0,True,True,0.1396526772793052,2224.120306324108,recurring
corridor-dcfc8c068c8b4541b3c2a4db6fdfdac3,state_transition__VA629_SB::110-56110__Weekday__0002,state_transition,multiday_average,VA629_SB::110-56110,110-56110,VA629_SB,4,29168,34169,36198,403.0,mapped_primary_link,SOUTHBOUND,3.0,1.575025,1.0,mapped_network,mapped_network,inrix_reference_speed,Weekday,0,PM,7.0,16.0,20.0,13.25,795.0,31.5,45.0,26.48130434782609,30.17428425826293,11071.726611971984,1.0,0.25,3318.9548576572547,3318.9548576572547,15.0,19.0,15.0,19.0,4.0,episode_period_overlap_over_period_total,4.0,3360.0,3.295156729753567,episode_demand_over_period_capacity,True,True,840.0,836.0152022359273,225.0,True,True,0.189518446155614,1067.577710333142,recurring
corridor-dcfc8c068c8b4541b3c2a4db6fdfdac3,state_transition__VA629_SB::110-56111__Weekday__0003,state_transition,multiday_average,VA629_SB::110-56111,110-56111,VA629_SB,5,31639,35002,34171,203.0,mapped_primary_link,SOUTHBOUND,2.0,1.104947,1.0,mapped_network,mapped_network,inrix_reference_speed,Weekday,0,AM,5.75,8.25,22.5,17.0,1020.0,31.5,45.0,23.728863636363634,26.299868271913503,9902.786056558223,1.0,0.3333333333333333,1741.3524598051645,1741.3524598051645,6.0,9.0,6.0,9.0,3.0,episode_period_overlap_over_period_total,3.0,1800.0,5.501547809199014,episode_demand_over_period_capacity,True,True,600.0,581.2837073314428,840.0,True,True,0.3274971984637045,5331.454520750985,recurring
corridor-934c7be542a048598374847eafa28cd0,state_transition__VA633_EB::110+59119__Weekday__0002,state_transition,multiday_average,VA633_EB::110+59119,110+59119,VA633_EB,2,31165,34767,34996,503.0,mapped_primary_link,EASTBOUND,2.0,1.221311,1.0,mapped_network,mapped_network,inrix_reference_speed,Weekday,0,PM,14.25,16.75,20.0,6.0,360.0,31.5,45.0,19.017954545454543,26.62511577341741,5156.597930900891,1.0,0.25,3363.7712066425565,3363.7712066425565,15.0,19.0,15.0,19.0,4.0,episode_period_overlap_over_period_total,4.0,3600.0,1.4323883141391365,episode_demand_over_period_capacity,True,True,900.0,868.0693083767583,180.0,True,True,0.6563295450471445,1774.2626693958207,recurring
corridor-934c7be542a048598374847eafa28cd0,state_transition__VA633_EB::110+59120__Weekday__0003,state_transition,multiday_average,VA633_EB::110+59120,110+59120,VA633_EB,1,34422,36220,34192,403.0,mapped_primary_link,EASTBOUND,3.0,1.415884,1.0,mapped_network,mapped_network,inrix_reference_speed,Weekday,0,PM,0.25,16.0,23.75,23.75,1425.0,31.5,45.0,20.867608695652173,24.63774358944507,19096.216141938792,1.0,0.25,3097.7317544685025,3097.7317544685025,15.0,19.0,15.0,19.0,4.0,episode_period_overlap_over_period_total,4.0,3360.0,5.683397661291307,episode_demand_over_period_capacity,True,True,840.0,807.1486067139772,465.0,True,True,0.509516517173485,9778.715385040772,recurring
corridor-9c81fc342db34796ac7949cdbec298e9,state_transition__VA633_WB::110-59118__Weekday__0002,state_transition,multiday_average,VA633_WB::110-59118,110-59118,VA633_WB,3,31619,34996,34767,503.0,mapped_primary_link,WESTBOUND,3.0,1.19525,1.0,mapped_network,mapped_network,inrix_reference_speed,Weekday,0,PM,14.75,17.0,19.5,5.0,300.0,31.5,45.0,27.613260869565217,29.86354891304348,4460.392185421399,1.0,0.25,3562.705294712446,3562.705294712446,15.0,19.0,15.0,19.0,4.0,episode_period_overlap_over_period_total,4.0,3600.0,1.2389978292837218,episode_demand_over_period_capacity,True,True,900.0,896.7053693691095,135.0,True,True,0.1407562529030632,502.749456521738,recurring
corridor-9c81fc342db34796ac7949cdbec298e9,state_transition__VA633_WB::110-59119__Weekday__0003,state_transition,multiday_average,VA633_WB::110-59119,110-59119,VA633_WB,2,29245,34192,36220,403.0,mapped_primary_link,WESTBOUND,2.0,1.42911,1.0,mapped_network,mapped_network,inrix_reference_speed,Weekday,0,PM,0.25,16.5,23.75,23.75,1425.0,31.5,45.0,21.83891304347826,24.964347514042025,19177.292416955024,1.0,0.25,3143.3687992202517,3143.3687992202517,15.0,19.0,15.0,19.0,4.0,episode_period_overlap_over_period_total,4.0,3360.0,5.707527505046138,episode_demand_over_period_capacity,True,True,840.0,811.2666530601367,435.0,True,True,0.4423794781950845,9313.304792490111,recurring
corridor-fd3c076e2a0a4e2e8670c4e4819667f1,state_transition__VA635_EB::110+59116__Weekday__0002,state_transition,multiday_average,VA635_EB::110+59116,110+59116,VA635_EB,1,29060,34137,34223,204.0,mapped_primary_link,EASTBOUND,1.0,0.979049,2.0,mapped_network,mapped_network,inrix_reference_speed,Weekday,0,PM,11.25,17.25,19.75,8.75,525.0,31.5,45.0,28.60978260869565,30.31906923371159,4349.474538135692,1.0,0.25,1983.2156249830985,1983.2156249830985,15.0,19.0,15.0,19.0,4.0,episode_period_overlap_over_period_total,4.0,2000.0,2.1747372690678457,episode_demand_over_period_capacity,True,True,500.0,497.24613587010873,135.0,True,True,0.1010219976444664,568.2529150197613,recurring
corridor-046d03c86d5946cb8c367a0a31dbe436,state_transition__VA635_WB::110-59115__Weekday__0001,state_transition,multiday_average,VA635_WB::110-59115,110-59115,VA635_WB,3,29344,34223,34137,204.0,mapped_primary_link,WESTBOUND,2.0,0.9518,2.0,mapped_network,mapped_network,inrix_reference_speed,Weekday,0,PM,5.75,15.5,23.75,18.25,1095.0,31.5,45.0,26.941304347826087,29.594662592640493,9049.500398182745,1.0,0.25,1969.0963170867112,1969.0963170867112,15.0,19.0,15.0,19.0,4.0,episode_period_overlap_over_period_total,4.0,2000.0,4.524750199091372,episode_demand_over_period_capacity,True,True,500.0,496.7257960705984,465.0,True,True,0.1692084241103848,1990.513347051869,recurring
corridor-350bde1327fc400b8a8040625cf5737d,state_transition__VA636_NB::110+56135__Weekday__0001,state_transition,multiday_average,VA636_NB::110+56135,110+56135,VA636_NB,1,29408,34242,36442,403.0,mapped_primary_link,NORTHBOUND,2.0,2.952538,1.0,mapped_network,mapped_network,inrix_reference_speed,Weekday,0,AM,6.5,7.5,9.25,3.0,180.0,31.5,45.0,27.961739130434783,29.6213134057971,2493.7486595386176,0.8327482392916307,0.4002810424635423,2074.390826902991,2491.0179680086167,6.5,9.0,6.0,9.0,3.0,episode_period_overlap_over_period_total,3.0,2520.0,0.9895828014042134,episode_demand_over_period_capacity,True,True,840.0,827.6346292527476,90.0,True,True,0.1265393705684785,357.9016304347822,recurring
corridor-350bde1327fc400b8a8040625cf5737d,state_transition__VA636_NB::110P56134__Weekday__0003,state_transition,multiday_average,VA636_NB::110P56134,110P56134,VA636_NB,2,29435,34250,34245,403.0,mapped_primary_link,NORTHBOUND,1.0,0.030775,2.0,mapped_network,mapped_network,inrix_reference_speed,Weekday,0,MD,5.5,10.0,21.0,15.75,945.0,31.5,45.0,28.81913043478261,30.452820802673287,13155.193178896072,1.0,0.1666666666666666,5003.790880034803,5003.790880034803,9.0,15.0,9.0,15.0,6.0,episode_period_overlap_over_period_total,6.0,5040.0,2.610157376765094,episode_demand_over_period_capacity,True,True,840.0,836.238313650639,540.0,True,True,0.0930239575161424,1027.4357248729505,recurring
corridor-f079165bbc5f43eb8cc6b34707b6a2f7,state_transition__VA636_SB::110-56134__Weekday__0001,state_transition,multiday_average,VA636_SB::110-56134,110-56134,VA636_SB,2,35119,36442,34242,403.0,mapped_primary_link,SOUTHBOUND,2.0,2.952538,1.0,mapped_network,mapped_network,inrix_reference_speed,Weekday,0,PM,14.5,17.25,20.0,5.75,345.0,31.5,45.0,25.95021739130435,29.29823380305894,4770.578146391125,1.0,0.25,3304.7694512001303,3304.7694512001303,15.0,19.0,15.0,19.0,4.0,episode_period_overlap_over_period_total,4.0,3360.0,1.4198149245211682,episode_demand_over_period_capacity,True,True,840.0,835.7017281321849,150.0,True,True,0.2138626634609743,776.9685770750978,recurring
corridor-f079165bbc5f43eb8cc6b34707b6a2f7,state_transition__VA636_SB::110N56134__Weekday__0002,state_transition,multiday_average,VA636_SB::110N56134,110N56134,VA636_SB,1,29419,34245,34250,403.0,mapped_primary_link,SOUTHBOUND,3.0,0.030775,2.0,mapped_network,mapped_network,inrix_reference_speed,Weekday,0,PM,0.0,17.5,23.75,24.0,1440.0,31.5,45.0,12.11108695652174,16.7913910182145,16272.346754306618,1.0,0.25,2473.755834375189,2473.755834375189,15.0,19.0,15.0,19.0,4.0,episode_period_overlap_over_period_total,4.0,3360.0,4.842960343543636,episode_demand_over_period_capacity,True,True,840.0,631.6571516151529,375.0,True,True,1.600922618513399,20297.880394863987,severe
corridor-93bd808b5c834705bbb839eccc84197f,state_transition__VA637_NB::110+11493__Weekday__0002,state_transition,multiday_average,VA637_NB::110+11493,110+11493,VA637_NB,9,35917,38038,38036,303.0,mapped_primary_link,NORTHBOUND,2.0,0.929227,2.0,mapped_network,mapped_network,inrix_reference_speed,Weekday,0,PM,6.75,17.5,21.75,15.25,915.0,31.5,45.0,26.61586956521739,28.878815687163872,10566.986563902352,1.0,0.25,2753.6778360995004,2753.6778360995004,15.0,19.0,15.0,19.0,4.0,episode_period_overlap_over_period_total,4.0,2800.0,3.7739237728222688,episode_demand_over_period_capacity,True,True,700.0,694.2998036275476,240.0,True,True,0.1835044473303764,2415.317341897231,recurring
corridor-93bd808b5c834705bbb839eccc84197f,state_transition__VA637_NB::110+11494__Weekday__0003,state_transition,multiday_average,VA637_NB::110+11494,110+11494,VA637_NB,8,35827,38010,38008,304.0,mapped_primary_link,NORTHBOUND,4.0,0.873805,2.0,mapped_network,mapped_network,inrix_reference_speed,Weekday,0,PM,12.5,18.75,19.5,7.25,435.0,31.5,45.0,30.345,31.39256882922175,4326.759206609639,1.0,0.25,2387.032730764873,2387.032730764873,15.0,19.0,15.0,19.0,4.0,episode_period_overlap_over_period_total,4.0,2400.0,1.8028163360873493,episode_demand_over_period_capacity,True,True,600.0,597.181734760661,30.0,True,True,0.0380622837370239,136.22075098814145,recurring
corridor-b990c6ab765f49d88e18eec6a37825a0,state_transition__VA637_SB::110-11487__Weekday__0001,state_transition,multiday_average,VA637_SB::110-11487,110-11487,VA637_SB,5,35920,38038,38581,203.0,mapped_primary_link,SOUTHBOUND,6.0,1.183903,2.0,mapped_network,mapped_network,inrix_reference_speed,Weekday,0,MD,12.0,14.0,15.25,3.5,210.0,31.5,45.0,30.657608695652176,31.45175465838509,2092.6069060989776,0.5009253956277517,0.332717542614909,1793.62972959442,3580.6324559501954,12.0,15.0,9.0,15.0,6.0,episode_period_overlap_over_period_total,6.0,3600.0,0.5812796961386049,episode_demand_over_period_capacity,True,True,600.0,598.5012877904671,60.0,True,True,0.0274773976245343,46.49999999999938,recurring
corridor-b990c6ab765f49d88e18eec6a37825a0,state_transition__VA637_SB::110-11487__Weekday__0002,state_transition,multiday_average,VA637_SB::110-11487,110-11487,VA637_SB,5,35920,38038,38581,203.0,mapped_primary_link,SOUTHBOUND,6.0,1.183903,2.0,mapped_network,mapped_network,inrix_reference_speed,Weekday,0,PM,16.75,17.25,18.5,2.0,120.0,31.5,45.0,29.593260869565217,30.89829051383399,1193.812657204839,0.4370388340135168,0.5720315462681926,1044.2754083027394,2389.433906165057,16.75,18.5,15.0,19.0,4.0,episode_period_overlap_over_period_total,4.0,2400.0,0.4974219405020162,episode_demand_over_period_capacity,True,True,600.0,596.4130030422647,60.0,True,True,0.064431531855813,94.6986166007902,recurring
corridor-b990c6ab765f49d88e18eec6a37825a0,state_transition__VA637_SB::110-11492__Weekday__0003,state_transition,multiday_average,VA637_SB::110-11492,110-11492,VA637_SB,2,35913,38036,38038,303.0,mapped_primary_link,SOUTHBOUND,6.0,0.929227,2.0,mapped_network,mapped_network,inrix_reference_speed,Weekday,0,PM,5.75,15.5,22.25,16.75,1005.0,31.5,45.0,26.622954545454547,29.383334759011262,11622.97323223238,1.0,0.25,2756.355529201275,2756.355529201275,15.0,19.0,15.0,19.0,4.0,episode_period_overlap_over_period_total,4.0,2800.0,4.151061868654422,episode_demand_over_period_capacity,True,True,700.0,691.6703608983951,390.0,True,True,0.1831894895894688,2137.305830039522,recurring
corridor-b990c6ab765f49d88e18eec6a37825a0,state_transition__VA637_SB::110-11493__Weekday__0004,state_transition,multiday_average,VA637_SB::110-11493,110-11493,VA637_SB,1,35820,38008,38010,304.0,mapped_primary_link,SOUTHBOUND,4.0,0.870649,2.0,mapped_network,mapped_network,inrix_reference_speed,Weekday,0,PM,0.25,16.0,23.75,23.75,1425.0,31.5,45.0,25.79,29.22117925247902,14102.569209362302,1.0,0.25,2353.716869958836,2353.716869958836,15.0,19.0,15.0,19.0,4.0,episode_period_overlap_over_period_total,4.0,2400.0,5.87607050390096,episode_demand_over_period_capacity,True,True,600.0,594.4274311818853,465.0,True,True,0.221403644823575,3247.969565217386,recurring
corridor-d6e30250093145ceb906e5673378bfb9,state_transition__VA638_NB::110+56126__Weekday__0001,state_transition,multiday_average,VA638_NB::110+56126,110+56126,VA638_NB,6,35039,36416,36421,303.0,mapped_primary_link,NORTHBOUND,2.0,1.005777,1.0,mapped_network,mapped_network,inrix_reference_speed,Weekday,0,PM,6.25,16.75,20.0,14.0,840.0,31.5,45.0,27.893043478260868,30.466220091050253,9753.425851251037,1.0,0.25,2779.097697269877,2779.097697269877,15.0,19.0,15.0,19.0,4.0,episode_period_overlap_over_period_total,4.0,2800.0,3.4833663754467987,episode_demand_over_period_capacity,True,True,700.0,697.5265267257365,180.0,True,True,0.1293138385759267,890.7389081027641,recurring
corridor-d6e30250093145ceb906e5673378bfb9,state_transition__VA638_NB::110+56127__Weekday__0003,state_transition,multiday_average,VA638_NB::110+56127,110+56127,VA638_NB,5,29396,34239,34238,403.0,mapped_primary_link,NORTHBOUND,4.0,0.248124,2.0,mapped_network,mapped_network,inrix_reference_speed,Weekday,0,MD,10.25,10.5,12.0,2.0,120.0,31.5,45.0,31.38217391304348,31.517241847826085,1669.6742819496867,0.2918585728040669,0.571052839275531,1461.327705647769,5006.972012532935,10.25,12.0,9.0,15.0,6.0,episode_period_overlap_over_period_total,6.0,5040.0,0.3312845797519219,episode_demand_over_period_capacity,True,True,840.0,836.2840015893788,45.0,True,True,0.003754554648859,4.804891304347585,recurring
corridor-d6e30250093145ceb906e5673378bfb9,state_transition__VA638_NB::110+56127__Weekday__0004,state_transition,multiday_average,VA638_NB::110+56127,110+56127,VA638_NB,5,29396,34239,34238,403.0,mapped_primary_link,NORTHBOUND,4.0,0.248124,2.0,mapped_network,mapped_network,inrix_reference_speed,Weekday,0,PM,14.25,17.0,20.0,6.0,360.0,31.5,45.0,28.38695652173913,29.92391903409091,4984.63564673303,1.0,0.25,3316.12876733893,3316.12876733893,15.0,19.0,15.0,19.0,4.0,episode_period_overlap_over_period_total,4.0,3360.0,1.48352251390864,episode_demand_over_period_capacity,True,True,840.0,833.3707926434516,165.0,True,True,0.1096645734415682,582.2975469367577,recurring
corridor-d6e30250093145ceb906e5673378bfb9,state_transition__VA638_NB::110+59123__Weekday__0005,state_transition,multiday_average,VA638_NB::110+59123,110+59123,VA638_NB,1,29395,34238,36448,303.0,mapped_primary_link,NORTHBOUND,2.0,1.314017,2.0,mapped_network,mapped_network,inrix_reference_speed,Weekday,0,AM,6.75,8.0,20.0,13.5,810.0,31.5,45.0,28.843636363636367,30.23067688618413,9405.400035256129,0.7504568669748336,0.4441738732793974,1564.4326279294387,2084.6402994962555,6.75,9.0,6.0,9.0,3.0,episode_period_overlap_over_period_total,3.0,2100.0,4.478761921550537,episode_demand_over_period_capacity,True,True,700.0,697.0056168716917,690.0,True,True,0.092095310136157,1039.4017221908498,recurring
corridor-d6e30250093145ceb906e5673378bfb9,state_transition__VA638_NB::110+59126__Weekday__0006,state_transition,multiday_average,VA638_NB::110+59126,110+59126,VA638_NB,3,35167,36458,36456,403.0,mapped_primary_link,NORTHBOUND,2.0,1.610579,1.0,mapped_network,mapped_network,inrix_reference_speed,Weekday,0,AM,5.75,8.0,23.75,18.25,1095.0,31.5,45.0,20.239545454545453,26.019431913473444,14791.710726747267,1.0,0.3333333333333333,2392.1191236402765,2392.1191236402765,6.0,9.0,6.0,9.0,3.0,episode_period_overlap_over_period_total,3.0,2520.0,5.869726478867963,episode_demand_over_period_capacity,True,True,840.0,807.1955418555965,945.0,True,True,0.5563590630404023,6005.709011268311,recurring
corridor-d6e30250093145ceb906e5673378bfb9,state_transition__VA638_NB::110+59127__Weekday__0007,state_transition,multiday_average,VA638_NB::110+59127,110+59127,VA638_NB,2,35211,36473,34260,403.0,mapped_primary_link,NORTHBOUND,4.0,2.316078,2.0,mapped_network,mapped_network,inrix_reference_speed,Weekday,0,AM,7.25,8.25,10.0,3.0,180.0,31.5,45.0,25.069473684210525,29.005106543326367,2483.2531562410663,0.5824415162767345,0.5723035257928922,1435.95688585998,2465.409565992745,7.25,9.0,6.0,9.0,3.0,episode_period_overlap_over_period_total,3.0,2520.0,0.9854179191432804,episode_demand_over_period_capacity,True,True,840.0,836.8889711285829,90.0,True,True,0.2565082297615049,463.521194872061,recurring
corridor-d6e30250093145ceb906e5673378bfb9,state_transition__VA638_NB::110+59127__Weekday__0008,state_transition,multiday_average,VA638_NB::110+59127,110+59127,VA638_NB,2,35211,36473,34260,403.0,mapped_primary_link,NORTHBOUND,4.0,2.316078,2.0,mapped_network,mapped_network,inrix_reference_speed,Weekday,0,PM,12.0,15.75,20.0,8.25,495.0,31.5,45.0,27.569090909090907,29.8124545773301,6878.205083262946,1.0,0.25,3319.2268141148807,3319.2268141148807,15.0,19.0,15.0,19.0,4.0,episode_period_overlap_over_period_total,4.0,3360.0,2.04708484620921,episode_demand_over_period_capacity,True,True,840.0,831.5702413743045,240.0,True,True,0.1425839213875881,792.8934041501961,recurring
corridor-d6e30250093145ceb906e5673378bfb9,state_transition__VA638_NB::110P59123__Weekday__0010,state_transition,multiday_average,VA638_NB::110P59123,110P59123,VA638_NB,8,29390,34237,35312,303.0,mapped_primary_link,NORTHBOUND,3.0,0.387856,1.0,mapped_network,mapped_network,inrix_reference_speed,Weekday,0,MD,5.25,12.0,22.0,17.0,1020.0,31.5,45.0,28.71977272727273,30.82583368330039,11823.710058381328,1.0,0.1666666666666666,4171.06430758977,4171.06430758977,9.0,15.0,9.0,15.0,6.0,episode_period_overlap_over_period_total,6.0,4200.0,2.815169061519364,episode_demand_over_period_capacity,True,True,700.0,696.1605006292241,480.0,True,True,0.0968053368363572,696.0824703557286,recurring
corridor-2cbb1ead5ee94112a72e4078a494bf9b,state_transition__VA638_SB::110-13189__Weekday__0001,state_transition,multiday_average,VA638_SB::110-13189,110-13189,VA638_SB,8,40600,40879,40022,304.0,mapped_primary_link,SOUTHBOUND,2.0,1.037838,2.0,mapped_network,mapped_network,inrix_reference_speed,Weekday,0,AM,5.5,7.25,8.25,3.0,180.0,31.5,45.0,28.65095238095238,30.75228637304724,1789.35702302172,0.7495376783504917,0.444718581815527,1340.7180998423837,1788.7267559289394,6.0,8.25,6.0,9.0,3.0,episode_period_overlap_over_period_total,3.0,1800.0,0.9940872350120666,episode_demand_over_period_capacity,True,True,600.0,595.4166329962203,45.0,True,True,0.0994398922997656,169.28884810841288,recurring
corridor-2cbb1ead5ee94112a72e4078a494bf9b,state_transition__VA638_SB::110-13189__Weekday__0003,state_transition,multiday_average,VA638_SB::110-13189,110-13189,VA638_SB,8,40600,40879,40022,304.0,mapped_primary_link,SOUTHBOUND,2.0,1.037838,2.0,mapped_network,mapped_network,inrix_reference_speed,Weekday,0,PM,12.5,17.0,19.25,7.0,420.0,31.5,45.0,26.873043478260872,30.1604310770751,4147.237478891592,1.0,0.25,2358.8842203522586,2358.8842203522586,15.0,19.0,15.0,19.0,4.0,episode_period_overlap_over_period_total,4.0,2400.0,1.72801561620483,episode_demand_over_period_capacity,True,True,600.0,593.9159836259048,60.0,True,True,0.1721783587885061,501.2752470355722,recurring
corridor-2cbb1ead5ee94112a72e4078a494bf9b,state_transition__VA638_SB::110-56125__Weekday__0004,state_transition,multiday_average,VA638_SB::110-56125,110-56125,VA638_SB,9,35054,36421,36416,303.0,mapped_primary_link,SOUTHBOUND,6.0,1.004741,1.0,mapped_network,mapped_network,inrix_reference_speed,Weekday,0,PM,6.5,16.75,20.75,14.5,870.0,31.5,45.0,28.396818181818183,30.22763899705991,10095.721241837538,1.0,0.25,2775.897837417704,2775.897837417704,15.0,19.0,15.0,19.0,4.0,episode_period_overlap_over_period_total,4.0,2800.0,3.605614729227692,episode_demand_over_period_capacity,True,True,700.0,694.5870310799636,225.0,True,True,0.1092792086181229,1134.0928077357396,recurring
corridor-2cbb1ead5ee94112a72e4078a494bf9b,state_transition__VA638_SB::110-59122__Weekday__0005,state_transition,multiday_average,VA638_SB::110-59122,110-59122,VA638_SB,13,35136,36448,34238,303.0,mapped_primary_link,SOUTHBOUND,2.0,1.516908,2.0,mapped_network,mapped_network,inrix_reference_speed,Weekday,0,PM,6.5,17.25,21.25,15.0,900.0,31.5,45.0,27.20934782608696,30.02445856468411,10438.401340013455,1.0,0.25,2764.426425653239,2764.426425653239,15.0,19.0,15.0,19.0,4.0,episode_period_overlap_over_period_total,4.0,2800.0,3.728000478576234,episode_demand_over_period_capacity,True,True,700.0,695.780329710031,225.0,True,True,0.1576903717552309,1346.6720743929952,recurring
corridor-2cbb1ead5ee94112a72e4078a494bf9b,state_transition__VA638_SB::110-59126__Weekday__0007,state_transition,multiday_average,VA638_SB::110-59126,110-59126,VA638_SB,12,34492,36242,34262,403.0,mapped_primary_link,SOUTHBOUND,4.0,2.306473,2.0,mapped_network,mapped_network,inrix_reference_speed,Weekday,0,AM,7.25,8.25,9.0,2.0,120.0,31.5,45.0,27.020000000000003,29.653002717391303,1662.652061181458,0.5841822939209164,0.5705981451373093,1453.1320350031135,2487.463331437141,7.25,9.0,6.0,9.0,3.0,episode_period_overlap_over_period_total,3.0,2520.0,0.6597825639608961,episode_demand_over_period_capacity,True,True,840.0,835.205015295443,30.0,True,True,0.1658031088082898,230.1961956521736,recurring
corridor-2cbb1ead5ee94112a72e4078a494bf9b,state_transition__VA638_SB::110-59126__Weekday__0008,state_transition,multiday_average,VA638_SB::110-59126,110-59126,VA638_SB,12,34492,36242,34262,403.0,mapped_primary_link,SOUTHBOUND,4.0,2.306473,2.0,mapped_network,mapped_network,inrix_reference_speed,Weekday,0,PM,12.5,15.5,20.0,7.75,465.0,31.5,45.0,27.58590909090909,30.1612619700309,6472.487091910374,1.0,0.25,3332.1528330289434,3332.1528330289434,15.0,19.0,15.0,19.0,4.0,episode_period_overlap_over_period_total,4.0,3360.0,1.9263354440209448,episode_demand_over_period_capacity,True,True,840.0,835.5080476409736,255.0,True,True,0.1418873271927365,640.5963361095413,recurring
corridor-2cbb1ead5ee94112a72e4078a494bf9b,state_transition__VA638_SB::110N59128__Weekday__0009,state_transition,multiday_average,VA638_SB::110N59128,110N59128,VA638_SB,1,29535,34279,34387,403.0,mapped_primary_link,SOUTHBOUND,1.0,0.045879,2.0,mapped_network,mapped_network,inrix_reference_speed,Weekday,0,PM,4.75,17.25,23.75,19.25,1155.0,31.5,45.0,19.790434782608692,25.973803199698853,15594.125472972726,1.0,0.25,3091.825260343386,3091.825260343386,15.0,19.0,15.0,19.0,4.0,episode_period_overlap_over_period_total,4.0,3360.0,4.6411087717180735,episode_demand_over_period_capacity,True,True,840.0,830.7949972016095,390.0,True,True,0.5916780174875871,6220.424661208353,recurring
corridor-7f18af4765bf49ee811f099deabf654e,state_transition__VA639_EB::110-13219__Weekday__0001,state_transition,multiday_average,VA639_EB::110-13219,110-13219,VA639_EB,2,38273,40044,40216,303.0,mapped_primary_link,EASTBOUND,3.0,0.196771,2.0,mapped_network,mapped_network,inrix_reference_speed,Weekday,0,PM,7.25,17.25,21.25,14.25,855.0,31.5,45.0,26.82934782608696,30.04846716593856,9878.315538094012,1.0,0.25,2758.0744846474536,2758.0744846474536,15.0,19.0,15.0,19.0,4.0,episode_period_overlap_over_period_total,4.0,2800.0,3.527969835033576,episode_demand_over_period_capacity,True,True,700.0,693.4682529459795,225.0,True,True,0.174087428594579,1276.0016798418944,recurring
corridor-7f18af4765bf49ee811f099deabf654e,state_transition__VA639_EB::110N13219__Weekday__0003,state_transition,multiday_average,VA639_EB::110N13219,110N13219,VA639_EB,3,39186,40408,40047,303.0,mapped_primary_link,EASTBOUND,2.5,0.214967,1.0,mapped_network,mapped_network,inrix_reference_speed,Weekday,0,PM,5.0,17.25,23.75,19.0,1140.0,31.5,45.0,23.13340909090909,27.75066898347648,13048.768639143706,1.0,0.25,2709.857238820665,2709.857238820665,15.0,19.0,15.0,19.0,4.0,episode_period_overlap_over_period_total,4.0,2800.0,4.660274513979895,episode_demand_over_period_capacity,True,True,700.0,690.4471349655465,390.0,True,True,0.3616670105219721,4274.997586109539,recurring
corridor-7f18af4765bf49ee811f099deabf654e,state_transition__VA639_EB::110N13221__Weekday__0004,state_transition,multiday_average,VA639_EB::110N13221,110N13221,VA639_EB,4,40399,40811,40233,203.0,mapped_primary_link,EASTBOUND,1.0,0.021698,3.0,mapped_network,mapped_network,inrix_reference_speed,Weekday,0,AM,0.0,8.5,23.75,24.0,1440.0,31.5,45.0,11.044347826086955,14.437171288290514,11114.940253161596,1.0,0.3333333333333333,1300.609192659972,1300.609192659972,6.0,9.0,6.0,9.0,3.0,episode_period_overlap_over_period_total,3.0,1800.0,6.174966807311998,episode_demand_over_period_capacity,True,True,600.0,448.64067788601824,915.0,True,True,1.8521376269585068,24570.473344861653,severe
corridor-32bd7ce9e6b14f44a691c8ea3a9979c8,state_transition__VA639_WB::110+13220__Weekday__0001,state_transition,multiday_average,VA639_WB::110+13220,110+13220,VA639_WB,3,38812,40216,40044,303.0,mapped_primary_link,WESTBOUND,1.0,0.123824,2.0,mapped_network,mapped_network,inrix_reference_speed,Weekday,0,PM,0.0,17.75,23.75,24.0,1440.0,31.5,45.0,22.09181818181818,25.765194017064008,16104.073072811809,1.0,0.25,2630.4452233648108,2630.4452233648108,15.0,19.0,15.0,19.0,4.0,episode_period_overlap_over_period_total,4.0,2800.0,5.75145466886136,episode_demand_over_period_capacity,True,True,700.0,677.8820881730144,360.0,True,True,0.4258672482613883,8258.120615427822,recurring
corridor-32bd7ce9e6b14f44a691c8ea3a9979c8,state_transition__VA639_WB::110+13221__Weekday__0002,state_transition,multiday_average,VA639_WB::110+13221,110+13221,VA639_WB,4,38272,40044,40053,303.0,mapped_primary_link,WESTBOUND,2.0,0.659685,2.0,mapped_network,mapped_network,inrix_reference_speed,Weekday,0,PM,1.0,16.75,19.75,19.0,1140.0,31.5,45.0,24.917391304347827,29.61403981173289,13119.22651928598,1.0,0.25,2738.578671084715,2738.578671084715,15.0,19.0,15.0,19.0,4.0,episode_period_overlap_over_period_total,4.0,2800.0,4.6854380426021365,episode_demand_over_period_capacity,True,True,700.0,693.5050124598961,165.0,True,True,0.2641772814517533,2176.5357213438697,recurring
corridor-87e639c2e0894f5a9626e560530ad5ae,state_transition__VA640_EB::110+13160__Weekday__0003,state_transition,multiday_average,VA640_EB::110+13160,110+13160,VA640_EB,14,38291,40051,40052,203.0,mapped_primary_link,EASTBOUND,9.0,0.549268,3.0,mapped_network,mapped_network,inrix_reference_speed,Weekday,0,MD,9.0,12.75,23.25,14.5,870.0,31.5,45.0,23.47090909090909,26.652153038740373,8444.528914725679,1.0,0.1666666666666666,3461.9462384062613,3461.9462384062613,9.0,15.0,9.0,15.0,6.0,episode_period_overlap_over_period_total,6.0,3600.0,2.3457024763126886,episode_demand_over_period_capacity,True,True,600.0,580.6089596734641,600.0,True,True,0.3420869161050428,4226.937528232634,recurring
corridor-87e639c2e0894f5a9626e560530ad5ae,state_transition__VA640_EB::110+13161__Weekday__0004,state_transition,multiday_average,VA640_EB::110+13161,110+13161,VA640_EB,15,38295,40052,40053,303.0,mapped_primary_link,EASTBOUND,10.0,0.377715,3.0,mapped_network,mapped_network,inrix_reference_speed,Weekday,0,MD,9.0,14.0,20.0,11.25,675.0,31.5,45.0,24.99304347826087,27.345505790973437,7693.097732641916,1.0,0.1666666666666666,4094.664952727493,4094.664952727493,9.0,15.0,9.0,15.0,6.0,episode_period_overlap_over_period_total,6.0,4200.0,1.8316899363433132,episode_demand_over_period_capacity,True,True,700.0,683.2217350679801,315.0,True,True,0.2603507062834875,2691.8998517786536,recurring
corridor-87e639c2e0894f5a9626e560530ad5ae,state_transition__VA640_EB::110+58119__Weekday__0008,state_transition,multiday_average,VA640_EB::110+58119,110+58119,VA640_EB,22,35930,38041,38710,304.0,mapped_primary_link,EASTBOUND,12.5,0.670816,3.0,mapped_network,mapped_network,inrix_reference_speed,Weekday,0,PM,15.5,17.5,18.75,3.5,210.0,31.5,45.0,29.25978260869565,30.800861801242235,2083.4419016444717,0.8129724356493198,0.3075135011192912,1934.591770237825,2379.652354009604,15.5,18.75,15.0,19.0,4.0,episode_period_overlap_over_period_total,4.0,2400.0,0.868100792351863,episode_demand_over_period_capacity,True,True,600.0,595.20007843742,60.0,True,True,0.0765630224005349,193.03043478260787,recurring
corridor-87e639c2e0894f5a9626e560530ad5ae,state_transition__VA640_EB::110+59139__Weekday__0009,state_transition,multiday_average,VA640_EB::110+59139,110+59139,VA640_EB,2,29017,34118,36488,403.0,mapped_primary_link,EASTBOUND,12.5,1.012453,1.0,mapped_network,mapped_network,inrix_reference_speed,Weekday,0,PM,0.0,17.25,23.75,24.0,1440.0,31.5,45.0,25.75304347826087,28.36634895743828,19923.62904554621,1.0,0.25,3284.432293561194,3284.432293561194,15.0,19.0,15.0,19.0,4.0,episode_period_overlap_over_period_total,4.0,3360.0,5.929651501650658,episode_demand_over_period_capacity,True,True,840.0,830.096297849132,390.0,True,True,0.2231564019448944,4324.438438735173,recurring
corridor-87e639c2e0894f5a9626e560530ad5ae,state_transition__VA640_EB::110+59140__Weekday__0010,state_transition,multiday_average,VA640_EB::110+59140,110+59140,VA640_EB,1,35154,36454,34259,403.0,mapped_primary_link,EASTBOUND,12.5,1.112136,1.0,mapped_network,mapped_network,inrix_reference_speed,Weekday,0,PM,6.25,16.5,23.75,17.75,1065.0,31.5,45.0,26.432727272727277,29.22926947700796,14791.271228465444,1.0,0.25,3317.2495142272,3317.2495142272,15.0,19.0,15.0,19.0,4.0,episode_period_overlap_over_period_total,4.0,3360.0,4.402164056090905,episode_demand_over_period_capacity,True,True,840.0,835.1664991177678,435.0,True,True,0.1917044985555096,2284.0863495200424,recurring
corridor-87e639c2e0894f5a9626e560530ad5ae,state_transition__VA640_EB::110P59138__Weekday__0011,state_transition,multiday_average,VA640_EB::110P59138,110P59138,VA640_EB,13,31510,34958,34257,404.0,mapped_primary_link,EASTBOUND,12.5,0.029773,1.0,mapped_network,mapped_network,inrix_reference_speed,Weekday,0,AM,0.0,7.0,23.75,24.0,1440.0,31.5,45.0,13.043478260869565,27.144657738095237,18490.05882273012,1.0,0.3333333333333333,2008.216241674316,2008.216241674316,6.0,9.0,6.0,9.0,3.0,episode_period_overlap_over_period_total,3.0,2400.0,7.70419117613755,episode_demand_over_period_capacity,True,True,800.0,786.6276554377789,1005.0,True,True,1.415,6271.692857142852,severe
corridor-f579a987d071430191619b62f4e5d717,state_transition__VA640_WB::110-13158__Weekday__0001,state_transition,multiday_average,VA640_WB::110-13158,110-13158,VA640_WB,18,38864,40235,40582,403.0,mapped_primary_link,WESTBOUND,8.0,1.180402,3.0,mapped_network,mapped_network,inrix_reference_speed,Weekday,0,PM,13.25,17.5,20.25,7.25,435.0,31.5,45.0,24.804090909090917,29.47003586590543,5990.186075558965,1.0,0.25,3280.379912202696,3280.379912202696,15.0,19.0,15.0,19.0,4.0,episode_period_overlap_over_period_total,4.0,3360.0,1.7827934748687395,episode_demand_over_period_capacity,True,True,840.0,829.1176420110752,120.0,True,True,0.2699518041378801,861.0506916996036,recurring
corridor-f579a987d071430191619b62f4e5d717,state_transition__VA640_WB::110-13159__Weekday__0002,state_transition,multiday_average,VA640_WB::110-13159,110-13159,VA640_WB,16,38294,40052,40051,203.0,mapped_primary_link,WESTBOUND,6.0,0.549268,3.0,mapped_network,mapped_network,inrix_reference_speed,Weekday,0,PM,6.25,17.25,23.75,17.75,1065.0,31.5,45.0,23.18,27.473432402716693,10397.320546527,1.0,0.25,2303.703308744793,2303.703308744793,15.0,19.0,15.0,19.0,4.0,episode_period_overlap_over_period_total,4.0,2400.0,4.33221689438625,episode_demand_over_period_capacity,True,True,600.0,591.3635809423737,375.0,True,True,0.3589301121656598,4301.057534584976,recurring
corridor-f579a987d071430191619b62f4e5d717,state_transition__VA640_WB::110-13160__Weekday__0004,state_transition,multiday_average,VA640_WB::110-13160,110-13160,VA640_WB,12,38299,40053,40052,303.0,mapped_primary_link,WESTBOUND,5.0,0.377715,3.0,mapped_network,mapped_network,inrix_reference_speed,Weekday,0,PM,7.75,15.0,22.75,15.25,915.0,31.5,45.0,21.24727272727273,25.86506107814732,10238.132445146512,1.0,0.25,2612.7692135019315,2612.7692135019315,15.0,19.0,15.0,19.0,4.0,episode_period_overlap_over_period_total,4.0,2800.0,3.656475873266612,episode_demand_over_period_capacity,True,True,700.0,671.0798119701424,435.0,True,True,0.4825432141023447,5173.809330886501,recurring
corridor-f579a987d071430191619b62f4e5d717,state_transition__VA640_WB::110-13162__Weekday__0005,state_transition,multiday_average,VA640_WB::110-13162,110-13162,VA640_WB,11,40915,40991,40043,403.0,mapped_primary_link,WESTBOUND,3.0,0.588005,2.0,mapped_network,mapped_network,inrix_reference_speed,Weekday,0,PM,7.25,17.5,19.75,12.75,765.0,31.5,45.0,25.94086956521739,29.11175923898639,10590.89166689598,1.0,0.25,3299.036524882742,3299.036524882742,15.0,19.0,15.0,19.0,4.0,episode_period_overlap_over_period_total,4.0,3360.0,3.1520510913380893,episode_demand_over_period_capacity,True,True,840.0,830.1635073711991,120.0,True,True,0.2143000804505228,1771.8145680406526,recurring
corridor-f579a987d071430191619b62f4e5d717,state_transition__VA640_WB::110-59139__Weekday__0008,state_transition,multiday_average,VA640_WB::110-59139,110-59139,VA640_WB,20,29465,34259,36454,403.0,mapped_primary_link,WESTBOUND,2.5,1.112875,1.0,mapped_network,mapped_network,inrix_reference_speed,Weekday,0,PM,0.0,16.5,23.75,24.0,1440.0,31.5,45.0,24.552954545454543,29.01735423941313,19966.45759382941,1.0,0.25,3286.049640771697,3286.049640771697,15.0,19.0,15.0,19.0,4.0,episode_period_overlap_over_period_total,4.0,3360.0,5.942398093401612,episode_demand_over_period_capacity,True,True,840.0,835.2880273133684,435.0,True,True,0.2829413234844908,3500.530522427478,recurring
corridor-f579a987d071430191619b62f4e5d717,state_transition__VA640_WB::110N13156__Weekday__0009,state_transition,multiday_average,VA640_WB::110N13156,110N13156,VA640_WB,7,39542,40527,40058,503.0,mapped_primary_link,WESTBOUND,12.0,0.049971,2.0,mapped_network,mapped_network,inrix_reference_speed,Weekday,0,PM,5.25,15.75,23.75,18.75,1125.0,31.5,45.0,23.965000000000003,26.629550527009226,16261.829728901204,1.0,0.25,3437.8557170794948,3437.8557170794948,15.0,19.0,15.0,19.0,4.0,episode_period_overlap_over_period_total,4.0,3600.0,4.517174924694778,episode_demand_over_period_capacity,True,True,900.0,864.1888103395642,465.0,True,True,0.3144168579177964,5500.373048418968,recurring
corridor-f579a987d071430191619b62f4e5d717,state_transition__VA640_WB::110N13163__Weekday__0010,state_transition,multiday_average,VA640_WB::110N13163,110N13163,VA640_WB,6,38267,40042,40991,403.0,mapped_primary_link,WESTBOUND,2.0,0.044275,2.0,mapped_network,mapped_network,inrix_reference_speed,Weekday,0,PM,5.75,15.75,23.75,18.25,1095.0,31.5,45.0,16.038695652173914,18.97262558366787,13272.496774407402,1.0,0.25,2816.267598241274,2816.267598241274,15.0,19.0,15.0,19.0,4.0,episode_period_overlap_over_period_total,4.0,3360.0,3.950147849526013,episode_demand_over_period_capacity,True,True,840.0,736.0804470221996,480.0,True,True,0.964000108433408,13734.834076792768,recurring
corridor-f579a987d071430191619b62f4e5d717,state_transition__VA640_WB::110N58117__Weekday__0011,state_transition,multiday_average,VA640_WB::110N58117,110N58117,VA640_WB,23,36953,38391,38007,404.0,mapped_primary_link,WESTBOUND,13.5,0.044765,3.0,mapped_network,mapped_network,inrix_reference_speed,Weekday,0,MD,7.25,9.25,14.75,7.75,465.0,31.5,45.0,24.761304347826087,28.222741935483867,6008.55967886401,0.9586740363015428,0.1738512365575769,4480.783551703335,4673.938567262858,9.0,14.75,9.0,15.0,6.0,episode_period_overlap_over_period_total,6.0,4800.0,1.251783266430002,episode_demand_over_period_capacity,True,True,800.0,780.0318216326995,315.0,True,True,0.2721462309704832,1612.565217391303,recurring
corridor-3da3b22fa1f64212a4e34d88e314348a,state_transition__VA641_EB::110+13226__Weekday__0001,state_transition,multiday_average,VA641_EB::110+13226,110+13226,VA641_EB,4,40757,40931,40932,403.0,mapped_primary_link,EASTBOUND,3.0,1.534653,2.0,mapped_network,mapped_network,inrix_reference_speed,Weekday,0,PM,11.75,15.5,20.0,8.5,510.0,31.5,45.0,27.31636363636364,29.656915542897,7088.694286861404,1.0,0.25,3324.283423767285,3324.283423767285,15.0,19.0,15.0,19.0,4.0,episode_period_overlap_over_period_total,4.0,3360.0,2.1097304425182752,episode_demand_over_period_capacity,True,True,840.0,833.7681593132728,255.0,True,True,0.1531549520766773,944.3341897233186,recurring
corridor-3da3b22fa1f64212a4e34d88e314348a,state_transition__VA641_EB::110+13227__Weekday__0002,state_transition,multiday_average,VA641_EB::110+13227,110+13227,VA641_EB,5,40883,40977,40866,403.0,mapped_primary_link,EASTBOUND,4.0,0.667669,2.0,mapped_network,mapped_network,inrix_reference_speed,Weekday,0,AM,6.75,7.5,10.0,3.5,210.0,31.5,45.0,19.498235294117645,25.706430419005557,2751.189407193325,0.7506003046839027,0.4440889928411481,1724.814166552062,2297.912958186749,6.75,9.0,6.0,9.0,3.0,episode_period_overlap_over_period_total,3.0,2520.0,1.0917418282513196,episode_demand_over_period_capacity,True,True,840.0,792.5976139341299,135.0,True,True,0.615530817268531,1263.6485250523126,recurring
corridor-3da3b22fa1f64212a4e34d88e314348a,state_transition__VA641_EB::110+13227__Weekday__0003,state_transition,multiday_average,VA641_EB::110+13227,110+13227,VA641_EB,5,40883,40977,40866,403.0,mapped_primary_link,EASTBOUND,4.0,0.667669,2.0,mapped_network,mapped_network,inrix_reference_speed,Weekday,0,MD,12.25,14.5,16.75,4.75,285.0,31.5,45.0,23.52586956521739,28.21548288953609,3871.638696772024,0.4558610540381485,0.3656084791413641,2250.528776379497,4936.874419175898,12.25,15.0,9.0,15.0,6.0,episode_period_overlap_over_period_total,6.0,5040.0,0.7681822811055602,episode_demand_over_period_capacity,True,True,840.0,796.5463069222603,120.0,True,True,0.3389515704266348,967.34888833992,recurring
corridor-3da3b22fa1f64212a4e34d88e314348a,state_transition__VA641_EB::110+13228__Weekday__0004,state_transition,multiday_average,VA641_EB::110+13228,110+13228,VA641_EB,6,38260,40040,40703,403.0,mapped_primary_link,EASTBOUND,5.0,1.370926,2.0,mapped_network,mapped_network,inrix_reference_speed,Weekday,0,AM,6.75,7.75,10.0,3.5,210.0,31.5,45.0,26.19282608695653,29.038245341614918,2865.029788094452,0.75264350372483,0.4428834257967654,1837.8433080203288,2441.85102100111,6.75,9.0,6.0,9.0,3.0,episode_period_overlap_over_period_total,3.0,2520.0,1.1369165825771637,episode_demand_over_period_capacity,True,True,840.0,814.4692637892508,120.0,True,True,0.2026193697245342,575.4586956521732,recurring
corridor-3da3b22fa1f64212a4e34d88e314348a,state_transition__VA641_EB::110+13228__Weekday__0005,state_transition,multiday_average,VA641_EB::110+13228,110+13228,VA641_EB,6,38260,40040,40703,403.0,mapped_primary_link,EASTBOUND,5.0,1.370926,2.0,mapped_network,mapped_network,inrix_reference_speed,Weekday,0,PM,14.0,17.25,18.0,4.25,255.0,31.5,45.0,28.51391304347826,29.742640083701463,3536.0785662567064,0.7491068574473309,0.3337307588558249,2495.4437311892148,3331.225320367152,15.0,18.0,15.0,19.0,4.0,episode_period_overlap_over_period_total,4.0,3360.0,1.0524043351954484,episode_demand_over_period_capacity,True,True,840.0,831.6855207126762,30.0,True,True,0.1047238571559268,462.9050395256908,recurring
corridor-3da3b22fa1f64212a4e34d88e314348a,state_transition__VA641_EB::110+13229__Weekday__0006,state_transition,multiday_average,VA641_EB::110+13229,110+13229,VA641_EB,7,38263,40041,40037,203.0,mapped_primary_link,EASTBOUND,7.0,1.033069,3.0,mapped_network,mapped_network,inrix_reference_speed,Weekday,0,PM,14.75,16.5,18.25,3.75,225.0,31.5,45.0,31.123260869565215,31.414608695652177,2244.100400887852,0.8128012358049685,0.3075782725064501,1945.239824176235,2393.2540189235083,15.0,18.25,15.0,19.0,4.0,episode_period_overlap_over_period_total,4.0,2400.0,0.9350418337032717,episode_demand_over_period_capacity,True,True,600.0,598.7961928032769,90.0,True,True,0.01210474480851,38.9119565217384,recurring
corridor-3da3b22fa1f64212a4e34d88e314348a,state_transition__VA641_EB::110+13230__Weekday__0007,state_transition,multiday_average,VA641_EB::110+13230,110+13230,VA641_EB,8,38247,40037,40036,203.0,mapped_primary_link,EASTBOUND,8.0,0.310995,3.0,mapped_network,mapped_network,inrix_reference_speed,Weekday,0,PM,0.0,15.5,23.75,24.0,1440.0,31.5,45.0,20.44695652173913,25.249161032393037,13751.04573163728,1.0,0.25,2232.5598508498524,2232.5598508498524,15.0,19.0,15.0,19.0,4.0,episode_period_overlap_over_period_total,4.0,2400.0,5.729602388182201,episode_demand_over_period_capacity,True,True,600.0,577.869208847727,495.0,True,True,0.5405715743812194,9024.308113354033,recurring
corridor-3da3b22fa1f64212a4e34d88e314348a,state_transition__VA641_EB::110P13225__Weekday__0008,state_transition,multiday_average,VA641_EB::110P13225,110P13225,VA641_EB,3,38308,40055,40707,303.0,mapped_primary_link,EASTBOUND,2.0,0.017229,2.0,mapped_network,mapped_network,inrix_reference_speed,Weekday,0,MD,6.5,14.75,23.75,17.5,1050.0,31.5,45.0,21.89409090909091,26.533955752202267,11864.47057484578,1.0,0.1666666666666666,4041.19392390436,4041.19392390436,9.0,15.0,9.0,15.0,6.0,episode_period_overlap_over_period_total,6.0,4200.0,2.824873946391852,episode_demand_over_period_capacity,True,True,700.0,679.3323049914457,540.0,True,True,0.4387443685510825,5229.092112361524,recurring
corridor-fbd7030105bc46759b242af195b6da04,state_transition__VA641_NB::110+13294__Weekday__0001,state_transition,multiday_average,VA641_NB::110+13294,110+13294,VA641_NB,7,35816,38007,38053,404.0,mapped_primary_link,NORTHBOUND,2.0,1.165794,1.0,mapped_network,mapped_network,inrix_reference_speed,Weekday,0,PM,0.0,17.5,22.5,22.75,1365.0,31.5,45.0,28.271521739130435,30.166544843367024,18121.109131090096,1.0,0.25,3176.4204889974544,3176.4204889974544,15.0,19.0,15.0,19.0,4.0,episode_period_overlap_over_period_total,4.0,3200.0,5.662846603465655,episode_demand_over_period_capacity,True,True,800.0,795.0579646182049,210.0,True,True,0.1141954186498934,1786.921082721622,recurring
corridor-fbd7030105bc46759b242af195b6da04,state_transition__VA641_NB::110+13295__Weekday__0002,state_transition,multiday_average,VA641_NB::110+13295,110+13295,VA641_NB,8,35958,38053,38177,404.0,mapped_primary_link,NORTHBOUND,3.0,0.527508,1.0,mapped_network,mapped_network,inrix_reference_speed,Weekday,0,PM,0.0,17.75,23.75,24.0,1440.0,31.5,45.0,24.20130434782609,26.924779673000657,18800.934965292257,1.0,0.25,3091.436579498292,3091.436579498292,15.0,19.0,15.0,19.0,4.0,episode_period_overlap_over_period_total,4.0,3200.0,5.87529217665383,episode_demand_over_period_capacity,True,True,800.0,786.764328374735,360.0,True,True,0.3015827389828069,6588.317270879049,recurring
corridor-fbd7030105bc46759b242af195b6da04,state_transition__VA641_NB::110+56129__Weekday__0007,state_transition,multiday_average,VA641_NB::110+56129,110+56129,VA641_NB,2,29401,34240,36451,403.0,mapped_primary_link,NORTHBOUND,7.0,0.858129,1.0,mapped_network,mapped_network,inrix_reference_speed,Weekday,0,PM,12.0,16.75,19.5,7.75,465.0,31.5,45.0,29.610434782608696,30.496664860385057,6482.526958362232,1.0,0.25,3344.905022383604,3344.905022383604,15.0,19.0,15.0,19.0,4.0,episode_period_overlap_over_period_total,4.0,3360.0,1.929323499512569,episode_demand_over_period_capacity,True,True,840.0,837.1514393680338,150.0,True,True,0.063814166568777,473.4416501976268,recurring
corridor-fbd7030105bc46759b242af195b6da04,state_transition__VA641_NB::110P13293__Weekday__0008,state_transition,multiday_average,VA641_NB::110P13293,110P13293,VA641_NB,5,37003,38406,38007,304.0,mapped_primary_link,NORTHBOUND,1.0,0.008431,2.0,mapped_network,mapped_network,inrix_reference_speed,Weekday,0,AM,3.75,7.0,23.75,20.25,1215.0,31.5,45.0,19.102608695652176,22.245547326332616,11168.565060126191,1.0,0.3333333333333333,1611.659496670541,1611.659496670541,6.0,9.0,6.0,9.0,3.0,episode_period_overlap_over_period_total,3.0,1800.0,6.204758366736773,episode_demand_over_period_capacity,True,True,600.0,547.7429466334229,975.0,True,True,0.6489894391842677,10691.24066417278,recurring
corridor-fbd7030105bc46759b242af195b6da04,state_transition__VA641_NB::110P13296__Weekday__0009,state_transition,multiday_average,VA641_NB::110P13296,110P13296,VA641_NB,4,37720,38631,38147,304.0,mapped_primary_link,NORTHBOUND,6.0,0.033377,1.0,mapped_network,mapped_network,inrix_reference_speed,Weekday,0,PM,4.75,15.0,23.75,19.25,1155.0,31.5,45.0,13.398695652173911,23.05725806198632,10688.976759630918,1.0,0.25,2147.1223051310944,2147.1223051310944,15.0,19.0,15.0,19.0,4.0,episode_period_overlap_over_period_total,4.0,2400.0,4.453740316512882,episode_demand_over_period_capacity,True,True,600.0,565.9181490293604,495.0,True,True,1.350975111139955,9505.584680265383,severe
corridor-bea4f589573342f28bd104fe1aa22885,state_transition__VA641_SB::110-13293__Weekday__0001,state_transition,multiday_average,VA641_SB::110-13293,110-13293,VA641_SB,3,35957,38053,38007,404.0,mapped_primary_link,SOUTHBOUND,5.0,1.165794,1.0,mapped_network,mapped_network,inrix_reference_speed,Weekday,0,PM,7.25,18.75,21.25,14.25,855.0,31.5,45.0,29.239565217391306,30.82525154288884,11362.988762033105,1.0,0.25,3187.597860611841,3187.597860611841,15.0,19.0,15.0,19.0,4.0,episode_period_overlap_over_period_total,4.0,3200.0,3.5509339881353448,episode_demand_over_period_capacity,True,True,800.0,797.9962514050474,120.0,True,True,0.0773074006334477,615.7345849802347,recurring
corridor-bea4f589573342f28bd104fe1aa22885,state_transition__VA641_SB::110N13293__Weekday__0006,state_transition,multiday_average,VA641_SB::110N13293,110N13293,VA641_SB,9,35818,38007,38406,304.0,mapped_primary_link,SOUTHBOUND,6.0,0.008431,2.0,mapped_network,mapped_network,inrix_reference_speed,Weekday,0,AM,0.0,6.5,23.75,24.0,1440.0,31.5,45.0,20.985869565217392,25.457774327122152,13708.60348637302,1.0,0.3333333333333333,1665.3557684528091,1665.3557684528091,6.0,9.0,6.0,9.0,3.0,episode_period_overlap_over_period_total,3.0,1800.0,7.615890825762789,episode_demand_over_period_capacity,True,True,600.0,562.8522944955308,1035.0,True,True,0.5010099963743717,8717.032241671366,recurring
corridor-bea4f589573342f28bd104fe1aa22885,state_transition__VA641_SB::110N13296__Weekday__0007,state_transition,multiday_average,VA641_SB::110N13296,110N13296,VA641_SB,8,36255,38147,38631,304.0,mapped_primary_link,SOUTHBOUND,1.0,0.033377,1.0,mapped_network,mapped_network,inrix_reference_speed,Weekday,0,PM,4.75,15.5,22.0,17.5,1050.0,31.5,45.0,26.789565217391303,29.194840669667077,10405.550144716415,1.0,0.25,2378.390388133714,2378.390388133714,15.0,19.0,15.0,19.0,4.0,episode_period_overlap_over_period_total,4.0,2400.0,4.33564589363184,episode_demand_over_period_capacity,True,True,600.0,598.2339248082942,375.0,True,True,0.175830952999221,2393.9309952004487,recurring
corridor-bea4f589573342f28bd104fe1aa22885,state_transition__VA641_SB::110N56129__Weekday__0008,state_transition,multiday_average,VA641_SB::110N56129,110N56129,VA641_SB,4,29406,34241,36451,403.0,mapped_primary_link,SOUTHBOUND,1.0,0.059931,1.0,mapped_network,mapped_network,inrix_reference_speed,Weekday,0,MD,6.25,9.75,12.5,6.5,390.0,31.5,45.0,24.78652173913044,28.878166447079494,5358.020514190157,0.5789340891548039,0.2878853910813686,2875.7048456462594,4967.2404847407615,9.0,12.5,9.0,15.0,6.0,episode_period_overlap_over_period_total,6.0,5040.0,1.063099308371063,episode_demand_over_period_capacity,True,True,840.0,832.2862889005302,90.0,True,True,0.2708519707414616,726.6927865612641,recurring
corridor-d8a5767aae234b2e809602c89910df8c,state_transition__VA641_WB::110-13225__Weekday__0001,state_transition,multiday_average,VA641_WB::110-13225,110-13225,VA641_WB,1,40760,40932,40931,403.0,mapped_primary_link,WESTBOUND,8.0,1.528054,2.0,mapped_network,mapped_network,inrix_reference_speed,Weekday,0,AM,7.5,8.25,9.5,2.25,135.0,31.5,45.0,29.401304347826088,30.636141853315767,1880.6104492321567,0.5075191824535988,0.6567896246243049,1254.094683258494,2471.029128782049,7.5,9.0,6.0,9.0,3.0,episode_period_overlap_over_period_total,3.0,2520.0,0.7462739877905383,episode_demand_over_period_capacity,True,True,840.0,835.7307327292021,60.0,True,True,0.0713810389956077,127.2287549407111,recurring
corridor-d8a5767aae234b2e809602c89910df8c,state_transition__VA641_WB::110-13225__Weekday__0002,state_transition,multiday_average,VA641_WB::110-13225,110-13225,VA641_WB,1,40760,40932,40931,403.0,mapped_primary_link,WESTBOUND,8.0,1.528054,2.0,mapped_network,mapped_network,inrix_reference_speed,Weekday,0,PM,11.5,15.5,20.25,9.0,540.0,31.5,45.0,23.24543478260869,28.94419699714537,7444.6556944965105,1.0,0.25,3267.979937200586,3267.979937200586,15.0,19.0,15.0,19.0,4.0,episode_period_overlap_over_period_total,4.0,3360.0,2.215671337647771,episode_demand_over_period_capacity,True,True,840.0,824.1042629983156,270.0,True,True,0.3551047891591616,1398.9097084980222,recurring
corridor-d8a5767aae234b2e809602c89910df8c,state_transition__VA641_WB::110-13226__Weekday__0003,state_transition,multiday_average,VA641_WB::110-13226,110-13226,VA641_WB,2,40558,40866,40977,403.0,mapped_primary_link,WESTBOUND,6.0,0.665275,2.0,mapped_network,mapped_network,inrix_reference_speed,Weekday,0,PM,6.75,15.0,19.0,12.5,750.0,31.5,45.0,20.07952380952381,27.027620988612835,10128.458140182804,1.0,0.25,3208.0743938178766,3208.0743938178766,15.0,19.0,15.0,19.0,4.0,episode_period_overlap_over_period_total,4.0,3360.0,3.0144220655305967,episode_demand_over_period_capacity,True,True,840.0,814.5763938576965,195.0,True,True,0.56876230227429,3258.915160926028,recurring
corridor-d8a5767aae234b2e809602c89910df8c,state_transition__VA641_WB::110-13227__Weekday__0005,state_transition,multiday_average,VA641_WB::110-13227,110-13227,VA641_WB,4,38155,40005,40703,403.0,mapped_primary_link,WESTBOUND,5.0,1.384124,2.0,mapped_network,mapped_network,inrix_reference_speed,Weekday,0,PM,13.75,15.25,18.0,4.5,270.0,31.5,45.0,25.01413043478261,28.908115942028985,3650.244760223653,0.7464474609651504,0.3349197539995006,2427.03687755316,3251.4503759112813,15.0,18.0,15.0,19.0,4.0,episode_period_overlap_over_period_total,4.0,3360.0,1.0863823691141823,episode_demand_over_period_capacity,True,True,840.0,811.9651804009738,150.0,True,True,0.2592882283926474,722.5076086956511,recurring
corridor-d8a5767aae234b2e809602c89910df8c,state_transition__VA641_WB::110-13228__Weekday__0006,state_transition,multiday_average,VA641_WB::110-13228,110-13228,VA641_WB,5,38248,40037,40041,203.0,mapped_primary_link,WESTBOUND,4.0,1.08089,3.0,mapped_network,mapped_network,inrix_reference_speed,Weekday,0,PM,6.75,15.0,20.0,13.5,810.0,31.5,45.0,26.605,29.035528846153845,8011.240973202312,1.0,0.25,2364.406127919089,2364.406127919089,15.0,19.0,15.0,19.0,4.0,episode_period_overlap_over_period_total,4.0,2400.0,3.3380170721676303,episode_demand_over_period_capacity,True,True,600.0,593.9246211170275,255.0,True,True,0.1839879721856794,1939.8961956521707,recurring
corridor-d8a5767aae234b2e809602c89910df8c,state_transition__VA641_WB::110-13229__Weekday__0007,state_transition,multiday_average,VA641_WB::110-13229,110-13229,VA641_WB,3,38244,40036,40037,203.0,mapped_primary_link,WESTBOUND,3.0,0.28263,3.0,mapped_network,mapped_network,inrix_reference_speed,Weekday,0,AM,4.75,8.75,23.75,19.25,1155.0,31.5,45.0,25.75690476190476,28.43545963911107,11379.705308480912,1.0,0.3333333333333333,1757.592192313068,1757.592192313068,6.0,9.0,6.0,9.0,3.0,episode_period_overlap_over_period_total,3.0,1800.0,6.322058504711618,episode_demand_over_period_capacity,True,True,600.0,592.1309796544951,900.0,True,True,0.2229730354320154,3368.389086477728,recurring
corridor-d8a5767aae234b2e809602c89910df8c,state_transition__VA641_WB::110N13225__Weekday__0008,state_transition,multiday_average,VA641_WB::110N13225,110N13225,VA641_WB,7,40088,40707,40055,303.0,mapped_primary_link,WESTBOUND,9.0,0.01602,2.0,mapped_network,mapped_network,inrix_reference_speed,Weekday,0,MD,6.5,14.5,23.75,17.5,1050.0,31.5,45.0,24.29386363636364,27.378534318662066,11851.976767124394,1.0,0.1666666666666666,4043.4632400050914,4043.4632400050914,9.0,15.0,9.0,15.0,6.0,episode_period_overlap_over_period_total,6.0,4200.0,2.8218992302677126,episode_demand_over_period_capacity,True,True,700.0,678.1389207317127,540.0,True,True,0.2966237265302682,4352.116139317873,recurring
corridor-e5fd0da636b949bfb2c0338d18660f16,state_transition__VA642_EB::110+10100__Weekday__0001,state_transition,multiday_average,VA642_EB::110+10100,110+10100,VA642_EB,11,31928,35122,34224,403.0,mapped_primary_link,EASTBOUND,5.0,0.932223,3.0,mapped_network,mapped_network,inrix_reference_speed,Weekday,0,AM,5.75,8.0,23.75,18.25,1095.0,31.5,45.0,25.27717391304348,28.02006405843511,15082.333872999998,1.0,0.3333333333333333,2469.8351574739595,2469.8351574739595,6.0,9.0,6.0,9.0,3.0,episode_period_overlap_over_period_total,3.0,2520.0,5.985053124206348,episode_demand_over_period_capacity,True,True,840.0,825.3904438578404,945.0,True,True,0.2461836164265749,3822.396160361374,recurring
corridor-e5fd0da636b949bfb2c0338d18660f16,state_transition__VA642_EB::110+13214__Weekday__0003,state_transition,multiday_average,VA642_EB::110+13214,110+13214,VA642_EB,12,38329,40061,40063,404.0,mapped_primary_link,EASTBOUND,6.0,0.409682,2.0,mapped_network,mapped_network,inrix_reference_speed,Weekday,0,PM,14.25,15.0,18.0,4.0,240.0,31.5,45.0,30.075,30.837678483201582,3176.278468094551,0.7504641531061841,0.3331271706519834,2385.405134996109,3178.5730539198657,15.0,18.0,15.0,19.0,4.0,episode_period_overlap_over_period_total,4.0,3200.0,0.9925870212795472,episode_demand_over_period_capacity,True,True,800.0,795.8585627755432,165.0,True,True,0.0473815461346631,199.41210474308215,recurring
corridor-e5fd0da636b949bfb2c0338d18660f16,state_transition__VA642_EB::110P10097__Weekday__0004,state_transition,multiday_average,VA642_EB::110P10097,110P10097,VA642_EB,1,35216,36475,34245,503.0,mapped_primary_link,EASTBOUND,1.0,0.009796,2.0,mapped_network,mapped_network,inrix_reference_speed,Weekday,0,MD,12.25,13.0,13.75,1.75,105.0,31.5,45.0,30.761904761904763,31.531335403726708,1565.7947252515748,0.2500002303708905,0.6666660523448581,1341.544170467651,5366.171737031556,12.25,13.75,9.0,15.0,6.0,episode_period_overlap_over_period_total,6.0,5400.0,0.289961986157699,episode_demand_over_period_capacity,True,True,900.0,894.2666406261969,30.0,True,True,0.0239938080495354,33.56086956521709,recurring
corridor-e5fd0da636b949bfb2c0338d18660f16,state_transition__VA642_EB::110P10099__Weekday__0005,state_transition,multiday_average,VA642_EB::110P10099,110P10099,VA642_EB,3,31933,35124,35122,403.0,mapped_primary_link,EASTBOUND,4.0,0.199942,3.0,mapped_network,mapped_network,inrix_reference_speed,Weekday,0,MD,0.0,12.5,23.75,24.0,1440.0,31.5,45.0,19.916304347826088,25.582344007328725,19271.220580156038,1.0,0.1666666666666666,4594.223366910945,4594.223366910945,9.0,15.0,9.0,15.0,6.0,episode_period_overlap_over_period_total,6.0,5040.0,3.823654877015086,episode_demand_over_period_capacity,True,True,840.0,809.1632133584228,675.0,True,True,0.5816187305572229,8547.24812252964,recurring
corridor-e5fd0da636b949bfb2c0338d18660f16,state_transition__VA642_EB::110P10100__Weekday__0006,state_transition,multiday_average,VA642_EB::110P10100,110P10100,VA642_EB,4,35050,36420,34217,403.0,mapped_primary_link,EASTBOUND,6.0,0.036416,3.0,mapped_network,mapped_network,inrix_reference_speed,Weekday,0,AM,0.25,8.25,23.75,23.75,1425.0,31.5,45.0,15.071956521739128,17.212596478615822,16772.92641040279,1.0,0.3333333333333333,2083.5151103678227,2083.5151103678227,6.0,9.0,6.0,9.0,3.0,episode_period_overlap_over_period_total,3.0,2520.0,6.655923178731266,episode_demand_over_period_capacity,True,True,840.0,710.3119625797303,930.0,True,True,1.0899741818234268,20359.55001797245,severe
corridor-9c2fb26fa02f46239f9232ba0e433f34,state_transition__VA642_WB::110-10099__Weekday__0001,state_transition,multiday_average,VA642_WB::110-10099,110-10099,VA642_WB,11,29347,34224,35122,403.0,mapped_primary_link,WESTBOUND,2.0,0.899443,3.0,mapped_network,mapped_network,inrix_reference_speed,Weekday,0,PM,5.5,16.5,21.5,16.25,975.0,31.5,45.0,24.753695652173917,28.428280762715545,13430.044802719003,1.0,0.25,3256.841841153632,3256.841841153632,15.0,19.0,15.0,19.0,4.0,episode_period_overlap_over_period_total,4.0,3360.0,3.9970371436663705,episode_demand_over_period_capacity,True,True,840.0,833.4905689880195,285.0,True,True,0.2725372583803909,3009.196520327496,recurring
corridor-9c2fb26fa02f46239f9232ba0e433f34,state_transition__VA642_WB::110-13213__Weekday__0004,state_transition,multiday_average,VA642_WB::110-13213,110-13213,VA642_WB,8,38335,40063,40061,404.0,mapped_primary_link,WESTBOUND,4.0,0.400965,2.0,mapped_network,mapped_network,inrix_reference_speed,Weekday,0,PM,16.0,17.25,18.5,2.75,165.0,31.5,45.0,30.280869565217397,31.287628458498023,2181.299511471563,0.6258877891077641,0.3994326209117901,1983.0632827050376,3168.4006577792456,16.0,18.5,15.0,19.0,4.0,episode_period_overlap_over_period_total,4.0,3200.0,0.6816560973348635,episode_demand_over_period_capacity,True,True,800.0,792.6928545206464,30.0,True,True,0.0402607472073053,61.63043478260818,recurring
corridor-9c2fb26fa02f46239f9232ba0e433f34,state_transition__VA642_WB::110N10099__Weekday__0005,state_transition,multiday_average,VA642_WB::110N10099,110N10099,VA642_WB,3,31929,35122,35124,403.0,mapped_primary_link,WESTBOUND,3.0,0.232746,3.0,mapped_network,mapped_network,inrix_reference_speed,Weekday,0,PM,0.0,17.0,23.75,24.0,1440.0,31.5,45.0,16.53782608695652,22.16612085070341,18463.99294693593,1.0,0.25,2903.045653484801,2903.045653484801,15.0,19.0,15.0,19.0,4.0,episode_period_overlap_over_period_total,4.0,3360.0,5.4952359961118855,episode_demand_over_period_capacity,True,True,840.0,784.1619535431306,405.0,True,True,0.9047243473460052,13160.769600508182,recurring
corridor-9c2fb26fa02f46239f9232ba0e433f34,state_transition__VA642_WB::110N10100__Weekday__0006,state_transition,multiday_average,VA642_WB::110N10100,110N10100,VA642_WB,15,29326,34217,36420,403.0,mapped_primary_link,WESTBOUND,1.0,0.051899,3.0,mapped_network,mapped_network,inrix_reference_speed,Weekday,0,PM,1.5,17.25,21.25,20.0,1200.0,31.5,45.0,28.90108695652174,30.461177555441,16728.835305514727,1.0,0.25,3340.6312004943647,3340.6312004943647,15.0,19.0,15.0,19.0,4.0,episode_period_overlap_over_period_total,4.0,3360.0,4.978820031403193,episode_demand_over_period_capacity,True,True,840.0,836.9100712444065,180.0,True,True,0.0899244048290643,1247.8459755490464,recurring
corridor-76f0b04eea934caa9ebffefa7465117e,state_transition__VA643_EB::110+56063__Weekday__0001,state_transition,multiday_average,VA643_EB::110+56063,110+56063,VA643_EB,5,35328,36512,34274,604.0,mapped_primary_link,EASTBOUND,3.0,2.540162,1.0,mapped_network,mapped_network,inrix_reference_speed,Weekday,0,AM,6.75,8.5,10.5,4.0,240.0,31.5,45.0,29.47136363636364,30.455999876482213,3183.406467878578,0.7518314650008324,0.443361775677963,1790.871377569399,2382.011741910025,6.75,9.0,6.0,9.0,3.0,episode_period_overlap_over_period_total,3.0,2400.0,1.3264193616160742,episode_demand_over_period_capacity,True,True,800.0,795.349716597938,105.0,True,True,0.0688341533383714,258.99589920948546,recurring
corridor-76f0b04eea934caa9ebffefa7465117e,state_transition__VA643_EB::110+56063__Weekday__0002,state_transition,multiday_average,VA643_EB::110+56063,110+56063,VA643_EB,5,35328,36512,34274,604.0,mapped_primary_link,EASTBOUND,3.0,2.540162,1.0,mapped_network,mapped_network,inrix_reference_speed,Weekday,0,PM,11.25,15.75,19.0,8.0,480.0,31.5,45.0,29.535217391304347,31.068971430139907,6363.977634703311,1.0,0.25,3182.954445180656,3182.954445180656,15.0,19.0,15.0,19.0,4.0,episode_period_overlap_over_period_total,4.0,3200.0,1.9887430108447848,episode_demand_over_period_capacity,True,True,800.0,796.3546612960158,180.0,True,True,0.0665233840220222,241.9164631564076,recurring
corridor-76f0b04eea934caa9ebffefa7465117e,state_transition__VA643_EB::110+56065__Weekday__0003,state_transition,multiday_average,VA643_EB::110+56065,110+56065,VA643_EB,4,35233,36480,36481,604.0,mapped_primary_link,EASTBOUND,5.0,1.943676,1.0,mapped_network,mapped_network,inrix_reference_speed,Weekday,0,PM,6.5,15.0,19.5,13.25,795.0,31.5,45.0,29.11,30.32529615205766,10476.810127100014,1.0,0.25,3174.5341609966863,3174.5341609966863,15.0,19.0,15.0,19.0,4.0,episode_period_overlap_over_period_total,4.0,3200.0,3.274003164718754,episode_demand_over_period_capacity,True,True,800.0,794.7471026974026,210.0,True,True,0.0821023703194776,925.4179594861636,recurring
corridor-76f0b04eea934caa9ebffefa7465117e,state_transition__VA643_EB::110+59143__Weekday__0004,state_transition,multiday_average,VA643_EB::110+59143,110+59143,VA643_EB,2,40272,40768,40445,604.0,mapped_primary_link,EASTBOUND,1.5,1.201053,1.0,mapped_network,mapped_network,inrix_reference_speed,Weekday,0,AM,7.0,8.75,9.75,3.0,180.0,31.5,45.0,29.24909090909091,30.40585968379447,2383.805993151269,0.6662683880287379,0.5002988875392296,1588.2813635047094,2383.8461977820907,7.0,9.0,6.0,9.0,3.0,episode_period_overlap_over_period_total,3.0,2400.0,0.993252497146362,episode_demand_over_period_capacity,True,True,800.0,795.2152368078586,45.0,True,True,0.0769565487660841,202.29308300395192,recurring
corridor-76f0b04eea934caa9ebffefa7465117e,state_transition__VA643_EB::110+59143__Weekday__0005,state_transition,multiday_average,VA643_EB::110+59143,110+59143,VA643_EB,2,40272,40768,40445,604.0,mapped_primary_link,EASTBOUND,1.5,1.201053,1.0,mapped_network,mapped_network,inrix_reference_speed,Weekday,0,PM,13.0,17.25,19.75,7.0,420.0,31.5,45.0,25.681956521739128,28.732743859401467,5523.682966855271,1.0,0.25,3137.3142182647484,3137.3142182647484,15.0,19.0,15.0,19.0,4.0,episode_period_overlap_over_period_total,4.0,3200.0,1.726150927142272,episode_demand_over_period_capacity,True,True,800.0,789.1478345289927,135.0,True,True,0.2265420655679422,1172.4844861660067,recurring
corridor-76f0b04eea934caa9ebffefa7465117e,state_transition__VA643_EB::110P59142__Weekday__0006,state_transition,multiday_average,VA643_EB::110P59142,110P59142,VA643_EB,7,38372,40075,40768,604.0,mapped_primary_link,EASTBOUND,1.5,0.032477,1.0,mapped_network,mapped_network,inrix_reference_speed,Weekday,0,MD,7.25,9.0,10.0,3.0,180.0,31.5,45.0,27.99065217391304,29.7822546113307,2366.157054446417,0.1650113776074709,1.0100313631895936,784.260914074438,4752.768720833528,9.0,10.0,9.0,15.0,6.0,episode_period_overlap_over_period_total,6.0,4800.0,0.4929493863430036,episode_demand_over_period_capacity,True,True,800.0,784.3843058188539,45.0,True,True,0.1253757077285118,320.0251482213433,recurring
corridor-76f0b04eea934caa9ebffefa7465117e,state_transition__VA643_EB::110P59142__Weekday__0007,state_transition,multiday_average,VA643_EB::110P59142,110P59142,VA643_EB,7,38372,40075,40768,604.0,mapped_primary_link,EASTBOUND,1.5,0.032477,1.0,mapped_network,mapped_network,inrix_reference_speed,Weekday,0,PM,13.0,17.5,19.25,6.5,390.0,31.5,45.0,27.06326086956522,29.557487078139253,5150.147997208504,1.0,0.25,3161.96254096614,3161.96254096614,15.0,19.0,15.0,19.0,4.0,episode_period_overlap_over_period_total,4.0,3200.0,1.6094212491276576,episode_demand_over_period_capacity,True,True,800.0,792.0238221481237,90.0,True,True,0.1639395618960404,772.578260869564,recurring
corridor-aae27c55fbd249ad92ee195880b32014,state_transition__VA643_NB::110+11478__Weekday__0002,state_transition,multiday_average,VA643_NB::110+11478,110+11478,VA643_NB,16,36263,38150,38179,303.0,mapped_primary_link,NORTHBOUND,3.0,0.872935,2.0,mapped_network,mapped_network,inrix_reference_speed,Weekday,0,AM,6.5,7.25,9.0,2.75,165.0,31.5,45.0,30.988695652173917,31.48098814229249,1917.2537702328725,0.8341294873263263,0.3996182108389214,1743.7443485763106,2090.495990215637,6.5,9.0,6.0,9.0,3.0,episode_period_overlap_over_period_total,3.0,2100.0,0.9129779858251774,episode_demand_over_period_capacity,True,True,700.0,697.1011220235628,45.0,True,True,0.016499705362404,32.021739130434455,recurring
corridor-aae27c55fbd249ad92ee195880b32014,state_transition__VA643_NB::110+11478__Weekday__0003,state_transition,multiday_average,VA643_NB::110+11478,110+11478,VA643_NB,16,36263,38150,38179,303.0,mapped_primary_link,NORTHBOUND,3.0,0.872935,2.0,mapped_network,mapped_network,inrix_reference_speed,Weekday,0,PM,14.75,17.0,19.75,5.25,315.0,31.5,45.0,28.992608695652176,30.669301309456586,3656.353376074069,1.0,0.25,2785.8803329027346,2785.8803329027346,15.0,19.0,15.0,19.0,4.0,episode_period_overlap_over_period_total,4.0,2800.0,1.3058404914550246,episode_demand_over_period_capacity,True,True,700.0,696.4069814756908,90.0,True,True,0.0864838114661905,284.99229249011785,recurring
corridor-aae27c55fbd249ad92ee195880b32014,state_transition__VA643_NB::110+11479__Weekday__0004,state_transition,multiday_average,VA643_NB::110+11479,110+11479,VA643_NB,15,36912,38379,38136,304.0,mapped_primary_link,NORTHBOUND,5.0,0.601525,2.0,mapped_network,mapped_network,inrix_reference_speed,Weekday,0,PM,0.0,17.0,23.75,24.0,1440.0,31.5,45.0,23.480217391304347,29.18105849340316,14261.86739126194,1.0,0.25,2331.425754854384,2331.425754854384,15.0,19.0,15.0,19.0,4.0,episode_period_overlap_over_period_total,4.0,2400.0,5.942444746359142,episode_demand_over_period_capacity,True,True,600.0,596.6806540821973,405.0,True,True,0.3415548704274642,3339.2757694994334,recurring
corridor-aae27c55fbd249ad92ee195880b32014,state_transition__VA643_NB::110+59131__Weekday__0005,state_transition,multiday_average,VA643_NB::110+59131,110+59131,VA643_NB,4,35243,36483,34254,603.0,mapped_primary_link,NORTHBOUND,5.5,1.01736,1.0,mapped_network,mapped_network,inrix_reference_speed,Weekday,0,AM,6.5,7.75,9.25,3.0,180.0,31.5,45.0,27.06347826086957,29.773501317523056,2651.392306023748,0.837817249529265,0.3978592390173628,2204.372966643089,2631.0904530571984,6.5,9.0,6.0,9.0,3.0,episode_period_overlap_over_period_total,3.0,2700.0,0.981997150379166,episode_demand_over_period_capacity,True,True,900.0,875.3747969262913,75.0,True,True,0.1639302123831247,363.6456521739126,recurring
corridor-aae27c55fbd249ad92ee195880b32014,state_transition__VA643_NB::110+59133__Weekday__0006,state_transition,multiday_average,VA643_NB::110+59133,110+59133,VA643_NB,2,31504,34956,34266,403.0,mapped_primary_link,NORTHBOUND,5.5,0.534484,2.0,mapped_network,mapped_network,inrix_reference_speed,Weekday,0,AM,6.75,7.75,20.0,13.5,810.0,31.5,45.0,27.92934782608696,30.539031349085693,11265.886959093195,0.750955786431068,0.443878773366281,1859.786899154828,2476.5597825585733,6.75,9.0,6.0,9.0,3.0,episode_period_overlap_over_period_total,3.0,2520.0,4.470590063132221,episode_demand_over_period_capacity,True,True,840.0,836.0993005783477,630.0,True,True,0.1278458844133099,791.9207651044588,recurring
corridor-aae27c55fbd249ad92ee195880b32014,state_transition__VA643_NB::110P11479__Weekday__0010,state_transition,multiday_average,VA643_NB::110P11479,110P11479,VA643_NB,7,36212,38136,38107,304.0,mapped_primary_link,NORTHBOUND,4.5,0.02847,1.0,mapped_network,mapped_network,inrix_reference_speed,Weekday,0,PM,0.0,17.25,23.75,24.0,1440.0,31.5,45.0,13.399782608695652,17.344808155310872,12147.274380800607,1.0,0.25,1916.3905266981303,1916.3905266981303,15.0,19.0,15.0,19.0,4.0,episode_period_overlap_over_period_total,4.0,2400.0,5.061364325333587,episode_demand_over_period_capacity,True,True,600.0,498.0317165913704,390.0,True,True,1.350784405976735,20383.476256352336,severe
corridor-40ba3aadf26d4db8b0471987586e9979,state_transition__VA643_SB::110-11477__Weekday__0001,state_transition,multiday_average,VA643_SB::110-11477,110-11477,VA643_SB,5,36360,38179,38150,303.0,mapped_primary_link,SOUTHBOUND,3.0,0.875001,2.0,mapped_network,mapped_network,inrix_reference_speed,Weekday,0,AM,6.5,7.25,9.25,3.0,180.0,31.5,45.0,29.57326086956522,30.88684782608696,2089.755770522116,0.8343154961563457,0.3995291168256913,1741.4494325267788,2087.2792613220763,6.5,9.0,6.0,9.0,3.0,episode_period_overlap_over_period_total,3.0,2100.0,0.995121795486722,episode_demand_over_period_capacity,True,True,700.0,696.6075344205428,105.0,True,True,0.0651513926358267,130.27499999999944,recurring
corridor-40ba3aadf26d4db8b0471987586e9979,state_transition__VA643_SB::110-11477__Weekday__0002,state_transition,multiday_average,VA643_SB::110-11477,110-11477,VA643_SB,5,36360,38179,38150,303.0,mapped_primary_link,SOUTHBOUND,3.0,0.875001,2.0,mapped_network,mapped_network,inrix_reference_speed,Weekday,0,PM,12.25,17.5,18.75,6.75,405.0,31.5,45.0,29.34586956521739,30.93838493631972,4702.3016861654805,0.9375800214137632,0.2666439069627664,2610.1596550573536,2783.932672884318,15.0,18.75,15.0,19.0,4.0,episode_period_overlap_over_period_total,4.0,2800.0,1.6793934593448143,episode_demand_over_period_capacity,True,True,700.0,696.6069072084426,60.0,True,True,0.0734048936595772,242.55192687746916,recurring
corridor-40ba3aadf26d4db8b0471987586e9979,state_transition__VA643_SB::110-11478__Weekday__0003,state_transition,multiday_average,VA643_SB::110-11478,110-11478,VA643_SB,7,36215,38136,38379,304.0,mapped_primary_link,SOUTHBOUND,1.0,0.601525,2.0,mapped_network,mapped_network,inrix_reference_speed,Weekday,0,AM,6.5,7.25,9.0,2.75,165.0,31.5,45.0,29.79804347826087,30.765799047790157,1643.2713129266265,0.8335029267276931,0.399918611734202,1493.9136908280425,1792.3316678600056,6.5,9.0,6.0,9.0,3.0,episode_period_overlap_over_period_total,3.0,1800.0,0.9129285071814592,episode_demand_over_period_capacity,True,True,600.0,597.7866594270226,90.0,True,True,0.057116384939192,132.09315711462392,recurring
corridor-40ba3aadf26d4db8b0471987586e9979,state_transition__VA643_SB::110-59130__Weekday__0006,state_transition,multiday_average,VA643_SB::110-59130,110-59130,VA643_SB,11,29450,34254,36483,603.0,mapped_primary_link,SOUTHBOUND,1.5,1.01736,1.0,mapped_network,mapped_network,inrix_reference_speed,Weekday,0,PM,14.5,17.75,19.25,5.0,300.0,31.5,45.0,26.217272727272725,28.586261857707512,4441.314316547646,1.0,0.25,3544.6434781354974,3544.6434781354974,15.0,19.0,15.0,19.0,4.0,episode_period_overlap_over_period_total,4.0,3600.0,1.233698421263235,episode_demand_over_period_capacity,True,True,900.0,892.9273574053091,75.0,True,True,0.2014979714969311,890.6247035573109,recurring
corridor-40ba3aadf26d4db8b0471987586e9979,state_transition__VA643_SB::110-59132__Weekday__0007,state_transition,multiday_average,VA643_SB::110-59132,110-59132,VA643_SB,12,29492,34266,34956,403.0,mapped_primary_link,SOUTHBOUND,1.5,0.532395,2.0,mapped_network,mapped_network,inrix_reference_speed,Weekday,0,AM,7.25,7.75,8.75,1.75,105.0,31.5,45.0,31.01478260869565,31.57071428571429,1459.4571779847638,0.5028052624608745,0.6629471849636248,1250.7468037001809,2487.5372178458592,7.25,8.75,6.0,9.0,3.0,episode_period_overlap_over_period_total,3.0,2520.0,0.5791496738034777,episode_demand_over_period_capacity,True,True,840.0,836.318614439456,30.0,True,True,0.0156447136008073,22.904347826086635,recurring
corridor-40ba3aadf26d4db8b0471987586e9979,state_transition__VA643_SB::110-59132__Weekday__0008,state_transition,multiday_average,VA643_SB::110-59132,110-59132,VA643_SB,12,29492,34266,34956,403.0,mapped_primary_link,SOUTHBOUND,1.5,0.532395,2.0,mapped_network,mapped_network,inrix_reference_speed,Weekday,0,PM,11.0,17.75,19.75,9.0,540.0,31.5,45.0,28.299565217391304,30.29224692577953,7510.901831188961,1.0,0.25,3330.194867945351,3330.194867945351,15.0,19.0,15.0,19.0,4.0,episode_period_overlap_over_period_total,4.0,3360.0,2.2353874497586195,episode_demand_over_period_capacity,True,True,840.0,834.367602456374,105.0,True,True,0.1130913057505875,710.3312252964412,recurring
corridor-40ba3aadf26d4db8b0471987586e9979,state_transition__VA643_SB::110N11479__Weekday__0013,state_transition,multiday_average,VA643_SB::110N11479,110N11479,VA643_SB,10,36116,38107,38136,304.0,mapped_primary_link,SOUTHBOUND,1.5,0.02847,1.0,mapped_network,mapped_network,inrix_reference_speed,Weekday,0,MD,0.0,14.25,23.75,24.0,1440.0,31.5,45.0,18.18695652173913,20.476897863930706,12973.23479028065,1.0,0.1666666666666666,3160.788630786817,3160.788630786817,9.0,15.0,9.0,15.0,6.0,episode_period_overlap_over_period_total,6.0,3600.0,3.603676330633514,episode_demand_over_period_capacity,True,True,600.0,542.6470114971131,570.0,True,True,0.7320105187664354,15542.5740118577,recurring
corridor-34f977836a8d4805a6ab9799564971ed,state_transition__VA643_WB::110-56062__Weekday__0001,state_transition,multiday_average,VA643_WB::110-56062,110-56062,VA643_WB,4,29519,34274,36512,604.0,mapped_primary_link,WESTBOUND,4.0,2.540162,1.0,mapped_network,mapped_network,inrix_reference_speed,Weekday,0,AM,8.25,8.5,11.0,3.0,180.0,31.5,45.0,30.735909090909093,31.204799489459816,2390.2468955057666,0.2500599466587973,1.3330136944648765,596.7706695851299,2386.510425035856,8.25,9.0,6.0,9.0,3.0,episode_period_overlap_over_period_total,3.0,2400.0,0.995936206460736,episode_demand_over_period_capacity,True,True,800.0,796.9184237858148,135.0,True,True,0.0248598766618848,67.29152667984133,recurring
corridor-34f977836a8d4805a6ab9799564971ed,state_transition__VA643_WB::110-56062__Weekday__0002,state_transition,multiday_average,VA643_WB::110-56062,110-56062,VA643_WB,4,29519,34274,36512,604.0,mapped_primary_link,WESTBOUND,4.0,2.540162,1.0,mapped_network,mapped_network,inrix_reference_speed,Weekday,0,PM,13.75,16.75,20.0,6.5,390.0,31.5,45.0,26.94608695652174,29.479558376406203,5142.861141470076,1.0,0.25,3152.241991265269,3152.241991265269,15.0,19.0,15.0,19.0,4.0,episode_period_overlap_over_period_total,4.0,3200.0,1.6071441067093988,episode_demand_over_period_capacity,True,True,800.0,789.3196702269599,180.0,True,True,0.1690009035755775,795.5896245059274,recurring
corridor-34f977836a8d4805a6ab9799564971ed,state_transition__VA643_WB::110-56064__Weekday__0003,state_transition,multiday_average,VA643_WB::110-56064,110-56064,VA643_WB,6,35236,36481,36480,604.0,mapped_primary_link,WESTBOUND,2.0,1.943676,1.0,mapped_network,mapped_network,inrix_reference_speed,Weekday,0,PM,8.25,16.75,17.75,9.75,585.0,31.5,45.0,29.35760869565217,30.963356211943164,7675.796038031065,0.6864871312375125,0.3641728863137339,2176.628747828391,3170.676694120455,15.0,17.75,15.0,19.0,4.0,episode_period_overlap_over_period_total,4.0,3200.0,2.398686261884708,episode_demand_over_period_capacity,True,True,800.0,795.7708638802183,45.0,True,True,0.0729756747750747,342.5279644268756,recurring
corridor-34f977836a8d4805a6ab9799564971ed,state_transition__VA643_WB::110N59142__Weekday__0006,state_transition,multiday_average,VA643_WB::110N59142,110N59142,VA643_WB,2,40271,40768,40075,604.0,mapped_primary_link,WESTBOUND,1.0,0.032477,1.0,mapped_network,mapped_network,inrix_reference_speed,Weekday,0,AM,0.0,8.5,23.75,24.0,1440.0,31.5,45.0,22.531136363636364,25.692686953972963,18493.1131511788,1.0,0.3333333333333333,2256.5219441901,2256.5219441901,6.0,9.0,6.0,9.0,3.0,episode_period_overlap_over_period_total,3.0,2400.0,7.705463812991166,episode_demand_over_period_capacity,True,True,800.0,771.5550348363063,915.0,True,True,0.3980653035698072,8362.530786278934,recurring
corridor-d849cec7f28f4763b74c491bbca4f420,state_transition__VA644_EB::110+50122__Weekday__0001,state_transition,multiday_average,VA644_EB::110+50122,110+50122,VA644_EB,24,35264,36491,34255,404.0,mapped_primary_link,EASTBOUND,2.0,0.896082,1.0,mapped_network,mapped_network,inrix_reference_speed,Weekday,0,AM,5.75,8.0,10.25,4.75,285.0,31.5,45.0,28.19826086956521,30.09015654254213,3775.9192071694633,1.0,0.3333333333333333,2381.678569926764,2381.678569926764,6.0,9.0,6.0,9.0,3.0,episode_period_overlap_over_period_total,3.0,2400.0,1.573299669653943,episode_demand_over_period_capacity,True,True,800.0,796.3115525794096,120.0,True,True,0.1170901689897618,419.5314723320149,recurring
corridor-d849cec7f28f4763b74c491bbca4f420,state_transition__VA644_EB::110+50122__Weekday__0002,state_transition,multiday_average,VA644_EB::110+50122,110+50122,VA644_EB,24,35264,36491,34255,404.0,mapped_primary_link,EASTBOUND,2.0,0.896082,1.0,mapped_network,mapped_network,inrix_reference_speed,Weekday,0,PM,12.75,16.75,19.5,7.0,420.0,31.5,45.0,27.97636363636364,29.976213474025972,5562.206852745006,1.0,0.25,3170.544780714348,3170.544780714348,15.0,19.0,15.0,19.0,4.0,episode_period_overlap_over_period_total,4.0,3200.0,1.7381896414828142,episode_demand_over_period_capacity,True,True,800.0,792.4449486091725,150.0,True,True,0.1259504776759601,648.8667243082989,recurring
corridor-d849cec7f28f4763b74c491bbca4f420,state_transition__VA644_EB::110+50123__Weekday__0003,state_transition,multiday_average,VA644_EB::110+50123,110+50123,VA644_EB,23,35271,36493,34257,403.0,mapped_primary_link,EASTBOUND,4.0,0.35334,2.0,mapped_network,mapped_network,inrix_reference_speed,Weekday,0,PM,7.0,16.25,21.0,14.25,855.0,31.5,45.0,26.764318181818183,29.44692809097843,11822.04554034223,1.0,0.25,3299.934847892806,3299.934847892806,15.0,19.0,15.0,19.0,4.0,episode_period_overlap_over_period_total,4.0,3360.0,3.5184659346256635,episode_demand_over_period_capacity,True,True,840.0,829.6986929171935,270.0,True,True,0.1769401255063134,1771.3929841897202,recurring
corridor-d849cec7f28f4763b74c491bbca4f420,state_transition__VA644_EB::110+50125__Weekday__0004,state_transition,multiday_average,VA644_EB::110+50125,110+50125,VA644_EB,21,29603,34300,34963,403.0,mapped_primary_link,EASTBOUND,8.0,0.952707,3.0,mapped_network,mapped_network,inrix_reference_speed,Weekday,0,PM,7.25,17.75,20.75,13.75,825.0,31.5,45.0,27.526739130434784,29.933142085878547,11462.226749591377,1.0,0.25,3324.0647221983954,3324.0647221983954,15.0,19.0,15.0,19.0,4.0,episode_period_overlap_over_period_total,4.0,3360.0,3.4113770088069573,episode_demand_over_period_capacity,True,True,840.0,836.0671534738728,165.0,True,True,0.1443418652219579,1346.8741823122505,recurring
corridor-d849cec7f28f4763b74c491bbca4f420,state_transition__VA644_EB::110+50129__Weekday__0006,state_transition,multiday_average,VA644_EB::110+50129,110+50129,VA644_EB,17,35186,36465,34389,203.0,mapped_primary_link,EASTBOUND,16.0,1.433543,3.0,mapped_network,mapped_network,inrix_reference_speed,Weekday,0,PM,6.75,15.5,21.0,14.5,870.0,31.5,45.0,25.566304347826087,28.121645597655714,8575.132258541622,1.0,0.25,2350.678571598416,2350.678571598416,15.0,19.0,15.0,19.0,4.0,episode_period_overlap_over_period_total,4.0,2400.0,3.5729717743923426,episode_demand_over_period_capacity,True,True,600.0,593.2922412093263,315.0,True,True,0.2320904723438628,2955.2802865612616,recurring
corridor-d849cec7f28f4763b74c491bbca4f420,state_transition__VA644_EB::110+50130__Weekday__0007,state_transition,multiday_average,VA644_EB::110+50130,110+50130,VA644_EB,16,34773,36332,36346,403.0,mapped_primary_link,EASTBOUND,17.0,0.540857,3.0,mapped_network,mapped_network,inrix_reference_speed,Weekday,0,PM,6.0,17.25,23.0,17.25,1035.0,31.5,45.0,18.675454545454546,26.823695628305742,14009.381802425874,1.0,0.25,3059.1229681665504,3059.1229681665504,15.0,19.0,15.0,19.0,4.0,episode_period_overlap_over_period_total,4.0,3360.0,4.169458869769605,episode_demand_over_period_capacity,True,True,840.0,833.2224138877657,285.0,True,True,0.6867059338947572,4855.274728260866,recurring
corridor-d849cec7f28f4763b74c491bbca4f420,state_transition__VA644_EB::110+50131__Weekday__0008,state_transition,multiday_average,VA644_EB::110+50131,110+50131,VA644_EB,15,32333,35304,36345,403.0,mapped_primary_link,EASTBOUND,19.0,0.83022,2.0,mapped_network,mapped_network,inrix_reference_speed,Weekday,0,PM,2.25,16.5,22.0,20.0,1200.0,31.5,45.0,21.80282608695652,27.242126641474467,16400.483427539464,1.0,0.25,3162.118378514725,3162.118378514725,15.0,19.0,15.0,19.0,4.0,episode_period_overlap_over_period_total,4.0,3360.0,4.881096258196269,episode_demand_over_period_capacity,True,True,840.0,816.5970351928344,285.0,True,True,0.4447668331787859,4986.639003387912,recurring
corridor-d849cec7f28f4763b74c491bbca4f420,state_transition__VA644_EB::110+50132__Weekday__0009,state_transition,multiday_average,VA644_EB::110+50132,110+50132,VA644_EB,14,29191,34175,34174,203.0,mapped_primary_link,EASTBOUND,21.0,2.068771,2.0,mapped_network,mapped_network,inrix_reference_speed,Weekday,0,AM,7.0,7.25,8.5,1.75,105.0,31.5,45.0,30.376363636363635,31.26462450592885,1047.2913686755574,0.5012675265900985,0.6649809047094127,897.6173445284619,1790.6951815421917,7.0,8.5,6.0,9.0,3.0,episode_period_overlap_over_period_total,3.0,1800.0,0.5818285381530874,episode_demand_over_period_capacity,True,True,600.0,598.965274718169,60.0,True,True,0.0369904830310647,39.87747035573109,recurring
corridor-d849cec7f28f4763b74c491bbca4f420,state_transition__VA644_EB::110+50132__Weekday__0010,state_transition,multiday_average,VA644_EB::110+50132,110+50132,VA644_EB,14,29191,34175,34174,203.0,mapped_primary_link,EASTBOUND,21.0,2.068771,2.0,mapped_network,mapped_network,inrix_reference_speed,Weekday,0,PM,14.0,17.0,18.25,4.5,270.0,31.5,45.0,29.583695652173912,30.644639328063235,2689.4941939494734,0.8121969082777796,0.3078071308226372,1941.4265984237725,2390.339803854295,15.0,18.25,15.0,19.0,4.0,episode_period_overlap_over_period_total,4.0,2400.0,1.1206225808122805,episode_demand_over_period_capacity,True,True,600.0,597.5331256871798,60.0,True,True,0.0647756916632986,247.71151185770668,recurring
corridor-a46a566bc23f47aca00f4eb2d07db03e,state_transition__VA644_WB::110-50121__Weekday__0001,state_transition,multiday_average,VA644_WB::110-50121,110-50121,VA644_WB,4,29454,34255,36491,404.0,mapped_primary_link,WESTBOUND,21.0,0.896082,1.0,mapped_network,mapped_network,inrix_reference_speed,Weekday,0,AM,7.25,8.25,9.5,2.5,150.0,31.5,45.0,30.35,30.969967391304344,1992.6615994733968,0.5844195996711563,0.5703664516400455,1394.9677872892623,2386.928480965027,7.25,9.0,6.0,9.0,3.0,episode_period_overlap_over_period_total,3.0,2400.0,0.8302756664472486,episode_demand_over_period_capacity,True,True,800.0,797.0451596799064,60.0,True,True,0.0378912685337726,85.18369565217354,recurring
corridor-a46a566bc23f47aca00f4eb2d07db03e,state_transition__VA644_WB::110-50121__Weekday__0002,state_transition,multiday_average,VA644_WB::110-50121,110-50121,VA644_WB,4,29454,34255,36491,404.0,mapped_primary_link,WESTBOUND,21.0,0.896082,1.0,mapped_network,mapped_network,inrix_reference_speed,Weekday,0,PM,12.0,17.5,20.5,8.75,525.0,31.5,45.0,28.80826086956522,30.492635234330887,6968.300793162232,1.0,0.25,3180.810939972491,3180.810939972491,15.0,19.0,15.0,19.0,4.0,episode_period_overlap_over_period_total,4.0,3200.0,2.1775939978631973,episode_demand_over_period_capacity,True,True,800.0,797.4875656069274,165.0,True,True,0.0934363633619581,552.4027173913028,recurring
corridor-a46a566bc23f47aca00f4eb2d07db03e,state_transition__VA644_WB::110-50124__Weekday__0005,state_transition,multiday_average,VA644_WB::110-50124,110-50124,VA644_WB,5,29381,34234,36455,403.0,mapped_primary_link,WESTBOUND,15.0,0.954646,3.0,mapped_network,mapped_network,inrix_reference_speed,Weekday,0,PM,16.25,17.75,18.5,2.5,150.0,31.5,45.0,29.354347826086958,30.59006521739131,2077.7048610087127,0.562029167617469,0.4448167718052601,1871.2410714336652,3329.4376506581566,16.25,18.5,15.0,19.0,4.0,episode_period_overlap_over_period_total,4.0,3360.0,0.6183645419668787,episode_demand_over_period_capacity,True,True,840.0,826.4738341589889,30.0,True,True,0.0730948678071539,146.32173913043437,recurring
corridor-a46a566bc23f47aca00f4eb2d07db03e,state_transition__VA644_WB::110-50125__Weekday__0006,state_transition,multiday_average,VA644_WB::110-50125,110-50125,VA644_WB,8,29376,34232,36462,203.0,mapped_primary_link,WESTBOUND,13.0,2.764299,3.0,mapped_network,mapped_network,inrix_reference_speed,Weekday,0,AM,7.0,7.75,9.5,2.75,165.0,31.5,45.0,26.774545454545454,29.83581925979159,1633.1242151842496,0.6733398844767026,0.4950446884523838,1185.3467892020235,1760.3988959056476,7.0,9.0,6.0,9.0,3.0,episode_period_overlap_over_period_total,3.0,1800.0,0.9072912306579164,episode_demand_over_period_capacity,True,True,600.0,597.181734987247,90.0,True,True,0.1764905609126714,312.9246047430826,recurring
corridor-a46a566bc23f47aca00f4eb2d07db03e,state_transition__VA644_WB::110-50125__Weekday__0007,state_transition,multiday_average,VA644_WB::110-50125,110-50125,VA644_WB,8,29376,34232,36462,203.0,mapped_primary_link,WESTBOUND,13.0,2.764299,3.0,mapped_network,mapped_network,inrix_reference_speed,Weekday,0,MD,13.5,14.75,18.5,5.25,315.0,31.5,45.0,26.549565217391304,28.845851729361044,3109.262568514672,0.2485523696943187,0.6705494977643588,887.785540479452,3571.8248897457383,13.5,15.0,9.0,15.0,6.0,episode_period_overlap_over_period_total,6.0,3600.0,0.8636840468096312,episode_demand_over_period_capacity,True,True,600.0,592.1957566091377,210.0,True,True,0.1864601074282719,854.5164878599649,recurring
corridor-a46a566bc23f47aca00f4eb2d07db03e,state_transition__VA644_WB::110-50128__Weekday__0008,state_transition,multiday_average,VA644_WB::110-50128,110-50128,VA644_WB,9,34759,36328,34389,303.0,mapped_primary_link,WESTBOUND,7.0,1.429699,3.0,mapped_network,mapped_network,inrix_reference_speed,Weekday,0,AM,6.75,8.0,20.5,14.0,840.0,31.5,45.0,27.111304347826085,29.481635787220025,9728.48371288768,0.7488637665291618,0.445118789600769,1557.8719248311593,2080.3141966015974,6.75,9.0,6.0,9.0,3.0,episode_period_overlap_over_period_total,3.0,2100.0,4.632611291851275,episode_demand_over_period_capacity,True,True,700.0,696.0078088454201,735.0,True,True,0.1618769645262685,1715.27267786561,recurring
corridor-a46a566bc23f47aca00f4eb2d07db03e,state_transition__VA644_WB::110-50129__Weekday__0009,state_transition,multiday_average,VA644_WB::110-50129,110-50129,VA644_WB,11,34820,36346,36332,403.0,mapped_primary_link,WESTBOUND,6.0,0.543759,3.0,mapped_network,mapped_network,inrix_reference_speed,Weekday,0,PM,6.75,15.25,19.75,13.25,795.0,31.5,45.0,26.847826086956523,29.4835996345738,11035.497085211764,1.0,0.25,3318.506573576711,3318.506573576711,15.0,19.0,15.0,19.0,4.0,episode_period_overlap_over_period_total,4.0,3360.0,3.284374132503501,episode_demand_over_period_capacity,True,True,840.0,830.6604477127034,255.0,True,True,0.1732793522267204,1619.111116600788,recurring
corridor-a46a566bc23f47aca00f4eb2d07db03e,state_transition__VA644_WB::110-50130__Weekday__0010,state_transition,multiday_average,VA644_WB::110-50130,110-50130,VA644_WB,13,34817,36345,35304,403.0,mapped_primary_link,WESTBOUND,4.0,0.83124,2.0,mapped_network,mapped_network,inrix_reference_speed,Weekday,0,PM,6.0,15.25,23.75,18.0,1080.0,31.5,45.0,23.85326086956522,27.6410046113307,14823.699103335828,1.0,0.25,3249.387283178965,3249.387283178965,15.0,19.0,15.0,19.0,4.0,episode_period_overlap_over_period_total,4.0,3360.0,4.411815209326139,episode_demand_over_period_capacity,True,True,840.0,825.6951818692357,480.0,True,True,0.3205741626794256,4203.571541501973,recurring
corridor-a46a566bc23f47aca00f4eb2d07db03e,state_transition__VA644_WB::110-50131__Weekday__0011,state_transition,multiday_average,VA644_WB::110-50131,110-50131,VA644_WB,12,29186,34174,34175,203.0,mapped_primary_link,WESTBOUND,2.0,2.068771,2.0,mapped_network,mapped_network,inrix_reference_speed,Weekday,0,PM,14.0,16.75,19.25,5.5,330.0,31.5,45.0,30.018478260869564,31.020655318002152,3291.506008878192,1.0,0.25,2393.6147785392805,2393.6147785392805,15.0,19.0,15.0,19.0,4.0,episode_period_overlap_over_period_total,4.0,2400.0,1.3714608370325798,episode_demand_over_period_capacity,True,True,600.0,598.5358212064702,135.0,True,True,0.0493536589781655,196.3860177865602,recurring
corridor-a46a566bc23f47aca00f4eb2d07db03e,state_transition__VA644_WB::110-52382__Weekday__0012,state_transition,multiday_average,VA644_WB::110-52382,110-52382,VA644_WB,23,29225,34186,36323,203.0,mapped_primary_link,WESTBOUND,3.0,0.230606,3.0,mapped_network,mapped_network,inrix_reference_speed,Weekday,0,PM,0.0,16.75,23.75,24.0,1440.0,31.5,45.0,22.29477272727273,25.673398891747723,13802.252050647308,1.0,0.25,2273.463189660425,2273.463189660425,15.0,19.0,15.0,19.0,4.0,episode_period_overlap_over_period_total,4.0,2400.0,5.750938354436378,episode_demand_over_period_capacity,True,True,600.0,582.1736228522643,420.0,True,True,0.4128872442582338,8390.305595883268,recurring
corridor-27f5e6830f534a8c8f34161104eb62ca,state_transition__VA645_NB::110+57903__Weekday__0001,state_transition,multiday_average,VA645_NB::110+57903,110+57903,VA645_NB,11,29564,34288,34387,403.0,mapped_primary_link,NORTHBOUND,16.0,0.251889,2.0,mapped_network,mapped_network,inrix_reference_speed,Weekday,0,PM,0.0,17.25,23.75,24.0,1440.0,31.5,45.0,15.710227272727272,20.67973445318252,18151.109841288904,1.0,0.25,2815.4840144470136,2815.4840144470136,15.0,19.0,15.0,19.0,4.0,episode_period_overlap_over_period_total,4.0,3360.0,5.402116024193126,episode_demand_over_period_capacity,True,True,840.0,768.376052331105,390.0,True,True,1.00506329113924,15256.574421012649,severe
corridor-27f5e6830f534a8c8f34161104eb62ca,state_transition__VA645_NB::110+57905__Weekday__0004,state_transition,multiday_average,VA645_NB::110+57905,110+57905,VA645_NB,14,35278,36495,34955,403.0,mapped_primary_link,NORTHBOUND,12.0,1.061587,2.0,mapped_network,mapped_network,inrix_reference_speed,Weekday,0,AM,6.75,8.25,9.5,3.0,180.0,31.5,45.0,27.518478260869564,29.60771936758893,2488.5760663265028,0.7489455328604092,0.4450701936364457,1862.7407070790816,2487.15110158253,6.75,9.0,6.0,9.0,3.0,episode_period_overlap_over_period_total,3.0,2520.0,0.9875301850501996,episode_demand_over_period_capacity,True,True,840.0,831.0020490643499,60.0,True,True,0.1446853892641306,288.39189723320123,recurring
corridor-27f5e6830f534a8c8f34161104eb62ca,state_transition__VA645_NB::110+57907__Weekday__0007,state_transition,multiday_average,VA645_NB::110+57907,110+57907,VA645_NB,12,29497,34267,36499,503.0,mapped_primary_link,NORTHBOUND,5.0,1.113804,1.0,mapped_network,mapped_network,inrix_reference_speed,Weekday,0,PM,14.0,16.5,19.5,5.75,345.0,31.5,45.0,22.98913043478261,27.27488056367073,5029.485009428287,1.0,0.25,3465.1287322279977,3465.1287322279977,15.0,19.0,15.0,19.0,4.0,episode_period_overlap_over_period_total,4.0,3600.0,1.3970791692856352,episode_demand_over_period_capacity,True,True,900.0,878.8960845254095,165.0,True,True,0.3702127659574465,1475.3988142292478,recurring
corridor-27f5e6830f534a8c8f34161104eb62ca,state_transition__VA645_NB::110+57908__Weekday__0008,state_transition,multiday_average,VA645_NB::110+57908,110+57908,VA645_NB,17,29513,34272,34273,603.0,mapped_primary_link,NORTHBOUND,2.0,1.623621,1.0,mapped_network,mapped_network,inrix_reference_speed,Weekday,0,PM,12.75,17.75,19.25,6.75,405.0,31.5,45.0,29.215000000000003,30.549608402869268,6053.983540127902,1.0,0.25,3584.939324349478,3584.939324349478,15.0,19.0,15.0,19.0,4.0,episode_period_overlap_over_period_total,4.0,3600.0,1.681662094479973,episode_demand_over_period_capacity,True,True,900.0,897.3446651316306,75.0,True,True,0.0782132466198868,419.7031126482202,recurring
corridor-27f5e6830f534a8c8f34161104eb62ca,state_transition__VA645_NB::110+57909__Weekday__0009,state_transition,multiday_average,VA645_NB::110+57909,110+57909,VA645_NB,16,35307,36505,36508,603.0,mapped_primary_link,NORTHBOUND,1.0,2.083881,1.0,mapped_network,mapped_network,inrix_reference_speed,Weekday,0,PM,14.75,16.5,19.25,4.75,285.0,31.5,45.0,29.733478260869564,30.930938215102977,4265.906968859636,1.0,0.25,3592.1419530464336,3592.1419530464336,15.0,19.0,15.0,19.0,4.0,episode_period_overlap_over_period_total,4.0,3600.0,1.1849741580165654,episode_demand_over_period_capacity,True,True,900.0,898.5136458246902,120.0,True,True,0.0594118765262403,180.146739130434,recurring
corridor-27f5e6830f534a8c8f34161104eb62ca,state_transition__VA645_NB::110+57910__Weekday__0010,state_transition,multiday_average,VA645_NB::110+57910,110+57910,VA645_NB,18,29548,34283,34282,603.0,mapped_primary_link,NORTHBOUND,4.0,1.131341,1.0,mapped_network,mapped_network,inrix_reference_speed,Weekday,0,AM,0.0,7.5,23.75,24.0,1440.0,31.5,45.0,23.95833333333333,27.785166594614623,21257.62685719252,1.0,0.3333333333333333,2605.3937244181243,2605.3937244181243,6.0,9.0,6.0,9.0,3.0,episode_period_overlap_over_period_total,3.0,2700.0,7.873195132293525,episode_demand_over_period_capacity,True,True,900.0,886.9910116376369,975.0,True,True,0.314782608695652,5349.360103754935,recurring
corridor-27f5e6830f534a8c8f34161104eb62ca,state_transition__VA645_NB::110+57916__Weekday__0011,state_transition,multiday_average,VA645_NB::110+57916,110+57916,VA645_NB,25,35412,36539,34347,203.0,mapped_primary_link,NORTHBOUND,20.0,0.732426,1.0,mapped_network,mapped_network,inrix_reference_speed,Weekday,0,MD,7.25,12.5,14.0,7.0,420.0,31.5,45.0,30.10739130434783,30.918987507058155,4145.418567993522,0.832328378334669,0.200241480412016,2951.9042193296877,3546.562025478318,9.0,14.0,9.0,15.0,6.0,episode_period_overlap_over_period_total,6.0,3600.0,1.1515051577759785,episode_demand_over_period_capacity,True,True,600.0,589.2459068730948,75.0,True,True,0.0462547113954392,264.31378458497875,recurring
corridor-27f5e6830f534a8c8f34161104eb62ca,state_transition__VA645_NB::110+57920__Weekday__0015,state_transition,multiday_average,VA645_NB::110+57920,110+57920,VA645_NB,29,30808,34657,34739,403.0,mapped_primary_link,NORTHBOUND,26.0,0.639221,2.0,mapped_network,mapped_network,inrix_reference_speed,Weekday,0,AM,6.0,7.75,22.5,16.75,1005.0,31.5,45.0,19.793636363636363,27.91446993224167,13712.747750119132,1.0,0.3333333333333333,2396.99164191239,2396.99164191239,6.0,9.0,6.0,9.0,3.0,episode_period_overlap_over_period_total,3.0,2520.0,5.441566567507592,episode_demand_over_period_capacity,True,True,840.0,829.4195343277096,810.0,True,True,0.5914205667569925,3410.688957509878,recurring
corridor-27f5e6830f534a8c8f34161104eb62ca,state_transition__VA645_NB::110+57921__Weekday__0016,state_transition,multiday_average,VA645_NB::110+57921,110+57921,VA645_NB,28,33281,35845,36653,403.0,mapped_primary_link,NORTHBOUND,28.0,0.958501,2.0,mapped_network,mapped_network,inrix_reference_speed,Weekday,0,AM,0.0,8.0,23.75,24.0,1440.0,31.5,45.0,26.86086956521739,29.509541528486317,20002.641520611083,1.0,0.3333333333333333,2486.6844548226877,2486.6844548226877,6.0,9.0,6.0,9.0,3.0,episode_period_overlap_over_period_total,3.0,2520.0,7.937556158972652,episode_demand_over_period_capacity,True,True,840.0,834.5035799821192,885.0,True,True,0.1727096147620588,2819.300150367893,recurring
corridor-f526f0b62026447ba64835da324bb377,state_transition__VA645_SB::110-57904__Weekday__0004,state_transition,multiday_average,VA645_SB::110-57904,110-57904,VA645_SB,23,31501,34955,36495,403.0,mapped_primary_link,SOUTHBOUND,19.0,1.058734,2.0,mapped_network,mapped_network,inrix_reference_speed,Weekday,0,PM,7.0,17.5,20.5,13.75,825.0,31.5,45.0,24.83,29.186133918653105,11356.983322983557,1.0,0.25,3287.613836735112,3287.613836735112,15.0,19.0,15.0,19.0,4.0,episode_period_overlap_over_period_total,4.0,3360.0,3.3800545604117724,episode_demand_over_period_capacity,True,True,840.0,823.4042615275423,165.0,True,True,0.2686266612968182,1818.518421795593,recurring
corridor-f526f0b62026447ba64835da324bb377,state_transition__VA645_SB::110-57907__Weekday__0007,state_transition,multiday_average,VA645_SB::110-57907,110-57907,VA645_SB,11,29514,34273,34272,603.0,mapped_primary_link,SOUTHBOUND,28.0,1.623621,1.0,mapped_network,mapped_network,inrix_reference_speed,Weekday,0,AM,6.75,7.25,10.0,3.5,210.0,31.5,45.0,29.811304347826084,30.7508198051948,3141.5171907353265,0.7514935115131833,0.4435611595130662,2019.0258233074164,2686.684305819182,6.75,9.0,6.0,9.0,3.0,episode_period_overlap_over_period_total,3.0,2700.0,1.1635248854575284,episode_demand_over_period_capacity,True,True,900.0,897.4595355234684,150.0,True,True,0.0566461511536329,171.5778409090903,recurring
corridor-f526f0b62026447ba64835da324bb377,state_transition__VA645_SB::110-57907__Weekday__0008,state_transition,multiday_average,VA645_SB::110-57907,110-57907,VA645_SB,11,29514,34273,34272,603.0,mapped_primary_link,SOUTHBOUND,28.0,1.623621,1.0,mapped_network,mapped_network,inrix_reference_speed,Weekday,0,PM,11.75,15.5,18.0,6.5,390.0,31.5,45.0,29.557826086956524,30.80061369789631,5829.26965260613,0.7500677243056082,0.3333032363596808,2689.419828968718,3585.5693317006912,15.0,18.0,15.0,19.0,4.0,episode_period_overlap_over_period_total,4.0,3600.0,1.6192415701683691,episode_demand_over_period_capacity,True,True,900.0,896.7634554143568,135.0,True,True,0.0657076033714307,285.7479249011846,recurring
corridor-f526f0b62026447ba64835da324bb377,state_transition__VA645_SB::110-57916__Weekday__0015,state_transition,multiday_average,VA645_SB::110-57916,110-57916,VA645_SB,17,30878,34680,36589,403.0,mapped_primary_link,SOUTHBOUND,7.0,0.849375,2.0,mapped_network,mapped_network,inrix_reference_speed,Weekday,0,PM,12.5,17.25,18.5,6.25,375.0,31.5,45.0,29.945434782608697,31.002335177865618,5181.172744430918,0.8747505068351781,0.2857957761059124,2918.1380502641805,3335.9661154377827,15.0,18.5,15.0,19.0,4.0,episode_period_overlap_over_period_total,4.0,3360.0,1.542015697747297,episode_demand_over_period_capacity,True,True,840.0,834.6131134293004,60.0,True,True,0.0519132625282214,210.58680830039435,recurring
corridor-f526f0b62026447ba64835da324bb377,state_transition__VA645_SB::110-57917__Weekday__0016,state_transition,multiday_average,VA645_SB::110-57917,110-57917,VA645_SB,25,35558,36586,36673,403.0,mapped_primary_link,SOUTHBOUND,6.0,0.57907,1.0,mapped_network,mapped_network,inrix_reference_speed,Weekday,0,PM,16.25,17.25,18.25,2.25,135.0,31.5,45.0,29.61,30.72210144927536,1868.4412990447067,0.4990264746507501,0.5009754245503019,1659.77491745031,3326.025775710445,16.25,18.25,15.0,19.0,4.0,episode_period_overlap_over_period_total,4.0,3360.0,0.5560837199537818,episode_demand_over_period_capacity,True,True,840.0,824.266378388776,45.0,True,True,0.0638297872340425,117.70760869565171,recurring
corridor-f526f0b62026447ba64835da324bb377,state_transition__VA645_SB::110-57919__Weekday__0017,state_transition,multiday_average,VA645_SB::110-57919,110-57919,VA645_SB,27,31077,34739,34657,403.0,mapped_primary_link,SOUTHBOUND,4.0,0.64338,2.0,mapped_network,mapped_network,inrix_reference_speed,Weekday,0,AM,3.5,7.75,10.0,6.75,405.0,31.5,45.0,23.159130434782607,30.16861379634858,5579.591556664839,1.0,0.3333333333333333,2439.1333037455843,2439.1333037455843,6.0,9.0,6.0,9.0,3.0,episode_period_overlap_over_period_total,3.0,2520.0,2.2141236335971586,episode_demand_over_period_capacity,True,True,840.0,835.7016542955294,90.0,True,True,0.3601546953028196,557.3412549407105,recurring
corridor-f526f0b62026447ba64835da324bb377,state_transition__VA645_SB::110-57919__Weekday__0018,state_transition,multiday_average,VA645_SB::110-57919,110-57919,VA645_SB,27,31077,34739,34657,403.0,mapped_primary_link,SOUTHBOUND,4.0,0.64338,2.0,mapped_network,mapped_network,inrix_reference_speed,Weekday,0,PM,12.25,15.5,20.75,8.75,525.0,31.5,45.0,24.05304347826087,29.48155407833273,7237.602775147086,1.0,0.25,3278.900904808249,3278.900904808249,15.0,19.0,15.0,19.0,4.0,episode_period_overlap_over_period_total,4.0,3360.0,2.154048444984252,episode_demand_over_period_capacity,True,True,840.0,830.9080604192857,300.0,True,True,0.3096055818661651,1013.3347826086936,recurring
corridor-f526f0b62026447ba64835da324bb377,state_transition__VA645_SB::110-57920__Weekday__0019,state_transition,multiday_average,VA645_SB::110-57920,110-57920,VA645_SB,28,35754,36653,35845,403.0,mapped_primary_link,SOUTHBOUND,2.0,0.958501,2.0,mapped_network,mapped_network,inrix_reference_speed,Weekday,0,AM,7.0,7.75,9.5,2.75,165.0,31.5,45.0,30.22086956521739,31.03517786561265,2300.6172771933043,0.6668718089340165,0.4998461906286924,1673.0718540409653,2508.83577867138,7.0,9.0,6.0,9.0,3.0,episode_period_overlap_over_period_total,3.0,2520.0,0.9129433639655968,episode_demand_over_period_capacity,True,True,840.0,836.9425641675059,90.0,True,True,0.042326063186971,87.44999999999949,recurring
corridor-f526f0b62026447ba64835da324bb377,state_transition__VA645_SB::110-57920__Weekday__0020,state_transition,multiday_average,VA645_SB::110-57920,110-57920,VA645_SB,28,35754,36653,35845,403.0,mapped_primary_link,SOUTHBOUND,2.0,0.958501,2.0,mapped_network,mapped_network,inrix_reference_speed,Weekday,0,PM,15.0,17.75,19.25,4.5,270.0,31.5,45.0,29.49043478260869,30.73995306324111,3764.609026436414,1.0,0.25,3345.6006543454523,3345.6006543454523,15.0,19.0,15.0,19.0,4.0,episode_period_overlap_over_period_total,4.0,3360.0,1.1204193531060755,episode_demand_over_period_capacity,True,True,840.0,837.8208591530031,75.0,True,True,0.0681429498142358,208.45397727272652,recurring
corridor-c0f2399abce943ed862e312b3d562507,state_transition__VA647_EB::110P57899__Weekday__0001,state_transition,multiday_average,VA647_EB::110P57899,110P57899,VA647_EB,1,35232,36480,34276,604.0,mapped_primary_link,EASTBOUND,1.0,0.084084,1.0,mapped_network,mapped_network,inrix_reference_speed,Weekday,0,MD,5.75,9.75,23.0,17.5,1050.0,31.5,45.0,27.887391304347823,30.07214334113092,13901.187844131711,1.0,0.1666666666666666,4756.013715504032,4756.013715504032,9.0,15.0,9.0,15.0,6.0,episode_period_overlap_over_period_total,6.0,4800.0,2.8960808008607737,episode_demand_over_period_capacity,True,True,800.0,795.2399056072774,735.0,True,True,0.1295427261813815,1529.0760728402,recurring
corridor-6c299bb538964184960f1cc426b33574,state_transition__VA647_WB::110N57899__Weekday__0001,state_transition,multiday_average,VA647_WB::110N57899,110N57899,VA647_WB,3,29527,34276,36480,604.0,mapped_primary_link,WESTBOUND,3.0,0.084084,1.0,mapped_network,mapped_network,inrix_reference_speed,Weekday,0,PM,6.0,17.25,23.75,18.0,1080.0,31.5,45.0,21.24304347826087,26.64131085603708,13915.72133259491,1.0,0.25,3011.303491138866,3011.303491138866,15.0,19.0,15.0,19.0,4.0,episode_period_overlap_over_period_total,4.0,3200.0,4.348662916435909,episode_demand_over_period_capacity,True,True,800.0,785.1581806610485,375.0,True,True,0.482838371640844,5255.823405914734,recurring
corridor-306eea4027bd441994ca3669142ebc99,state_transition__VA648_EB::110+11024__Weekday__0001,state_transition,multiday_average,VA648_EB::110+11024,110+11024,VA648_EB,1,28753,34037,36191,303.0,mapped_primary_link,EASTBOUND,2.0,0.914889,2.0,mapped_network,mapped_network,inrix_reference_speed,Weekday,0,PM,5.75,17.0,21.0,15.5,930.0,31.5,45.0,24.95413043478261,27.721651931810595,10651.39010247068,1.0,0.25,2720.514754086279,2720.514754086279,15.0,19.0,15.0,19.0,4.0,episode_period_overlap_over_period_total,4.0,2800.0,3.804067893739529,episode_demand_over_period_capacity,True,True,700.0,689.5044894549474,225.0,True,True,0.262316075582155,3534.0680512422323,recurring
corridor-306eea4027bd441994ca3669142ebc99,state_transition__VA648_EB::110+11025__Weekday__0002,state_transition,multiday_average,VA648_EB::110+11025,110+11025,VA648_EB,2,27982,32143,32144,203.0,mapped_primary_link,EASTBOUND,4.0,1.747451,2.0,mapped_network,mapped_network,inrix_reference_speed,Weekday,0,PM,0.0,17.75,23.75,24.0,1440.0,31.5,45.0,24.52022727272728,27.70372238808062,14158.6609988505,1.0,0.25,2328.410666810832,2328.410666810832,15.0,19.0,15.0,19.0,4.0,episode_period_overlap_over_period_total,4.0,2400.0,5.899442082854375,episode_demand_over_period_capacity,True,True,600.0,595.6015123020434,360.0,True,True,0.2846536718293799,5352.751432806319,recurring
corridor-306eea4027bd441994ca3669142ebc99,state_transition__VA648_EB::110P11024__Weekday__0003,state_transition,multiday_average,VA648_EB::110P11024,110P11024,VA648_EB,4,32606,35500,34035,303.0,mapped_primary_link,EASTBOUND,3.0,0.3721,2.0,mapped_network,mapped_network,inrix_reference_speed,Weekday,0,PM,0.0,15.75,23.75,24.0,1440.0,31.5,45.0,21.86913043478261,25.847735577327395,16165.47498229982,1.0,0.25,2611.191320630641,2611.191320630641,15.0,19.0,15.0,19.0,4.0,episode_period_overlap_over_period_total,4.0,2800.0,5.773383922249936,episode_demand_over_period_capacity,True,True,700.0,680.214850290009,450.0,True,True,0.4403864887969939,7976.282608695647,recurring
corridor-81a8042bbde144128e102db3301d0daa,state_transition__VA648_WB::110-11023__Weekday__0001,state_transition,multiday_average,VA648_WB::110-11023,110-11023,VA648_WB,5,34340,36191,34037,303.0,mapped_primary_link,WESTBOUND,4.0,0.977162,2.0,mapped_network,mapped_network,inrix_reference_speed,Weekday,0,AM,6.25,8.25,21.25,15.25,915.0,31.5,45.0,25.309565217391302,28.43103050281864,10537.909121406248,0.9160207506812216,0.3638927754479816,1886.23505182344,2059.161924465897,6.25,9.0,6.0,9.0,3.0,episode_period_overlap_over_period_total,3.0,2100.0,5.018051962574404,episode_demand_over_period_capacity,True,True,700.0,691.9151669630073,765.0,True,True,0.2445887445887444,2811.04987648221,recurring
corridor-81a8042bbde144128e102db3301d0daa,state_transition__VA648_WB::110-11024__Weekday__0002,state_transition,multiday_average,VA648_WB::110-11024,110-11024,VA648_WB,4,31613,34993,36137,303.0,mapped_primary_link,WESTBOUND,2.0,1.683405,2.0,mapped_network,mapped_network,inrix_reference_speed,Weekday,0,PM,0.0,16.25,23.75,24.0,1440.0,31.5,45.0,26.24152173913044,28.231046769127605,16589.03265895477,1.0,0.25,2748.9646655432857,2748.9646655432857,15.0,19.0,15.0,19.0,4.0,episode_period_overlap_over_period_total,4.0,2800.0,5.924654521055275,episode_demand_over_period_capacity,True,True,700.0,695.1971205734474,450.0,True,True,0.2003877028605509,4707.2926524562345,recurring
corridor-81a8042bbde144128e102db3301d0daa,state_transition__VA648_WB::110N11024__Weekday__0003,state_transition,multiday_average,VA648_WB::110N11024,110N11024,VA648_WB,3,28744,34035,35500,303.0,mapped_primary_link,WESTBOUND,3.0,0.369411,2.0,mapped_network,mapped_network,inrix_reference_speed,Weekday,0,MD,6.0,14.25,21.0,15.25,915.0,31.5,45.0,20.53369565217391,24.6748233721572,10118.51248578708,1.0,0.1666666666666666,3834.038712225672,3834.038712225672,9.0,15.0,9.0,15.0,6.0,episode_period_overlap_over_period_total,6.0,4200.0,2.4091696394731144,episode_demand_over_period_capacity,True,True,700.0,677.9598339169124,360.0,True,True,0.5340638399237732,6055.551967814791,recurring
corridor-1960a226e30e46c6a1b345b935f2f341,state_transition__VA649_NB::110+51875__Weekday__0001,state_transition,multiday_average,VA649_NB::110+51875,110+51875,VA649_NB,4,28867,34071,34072,203.0,mapped_primary_link,NORTHBOUND,5.0,1.010815,1.0,mapped_network,mapped_network,inrix_reference_speed,Weekday,0,AM,6.5,8.0,21.0,14.75,885.0,31.5,45.0,26.02521739130435,29.47428962618075,8780.593620450434,0.8335729176523093,0.3998850325801607,1477.4145064973725,1772.3878441953116,6.5,9.0,6.0,9.0,3.0,episode_period_overlap_over_period_total,3.0,1800.0,4.878107566916908,episode_demand_over_period_capacity,True,True,600.0,596.9819156744309,765.0,True,True,0.2103645293862139,1818.6449851778625,recurring
corridor-1960a226e30e46c6a1b345b935f2f341,state_transition__VA649_NB::110+51876__Weekday__0002,state_transition,multiday_average,VA649_NB::110+51876,110+51876,VA649_NB,1,34262,36164,34074,403.0,mapped_primary_link,NORTHBOUND,6.0,0.754062,1.0,mapped_network,mapped_network,inrix_reference_speed,Weekday,0,MD,6.25,9.25,23.75,17.75,1065.0,31.5,45.0,24.22642857142857,27.662797218091157,14638.031775470648,1.0,0.1666666666666666,4930.052365429314,4930.052365429314,9.0,15.0,9.0,15.0,6.0,episode_period_overlap_over_period_total,6.0,5040.0,2.9043713840219536,episode_demand_over_period_capacity,True,True,840.0,825.9491149781306,870.0,True,True,0.3002329215437684,4090.214440993785,recurring
corridor-1960a226e30e46c6a1b345b935f2f341,state_transition__VA649_NB::110+51877__Weekday__0003,state_transition,multiday_average,VA649_NB::110+51877,110+51877,VA649_NB,2,28875,34074,34078,403.0,mapped_primary_link,NORTHBOUND,7.0,0.716797,1.0,mapped_network,mapped_network,inrix_reference_speed,Weekday,0,MD,0.0,9.0,23.75,24.0,1440.0,31.5,45.0,21.313260869565216,25.12031233395096,19370.1797696121,1.0,0.1666666666666666,4778.17488824181,4778.17488824181,9.0,15.0,9.0,15.0,6.0,episode_period_overlap_over_period_total,6.0,5040.0,3.8432896368277976,episode_demand_over_period_capacity,True,True,840.0,800.3886752695095,885.0,True,True,0.4779531012535571,9186.75023911062,recurring
corridor-1960a226e30e46c6a1b345b935f2f341,state_transition__VA649_NB::110+51878__Weekday__0004,state_transition,multiday_average,VA649_NB::110+51878,110+51878,VA649_NB,3,28968,34101,34420,203.0,mapped_primary_link,NORTHBOUND,9.0,0.686329,1.0,mapped_network,mapped_network,inrix_reference_speed,Weekday,0,AM,0.0,7.75,23.75,24.0,1440.0,31.5,45.0,23.09590909090909,25.28136101896292,13888.220014058485,1.0,0.3333333333333333,1725.6643983236534,1725.6643983236534,6.0,9.0,6.0,9.0,3.0,episode_period_overlap_over_period_total,3.0,1800.0,7.715677785588047,episode_demand_over_period_capacity,True,True,600.0,578.5074295821687,960.0,True,True,0.3638779004546257,8954.840132693389,recurring
corridor-fe8e01ba62474067b4a08944e1c4df4b,state_transition__VA649_SB::110-51874__Weekday__0001,state_transition,multiday_average,VA649_SB::110-51874,110-51874,VA649_SB,5,28870,34072,34071,203.0,mapped_primary_link,SOUTHBOUND,6.0,1.010815,1.0,mapped_network,mapped_network,inrix_reference_speed,Weekday,0,PM,7.0,16.25,22.75,16.0,960.0,31.5,45.0,17.498863636363637,27.22168875649939,9275.84134931269,1.0,0.25,2128.78296420431,2128.78296420431,15.0,19.0,15.0,19.0,4.0,episode_period_overlap_over_period_total,4.0,2400.0,3.864933895546954,episode_demand_over_period_capacity,True,True,600.0,590.0765402616081,375.0,True,True,0.8001168907071885,4112.688032891018,recurring
corridor-fe8e01ba62474067b4a08944e1c4df4b,state_transition__VA649_SB::110-51876__Weekday__0003,state_transition,multiday_average,VA649_SB::110-51876,110-51876,VA649_SB,3,28890,34078,34074,403.0,mapped_primary_link,SOUTHBOUND,4.0,0.716797,1.0,mapped_network,mapped_network,inrix_reference_speed,Weekday,0,PM,0.0,15.75,23.75,24.0,1440.0,31.5,45.0,22.85586956521739,26.02199796331075,19560.33129980527,1.0,0.25,3172.968810396137,3172.968810396137,15.0,19.0,15.0,19.0,4.0,episode_period_overlap_over_period_total,4.0,3360.0,5.821527172561093,episode_demand_over_period_capacity,True,True,840.0,808.3790561856501,480.0,True,True,0.3782017748271302,7888.322932832514,recurring
corridor-fe8e01ba62474067b4a08944e1c4df4b,state_transition__VA649_SB::110-51877__Weekday__0004,state_transition,multiday_average,VA649_SB::110-51877,110-51877,VA649_SB,4,30015,34420,34101,203.0,mapped_primary_link,SOUTHBOUND,2.0,0.686329,1.0,mapped_network,mapped_network,inrix_reference_speed,Weekday,0,PM,0.0,17.5,23.75,24.0,1440.0,31.5,45.0,19.847826086956523,24.287459033267456,13723.645016683491,1.0,0.25,2190.492455457135,2190.492455457135,15.0,19.0,15.0,19.0,4.0,episode_period_overlap_over_period_total,4.0,2400.0,5.718185423618121,episode_demand_over_period_capacity,True,True,600.0,581.934572694541,375.0,True,True,0.587075575027382,10386.058992094857,recurring
corridor-fe8e01ba62474067b4a08944e1c4df4b,state_transition__VA649_SB::110N51874__Weekday__0005,state_transition,multiday_average,VA649_SB::110N51874,110N51874,VA649_SB,1,34279,36170,34070,403.0,mapped_primary_link,SOUTHBOUND,7.0,0.08484,1.0,mapped_network,mapped_network,inrix_reference_speed,Weekday,0,PM,0.0,16.5,23.75,24.0,1440.0,31.5,45.0,19.23760869565217,22.56042042848732,18758.83246398763,1.0,0.25,2995.6169678838423,2995.6169678838423,15.0,19.0,15.0,19.0,4.0,episode_period_overlap_over_period_total,4.0,3360.0,5.582985852377271,episode_demand_over_period_capacity,True,True,840.0,776.0839266627088,405.0,True,True,0.6374176488535814,12336.619808687496,recurring
corridor-162d168a9a35436f93fc4146a264abbf,state_transition__VA650_NB::110+50155__Weekday__0001,state_transition,multiday_average,VA650_NB::110+50155,110+50155,VA650_NB,15,28981,34106,36156,303.0,mapped_primary_link,NORTHBOUND,1.0,0.968749,2.0,mapped_network,mapped_network,inrix_reference_speed,Weekday,0,AM,6.5,8.75,20.75,14.5,870.0,31.5,45.0,23.08195652173913,28.113825392498555,9978.034427728617,0.8295556169851441,0.4018215614581303,1692.6146493884069,2040.3871840924664,6.5,9.0,6.0,9.0,3.0,episode_period_overlap_over_period_total,3.0,2100.0,4.751444965585055,episode_demand_over_period_capacity,True,True,700.0,692.6088623316878,705.0,True,True,0.3647023366642492,2953.979051383396,recurring
corridor-162d168a9a35436f93fc4146a264abbf,state_transition__VA650_NB::110+50156__Weekday__0002,state_transition,multiday_average,VA650_NB::110+50156,110+50156,VA650_NB,14,28954,34096,36279,203.0,mapped_primary_link,NORTHBOUND,3.0,0.60729,2.0,mapped_network,mapped_network,inrix_reference_speed,Weekday,0,MD,3.75,10.25,23.75,20.25,1215.0,31.5,45.0,23.94652173913044,27.52231163990025,11855.796309824496,1.0,0.1666666666666666,3447.83522743118,3447.83522743118,9.0,15.0,9.0,15.0,6.0,episode_period_overlap_over_period_total,6.0,3600.0,3.2932767527290268,episode_demand_over_period_capacity,True,True,600.0,591.4072722502028,780.0,True,True,0.3154311236995477,4719.596576283417,recurring
corridor-162d168a9a35436f93fc4146a264abbf,state_transition__VA650_NB::110+50157__Weekday__0003,state_transition,multiday_average,VA650_NB::110+50157,110+50157,VA650_NB,13,34611,36281,34694,103.0,mapped_primary_link,NORTHBOUND,5.0,0.563135,3.0,mapped_network,mapped_network,inrix_reference_speed,Weekday,0,MD,0.0,13.0,23.75,24.0,1440.0,31.5,45.0,16.966521739130435,22.505642306209264,11079.005560043568,1.0,0.1666666666666666,2594.229708079777,2594.229708079777,9.0,15.0,9.0,15.0,6.0,episode_period_overlap_over_period_total,6.0,3000.0,3.693001853347856,episode_demand_over_period_capacity,True,True,500.0,458.3035320454411,645.0,True,True,0.8565973912820641,12951.875079058656,recurring
corridor-162d168a9a35436f93fc4146a264abbf,state_transition__VA650_NB::110+50158__Weekday__0004,state_transition,multiday_average,VA650_NB::110+50158,110+50158,VA650_NB,12,30932,34695,35918,203.0,mapped_primary_link,NORTHBOUND,7.0,0.846564,2.0,mapped_network,mapped_network,inrix_reference_speed,Weekday,0,PM,6.5,16.75,23.75,17.5,1050.0,31.5,45.0,22.361590909090907,25.75119621682665,10114.262844516514,1.0,0.25,2265.863212415558,2265.863212415558,15.0,19.0,15.0,19.0,4.0,episode_period_overlap_over_period_total,4.0,2400.0,4.214276185215214,episode_demand_over_period_capacity,True,True,600.0,590.3004708831508,405.0,True,True,0.408665426715858,6052.137154150194,recurring
corridor-162d168a9a35436f93fc4146a264abbf,state_transition__VA650_NB::110+50159__Weekday__0005,state_transition,multiday_average,VA650_NB::110+50159,110+50159,VA650_NB,11,33557,35933,34800,303.0,mapped_primary_link,NORTHBOUND,8.0,0.550927,2.0,mapped_network,mapped_network,inrix_reference_speed,Weekday,0,MD,7.0,9.25,20.0,13.25,795.0,31.5,45.0,24.83021739130435,27.56996746588112,9085.295417797928,1.0,0.1666666666666666,4104.961958123278,4104.961958123278,9.0,15.0,9.0,15.0,6.0,episode_period_overlap_over_period_total,6.0,4200.0,2.163165575666173,episode_demand_over_period_capacity,True,True,700.0,686.3793527517597,630.0,True,True,0.2686155543298398,3133.6718626482198,recurring
corridor-162d168a9a35436f93fc4146a264abbf,state_transition__VA650_NB::110+50160__Weekday__0006,state_transition,multiday_average,VA650_NB::110+50160,110+50160,VA650_NB,10,30641,34609,34785,403.0,mapped_primary_link,NORTHBOUND,10.0,1.337827,2.0,mapped_network,mapped_network,inrix_reference_speed,Weekday,0,PM,6.5,17.0,23.0,16.75,1005.0,31.5,45.0,22.77521739130435,26.86223224293552,13708.10976239236,1.0,0.25,3204.941428840642,3204.941428840642,15.0,19.0,15.0,19.0,4.0,episode_period_overlap_over_period_total,4.0,3360.0,4.079794572140584,episode_demand_over_period_capacity,True,True,840.0,835.0081488862867,345.0,True,True,0.3830822976919992,4691.810943675885,recurring
corridor-162d168a9a35436f93fc4146a264abbf,state_transition__VA650_NB::110+50161__Weekday__0007,state_transition,multiday_average,VA650_NB::110+50161,110+50161,VA650_NB,9,30628,34605,35299,103.0,mapped_primary_link,NORTHBOUND,12.0,0.232969,2.0,mapped_network,mapped_network,inrix_reference_speed,Weekday,0,PM,0.0,16.25,23.75,24.0,1440.0,31.5,45.0,14.430652173913044,19.418958058849363,10541.643580620716,1.0,0.25,1622.42433762549,1622.42433762549,15.0,19.0,15.0,19.0,4.0,episode_period_overlap_over_period_total,4.0,2000.0,5.270821790310358,episode_demand_over_period_capacity,True,True,500.0,447.69425030698,450.0,True,True,1.1828535273647578,17396.700395256907,severe
corridor-162d168a9a35436f93fc4146a264abbf,state_transition__VA650_NB::110+51808__Weekday__0008,state_transition,multiday_average,VA650_NB::110+51808,110+51808,VA650_NB,8,30144,34457,34432,203.0,mapped_primary_link,NORTHBOUND,2.0,1.561039,1.0,mapped_network,mapped_network,inrix_reference_speed,Weekday,0,AM,6.25,8.25,23.75,17.75,1065.0,31.5,45.0,25.57,28.32239517060392,10520.256700787057,0.915480863875466,0.3641073740441145,1622.006053299238,1771.7530942513306,6.25,9.0,6.0,9.0,3.0,episode_period_overlap_over_period_total,3.0,1800.0,5.844587055992808,episode_demand_over_period_capacity,True,True,600.0,593.871679028413,930.0,True,True,0.2319123973406336,3391.969597852278,recurring
corridor-162d168a9a35436f93fc4146a264abbf,state_transition__VA650_NB::110P50155__Weekday__0009,state_transition,multiday_average,VA650_NB::110P50155,110P50155,VA650_NB,5,33007,35756,35028,203.0,mapped_primary_link,NORTHBOUND,2.0,0.339985,2.0,mapped_network,mapped_network,inrix_reference_speed,Weekday,0,PM,0.0,15.5,23.75,24.0,1440.0,31.5,45.0,21.36173913043478,24.822623795807697,13729.326463454709,1.0,0.25,2228.653117227644,2228.653117227644,15.0,19.0,15.0,19.0,4.0,episode_period_overlap_over_period_total,4.0,2400.0,5.720552693106129,episode_demand_over_period_capacity,True,True,600.0,567.9789382654252,495.0,True,True,0.4745990393226409,9615.42173403691,recurring
corridor-162d168a9a35436f93fc4146a264abbf,state_transition__VA650_NB::110P50160__Weekday__0010,state_transition,multiday_average,VA650_NB::110P50160,110P50160,VA650_NB,3,33749,35998,34605,103.0,mapped_primary_link,NORTHBOUND,11.0,0.036472,2.0,mapped_network,mapped_network,inrix_reference_speed,Weekday,0,PM,0.0,17.25,23.75,24.0,1440.0,31.5,45.0,18.080434782608695,23.948389175980218,11291.936280073598,1.0,0.25,1784.189351404966,1784.189351404966,15.0,19.0,15.0,19.0,4.0,episode_period_overlap_over_period_total,4.0,2000.0,5.645968140036799,episode_demand_over_period_capacity,True,True,500.0,469.9151564108437,360.0,True,True,0.7422147408921482,10647.771261867889,recurring
corridor-162d168a9a35436f93fc4146a264abbf,state_transition__VA650_NB::110P50161__Weekday__0011,state_transition,multiday_average,VA650_NB::110P50161,110P50161,VA650_NB,2,30631,34606,34710,103.0,mapped_primary_link,NORTHBOUND,13.0,0.044503,2.0,mapped_network,mapped_network,inrix_reference_speed,Weekday,0,MD,0.0,14.25,23.75,24.0,1440.0,31.5,45.0,14.517173913043475,17.051143108099627,10048.94551217379,1.0,0.1666666666666666,2469.8037784533017,2469.8037784533017,9.0,15.0,9.0,15.0,6.0,episode_period_overlap_over_period_total,6.0,3000.0,3.3496485040579302,episode_demand_over_period_capacity,True,True,500.0,411.10028868920153,570.0,True,True,1.1698438131748006,20806.35392433653,severe
corridor-50312f4b5f8d4458a290730e6cfeb7cd,state_transition__VA650_SB::110-50155__Weekday__0001,state_transition,multiday_average,VA650_SB::110-50155,110-50155,VA650_SB,2,34603,36279,34096,203.0,mapped_primary_link,SOUTHBOUND,11.0,0.679001,2.0,mapped_network,mapped_network,inrix_reference_speed,Weekday,0,PM,0.5,17.25,23.75,23.5,1410.0,31.5,45.0,17.68173913043478,26.82453347069212,13604.178326626465,1.0,0.25,2155.1774709963875,2155.1774709963875,15.0,19.0,15.0,19.0,4.0,episode_period_overlap_over_period_total,4.0,2400.0,5.6684076360943605,episode_demand_over_period_capacity,True,True,600.0,587.7373824719728,360.0,True,True,0.7814989672469754,6616.939328063235,recurring
corridor-50312f4b5f8d4458a290730e6cfeb7cd,state_transition__VA650_SB::110-50157__Weekday__0003,state_transition,multiday_average,VA650_SB::110-50157,110-50157,VA650_SB,3,33510,35918,34695,203.0,mapped_primary_link,SOUTHBOUND,7.0,0.852781,2.0,mapped_network,mapped_network,inrix_reference_speed,Weekday,0,PM,0.0,17.75,23.75,24.0,1440.0,31.5,45.0,19.81681818181818,26.953484838150175,13995.664686578772,1.0,0.25,2203.973609216082,2203.973609216082,15.0,19.0,15.0,19.0,4.0,episode_period_overlap_over_period_total,4.0,2400.0,5.831526952741155,episode_demand_over_period_capacity,True,True,600.0,590.6570209963256,360.0,True,True,0.5895589146042157,6274.190923352751,recurring
corridor-50312f4b5f8d4458a290730e6cfeb7cd,state_transition__VA650_SB::110-50158__Weekday__0005,state_transition,multiday_average,VA650_SB::110-50158,110-50158,VA650_SB,6,31268,34800,35933,303.0,mapped_primary_link,SOUTHBOUND,6.0,0.581658,2.0,mapped_network,mapped_network,inrix_reference_speed,Weekday,0,PM,12.25,17.0,19.5,7.5,450.0,31.5,45.0,24.544347826086955,28.464877031181384,5155.706750472975,1.0,0.25,2717.9737851082537,2717.9737851082537,15.0,19.0,15.0,19.0,4.0,episode_period_overlap_over_period_total,4.0,2800.0,1.8413238394546336,episode_demand_over_period_capacity,True,True,700.0,684.1897380070567,135.0,True,True,0.2833911996032026,1383.4401185770737,recurring
corridor-50312f4b5f8d4458a290730e6cfeb7cd,state_transition__VA650_SB::110-50159__Weekday__0006,state_transition,multiday_average,VA650_SB::110-50159,110-50159,VA650_SB,5,31222,34785,34609,403.0,mapped_primary_link,SOUTHBOUND,4.0,1.359145,2.0,mapped_network,mapped_network,inrix_reference_speed,Weekday,0,PM,4.75,17.5,23.5,19.0,1140.0,31.5,45.0,18.51204545454545,27.14657711472357,15505.52705793204,1.0,0.25,3074.998782615118,3074.998782615118,15.0,19.0,15.0,19.0,4.0,episode_period_overlap_over_period_total,4.0,3360.0,4.6147401958131065,episode_demand_over_period_capacity,True,True,840.0,832.6869343761252,345.0,True,True,0.7015947847224779,4992.5840062111765,recurring
corridor-50312f4b5f8d4458a290730e6cfeb7cd,state_transition__VA650_SB::110-50160__Weekday__0007,state_transition,multiday_average,VA650_SB::110-50160,110-50160,VA650_SB,1,30632,34606,35299,103.0,mapped_primary_link,SOUTHBOUND,2.0,0.185858,2.0,mapped_network,mapped_network,inrix_reference_speed,Weekday,0,PM,0.0,17.5,23.75,24.0,1440.0,31.5,45.0,15.149318181818185,22.878461264642244,11069.430392703029,1.0,0.25,1692.8305257752154,1692.8305257752154,15.0,19.0,15.0,19.0,4.0,episode_period_overlap_over_period_total,4.0,2000.0,5.534715196351513,episode_demand_over_period_capacity,True,True,500.0,469.968924073062,375.0,True,True,1.0793014987173135,12415.015778915164,severe
corridor-50312f4b5f8d4458a290730e6cfeb7cd,state_transition__VA650_SB::110-51807__Weekday__0008,state_transition,multiday_average,VA650_SB::110-51807,110-51807,VA650_SB,14,30056,34432,34457,203.0,mapped_primary_link,SOUTHBOUND,1.0,1.578647,1.0,mapped_network,mapped_network,inrix_reference_speed,Weekday,0,PM,0.0,16.0,23.75,24.0,1440.0,31.5,45.0,23.59130434782609,26.653291560507864,14046.779628831238,1.0,0.25,2295.6088764051383,2295.6088764051383,15.0,19.0,15.0,19.0,4.0,episode_period_overlap_over_period_total,4.0,2400.0,5.852824845346349,episode_demand_over_period_capacity,True,True,600.0,588.2475393531475,465.0,True,True,0.3352377441946181,6833.858899683905,recurring
corridor-50312f4b5f8d4458a290730e6cfeb7cd,state_transition__VA650_SB::110-51870__Weekday__0009,state_transition,multiday_average,VA650_SB::110-51870,110-51870,VA650_SB,15,34236,36156,34106,303.0,mapped_primary_link,SOUTHBOUND,13.0,0.964071,2.0,mapped_network,mapped_network,inrix_reference_speed,Weekday,0,AM,8.0,8.75,10.0,2.25,135.0,31.5,45.0,29.41454545454545,30.65635155906895,1568.289180154556,0.3339932021022318,0.9980243047919984,697.1035708364639,2087.1789199562445,8.0,9.0,6.0,9.0,3.0,episode_period_overlap_over_period_total,3.0,2100.0,0.7468043715021696,episode_demand_over_period_capacity,True,True,700.0,696.3185360514794,60.0,True,True,0.0708987513907775,133.03058300395213,recurring
corridor-50312f4b5f8d4458a290730e6cfeb7cd,state_transition__VA650_SB::110-51870__Weekday__0010,state_transition,multiday_average,VA650_SB::110-51870,110-51870,VA650_SB,15,34236,36156,34106,303.0,mapped_primary_link,SOUTHBOUND,13.0,0.964071,2.0,mapped_network,mapped_network,inrix_reference_speed,Weekday,0,PM,12.0,16.25,20.0,8.25,495.0,31.5,45.0,25.02809523809524,29.181112665332037,5713.193460994396,1.0,0.25,2748.715887084348,2748.715887084348,15.0,19.0,15.0,19.0,4.0,episode_period_overlap_over_period_total,4.0,2800.0,2.040426236069427,episode_demand_over_period_capacity,True,True,700.0,689.1838831591689,210.0,True,True,0.2585855895279587,1162.6111871823812,recurring
corridor-50312f4b5f8d4458a290730e6cfeb7cd,state_transition__VA650_SB::110N50155__Weekday__0011,state_transition,multiday_average,VA650_SB::110N50155,110N50155,VA650_SB,10,31705,35028,35756,203.0,mapped_primary_link,SOUTHBOUND,12.0,0.283971,2.0,mapped_network,mapped_network,inrix_reference_speed,Weekday,0,PM,0.0,17.75,23.75,24.0,1440.0,31.5,45.0,15.156304347826085,23.85534088703416,13470.140366533233,1.0,0.25,2005.4926422709812,2005.4926422709812,15.0,19.0,15.0,19.0,4.0,episode_period_overlap_over_period_total,4.0,2400.0,5.612558486055514,episode_demand_over_period_capacity,True,True,600.0,578.3460608488967,360.0,True,True,1.0783430628666504,11008.309122670802,severe
corridor-50312f4b5f8d4458a290730e6cfeb7cd,state_transition__VA650_SB::110N50160__Weekday__0012,state_transition,multiday_average,VA650_SB::110N50160,110N50160,VA650_SB,8,32314,35299,34605,103.0,mapped_primary_link,SOUTHBOUND,3.0,0.032878,2.0,mapped_network,mapped_network,inrix_reference_speed,Weekday,0,PM,5.75,16.5,23.75,18.25,1095.0,31.5,45.0,17.961521739130436,22.18969831029203,8366.876509528158,1.0,0.25,1760.9224876897254,1760.9224876897254,15.0,19.0,15.0,19.0,4.0,episode_period_overlap_over_period_total,4.0,2000.0,4.183438254764079,episode_demand_over_period_capacity,True,True,500.0,463.9910805486444,435.0,True,True,0.7537489561018116,10198.895122957496,recurring
corridor-cec5c559556543a5bc8e6682b904f043,state_transition__VA659_NB::110+13279__Weekday__0001,state_transition,multiday_average,VA659_NB::110+13279,110+13279,VA659_NB,18,38130,38774,38162,503.0,mapped_primary_link,NORTHBOUND,4.0,1.121638,1.0,mapped_network,mapped_network,inrix_reference_speed,Weekday,0,AM,4.75,7.0,23.0,18.5,1110.0,31.5,45.0,27.444772727272724,29.71147957316436,16550.71994304521,1.0,0.3333333333333333,2670.0300503958697,2670.0300503958697,6.0,9.0,6.0,9.0,3.0,episode_period_overlap_over_period_total,3.0,2700.0,6.129896275201929,episode_demand_over_period_capacity,True,True,900.0,894.7962522007718,885.0,True,True,0.1477595501710045,1959.0972684923736,recurring
corridor-cec5c559556543a5bc8e6682b904f043,state_transition__VA659_NB::110+13281__Weekday__0002,state_transition,multiday_average,VA659_NB::110+13281,110+13281,VA659_NB,10,36305,38162,38163,504.0,mapped_primary_link,NORTHBOUND,2.0,0.392417,2.0,mapped_network,mapped_network,inrix_reference_speed,Weekday,0,AM,6.75,7.0,9.0,2.5,150.0,31.5,45.0,28.502272727272725,30.39482213438735,1979.4980072047035,0.7508605022807041,0.4439351015546146,1780.9711597531625,2371.90683801258,6.75,9.0,6.0,9.0,3.0,episode_period_overlap_over_period_total,3.0,2400.0,0.824790836335293,episode_demand_over_period_capacity,True,True,800.0,796.027357618516,75.0,True,True,0.1051750259149988,143.277865612648,recurring
corridor-cec5c559556543a5bc8e6682b904f043,state_transition__VA659_NB::110+13288__Weekday__0005,state_transition,multiday_average,VA659_NB::110+13288,110+13288,VA659_NB,13,36283,38156,38155,403.0,mapped_primary_link,NORTHBOUND,12.0,0.399792,2.0,mapped_network,mapped_network,inrix_reference_speed,Weekday,0,PM,7.0,16.75,20.25,13.5,810.0,31.5,45.0,24.69217391304348,28.253083064949006,11143.34528246928,1.0,0.25,3279.1477035448424,3279.1477035448424,15.0,19.0,15.0,19.0,4.0,episode_period_overlap_over_period_total,4.0,3360.0,3.3164718102587147,episode_demand_over_period_capacity,True,True,840.0,823.2528839001845,195.0,True,True,0.2757078461755176,2641.497282608693,recurring
corridor-cec5c559556543a5bc8e6682b904f043,state_transition__VA659_NB::110P13280__Weekday__0006,state_transition,multiday_average,VA659_NB::110P13280,110P13280,VA659_NB,4,38062,38746,38162,304.0,mapped_primary_link,NORTHBOUND,2.5,0.016279,1.0,mapped_network,mapped_network,inrix_reference_speed,Weekday,0,AM,2.5,7.5,21.0,18.75,1125.0,31.5,45.0,23.35575,27.78648812911726,10971.7687911646,1.0,0.3333333333333333,1736.7616619608066,1736.7616619608066,6.0,9.0,6.0,9.0,3.0,episode_period_overlap_over_period_total,3.0,1800.0,6.095427106202555,episode_demand_over_period_capacity,True,True,600.0,584.3384825736088,795.0,True,True,0.3487042805304901,4193.505844861657,recurring
corridor-0e7824202b7e4b0fa9a9dd46f3c092d8,state_transition__VA659_SB::110-13278__Weekday__0001,state_transition,multiday_average,VA659_SB::110-13278,110-13278,VA659_SB,9,36307,38162,38774,503.0,mapped_primary_link,SOUTHBOUND,11.0,1.132057,1.0,mapped_network,mapped_network,inrix_reference_speed,Weekday,0,AM,0.25,6.5,23.75,23.75,1425.0,31.5,45.0,25.42586956521739,28.288708371338803,21089.722893376224,1.0,0.3333333333333333,2624.905938215816,2624.905938215816,6.0,9.0,6.0,9.0,3.0,episode_period_overlap_over_period_total,3.0,2700.0,7.811008479028231,episode_demand_over_period_capacity,True,True,900.0,890.1914509049421,975.0,True,True,0.2388956813926246,4383.413073122527,recurring
corridor-0e7824202b7e4b0fa9a9dd46f3c092d8,state_transition__VA659_SB::110-13280__Weekday__0002,state_transition,multiday_average,VA659_SB::110-13280,110-13280,VA659_SB,6,36308,38163,38162,504.0,mapped_primary_link,SOUTHBOUND,7.0,0.392417,2.0,mapped_network,mapped_network,inrix_reference_speed,Weekday,0,MD,6.5,14.5,19.5,13.25,795.0,31.5,45.0,28.472391304347827,30.193218387437017,10501.345149607385,1.0,0.1666666666666666,4745.07671523206,4745.07671523206,9.0,15.0,9.0,15.0,6.0,episode_period_overlap_over_period_total,6.0,4800.0,2.187780239501538,episode_demand_over_period_capacity,True,True,800.0,793.7486997138805,285.0,True,True,0.1063348934513219,1060.268605307733,recurring
corridor-0e7824202b7e4b0fa9a9dd46f3c092d8,state_transition__VA659_SB::110-13287__Weekday__0003,state_transition,multiday_average,VA659_SB::110-13287,110-13287,VA659_SB,2,36279,38155,38156,403.0,mapped_primary_link,SOUTHBOUND,3.0,0.45853,2.0,mapped_network,mapped_network,inrix_reference_speed,Weekday,0,PM,6.75,16.25,20.25,13.75,825.0,31.5,45.0,26.538478260869564,29.20806901596428,11417.098713072037,1.0,0.25,3297.355371384259,3297.355371384259,15.0,19.0,15.0,19.0,4.0,episode_period_overlap_over_period_total,4.0,3360.0,3.3979460455571537,episode_demand_over_period_capacity,True,True,840.0,828.0311534814347,225.0,True,True,0.1869557738148872,1903.2960262563493,recurring
corridor-0e7824202b7e4b0fa9a9dd46f3c092d8,state_transition__VA659_SB::110N13280__Weekday__0004,state_transition,multiday_average,VA659_SB::110N13280,110N13280,VA659_SB,11,36306,38162,38746,304.0,mapped_primary_link,SOUTHBOUND,6.5,0.016279,1.0,mapped_network,mapped_network,inrix_reference_speed,Weekday,0,AM,0.0,7.5,21.0,21.25,1275.0,31.5,45.0,24.075454545454544,27.88348895605674,12460.710444206836,1.0,0.3333333333333333,1739.791810089058,1739.791810089058,6.0,9.0,6.0,9.0,3.0,episode_period_overlap_over_period_total,3.0,1800.0,6.922616913448242,episode_demand_over_period_capacity,True,True,600.0,582.7542349338489,795.0,True,True,0.3083865121021032,4664.674061264818,recurring
corridor-0e7824202b7e4b0fa9a9dd46f3c092d8,state_transition__VA659_SB::110N13779__Weekday__0005,state_transition,multiday_average,VA659_SB::110N13779,110N13779,VA659_SB,1,37077,38428,38165,404.0,mapped_primary_link,SOUTHBOUND,7.0,0.012483,2.0,mapped_network,mapped_network,inrix_reference_speed,Weekday,0,PM,6.25,18.75,23.75,17.75,1065.0,31.5,45.0,27.831363636363637,29.765210453872736,13963.369990472773,1.0,0.25,3146.366586657211,3146.366586657211,15.0,19.0,15.0,19.0,4.0,episode_period_overlap_over_period_total,4.0,3200.0,4.363553122022742,episode_demand_over_period_capacity,True,True,800.0,790.23528030988,300.0,True,True,0.1318166228421173,1865.231301408136,recurring
corridor-59a3d3c127f441bebbb49510386e9cf3,state_transition__VA668_EB::110+58019__Weekday__0001,state_transition,multiday_average,VA668_EB::110+58019,110+58019,VA668_EB,2,33229,35830,35831,203.0,mapped_primary_link,EASTBOUND,2.0,0.766773,2.0,mapped_network,mapped_network,inrix_reference_speed,Weekday,0,PM,6.0,16.75,18.5,12.75,765.0,31.5,45.0,26.867826086956523,29.181612138632264,7557.008673565158,0.8742857237298699,0.2859477093294538,2067.2070539852507,2364.452487187084,15.0,18.5,15.0,19.0,4.0,episode_period_overlap_over_period_total,4.0,2400.0,3.148753613985482,episode_demand_over_period_capacity,True,True,600.0,588.0871910321059,90.0,True,True,0.1724059809696418,1652.502572699038,recurring
corridor-4eb67221481246e0b718783ad66c118d,state_transition__VA668_WB::110-58018__Weekday__0002,state_transition,multiday_average,VA668_WB::110-58018,110-58018,VA668_WB,2,33232,35831,35830,203.0,mapped_primary_link,WESTBOUND,4.0,0.7239,2.0,mapped_network,mapped_network,inrix_reference_speed,Weekday,0,MD,9.5,14.5,17.0,7.75,465.0,31.5,45.0,26.96804347826087,30.18356623740916,4611.764848076929,0.9170812528977438,0.1817359870131925,3267.6493287230187,3563.096855810842,9.5,15.0,9.0,15.0,6.0,episode_period_overlap_over_period_total,6.0,3600.0,1.2810457911324804,episode_demand_over_period_capacity,True,True,600.0,597.3017266960683,135.0,True,True,0.1680491402868127,664.4048418972317,recurring
corridor-c26da2b930c54080b11661e293bb5353,state_transition__VA673_EB::110+58011__Weekday__0001,state_transition,multiday_average,VA673_EB::110+58011,110+58011,VA673_EB,3,33444,35899,35903,603.0,mapped_primary_link,EASTBOUND,6.0,2.036259,1.0,mapped_network,mapped_network,inrix_reference_speed,Weekday,0,AM,6.25,8.5,21.25,15.25,915.0,31.5,45.0,24.59413043478261,28.088750615834712,13498.353525220546,0.9151549193412376,0.3642370557033983,2415.8302829015465,2639.804727969501,6.25,9.0,6.0,9.0,3.0,episode_period_overlap_over_period_total,3.0,2700.0,4.999390194526128,episode_demand_over_period_capacity,True,True,900.0,889.2187476979873,720.0,True,True,0.280793402455517,2924.2323538961004,recurring
corridor-c26da2b930c54080b11661e293bb5353,state_transition__VA673_EB::110+58012__Weekday__0002,state_transition,multiday_average,VA673_EB::110+58012,110+58012,VA673_EB,2,30607,34598,34599,303.0,mapped_primary_link,EASTBOUND,7.0,0.505546,1.0,mapped_network,mapped_network,inrix_reference_speed,Weekday,0,PM,0.25,16.25,23.75,23.75,1425.0,31.5,45.0,18.207608695652173,21.774923329073676,15309.669461267971,1.0,0.25,2451.172849096753,2451.172849096753,15.0,19.0,15.0,19.0,4.0,episode_period_overlap_over_period_total,4.0,2800.0,5.467739093309991,episode_demand_over_period_capacity,True,True,700.0,652.6688682581391,450.0,True,True,0.7300459674049309,13858.23425607001,recurring
corridor-cce242ca1a27461287c1b22cdf2e99b7,state_transition__VA673_WB::110-58010__Weekday__0002,state_transition,multiday_average,VA673_WB::110-58010,110-58010,VA673_WB,6,33457,35903,35899,603.0,mapped_primary_link,WESTBOUND,3.0,2.036259,1.0,mapped_network,mapped_network,inrix_reference_speed,Weekday,0,PM,6.25,16.5,23.0,17.0,1020.0,31.5,45.0,27.14869565217391,29.146278481748435,15184.65553654439,1.0,0.25,3557.104703205944,3557.104703205944,15.0,19.0,15.0,19.0,4.0,episode_period_overlap_over_period_total,4.0,3600.0,4.21795987126233,episode_demand_over_period_capacity,True,True,900.0,896.5280183943513,375.0,True,True,0.1602767368117612,2417.790711462448,recurring
corridor-cce242ca1a27461287c1b22cdf2e99b7,state_transition__VA673_WB::110-58011__Weekday__0003,state_transition,multiday_average,VA673_WB::110-58011,110-58011,VA673_WB,7,30609,34599,34598,303.0,mapped_primary_link,WESTBOUND,2.0,0.505546,1.0,mapped_network,mapped_network,inrix_reference_speed,Weekday,0,PM,0.0,17.75,23.75,24.0,1440.0,31.5,45.0,16.68190476190476,22.03642223962103,15497.734736459384,1.0,0.25,2401.591754871892,2401.591754871892,15.0,19.0,15.0,19.0,4.0,episode_period_overlap_over_period_total,4.0,2800.0,5.5349052630212086,episode_demand_over_period_capacity,True,True,700.0,652.2085486843769,300.0,True,True,0.8882735784425666,12775.829976511606,recurring
corridor-cce242ca1a27461287c1b22cdf2e99b7,state_transition__VA673_WB::110N58012__Weekday__0004,state_transition,multiday_average,VA673_WB::110N58012,110N58012,VA673_WB,1,30969,34708,34599,303.0,mapped_primary_link,WESTBOUND,1.0,0.016346,1.0,mapped_network,mapped_network,inrix_reference_speed,Weekday,0,AM,0.0,6.75,23.75,24.0,1440.0,31.5,45.0,14.946739130434782,17.646398577861678,14268.146356533009,1.0,0.3333333333333333,1724.3426561413748,1724.3426561413748,6.0,9.0,6.0,9.0,3.0,episode_period_overlap_over_period_total,3.0,2100.0,6.794355407872861,episode_demand_over_period_capacity,True,True,700.0,574.1637744268385,1020.0,True,True,1.1074830921387533,19533.57800521503,severe
corridor-69055fdab7374c39a6783792478f6875,state_transition__VA674_NB::110+10102__Weekday__0001,state_transition,multiday_average,VA674_NB::110+10102,110+10102,VA674_NB,10,30697,34625,35904,303.0,mapped_primary_link,NORTHBOUND,3.0,1.437423,1.0,mapped_network,mapped_network,inrix_reference_speed,Weekday,0,AM,6.75,8.75,21.0,14.5,870.0,31.5,45.0,27.672826086956523,29.40622685185185,10087.924598576648,0.7500094222806514,0.4444388609408709,1559.4627525611495,2079.257548283977,6.75,9.0,6.0,9.0,3.0,episode_period_overlap_over_period_total,3.0,2100.0,4.803773618369832,episode_demand_over_period_capacity,True,True,700.0,696.1082091451801,690.0,True,True,0.1383007973604617,1715.7965662055308,recurring
corridor-69055fdab7374c39a6783792478f6875,state_transition__VA674_NB::110+10103__Weekday__0002,state_transition,multiday_average,VA674_NB::110+10103,110+10103,VA674_NB,9,33446,35900,34638,603.0,mapped_primary_link,NORTHBOUND,4.0,1.361161,1.0,mapped_network,mapped_network,inrix_reference_speed,Weekday,0,AM,8.0,8.25,9.0,1.25,75.0,31.5,45.0,30.37681818181818,30.94722868435912,1120.5868260907323,0.34245014482509,0.9733776970764222,895.9865345279605,2616.399928770931,8.0,9.0,6.0,9.0,3.0,episode_period_overlap_over_period_total,3.0,2700.0,0.4150321578113823,episode_demand_over_period_capacity,True,True,900.0,894.5647739826281,30.0,True,True,0.0369749659578924,47.44480519480504,recurring
corridor-69055fdab7374c39a6783792478f6875,state_transition__VA674_NB::110+10104__Weekday__0004,state_transition,multiday_average,VA674_NB::110+10104,110+10104,VA674_NB,8,30736,34638,34639,603.0,mapped_primary_link,NORTHBOUND,5.0,2.105192,1.0,mapped_network,mapped_network,inrix_reference_speed,Weekday,0,PM,7.5,15.0,18.0,10.75,645.0,31.5,45.0,28.46391304347826,29.98176429359316,9592.440630419656,0.7487205270801542,0.3339029597264351,2675.267598207696,3573.119076407125,15.0,18.0,15.0,19.0,4.0,episode_period_overlap_over_period_total,4.0,3600.0,2.664566841783238,episode_demand_over_period_capacity,True,True,900.0,892.324209864681,165.0,True,True,0.1066644263522078,1003.8522480237134,recurring
corridor-69055fdab7374c39a6783792478f6875,state_transition__VA674_NB::110+10105__Weekday__0005,state_transition,multiday_average,VA674_NB::110+10105,110+10105,VA674_NB,7,30494,34565,34539,303.0,mapped_primary_link,NORTHBOUND,7.0,2.112304,1.0,mapped_network,mapped_network,inrix_reference_speed,Weekday,0,PM,16.0,17.0,17.75,2.0,120.0,31.5,45.0,31.03282608695652,31.33150938735178,1398.2606480966024,0.4376973116317531,0.5711709744526188,1223.567402977559,2795.4647434686094,16.0,17.75,15.0,19.0,4.0,episode_period_overlap_over_period_total,4.0,2800.0,0.4993788028916437,episode_demand_over_period_capacity,True,True,700.0,699.2220872319695,30.0,True,True,0.0150541852596477,25.623764822133968,recurring
corridor-69055fdab7374c39a6783792478f6875,state_transition__VA674_NB::110+10106__Weekday__0006,state_transition,multiday_average,VA674_NB::110+10106,110+10106,VA674_NB,6,34002,36080,34542,503.0,mapped_primary_link,NORTHBOUND,9.0,1.627064,1.0,mapped_network,mapped_network,inrix_reference_speed,Weekday,0,AM,0.25,8.25,23.75,23.75,1425.0,31.5,45.0,25.77891304347826,28.716626162738866,21103.183043452984,1.0,0.3333333333333333,2643.9668623120187,2643.9668623120187,6.0,9.0,6.0,9.0,3.0,episode_period_overlap_over_period_total,3.0,2700.0,7.815993719797401,episode_demand_over_period_capacity,True,True,900.0,884.5409283730417,915.0,True,True,0.2219289442837506,3970.824022444941,recurring
corridor-69055fdab7374c39a6783792478f6875,state_transition__VA674_NB::110P10104__Weekday__0008,state_transition,multiday_average,VA674_NB::110P10104,110P10104,VA674_NB,3,31865,35097,35095,303.0,mapped_primary_link,NORTHBOUND,6.0,0.087304,1.0,mapped_network,mapped_network,inrix_reference_speed,Weekday,0,AM,3.5,8.75,23.75,20.5,1230.0,31.5,45.0,17.49021739130435,22.5416759168721,13240.316622995664,1.0,0.3333333333333333,1899.5891844960008,1899.5891844960008,6.0,9.0,6.0,9.0,3.0,episode_period_overlap_over_period_total,3.0,2100.0,6.304912677616983,episode_demand_over_period_capacity,True,True,700.0,637.3526643327016,900.0,True,True,0.8010067739730282,11025.769057029922,recurring
corridor-69055fdab7374c39a6783792478f6875,state_transition__VA674_NB::110P10105__Weekday__0009,state_transition,multiday_average,VA674_NB::110P10105,110P10105,VA674_NB,4,30411,34540,34541,503.0,mapped_primary_link,NORTHBOUND,8.0,0.139742,2.0,mapped_network,mapped_network,inrix_reference_speed,Weekday,0,AM,0.0,8.25,23.75,24.0,1440.0,31.5,45.0,17.54021739130435,21.57254020916221,19785.297121318312,1.0,0.3333333333333333,2417.0086589468924,2417.0086589468924,6.0,9.0,6.0,9.0,3.0,episode_period_overlap_over_period_total,3.0,2700.0,7.327887822710486,episode_demand_over_period_capacity,True,True,900.0,819.5919614312878,930.0,True,True,0.7958728388176237,13997.71830508129,recurring
corridor-fdf751403714423ca45efaf07083fd47,state_transition__VA674_SB::110-10101__Weekday__0001,state_transition,multiday_average,VA674_SB::110-10101,110-10101,VA674_SB,2,33459,35904,34625,303.0,mapped_primary_link,SOUTHBOUND,8.0,1.433973,1.0,mapped_network,mapped_network,inrix_reference_speed,Weekday,0,PM,7.0,17.75,20.25,13.5,810.0,31.5,45.0,23.88543478260869,28.28021390579361,9315.48234303451,1.0,0.25,2707.4170417774067,2707.4170417774067,15.0,19.0,15.0,19.0,4.0,episode_period_overlap_over_period_total,4.0,2800.0,3.326957979655182,episode_demand_over_period_capacity,True,True,700.0,694.2029421151532,135.0,True,True,0.3187953364338827,2615.970214568038,recurring
corridor-fdf751403714423ca45efaf07083fd47,state_transition__VA674_SB::110-10102__Weekday__0003,state_transition,multiday_average,VA674_SB::110-10102,110-10102,VA674_SB,1,30739,34638,35900,603.0,mapped_primary_link,SOUTHBOUND,7.0,1.361161,1.0,mapped_network,mapped_network,inrix_reference_speed,Weekday,0,PM,17.0,17.25,18.0,1.25,75.0,31.5,45.0,30.806304347826085,31.45495652173913,1121.3374768855178,0.249965182847305,1.0001392880092277,897.0095053751559,3588.537792173671,17.0,18.0,15.0,19.0,4.0,episode_period_overlap_over_period_total,4.0,3600.0,0.3114826324681994,episode_demand_over_period_capacity,True,True,900.0,896.2572633205764,30.0,True,True,0.0225179769809962,16.0434782608694,recurring
corridor-fdf751403714423ca45efaf07083fd47,state_transition__VA674_SB::110-10103__Weekday__0004,state_transition,multiday_average,VA674_SB::110-10103,110-10103,VA674_SB,4,30742,34639,34638,603.0,mapped_primary_link,SOUTHBOUND,6.0,2.105192,1.0,mapped_network,mapped_network,inrix_reference_speed,Weekday,0,PM,6.75,17.0,21.0,14.5,870.0,31.5,45.0,24.66804347826087,27.83528842663548,12810.90711492584,1.0,0.25,3485.2556045774363,3485.2556045774363,15.0,19.0,15.0,19.0,4.0,episode_period_overlap_over_period_total,4.0,3600.0,3.558585309701622,episode_demand_over_period_capacity,True,True,900.0,895.5694063097095,195.0,True,True,0.2769557515884835,3085.140330321849,recurring
corridor-fdf751403714423ca45efaf07083fd47,state_transition__VA674_SB::110-10104__Weekday__0005,state_transition,multiday_average,VA674_SB::110-10104,110-10104,VA674_SB,3,30407,34539,34565,303.0,mapped_primary_link,SOUTHBOUND,4.0,2.221208,1.0,mapped_network,mapped_network,inrix_reference_speed,Weekday,0,AM,7.5,8.0,9.0,1.75,105.0,31.5,45.0,30.108260869565218,31.037270609824954,1216.9814965705991,0.5022346887731868,0.6637003392728003,1042.9114667340764,2076.5420829087006,7.5,9.0,6.0,9.0,3.0,episode_period_overlap_over_period_total,3.0,2100.0,0.579514998366952,episode_demand_over_period_capacity,True,True,700.0,695.0087074986312,45.0,True,True,0.0462244942165228,69.49765316205495,recurring
corridor-fdf751403714423ca45efaf07083fd47,state_transition__VA674_SB::110-10104__Weekday__0006,state_transition,multiday_average,VA674_SB::110-10104,110-10104,VA674_SB,3,30407,34539,34565,303.0,mapped_primary_link,SOUTHBOUND,4.0,2.221208,1.0,mapped_network,mapped_network,inrix_reference_speed,Weekday,0,PM,14.5,17.25,18.5,4.25,255.0,31.5,45.0,28.77478260869565,30.425506277609852,2960.161421251619,0.8746485187808687,0.2858291012125227,2436.194345497608,2785.3409606104456,15.0,18.5,15.0,19.0,4.0,episode_period_overlap_over_period_total,4.0,2800.0,1.0572005075898638,episode_demand_over_period_capacity,True,True,700.0,693.2995588983043,60.0,True,True,0.0947085310205191,282.73502964426814,recurring
corridor-fdf751403714423ca45efaf07083fd47,state_transition__VA674_SB::110-10105__Weekday__0007,state_transition,multiday_average,VA674_SB::110-10105,110-10105,VA674_SB,6,30421,34542,36080,503.0,mapped_primary_link,SOUTHBOUND,2.0,1.627064,1.0,mapped_network,mapped_network,inrix_reference_speed,Weekday,0,PM,6.75,16.5,23.75,17.25,1035.0,31.5,45.0,26.55173913043478,28.966255871570144,15346.65929130547,1.0,0.25,3537.0683169351914,3537.0683169351914,15.0,19.0,15.0,19.0,4.0,episode_period_overlap_over_period_total,4.0,3600.0,4.26296091425152,episode_demand_over_period_capacity,True,True,900.0,896.235419190193,435.0,True,True,0.1863629664805384,2622.637129446636,recurring
corridor-fdf751403714423ca45efaf07083fd47,state_transition__VA674_SB::110N10105__Weekday__0009,state_transition,multiday_average,VA674_SB::110N10105,110N10105,VA674_SB,8,30415,34541,34540,503.0,mapped_primary_link,SOUTHBOUND,3.0,0.037603,2.0,mapped_network,mapped_network,inrix_reference_speed,Weekday,0,AM,0.0,7.75,23.75,24.0,1440.0,31.5,45.0,20.516739130434782,22.856186444126063,20185.870916396256,1.0,0.3333333333333333,2510.7551453344017,2510.7551453344017,6.0,9.0,6.0,9.0,3.0,episode_period_overlap_over_period_total,3.0,2700.0,7.476248487554169,episode_demand_over_period_capacity,True,True,900.0,846.3392923542231,960.0,True,True,0.535331701579834,12447.091520458467,recurring
corridor-fe2a864f3c8042d7838e9e2398ae9f2c,state_transition__VA675_EB::110+58032__Weekday__0001,state_transition,multiday_average,VA675_EB::110+58032,110+58032,VA675_EB,7,32786,35651,34563,103.0,mapped_primary_link,EASTBOUND,2.0,0.798345,2.0,mapped_network,mapped_network,inrix_reference_speed,Weekday,0,PM,0.0,17.25,23.75,24.0,1440.0,31.5,45.0,21.509545454545453,26.376139952468797,11608.015977716404,1.0,0.25,1880.9612322990629,1880.9612322990629,15.0,19.0,15.0,19.0,4.0,episode_period_overlap_over_period_total,4.0,2000.0,5.804007988858202,episode_demand_over_period_capacity,True,True,500.0,488.9580063877319,390.0,True,True,0.4644660932778259,7395.224151674744,recurring
corridor-fe2a864f3c8042d7838e9e2398ae9f2c,state_transition__VA675_EB::110+58033__Weekday__0002,state_transition,multiday_average,VA675_EB::110+58033,110+58033,VA675_EB,6,33970,36068,36067,203.0,mapped_primary_link,EASTBOUND,4.0,1.080571,2.0,mapped_network,mapped_network,inrix_reference_speed,Weekday,0,PM,5.75,17.5,23.75,18.25,1095.0,31.5,45.0,25.137619047619047,27.850636889109225,10756.56118979478,1.0,0.25,2332.411867847808,2332.411867847808,15.0,19.0,15.0,19.0,4.0,episode_period_overlap_over_period_total,4.0,2400.0,4.4819004957478255,episode_demand_over_period_capacity,True,True,600.0,595.4672089558069,330.0,True,True,0.2531019720017426,4041.043444934712,recurring
corridor-fe2a864f3c8042d7838e9e2398ae9f2c,state_transition__VA675_EB::110+58034__Weekday__0003,state_transition,multiday_average,VA675_EB::110+58034,110+58034,VA675_EB,5,30493,34564,36065,303.0,mapped_primary_link,EASTBOUND,6.0,1.35851,2.0,mapped_network,mapped_network,inrix_reference_speed,Weekday,0,PM,7.0,17.5,21.25,14.5,870.0,31.5,45.0,26.80434782608696,29.16364079323975,10067.17366357627,1.0,0.25,2761.768465639764,2761.768465639764,15.0,19.0,15.0,19.0,4.0,episode_period_overlap_over_period_total,4.0,2800.0,3.5954191655629537,episode_demand_over_period_capacity,True,True,700.0,695.6941410142288,210.0,True,True,0.1751824817518246,2039.945306324108,recurring
corridor-fe2a864f3c8042d7838e9e2398ae9f2c,state_transition__VA675_EB::110P58031__Weekday__0004,state_transition,multiday_average,VA675_EB::110P58031,110P58031,VA675_EB,4,30499,34566,35651,103.0,mapped_primary_link,EASTBOUND,1.0,0.210909,2.0,mapped_network,mapped_network,inrix_reference_speed,Weekday,0,AM,7.5,8.75,20.25,13.0,780.0,31.5,45.0,28.00565217391304,29.880859683794466,6447.813343095651,0.5011581100455736,0.6651260882578975,742.1306093477526,1480.8312875157617,7.5,9.0,6.0,9.0,3.0,episode_period_overlap_over_period_total,3.0,1500.0,4.298542228730434,episode_demand_over_period_capacity,True,True,500.0,496.5056556548171,615.0,True,True,0.1247729495598715,1169.1071146245038,recurring
corridor-930f430445b3415fa3230a6956fe5cac,state_transition__VA675_WB::110-58031__Weekday__0001,state_transition,multiday_average,VA675_WB::110-58031,110-58031,VA675_WB,5,30488,34563,35651,103.0,mapped_primary_link,WESTBOUND,6.0,1.005564,2.0,mapped_network,mapped_network,inrix_reference_speed,Weekday,0,PM,0.0,17.5,23.75,24.0,1440.0,31.5,45.0,20.70586956521739,26.45351784580877,11658.196323235396,1.0,0.25,1889.9904259786392,1889.9904259786392,15.0,19.0,15.0,19.0,4.0,episode_period_overlap_over_period_total,4.0,2000.0,5.829098161617698,episode_demand_over_period_capacity,True,True,500.0,492.87636360266254,375.0,True,True,0.5213077577246525,7266.9343020353635,recurring
corridor-930f430445b3415fa3230a6956fe5cac,state_transition__VA675_WB::110-58033__Weekday__0003,state_transition,multiday_average,VA675_WB::110-58033,110-58033,VA675_WB,6,33960,36065,34564,303.0,mapped_primary_link,WESTBOUND,2.0,1.35851,2.0,mapped_network,mapped_network,inrix_reference_speed,Weekday,0,PM,0.0,17.5,21.5,21.75,1305.0,31.5,45.0,26.254782608695653,29.32972512661417,15106.7676974546,1.0,0.25,2756.963794874376,2756.963794874376,15.0,19.0,15.0,19.0,4.0,episode_period_overlap_over_period_total,4.0,2800.0,5.395274177662357,episode_demand_over_period_capacity,True,True,700.0,695.6186444227486,225.0,True,True,0.1997814062862251,2837.054361942401,recurring
corridor-d9826629b32e4d04935c4c4faabe1843,state_transition__VA677_NB::110+51800__Weekday__0001,state_transition,multiday_average,VA677_NB::110+51800,110+51800,VA677_NB,4,30630,34605,36010,103.0,mapped_primary_link,NORTHBOUND,2.0,0.306528,3.0,mapped_network,mapped_network,inrix_reference_speed,Weekday,0,PM,7.25,15.75,20.75,13.75,825.0,31.5,45.0,28.250227272727276,29.64855318002156,6800.16037170748,1.0,0.25,1976.0109521322972,1976.0109521322972,15.0,19.0,15.0,19.0,4.0,episode_period_overlap_over_period_total,4.0,2000.0,3.40008018585374,episode_demand_over_period_capacity,True,True,500.0,494.4649059373942,270.0,True,True,0.1150352772704965,1551.5251482213412,recurring
corridor-d9826629b32e4d04935c4c4faabe1843,state_transition__VA677_NB::110+51801__Weekday__0002,state_transition,multiday_average,VA677_NB::110+51801,110+51801,VA677_NB,5,33788,36010,36009,103.0,mapped_primary_link,NORTHBOUND,3.0,0.219661,3.0,mapped_network,mapped_network,inrix_reference_speed,Weekday,0,PM,6.5,17.0,23.25,17.0,1020.0,31.5,45.0,21.37727272727273,25.08337490161353,8108.772809416961,1.0,0.25,1859.5828401045053,1859.5828401045053,15.0,19.0,15.0,19.0,4.0,episode_period_overlap_over_period_total,4.0,2000.0,4.05438640470848,episode_demand_over_period_capacity,True,True,500.0,486.7629743960656,360.0,True,True,0.4735275356155641,6367.041456098246,recurring
corridor-d9826629b32e4d04935c4c4faabe1843,state_transition__VA677_NB::110+51802__Weekday__0003,state_transition,multiday_average,VA677_NB::110+51802,110+51802,VA677_NB,6,30576,34589,34712,103.0,mapped_primary_link,NORTHBOUND,5.0,0.121271,3.0,mapped_network,mapped_network,inrix_reference_speed,Weekday,0,PM,4.75,17.25,23.75,19.25,1155.0,31.5,45.0,19.142391304347825,23.82342632766032,9037.77999653448,1.0,0.25,1803.83983799326,1803.83983799326,15.0,19.0,15.0,19.0,4.0,episode_period_overlap_over_period_total,4.0,2000.0,4.51888999826724,episode_demand_over_period_capacity,True,True,500.0,479.5805980755802,390.0,True,True,0.6455624325705525,8882.075200247977,recurring
corridor-d9826629b32e4d04935c4c4faabe1843,state_transition__VA677_NB::110P51801__Weekday__0004,state_transition,multiday_average,VA677_NB::110P51801,110P51801,VA677_NB,3,33784,36009,34589,103.0,mapped_primary_link,NORTHBOUND,4.0,0.041765,3.0,mapped_network,mapped_network,inrix_reference_speed,Weekday,0,PM,3.5,17.25,23.75,20.5,1230.0,31.5,45.0,15.980869565217391,21.14693966592492,9173.279879943477,1.0,0.25,1682.3042996844588,1682.3042996844588,15.0,19.0,15.0,19.0,4.0,episode_period_overlap_over_period_total,4.0,2000.0,4.586639939971739,episode_demand_over_period_capacity,True,True,500.0,457.1950631538674,390.0,True,True,0.9711067580803132,12736.481602216696,recurring
corridor-d9826629b32e4d04935c4c4faabe1843,state_transition__VA677_NB::110P51802__Weekday__0005,state_transition,multiday_average,VA677_NB::110P51802,110P51802,VA677_NB,2,30984,34712,35952,103.0,mapped_primary_link,NORTHBOUND,4.5,0.029099,3.0,mapped_network,mapped_network,inrix_reference_speed,Weekday,0,PM,5.5,17.5,23.75,18.5,1110.0,31.5,45.0,21.60727272727273,25.697546837019047,8862.908284735042,1.0,0.25,1868.0297239383003,1868.0297239383003,15.0,19.0,15.0,19.0,4.0,episode_period_overlap_over_period_total,4.0,2000.0,4.431454142367521,episode_demand_over_period_capacity,True,True,500.0,490.35070595645607,375.0,True,True,0.4578424772803766,6451.718663082767,recurring
corridor-d5b5be15364b4fbaa2e410423521c590,state_transition__VA677_SB::110-51799__Weekday__0001,state_transition,multiday_average,VA677_SB::110-51799,110-51799,VA677_SB,1,33787,36010,34605,103.0,mapped_primary_link,SOUTHBOUND,4.0,0.339957,3.0,mapped_network,mapped_network,inrix_reference_speed,Weekday,0,PM,0.0,16.5,23.75,24.0,1440.0,31.5,45.0,24.611304347826085,27.461351741894884,11758.593721890911,1.0,0.25,1931.864478822696,1931.864478822696,15.0,19.0,15.0,19.0,4.0,episode_period_overlap_over_period_total,4.0,2000.0,5.879296860945456,episode_demand_over_period_capacity,True,True,500.0,493.9970864466438,435.0,True,True,0.2798996572801469,5815.653491671367,recurring
corridor-d5b5be15364b4fbaa2e410423521c590,state_transition__VA677_SB::110-51800__Weekday__0002,state_transition,multiday_average,VA677_SB::110-51800,110-51800,VA677_SB,5,33785,36009,36010,103.0,mapped_primary_link,SOUTHBOUND,3.0,0.219661,3.0,mapped_network,mapped_network,inrix_reference_speed,Weekday,0,PM,0.0,17.5,23.75,24.0,1440.0,31.5,45.0,23.52195652173913,27.058592308959152,11689.359694579838,1.0,0.25,1908.2245639938164,1908.2245639938164,15.0,19.0,15.0,19.0,4.0,episode_period_overlap_over_period_total,4.0,2000.0,5.844679847289919,episode_demand_over_period_capacity,True,True,500.0,493.1887274760652,375.0,True,True,0.3391743144702912,6395.62707509881,recurring
corridor-d5b5be15364b4fbaa2e410423521c590,state_transition__VA677_SB::110-51801__Weekday__0003,state_transition,multiday_average,VA677_SB::110-51801,110-51801,VA677_SB,4,30983,34712,34589,103.0,mapped_primary_link,SOUTHBOUND,1.0,0.124709,3.0,mapped_network,mapped_network,inrix_reference_speed,Weekday,0,PM,0.0,17.75,23.75,24.0,1440.0,31.5,45.0,12.872045454545455,17.931946648805404,10222.922686026375,1.0,0.25,1544.6300511007837,1544.6300511007837,15.0,19.0,15.0,19.0,4.0,episode_period_overlap_over_period_total,4.0,2000.0,5.111461343013189,episode_demand_over_period_capacity,True,True,500.0,451.2187557500341,360.0,True,True,1.4471635150166846,19537.99682572022,severe
corridor-d5b5be15364b4fbaa2e410423521c590,state_transition__VA677_SB::110N51799__Weekday__0004,state_transition,multiday_average,VA677_SB::110N51799,110N51799,VA677_SB,6,30627,34605,1854,100.0,mapped_primary_link,SOUTHBOUND,5.0,0.008094,7.0,mapped_network,mapped_network,inrix_reference_speed,Weekday,0,AM,0.25,6.0,23.75,23.75,1425.0,31.5,45.0,10.433409090909093,16.777700727471064,62061.57246895854,1.0,0.3333333333333333,7229.44341915475,7229.44341915475,6.0,9.0,6.0,9.0,3.0,episode_period_overlap_over_period_total,3.0,9450.0,6.567362166027359,episode_demand_over_period_capacity,True,True,3150.0,2670.8858618902536,1035.0,True,True,2.019147406713573,20537.60748517786,severe
corridor-d5b5be15364b4fbaa2e410423521c590,state_transition__VA677_SB::110N51802__Weekday__0005,state_transition,multiday_average,VA677_SB::110N51802,110N51802,VA677_SB,2,4394,1850,35953,100.0,mapped_primary_link,SOUTHBOUND,1.5,0.029099,7.0,mapped_network,mapped_network,inrix_reference_speed,Weekday,0,PM,0.25,17.75,23.75,23.75,1425.0,31.5,45.0,14.0325,20.782874533761937,67012.34007307653,1.0,0.25,10293.62121346295,10293.62121346295,15.0,19.0,15.0,19.0,4.0,episode_period_overlap_over_period_total,4.0,12600.0,5.318439688339407,episode_demand_over_period_capacity,True,True,3150.0,3018.3563345824514,360.0,True,True,1.244788882950294,14950.390025402094,severe
corridor-268a86e92cee4972b7ae0b9595f2d4c7,state_transition__VA684_NB::110+51794__Weekday__0001,state_transition,multiday_average,VA684_NB::110+51794,110+51794,VA684_NB,2,4386,1847,35293,100.0,mapped_primary_link,NORTHBOUND,6.0,0.405856,7.0,mapped_network,mapped_network,inrix_reference_speed,Weekday,0,PM,0.0,17.25,23.75,24.0,1440.0,31.5,45.0,20.530227272727277,26.533225379222444,73365.72720197146,1.0,0.25,11903.991180626526,11903.991180626526,15.0,19.0,15.0,19.0,4.0,episode_period_overlap_over_period_total,4.0,12600.0,5.822676762061227,episode_demand_over_period_capacity,True,True,3150.0,3114.458021255191,390.0,True,True,0.5343230048819365,7152.155453919675,recurring
corridor-268a86e92cee4972b7ae0b9595f2d4c7,state_transition__VA684_NB::110P51794__Weekday__0002,state_transition,multiday_average,VA684_NB::110P51794,110P51794,VA684_NB,1,32296,35293,35950,103.0,mapped_primary_link,NORTHBOUND,7.0,0.149867,2.0,mapped_network,mapped_network,inrix_reference_speed,Weekday,0,PM,0.25,17.25,23.75,23.75,1425.0,31.5,45.0,13.313181818181818,21.79824069065945,10798.95778903992,1.0,0.25,1650.66118896615,1650.66118896615,15.0,19.0,15.0,19.0,4.0,episode_period_overlap_over_period_total,4.0,2000.0,5.39947889451996,episode_demand_over_period_capacity,True,True,500.0,478.1256924443021,390.0,True,True,1.3660760012291302,13825.00701581027,severe
corridor-c2a4a0af7a964323aa2cad3401b7402f,state_transition__VA684_SB::110-51793__Weekday__0001,state_transition,multiday_average,VA684_SB::110-51793,110-51793,VA684_SB,1,32294,35293,1847,100.0,mapped_primary_link,SOUTHBOUND,2.0,0.412146,7.0,mapped_network,mapped_network,inrix_reference_speed,Weekday,0,PM,0.0,16.75,23.75,24.0,1440.0,31.5,45.0,23.531739130434783,26.33703661650259,73571.39148977098,1.0,0.25,12074.715516966118,12074.715516966118,15.0,19.0,15.0,19.0,4.0,episode_period_overlap_over_period_total,4.0,12600.0,5.838999324584998,episode_demand_over_period_capacity,True,True,3150.0,3069.2297913755137,420.0,True,True,0.338617593259797,7124.88946922642,recurring
corridor-c2a4a0af7a964323aa2cad3401b7402f,state_transition__VA684_SB::110N51794__Weekday__0002,state_transition,multiday_average,VA684_SB::110N51794,110N51794,VA684_SB,2,33608,35950,35293,103.0,mapped_primary_link,SOUTHBOUND,1.0,0.152027,2.0,mapped_network,mapped_network,inrix_reference_speed,Weekday,0,AM,0.25,8.75,23.75,23.75,1425.0,31.5,45.0,12.910869565217393,21.162639888162328,10671.58388862222,1.0,0.3333333333333333,1299.5720091081805,1299.5720091081805,6.0,9.0,6.0,9.0,3.0,episode_period_overlap_over_period_total,3.0,1500.0,7.114389259081481,episode_demand_over_period_capacity,True,True,500.0,433.0865434312889,870.0,True,True,1.439804680922714,14420.617356013548,severe
corridor-a240b6d746c2479fb6bc7b0656c3449e,state_transition__VA686_NB::110+51850__Weekday__0001,state_transition,multiday_average,VA686_NB::110+51850,110+51850,VA686_NB,2,4471,1883,35984,300.0,mapped_primary_link,NORTHBOUND,4.0,0.851821,7.0,mapped_network,mapped_network,inrix_reference_speed,Weekday,0,PM,0.0,16.5,23.75,24.0,1440.0,31.5,45.0,18.737380952380956,26.10787441545829,72167.97360628808,1.0,0.25,11051.866070602598,11051.866070602598,15.0,19.0,15.0,19.0,4.0,episode_period_overlap_over_period_total,4.0,12600.0,5.727616952880006,episode_demand_over_period_capacity,True,True,3150.0,2989.3128072341888,405.0,True,True,0.681131428135761,7279.369539131303,recurring
corridor-a240b6d746c2479fb6bc7b0656c3449e,state_transition__VA686_NB::110P51849__Weekday__0002,state_transition,multiday_average,VA686_NB::110P51849,110P51849,VA686_NB,3,4442,1872,34469,300.0,mapped_primary_link,NORTHBOUND,3.0,0.091598,7.0,mapped_network,mapped_network,inrix_reference_speed,Weekday,0,AM,0.0,7.25,23.75,24.0,1440.0,31.5,45.0,17.901904761904763,20.760158220402783,68435.01178663336,1.0,0.3333333333333333,8270.67016376215,8270.67016376215,6.0,9.0,6.0,9.0,3.0,episode_period_overlap_over_period_total,3.0,9450.0,7.241800189061731,episode_demand_over_period_capacity,True,True,3150.0,2849.8262545382213,990.0,True,True,0.7595892961642812,15465.37216261998,recurring
corridor-63d0be21649746cdaecc95cc5a10ea29,state_transition__VA686_SB::110-51848__Weekday__0001,state_transition,multiday_average,VA686_SB::110-51848,110-51848,VA686_SB,4,4443,1872,34764,300.0,mapped_primary_link,SOUTHBOUND,4.0,0.663063,7.0,mapped_network,mapped_network,inrix_reference_speed,Weekday,0,PM,0.0,15.75,23.75,24.0,1440.0,31.5,45.0,21.514130434782608,27.47885860665799,73787.57562954741,1.0,0.25,11949.983477225238,11949.983477225238,15.0,19.0,15.0,19.0,4.0,episode_period_overlap_over_period_total,4.0,12600.0,5.856156795995826,episode_demand_over_period_capacity,True,True,3150.0,3098.821832976296,480.0,True,True,0.4641539938362047,5612.145774985879,recurring
corridor-63d0be21649746cdaecc95cc5a10ea29,state_transition__VA686_SB::110N51848__Weekday__0002,state_transition,multiday_average,VA686_SB::110N51848,110N51848,VA686_SB,3,31151,34764,1870,200.0,mapped_primary_link,SOUTHBOUND,5.0,0.041313,7.0,mapped_network,mapped_network,inrix_reference_speed,Weekday,0,PM,0.0,16.75,23.75,24.0,1440.0,31.5,45.0,10.354761904761904,17.71861404447023,63166.682255666834,1.0,0.25,9044.409058695888,9044.409058695888,15.0,19.0,15.0,19.0,4.0,episode_period_overlap_over_period_total,4.0,12600.0,5.013228750449748,episode_demand_over_period_capacity,True,True,3150.0,2571.1051835853896,390.0,True,True,2.0420786387675327,18604.871039965183,severe
corridor-63d0be21649746cdaecc95cc5a10ea29,state_transition__VA686_SB::110N51849__Weekday__0003,state_transition,multiday_average,VA686_SB::110N51849,110N51849,VA686_SB,2,30186,34469,1872,300.0,mapped_primary_link,SOUTHBOUND,3.0,0.091598,7.0,mapped_network,mapped_network,inrix_reference_speed,Weekday,0,PM,0.0,16.75,23.75,24.0,1440.0,31.5,45.0,18.42086956521739,22.76830941646669,70229.05253965917,1.0,0.25,11305.005297724638,11305.005297724638,15.0,19.0,15.0,19.0,4.0,episode_period_overlap_over_period_total,4.0,12600.0,5.573734328544378,episode_demand_over_period_capacity,True,True,3150.0,2962.542887711686,420.0,True,True,0.7100169939577037,12573.63444028797,recurring
corridor-97475c9de2904c9e9bbd7130809bf06b,state_transition__VA690_NB::110+58439__Weekday__0001,state_transition,multiday_average,VA690_NB::110+58439,110+58439,VA690_NB,3,37198,38465,38466,503.0,mapped_primary_link,NORTHBOUND,2.0005,0.105779,1.0,mapped_network,mapped_network,inrix_reference_speed,Weekday,0,MD,5.75,9.0,23.75,18.25,1095.0,31.5,45.0,25.509565217391305,27.67277423043504,16124.45603618799,1.0,0.1666666666666666,5281.75626638531,5281.75626638531,9.0,15.0,9.0,15.0,6.0,episode_period_overlap_over_period_total,6.0,5400.0,2.98601037707185,episode_demand_over_period_capacity,True,True,900.0,882.8102628593977,885.0,True,True,0.2348309244614124,4221.138304630149,recurring
corridor-97475c9de2904c9e9bbd7130809bf06b,state_transition__VA690_NB::110+58440__Weekday__0002,state_transition,multiday_average,VA690_NB::110+58440,110+58440,VA690_NB,5,37200,38466,38215,503.0,mapped_primary_link,NORTHBOUND,3.0005,0.627531,1.0,mapped_network,mapped_network,inrix_reference_speed,Weekday,0,AM,0.0,6.75,23.75,24.0,1440.0,31.5,45.0,16.686315789473685,19.716134830498927,19244.079531978765,1.0,0.3333333333333333,2338.7117206586936,2338.7117206586936,6.0,9.0,6.0,9.0,3.0,episode_period_overlap_over_period_total,3.0,2700.0,7.127436863695839,episode_demand_over_period_capacity,True,True,900.0,803.4305578611902,1020.0,True,True,0.8877744133232397,16968.76584408154,recurring
corridor-97475c9de2904c9e9bbd7130809bf06b,state_transition__VA690_NB::110P11463__Weekday__0004,state_transition,multiday_average,VA690_NB::110P11463,110P11463,VA690_NB,6,37194,38464,38465,503.0,mapped_primary_link,NORTHBOUND,2.5,0.031803,1.0,mapped_network,mapped_network,inrix_reference_speed,Weekday,0,PM,5.75,15.0,22.0,16.5,990.0,31.5,45.0,25.70130434782609,28.274370985671936,14610.40810125078,1.0,0.25,3528.3476864910863,3528.3476864910863,15.0,19.0,15.0,19.0,4.0,episode_period_overlap_over_period_total,4.0,3600.0,4.058446694791884,episode_demand_over_period_capacity,True,True,900.0,885.7347183758199,405.0,True,True,0.225618730228545,3144.669071146241,recurring
corridor-c21b8435cd764443aa1adcf8a718df98,state_transition__VA690_SB::110-58438__Weekday__0001,state_transition,multiday_average,VA690_SB::110-58438,110-58438,VA690_SB,10,36463,38215,38466,503.0,mapped_primary_link,SOUTHBOUND,3.0005,0.105779,1.0,mapped_network,mapped_network,inrix_reference_speed,Weekday,0,PM,7.0,15.25,23.75,17.0,1020.0,31.5,45.0,27.203478260869563,29.04594390078165,15132.353032656662,1.0,0.25,3549.4482875517665,3549.4482875517665,15.0,19.0,15.0,19.0,4.0,episode_period_overlap_over_period_total,4.0,3600.0,4.203431397960184,episode_demand_over_period_capacity,True,True,900.0,890.2145994872085,510.0,True,True,0.1579401611047179,2510.611134246185,recurring
corridor-c21b8435cd764443aa1adcf8a718df98,state_transition__VA690_SB::110N11455__Weekday__0002,state_transition,multiday_average,VA690_SB::110N11455,110N11455,VA690_SB,7,36417,38202,2216,600.0,mapped_primary_link,SOUTHBOUND,1.5,0.024714,7.0,mapped_network,mapped_network,inrix_reference_speed,Weekday,0,MD,0.0,12.5,23.75,24.0,1440.0,31.5,45.0,9.52695652173913,11.803906683626272,54209.953697977966,1.0,0.1666666666666666,13360.400922497549,13360.400922497549,9.0,15.0,9.0,15.0,6.0,episode_period_overlap_over_period_total,6.0,18900.0,2.8682515184115327,episode_demand_over_period_capacity,True,True,3150.0,2310.9469511659136,645.0,True,True,2.306407447973713,27771.491576086948,severe
corridor-c21b8435cd764443aa1adcf8a718df98,state_transition__VA690_SB::110N11463__Weekday__0003,state_transition,multiday_average,VA690_SB::110N11463,110N11463,VA690_SB,6,37197,38465,38464,503.0,mapped_primary_link,SOUTHBOUND,2.5,0.031803,1.0,mapped_network,mapped_network,inrix_reference_speed,Weekday,0,PM,7.5,15.25,23.75,16.5,990.0,31.5,45.0,27.35285714285714,29.637438196993227,14706.274053305968,1.0,0.25,3558.3336340888736,3558.3336340888736,15.0,19.0,15.0,19.0,4.0,episode_period_overlap_over_period_total,4.0,3600.0,4.085076125918325,episode_demand_over_period_capacity,True,True,900.0,891.4223185683688,480.0,True,True,0.1516164412179454,1795.3310700169363,recurring
corridor-c21b8435cd764443aa1adcf8a718df98,state_transition__VA690_SB::110N58438__Weekday__0004,state_transition,multiday_average,VA690_SB::110N58438,110N58438,VA690_SB,9,37201,38466,38465,503.0,mapped_primary_link,SOUTHBOUND,3.0005,0.033894,1.0,mapped_network,mapped_network,inrix_reference_speed,Weekday,0,PM,7.0,15.25,23.75,17.0,1020.0,31.5,45.0,27.44782608695652,29.330377383166702,15139.73922085528,1.0,0.25,3553.0035040995385,3553.0035040995385,15.0,19.0,15.0,19.0,4.0,episode_period_overlap_over_period_total,4.0,3600.0,4.205483116904245,episode_demand_over_period_capacity,True,True,900.0,891.3989367492243,510.0,True,True,0.1476318707429114,2222.771590909088,recurring
corridor-c21b8435cd764443aa1adcf8a718df98,state_transition__VA690_SB::110N58440__Weekday__0005,state_transition,multiday_average,VA690_SB::110N58440,110N58440,VA690_SB,8,36465,38216,2177,500.0,mapped_primary_link,SOUTHBOUND,2.0005,0.019354,7.0,mapped_network,mapped_network,inrix_reference_speed,Weekday,0,AM,0.0,6.5,23.75,24.0,1440.0,31.5,45.0,17.782608695652176,20.341701740489786,68127.42080666978,1.0,0.3333333333333333,8329.176472457708,8329.176472457708,6.0,9.0,6.0,9.0,3.0,episode_period_overlap_over_period_total,3.0,9450.0,7.209250879012675,episode_demand_over_period_capacity,True,True,3150.0,2846.995922485969,945.0,True,True,0.7713936430317845,15063.70265033879,recurring
corridor-890dfb44ab4342878f2121202f7a784a,state_transition__VA693_NB::110+50153__Weekday__0001,state_transition,multiday_average,VA693_NB::110+50153,110+50153,VA693_NB,3,28677,34006,34500,203.0,mapped_primary_link,NORTHBOUND,7.5,0.652538,1.0,mapped_network,mapped_network,inrix_reference_speed,Weekday,0,PM,0.0,16.25,23.75,24.0,1440.0,31.5,45.0,23.027391304347827,26.378859616889,14017.13353937746,1.0,0.25,2291.29537364926,2291.29537364926,15.0,19.0,15.0,19.0,4.0,episode_period_overlap_over_period_total,4.0,2400.0,5.840472308073942,episode_demand_over_period_capacity,True,True,600.0,589.1212441529426,450.0,True,True,0.367936106338387,7374.442151679837,recurring
corridor-890dfb44ab4342878f2121202f7a784a,state_transition__VA693_NB::110+51817__Weekday__0002,state_transition,multiday_average,VA693_NB::110+51817,110+51817,VA693_NB,1,32212,35263,34498,403.0,mapped_primary_link,NORTHBOUND,7.5,0.583671,1.0,mapped_network,mapped_network,inrix_reference_speed,Weekday,0,AM,0.0,7.75,23.75,24.0,1440.0,31.5,45.0,21.619565217391305,26.97405443703001,19639.235786261583,1.0,0.3333333333333333,2387.1972459226918,2387.1972459226918,6.0,9.0,6.0,9.0,3.0,episode_period_overlap_over_period_total,3.0,2520.0,7.793347534230786,episode_demand_over_period_capacity,True,True,840.0,816.5769103626235,930.0,True,True,0.4570135746606332,6110.026510009483,recurring
corridor-890dfb44ab4342878f2121202f7a784a,state_transition__VA693_NB::110+51818__Weekday__0003,state_transition,multiday_average,VA693_NB::110+51818,110+51818,VA693_NB,2,30172,34464,35970,203.0,mapped_primary_link,NORTHBOUND,7.5,1.329908,1.0,mapped_network,mapped_network,inrix_reference_speed,Weekday,0,AM,6.25,8.25,23.75,17.75,1065.0,31.5,45.0,23.746388888888887,27.989199294456856,10472.582652936544,0.9150652906718943,0.3642727319365162,1603.9149600892245,1752.7874529166509,6.25,9.0,6.0,9.0,3.0,episode_period_overlap_over_period_total,3.0,1800.0,5.818101473853636,episode_demand_over_period_capacity,True,True,600.0,591.7568323718672,900.0,True,True,0.3265174821902745,3643.9128211462416,recurring
corridor-890dfb44ab4342878f2121202f7a784a,state_transition__VA693_NB::110P51818__Weekday__0004,state_transition,multiday_average,VA693_NB::110P51818,110P51818,VA693_NB,4,33697,35978,34473,203.0,mapped_primary_link,NORTHBOUND,7.5,0.099751,1.0,mapped_network,mapped_network,inrix_reference_speed,Weekday,0,PM,0.0,16.0,23.75,24.0,1440.0,31.5,45.0,14.19909090909091,20.913419102701795,12785.74329173896,1.0,0.25,1930.3169053875745,1930.3169053875745,15.0,19.0,15.0,19.0,4.0,episode_period_overlap_over_period_total,4.0,2400.0,5.3273930382245664,episode_demand_over_period_capacity,True,True,600.0,524.185064323154,465.0,True,True,1.2184518855240412,15245.361274718103,severe
corridor-e369c4229d5d4bc79647367ec4efdfa2,state_transition__VA693_SB::110-50152__Weekday__0001,state_transition,multiday_average,VA693_SB::110-50152,110-50152,VA693_SB,2,30284,34500,34006,203.0,mapped_primary_link,SOUTHBOUND,1.5,0.652538,1.0,mapped_network,mapped_network,inrix_reference_speed,Weekday,0,PM,0.0,17.25,23.75,24.0,1440.0,31.5,45.0,23.94545454545454,27.227471613471156,14099.153712797255,1.0,0.25,2307.0296392195432,2307.0296392195432,15.0,19.0,15.0,19.0,4.0,episode_period_overlap_over_period_total,4.0,2400.0,5.87464738033219,episode_demand_over_period_capacity,True,True,600.0,592.206395269604,390.0,True,True,0.315489749430524,6152.440876601542,recurring
corridor-e369c4229d5d4bc79647367ec4efdfa2,state_transition__VA693_SB::110-50153__Weekday__0002,state_transition,multiday_average,VA693_SB::110-50153,110-50153,VA693_SB,1,30277,34498,35263,403.0,mapped_primary_link,SOUTHBOUND,1.5,0.583671,1.0,mapped_network,mapped_network,inrix_reference_speed,Weekday,0,AM,0.0,7.75,23.75,24.0,1440.0,31.5,45.0,20.471521739130434,26.02644678748633,19433.59635891396,1.0,0.3333333333333333,2348.021451902234,2348.021451902234,6.0,9.0,6.0,9.0,3.0,episode_period_overlap_over_period_total,3.0,2520.0,7.711744586870619,episode_demand_over_period_capacity,True,True,840.0,808.2206415006838,960.0,True,True,0.538722934298973,7733.955512422355,recurring
corridor-e369c4229d5d4bc79647367ec4efdfa2,state_transition__VA693_SB::110-51817__Weekday__0003,state_transition,multiday_average,VA693_SB::110-51817,110-51817,VA693_SB,4,33670,35970,34464,203.0,mapped_primary_link,SOUTHBOUND,1.5,1.329908,1.0,mapped_network,mapped_network,inrix_reference_speed,Weekday,0,AM,5.75,8.0,23.75,18.25,1095.0,31.5,45.0,23.53630434782609,27.705560185884742,10746.026847376474,1.0,0.3333333333333333,1752.8025101806334,1752.8025101806334,6.0,9.0,6.0,9.0,3.0,episode_period_overlap_over_period_total,3.0,1800.0,5.970014915209152,episode_demand_over_period_capacity,True,True,600.0,591.0158296152277,915.0,True,True,0.3383579484053309,4089.701228119703,recurring
corridor-e369c4229d5d4bc79647367ec4efdfa2,state_transition__VA693_SB::110N51818__Weekday__0004,state_transition,multiday_average,VA693_SB::110N51818,110N51818,VA693_SB,3,30198,34473,35978,203.0,mapped_primary_link,SOUTHBOUND,1.5,0.099751,1.0,mapped_network,mapped_network,inrix_reference_speed,Weekday,0,AM,6.5,7.75,23.75,17.5,1050.0,31.5,45.0,24.30130434782609,27.614966400310276,10290.138487974868,0.8297047700058762,0.4017493274517062,1452.1523500529695,1750.2036899735856,6.5,9.0,6.0,9.0,3.0,episode_period_overlap_over_period_total,3.0,1800.0,5.716743604430482,episode_demand_over_period_capacity,True,True,600.0,590.1978278957231,900.0,True,True,0.2962267189093446,3846.3136984754337,recurring
corridor-77f195c85a904c16a77b320bde782247,state_transition__VA694_NB::110+51812__Weekday__0001,state_transition,multiday_average,VA694_NB::110+51812,110+51812,VA694_NB,1,33545,35929,34459,203.0,mapped_primary_link,NORTHBOUND,2.0,0.590756,1.0,mapped_network,mapped_network,inrix_reference_speed,Weekday,0,PM,0.0,16.75,23.75,24.0,1440.0,31.5,45.0,24.355217391304347,26.571577813136766,14055.120386096894,1.0,0.25,2311.0685857000026,2311.0685857000026,15.0,19.0,15.0,19.0,4.0,episode_period_overlap_over_period_total,4.0,2400.0,5.856300160873706,episode_demand_over_period_capacity,True,True,600.0,589.6867290163233,420.0,True,True,0.2933573736544261,6801.222617871254,recurring
corridor-77f195c85a904c16a77b320bde782247,state_transition__VA694_NB::110+51813__Weekday__0002,state_transition,multiday_average,VA694_NB::110+51813,110+51813,VA694_NB,2,33649,35963,35264,303.0,mapped_primary_link,NORTHBOUND,3.0,0.552199,1.0,mapped_network,mapped_network,inrix_reference_speed,Weekday,0,AM,6.25,8.25,22.5,16.5,990.0,31.5,45.0,24.011304347826087,27.17030430291053,11298.152744713963,0.9150765126266855,0.3642682647121115,1869.9281255798176,2043.4664203239945,6.25,9.0,6.0,9.0,3.0,episode_period_overlap_over_period_total,3.0,2100.0,5.380072735578079,episode_demand_over_period_capacity,True,True,700.0,685.9570030406559,840.0,True,True,0.3118820845254044,4290.963957509878,recurring
corridor-77f195c85a904c16a77b320bde782247,state_transition__VA694_NB::110+51814__Weekday__0003,state_transition,multiday_average,VA694_NB::110+51814,110+51814,VA694_NB,3,30157,34460,34461,403.0,mapped_primary_link,NORTHBOUND,4.0,1.256036,1.0,mapped_network,mapped_network,inrix_reference_speed,Weekday,0,AM,6.25,8.0,21.5,15.5,930.0,31.5,45.0,26.84413043478261,28.782447086574017,12899.043883076412,0.9165096652335444,0.3636986558656678,2284.0634592324263,2492.132430104164,6.25,9.0,6.0,9.0,3.0,episode_period_overlap_over_period_total,3.0,2520.0,5.118668207570005,episode_demand_over_period_capacity,True,True,840.0,832.6570149559872,795.0,True,True,0.173440878501494,2551.6111660079027,recurring
corridor-77f195c85a904c16a77b320bde782247,state_transition__VA694_NB::110P51816__Weekday__0005,state_transition,multiday_average,VA694_NB::110P51816,110P51816,VA694_NB,6,30178,34466,34467,203.0,mapped_primary_link,NORTHBOUND,8.0,0.058072,2.0,mapped_network,mapped_network,inrix_reference_speed,Weekday,0,PM,0.0,15.25,23.75,24.0,1440.0,31.5,45.0,16.42304347826087,19.501383433521045,12701.246445182744,1.0,0.25,2070.6381936903185,2070.6381936903185,15.0,19.0,15.0,19.0,4.0,episode_period_overlap_over_period_total,4.0,2400.0,5.292186018826144,episode_demand_over_period_capacity,True,True,600.0,526.9330654337735,510.0,True,True,0.9180366928758636,17278.007855729687,recurring
corridor-db535817bde04c35aa183be651c4e61d,state_transition__VA694_SB::110-51812__Weekday__0002,state_transition,multiday_average,VA694_SB::110-51812,110-51812,VA694_SB,5,32217,35264,35963,303.0,mapped_primary_link,SOUTHBOUND,6.0,0.552199,1.0,mapped_network,mapped_network,inrix_reference_speed,Weekday,0,PM,6.25,17.5,23.75,17.75,1065.0,31.5,45.0,23.17130434782609,26.24604914506667,12071.205027918111,1.0,0.25,2663.307469790076,2663.307469790076,15.0,19.0,15.0,19.0,4.0,episode_period_overlap_over_period_total,4.0,2800.0,4.311144652827897,episode_demand_over_period_capacity,True,True,700.0,689.4377390141728,375.0,True,True,0.3594400870642094,5596.3235695949015,recurring
corridor-db535817bde04c35aa183be651c4e61d,state_transition__VA694_SB::110-51813__Weekday__0003,state_transition,multiday_average,VA694_SB::110-51813,110-51813,VA694_SB,6,30160,34461,34460,403.0,mapped_primary_link,SOUTHBOUND,5.0,1.256036,1.0,mapped_network,mapped_network,inrix_reference_speed,Weekday,0,PM,6.5,17.75,21.5,15.25,915.0,31.5,45.0,24.2575,28.24124272251944,12612.337164650247,1.0,0.25,3255.422293266495,3255.422293266495,15.0,19.0,15.0,19.0,4.0,episode_period_overlap_over_period_total,4.0,3360.0,3.753671775193526,episode_demand_over_period_capacity,True,True,840.0,836.2384435654567,210.0,True,True,0.2985674533649387,2890.5741036137742,recurring
corridor-db535817bde04c35aa183be651c4e61d,state_transition__VA694_SB::110-51815__Weekday__0004,state_transition,multiday_average,VA694_SB::110-51815,110-51815,VA694_SB,4,30180,34467,34466,203.0,mapped_primary_link,SOUTHBOUND,2.0,0.193244,2.0,mapped_network,mapped_network,inrix_reference_speed,Weekday,0,PM,0.0,17.5,23.75,24.0,1440.0,31.5,45.0,17.41522727272727,22.1744079413276,13272.92007656875,1.0,0.25,2083.4387195273366,2083.4387195273366,15.0,19.0,15.0,19.0,4.0,episode_period_overlap_over_period_total,4.0,2400.0,5.530383365236979,episode_demand_over_period_capacity,True,True,600.0,563.7919081637632,375.0,True,True,0.80876192464797,13149.084802728084,recurring
corridor-db535817bde04c35aa183be651c4e61d,state_transition__VA694_SB::110N51816__Weekday__0005,state_transition,multiday_average,VA694_SB::110N51816,110N51816,VA694_SB,1,30184,34468,34467,203.0,mapped_primary_link,SOUTHBOUND,1.0,0.058072,2.0,mapped_network,mapped_network,inrix_reference_speed,Weekday,0,AM,0.0,6.5,23.75,24.0,1440.0,31.5,45.0,14.31304347826087,18.476218138167724,12329.92928029177,1.0,0.3333333333333333,1438.2084666173537,1438.2084666173537,6.0,9.0,6.0,9.0,3.0,episode_period_overlap_over_period_total,3.0,1800.0,6.849960711273205,episode_demand_over_period_capacity,True,True,600.0,500.0183587843587,1035.0,True,True,1.200789793438639,18363.532425183505,severe
corridor-79263e5627414f0facdb683657232c8b,state_transition__VA695_NB::110+51838__Weekday__0001,state_transition,multiday_average,VA695_NB::110+51838,110+51838,VA695_NB,1,30647,34610,36629,203.0,mapped_primary_link,NORTHBOUND,1.0,0.670429,1.0,mapped_network,mapped_network,inrix_reference_speed,Weekday,0,AM,5.75,8.25,23.75,18.25,1095.0,31.5,45.0,25.987727272727277,28.55169375939431,10811.931783469036,1.0,0.3333333333333333,1767.6379227939728,1767.6379227939728,6.0,9.0,6.0,9.0,3.0,episode_period_overlap_over_period_total,3.0,1800.0,6.0066287685939095,episode_demand_over_period_capacity,True,True,600.0,592.8025908845182,930.0,True,True,0.2121106116523532,3154.44160079051,recurring
corridor-79263e5627414f0facdb683657232c8b,state_transition__VA695_NB::110+51839__Weekday__0002,state_transition,multiday_average,VA695_NB::110+51839,110+51839,VA695_NB,2,33637,35959,34448,203.0,mapped_primary_link,NORTHBOUND,3.0,0.87733,1.0,mapped_network,mapped_network,inrix_reference_speed,Weekday,0,AM,5.75,8.0,23.75,18.25,1095.0,31.5,45.0,23.85130434782609,27.3184446780926,10725.028946608054,1.0,0.3333333333333333,1750.9440146517636,1750.9440146517636,6.0,9.0,6.0,9.0,3.0,episode_period_overlap_over_period_total,3.0,1800.0,5.958349414782252,episode_demand_over_period_capacity,True,True,600.0,587.2137388488565,945.0,True,True,0.3206824893361037,4462.670054195017,recurring
corridor-79263e5627414f0facdb683657232c8b,state_transition__VA695_NB::110+51840__Weekday__0003,state_transition,multiday_average,VA695_NB::110+51840,110+51840,VA695_NB,3,30119,34449,34460,403.0,mapped_primary_link,NORTHBOUND,5.0,1.140717,1.0,mapped_network,mapped_network,inrix_reference_speed,Weekday,0,AM,0.0,8.25,23.75,24.0,1440.0,31.5,45.0,22.020434782608696,27.095789317450976,19699.68916094725,1.0,0.3333333333333333,2412.060317719338,2412.060317719338,6.0,9.0,6.0,9.0,3.0,episode_period_overlap_over_period_total,3.0,2520.0,7.817336968629863,episode_demand_over_period_capacity,True,True,840.0,812.5558233825611,900.0,True,True,0.4304894663060001,6209.937062394122,recurring
corridor-79263e5627414f0facdb683657232c8b,state_transition__VA695_NB::110+51843__Weekday__0004,state_transition,multiday_average,VA695_NB::110+51843,110+51843,VA695_NB,4,33655,35965,34498,403.0,mapped_primary_link,NORTHBOUND,1.0,0.560251,1.0,mapped_network,mapped_network,inrix_reference_speed,Weekday,0,AM,5.75,7.5,23.75,18.25,1095.0,31.5,45.0,22.768913043478257,26.686710188094512,14926.156689607731,1.0,0.3333333333333333,2414.4032174035688,2414.4032174035688,6.0,9.0,6.0,9.0,3.0,episode_period_overlap_over_period_total,3.0,2520.0,5.92307805143164,episode_demand_over_period_capacity,True,True,840.0,818.4152167640427,975.0,True,True,0.3834652510574106,5274.261434945598,recurring
corridor-79263e5627414f0facdb683657232c8b,state_transition__VA695_NB::110+51844__Weekday__0005,state_transition,multiday_average,VA695_NB::110+51844,110+51844,VA695_NB,5,30276,34498,34497,403.0,mapped_primary_link,NORTHBOUND,3.0,0.386103,1.0,mapped_network,mapped_network,inrix_reference_speed,Weekday,0,AM,6.25,7.75,23.75,17.75,1065.0,31.5,45.0,24.69434782608696,28.05305601126538,14685.837693630156,0.9151761629859464,0.3642286008037689,2255.419122828973,2464.4644540021823,6.25,9.0,6.0,9.0,3.0,episode_period_overlap_over_period_total,3.0,2520.0,5.827713370488158,episode_demand_over_period_capacity,True,True,840.0,827.6913494103278,900.0,True,True,0.2755955420180642,3576.9457239925,recurring
corridor-79263e5627414f0facdb683657232c8b,state_transition__VA695_NB::110+51845__Weekday__0006,state_transition,multiday_average,VA695_NB::110+51845,110+51845,VA695_NB,6,30274,34497,34495,403.0,mapped_primary_link,NORTHBOUND,4.0,0.964373,1.0,mapped_network,mapped_network,inrix_reference_speed,Weekday,0,AM,6.0,8.5,23.75,18.0,1080.0,31.5,45.0,21.285,26.73581485141268,14687.750827800965,1.0,0.3333333333333333,2421.7708443673773,2421.7708443673773,6.0,9.0,6.0,9.0,3.0,episode_period_overlap_over_period_total,3.0,2520.0,5.828472550714668,episode_demand_over_period_capacity,True,True,840.0,819.7044323051425,900.0,True,True,0.4799154334038054,5149.715612648218,recurring
corridor-79263e5627414f0facdb683657232c8b,state_transition__VA695_NB::110+51846__Weekday__0007,state_transition,multiday_average,VA695_NB::110+51846,110+51846,VA695_NB,7,30247,34490,34488,503.0,mapped_primary_link,NORTHBOUND,6.0,1.691918,1.0,mapped_network,mapped_network,inrix_reference_speed,Weekday,0,AM,0.0,8.75,23.75,24.0,1440.0,31.5,45.0,21.33760869565217,25.343023454372275,20811.652034026338,1.0,0.3333333333333333,2568.873264043207,2568.873264043207,6.0,9.0,6.0,9.0,3.0,episode_period_overlap_over_period_total,3.0,2700.0,7.708019271861606,episode_demand_over_period_capacity,True,True,900.0,859.5367788218508,900.0,True,True,0.4762666449318919,8866.046225703918,recurring
corridor-79263e5627414f0facdb683657232c8b,state_transition__VA695_NB::110P51842__Weekday__0008,state_transition,multiday_average,VA695_NB::110P51842,110P51842,VA695_NB,10,30159,34460,35965,403.0,mapped_primary_link,NORTHBOUND,2.0,0.041372,1.0,mapped_network,mapped_network,inrix_reference_speed,Weekday,0,AM,0.0,8.5,23.75,24.0,1440.0,31.5,45.0,19.179782608695653,23.42262680994689,18928.238849015863,1.0,0.3333333333333333,2293.8475832540616,2293.8475832540616,6.0,9.0,6.0,9.0,3.0,episode_period_overlap_over_period_total,3.0,2520.0,7.511205892466612,episode_demand_over_period_capacity,True,True,840.0,780.125477835224,915.0,True,True,0.6423543813118431,11631.417393676467,recurring
corridor-34664d3d5f8b48efa10ff8a65024ce13,state_transition__VA695_SB::110-51837__Weekday__0001,state_transition,multiday_average,VA695_SB::110-51837,110-51837,VA695_SB,7,35686,36629,34610,203.0,mapped_primary_link,SOUTHBOUND,4.0,0.670429,1.0,mapped_network,mapped_network,inrix_reference_speed,Weekday,0,PM,6.5,16.75,22.25,16.0,960.0,31.5,45.0,23.86413043478261,27.865583621541504,9429.79841009777,1.0,0.25,2303.280647279641,2303.280647279641,15.0,19.0,15.0,19.0,4.0,episode_period_overlap_over_period_total,4.0,2400.0,3.929082670874071,episode_demand_over_period_capacity,True,True,600.0,593.4819304092606,315.0,True,True,0.3199726713732633,3495.691897233198,recurring
corridor-34664d3d5f8b48efa10ff8a65024ce13,state_transition__VA695_SB::110-51839__Weekday__0003,state_transition,multiday_average,VA695_SB::110-51839,110-51839,VA695_SB,9,30118,34449,34448,403.0,mapped_primary_link,SOUTHBOUND,1.0,1.140717,1.0,mapped_network,mapped_network,inrix_reference_speed,Weekday,0,PM,0.0,15.0,23.75,24.0,1440.0,31.5,45.0,21.35695652173913,25.913220139852804,19487.41405279511,1.0,0.25,3143.231665990298,3143.231665990298,15.0,19.0,15.0,19.0,4.0,episode_period_overlap_over_period_total,4.0,3360.0,5.799825610950926,episode_demand_over_period_capacity,True,True,840.0,811.1341918132803,495.0,True,True,0.4749292563262148,7877.359602807541,recurring
corridor-34664d3d5f8b48efa10ff8a65024ce13,state_transition__VA695_SB::110-51842__Weekday__0004,state_transition,multiday_average,VA695_SB::110-51842,110-51842,VA695_SB,12,30278,34498,35965,403.0,mapped_primary_link,SOUTHBOUND,7.0,0.560251,1.0,mapped_network,mapped_network,inrix_reference_speed,Weekday,0,PM,6.0,16.25,23.75,18.0,1080.0,31.5,45.0,22.50695652173913,26.51978051738921,14679.323713575192,1.0,0.25,3180.666561205211,3180.666561205211,15.0,19.0,15.0,19.0,4.0,episode_period_overlap_over_period_total,4.0,3360.0,4.3688463433259495,episode_demand_over_period_capacity,True,True,840.0,828.576701396736,405.0,True,True,0.399567283545184,5390.780519480517,recurring
corridor-34664d3d5f8b48efa10ff8a65024ce13,state_transition__VA695_SB::110-51843__Weekday__0005,state_transition,multiday_average,VA695_SB::110-51843,110-51843,VA695_SB,10,30275,34497,34498,403.0,mapped_primary_link,SOUTHBOUND,5.0,0.386103,1.0,mapped_network,mapped_network,inrix_reference_speed,Weekday,0,PM,6.25,16.0,22.5,16.5,990.0,31.5,45.0,23.13904761904762,26.374674248127807,13437.153287231367,1.0,0.25,3183.9505183786832,3183.9505183786832,15.0,19.0,15.0,19.0,4.0,episode_period_overlap_over_period_total,4.0,3360.0,3.999152764056954,episode_demand_over_period_capacity,True,True,840.0,818.8739616021761,375.0,True,True,0.3613351992097462,5092.137711744774,recurring
corridor-34664d3d5f8b48efa10ff8a65024ce13,state_transition__VA695_SB::110-51844__Weekday__0006,state_transition,multiday_average,VA695_SB::110-51844,110-51844,VA695_SB,11,30266,34495,34497,403.0,mapped_primary_link,SOUTHBOUND,4.0,0.964373,1.0,mapped_network,mapped_network,inrix_reference_speed,Weekday,0,PM,6.5,16.0,22.0,15.75,945.0,31.5,45.0,23.861304347826085,27.44448919565052,12961.249349669008,1.0,0.25,3257.635210030655,3257.635210030655,15.0,19.0,15.0,19.0,4.0,episode_period_overlap_over_period_total,4.0,3360.0,3.8575146874014905,episode_demand_over_period_capacity,True,True,840.0,827.7756754485802,285.0,True,True,0.3201290063956561,3484.1410855448867,recurring
corridor-34664d3d5f8b48efa10ff8a65024ce13,state_transition__VA695_SB::110-51845__Weekday__0007,state_transition,multiday_average,VA695_SB::110-51845,110-51845,VA695_SB,6,30239,34488,34490,503.0,mapped_primary_link,SOUTHBOUND,2.0,1.691918,1.0,mapped_network,mapped_network,inrix_reference_speed,Weekday,0,PM,0.25,15.75,23.75,23.75,1425.0,31.5,45.0,21.71695652173913,25.51843028815505,20616.958786206924,1.0,0.25,3364.1200687850182,3364.1200687850182,15.0,19.0,15.0,19.0,4.0,episode_period_overlap_over_period_total,4.0,3600.0,5.72693299616859,episode_demand_over_period_capacity,True,True,900.0,871.4499335620783,480.0,True,True,0.4504794890788601,8344.28974802371,recurring
corridor-98f3c08bf3664ea6be6148af1176e1c7,state_transition__VA703_NB::110+50148__Weekday__0001,state_transition,multiday_average,VA703_NB::110+50148,110+50148,VA703_NB,3,33547,35930,34431,303.0,mapped_primary_link,NORTHBOUND,2.0,0.715194,2.0,mapped_network,mapped_network,inrix_reference_speed,Weekday,0,AM,0.0,8.5,23.75,24.0,1440.0,31.5,45.0,21.59704545454545,24.634809441954484,16069.20479703115,1.0,0.3333333333333333,1995.8953512583844,1995.8953512583844,6.0,9.0,6.0,9.0,3.0,episode_period_overlap_over_period_total,3.0,2100.0,7.652002284300548,episode_demand_over_period_capacity,True,True,700.0,672.908086361095,915.0,True,True,0.4585328380355056,9885.87440358554,recurring
corridor-98f3c08bf3664ea6be6148af1176e1c7,state_transition__VA703_NB::110+50149__Weekday__0002,state_transition,multiday_average,VA703_NB::110+50149,110+50149,VA703_NB,4,30152,34459,34499,403.0,mapped_primary_link,NORTHBOUND,3.0,0.413345,1.0,mapped_network,mapped_network,inrix_reference_speed,Weekday,0,MD,0.0,9.0,23.75,24.0,1440.0,31.5,45.0,21.750652173913043,24.83620249338132,19346.77593394869,1.0,0.1666666666666666,4813.07617174034,4813.07617174034,9.0,15.0,9.0,15.0,6.0,episode_period_overlap_over_period_total,6.0,5040.0,3.838646018640614,episode_demand_over_period_capacity,True,True,840.0,806.501998680146,885.0,True,True,0.4482324368084913,9395.954484332337,recurring
corridor-347322040b054ad681be91ed5995c89c,state_transition__VA703_SB::110-50147__Weekday__0001,state_transition,multiday_average,VA703_SB::110-50147,110-50147,VA703_SB,2,30054,34431,35930,303.0,mapped_primary_link,SOUTHBOUND,2.0,0.715194,2.0,mapped_network,mapped_network,inrix_reference_speed,Weekday,0,PM,0.0,16.75,23.75,24.0,1440.0,31.5,45.0,20.645869565217392,23.918348084395976,15948.782908656674,1.0,0.25,2582.258748827788,2582.258748827788,15.0,19.0,15.0,19.0,4.0,episode_period_overlap_over_period_total,4.0,2800.0,5.695993895948813,episode_demand_over_period_capacity,True,True,700.0,672.6696893367124,420.0,True,True,0.5257289067188928,10917.578758469786,recurring
corridor-347322040b054ad681be91ed5995c89c,state_transition__VA703_SB::110-50148__Weekday__0002,state_transition,multiday_average,VA703_SB::110-50148,110-50148,VA703_SB,1,30281,34499,34459,403.0,mapped_primary_link,SOUTHBOUND,1.0,0.413345,1.0,mapped_network,mapped_network,inrix_reference_speed,Weekday,0,PM,0.0,16.25,23.75,24.0,1440.0,31.5,45.0,20.91978260869565,24.15031248977078,19213.62257788367,1.0,0.25,3119.885871665675,3119.885871665675,15.0,19.0,15.0,19.0,4.0,episode_period_overlap_over_period_total,4.0,3360.0,5.718340052941569,episode_demand_over_period_capacity,True,True,840.0,806.2817050050353,450.0,True,True,0.5057517847679021,10142.568764116311,recurring
corridor-347322040b054ad681be91ed5995c89c,state_transition__VA703_SB::110N50147__Weekday__0003,state_transition,multiday_average,VA703_SB::110N50147,110N50147,VA703_SB,3,30062,34433,36093,303.0,mapped_primary_link,SOUTHBOUND,3.0,0.053352,1.0,mapped_network,mapped_network,inrix_reference_speed,Weekday,0,AM,0.0,7.0,23.75,24.0,1440.0,31.5,45.0,14.33409090909091,18.355442218183388,14420.267258570197,1.0,0.3333333333333333,1712.8892848175549,1712.8892848175549,6.0,9.0,6.0,9.0,3.0,episode_period_overlap_over_period_total,3.0,2100.0,6.866793932652475,episode_demand_over_period_capacity,True,True,700.0,585.1159306014727,1005.0,True,True,1.1975582685904549,18928.16320581592,severe
corridor-cb9a55a98fa4417b814e7fa83d9bb723,state_transition__VA705_NB::110+51832__Weekday__0001,state_transition,multiday_average,VA705_NB::110+51832,110+51832,VA705_NB,1,30087,34441,34501,203.0,mapped_primary_link,NORTHBOUND,2.0,0.404018,1.0,mapped_network,mapped_network,inrix_reference_speed,Weekday,0,AM,0.0,8.5,23.75,24.0,1440.0,31.5,45.0,21.557727272727277,24.062646267030136,13714.76008721458,1.0,0.3333333333333333,1683.521676363703,1683.521676363703,6.0,9.0,6.0,9.0,3.0,episode_period_overlap_over_period_total,3.0,1800.0,7.619311159563656,episode_demand_over_period_capacity,True,True,600.0,570.229187990075,915.0,True,True,0.46119299133405,10709.7893754766,recurring
corridor-cb9a55a98fa4417b814e7fa83d9bb723,state_transition__VA705_NB::110+51833__Weekday__0002,state_transition,multiday_average,VA705_NB::110+51833,110+51833,VA705_NB,2,33538,35927,34436,203.0,mapped_primary_link,NORTHBOUND,3.0,1.002745,2.0,mapped_network,mapped_network,inrix_reference_speed,Weekday,0,AM,0.0,8.25,23.75,24.0,1440.0,31.5,45.0,20.53739130434783,22.761012649042843,13476.428635795328,1.0,0.3333333333333333,1649.4460712184332,1649.4460712184332,6.0,9.0,6.0,9.0,3.0,episode_period_overlap_over_period_total,3.0,1800.0,7.486904797664071,episode_demand_over_period_capacity,True,True,600.0,557.6806288687479,900.0,True,True,0.5337877889745106,12059.802544320868,recurring
corridor-4517594889684f97927d597f4acf5eaf,state_transition__VA705_SB::110-51831__Weekday__0001,state_transition,multiday_average,VA705_SB::110-51831,110-51831,VA705_SB,2,30286,34501,34441,203.0,mapped_primary_link,SOUTHBOUND,5.0,0.404018,1.0,mapped_network,mapped_network,inrix_reference_speed,Weekday,0,PM,0.0,16.0,23.75,24.0,1440.0,31.5,45.0,19.57913043478261,22.963969062715663,13515.07568365231,1.0,0.25,2170.0133199377487,2170.0133199377487,15.0,19.0,15.0,19.0,4.0,episode_period_overlap_over_period_total,4.0,2400.0,5.6312815348551295,episode_demand_over_period_capacity,True,True,600.0,566.3763021313263,465.0,True,True,0.6088559246757859,12291.884549689436,recurring
corridor-4517594889684f97927d597f4acf5eaf,state_transition__VA705_SB::110-51832__Weekday__0002,state_transition,multiday_average,VA705_SB::110-51832,110-51832,VA705_SB,1,30071,34436,35927,203.0,mapped_primary_link,SOUTHBOUND,4.0,1.002745,2.0,mapped_network,mapped_network,inrix_reference_speed,Weekday,0,PM,0.0,17.0,23.75,24.0,1440.0,31.5,45.0,20.226739130434783,22.53047392981939,13430.28461714962,1.0,0.25,2172.981570225244,2172.981570225244,15.0,19.0,15.0,19.0,4.0,episode_period_overlap_over_period_total,4.0,2400.0,5.595951923812342,episode_demand_over_period_capacity,True,True,600.0,563.032932663622,375.0,True,True,0.5573444536397147,12377.945976849232,recurring
corridor-5014254b8cd8402bafb79dda23bbf2ec,state_transition__VA716_NB::110+10962__Weekday__0001,state_transition,multiday_average,VA716_NB::110+10962,110+10962,VA716_NB,5,28918,34086,34089,203.0,mapped_primary_link,NORTHBOUND,2.0,0.092651,2.0,mapped_network,mapped_network,inrix_reference_speed,Weekday,0,PM,0.0,16.25,23.75,24.0,1440.0,31.5,45.0,11.630652173913044,13.340553156949436,10862.443931583264,1.0,0.25,1729.1020712386126,1729.1020712386126,15.0,19.0,15.0,19.0,4.0,episode_period_overlap_over_period_total,4.0,2400.0,4.52601830482636,episode_demand_over_period_capacity,True,True,600.0,458.275713688582,450.0,True,True,1.7083605913908149,25604.8200487013,severe
corridor-5014254b8cd8402bafb79dda23bbf2ec,state_transition__VA716_NB::110+10982__Weekday__0002,state_transition,multiday_average,VA716_NB::110+10982,110+10982,VA716_NB,6,34159,36130,34086,203.0,mapped_primary_link,NORTHBOUND,8.0,0.438079,2.0,mapped_network,mapped_network,inrix_reference_speed,Weekday,0,PM,0.0,16.5,23.75,24.0,1440.0,31.5,45.0,20.92659090909091,24.940646849882796,13754.682255300508,1.0,0.25,2216.757307805012,2216.757307805012,15.0,19.0,15.0,19.0,4.0,episode_period_overlap_over_period_total,4.0,2400.0,5.731117606375212,episode_demand_over_period_capacity,True,True,600.0,572.6063817477294,435.0,True,True,0.5052619003659979,9052.268061447456,recurring
corridor-674b407f813a43388a0409cfeb2d24d6,state_transition__VA716_SB::110-10962__Weekday__0002,state_transition,multiday_average,VA716_SB::110-10962,110-10962,VA716_SB,2,28927,34088,36127,203.0,mapped_primary_link,SOUTHBOUND,8.0,0.363138,2.0,mapped_network,mapped_network,inrix_reference_speed,Weekday,0,PM,0.25,16.75,23.75,23.75,1425.0,31.5,45.0,13.961818181818185,16.598859054751504,11834.307525420743,1.0,0.25,1887.1813176338603,1887.1813176338603,15.0,19.0,15.0,19.0,4.0,episode_period_overlap_over_period_total,4.0,2400.0,4.93096146892531,episode_demand_over_period_capacity,True,True,600.0,507.71770887062513,420.0,True,True,1.2561531449407473,21234.1258469791,severe
corridor-674b407f813a43388a0409cfeb2d24d6,state_transition__VA716_SB::110-10981__Weekday__0003,state_transition,multiday_average,VA716_SB::110-10981,110-10981,VA716_SB,1,34158,36130,34023,203.0,mapped_primary_link,SOUTHBOUND,4.0,0.453438,2.0,mapped_network,mapped_network,inrix_reference_speed,Weekday,0,PM,0.0,16.0,23.75,24.0,1440.0,31.5,45.0,21.88869565217391,26.620671406145505,14015.086783988469,1.0,0.25,2254.4723109267125,2254.4723109267125,15.0,19.0,15.0,19.0,4.0,episode_period_overlap_over_period_total,4.0,2400.0,5.839619493328528,episode_demand_over_period_capacity,True,True,600.0,578.9539500248412,465.0,True,True,0.4390989988876528,6879.853317334834,recurring
corridor-674b407f813a43388a0409cfeb2d24d6,state_transition__VA716_SB::110N10963__Weekday__0004,state_transition,multiday_average,VA716_SB::110N10963,110N10963,VA716_SB,5,28697,34013,34088,203.0,mapped_primary_link,SOUTHBOUND,7.0,0.012448,1.0,mapped_network,mapped_network,inrix_reference_speed,Weekday,0,AM,0.0,7.25,23.75,24.0,1440.0,31.5,45.0,13.929565217391303,16.85522835653976,11994.108412010086,1.0,0.3333333333333333,1458.737194441097,1458.737194441097,6.0,9.0,6.0,9.0,3.0,episode_period_overlap_over_period_total,3.0,1800.0,6.663393562227825,episode_demand_over_period_capacity,True,True,600.0,504.7601070630664,990.0,True,True,1.2613771146763215,21088.47116658274,severe
corridor-dd83d023474b42fbaaf3a0770ee3e62f,state_transition__VA738_NB::110+10990__Weekday__0001,state_transition,multiday_average,VA738_NB::110+10990,110+10990,VA738_NB,4,33848,36029,34516,503.0,mapped_primary_link,NORTHBOUND,11.0,2.529153,1.0,mapped_network,mapped_network,inrix_reference_speed,Weekday,0,PM,6.75,16.0,19.75,13.25,795.0,31.5,45.0,26.83217391304348,28.698387584282727,11782.58496011303,1.0,0.25,3533.5746680014045,3533.5746680014045,15.0,19.0,15.0,19.0,4.0,episode_period_overlap_over_period_total,4.0,3600.0,3.272940266698064,episode_demand_over_period_capacity,True,True,900.0,887.6101188915673,210.0,True,True,0.1739637683507793,2157.7802371541475,recurring
corridor-b9c6aed9520d462facece495ddeb949f,state_transition__VA738_SB::110-10989__Weekday__0001,state_transition,multiday_average,VA738_SB::110-10989,110-10989,VA738_SB,2,30327,34516,36029,503.0,mapped_primary_link,SOUTHBOUND,3.0,2.529153,1.0,mapped_network,mapped_network,inrix_reference_speed,Weekday,0,AM,6.75,7.5,19.25,12.75,765.0,31.5,45.0,25.7185,29.068124719057582,11344.867318141438,0.749888629798297,0.4445104514026202,1984.1713881489788,2645.9547582187984,6.75,9.0,6.0,9.0,3.0,episode_period_overlap_over_period_total,3.0,2700.0,4.201802710422755,episode_demand_over_period_capacity,True,True,900.0,892.060559443415,690.0,True,True,0.2247992690086901,1886.9508942687717,recurring
corridor-8a8a8c02a78e47208390f720f40be7d6,state_transition__VA784_EB::110-13174__Weekday__0001,state_transition,multiday_average,VA784_EB::110-13174,110-13174,VA784_EB,9,38970,40275,40090,303.0,mapped_primary_link,EASTBOUND,10.0,0.16463,2.0,mapped_network,mapped_network,inrix_reference_speed,Weekday,0,PM,6.5,17.25,21.75,15.5,930.0,31.5,45.0,23.964782608695653,28.281264127702592,10627.468712481208,1.0,0.25,2696.078761900721,2696.078761900721,15.0,19.0,15.0,19.0,4.0,episode_period_overlap_over_period_total,4.0,2800.0,3.79552454017186,episode_demand_over_period_capacity,True,True,700.0,686.8644159295941,240.0,True,True,0.3144287813639577,3014.796100367021,recurring
corridor-8a8a8c02a78e47208390f720f40be7d6,state_transition__VA784_EB::110-13176__Weekday__0003,state_transition,multiday_average,VA784_EB::110-13176,110-13176,VA784_EB,7,40391,40809,40045,303.0,mapped_primary_link,EASTBOUND,7.0,1.451848,2.0,mapped_network,mapped_network,inrix_reference_speed,Weekday,0,PM,15.0,17.75,19.75,5.0,300.0,31.5,45.0,26.12913043478261,28.403021739130438,3427.417584034985,1.0,0.25,2735.2333349488827,2735.2333349488827,15.0,19.0,15.0,19.0,4.0,episode_period_overlap_over_period_total,4.0,2800.0,1.2240777085839232,episode_demand_over_period_capacity,True,True,700.0,685.7401718240649,105.0,True,True,0.205551025841556,1003.5228260869555,recurring
corridor-7c5554ac0e9b447d9875e61db538a83d,state_transition__VA784_WB::110+13174__Weekday__0001,state_transition,multiday_average,VA784_WB::110+13174,110+13174,VA784_WB,4,38207,40026,40090,303.0,mapped_primary_link,WESTBOUND,4.0,0.259634,2.0,mapped_network,mapped_network,inrix_reference_speed,Weekday,0,PM,5.75,17.25,22.75,17.25,1035.0,31.5,45.0,22.033695652173915,25.35472532508449,11560.17523648355,1.0,0.25,2630.562704994205,2630.562704994205,15.0,19.0,15.0,19.0,4.0,episode_period_overlap_over_period_total,4.0,2800.0,4.128634013029839,episode_demand_over_period_capacity,True,True,700.0,680.4823998662475,315.0,True,True,0.4296285333727982,6387.41798418972,recurring
corridor-7c5554ac0e9b447d9875e61db538a83d,state_transition__VA784_WB::110+13177__Weekday__0008,state_transition,multiday_average,VA784_WB::110+13177,110+13177,VA784_WB,7,38276,40045,40809,303.0,mapped_primary_link,WESTBOUND,8.0,1.445348,2.0,mapped_network,mapped_network,inrix_reference_speed,Weekday,0,PM,16.0,17.75,20.5,4.75,285.0,31.5,45.0,29.362391304347828,30.681903994175165,3311.384719588419,0.7496999510974977,0.3334667417731867,2090.8685769604854,2788.9405273398106,16.0,19.0,15.0,19.0,4.0,episode_period_overlap_over_period_total,4.0,2800.0,1.1826373998530069,episode_demand_over_period_capacity,True,True,700.0,697.3449458349685,150.0,True,True,0.0728009062169143,252.27257905138228,recurring
corridor-7c5554ac0e9b447d9875e61db538a83d,state_transition__VA784_WB::110+13178__Weekday__0010,state_transition,multiday_average,VA784_WB::110+13178,110+13178,VA784_WB,8,38860,40234,40048,303.0,mapped_primary_link,WESTBOUND,9.0,0.885097,2.0,mapped_network,mapped_network,inrix_reference_speed,Weekday,0,PM,15.5,16.75,20.25,5.0,300.0,31.5,45.0,29.397391304347824,30.624160573122527,3484.5740076465986,0.8749492602614947,0.2857308547529749,2437.4597428611087,2785.8298230146843,15.5,19.0,15.0,19.0,4.0,episode_period_overlap_over_period_total,4.0,2800.0,1.2444907170166424,episode_demand_over_period_capacity,True,True,700.0,697.4304083385908,195.0,True,True,0.0715236489484425,263.93315217391194,recurring
corridor-7c5554ac0e9b447d9875e61db538a83d,state_transition__VA784_WB::110P13175__Weekday__0011,state_transition,multiday_average,VA784_WB::110P13175,110P13175,VA784_WB,1,38971,40275,40277,303.0,mapped_primary_link,WESTBOUND,6.0,0.487593,3.0,mapped_network,mapped_network,inrix_reference_speed,Weekday,0,PM,16.0,17.75,18.75,3.0,180.0,31.5,45.0,25.44068181818182,29.5937371541502,2007.1647129901105,0.6831775587888701,0.3659370785586068,1835.7647368619728,2687.0975389127207,16.0,18.75,15.0,19.0,4.0,episode_period_overlap_over_period_total,4.0,2800.0,0.7168445403536108,episode_demand_over_period_capacity,True,True,700.0,670.1505015549836,45.0,True,True,0.2381743628226085,343.1106225296438,recurring
corridor-26ca0b04b3a3463ab1e9bb8ad072e575,state_transition__VA789_EB::110+52379__Weekday__0001,state_transition,multiday_average,VA789_EB::110+52379,110+52379,VA789_EB,1,35683,36628,36467,203.0,mapped_primary_link,EASTBOUND,2.0,0.224184,2.0,mapped_network,mapped_network,inrix_reference_speed,Weekday,0,PM,0.0,17.5,23.75,24.0,1440.0,31.5,45.0,20.115,23.975993906455862,13626.134737820908,1.0,0.25,2184.541653790993,2184.541653790993,15.0,19.0,15.0,19.0,4.0,episode_period_overlap_over_period_total,4.0,2400.0,5.677556140758711,episode_demand_over_period_capacity,True,True,600.0,575.7082397233687,375.0,True,True,0.5659955257270692,10608.848591897227,recurring
corridor-26ca0b04b3a3463ab1e9bb8ad072e575,state_transition__VA789_EB::110P52379__Weekday__0002,state_transition,multiday_average,VA789_EB::110P52379,110P52379,VA789_EB,3,35192,36467,34180,203.0,mapped_primary_link,EASTBOUND,3.0,0.029064,2.0,mapped_network,mapped_network,inrix_reference_speed,Weekday,0,PM,0.25,17.5,23.75,23.75,1425.0,31.5,45.0,16.116818181818182,18.98989042397528,12449.35438286285,1.0,0.25,2025.5288677371143,2025.5288677371143,15.0,19.0,15.0,19.0,4.0,episode_period_overlap_over_period_total,4.0,2400.0,5.18723099285952,episode_demand_over_period_capacity,True,True,600.0,522.0423250047872,375.0,True,True,0.9544800744563836,17451.602858554485,recurring
corridor-1191f7a691944fa2a83f2694f29a3b0f,state_transition__VA789_WB::110-52378__Weekday__0001,state_transition,multiday_average,VA789_WB::110-52378,110-52378,VA789_WB,3,35193,36467,36628,203.0,mapped_primary_link,WESTBOUND,1.0,0.224184,2.0,mapped_network,mapped_network,inrix_reference_speed,Weekday,0,PM,0.0,15.25,23.75,24.0,1440.0,31.5,45.0,20.18,24.661133277181825,13711.9858522808,1.0,0.25,2206.3528126589035,2206.3528126589035,15.0,19.0,15.0,19.0,4.0,episode_period_overlap_over_period_total,4.0,2400.0,5.713327438450333,episode_demand_over_period_capacity,True,True,600.0,566.3206285071916,510.0,True,True,0.5609514370664022,9642.802079173623,recurring
corridor-1191f7a691944fa2a83f2694f29a3b0f,state_transition__VA789_WB::110N52379__Weekday__0002,state_transition,multiday_average,VA789_WB::110N52379,110N52379,VA789_WB,1,29209,34180,36467,203.0,mapped_primary_link,WESTBOUND,2.0,0.029064,2.0,mapped_network,mapped_network,inrix_reference_speed,Weekday,0,PM,0.25,18.75,23.75,23.75,1425.0,31.5,45.0,24.238636363636363,26.706281880590804,13877.693383895432,1.0,0.25,2310.7336557800336,2310.7336557800336,15.0,19.0,15.0,19.0,4.0,episode_period_overlap_over_period_total,4.0,2400.0,5.782372243289763,episode_demand_over_period_capacity,True,True,600.0,582.6234109163186,300.0,True,True,0.2995780590717298,6831.048320158099,recurring
corridor-4ab6b28d631e4c22b9889518ad628d1b,state_transition__VA7_EB::110+04251__Weekday__0002,state_transition,multiday_average,VA7_EB::110+04251,110+04251,VA7_EB,72,36840,38356,38354,501.0,mapped_primary_link,EASTBOUND,18.0,1.687403,2.0,mapped_network,mapped_network,inrix_reference_speed,Weekday,0,AM,6.75,8.0,8.75,2.25,135.0,46.431,66.33,34.701,42.03472360248447,3525.0507519109456,0.6756878378605023,0.4933244534766229,3161.169433613306,4678.446549552869,6.75,8.75,6.0,9.0,3.0,episode_period_overlap_over_period_total,3.0,6000.0,0.5875084586518242,episode_demand_over_period_capacity,True,True,2000.0,1496.9856122061742,30.0,True,True,0.3380306043053513,549.416175889328,recurring
corridor-4ab6b28d631e4c22b9889518ad628d1b,state_transition__VA7_EB::110+04252__Weekday__0003,state_transition,multiday_average,VA7_EB::110+04252,110+04252,VA7_EB,71,36828,38352,38124,601.0,mapped_primary_link,EASTBOUND,20.0,1.843679,2.0,mapped_network,mapped_network,inrix_reference_speed,Weekday,0,AM,6.25,8.0,9.25,3.25,195.0,45.92,65.6,24.96333333333333,35.688222541621755,4871.631967956408,0.9189940290265444,0.3627154505959312,4116.154235298,4478.978214535394,6.25,9.0,6.0,9.0,3.0,episode_period_overlap_over_period_total,3.0,6000.0,0.811938661326068,episode_demand_over_period_capacity,True,True,2000.0,1470.3892987530785,60.0,True,True,0.8394979302977696,1862.345553359683,recurring
corridor-4ab6b28d631e4c22b9889518ad628d1b,state_transition__VA7_EB::110-05684__Weekday__0005,state_transition,multiday_average,VA7_EB::110-05684,110-05684,VA7_EB,44,32148,35243,34091,202.0,mapped_primary_link,EASTBOUND,76.0,0.376149,3.0,mapped_network,mapped_network,inrix_reference_speed,Weekday,0,PM,1.25,17.25,23.75,22.75,1365.0,31.5,45.0,14.765217391304349,24.372757568518438,16982.775261307725,1.0,0.25,2652.5710037794515,2652.5710037794515,15.0,19.0,15.0,19.0,4.0,episode_period_overlap_over_period_total,4.0,3200.0,5.307117269158664,episode_demand_over_period_capacity,True,True,800.0,757.7380289625826,390.0,True,True,1.1333922261484095,9742.424555335963,severe
corridor-4ab6b28d631e4c22b9889518ad628d1b,state_transition__VA7_EB::110-05685__Weekday__0006,state_transition,multiday_average,VA7_EB::110-05685,110-05685,VA7_EB,43,34153,36128,34943,202.0,mapped_primary_link,EASTBOUND,74.0,0.508751,3.0,mapped_network,mapped_network,inrix_reference_speed,Weekday,0,PM,0.0,18.0,23.75,24.0,1440.0,31.5,45.0,19.069772727272728,26.193099828475813,18403.82763822167,1.0,0.25,2884.4934132452863,2884.4934132452863,15.0,19.0,15.0,19.0,4.0,episode_period_overlap_over_period_total,4.0,3200.0,5.751196136944272,episode_demand_over_period_capacity,True,True,800.0,772.5940481278041,345.0,True,True,0.6518288104687331,7694.224883358456,recurring
corridor-4ab6b28d631e4c22b9889518ad628d1b,state_transition__VA7_EB::110-05687__Weekday__0007,state_transition,multiday_average,VA7_EB::110-05687,110-05687,VA7_EB,45,32393,35341,36111,202.0,mapped_primary_link,EASTBOUND,71.0,1.949053,3.0,mapped_network,mapped_network,inrix_reference_speed,Weekday,0,PM,6.25,16.75,23.75,17.75,1065.0,31.5,45.0,19.61804347826087,25.40107929981092,13571.040707562548,1.0,0.25,2884.436902144912,2884.436902144912,15.0,19.0,15.0,19.0,4.0,episode_period_overlap_over_period_total,4.0,3200.0,4.240950221113296,episode_demand_over_period_capacity,True,True,800.0,780.3690808458567,390.0,True,True,0.6056647052957014,6145.976017975746,recurring
corridor-4ab6b28d631e4c22b9889518ad628d1b,state_transition__VA7_EB::110-05689__Weekday__0008,state_transition,multiday_average,VA7_EB::110-05689,110-05689,VA7_EB,41,34084,36106,34418,202.0,mapped_primary_link,EASTBOUND,68.0,0.973563,2.0,mapped_network,mapped_network,inrix_reference_speed,Weekday,0,PM,0.0,17.25,23.75,24.0,1440.0,31.5,45.0,16.27227272727273,20.938179720757194,17444.938617313113,1.0,0.25,2722.637855873841,2722.637855873841,15.0,19.0,15.0,19.0,4.0,episode_period_overlap_over_period_total,4.0,3200.0,5.451543317910348,episode_demand_over_period_capacity,True,True,800.0,746.6500813919473,390.0,True,True,0.9358082628006366,14892.166593732349,recurring
corridor-4ab6b28d631e4c22b9889518ad628d1b,state_transition__VA7_EB::110-05690__Weekday__0009,state_transition,multiday_average,VA7_EB::110-05690,110-05690,VA7_EB,34,30041,34427,35924,202.0,mapped_primary_link,EASTBOUND,67.0,0.932649,2.0,mapped_network,mapped_network,inrix_reference_speed,Weekday,0,PM,0.0,17.5,23.75,24.0,1440.0,31.5,45.0,15.44304347826087,18.536275230468505,16671.97568322302,1.0,0.25,2625.125512272304,2625.125512272304,15.0,19.0,15.0,19.0,4.0,episode_period_overlap_over_period_total,4.0,3200.0,5.209992401007193,episode_demand_over_period_capacity,True,True,800.0,711.5960420872252,375.0,True,True,1.0397533714350065,18667.763668125343,severe
corridor-4ab6b28d631e4c22b9889518ad628d1b,state_transition__VA7_EB::110-05691__Weekday__0010,state_transition,multiday_average,VA7_EB::110-05691,110-05691,VA7_EB,31,30059,34433,34434,202.0,mapped_primary_link,EASTBOUND,66.0,0.680958,2.0,mapped_network,mapped_network,inrix_reference_speed,Weekday,0,PM,0.0,17.5,23.75,24.0,1440.0,31.5,45.0,16.24318181818182,21.435952532699964,17508.299885730215,1.0,0.25,2695.987288042443,2695.987288042443,15.0,19.0,15.0,19.0,4.0,episode_period_overlap_over_period_total,4.0,3200.0,5.471343714290692,episode_demand_over_period_capacity,True,True,800.0,756.0240224177022,375.0,True,True,0.9392752203721836,14190.306928893044,recurring
corridor-4ab6b28d631e4c22b9889518ad628d1b,state_transition__VA7_EB::110-05693__Weekday__0011,state_transition,multiday_average,VA7_EB::110-05693,110-05693,VA7_EB,33,30109,34447,34448,202.0,mapped_primary_link,EASTBOUND,63.0,0.998216,2.0,mapped_network,mapped_network,inrix_reference_speed,Weekday,0,PM,5.5,17.5,23.75,18.5,1110.0,31.5,45.0,18.55977272727273,25.616957376984548,14198.514816836489,1.0,0.25,2899.026062558893,2899.026062558893,15.0,19.0,15.0,19.0,4.0,episode_period_overlap_over_period_total,4.0,3200.0,4.437035880261402,episode_demand_over_period_capacity,True,True,800.0,786.8016537257524,360.0,True,True,0.6972190588148854,6536.871876764536,recurring
corridor-4ab6b28d631e4c22b9889518ad628d1b,state_transition__VA7_EB::110-05694__Weekday__0012,state_transition,multiday_average,VA7_EB::110-05694,110-05694,VA7_EB,32,30141,34456,34458,202.0,mapped_primary_link,EASTBOUND,62.0,0.042871,2.0,mapped_network,mapped_network,inrix_reference_speed,Weekday,0,PM,4.0,17.5,23.75,20.0,1200.0,31.5,45.0,15.346086956521738,23.774074057735746,14882.397663608534,1.0,0.25,2774.389862965344,2774.389862965344,15.0,19.0,15.0,19.0,4.0,episode_period_overlap_over_period_total,4.0,3200.0,4.650749269877667,episode_demand_over_period_capacity,True,True,800.0,762.3578310391623,375.0,True,True,1.0526405258386218,9297.889702145678,severe
corridor-4ab6b28d631e4c22b9889518ad628d1b,state_transition__VA7_EB::110-05696__Weekday__0014,state_transition,multiday_average,VA7_EB::110-05696,110-05696,VA7_EB,36,33782,36008,34606,102.0,mapped_primary_link,EASTBOUND,58.0,0.215559,3.0,mapped_network,mapped_network,inrix_reference_speed,Weekday,0,PM,5.75,17.5,23.75,18.25,1095.0,31.5,45.0,12.937608695652171,20.72737943117038,9716.521743988178,1.0,0.25,1980.6135496786223,1980.6135496786223,15.0,19.0,15.0,19.0,4.0,episode_period_overlap_over_period_total,4.0,2400.0,4.048550726661741,episode_demand_over_period_capacity,True,True,600.0,571.4325213477952,360.0,True,True,1.4347621528069494,11812.09887069452,severe
corridor-4ab6b28d631e4c22b9889518ad628d1b,state_transition__VA7_EB::110-05697__Weekday__0015,state_transition,multiday_average,VA7_EB::110-05697,110-05697,VA7_EB,39,33808,36016,36623,102.0,mapped_primary_link,EASTBOUND,56.0,0.369088,4.0,mapped_network,mapped_network,inrix_reference_speed,Weekday,0,PM,7.0,18.25,23.75,17.0,1020.0,31.5,45.0,22.55760869565217,27.588733103862552,9960.8264487564,1.0,0.25,2285.4426463761424,2285.4426463761424,15.0,19.0,15.0,19.0,4.0,episode_period_overlap_over_period_total,4.0,2400.0,4.1503443536485,episode_demand_over_period_capacity,True,True,600.0,590.090364380208,315.0,True,True,0.3964246133089191,4034.374738848104,recurring
corridor-4ab6b28d631e4c22b9889518ad628d1b,state_transition__VA7_EB::110-05698__Weekday__0016,state_transition,multiday_average,VA7_EB::110-05698,110-05698,VA7_EB,38,30566,34586,36624,102.0,mapped_primary_link,EASTBOUND,54.0,0.66339,4.0,mapped_network,mapped_network,inrix_reference_speed,Weekday,0,PM,5.5,17.5,23.75,18.5,1110.0,31.5,45.0,17.564090909090908,23.186806939633023,10365.584879386608,1.0,0.25,2136.483359064869,2136.483359064869,15.0,19.0,15.0,19.0,4.0,episode_period_overlap_over_period_total,4.0,2400.0,4.31899369974442,episode_demand_over_period_capacity,True,True,600.0,584.4838232282863,360.0,True,True,0.7934318470018891,9228.01218238283,recurring
corridor-4ab6b28d631e4c22b9889518ad628d1b,state_transition__VA7_EB::110-05702__Weekday__0019,state_transition,multiday_average,VA7_EB::110-05702,110-05702,VA7_EB,13,33926,36054,34526,502.0,mapped_primary_link,EASTBOUND,49.0,0.16061,3.0,mapped_network,mapped_network,inrix_reference_speed,Weekday,0,AM,7.0,8.25,9.25,2.5,150.0,38.61409999999999,55.16299999999998,30.43934782608696,34.89333399209487,2593.389182166761,0.6829037514490522,0.488111732621228,2066.0603477406994,3025.404888107189,7.0,9.0,6.0,9.0,3.0,episode_period_overlap_over_period_total,3.0,3300.0,0.7858755097475034,episode_demand_over_period_capacity,True,True,1100.0,1049.5051214941748,45.0,True,True,0.2685587161925706,644.4962490118561,recurring
corridor-4ab6b28d631e4c22b9889518ad628d1b,state_transition__VA7_EB::110-05703__Weekday__0021,state_transition,multiday_average,VA7_EB::110-05703,110-05703,VA7_EB,19,30364,34527,36055,502.0,mapped_primary_link,EASTBOUND,48.0,0.953051,3.0,mapped_network,mapped_network,inrix_reference_speed,Weekday,0,AM,7.25,8.0,8.75,1.75,105.0,41.47955,59.2565,38.63068181818182,41.34216208558522,1759.2501367536788,0.5331312109122113,0.625236952012217,1507.4615834830688,2827.5620571973923,7.25,8.75,6.0,9.0,3.0,episode_period_overlap_over_period_total,3.0,3300.0,0.5331061020465694,episode_demand_over_period_capacity,True,True,1100.0,998.6254036056775,30.0,True,True,0.0737462568024707,156.56609436758862,recurring
corridor-4ab6b28d631e4c22b9889518ad628d1b,state_transition__VA7_EB::110-05705__Weekday__0022,state_transition,multiday_average,VA7_EB::110-05705,110-05705,VA7_EB,21,30414,34541,34528,502.0,mapped_primary_link,EASTBOUND,46.0,0.639788,3.0,mapped_network,mapped_network,inrix_reference_speed,Weekday,0,PM,16.25,16.5,18.0,2.0,120.0,39.9,57.0,38.91863636363637,39.75435523715416,2191.4017429852697,0.4384359284994015,0.5702087437397168,1917.4867661519588,4373.470880260162,16.25,18.0,15.0,19.0,4.0,episode_period_overlap_over_period_total,4.0,4400.0,0.4980458506784704,episode_demand_over_period_capacity,True,True,1100.0,1095.6732636668012,60.0,True,True,0.0252157765034277,34.534980237153974,recurring
corridor-4ab6b28d631e4c22b9889518ad628d1b,state_transition__VA7_EB::110-05708__Weekday__0024,state_transition,multiday_average,VA7_EB::110-05708,110-05708,VA7_EB,15,30460,34554,34550,502.0,mapped_primary_link,EASTBOUND,42.0,0.299799,3.0,mapped_network,mapped_network,inrix_reference_speed,Weekday,0,PM,13.75,17.25,19.25,5.75,345.0,37.6208,53.744,29.41695652173913,33.905783230632004,6172.436604464752,1.0,0.25,4280.255594254959,4280.255594254959,15.0,19.0,15.0,19.0,4.0,episode_period_overlap_over_period_total,4.0,4400.0,1.4028265010147165,episode_demand_over_period_capacity,True,True,1100.0,1078.3184337553298,105.0,True,True,0.2788814496223708,1310.0094534161478,recurring
corridor-4ab6b28d631e4c22b9889518ad628d1b,state_transition__VA7_EB::110-05709__Weekday__0025,state_transition,multiday_average,VA7_EB::110-05709,110-05709,VA7_EB,17,33102,35790,34554,502.0,mapped_primary_link,EASTBOUND,41.0,0.698467,3.0,mapped_network,mapped_network,inrix_reference_speed,Weekday,0,AM,6.75,8.0,9.25,2.75,165.0,40.1786,57.398,35.38434782608696,38.50072853036293,2996.7805889111764,0.7572795211585389,0.4401721214161144,2450.57742359864,3236.027589719548,6.75,9.0,6.0,9.0,3.0,episode_period_overlap_over_period_total,3.0,3300.0,0.9081153299730838,episode_demand_over_period_capacity,True,True,1100.0,1090.6553685801846,60.0,True,True,0.1354907598545167,304.61470553359635,recurring
corridor-4ab6b28d631e4c22b9889518ad628d1b,state_transition__VA7_EB::110-05711__Weekday__0027,state_transition,multiday_average,VA7_EB::110-05711,110-05711,VA7_EB,4,37028,38413,38383,402.0,mapped_primary_link,EASTBOUND,37.0,0.790327,3.0,mapped_network,mapped_network,inrix_reference_speed,Weekday,0,AM,7.0,8.5,9.25,2.5,150.0,31.5,45.0,22.325434782608696,26.666645256917,2249.0810534965744,0.7092639615426856,0.4699707745030724,1787.863474271884,2520.730745127934,7.0,9.0,6.0,9.0,3.0,episode_period_overlap_over_period_total,3.0,2880.0,0.7809309213529773,episode_demand_over_period_capacity,True,True,960.0,909.5262928692788,30.0,True,True,0.4109467657283074,810.7489624505926,recurring
corridor-4ab6b28d631e4c22b9889518ad628d1b,state_transition__VA7_EB::110-05711__Weekday__0028,state_transition,multiday_average,VA7_EB::110-05711,110-05711,VA7_EB,4,37028,38413,38383,402.0,mapped_primary_link,EASTBOUND,37.0,0.790327,3.0,mapped_network,mapped_network,inrix_reference_speed,Weekday,0,PM,12.25,15.75,20.0,8.0,480.0,31.5,45.0,19.132857142857144,24.801995341614905,7168.530120479354,1.0,0.25,3446.0290694699297,3446.0290694699297,15.0,19.0,15.0,19.0,4.0,episode_period_overlap_over_period_total,4.0,3840.0,1.866804718874832,episode_demand_over_period_capacity,True,True,960.0,860.4323277200697,195.0,True,True,0.6463824385873214,3270.085714285713,recurring
corridor-4ab6b28d631e4c22b9889518ad628d1b,state_transition__VA7_EB::110-05712__Weekday__0029,state_transition,multiday_average,VA7_EB::110-05712,110-05712,VA7_EB,7,35912,38036,38035,302.0,mapped_primary_link,EASTBOUND,35.0,0.837981,3.0,mapped_network,mapped_network,inrix_reference_speed,Weekday,0,AM,7.0,8.0,10.0,3.25,195.0,32.41,46.3,24.447045454545457,29.52510782695565,2972.293604603396,0.6865298323497915,0.4855336470848331,1802.712108032384,2625.832153370853,7.0,9.0,6.0,9.0,3.0,episode_period_overlap_over_period_total,3.0,2880.0,1.0320463904872903,episode_demand_over_period_capacity,True,True,960.0,913.1265925386392,90.0,True,True,0.3257225729080477,683.6687252964422,recurring
corridor-4ab6b28d631e4c22b9889518ad628d1b,state_transition__VA7_EB::110-05712__Weekday__0030,state_transition,multiday_average,VA7_EB::110-05712,110-05712,VA7_EB,7,35912,38036,38035,302.0,mapped_primary_link,EASTBOUND,35.0,0.837981,3.0,mapped_network,mapped_network,inrix_reference_speed,Weekday,0,PM,10.75,17.25,20.0,9.5,570.0,32.41,46.3,17.024545454545457,25.77907296650717,8541.297508674776,1.0,0.25,3424.965874562845,3424.965874562845,15.0,19.0,15.0,19.0,4.0,episode_period_overlap_over_period_total,4.0,3840.0,2.224296226217389,episode_demand_over_period_capacity,True,True,960.0,938.4879479861028,150.0,True,True,0.9037218988626043,3829.291304347824,recurring
corridor-4ab6b28d631e4c22b9889518ad628d1b,state_transition__VA7_EB::110-06551__Weekday__0031,state_transition,multiday_average,VA7_EB::110-06551,110-06551,VA7_EB,75,28021,32152,32150,202.0,mapped_primary_link,EASTBOUND,80.0,0.657133,2.0,mapped_network,mapped_network,inrix_reference_speed,Weekday,0,PM,0.0,17.5,23.75,24.0,1440.0,31.5,45.0,15.99304347826087,20.81917737665611,17326.97928023884,1.0,0.25,2672.684033754869,2672.684033754869,15.0,19.0,15.0,19.0,4.0,episode_period_overlap_over_period_total,4.0,3200.0,5.414681025074637,episode_demand_over_period_capacity,True,True,800.0,744.0521834299936,375.0,True,True,0.9696063505872116,14739.535220214562,recurring
corridor-4ab6b28d631e4c22b9889518ad628d1b,state_transition__VA7_EB::110-06552__Weekday__0032,state_transition,multiday_average,VA7_EB::110-06552,110-06552,VA7_EB,74,27867,32108,32351,402.0,mapped_primary_link,EASTBOUND,82.0,1.216315,2.0,mapped_network,mapped_network,inrix_reference_speed,Weekday,0,PM,0.0,15.75,23.75,24.0,1440.0,31.5,45.0,20.18522727272727,24.385054040821707,21981.08313784876,1.0,0.25,3538.567308964518,3538.567308964518,15.0,19.0,15.0,19.0,4.0,episode_period_overlap_over_period_total,4.0,3840.0,5.724240400481447,episode_demand_over_period_capacity,True,True,960.0,921.1576022071932,480.0,True,True,0.5605472048640432,10032.07380244139,recurring
corridor-4ab6b28d631e4c22b9889518ad628d1b,state_transition__VA7_EB::110-06553__Weekday__0033,state_transition,multiday_average,VA7_EB::110-06553,110-06553,VA7_EB,78,28056,32163,32347,202.0,mapped_primary_link,EASTBOUND,84.0,0.661317,1.0,mapped_network,mapped_network,inrix_reference_speed,Weekday,0,PM,0.0,16.0,23.75,24.0,1440.0,31.5,45.0,13.274090909090908,21.564959790549125,17478.964414583996,1.0,0.25,2559.018999445393,2559.018999445393,15.0,19.0,15.0,19.0,4.0,episode_period_overlap_over_period_total,4.0,3200.0,5.462176379557499,episode_demand_over_period_capacity,True,True,800.0,743.83134551342,465.0,True,True,1.3730438653562986,14306.457901609258,severe
corridor-4ab6b28d631e4c22b9889518ad628d1b,state_transition__VA7_EB::110-06557__Weekday__0034,state_transition,multiday_average,VA7_EB::110-06557,110-06557,VA7_EB,76,27782,32079,32380,102.0,mapped_primary_link,EASTBOUND,88.0,0.154822,1.0,mapped_network,mapped_network,inrix_reference_speed,Weekday,0,AM,0.0,7.25,23.75,24.0,1440.0,31.5,45.0,9.194565217391304,10.90698138972154,9918.696507937677,1.0,0.3333333333333333,1208.2085596080508,1208.2085596080508,6.0,9.0,6.0,9.0,3.0,episode_period_overlap_over_period_total,3.0,1800.0,5.510386948854264,episode_demand_over_period_capacity,True,True,600.0,415.24840667412894,990.0,True,True,2.425936871970682,29653.94679880098,severe
corridor-4ab6b28d631e4c22b9889518ad628d1b,state_transition__VA7_EB::110N05684__Weekday__0036,state_transition,multiday_average,VA7_EB::110N05684,110N05684,VA7_EB,66,28641,32389,32133,202.0,mapped_primary_link,EASTBOUND,77.0,0.062738,2.0,mapped_network,mapped_network,inrix_reference_speed,Weekday,0,PM,0.0,17.25,23.75,24.0,1440.0,31.5,45.0,15.16304347826087,22.281449493655906,17511.81046061647,1.0,0.25,2640.8856851815035,2640.8856851815035,15.0,19.0,15.0,19.0,4.0,episode_period_overlap_over_period_total,4.0,3200.0,5.472440768942647,episode_demand_over_period_capacity,True,True,800.0,719.7685999283515,390.0,True,True,1.0774193548387094,13274.712729135494,severe
corridor-4ab6b28d631e4c22b9889518ad628d1b,state_transition__VA7_EB::110N05685__Weekday__0037,state_transition,multiday_average,VA7_EB::110N05685,110N05685,VA7_EB,63,34155,36129,34090,202.0,mapped_primary_link,EASTBOUND,75.0,0.099957,3.0,mapped_network,mapped_network,inrix_reference_speed,Weekday,0,PM,4.75,17.75,23.75,19.25,1155.0,31.5,45.0,18.152391304347827,24.470931035367794,14502.925896682062,1.0,0.25,2845.9210772970764,2845.9210772970764,15.0,19.0,15.0,19.0,4.0,episode_period_overlap_over_period_total,4.0,3200.0,4.532164342713144,episode_demand_over_period_capacity,True,True,800.0,767.3152403004738,360.0,True,True,0.7353085591789317,8121.408349802367,recurring
corridor-4ab6b28d631e4c22b9889518ad628d1b,state_transition__VA7_EB::110N05687__Weekday__0038,state_transition,multiday_average,VA7_EB::110N05687,110N05687,VA7_EB,65,34140,36124,34087,202.0,mapped_primary_link,EASTBOUND,72.0,0.325246,2.0,mapped_network,mapped_network,inrix_reference_speed,Weekday,0,PM,10.0,17.0,20.75,11.0,660.0,31.5,45.0,25.6504347826087,28.990373360582108,8687.109592566354,1.0,0.25,3126.1183987952,3126.1183987952,15.0,19.0,15.0,19.0,4.0,episode_period_overlap_over_period_total,4.0,3200.0,2.7147217476769856,episode_demand_over_period_capacity,True,True,800.0,788.4916013068647,210.0,True,True,0.2280493592785948,1661.778483201579,recurring
corridor-4ab6b28d631e4c22b9889518ad628d1b,state_transition__VA7_EB::110N05688__Weekday__0039,state_transition,multiday_average,VA7_EB::110N05688,110N05688,VA7_EB,64,29998,34415,34095,202.0,mapped_primary_link,EASTBOUND,70.0,0.087395,2.0,mapped_network,mapped_network,inrix_reference_speed,Weekday,0,PM,0.0,16.5,23.75,24.0,1440.0,31.5,45.0,14.495652173913042,17.699940183351952,16348.293266938832,1.0,0.25,2568.0659284486283,2568.0659284486283,15.0,19.0,15.0,19.0,4.0,episode_period_overlap_over_period_total,4.0,3200.0,5.108841645918385,episode_demand_over_period_capacity,True,True,800.0,700.0440397286745,435.0,True,True,1.1730653869226155,19458.08434147374,severe
corridor-4ab6b28d631e4c22b9889518ad628d1b,state_transition__VA7_EB::110N05692__Weekday__0041,state_transition,multiday_average,VA7_EB::110N05692,110N05692,VA7_EB,60,30313,34512,34514,302.0,mapped_primary_link,EASTBOUND,65.0,0.358878,2.0,mapped_network,mapped_network,inrix_reference_speed,Weekday,0,PM,7.0,15.5,20.0,13.25,795.0,31.5,45.0,25.41652173913044,28.81618129614438,12527.12223015294,1.0,0.25,3739.967188550625,3739.967188550625,15.0,19.0,15.0,19.0,4.0,episode_period_overlap_over_period_total,4.0,3840.0,3.262271414102328,episode_demand_over_period_capacity,True,True,960.0,935.3507959610704,255.0,True,True,0.2393513291593962,2141.696739130433,recurring
corridor-4ab6b28d631e4c22b9889518ad628d1b,state_transition__VA7_EB::110N05695__Weekday__0042,state_transition,multiday_average,VA7_EB::110N05695,110N05695,VA7_EB,61,31733,35040,35757,102.0,mapped_primary_link,EASTBOUND,61.0,0.34126,3.0,mapped_network,mapped_network,inrix_reference_speed,Weekday,0,PM,6.5,17.5,22.75,16.5,990.0,31.5,45.0,18.8725,28.369515038290512,9676.644855269602,1.0,0.25,2271.0057184895304,2271.0057184895304,15.0,19.0,15.0,19.0,4.0,episode_period_overlap_over_period_total,4.0,2400.0,4.031935356362334,episode_demand_over_period_capacity,True,True,600.0,595.081990797005,300.0,True,True,0.6690952444032321,3063.393824110669,recurring
corridor-4ab6b28d631e4c22b9889518ad628d1b,state_transition__VA7_EB::110N05697__Weekday__0043,state_transition,multiday_average,VA7_EB::110N05697,110N05697,VA7_EB,56,30572,34588,36008,102.0,mapped_primary_link,EASTBOUND,57.0,0.177117,3.0,mapped_network,mapped_network,inrix_reference_speed,Weekday,0,PM,7.0,17.5,22.75,16.0,960.0,31.5,45.0,18.612826086956524,27.067909792313664,9255.139148815842,1.0,0.25,2201.885680724662,2201.885680724662,15.0,19.0,15.0,19.0,4.0,episode_period_overlap_over_period_total,4.0,2400.0,3.856307978673268,episode_demand_over_period_capacity,True,True,600.0,589.8713749993425,270.0,True,True,0.6923813639495902,4316.77616459627,recurring
corridor-4ab6b28d631e4c22b9889518ad628d1b,state_transition__VA7_EB::110N05699__Weekday__0045,state_transition,multiday_average,VA7_EB::110N05699,110N05699,VA7_EB,58,31844,35087,35089,202.0,mapped_primary_link,EASTBOUND,53.0,0.348206,4.0,mapped_network,mapped_network,inrix_reference_speed,Weekday,0,AM,7.0,8.75,10.25,3.5,210.0,31.9291,45.613,18.22347826086957,25.405543478260864,2581.73846602242,0.6665314923486029,0.500101401298825,1486.518120197269,2230.229384900248,7.0,9.0,6.0,9.0,3.0,episode_period_overlap_over_period_total,3.0,2400.0,1.075724360842675,episode_demand_over_period_capacity,True,True,800.0,703.9866849388073,75.0,True,True,0.7520859378727869,1389.9010434782604,recurring
corridor-4ab6b28d631e4c22b9889518ad628d1b,state_transition__VA7_EB::110N05699__Weekday__0046,state_transition,multiday_average,VA7_EB::110N05699,110N05699,VA7_EB,58,31844,35087,35089,202.0,mapped_primary_link,EASTBOUND,53.0,0.348206,4.0,mapped_network,mapped_network,inrix_reference_speed,Weekday,0,PM,12.25,16.25,18.0,6.0,360.0,31.9291,45.613,30.044347826086955,31.56842226613966,4766.9758897160045,0.750995680277463,0.332891395470657,2383.8123518546254,3174.2024813963,15.0,18.0,15.0,19.0,4.0,episode_period_overlap_over_period_total,4.0,3200.0,1.4896799655362514,episode_demand_over_period_capacity,True,True,800.0,795.815486491431,60.0,True,True,0.0627323377036843,186.4318754940705,recurring
corridor-4ab6b28d631e4c22b9889518ad628d1b,state_transition__VA7_EB::110P04251__Weekday__0048,state_transition,multiday_average,VA7_EB::110P04251,110P04251,VA7_EB,24,36834,38354,38352,501.0,mapped_primary_link,EASTBOUND,19.0,0.475912,2.0,mapped_network,mapped_network,inrix_reference_speed,Weekday,0,AM,6.5,8.0,9.0,2.75,165.0,46.13699999999999,65.91,28.379,38.257060606060605,4174.045355598855,0.8302066544182095,0.401506458132314,3785.192912544203,4559.338198989482,6.5,9.0,6.0,9.0,3.0,episode_period_overlap_over_period_total,3.0,6000.0,0.6956742259331425,episode_demand_over_period_capacity,True,True,2000.0,1447.7689288619897,45.0,True,True,0.6257443884562526,1207.3372529644262,recurring
corridor-4ab6b28d631e4c22b9889518ad628d1b,state_transition__VA7_EB::110P04252__Weekday__0049,state_transition,multiday_average,VA7_EB::110P04252,110P04252,VA7_EB,25,36823,38350,38348,601.0,mapped_primary_link,EASTBOUND,21.0,0.374877,2.0,mapped_network,mapped_network,inrix_reference_speed,Weekday,0,AM,6.0,7.5,9.5,3.75,225.0,45.16015,64.5145,17.416739130434784,30.48450011920447,5630.233496492347,1.0,0.3333333333333333,4518.58615610212,4518.58615610212,6.0,9.0,6.0,9.0,3.0,episode_period_overlap_over_period_total,3.0,6000.0,0.9383722494153912,episode_demand_over_period_capacity,True,True,2000.0,1477.9453073452817,105.0,True,True,1.5929164846412118,3497.057080321851,severe
corridor-37d5e89adfd44d699ca7f6ad37dcfe63,state_transition__VA7_WB::110+05683__Weekday__0001,state_transition,multiday_average,VA7_WB::110+05683,110+05683,VA7_WB,71,28010,32150,32152,202.0,mapped_primary_link,WESTBOUND,8.0,0.622834,2.0,mapped_network,mapped_network,inrix_reference_speed,Weekday,0,AM,0.0,8.75,23.75,24.0,1440.0,31.5,45.0,17.40108695652174,20.761327970602768,17390.523391172734,1.0,0.3333333333333333,2158.51173884577,2158.51173884577,6.0,9.0,6.0,9.0,3.0,episode_period_overlap_over_period_total,3.0,2400.0,7.246051412988639,episode_demand_over_period_capacity,True,True,800.0,723.0654784131737,900.0,True,True,0.8102317446436376,15463.687722332012,recurring
corridor-37d5e89adfd44d699ca7f6ad37dcfe63,state_transition__VA7_WB::110+05684__Weekday__0002,state_transition,multiday_average,VA7_WB::110+05684,110+05684,VA7_WB,70,28374,32302,32132,202.0,mapped_primary_link,WESTBOUND,10.0,0.573701,3.0,mapped_network,mapped_network,inrix_reference_speed,Weekday,0,PM,0.0,18.75,23.75,24.0,1440.0,31.5,45.0,18.47543478260869,25.025300660011425,18164.652588198096,1.0,0.25,2826.2886425194392,2826.2886425194392,15.0,19.0,15.0,19.0,4.0,episode_period_overlap_over_period_total,4.0,3200.0,5.676453933811905,episode_demand_over_period_capacity,True,True,800.0,777.2891604439548,300.0,True,True,0.7049666419570051,9141.826168198111,recurring
corridor-37d5e89adfd44d699ca7f6ad37dcfe63,state_transition__VA7_WB::110+05685__Weekday__0003,state_transition,multiday_average,VA7_WB::110+05685,110+05685,VA7_WB,69,28937,34091,35243,202.0,mapped_primary_link,WESTBOUND,12.0,0.42593,3.0,mapped_network,mapped_network,inrix_reference_speed,Weekday,0,PM,0.0,18.0,23.75,24.0,1440.0,31.5,45.0,19.452391304347824,24.19102751848845,18156.530469148613,1.0,0.25,2874.150017784241,2874.150017784241,15.0,19.0,15.0,19.0,4.0,episode_period_overlap_over_period_total,4.0,3200.0,5.673915771608941,episode_demand_over_period_capacity,True,True,800.0,755.0096538969959,345.0,True,True,0.619338183524994,10524.92037337662,recurring
corridor-37d5e89adfd44d699ca7f6ad37dcfe63,state_transition__VA7_WB::110+05686__Weekday__0004,state_transition,multiday_average,VA7_WB::110+05686,110+05686,VA7_WB,75,31471,34943,36128,202.0,mapped_primary_link,WESTBOUND,13.0,0.558763,3.0,mapped_network,mapped_network,inrix_reference_speed,Weekday,0,PM,0.0,17.0,23.75,24.0,1440.0,31.5,45.0,19.68434782608696,24.335185447878604,18191.387931725145,1.0,0.25,2888.1720640695894,2888.1720640695894,15.0,19.0,15.0,19.0,4.0,episode_period_overlap_over_period_total,4.0,3200.0,5.684808728664108,episode_demand_over_period_capacity,True,True,800.0,758.3485890944422,405.0,True,True,0.600256217696691,10317.3329550548,recurring
corridor-37d5e89adfd44d699ca7f6ad37dcfe63,state_transition__VA7_WB::110+05689__Weekday__0006,state_transition,multiday_average,VA7_WB::110+05689,110+05689,VA7_WB,72,28948,34095,34415,202.0,mapped_primary_link,WESTBOUND,18.0,0.044062,2.0,mapped_network,mapped_network,inrix_reference_speed,Weekday,0,PM,0.0,17.5,23.75,24.0,1440.0,31.5,45.0,17.792391304347827,21.575122990875368,17596.34503355348,1.0,0.25,2783.61295280042,2783.61295280042,15.0,19.0,15.0,19.0,4.0,episode_period_overlap_over_period_total,4.0,3200.0,5.498857822985462,episode_demand_over_period_capacity,True,True,800.0,752.8117837409586,375.0,True,True,0.7704196957663874,14291.822893139466,recurring
corridor-37d5e89adfd44d699ca7f6ad37dcfe63,state_transition__VA7_WB::110+05690__Weekday__0007,state_transition,multiday_average,VA7_WB::110+05690,110+05690,VA7_WB,68,30007,34418,36106,202.0,mapped_primary_link,WESTBOUND,19.0,1.015832,2.0,mapped_network,mapped_network,inrix_reference_speed,Weekday,0,AM,0.0,8.0,23.75,24.0,1440.0,31.5,45.0,20.140434782608697,23.226232576230547,18061.486336128022,1.0,0.3333333333333333,2220.8365573826286,2220.8365573826286,6.0,9.0,6.0,9.0,3.0,episode_period_overlap_over_period_total,3.0,2400.0,7.525619306720009,episode_demand_over_period_capacity,True,True,800.0,740.4329680183807,945.0,True,True,0.564017874489994,11914.22509022801,recurring
corridor-37d5e89adfd44d699ca7f6ad37dcfe63,state_transition__VA7_WB::110+05691__Weekday__0008,state_transition,multiday_average,VA7_WB::110+05691,110+05691,VA7_WB,67,33528,35924,34427,202.0,mapped_primary_link,WESTBOUND,20.0,0.932649,2.0,mapped_network,mapped_network,inrix_reference_speed,Weekday,0,PM,0.0,16.25,23.75,24.0,1440.0,31.5,45.0,16.417954545454545,18.578018273184156,16705.662294140733,1.0,0.25,2677.328466215751,2677.328466215751,15.0,19.0,15.0,19.0,4.0,episode_period_overlap_over_period_total,4.0,3200.0,5.220519466918979,episode_demand_over_period_capacity,True,True,800.0,708.292292907385,450.0,True,True,0.9186312102880714,18607.653686614816,recurring
corridor-37d5e89adfd44d699ca7f6ad37dcfe63,state_transition__VA7_WB::110+05692__Weekday__0009,state_transition,multiday_average,VA7_WB::110+05692,110+05692,VA7_WB,66,30064,34434,34433,202.0,mapped_primary_link,WESTBOUND,21.0,0.702554,2.0,mapped_network,mapped_network,inrix_reference_speed,Weekday,0,PM,0.0,15.5,23.75,24.0,1440.0,31.5,45.0,17.242608695652173,21.331132013662145,17486.12737336192,1.0,0.25,2764.4209785484545,2764.4209785484545,15.0,19.0,15.0,19.0,4.0,episode_period_overlap_over_period_total,4.0,3200.0,5.4644148041756,episode_demand_over_period_capacity,True,True,800.0,718.0205425366217,465.0,True,True,0.8268697362448938,14033.03782114624,recurring
corridor-37d5e89adfd44d699ca7f6ad37dcfe63,state_transition__VA7_WB::110+05694__Weekday__0010,state_transition,multiday_average,VA7_WB::110+05694,110+05694,VA7_WB,58,30111,34447,35960,202.0,mapped_primary_link,WESTBOUND,24.0,1.000463,2.0,mapped_network,mapped_network,inrix_reference_speed,Weekday,0,PM,4.75,15.0,23.75,19.25,1155.0,31.5,45.0,22.30934782608696,26.817644404513626,14962.709556536638,1.0,0.25,3036.136004720473,3036.136004720473,15.0,19.0,15.0,19.0,4.0,episode_period_overlap_over_period_total,4.0,3200.0,4.675846736417699,episode_demand_over_period_capacity,True,True,800.0,772.3131971012234,525.0,True,True,0.4119641795698818,5434.6911673322165,recurring
corridor-37d5e89adfd44d699ca7f6ad37dcfe63,state_transition__VA7_WB::110+05695__Weekday__0011,state_transition,multiday_average,VA7_WB::110+05695,110+05695,VA7_WB,57,30142,34456,35038,202.0,mapped_primary_link,WESTBOUND,25.0,0.085368,2.0,mapped_network,mapped_network,inrix_reference_speed,Weekday,0,MD,0.25,9.75,23.75,23.75,1425.0,31.5,45.0,18.58608695652174,25.50195100348157,18078.946501568917,1.0,0.1666666666666666,4344.172853969286,4344.172853969286,9.0,15.0,9.0,15.0,6.0,episode_period_overlap_over_period_total,6.0,4800.0,3.766447187826857,episode_demand_over_period_capacity,True,True,800.0,761.7194202648,840.0,True,True,0.6948161317488535,8547.219820038765,recurring
corridor-37d5e89adfd44d699ca7f6ad37dcfe63,state_transition__VA7_WB::110+05697__Weekday__0013,state_transition,multiday_average,VA7_WB::110+05697,110+05697,VA7_WB,63,30634,34606,36008,102.0,mapped_primary_link,WESTBOUND,29.0,0.26883,3.0,mapped_network,mapped_network,inrix_reference_speed,Weekday,0,MD,7.75,14.5,19.25,11.75,705.0,31.5,45.0,28.367826086956523,30.616764029217777,7004.119248687795,1.0,0.1666666666666666,3576.0925579159,3576.0925579159,9.0,15.0,9.0,15.0,6.0,episode_period_overlap_over_period_total,6.0,3600.0,1.9455886801910545,episode_demand_over_period_capacity,True,True,600.0,596.3575129594799,240.0,True,True,0.1104128988750265,672.6148221343851,recurring
corridor-37d5e89adfd44d699ca7f6ad37dcfe63,state_transition__VA7_WB::110+05698__Weekday__0014,state_transition,multiday_average,VA7_WB::110+05698,110+05698,VA7_WB,61,35667,36623,36016,102.0,mapped_primary_link,WESTBOUND,31.0,0.297401,4.0,mapped_network,mapped_network,inrix_reference_speed,Weekday,0,PM,7.25,17.75,21.25,14.25,855.0,31.5,45.0,19.12217391304348,27.451146963708226,8265.214605745743,1.0,0.25,2186.795321367651,2186.795321367651,15.0,19.0,15.0,19.0,4.0,episode_period_overlap_over_period_total,4.0,2400.0,3.443839419060726,episode_demand_over_period_capacity,True,True,600.0,591.4320836300565,195.0,True,True,0.6473022441508831,3366.9124505928826,recurring
corridor-37d5e89adfd44d699ca7f6ad37dcfe63,state_transition__VA7_WB::110+05699__Weekday__0015,state_transition,multiday_average,VA7_WB::110+05699,110+05699,VA7_WB,60,35670,36624,34586,102.0,mapped_primary_link,WESTBOUND,33.0,0.673392,4.0,mapped_network,mapped_network,inrix_reference_speed,Weekday,0,PM,6.0,17.75,23.0,17.25,1035.0,31.5,45.0,16.288260869565217,25.6605618729097,9873.314259990178,1.0,0.25,2131.2435807143247,2131.2435807143247,15.0,19.0,15.0,19.0,4.0,episode_period_overlap_over_period_total,4.0,2400.0,4.113880941662575,episode_demand_over_period_capacity,True,True,600.0,593.2313398926542,270.0,True,True,0.9339081226810452,5695.936956521736,recurring
corridor-37d5e89adfd44d699ca7f6ad37dcfe63,state_transition__VA7_WB::110+05700__Weekday__0016,state_transition,multiday_average,VA7_WB::110+05700,110+05700,VA7_WB,49,33881,36040,34524,302.0,mapped_primary_link,WESTBOUND,35.0,0.553697,3.0,mapped_network,mapped_network,inrix_reference_speed,Weekday,0,AM,6.75,7.75,9.0,2.5,150.0,36.813,52.59,31.33086956521739,36.96078260869565,2355.8805803582254,0.7676155874594206,0.434245133604657,2118.2723059579507,2759.548321535265,6.75,9.0,6.0,9.0,3.0,episode_period_overlap_over_period_total,3.0,2880.0,0.8180140904021616,episode_demand_over_period_capacity,True,True,960.0,944.1586668654654,30.0,True,True,0.1749753680909229,180.60717391304357,recurring
corridor-37d5e89adfd44d699ca7f6ad37dcfe63,state_transition__VA7_WB::110+05700__Weekday__0017,state_transition,multiday_average,VA7_WB::110+05700,110+05700,VA7_WB,49,33881,36040,34524,302.0,mapped_primary_link,WESTBOUND,35.0,0.553697,3.0,mapped_network,mapped_network,inrix_reference_speed,Weekday,0,PM,14.75,16.25,18.75,4.25,255.0,36.813,52.59,29.706739130434784,33.42084498621583,3995.7656533846,0.936617225236332,0.2669180037094862,3519.997106496999,3758.202402917388,15.0,18.75,15.0,19.0,4.0,episode_period_overlap_over_period_total,4.0,3840.0,1.0405639722355728,episode_demand_over_period_capacity,True,True,960.0,932.880719531753,135.0,True,True,0.2392137635289899,886.2526185770757,recurring
corridor-37d5e89adfd44d699ca7f6ad37dcfe63,state_transition__VA7_WB::110+05701__Weekday__0018,state_transition,multiday_average,VA7_WB::110+05701,110+05701,VA7_WB,44,31023,34723,34555,302.0,mapped_primary_link,WESTBOUND,36.0,0.766781,3.0,mapped_network,mapped_network,inrix_reference_speed,Weekday,0,PM,15.0,16.5,18.5,3.75,225.0,38.6008,55.144,32.732142857142854,35.870065405608884,3527.899135505973,0.8732148976780029,0.2862983678642954,3288.44510194184,3765.905861989142,15.0,18.5,15.0,19.0,4.0,episode_period_overlap_over_period_total,4.0,3840.0,0.9187237332046804,episode_demand_over_period_capacity,True,True,960.0,943.2112801062664,105.0,True,True,0.1792933987997818,629.3128746470919,recurring
corridor-37d5e89adfd44d699ca7f6ad37dcfe63,state_transition__VA7_WB::110+05702__Weekday__0020,state_transition,multiday_average,VA7_WB::110+05702,110+05702,VA7_WB,43,33888,36042,34526,502.0,mapped_primary_link,WESTBOUND,37.0,0.721565,3.0,mapped_network,mapped_network,inrix_reference_speed,Weekday,0,PM,16.0,16.25,17.5,1.75,105.0,40.299,57.57,39.24695652173913,40.46034161490683,1911.8954281728736,0.3752635020604437,0.6661985474935224,1637.742322115446,4364.246224647914,16.0,17.5,15.0,19.0,4.0,episode_period_overlap_over_period_total,4.0,4400.0,0.4345216882211077,episode_demand_over_period_capacity,True,True,1100.0,1091.240844621508,45.0,True,True,0.0268057340364249,32.02369565217396,recurring
corridor-37d5e89adfd44d699ca7f6ad37dcfe63,state_transition__VA7_WB::110+05708__Weekday__0022,state_transition,multiday_average,VA7_WB::110+05708,110+05708,VA7_WB,45,34013,36083,35793,502.0,mapped_primary_link,WESTBOUND,43.0,0.641459,3.0,mapped_network,mapped_network,inrix_reference_speed,Weekday,0,PM,14.0,17.5,19.25,5.5,330.0,37.37825,53.3975,28.53804347826087,33.30462001437298,5869.434935760452,1.0,0.25,4232.475333277789,4232.475333277789,15.0,19.0,15.0,19.0,4.0,episode_period_overlap_over_period_total,4.0,4400.0,1.3339624854001026,episode_demand_over_period_capacity,True,True,1100.0,1068.592498252434,90.0,True,True,0.3097691868215577,1410.200395256917,recurring
corridor-37d5e89adfd44d699ca7f6ad37dcfe63,state_transition__VA7_WB::110+05711__Weekday__0023,state_transition,multiday_average,VA7_WB::110+05711,110+05711,VA7_WB,38,32936,35731,38003,402.0,mapped_primary_link,WESTBOUND,48.0,0.24418,3.0,mapped_network,mapped_network,inrix_reference_speed,Weekday,0,PM,10.5,17.5,19.75,9.5,570.0,36.624,52.32,12.724347826086955,26.07895477948824,8061.088331710698,1.0,0.25,2909.677036228953,2909.677036228953,15.0,19.0,15.0,19.0,4.0,episode_period_overlap_over_period_total,4.0,3840.0,2.099241753049661,episode_demand_over_period_capacity,True,True,960.0,788.9187686742831,120.0,True,True,1.878261463814665,6051.541645256913,severe
corridor-37d5e89adfd44d699ca7f6ad37dcfe63,state_transition__VA7_WB::110+05712__Weekday__0024,state_transition,multiday_average,VA7_WB::110+05712,110+05712,VA7_WB,34,36927,38383,38413,402.0,mapped_primary_link,WESTBOUND,49.0,0.902051,3.0,mapped_network,mapped_network,inrix_reference_speed,Weekday,0,PM,10.25,16.75,20.0,10.0,600.0,31.5,45.0,20.27282608695652,26.245967385422546,9247.861798832888,1.0,0.25,3593.0414920119274,3593.0414920119274,15.0,19.0,15.0,19.0,4.0,episode_period_overlap_over_period_total,4.0,3840.0,2.4082973434460646,episode_demand_over_period_capacity,True,True,960.0,912.949534541046,180.0,True,True,0.5538040855718191,3183.2398256634647,recurring
corridor-37d5e89adfd44d699ca7f6ad37dcfe63,state_transition__VA7_WB::110+05713__Weekday__0025,state_transition,multiday_average,VA7_WB::110+05713,110+05713,VA7_WB,33,35907,38035,38036,302.0,mapped_primary_link,WESTBOUND,50.0,0.915029,3.0,mapped_network,mapped_network,inrix_reference_speed,Weekday,0,MD,11.5,14.75,18.25,7.0,420.0,32.87112499999999,46.95875,28.74022727272727,31.238862258342078,6651.555151346363,0.5854699059175869,0.2846716201500668,3325.1497155274064,5679.454540564325,11.5,15.0,9.0,15.0,6.0,episode_period_overlap_over_period_total,6.0,5760.0,1.154783880442077,episode_demand_over_period_capacity,True,True,960.0,951.037606020768,195.0,True,True,0.1437322568145691,710.5334221485006,recurring
corridor-37d5e89adfd44d699ca7f6ad37dcfe63,state_transition__VA7_WB::110+05714__Weekday__0026,state_transition,multiday_average,VA7_WB::110+05714,110+05714,VA7_WB,32,35868,38024,38410,201.0,mapped_primary_link,WESTBOUND,52.0,0.61401,3.0,mapped_network,mapped_network,inrix_reference_speed,Weekday,0,PM,11.5,17.5,18.5,7.25,435.0,34.979,49.97,28.677045454545453,32.03977956638564,13520.518744748591,0.8728460463992919,0.2864193531394368,6477.268920260809,7420.860697005116,15.0,18.5,15.0,19.0,4.0,episode_period_overlap_over_period_total,4.0,7600.0,1.7790156243090254,episode_demand_over_period_capacity,True,True,1900.0,1867.2934167649844,45.0,True,True,0.2197560608342117,1295.6992737154144,recurring
corridor-37d5e89adfd44d699ca7f6ad37dcfe63,state_transition__VA7_WB::110+05718__Weekday__0027,state_transition,multiday_average,VA7_WB::110+05718,110+05718,VA7_WB,35,36236,38143,38341,202.0,mapped_primary_link,WESTBOUND,59.0,2.552284,3.0,mapped_network,mapped_network,inrix_reference_speed,Weekday,0,PM,15.25,15.5,16.75,1.75,105.0,42.973,61.39,40.87847826086957,42.67844720496895,1377.428886223767,0.3868956357121212,0.6461690877950828,1181.758775423848,3054.4639596378474,15.25,16.75,15.0,19.0,4.0,episode_period_overlap_over_period_total,4.0,3200.0,0.4304465269449272,episode_demand_over_period_capacity,True,True,800.0,789.7080908344672,45.0,True,True,0.0512377619774411,64.37673913043494,recurring
corridor-37d5e89adfd44d699ca7f6ad37dcfe63,state_transition__VA7_WB::110+06551__Weekday__0028,state_transition,multiday_average,VA7_WB::110+06551,110+06551,VA7_WB,13,28524,32351,32108,402.0,mapped_primary_link,WESTBOUND,7.0,1.216315,2.0,mapped_network,mapped_network,inrix_reference_speed,Weekday,0,AM,0.0,8.75,23.75,24.0,1440.0,31.5,45.0,19.55934782608696,23.591487463452168,21720.587433497385,1.0,0.3333333333333333,2662.416480802335,2662.416480802335,6.0,9.0,6.0,9.0,3.0,episode_period_overlap_over_period_total,3.0,2880.0,7.541870636631036,episode_demand_over_period_capacity,True,True,960.0,897.3306525131695,870.0,True,True,0.6104831449434829,10913.747300436,recurring
corridor-37d5e89adfd44d699ca7f6ad37dcfe63,state_transition__VA7_WB::110+06552__Weekday__0029,state_transition,multiday_average,VA7_WB::110+06552,110+06552,VA7_WB,14,27821,32091,32347,202.0,mapped_primary_link,WESTBOUND,5.0,0.661317,1.0,mapped_network,mapped_network,inrix_reference_speed,Weekday,0,AM,0.0,8.0,23.75,24.0,1440.0,31.5,45.0,19.32304347826087,22.64073162720328,17918.963550530527,1.0,0.3333333333333333,2205.9121841530005,2205.9121841530005,6.0,9.0,6.0,9.0,3.0,episode_period_overlap_over_period_total,3.0,2400.0,7.466234812721053,episode_demand_over_period_capacity,True,True,800.0,742.0213042938682,945.0,True,True,0.6301779807843753,12757.346456827278,recurring
corridor-37d5e89adfd44d699ca7f6ad37dcfe63,state_transition__VA7_WB::110+06553__Weekday__0030,state_transition,multiday_average,VA7_WB::110+06553,110+06553,VA7_WB,16,27805,32085,32086,102.0,mapped_primary_link,WESTBOUND,4.0,0.615658,1.0,mapped_network,mapped_network,inrix_reference_speed,Weekday,0,PM,0.0,15.75,23.75,24.0,1440.0,31.5,45.0,12.75,14.174131620985904,11189.408436455036,1.0,0.25,1818.503784723788,1818.503784723788,15.0,19.0,15.0,19.0,4.0,episode_period_overlap_over_period_total,4.0,2400.0,4.662253515189598,episode_demand_over_period_capacity,True,True,600.0,472.3920537874136,480.0,True,True,1.4705882352941173,24949.250465780293,severe
corridor-37d5e89adfd44d699ca7f6ad37dcfe63,state_transition__VA7_WB::110N04248__Weekday__0032,state_transition,multiday_average,VA7_WB::110N04248,110N04248,VA7_WB,50,36806,38344,38346,302.0,mapped_primary_link,WESTBOUND,61.0,0.230464,2.0,mapped_network,mapped_network,inrix_reference_speed,Weekday,0,PM,14.75,16.25,18.5,4.0,240.0,44.884,64.12,23.567391304347822,31.41378234989648,3224.4409499842827,0.8724842992102328,0.2865381075926505,2795.835398899597,3204.4535373649346,15.0,18.5,15.0,19.0,4.0,episode_period_overlap_over_period_total,4.0,3840.0,0.8396981640584069,episode_demand_over_period_capacity,True,True,960.0,775.2007752451127,120.0,True,True,0.9044958952126188,3334.425714285714,recurring
corridor-37d5e89adfd44d699ca7f6ad37dcfe63,state_transition__VA7_WB::110P05684__Weekday__0033,state_transition,multiday_average,VA7_WB::110P05684,110P05684,VA7_WB,12,27952,32133,32389,202.0,mapped_primary_link,WESTBOUND,11.0,0.062738,2.0,mapped_network,mapped_network,inrix_reference_speed,Weekday,0,PM,0.0,17.75,23.75,24.0,1440.0,31.5,45.0,15.734130434782609,21.055103834102454,17305.033546664214,1.0,0.25,2666.5782393918157,2666.5782393918157,15.0,19.0,15.0,19.0,4.0,episode_period_overlap_over_period_total,4.0,3200.0,5.407822983332567,episode_demand_over_period_capacity,True,True,800.0,715.4445953918157,360.0,True,True,1.002017215413736,15040.65047889246,severe
corridor-37d5e89adfd44d699ca7f6ad37dcfe63,state_transition__VA7_WB::110P05687__Weekday__0034,state_transition,multiday_average,VA7_WB::110P05687,110P05687,VA7_WB,9,28929,34089,34087,202.0,mapped_primary_link,WESTBOUND,15.0,0.272669,3.0,mapped_network,mapped_network,inrix_reference_speed,Weekday,0,PM,8.0,17.0,20.5,12.75,765.0,31.5,45.0,28.23695652173913,29.6356191013955,10105.870726878878,1.0,0.25,3163.932197750665,3163.932197750665,15.0,19.0,15.0,19.0,4.0,episode_period_overlap_over_period_total,4.0,3200.0,3.1580846021496494,episode_demand_over_period_capacity,True,True,800.0,792.8999105435862,195.0,True,True,0.115559319424128,1391.83517786561,recurring
corridor-37d5e89adfd44d699ca7f6ad37dcfe63,state_transition__VA7_WB::110P05692__Weekday__0035,state_transition,multiday_average,VA7_WB::110P05692,110P05692,VA7_WB,22,30318,34514,34512,302.0,mapped_primary_link,WESTBOUND,22.0,0.313346,2.0,mapped_network,mapped_network,inrix_reference_speed,Weekday,0,PM,6.5,16.75,23.0,16.75,1005.0,31.5,45.0,20.69434782608696,25.34334980237154,15402.530571816194,1.0,0.25,3562.410860663617,3562.410860663617,15.0,19.0,15.0,19.0,4.0,episode_period_overlap_over_period_total,4.0,3840.0,4.011075669743801,episode_demand_over_period_capacity,True,True,960.0,938.0053357951448,360.0,True,True,0.522154757652793,6209.395405138337,recurring
corridor-37d5e89adfd44d699ca7f6ad37dcfe63,state_transition__VA7_WB::110P05698__Weekday__0037,state_transition,multiday_average,VA7_WB::110P05698,110P05698,VA7_WB,15,33807,36016,34711,102.0,mapped_primary_link,WESTBOUND,32.0,0.129564,4.0,mapped_network,mapped_network,inrix_reference_speed,Weekday,0,PM,0.25,17.25,23.75,23.75,1425.0,31.5,45.0,13.398695652173911,23.72708341456408,13312.763730178804,1.0,0.25,2033.0896998479989,2033.0896998479989,15.0,19.0,15.0,19.0,4.0,episode_period_overlap_over_period_total,4.0,2400.0,5.546984887574501,episode_demand_over_period_capacity,True,True,600.0,567.3649138830759,390.0,True,True,1.350975111139955,11076.406134246185,severe
corridor-37d5e89adfd44d699ca7f6ad37dcfe63,state_transition__VA7_WB::110P05710__Weekday__0039,state_transition,multiday_average,VA7_WB::110P05710,110P05710,VA7_WB,8,32929,35729,35731,502.0,mapped_primary_link,WESTBOUND,47.0,0.37324,3.0,mapped_network,mapped_network,inrix_reference_speed,Weekday,0,PM,15.0,17.25,19.0,4.25,255.0,41.524,59.32,20.68260869565217,30.191344948849103,4026.7874848968977,1.0,0.25,3762.722984151066,3762.722984151066,15.0,19.0,15.0,19.0,4.0,episode_period_overlap_over_period_total,4.0,4400.0,0.915178973840204,episode_demand_over_period_capacity,True,True,1100.0,908.5963588904908,90.0,True,True,1.0076771074206432,3013.469785079052,severe
corridor-7cd648bdc383494fb32d8eda96f7d545,state_transition__VA7BR_EB::110+11442__Weekday__0001,state_transition,multiday_average,VA7BR_EB::110+11442,110+11442,VA7BR_EB,3,36534,38237,38533,503.0,mapped_primary_link,EASTBOUND,10.0,2.041008,1.0,mapped_network,mapped_network,inrix_reference_speed,Weekday,0,AM,5.0,8.0,23.0,18.25,1095.0,31.5,45.0,22.222826086956523,28.062364165228527,16138.038243290155,1.0,0.3333333333333333,2577.707789990073,2577.707789990073,6.0,9.0,6.0,9.0,3.0,episode_period_overlap_over_period_total,3.0,2700.0,5.977051201218576,episode_demand_over_period_capacity,True,True,900.0,888.1661096175117,885.0,True,True,0.4174614820249447,3664.2810770750953,recurring
corridor-7cd648bdc383494fb32d8eda96f7d545,state_transition__VA7BR_EB::110+11447__Weekday__0002,state_transition,multiday_average,VA7BR_EB::110+11447,110+11447,VA7BR_EB,6,37701,38625,38239,503.0,mapped_primary_link,EASTBOUND,3.0,0.462635,2.0,mapped_network,mapped_network,inrix_reference_speed,Weekday,0,AM,0.25,7.75,23.75,23.75,1425.0,31.5,45.0,23.750217391304343,26.829171526542524,20893.42322677033,1.0,0.3333333333333333,2609.6755445555827,2609.6755445555827,6.0,9.0,6.0,9.0,3.0,episode_period_overlap_over_period_total,3.0,2700.0,7.738304898803826,episode_demand_over_period_capacity,True,True,900.0,873.4798575339613,870.0,True,True,0.3263036493945135,6235.556012065734,recurring
corridor-7cd648bdc383494fb32d8eda96f7d545,state_transition__VA7BR_EB::110+11448__Weekday__0003,state_transition,multiday_average,VA7BR_EB::110+11448,110+11448,VA7BR_EB,5,36540,38239,38514,503.0,mapped_primary_link,EASTBOUND,4.0,0.463285,2.0,mapped_network,mapped_network,inrix_reference_speed,Weekday,0,AM,5.75,7.5,23.75,18.25,1095.0,31.5,45.0,26.52021739130435,29.635114135946957,16324.3536192659,1.0,0.3333333333333333,2670.7601807015235,2670.7601807015235,6.0,9.0,6.0,9.0,3.0,episode_period_overlap_over_period_total,3.0,2700.0,6.046056896024407,episode_demand_over_period_capacity,True,True,900.0,895.3606549453,960.0,True,True,0.1877730689465786,2055.947847225048,recurring
corridor-7cd648bdc383494fb32d8eda96f7d545,state_transition__VA7BR_EB::110+11451__Weekday__0004,state_transition,multiday_average,VA7BR_EB::110+11451,110+11451,VA7BR_EB,10,37401,38530,38215,603.0,mapped_primary_link,EASTBOUND,7.0,1.672729,2.0,mapped_network,mapped_network,inrix_reference_speed,Weekday,0,AM,6.5,8.5,20.5,14.25,855.0,31.5,45.0,27.252173913043475,29.82225348450177,12765.766714367832,0.8330844004673563,0.4001195234796558,2229.4196432269464,2676.10297585245,6.5,9.0,6.0,9.0,3.0,episode_period_overlap_over_period_total,3.0,2700.0,4.72806174606216,episode_demand_over_period_capacity,True,True,900.0,896.6967276202392,705.0,True,True,0.1558710912571792,1445.2634881422898,recurring
corridor-7cd648bdc383494fb32d8eda96f7d545,state_transition__VA7BR_EB::110+11452__Weekday__0005,state_transition,multiday_average,VA7BR_EB::110+11452,110+11452,VA7BR_EB,9,36471,38217,38237,503.0,mapped_primary_link,EASTBOUND,8.0,1.214069,1.0,mapped_network,mapped_network,inrix_reference_speed,Weekday,0,PM,0.0,15.25,23.75,24.0,1440.0,31.5,45.0,19.92108695652174,23.665328020278395,20364.57805858671,1.0,0.25,3266.9896794555493,3266.9896794555493,15.0,19.0,15.0,19.0,4.0,episode_period_overlap_over_period_total,4.0,3600.0,5.656827238496309,episode_demand_over_period_capacity,True,True,900.0,849.2236581995617,480.0,True,True,0.5812390191734778,10811.847332015806,recurring
corridor-7cd648bdc383494fb32d8eda96f7d545,state_transition__VA7BR_EB::110P11445__Weekday__0006,state_transition,multiday_average,VA7BR_EB::110P11445,110P11445,VA7BR_EB,2,5189,2187,38401,600.0,mapped_primary_link,EASTBOUND,1.0,0.014755,7.0,mapped_network,mapped_network,inrix_reference_speed,Weekday,0,PM,0.0,16.0,23.75,24.0,1440.0,31.5,45.0,15.03095238095238,20.854803138626167,67935.43835253592,1.0,0.25,10549.680105598924,10549.680105598924,15.0,19.0,15.0,19.0,4.0,episode_period_overlap_over_period_total,4.0,12600.0,5.39170145655047,episode_demand_over_period_capacity,True,True,3150.0,2751.798420957897,465.0,True,True,1.0956755900522728,15329.083480378313,severe
corridor-90c410d62cef410ebc29f085da752118,state_transition__VA7BR_WB::110-11445__Weekday__0001,state_transition,multiday_average,VA7BR_WB::110-11445,110-11445,VA7BR_WB,5,37700,38625,2192,500.0,mapped_primary_link,WESTBOUND,17.0,0.154067,7.0,mapped_network,mapped_network,inrix_reference_speed,Weekday,0,PM,0.0,17.0,23.75,24.0,1440.0,31.5,45.0,19.69,23.64395607267653,71131.83602856792,1.0,0.25,11390.010574361362,11390.010574361362,15.0,19.0,15.0,19.0,4.0,episode_period_overlap_over_period_total,4.0,12600.0,5.645383811791105,episode_demand_over_period_capacity,True,True,3150.0,3023.209960517981,405.0,True,True,0.599796851193499,10841.340619706378,recurring
corridor-90c410d62cef410ebc29f085da752118,state_transition__VA7BR_WB::110-11446__Weekday__0002,state_transition,multiday_average,VA7BR_WB::110-11446,110-11446,VA7BR_WB,4,36541,38239,38625,503.0,mapped_primary_link,WESTBOUND,16.0,0.462635,2.0,mapped_network,mapped_network,inrix_reference_speed,Weekday,0,PM,0.0,16.75,23.75,24.0,1440.0,31.5,45.0,24.64673913043478,27.030344325436037,21148.674701765667,1.0,0.25,3483.454088940176,3483.454088940176,15.0,19.0,15.0,19.0,4.0,episode_period_overlap_over_period_total,4.0,3600.0,5.874631861601574,episode_demand_over_period_capacity,True,True,900.0,883.5009813293825,420.0,True,True,0.2780595369349503,6436.304171372102,recurring
corridor-90c410d62cef410ebc29f085da752118,state_transition__VA7BR_WB::110-11447__Weekday__0003,state_transition,multiday_average,VA7BR_WB::110-11447,110-11447,VA7BR_WB,7,37346,38514,38239,503.0,mapped_primary_link,WESTBOUND,15.0,0.471944,2.0,mapped_network,mapped_network,inrix_reference_speed,Weekday,0,PM,0.0,17.0,23.75,24.0,1440.0,31.5,45.0,25.42804347826087,27.59189954086925,21255.83925768408,1.0,0.25,3504.962483334156,3504.962483334156,15.0,19.0,15.0,19.0,4.0,episode_period_overlap_over_period_total,4.0,3600.0,5.904399793801134,episode_demand_over_period_capacity,True,True,900.0,884.393911215922,405.0,True,True,0.2387897648094792,5510.421647374359,recurring
corridor-90c410d62cef410ebc29f085da752118,state_transition__VA7BR_WB::110-11449__Weekday__0004,state_transition,multiday_average,VA7BR_WB::110-11449,110-11449,VA7BR_WB,8,36464,38215,38530,603.0,mapped_primary_link,WESTBOUND,12.0,1.672729,2.0,mapped_network,mapped_network,inrix_reference_speed,Weekday,0,PM,7.5,17.75,20.0,12.75,765.0,31.5,45.0,28.963043478260868,30.16410644626757,11440.862333055144,1.0,0.25,3583.572898302092,3583.572898302092,15.0,19.0,15.0,19.0,4.0,episode_period_overlap_over_period_total,4.0,3600.0,3.17801731473754,episode_demand_over_period_capacity,True,True,900.0,897.384932171037,120.0,True,True,0.087592884485476,1033.4335686053053,recurring
corridor-90c410d62cef410ebc29f085da752118,state_transition__VA7BR_WB::110-11451__Weekday__0005,state_transition,multiday_average,VA7BR_WB::110-11451,110-11451,VA7BR_WB,1,36531,38237,38217,503.0,mapped_primary_link,WESTBOUND,11.0,1.214126,1.0,mapped_network,mapped_network,inrix_reference_speed,Weekday,0,PM,0.0,16.25,23.75,24.0,1440.0,31.5,45.0,14.446304347826086,22.434123076276176,20012.653102221662,1.0,0.25,3020.0953280463145,3020.0953280463145,15.0,19.0,15.0,19.0,4.0,episode_period_overlap_over_period_total,4.0,3600.0,5.559070306172684,episode_demand_over_period_capacity,True,True,900.0,852.6745738170509,450.0,True,True,1.1804884655320302,12782.88646245059,severe
corridor-90c410d62cef410ebc29f085da752118,state_transition__VA7BR_WB::110-11452__Weekday__0006,state_transition,multiday_average,VA7BR_WB::110-11452,110-11452,VA7BR_WB,2,37414,38533,38237,503.0,mapped_primary_link,WESTBOUND,9.0,2.039924,1.0,mapped_network,mapped_network,inrix_reference_speed,Weekday,0,PM,0.0,16.0,23.75,24.0,1440.0,31.5,45.0,24.74318181818182,28.48008554166294,21342.803298779974,1.0,0.25,3519.0817359968587,3519.0817359968587,15.0,19.0,15.0,19.0,4.0,episode_period_overlap_over_period_total,4.0,3600.0,5.928556471883328,episode_demand_over_period_capacity,True,True,900.0,887.764526848123,435.0,True,True,0.2730779829154033,4175.10586554861,recurring
corridor-2dd8e822a70e4f57b830ea6a90c0bf89,state_transition__VA828_NB::110+11499__Weekday__0001,state_transition,multiday_average,VA828_NB::110+11499,110+11499,VA828_NB,11,31870,35099,34564,203.0,mapped_primary_link,NORTHBOUND,4.0,0.739654,2.0,mapped_network,mapped_network,inrix_reference_speed,Weekday,0,AM,0.0,6.0,23.75,24.0,1440.0,31.5,45.0,22.75695652173913,26.56102850933723,14031.73807025086,1.0,0.3333333333333333,1746.72612847534,1746.72612847534,6.0,9.0,6.0,9.0,3.0,episode_period_overlap_over_period_total,3.0,1800.0,7.795410039028256,episode_demand_over_period_capacity,True,True,600.0,586.0590733448178,1035.0,True,True,0.3841921247205822,6815.780657114618,recurring
corridor-2dd8e822a70e4f57b830ea6a90c0bf89,state_transition__VA828_NB::110+11500__Weekday__0002,state_transition,multiday_average,VA828_NB::110+11500,110+11500,VA828_NB,10,30997,34716,34538,203.0,mapped_primary_link,NORTHBOUND,5.0,1.106323,2.0,mapped_network,mapped_network,inrix_reference_speed,Weekday,0,PM,7.0,15.75,21.75,15.0,900.0,31.5,45.0,28.20282608695652,30.20647842555995,8956.008097199354,1.0,0.25,2386.458351740087,2386.458351740087,15.0,19.0,15.0,19.0,4.0,episode_period_overlap_over_period_total,4.0,2400.0,3.731670040499731,episode_demand_over_period_capacity,True,True,600.0,597.9109059927251,345.0,True,True,0.1169093445769386,1197.212549407112,recurring
corridor-2dd8e822a70e4f57b830ea6a90c0bf89,state_transition__VA828_NB::110+11503__Weekday__0004,state_transition,multiday_average,VA828_NB::110+11503,110+11503,VA828_NB,7,32363,35317,35794,303.0,mapped_primary_link,NORTHBOUND,11.0,0.638562,2.0,mapped_network,mapped_network,inrix_reference_speed,Weekday,0,PM,12.75,17.75,21.25,8.75,525.0,31.5,45.0,26.956363636363637,29.911339638622245,6070.513334884468,1.0,0.25,2764.7194361047627,2764.7194361047627,15.0,19.0,15.0,19.0,4.0,episode_period_overlap_over_period_total,4.0,2800.0,2.1680404767444528,episode_demand_over_period_capacity,True,True,700.0,695.8111678009486,165.0,True,True,0.1685552407932011,863.4269762845835,recurring
corridor-2dd8e822a70e4f57b830ea6a90c0bf89,state_transition__VA828_NB::110P11498__Weekday__0005,state_transition,multiday_average,VA828_NB::110P11498,110P11498,VA828_NB,1,31876,35101,35099,203.0,mapped_primary_link,NORTHBOUND,3.0,0.109061,2.0,mapped_network,mapped_network,inrix_reference_speed,Weekday,0,PM,0.0,17.25,23.75,24.0,1440.0,31.5,45.0,18.405217391304348,22.619643342391303,13360.118618317849,1.0,0.25,2132.5443300009024,2132.5443300009024,15.0,19.0,15.0,19.0,4.0,episode_period_overlap_over_period_total,4.0,2400.0,5.56671609096577,episode_demand_over_period_capacity,True,True,600.0,562.8911253932376,390.0,True,True,0.7114712274402342,12787.713586956515,recurring
corridor-3a557ed9e1b841dd82748e59a432c7ae,state_transition__VA828_SB::110-11498__Weekday__0002,state_transition,multiday_average,VA828_SB::110-11498,110-11498,VA828_SB,6,30490,34564,35099,203.0,mapped_primary_link,SOUTHBOUND,9.0,0.737969,2.0,mapped_network,mapped_network,inrix_reference_speed,Weekday,0,PM,0.0,17.25,23.75,24.0,1440.0,31.5,45.0,22.827391304347824,25.07380094128396,13860.107715439834,1.0,0.25,2282.6139182438865,2282.6139182438865,15.0,19.0,15.0,19.0,4.0,episode_period_overlap_over_period_total,4.0,2400.0,5.775044881433264,episode_demand_over_period_capacity,True,True,600.0,582.4185392596451,390.0,True,True,0.3799211473630077,9253.726644551096,recurring
corridor-3a557ed9e1b841dd82748e59a432c7ae,state_transition__VA828_SB::110-11499__Weekday__0003,state_transition,multiday_average,VA828_SB::110-11499,110-11499,VA828_SB,5,30405,34538,34716,203.0,mapped_primary_link,SOUTHBOUND,8.0,1.100441,2.0,mapped_network,mapped_network,inrix_reference_speed,Weekday,0,MD,12.0,13.75,14.75,3.0,180.0,31.5,45.0,31.00260869565217,31.503378623188407,1792.5115223847197,0.4589451623957845,0.3631515926578977,1642.9135600708737,3579.760055633968,12.0,14.75,9.0,15.0,6.0,episode_period_overlap_over_period_total,6.0,3600.0,0.4979198673290888,episode_demand_over_period_capacity,True,True,600.0,597.5514109549293,30.0,True,True,0.0160435306986788,26.735276679841657,recurring
corridor-3a557ed9e1b841dd82748e59a432c7ae,state_transition__VA828_SB::110-11499__Weekday__0004,state_transition,multiday_average,VA828_SB::110-11499,110-11499,VA828_SB,5,30405,34538,34716,203.0,mapped_primary_link,SOUTHBOUND,8.0,1.100441,2.0,mapped_network,mapped_network,inrix_reference_speed,Weekday,0,PM,15.5,17.75,20.25,5.0,300.0,31.5,45.0,30.75565217391304,31.43424061264822,2990.243908145943,0.8750142050805155,0.2857096473959482,2093.712353948615,2392.775273580798,15.5,19.0,15.0,19.0,4.0,episode_period_overlap_over_period_total,4.0,2400.0,1.2459349617274762,episode_demand_over_period_capacity,True,True,600.0,598.1175837725585,75.0,True,True,0.0242019847889394,66.41857707509831,recurring
corridor-f2947faed79a42308632c488796a7636,state_transition__VA846_NB::110+10109__Weekday__0002,state_transition,multiday_average,VA846_NB::110+10109,110+10109,VA846_NB,4,36785,38338,38015,303.0,mapped_primary_link,NORTHBOUND,2.0,1.209645,2.0,mapped_network,mapped_network,inrix_reference_speed,Weekday,0,PM,6.0,17.5,20.75,15.0,900.0,31.5,45.0,21.77913043478261,26.899981727209987,10239.406856318172,1.0,0.25,2653.7540217838364,2653.7540217838364,15.0,19.0,15.0,19.0,4.0,episode_period_overlap_over_period_total,4.0,2800.0,3.6569310201136327,episode_demand_over_period_capacity,True,True,700.0,682.5107839960647,180.0,True,True,0.4463387367244269,4159.746929700731,recurring
corridor-f2947faed79a42308632c488796a7636,state_transition__VA846_NB::110+10110__Weekday__0003,state_transition,multiday_average,VA846_NB::110+10110,110+10110,VA846_NB,6,35896,38032,38033,403.0,mapped_primary_link,NORTHBOUND,3.0,1.016853,2.0,mapped_network,mapped_network,inrix_reference_speed,Weekday,0,PM,6.0,16.0,23.5,17.75,1065.0,31.5,45.0,23.61340909090909,27.75611360852864,14638.066812022753,1.0,0.25,3265.039164713848,3265.039164713848,15.0,19.0,15.0,19.0,4.0,episode_period_overlap_over_period_total,4.0,3360.0,4.3565675035782,episode_demand_over_period_capacity,True,True,840.0,824.4565415257857,420.0,True,True,0.3339878150896542,4000.56825592885,recurring
corridor-f2947faed79a42308632c488796a7636,state_transition__VA846_NB::110P10108__Weekday__0005,state_transition,multiday_average,VA846_NB::110P10108,110P10108,VA846_NB,1,36784,38337,38338,303.0,mapped_primary_link,NORTHBOUND,1.0,0.315179,2.0,mapped_network,mapped_network,inrix_reference_speed,Weekday,0,PM,6.0,15.0,21.0,15.25,915.0,31.5,45.0,27.47978260869565,29.67431218816821,10532.127938285905,1.0,0.25,2752.560892146478,2752.560892146478,15.0,19.0,15.0,19.0,4.0,episode_period_overlap_over_period_total,4.0,2800.0,3.7614742636735374,episode_demand_over_period_capacity,True,True,700.0,689.6086431177547,315.0,True,True,0.1462972778406259,1712.6398221343843,recurring
corridor-21051d9a79ba439b813404d48701c9cb,state_transition__VA846_SB::110-10108__Weekday__0001,state_transition,multiday_average,VA846_SB::110-10108,110-10108,VA846_SB,2,37039,38417,38475,303.0,mapped_primary_link,SOUTHBOUND,4.0,1.206869,2.0,mapped_network,mapped_network,inrix_reference_speed,Weekday,0,PM,6.0,16.25,20.0,14.25,855.0,31.5,45.0,25.900652173913045,28.648694178628386,9863.018435622267,1.0,0.25,2749.2743731072733,2749.2743731072733,15.0,19.0,15.0,19.0,4.0,episode_period_overlap_over_period_total,4.0,2800.0,3.52250658415081,episode_demand_over_period_capacity,True,True,700.0,689.8279037921513,210.0,True,True,0.2161855921036064,2456.1789278656097,recurring
corridor-21051d9a79ba439b813404d48701c9cb,state_transition__VA846_SB::110-10109__Weekday__0002,state_transition,multiday_average,VA846_SB::110-10109,110-10109,VA846_SB,3,35898,38033,38032,403.0,mapped_primary_link,SOUTHBOUND,3.0,1.005229,2.0,mapped_network,mapped_network,inrix_reference_speed,Weekday,0,AM,6.25,8.75,23.0,17.0,1020.0,31.5,45.0,24.436521739130438,28.06439745117415,14033.56516955408,0.9159878027907944,0.3639058645953001,2271.7291709105234,2480.0867041996758,6.25,9.0,6.0,9.0,3.0,episode_period_overlap_over_period_total,3.0,2520.0,5.568875067283365,episode_demand_over_period_capacity,True,True,840.0,828.1752298685194,840.0,True,True,0.2890541598462741,3516.6129693675844,recurring
corridor-21051d9a79ba439b813404d48701c9cb,state_transition__VA846_SB::110-10110__Weekday__0003,state_transition,multiday_average,VA846_SB::110-10110,110-10110,VA846_SB,1,37230,38477,38176,303.0,mapped_primary_link,SOUTHBOUND,2.0,1.128602,2.0,mapped_network,mapped_network,inrix_reference_speed,Weekday,0,AM,8.25,8.5,10.0,2.0,120.0,31.5,45.0,31.205652173913045,31.624536808300395,1393.640807228315,0.2504091022132677,1.3311550194746553,523.0526752266087,2088.7925822326406,8.25,9.0,6.0,9.0,3.0,episode_period_overlap_over_period_total,3.0,2100.0,0.663638479632531,episode_demand_over_period_capacity,True,True,700.0,694.9351985684898,45.0,True,True,0.0094325164058906,9.029496047430516,recurring
corridor-21051d9a79ba439b813404d48701c9cb,state_transition__VA846_SB::110-10110__Weekday__0004,state_transition,multiday_average,VA846_SB::110-10110,110-10110,VA846_SB,1,37230,38477,38176,303.0,mapped_primary_link,SOUTHBOUND,2.0,1.128602,2.0,mapped_network,mapped_network,inrix_reference_speed,Weekday,0,PM,13.75,17.5,20.0,6.5,390.0,31.5,45.0,29.01326086956521,30.34372339616905,4527.679810781885,1.0,0.25,2785.3868629502954,2785.3868629502954,15.0,19.0,15.0,19.0,4.0,episode_period_overlap_over_period_total,4.0,2800.0,1.617028503850673,episode_demand_over_period_capacity,True,True,700.0,696.7698742414794,135.0,True,True,0.0857104322611099,468.5490118577064,recurring
corridor-6a266ec32e534c25ad67edaf60e5b850,state_transition__VA9_NB::110+11430__Weekday__0002,state_transition,multiday_average,VA9_NB::110+11430,110+11430,VA9_NB,13,36480,38220,38221,603.0,mapped_primary_link,NORTHBOUND,5.0,3.0935,1.0,mapped_network,mapped_network,inrix_reference_speed,Weekday,0,PM,13.25,15.5,19.75,6.75,405.0,35.882,51.26,27.081739130434784,31.62000849802372,5790.199176797322,1.0,0.25,3405.827680087338,3405.827680087338,15.0,19.0,15.0,19.0,4.0,episode_period_overlap_over_period_total,4.0,3600.0,1.6083886602214783,episode_demand_over_period_capacity,True,True,900.0,856.2570867742456,240.0,True,True,0.3249518366298483,1637.2410622529635,recurring
corridor-6a266ec32e534c25ad67edaf60e5b850,state_transition__VA9_NB::110+11431__Weekday__0003,state_transition,multiday_average,VA9_NB::110+11431,110+11431,VA9_NB,12,37046,38419,38231,603.0,mapped_primary_link,NORTHBOUND,6.0,2.200578,1.0,mapped_network,mapped_network,inrix_reference_speed,Weekday,0,PM,15.75,17.25,18.25,2.75,165.0,34.4015,49.145,31.19090909090909,33.60631063600432,2329.0083901050507,0.620311170960532,0.4030235335160625,2115.027990745949,3409.624217263242,15.75,18.25,15.0,19.0,4.0,episode_period_overlap_over_period_total,4.0,3600.0,0.6469467750291807,episode_demand_over_period_capacity,True,True,900.0,837.100320005983,45.0,True,True,0.1029335470708248,193.0137450592884,recurring
corridor-6a266ec32e534c25ad67edaf60e5b850,state_transition__VA9_NB::110+11432__Weekday__0004,state_transition,multiday_average,VA9_NB::110+11432,110+11432,VA9_NB,15,36513,38231,38232,604.0,mapped_primary_link,NORTHBOUND,7.0,0.169449,1.0,mapped_network,mapped_network,inrix_reference_speed,Weekday,0,PM,5.25,17.25,23.75,18.75,1125.0,31.5,45.0,9.007272727272728,20.844770735303342,13119.259488448475,1.0,0.25,2111.7851525861806,2111.7851525861806,15.0,19.0,15.0,19.0,4.0,episode_period_overlap_over_period_total,4.0,3200.0,4.099768590140149,episode_demand_over_period_capacity,True,True,800.0,758.2953123190077,390.0,True,True,2.497174000807428,12012.71770539243,severe
corridor-6a266ec32e534c25ad67edaf60e5b850,state_transition__VA9_NB::110+11433__Weekday__0005,state_transition,multiday_average,VA9_NB::110+11433,110+11433,VA9_NB,14,36420,38202,38233,603.0,mapped_primary_link,NORTHBOUND,8.0,0.426825,1.0,mapped_network,mapped_network,inrix_reference_speed,Weekday,0,PM,0.0,16.75,23.75,24.0,1440.0,31.5,45.0,11.36181818181818,17.35191194554238,18149.377407426786,1.0,0.25,2680.597596165723,2680.597596165723,15.0,19.0,15.0,19.0,4.0,episode_period_overlap_over_period_total,4.0,3600.0,5.041493724285218,episode_demand_over_period_capacity,True,True,900.0,766.3610383055922,390.0,True,True,1.7724435909745555,19099.91887351778,severe
corridor-6a266ec32e534c25ad67edaf60e5b850,state_transition__VA9_NB::110+59232__Weekday__0006,state_transition,multiday_average,VA9_NB::110+59232,110+59232,VA9_NB,2,36521,38233,38234,603.0,mapped_primary_link,NORTHBOUND,8.0005,0.982353,1.0,mapped_network,mapped_network,inrix_reference_speed,Weekday,0,PM,15.75,17.25,18.5,3.0,180.0,31.55145,45.0735,22.71891304347826,27.147243083003957,2365.2556032086754,0.6848502721982349,0.3650432950804693,2158.3819523317743,3151.611439685629,15.75,18.5,15.0,19.0,4.0,episode_period_overlap_over_period_total,4.0,3600.0,0.6570154453357432,episode_demand_over_period_capacity,True,True,900.0,774.2206941610225,60.0,True,True,0.3887746275369113,886.4833102766793,recurring
corridor-6a266ec32e534c25ad67edaf60e5b850,state_transition__VA9_NB::110P11426__Weekday__0007,state_transition,multiday_average,VA9_NB::110P11426,110P11426,VA9_NB,6,36380,38186,38349,603.0,mapped_primary_link,NORTHBOUND,1.5,0.047558,1.0,mapped_network,mapped_network,inrix_reference_speed,Weekday,0,AM,0.0,7.75,23.75,24.0,1440.0,31.5,45.0,7.578913043478261,16.374490408412125,17656.583497927542,1.0,0.3333333333333333,1728.4548387171508,1728.4548387171508,6.0,9.0,6.0,9.0,3.0,episode_period_overlap_over_period_total,3.0,2700.0,6.539475369602793,episode_demand_over_period_capacity,True,True,900.0,767.0867922268616,960.0,True,True,3.156268823681266,21326.968524138894,severe
corridor-8fa9ed4727ab4ffd91ca26ac7a63f952,state_transition__VA9_SB::110-11427__Weekday__0002,state_transition,multiday_average,VA9_SB::110-11427,110-11427,VA9_SB,7,36164,38120,38591,603.0,mapped_primary_link,SOUTHBOUND,7.0,0.498504,1.0,mapped_network,mapped_network,inrix_reference_speed,Weekday,0,AM,6.75,8.0,9.25,2.75,165.0,31.577,45.11,21.885,26.9000610851599,2239.861968111757,0.7349938604881315,0.4535185275043749,1821.641176053128,2478.444071414857,6.75,9.0,6.0,9.0,3.0,episode_period_overlap_over_period_total,3.0,2700.0,0.8295785067080582,episode_demand_over_period_capacity,True,True,900.0,795.116678110761,60.0,True,True,0.4428604066712358,823.9816600790512,recurring
corridor-8fa9ed4727ab4ffd91ca26ac7a63f952,state_transition__VA9_SB::110-11428__Weekday__0003,state_transition,multiday_average,VA9_SB::110-11428,110-11428,VA9_SB,6,36482,38220,38545,603.0,mapped_primary_link,SOUTHBOUND,6.0,1.540349,1.0,mapped_network,mapped_network,inrix_reference_speed,Weekday,0,AM,7.5,8.0,8.75,1.5,90.0,33.8261,48.323,30.635,33.11199851778656,1298.4235399552445,0.411850050777495,0.809356057390458,1082.088878009211,2627.385564154798,7.5,8.75,6.0,9.0,3.0,episode_period_overlap_over_period_total,3.0,2700.0,0.4808976073908312,episode_demand_over_period_capacity,True,True,900.0,854.3619036577104,30.0,True,True,0.1041651705565527,95.0806986166007,recurring
corridor-8fa9ed4727ab4ffd91ca26ac7a63f952,state_transition__VA9_SB::110-11429__Weekday__0004,state_transition,multiday_average,VA9_SB::110-11429,110-11429,VA9_SB,8,36483,38221,38220,603.0,mapped_primary_link,SOUTHBOUND,5.0,3.0935,1.0,mapped_network,mapped_network,inrix_reference_speed,Weekday,0,AM,6.5,7.75,8.75,2.5,150.0,35.559999999999995,50.8,28.55931818181818,32.06758201581028,2136.3379156979786,0.7474937935706453,0.4459345832706638,1922.0301088072656,2571.2990868139104,6.5,8.75,6.0,9.0,3.0,episode_period_overlap_over_period_total,3.0,2700.0,0.7912362650733255,episode_demand_over_period_capacity,True,True,900.0,843.8451143452502,45.0,True,True,0.245127764381948,583.8170454545448,recurring
corridor-8fa9ed4727ab4ffd91ca26ac7a63f952,state_transition__VA9_SB::110-11430__Weekday__0005,state_transition,multiday_average,VA9_SB::110-11430,110-11430,VA9_SB,2,36514,38231,38419,603.0,mapped_primary_link,SOUTHBOUND,4.0,2.200578,1.0,mapped_network,mapped_network,inrix_reference_speed,Weekday,0,AM,5.25,7.25,9.5,4.5,270.0,35.40635,50.5805,26.621304347826086,30.941655687307858,3796.641225083007,1.0,0.3333333333333333,2506.873982531714,2506.873982531714,6.0,9.0,6.0,9.0,3.0,episode_period_overlap_over_period_total,3.0,2700.0,1.40616341669741,episode_demand_over_period_capacity,True,True,900.0,850.2075330310104,120.0,True,True,0.3300005716245568,1246.7291383399202,recurring
corridor-8fa9ed4727ab4ffd91ca26ac7a63f952,state_transition__VA9_SB::110-11433__Weekday__0009,state_transition,multiday_average,VA9_SB::110-11433,110-11433,VA9_SB,3,36522,38234,38233,603.0,mapped_primary_link,SOUTHBOUND,2.0005,0.982665,1.0,mapped_network,mapped_network,inrix_reference_speed,Weekday,0,AM,4.75,6.5,8.75,4.25,255.0,31.5,45.0,19.138409090909093,23.737447686584517,3399.560171915449,0.911264064420868,0.3657922509488787,2183.20168696586,2395.794778051894,6.0,8.75,6.0,9.0,3.0,episode_period_overlap_over_period_total,3.0,2700.0,1.2590963599686846,episode_demand_over_period_capacity,True,True,900.0,795.7049301337559,120.0,True,True,0.6459048320250802,2071.4823616600784,recurring
corridor-8fa9ed4727ab4ffd91ca26ac7a63f952,state_transition__VA9_SB::110-59233__Weekday__0010,state_transition,multiday_average,VA9_SB::110-59233,110-59233,VA9_SB,11,37281,38493,38403,603.0,mapped_primary_link,SOUTHBOUND,2.0005,3.055041,1.0,mapped_network,mapped_network,inrix_reference_speed,Weekday,0,AM,5.75,7.0,8.0,2.5,150.0,36.582,52.26,28.8734375,31.525750919117645,2093.429147494648,0.6700775263657963,0.4974548768128154,1665.623525405521,2485.717636941393,6.0,8.0,6.0,9.0,3.0,episode_period_overlap_over_period_total,3.0,2700.0,0.7753441287017213,episode_demand_over_period_capacity,True,True,900.0,821.9593951326142,45.0,True,True,0.2669776503057521,792.8632444852933,recurring
