corridor,period,net_link_id,tmc_code,projection_status,speed_mae_cbi_mph,speed_mae_assignment_projection_mph
BROADLANDSBLVD_EB,AM,36713,110+58122,ready,8.450416666666666,0.4670326086956524
BROADLANDSBLVD_EB,AM,37305,110P58123,ready,3.0885360789572753,2.9977679630152463
BROADLANDSBLVD_EB,MD,36713,110+58122,ready,9.634101819828723,0.525864995059289
BROADLANDSBLVD_EB,MD,37305,110P58123,ready,4.024403409090911,2.084764410408433
BROADLANDSBLVD_EB,PM,36713,110+58122,ready,10.018601778656127,0.5566694664031622
BROADLANDSBLVD_EB,PM,37305,110P58123,ready,2.989098320158103,1.533084733201581
BROADLANDSBLVD_WB,AM,37001,110N58123,ready,7.814793195934501,3.4754189252776215
BROADLANDSBLVD_WB,AM,37306,110-58121,ready,9.603007040513832,0.38274254776021027
BROADLANDSBLVD_WB,MD,37001,110N58123,ready,11.02354290184453,2.6412451416337284
BROADLANDSBLVD_WB,MD,37306,110-58121,ready,10.028193346508564,0.3996291172595517
BROADLANDSBLVD_WB,PM,37001,110N58123,ready,10.682023838932807,1.6680265563241106
BROADLANDSBLVD_WB,PM,37306,110-58121,ready,10.630546257411066,0.3670325469367599
FAULKNERPKWY_EB,AM,37313,110P58128,ready,4.345952733860343,0.8719981884057978
FAULKNERPKWY_EB,AM,36293,110+58129,ready,0.8001276350461121,0.2837188735177853
FAULKNERPKWY_EB,MD,37313,110P58128,ready,4.367910480974339,0.736817513253655
FAULKNERPKWY_EB,MD,36293,110+58129,ready,0.4264082988267773,0.42522713940648743
FAULKNERPKWY_EB,PM,37313,110P58128,ready,5.813736413043479,0.8092364130434788
FAULKNERPKWY_EB,PM,36293,110+58129,ready,0.4892663043478249,0.5459728260869547
FAULKNERPKWY_WB,AM,36290,110-58128,ready,1.691820652173914,0.5660706521739135
FAULKNERPKWY_WB,MD,36290,110-58128,ready,0.9578126568479833,0.44761850257230645
FAULKNERPKWY_WB,PM,36290,110-58128,ready,1.4275253211462458,0.5527669219367572
I395_NB,AM,29007,110+04121,ready,3.009193063316578,2.664001496432597
I395_NB,AM,32601,110P04121,ready,25.104641798418978,6.870225131752306
I395_NB,AM,32581,110P04120,ready,4.586080986067431,3.89781442588446
I395_NB,AM,28724,110+04122,ready,13.868021702532573,5.362271702532574
I395_NB,AM,28275,110P04122,ready,2.734812478867985,11.97033154957739
I395_NB,AM,28025,110+04123,ready,2.8013139694321456,9.933779749207101
I395_NB,AM,28285,110P04123,ready,2.2955886601211017,7.063521022652108
I395_NB,AM,27878,110+04124,ready,3.1460588668621443,12.746998886863985
I395_NB,AM,26756,110P04124,ready,1.785544185024144,15.870175516287782
I395_NB,AM,26708,110+04125,ready,8.818427520547086,5.117923552293117
I395_NB,AM,26768,110P04125,ready,7.779458733295689,4.38535873329569
I395_NB,AM,26423,110+04126,ready,13.578278240479326,5.073475210176295
I395_NB,AM,26778,110P04126,ready,14.25603641225924,5.359641484723007
I395_NB,AM,26424,110+04127,ready,11.637163208168644,4.193246541501977
I395_NB,AM,26269,110P04127,ready,10.18610836627141,2.3030250329380784
I395_NB,AM,26274,110+04670,ready,12.63239229249012,1.3798752964426846
I395_NB,AM,26230,110P04670,ready,2.8832300752698337,4.576007915068697
I395_NB,AM,26297,110P04128,ready,2.4882141352899683,4.5470307940770835
I395_NB,AM,26825,110+04129,ready,2.6496362943647265,7.708399844086092
I395_NB,AM,26501,110+04130,ready,39.664065593826464,6.236540231507623
I395_NB,AM,26469,110P04130,ready,42.04573566244333,6.319652329109996
I395_NB,MD,29007,110+04121,ready,26.99756422924901,11.944908596837942
I395_NB,MD,32601,110P04121,ready,18.509686233452538,5.733317554426249
I395_NB,MD,32581,110P04120,ready,13.758840658134138,14.864147978229502
I395_NB,MD,28724,110+04122,ready,5.398081357048748,5.189710309617919
I395_NB,MD,28275,110P04122,ready,3.282995546943176,7.330777180329552
I395_NB,MD,28025,110+04123,ready,4.926185139794329,10.469913674434919
I395_NB,MD,28285,110P04123,ready,7.188559351276743,8.667493679026288
I395_NB,MD,27878,110+04124,ready,4.982872492392872,8.842551420650606
I395_NB,MD,26756,110P04124,ready,4.5752375658761535,8.186804100790512
I395_NB,MD,26708,110+04125,ready,1.6429734848484845,3.5192863965744414
I395_NB,MD,26768,110P04125,ready,1.8066127580149323,2.655137241985068
I395_NB,MD,26423,110+04126,ready,7.740641674901184,2.952823904808961
I395_NB,MD,26778,110P04126,ready,7.325775103519668,3.328641563146999
I395_NB,MD,26424,110+04127,ready,3.4718486495388667,5.034552865612649
I395_NB,MD,26269,110P04127,ready,6.123443773919317,2.0926336619298547
I395_NB,MD,26274,110+04670,ready,7.8666695487483524,5.552498929512516
I395_NB,MD,26230,110P04670,ready,13.239218955862976,10.334781044137024
I395_NB,MD,26297,110P04128,ready,20.267943840579708,16.981472826086957
I395_NB,MD,26825,110+04129,ready,25.692589756258233,15.813069664031621
I395_NB,MD,26501,110+04130,ready,35.89910470191041,12.710985877799738
I395_NB,MD,26469,110P04130,ready,39.151509799077736,9.669702157444005
I395_NB,PM,29007,110+04121,ready,0.8851249294168171,7.257450059086142
I395_NB,PM,32601,110P04121,ready,1.1179850965020859,15.73264031445292
I395_NB,PM,32581,110P04120,ready,2.569078561957198,7.914182638482147
I395_NB,PM,28724,110+04122,ready,11.250788572840204,2.3731010728402033
I395_NB,PM,28275,110P04122,ready,6.55856007165712,2.7140849163776157
I395_NB,PM,28025,110+04123,ready,11.839440782044042,7.160690782044043
I395_NB,PM,28285,110P04123,ready,3.94510589474815,14.673116520104298
I395_NB,PM,27878,110+04124,ready,3.8670413594141118,17.327670569134582
I395_NB,PM,26756,110P04124,ready,4.076854924296217,23.29661975264619
I395_NB,PM,26708,110+04125,ready,4.804952445652174,1.851202445652174
I395_NB,PM,26768,110P04125,ready,3.572745976849236,0.8073082298136631
I395_NB,PM,26423,110+04126,ready,9.295883152173912,0.6890953557312263
I395_NB,PM,26778,110P04126,ready,8.661523591897229,0.5489173666007878
I395_NB,PM,26424,110+04127,ready,3.4886876235177837,0.2536411808300367
I395_NB,PM,26269,110P04127,ready,6.479171195652174,0.512701086956521
I395_NB,PM,26274,110+04670,ready,7.307349955298324,0.907591991341993
I395_NB,PM,26230,110P04670,ready,2.3665259644578818,16.688510727616258
I395_NB,PM,26297,110P04128,ready,3.2716900347473077,7.640030101625225
I395_NB,PM,26825,110+04129,ready,1.5202453106758498,8.766071209521165
I395_NB,PM,26501,110+04130,ready,52.22582293725297,3.9164990736166008
I395_NB,PM,26469,110P04130,ready,52.03875679347826,3.4928872282608694
I395_SB,AM,26712,110N04130,ready,15.388320589434718,1.0086249372608063
I395_SB,AM,26471,110N04129,ready,14.694435151201452,0.8806996439550758
I395_SB,AM,26833,110-04128,ready,14.662554347826088,0.7003913043478261
I395_SB,AM,26829,110N04128,ready,12.413618875086271,1.0130355417529355
I395_SB,AM,26824,110N04670,ready,6.925208333333333,0.4479148550724634
I395_SB,AM,26684,110-04127,ready,6.391393280632411,0.6888712121212143
I395_SB,AM,26806,110N04127,ready,4.403003129117261,0.34614245718050124
I395_SB,AM,26796,110-04126,ready,0.4531336462450615,0.4630330204216075
I395_SB,AM,26788,110N04126,ready,0.39009181488801187,0.5294287714097502
I395_SB,AM,26781,110-04125,ready,0.7592243083003952,0.7560727931488795
I395_SB,AM,26776,110N04125,ready,2.0933300395256906,0.6359169960474323
I395_SB,AM,26764,110-04124,ready,4.814873188405795,0.6726666666666651
I395_SB,AM,32604,110N04120,ready,6.5001268508062005,1.1648732276177949
I395_SB,AM,28312,110N04124,ready,3.5322463768115937,1.076416666666665
I395_SB,AM,28307,110-04123,ready,3.2041082015810276,1.157191534914362
I395_SB,AM,28302,110N04123,ready,0.8310652173913035,0.7009434782608686
I395_SB,AM,28289,110-04122,ready,1.074275362318841,1.2821231884057955
I395_SB,AM,28279,110N04122,ready,0.44342061923583803,0.636339262187087
I395_SB,AM,32616,110-04121,ready,0.6722348484848452,0.6167651515151551
I395_SB,AM,32611,110N04121,ready,6.766520092226614,1.0030671936758886
I395_SB,MD,26712,110N04130,ready,16.54364686264822,0.8369162137681169
I395_SB,MD,26471,110N04129,ready,16.333610503325176,0.6985507285588805
I395_SB,MD,26833,110-04128,ready,15.464517045454548,0.43627857378129126
I395_SB,MD,26829,110N04128,ready,12.328559370882738,0.7211725131752301
I395_SB,MD,26824,110N04670,ready,6.5988473633854055,0.3620184139531985
I395_SB,MD,26684,110-04127,ready,5.541059782608696,0.4880416666666667
I395_SB,MD,26806,110N04127,ready,5.8821240942029,5.494261281291172
I395_SB,MD,26796,110-04126,ready,3.2885956027667973,12.456607295783927
I395_SB,MD,26788,110N04126,ready,3.0371792654808942,7.889582756916997
I395_SB,MD,26781,110-04125,ready,3.197121629194257,4.643214339185191
I395_SB,MD,26776,110N04125,ready,4.362568140645585,4.413962656455863
I395_SB,MD,26764,110-04124,ready,6.594681740170583,3.6351478052839625
I395_SB,MD,32604,110N04120,ready,8.88844844406801,3.9626946718740204
I395_SB,MD,28312,110N04124,ready,5.827886303167337,3.18993072581817
I395_SB,MD,28307,110-04123,ready,4.944870384748103,3.0136984558316087
I395_SB,MD,28302,110N04123,ready,2.4439877717391316,4.093698822463769
I395_SB,MD,28289,110-04122,ready,2.4098547195558067,5.685311947110859
I395_SB,MD,28279,110N04122,ready,1.9727412714097505,1.5768764822134387
I395_SB,MD,32616,110-04121,ready,1.4678275279973654,1.5119847249670606
I395_SB,MD,32611,110N04121,ready,9.976427416457062,2.1420132950053885
I395_SB,PM,26712,110N04130,ready,22.02474864130435,1.5008452322134387
I395_SB,PM,26471,110N04129,ready,19.780918766469036,0.5206151950404663
I395_SB,PM,26833,110-04128,ready,18.04332298136646,0.8214472049689441
I395_SB,PM,26829,110N04128,ready,16.27706027667984,1.8481969226425734
I395_SB,PM,26824,110N04670,ready,9.34232213438735,0.9652258610954253
I395_SB,PM,26684,110-04127,ready,8.883374153020894,1.556855519480521
I395_SB,PM,26806,110N04127,ready,2.9955135512341853,5.621768873820843
I395_SB,PM,26796,110-04126,ready,36.27888434029739,14.329717673630716
I395_SB,PM,26788,110N04126,ready,3.939435113339428,9.470821694803359
I395_SB,PM,26781,110-04125,ready,5.442844144560067,7.829748283563708
I395_SB,PM,26776,110N04125,ready,3.7748100931288366,9.496716424236098
I395_SB,PM,26764,110-04124,ready,3.341135753654372,9.805288557990114
I395_SB,PM,32604,110N04120,ready,4.8362792433211705,17.204849747358086
I395_SB,PM,28312,110N04124,ready,5.431282528295308,6.45481778298641
I395_SB,PM,28307,110-04123,ready,4.205140809120688,5.467052343710825
I395_SB,PM,28302,110N04123,ready,6.559107976007517,4.133848606116039
I395_SB,PM,28289,110-04122,ready,3.018383420604463,10.110646930351677
I395_SB,PM,28279,110N04122,ready,11.994175827569169,5.96130082756917
I395_SB,PM,32616,110-04121,ready,10.007712450592885,5.276144268774704
I395_SB,PM,32611,110N04121,ready,18.924393071828533,4.058806115306796
I495_CCW,AM,17740,110-04613,ready,40.56398429167451,4.0711545658447825
I495_CCW,AM,28667,110N04613,ready,39.47232213438735,5.788584321475626
I495_CCW,AM,32760,110-04612,ready,20.216657608695655,2.493701086956522
I495_CCW,AM,31752,110N04612,ready,14.430937911725957,1.3411777009222654
I495_CCW,AM,31757,110-04611,ready,13.215376811594203,0.9360768115942022
I495_CCW,AM,32749,110N04611,ready,6.700506340579711,1.2859230072463774
I495_CCW,AM,31750,110-04610,ready,7.999390279607671,1.2835496998975267
I495_CCW,AM,31735,110N04610,ready,5.806286231884056,1.0060507246376804
I495_CCW,AM,32642,110-04609,ready,4.041983695652173,0.9696105072463764
I495_CCW,AM,31726,110N04609,ready,1.2615143280632413,1.7438476613965748
I495_CCW,AM,32651,110-04608,ready,2.928613306982872,1.2945701581027649
I495_CCW,AM,31717,110N04608,ready,7.307573945981555,1.4868239459815549
I495_CCW,AM,31722,110-04607,ready,7.993187747035572,5.190687747035571
I495_CCW,AM,31707,110N04607,ready,1.0713898338979853,2.2597738918690027
I495_CCW,AM,32686,110-04606,ready,1.3135927206851103,2.2054333003952564
I495_CCW,AM,31698,110N04606,ready,0.9065577749545136,1.891397758642323
I495_CCW,AM,32695,110-04605,ready,5.2921310935441355,2.1767977602108033
I495_CCW,AM,31689,110N04605,ready,1.1304438405797097,2.0595594532279335
I495_CCW,AM,31694,110-04604,ready,0.8409236071899094,1.9227330933559181
I495_CCW,AM,31679,110N04604,ready,7.193711611456174,2.689961611456173
I495_CCW,AM,31684,110-04603,ready,11.018114377470354,4.696031044137023
I495_CCW,AM,32585,110N04603,ready,6.430412414125729,0.8501756717014874
I495_CCW,AM,33035,110-04648,ready,12.083058300395258,1.3012982213438733
I495_CCW,AM,31677,110N04648,ready,7.116704545454543,2.016478853754941
I495_CCW,AM,31673,110-04647,ready,7.331966544325238,2.731723066064371
I495_CCW,AM,32340,110N04647,ready,6.240647353314114,3.54333213592281
I495_CCW,AM,32339,110-04646,ready,10.057933596837945,4.099724505928854
I495_CCW,AM,28731,110N04646,ready,3.7566596261528313,2.5978262928194993
I495_CCW,AM,28238,110N04645,ready,7.202061511857707,4.2213115118577065
I495_CCW,MD,17740,110-04613,ready,47.694232268335526,2.6328510649978036
I495_CCW,MD,28667,110N04613,ready,41.74682670062425,1.5241677351935505
I495_CCW,MD,32760,110-04612,ready,20.124991706662904,1.1148757175795232
I495_CCW,MD,31752,110N04612,ready,13.978152585639,1.2298166172595526
I495_CCW,MD,31757,110-04611,ready,13.082235534694773,1.3511845904699173
I495_CCW,MD,32749,110N04611,ready,5.368975131752304,0.9778582015810292
I495_CCW,MD,31750,110-04610,ready,5.692028358115313,2.126804975218019
I495_CCW,MD,31735,110N04610,ready,5.8927213154448195,1.929342090352281
I495_CCW,MD,32642,110-04609,ready,5.479089946436413,2.66729100594454
I495_CCW,MD,31726,110N04609,ready,5.444079459188154,7.242021354852877
I495_CCW,MD,32651,110-04608,ready,8.102950036075036,9.04464779001192
I495_CCW,MD,31717,110N04608,ready,12.828226108131,17.545232225202337
I495_CCW,MD,31722,110-04607,ready,10.625930892778719,13.583646488173663
I495_CCW,MD,31707,110N04607,ready,8.571848649538866,11.980843214756257
I495_CCW,MD,32686,110-04606,ready,9.051854825428196,10.091339015151517
I495_CCW,MD,31698,110N04606,ready,6.985549614938204,8.572971630121085
I495_CCW,MD,32695,110-04605,ready,9.6839503536922,6.143761602829539
I495_CCW,MD,31689,110N04605,ready,2.5402132633506143,1.318222417569256
I495_CCW,MD,31694,110-04604,ready,2.33773180171278,1.4468368741765472
I495_CCW,MD,31679,110N04604,ready,8.803687005928854,2.169815299736494
I495_CCW,MD,31684,110-04603,ready,8.137899678069514,0.6986401770029481
I495_CCW,MD,32585,110N04603,ready,5.325110813099944,3.22402867965368
I495_CCW,MD,33035,110-04648,ready,10.991417739114752,16.412943371996363
I495_CCW,MD,31677,110N04648,ready,5.225859879854444,18.7956452333898
I495_CCW,MD,31673,110-04647,ready,5.183234264226111,18.55233704670933
I495_CCW,MD,32340,110N04647,ready,3.9634336180124223,16.696155150103518
I495_CCW,MD,32339,110-04646,ready,10.372665289256197,16.50218846568451
I495_CCW,MD,28731,110N04646,ready,8.048621691220506,19.20672343993293
I495_CCW,MD,28238,110N04645,ready,10.160638547744526,16.44994478558881
I495_CCW,PM,17740,110-04613,ready,49.537447651985694,9.494135151985695
I495_CCW,PM,28667,110N04613,ready,43.78088871047431,6.209269145256917
I495_CCW,PM,32760,110-04612,ready,21.487864995059287,2.0354274950592877
I495_CCW,PM,31752,110N04612,ready,15.2796250058818,0.8824498576604545
I495_CCW,PM,31757,110-04611,ready,16.616155950028233,1.9159501576322229
I495_CCW,PM,32749,110N04611,ready,8.29636434217956,1.0337214850367016
I495_CCW,PM,31750,110-04610,ready,10.842899038073726,2.8119704666451555
I495_CCW,PM,31735,110N04610,ready,3.526959051991764,10.238004629610955
I495_CCW,PM,32642,110-04609,ready,3.4276457177791766,11.371044651580911
I495_CCW,PM,31726,110N04609,ready,2.771941782551625,10.699053856915539
I495_CCW,PM,32651,110-04608,ready,1.7914197655547208,9.665610166107754
I495_CCW,PM,31717,110N04608,ready,1.5401217715033535,16.319619220187594
I495_CCW,PM,31722,110-04607,ready,2.044579810140617,9.589858023146528
I495_CCW,PM,31707,110N04607,ready,2.1872468571000727,8.35043950199493
I495_CCW,PM,32686,110-04606,ready,3.6416917922472227,9.228788957807918
I495_CCW,PM,31698,110N04606,ready,4.592840782617169,10.009859704274428
I495_CCW,PM,32695,110-04605,ready,2.5121920724849716,13.447296630388093
I495_CCW,PM,31689,110N04605,ready,7.273623658949745,0.7547444946357983
I495_CCW,PM,31694,110-04604,ready,6.048151247529644,0.6049307682806337
I495_CCW,PM,31679,110N04604,ready,13.996353225578769,0.7653043831168844
I495_CCW,PM,31684,110-04603,ready,10.27405901356343,0.9186196549148296
I495_CCW,PM,32585,110N04603,ready,9.578257281667607,2.4965154338415214
I495_CCW,PM,33035,110-04648,ready,4.151261649834721,9.65104003272564
I495_CCW,PM,31677,110N04648,ready,2.457790448962197,4.994202456689562
I495_CCW,PM,31673,110-04647,ready,3.3387578389720587,4.993939227853779
I495_CCW,PM,32340,110N04647,ready,0.9799963331985735,4.458014157286391
I495_CCW,PM,32339,110-04646,ready,3.9494307431261833,8.714006752339937
I495_CCW,PM,28731,110N04646,ready,1.1180347757839688,12.746429593006718
I495_CCW,PM,28238,110N04645,ready,1.4885992268374217,13.865714048341882
I495_CW,AM,16465,110+04614,ready,20.22534730064621,1.2542203008344288
I495_CW,AM,28235,110P04645,ready,4.35411231884058,1.7105289855072467
I495_CW,AM,28736,110+04646,ready,2.3209667325428196,1.6313076416337278
I495_CW,AM,28734,110P04646,ready,0.7818618247694348,1.4691734189723327
I495_CW,AM,32770,110+04647,ready,5.841899703557313,1.8994830368906452
I495_CW,AM,32337,110P04647,ready,3.855297156346069,2.9110362867808526
I495_CW,AM,32338,110+04648,ready,3.869832015810277,2.37241534914361
I495_CW,AM,31963,110P04648,ready,3.332232789855073,2.262732789855074
I495_CW,AM,31965,110+04603,ready,8.378096900683856,1.975709219524439
I495_CW,AM,32096,110P04603,ready,4.041850645433741,6.654475729359719
I495_CW,AM,32094,110+04604,ready,2.81454334013153,8.241114594809842
I495_CW,AM,31969,110P04604,ready,2.7352266341337295,8.312580621937057
I495_CW,AM,32710,110+04605,ready,2.124417426950061,4.417302868128558
I495_CW,AM,31975,110P04605,ready,2.154075543964234,6.162987275992506
I495_CW,AM,32702,110+04606,ready,1.963536167275113,6.212397039656497
I495_CW,AM,31979,110P04606,ready,10.016518115942025,2.681141304347823
I495_CW,AM,31977,110+04607,ready,5.314211956521738,1.782222826086955
I495_CW,AM,31988,110P04607,ready,9.194958415678526,1.6488459321475617
I495_CW,AM,32677,110+04608,ready,11.716940876152831,1.5415848155467717
I495_CW,AM,31996,110P04608,ready,11.81200781102955,1.5017650574063606
I495_CW,AM,32658,110+04609,ready,11.927422360248448,3.3081682194616975
I495_CW,AM,32004,110P04609,ready,8.56019313690262,2.1273630973769313
I495_CW,AM,32001,110+04610,ready,9.939146158792902,2.83022175952067
I495_CW,AM,32010,110P04610,ready,7.978188405797101,2.132880434782608
I495_CW,AM,32633,110+04611,ready,9.097727351151264,2.5105116067507365
I495_CW,AM,32012,110P04611,ready,15.32009855756891,7.95142662081002
I495_CW,AM,32757,110+04612,ready,13.58273509552042,3.0656100955204217
I495_CW,AM,32018,110P04612,ready,15.891562903883559,1.7966462372168899
I495_CW,AM,32759,110+04613,ready,22.787813401875898,1.4721933425873661
I495_CW,MD,16465,110+04614,ready,27.629408996800304,10.566543737060043
I495_CW,MD,28235,110P04645,ready,2.7094801959815555,1.3281810359025021
I495_CW,MD,28736,110+04646,ready,1.4452591814888003,0.5549437170619237
I495_CW,MD,28734,110P04646,ready,0.29906899810964044,0.2976909262759922
I495_CW,MD,32770,110+04647,ready,4.8528378505552405,3.235203816111427
I495_CW,MD,32337,110P04647,ready,3.6220999200075306,5.47833848578957
I495_CW,MD,32338,110+04648,ready,3.2519589136708693,1.8203019558943474
I495_CW,MD,31963,110P04648,ready,2.0839075469367585,1.259538105237155
I495_CW,MD,31965,110+04603,ready,7.493013422266138,0.7783828227931503
I495_CW,MD,32096,110P04603,ready,6.089552061766735,6.535114604899931
I495_CW,MD,32094,110+04604,ready,14.130380399491813,10.638119600508187
I495_CW,MD,31969,110P04604,ready,16.87872492392873,9.62763014853504
I495_CW,MD,32710,110+04605,ready,14.499082032920965,6.433244806905875
I495_CW,MD,31975,110P04605,ready,16.767791389241797,4.582841186515779
I495_CW,MD,32702,110+04606,ready,23.237168884105028,2.1391740718520604
I495_CW,MD,31979,110P04606,ready,6.300868535902502,1.4653325510540185
I495_CW,MD,31977,110+04607,ready,3.012642221908525,1.427651256352344
I495_CW,MD,31988,110P04607,ready,9.810612530585358,1.3853150056465273
I495_CW,MD,32677,110+04608,ready,14.51668951745718,1.2986816946640323
I495_CW,MD,31996,110P04608,ready,10.668572340250329,3.551855195981556
I495_CW,MD,32658,110+04609,ready,8.119544435033566,8.107338140724009
I495_CW,MD,32004,110P04609,ready,8.778304174683141,5.779428455569236
I495_CW,MD,32001,110+04610,ready,15.917417565167668,7.629154876165846
I495_CW,MD,32010,110P04610,ready,6.356964491231164,10.761715326350968
I495_CW,MD,32633,110+04611,ready,5.623599605561686,9.871052861127836
I495_CW,MD,32012,110P04611,ready,42.91741797191467,10.325861089288782
I495_CW,MD,32757,110+04612,ready,28.51387373639344,10.364764932908274
I495_CW,MD,32018,110P04612,ready,8.184005215349357,17.674908778446156
I495_CW,MD,32759,110+04613,ready,32.79526095387101,10.622364046128991
I495_CW,PM,16465,110+04614,ready,1.6256220380760038,12.539948066417352
I495_CW,PM,28235,110P04645,ready,5.098180553594958,0.3315600002352723
I495_CW,PM,28736,110+04646,ready,2.825686141304347,0.6263111413043458
I495_CW,PM,28734,110P04646,ready,2.165365612648222,1.277738735177867
I495_CW,PM,32770,110+04647,ready,16.281300333498024,7.389925333498024
I495_CW,PM,32337,110P04647,ready,4.436032186768268,17.89777505253438
I495_CW,PM,32338,110+04648,ready,9.81943262104743,4.569063055830041
I495_CW,PM,31963,110P04648,ready,5.4603566576086955,1.3208729619565216
I495_CW,PM,31965,110+04603,ready,9.324470726284588,0.630894639328063
I495_CW,PM,32096,110P04603,ready,5.558322628458496,0.4251052371541486
I495_CW,PM,32094,110+04604,ready,15.950166572557876,2.8218187464709206
I495_CW,PM,31969,110P04604,ready,7.10231919348767,0.4427226025785793
I495_CW,PM,32710,110+04605,ready,3.0996557676924517,0.7491083368624127
I495_CW,PM,31975,110P04605,ready,0.7415384140316181,1.604700469367589
I495_CW,PM,32702,110+04606,ready,12.92685338438735,1.9744645503952567
I495_CW,PM,31979,110P04606,ready,3.5522214673913037,1.0225040760869564
I495_CW,PM,31977,110+04607,ready,1.4083782114624501,0.4807250494071167
I495_CW,PM,31988,110P04607,ready,7.913691329051382,1.7063583250988135
I495_CW,PM,32677,110+04608,ready,14.279759757905138,2.167721714426877
I495_CW,PM,31996,110P04608,ready,9.534303977272724,0.9281718132411076
I495_CW,PM,32658,110+04609,ready,5.584527426830418,0.6559118141821942
I495_CW,PM,32004,110P04609,ready,9.291591835474307,1.441094552865612
I495_CW,PM,32001,110+04610,ready,17.030981539972707,4.186927427418597
I495_CW,PM,32010,110P04610,ready,28.425428724355356,6.010716873706004
I495_CW,PM,32633,110+04611,ready,35.12991199357707,6.380000061758894
I495_CW,PM,32012,110P04611,ready,2.450902767450434,18.815304576672133
I495_CW,PM,32757,110+04612,ready,1.4816200601206033,13.586494950472982
I495_CW,PM,32018,110P04612,ready,1.838808286685793,17.624907158341422
I495_CW,PM,32759,110+04613,ready,1.1305968644582354,17.440839764418705
I495_NB,AM,35788,110P17033,ready,7.005434782608698,1.6049043478260878
I495_NB,MD,35788,110P17033,ready,3.882490261879097,3.9447804891090446
I495_NB,PM,35788,110P17033,ready,3.5461820652173914,0.4565679347826075
I495_SB,AM,33026,110N17033,ready,1.5247426712779983,1.1123658596837973
I495_SB,MD,33026,110N17033,ready,0.27976449275362353,0.4664497694334641
I495_SB,PM,33026,110N17033,ready,0.7862753211462472,0.9447506175889311
I66_EB,AM,38189,110P58625,ready,0.7904891304347821,1.306094202898553
I66_EB,AM,38500,110+58626,ready,6.796483036890646,2.272791007905141
I66_EB,AM,39209,110P58626,ready,5.879247776679843,0.9063386857707533
I66_EB,AM,39157,110+58627,ready,5.475559947299076,1.3966357048748332
I66_EB,AM,38167,110+58628,ready,3.024419466403162,2.478803524374174
I66_EB,AM,31829,110+58629,ready,3.917297842555994,0.7278688241106721
I66_EB,AM,31408,110P58629,ready,4.561319581686429,0.1832724802371537
I66_EB,AM,31392,110+58630,ready,0.7297804520358872,0.699962991718427
I66_EB,AM,31809,110+58631,ready,5.6123656126482215,0.6119343873517792
I66_EB,AM,31382,110+58632,ready,2.5753254203525935,1.6666139735868004
I66_EB,AM,31800,110+58633,ready,7.093152173913043,2.464847826086954
I66_EB,AM,31790,110+58634,ready,2.6404438405797106,1.8369402173913034
I66_EB,AM,31785,110+58635,ready,2.517264492753623,1.6892318840579723
I66_EB,AM,40899,110N04187,ready,5.156590497364956,0.5315578886693046
I66_EB,AM,39183,110-04186,ready,7.409522241043978,0.9293918062613701
I66_EB,AM,31724,110+58636,ready,5.698872694334651,1.0900008234519103
I66_EB,AM,39175,110N04186,ready,9.157789525691697,1.8954349802371524
I66_EB,AM,40962,110-04185,ready,15.133562252964428,3.9144622529644275
I66_EB,AM,39159,110N04185,ready,11.714324621734946,3.2618246217349482
I66_EB,AM,40966,110-04184,ready,4.062071834612534,21.513132849050084
I66_EB,AM,39147,110N04184,ready,4.427984928850279,34.49384650694883
I66_EB,AM,39146,110-04183,ready,2.6087711842888983,26.115080537024244
I66_EB,AM,31415,110N04183,ready,3.7257563251181485,23.574182810945
I66_EB,AM,31410,110-04182,ready,2.280585065946869,24.273317697005442
I66_EB,AM,32866,110N04182,ready,18.61045042819499,2.7742982542819488
I66_EB,AM,35760,110-04181,ready,8.95294621290545,3.8979613644206004
I66_EB,AM,32869,110N04181,ready,6.85390533596838,2.7197227272727296
I66_EB,AM,31395,110-04180,ready,2.5854467835150863,11.960599283493607
I66_EB,AM,35787,110N04180,ready,2.3954682027386887,7.202006839595698
I66_EB,AM,31804,110N04179,ready,1.9952866134693734,3.7180071516834885
I66_EB,AM,31371,110-04178,ready,36.05706192358367,13.92609090909091
I66_EB,AM,31795,110N04178,ready,1.5880311120135466,16.20414050545099
I66_EB,AM,31361,110-04177,ready,13.614733711336973,7.26501994322103
I66_EB,AM,31353,110-04176,ready,26.14588397562582,5.348996294466402
I66_EB,AM,35779,110N04176,ready,21.046053194993405,3.5526365283267425
I66_EB,AM,31351,110-04175,ready,2.5915437652287032,17.387714863802326
I66_EB,AM,31338,110N04175,ready,16.943902417027417,1.765862734487736
I66_EB,AM,26306,110-04163,ready,12.163931138031927,1.131456829731534
I66_EB,MD,38189,110P58625,ready,0.6265666172595518,0.27232847496706175
I66_EB,MD,38500,110+58626,ready,5.3540825569358175,0.18760370788631717
I66_EB,MD,39209,110P58626,ready,5.052960721343875,0.2718291337285888
I66_EB,MD,39157,110+58627,ready,4.63250864624506,1.1322653985507227
I66_EB,MD,38167,110+58628,ready,0.5362584403820829,1.864492136034258
I66_EB,MD,31829,110+58629,ready,6.227217930291053,1.7381625943226717
I66_EB,MD,31408,110P58629,ready,5.648050654056088,0.5836231178242036
I66_EB,MD,31392,110+58630,ready,0.16057641633728656,0.3093148880105421
I66_EB,MD,31809,110+58631,ready,6.936513092885376,1.015498929512517
I66_EB,MD,31382,110+58632,ready,4.436565519323671,4.533802234299517
I66_EB,MD,31800,110+58633,ready,6.832801383399209,4.264392292490118
I66_EB,MD,31790,110+58634,ready,2.0592308959156793,1.2701228590250329
I66_EB,MD,31785,110+58635,ready,2.524601449275363,0.4409510869565206
I66_EB,MD,40899,110N04187,ready,5.06614624505929,0.20714229249011593
I66_EB,MD,39183,110-04186,ready,6.975634057971014,0.34268478260869567
I66_EB,MD,31724,110+58636,ready,6.637129603488298,0.9834211211493834
I66_EB,MD,39175,110N04186,ready,7.499202898550724,0.5817264492753628
I66_EB,MD,40962,110-04185,ready,10.431222826086955,1.3312809617918322
I66_EB,MD,39159,110N04185,ready,7.473665596179185,1.22354273715415
I66_EB,MD,40966,110-04184,ready,10.768387887022397,5.02640377964427
I66_EB,MD,39147,110N04184,ready,11.931203886693018,10.04152618577075
I66_EB,MD,39146,110-04183,ready,13.493746137618421,9.015462195714912
I66_EB,MD,31415,110N04183,ready,16.38836091897233,8.385231472332016
I66_EB,MD,31410,110-04182,ready,19.069053030303028,6.4551360342556
I66_EB,MD,32866,110N04182,ready,14.169528573781292,1.925886281291171
I66_EB,MD,35760,110-04181,ready,3.733313158761528,1.1834368412384724
I66_EB,MD,32869,110N04181,ready,1.6307170109479896,2.694146131344502
I66_EB,MD,31395,110-04180,ready,3.000446212905453,7.30284081106092
I66_EB,MD,35787,110N04180,ready,8.491868912337663,15.423845596885002
I66_EB,MD,31804,110N04179,ready,14.165931340915812,23.044371689387216
I66_EB,MD,31371,110-04178,ready,25.12007479172239,13.609609418803924
I66_EB,MD,31795,110N04178,ready,10.389520986260116,6.000501698049903
I66_EB,MD,31361,110-04177,ready,11.640330615942027,3.986355978260871
I66_EB,MD,31353,110-04176,ready,23.45908594699108,3.431449626131444
I66_EB,MD,35779,110N04176,ready,18.308127039023777,3.150208105903759
I66_EB,MD,31351,110-04175,ready,25.014700675230568,3.5721634552042167
I66_EB,MD,31338,110N04175,ready,17.112348544735895,2.016151455264104
I66_EB,MD,26306,110-04163,ready,15.622314929183135,0.7861669548748352
I66_EB,PM,38189,110P58625,ready,0.4890053730237165,0.5415841773715435
I66_EB,PM,38500,110+58626,ready,5.8554983942687775,0.4919934535573143
I66_EB,PM,39209,110P58626,ready,5.37389945652174,0.5985896739130458
I66_EB,PM,39157,110+58627,ready,5.750114518633543,1.1015329616036134
I66_EB,PM,38167,110+58628,ready,1.3981941699604743,1.3469787549407108
I66_EB,PM,31829,110+58629,ready,6.57889266304348,1.26408016304348
I66_EB,PM,31408,110P58629,ready,6.062677248023713,0.9594788784584969
I66_EB,PM,31392,110+58630,ready,0.20473258399209548,1.06851148715415
I66_EB,PM,31809,110+58631,ready,7.0888605484189755,0.9395771986166039
I66_EB,PM,31382,110+58632,ready,3.677209674383586,1.819803794936945
I66_EB,PM,31800,110+58633,ready,8.65562711744777,2.373634775550537
I66_EB,PM,31790,110+58634,ready,1.6695757164031626,0.9927088685770746
I66_EB,PM,31785,110+58635,ready,2.6656818181818194,0.9129508399209509
I66_EB,PM,40899,110N04187,ready,5.203451086956521,0.35031398221343935
I66_EB,PM,39183,110-04186,ready,7.3295551301054,0.4806323698946011
I66_EB,PM,31724,110+58636,ready,7.154337591756069,0.6476624082439305
I66_EB,PM,39175,110N04186,ready,7.843220108695653,0.4345788043478267
I66_EB,PM,40962,110-04185,ready,10.84623795701581,0.4303853137351781
I66_EB,PM,39159,110N04185,ready,7.3450233087306085,0.4981868832513245
I66_EB,PM,40966,110-04184,ready,12.001001288114061,0.669738089356295
I66_EB,PM,39147,110N04184,ready,10.8989090144457,0.466110748400149
I66_EB,PM,39146,110-04183,ready,10.973933423913044,0.430979619565218
I66_EB,PM,31415,110N04183,ready,13.479951828063243,0.6638525197628424
I66_EB,PM,31410,110-04182,ready,16.505570652173912,0.39478804347825935
I66_EB,PM,32866,110N04182,ready,13.494234189723322,0.6210620059288545
I66_EB,PM,35760,110-04181,ready,3.5625024409467345,0.4762636163655172
I66_EB,PM,32869,110N04181,ready,0.7602047748447207,0.7835806806418222
I66_EB,PM,31395,110-04180,ready,1.5443708239224545,2.010495823922454
I66_EB,PM,35787,110N04180,ready,6.432293482223345,4.5575990831822635
I66_EB,PM,31804,110N04179,ready,5.108023992161465,13.130444010513665
I66_EB,PM,31371,110-04178,ready,2.0273714073612097,13.132948524496463
I66_EB,PM,31795,110N04178,ready,14.226250926990625,4.6795686527431375
I66_EB,PM,31361,110-04177,ready,14.460942176030489,3.261284567334839
I66_EB,PM,31353,110-04176,ready,25.75026865118577,1.583746912055335
I66_EB,PM,35779,110N04176,ready,18.238979743083004,0.8972621047430827
I66_EB,PM,31351,110-04175,ready,24.96383430088933,2.1683615983201587
I66_EB,PM,31338,110N04175,ready,17.77385128458498,0.3422018280632426
I66_EB,PM,26306,110-04163,ready,5.381514371400396,14.540207561206438
I66_WB,AM,31350,110-58634,ready,5.854164980550852,0.7724113573624448
I66_WB,AM,31355,110-58633,ready,6.443838109354416,0.9736786890645597
I66_WB,AM,31369,110-58632,ready,6.163624423583662,0.8426823945981555
I66_WB,AM,31376,110-58631,ready,5.3592210144927535,0.46913768115942034
I66_WB,AM,35765,110N58631,ready,6.162391304347826,0.7522246376811582
I66_WB,AM,31383,110-58630,ready,4.818315217391305,0.8174818840579713
I66_WB,AM,32848,110-58629,ready,0.5737705862977597,0.8737389657444
I66_WB,AM,32042,110N58629,ready,6.893820816864295,0.6517552700922261
I66_WB,AM,31405,110-58628,ready,7.065776515151513,0.7050423254281976
I66_WB,AM,38749,110-58627,ready,0.6197587285902486,0.572736989459815
I66_WB,AM,39149,110-58626,ready,5.971456686429512,0.4614925889328039
I66_WB,AM,39211,110N58626,ready,7.423768115942031,0.5398313570487497
I66_WB,AM,39163,110-58625,ready,7.772888669301717,0.839225625823449
I66_WB,AM,39171,110N58625,ready,7.333387838007404,0.823161553422422
I66_WB,AM,32573,110P04175,ready,10.27457180500659,10.27457180500659
I66_WB,AM,31334,110+04176,ready,11.357490942028988,1.027454710144929
I66_WB,AM,35781,110P04177,ready,14.411247776679838,1.6923129940711454
I66_WB,AM,31358,110+04178,ready,1.8197459454796399,1.66992710489993
I66_WB,AM,32031,110P04178,ready,2.216643806073154,1.766060472739822
I66_WB,AM,31368,110+04179,ready,7.6659255599473,1.0734331357048752
I66_WB,AM,32034,110P04179,ready,1.9334057971014527,0.7270942028985475
I66_WB,AM,32035,110+04180,ready,1.1540365612648216,0.8610467720685128
I66_WB,AM,31381,110P04180,ready,1.3240851449275375,0.7808315217391305
I66_WB,AM,31398,110+04181,ready,2.8534420289855085,0.41459782608695644
I66_WB,AM,32037,110P04181,ready,1.8838339920948617,0.5498362977602097
I66_WB,AM,32868,110+04182,ready,5.314246541501977,1.0229586627140967
I66_WB,AM,31388,110P04182,ready,2.825756752305665,0.5280696640316229
I66_WB,AM,31406,110+04183,ready,11.14163208168643,1.0828050065876156
I66_WB,AM,31414,110P04183,ready,9.910028820816866,0.7909273715415021
I66_WB,AM,31416,110+04184,ready,9.913641304347824,0.8176413043478222
I66_WB,AM,39145,110P04184,ready,8.816529973649539,0.5966821475625821
I66_WB,AM,40967,110+04185,ready,10.298223461321289,0.7794553453792599
I66_WB,AM,39158,110P04185,ready,12.256516798418971,0.6867341897233192
I66_WB,AM,40960,110+04186,ready,13.390049818840582,0.8756422101449312
I66_WB,AM,39173,110P04186,ready,9.585027173913046,0.49179528985507187
I66_WB,AM,39179,110+04187,ready,9.333098237812912,0.7421815711462459
I66_WB,AM,40894,110P04187,ready,7.898540843214755,0.48935243741765433
I66_WB,MD,31350,110-58634,ready,7.212224143610015,1.2023168642951232
I66_WB,MD,31355,110-58633,ready,8.36322628458498,0.9195979907773394
I66_WB,MD,31369,110-58632,ready,6.8131147068511195,0.19161569499341388
I66_WB,MD,31376,110-58631,ready,5.79389678030303,0.29901725131752066
I66_WB,MD,35765,110N58631,ready,6.554140765361121,0.2680532698526783
I66_WB,MD,31383,110-58630,ready,4.736582262845849,0.47350831686429434
I66_WB,MD,32848,110-58629,ready,0.6228660618038081,1.385632860222781
I66_WB,MD,32042,110N58629,ready,6.087974102437418,6.093635169631092
I66_WB,MD,31405,110-58628,ready,6.654267700635847,1.7427932204846193
I66_WB,MD,38749,110-58627,ready,0.8664925065876155,0.2875906620553372
I66_WB,MD,39149,110-58626,ready,4.871303936100131,0.19576259881422983
I66_WB,MD,39211,110N58626,ready,5.690773221343875,0.22295421607378133
I66_WB,MD,39163,110-58625,ready,5.97544384057971,0.40758382740447924
I66_WB,MD,39171,110N58625,ready,5.787351366930172,0.34898180171277876
I66_WB,MD,32573,110P04175,ready,11.338259072942867,11.338259072942867
I66_WB,MD,31334,110+04176,ready,20.09112536467156,8.862118706474687
I66_WB,MD,35781,110P04177,ready,24.51370659232072,7.0784963062300035
I66_WB,MD,31358,110+04178,ready,10.513924721523535,5.450652353575279
I66_WB,MD,32031,110P04178,ready,7.665822403880704,3.3362561085159914
I66_WB,MD,31368,110+04179,ready,10.712180088932806,0.9679738965744414
I66_WB,MD,32034,110P04179,ready,0.8296832592226618,0.6567609107378113
I66_WB,MD,32035,110+04180,ready,1.0101992753623188,0.6707826086956521
I66_WB,MD,31381,110P04180,ready,0.8327248023715423,1.0177136034255598
I66_WB,MD,31398,110+04181,ready,1.566698781291171,1.3632704216073765
I66_WB,MD,32037,110P04181,ready,1.2249922389657464,4.876950242918315
I66_WB,MD,32868,110+04182,ready,7.225102019809899,5.716939646856768
I66_WB,MD,31388,110P04182,ready,2.9479220191040842,12.042078639657445
I66_WB,MD,31406,110+04183,ready,16.29851764931928,16.045274017347385
I66_WB,MD,31414,110P04183,ready,14.81456151185771,12.877938488142293
I66_WB,MD,31416,110+04184,ready,12.591766108287848,4.897956717799109
I66_WB,MD,39145,110P04184,ready,9.419275004296273,0.6842493125966651
I66_WB,MD,40967,110+04185,ready,10.786340579710142,1.0163713768115945
I66_WB,MD,39158,110P04185,ready,11.630896739130435,0.2619999999999993
I66_WB,MD,40960,110+04186,ready,12.256405299109105,0.32542984581843254
I66_WB,MD,39173,110P04186,ready,7.857983483907398,0.2810481366459628
I66_WB,MD,39179,110+04187,ready,7.367173295454546,0.43018902338603365
I66_WB,MD,40894,110P04187,ready,6.043174407114624,0.8142005928853759
I66_WB,PM,31350,110-58634,ready,11.062388216403162,1.728337080039526
I66_WB,PM,31355,110-58633,ready,12.165719755787691,0.8450233272162624
I66_WB,PM,31369,110-58632,ready,8.128790760869563,0.49124728260869244
I66_WB,PM,31376,110-58631,ready,6.369690587944663,0.21578125000000004
I66_WB,PM,35765,110N58631,ready,7.872809412055336,0.7192931077075091
I66_WB,PM,31383,110-58630,ready,6.809055706521739,1.1648682065217386
I66_WB,PM,32848,110-58629,ready,4.005046319169958,2.0531713191699574
I66_WB,PM,32042,110N58629,ready,8.033858519198194,2.701858519198193
I66_WB,PM,31405,110-58628,ready,1.369577639751554,0.9572174289478634
I66_WB,PM,38749,110-58627,ready,0.3491869000564636,0.28364560982495757
I66_WB,PM,39149,110-58626,ready,4.536637845849802,0.24237030632410939
I66_WB,PM,39211,110N58626,ready,5.707959486166005,0.25993453557312485
I66_WB,PM,39163,110-58625,ready,6.378505434782608,0.5248288043478269
I66_WB,PM,39171,110N58625,ready,5.841153038537547,0.42976889822134456
I66_WB,PM,32573,110P04175,ready,16.002292784208546,2.269008693299455
I66_WB,PM,31334,110+04176,ready,4.446874017767802,20.98071017404415
I66_WB,PM,35781,110P04177,ready,1.9778933214507515,17.748639143344295
I66_WB,PM,31358,110+04178,ready,3.0767554121237604,11.826005320710564
I66_WB,PM,32031,110P04178,ready,1.6034141042179861,15.831273443662063
I66_WB,PM,31368,110+04179,ready,18.43531535267269,3.01150285267269
I66_WB,PM,32034,110P04179,ready,2.7109055147750776,0.4420427253905497
I66_WB,PM,32035,110+04180,ready,3.6617102272727267,0.8264745553359685
I66_WB,PM,31381,110P04180,ready,4.838153909043854,1.683963432853378
I66_WB,PM,31398,110+04181,ready,4.94016295525127,3.5004584097967246
I66_WB,PM,32037,110P04181,ready,2.142444535507446,22.418704486435388
I66_WB,PM,32868,110+04182,ready,3.550949446697564,13.848776798524447
I66_WB,PM,31388,110P04182,ready,3.071085926864618,7.4927117992251
I66_WB,PM,31406,110+04183,ready,3.014598391923249,30.774959184501665
I66_WB,PM,31414,110P04183,ready,4.021825632393556,27.54215689161647
I66_WB,PM,31416,110+04184,ready,1.5463744904597776,11.102889423717937
I66_WB,PM,39145,110P04184,ready,13.161771127423302,1.0897479390175044
I66_WB,PM,40967,110+04185,ready,13.341200739930358,0.8447617106625267
I66_WB,PM,39158,110P04185,ready,13.113328804347825,0.37542934782608617
I66_WB,PM,40960,110+04186,ready,13.02908252752682,0.45340116812535136
I66_WB,PM,39173,110P04186,ready,7.667101037549406,0.4662250494071145
I66_WB,PM,39179,110+04187,ready,7.521338315217393,0.21440896739130366
I66_WB,PM,40894,110P04187,ready,6.13520627470356,0.5660247035573143
I95I495_EB,AM,32772,110P15983,ready,3.4747455533596834,1.699806488801053
I95I495_EB,AM,32774,110+15984,ready,5.10533098969426,4.699667946215997
I95I495_EB,AM,28318,110P15984,ready,7.993338313256793,7.138254979923457
I95I495_EB,AM,28316,110+15985,ready,6.845741106719368,5.638519367588935
I95I495_EB,MD,32772,110P15983,ready,7.357510508814856,17.485831019825586
I95I495_EB,MD,32774,110+15984,ready,9.666401779832487,15.354900591709017
I95I495_EB,MD,28318,110P15984,ready,11.124870063416116,13.762220171228469
I95I495_EB,MD,28316,110+15985,ready,11.16340678524374,9.962182686549289
I95I495_EB,PM,32772,110P15983,ready,1.388965747510455,16.862651183421416
I95I495_EB,PM,32774,110+15984,ready,1.94034875450297,17.50994368412693
I95I495_EB,PM,28318,110P15984,ready,2.932261614213538,9.492446288565592
I95I495_EB,PM,28316,110+15985,ready,2.4384082444300867,11.277888117404125
I95I495_WB,AM,27521,110-15984,ready,5.10906930328126,2.4490018429638005
I95I495_WB,AM,28236,110N15984,ready,2.151460725265073,2.3433167858711337
I95I495_WB,AM,28735,110N15983,ready,2.9871514445699225,3.1841514445699226
I95I495_WB,MD,27521,110-15984,ready,0.6308569585607634,1.5868818424932545
I95I495_WB,MD,28236,110N15984,ready,0.9110474308300421,0.9806760540184477
I95I495_WB,MD,28735,110N15983,ready,1.2131941699604736,1.9774263833992105
I95I495_WB,PM,27521,110-15984,ready,5.268626393986448,2.8640623411914174
I95I495_WB,PM,28236,110N15984,ready,4.812854466638434,4.356291966638434
I95I495_WB,PM,28735,110N15983,ready,9.352046294802506,5.567546294802506
I95_NB,AM,47687,110P04146,ready,8.716397397891964,1.7417126152832683
I95_NB,AM,38200,110+04147,ready,7.5830990612648215,1.3426369400527018
I95_NB,AM,39003,110P04147,ready,8.226094661678902,1.2139279950122368
I95_NB,AM,39001,110+04148,ready,9.842195910973087,1.9476959109730878
I95_NB,AM,39000,110P04148,ready,10.488487318840578,0.6778278985507248
I95_NB,AM,39090,110+04149,ready,5.8766155342242286,1.724028577702489
I95_NB,AM,38995,110+04150,ready,1.2823076377125282,0.6375387375305829
I95_NB,AM,38196,110P04150,ready,2.2494437155851443,10.795943506000576
I95_NB,AM,39082,110+04151,ready,5.379042672667825,9.938081140817602
I95_NB,AM,40985,110P04151,ready,3.3102897851190076,9.042092842570746
I95_NB,AM,39088,110+04152,ready,2.1211486376242976,7.235136559279504
I95_NB,AM,38967,110P04152,ready,8.33176673567978,3.1122667356797797
I95_NB,AM,29011,110+04153,ready,5.496748600131752,4.8094152667984185
I95_NB,AM,32087,110P04153,ready,19.638013507294257,8.730919304395709
I95_NB,AM,29213,110+04154,ready,3.577997853303682,6.220274869235273
I95_NB,AM,32082,110P04154,ready,24.6112178776982,14.999955972936295
I95_NB,AM,32269,110+04155,ready,2.708856512719598,8.302162041129195
I95_NB,AM,32081,110P04155,ready,3.1002647776454944,5.227439676066639
I95_NB,AM,32079,110+04156,ready,2.452935852196823,6.884358643485766
I95_NB,AM,32264,110P04156,ready,2.0389315579175817,15.390788202513365
I95_NB,AM,32832,110P04157,ready,18.140175701110483,3.496775701110484
I95_NB,AM,29990,110+04158,ready,16.69160608413326,2.734939417466592
I95_NB,AM,32078,110P04158,ready,7.358470561594203,0.9519705615942039
I95_NB,AM,32077,110+04159,ready,5.0522889824273225,0.7297243125780671
I95_NB,AM,32580,110P04159,ready,5.725769868718241,2.202927642104273
I95_NB,MD,47687,110P04146,ready,11.496351951188906,5.672856382144427
I95_NB,MD,38200,110+04147,ready,11.209263235117977,4.54341858306384
I95_NB,MD,39003,110P04147,ready,13.605692817146624,2.547334780255975
I95_NB,MD,39001,110+04148,ready,14.246980776140852,1.6065010779734115
I95_NB,MD,39000,110P04148,ready,12.91254117259552,1.7420774044795795
I95_NB,MD,39090,110+04149,ready,7.5880177061766725,1.4765980711619304
I95_NB,MD,38995,110+04150,ready,4.460643351214002,5.886187347073218
I95_NB,MD,38196,110P04150,ready,5.7856034726143415,6.393365989083381
I95_NB,MD,39082,110+04151,ready,9.297786325992845,6.402793384152081
I95_NB,MD,40985,110P04151,ready,7.31238073137404,12.363323845908992
I95_NB,MD,39088,110+04152,ready,6.563033911486656,11.953053992673352
I95_NB,MD,38967,110P04152,ready,1.3627869376999804,1.6275409279126667
I95_NB,MD,29011,110+04153,ready,1.1672112820754112,0.8142592069765993
I95_NB,MD,32087,110P04153,ready,8.399954092555996,1.140982831027668
I95_NB,MD,29213,110+04154,ready,6.841558382740449,3.5607985013175214
I95_NB,MD,32082,110P04154,ready,10.375894190350712,3.19684164627643
I95_NB,MD,32269,110+04155,ready,3.7031400265874943,7.84443698069099
I95_NB,MD,32081,110P04155,ready,6.749421340879243,11.02901025140858
I95_NB,MD,32079,110+04156,ready,6.710530675179331,13.087180395494405
I95_NB,MD,32264,110P04156,ready,10.624536022278118,3.76123275242544
I95_NB,MD,32832,110P04157,ready,8.096744071146246,4.364172595520421
I95_NB,MD,29990,110+04158,ready,9.183693593544136,3.258951333992094
I95_NB,MD,32078,110P04158,ready,4.13973720120459,2.587710850743461
I95_NB,MD,32077,110+04159,ready,2.034452245926725,4.1301129714645795
I95_NB,MD,32580,110P04159,ready,2.5162291000062744,9.211206662902313
I95_NB,PM,47687,110P04146,ready,2.573609644906775,7.294097029976414
I95_NB,PM,38200,110+04147,ready,3.6832345111367446,7.9659446116013495
I95_NB,PM,39003,110P04147,ready,2.7553511802423434,18.08441786699702
I95_NB,PM,39001,110+04148,ready,24.40284302653868,4.253298983625071
I95_NB,PM,39000,110P04148,ready,15.128961524209487,1.589256484683796
I95_NB,PM,39090,110+04149,ready,9.476162478825524,2.481824816487859
I95_NB,PM,38995,110+04150,ready,2.3859264730162972,24.97478932761478
I95_NB,PM,38196,110P04150,ready,1.97663077773344,24.105363677679918
I95_NB,PM,39082,110+04151,ready,2.2392344856935007,22.862692097785196
I95_NB,PM,40985,110P04151,ready,28.8303979625447,5.574394986354225
I95_NB,PM,39088,110+04152,ready,25.070528038537546,3.5259186017786543
I95_NB,PM,38967,110P04152,ready,2.3515124752964414,0.39076519268774623
I95_NB,PM,29011,110+04153,ready,1.2696100072934318,0.6373871812064755
I95_NB,PM,32087,110P04153,ready,7.880103137351779,0.677584362648223
I95_NB,PM,29213,110+04154,ready,3.9381303524374176,2.892203886693017
I95_NB,PM,32082,110P04154,ready,7.083630011293053,3.533857001693959
I95_NB,PM,32269,110+04155,ready,19.32301358695652,3.3341287055335944
I95_NB,PM,32081,110P04155,ready,27.445410847606503,4.400513790074657
I95_NB,PM,32079,110+04156,ready,26.101606328454157,4.047892737697086
I95_NB,PM,32264,110P04156,ready,5.237325822317713,21.50498995046764
I95_NB,PM,32832,110P04157,ready,4.899567961131423,20.906425700988475
I95_NB,PM,29990,110+04158,ready,13.359290213862224,3.1084777138622237
I95_NB,PM,32078,110P04158,ready,4.686542428359684,0.5054606595849798
I95_NB,PM,32077,110+04159,ready,2.0666331992283085,0.7458132881611141
I95_NB,PM,32580,110P04159,ready,3.235870359260305,0.8545127929136087
I95_SB,AM,32097,110N04159,ready,1.4139855072463767,1.0315072463768125
I95_SB,AM,31907,110N04158,ready,1.1382971014492747,1.2492028985507246
I95_SB,AM,31912,110N04157,ready,0.9781211572244187,1.2756650746596403
I95_SB,AM,32831,110-04156,ready,0.8395775691699612,1.557718873517788
I95_SB,AM,32265,110N04156,ready,7.783613306982873,1.5051024374176543
I95_SB,AM,31917,110N04155,ready,7.889770256916996,1.2801108366271403
I95_SB,AM,31922,110-04154,ready,4.413134057971015,1.3764927536231848
I95_SB,AM,31926,110N04154,ready,2.8334428524374147,0.8886095191040818
I95_SB,AM,31931,110-04153,ready,2.6957608695652175,0.6349456521739137
I95_SB,AM,31935,110N04153,ready,14.1516994478951,0.7741124913733574
I95_SB,AM,31941,110-04152,ready,7.520453726708074,1.4338940993788831
I95_SB,AM,39077,110N04152,ready,12.940408957175546,2.4925002615233702
I95_SB,AM,38617,110-04151,ready,12.431439805665349,2.2845382905138334
I95_SB,AM,38820,110N04151,ready,4.442417607754563,1.1961176077545623
I95_SB,AM,39011,110-04150,ready,2.1099120553359696,0.8738424901185795
I95_SB,AM,39083,110N04150,ready,4.383215579710144,1.2546141304347849
I95_SB,AM,39012,110-04149,ready,5.038853402032749,0.88182051101073
I95_SB,AM,38973,110N04149,ready,0.9147719038208185,1.1211921936758908
I95_SB,AM,39008,110-04148,ready,9.544971179183138,1.5049385704874834
I95_SB,AM,38977,110N04148,ready,9.464994745592572,0.9700925716795273
I95_SB,AM,39009,110-04147,ready,10.861706521739126,2.070493478260869
I95_SB,AM,38986,110N04147,ready,9.340105813570489,1.7333775527009248
I95_SB,AM,38991,110-04146,ready,7.176234354413704,1.0511510210803696
I95_SB,AM,38965,110N04146,ready,5.852728919631095,0.761978919631094
I95_SB,MD,32097,110N04159,ready,2.413265510839621,1.0116647117704451
I95_SB,MD,31907,110N04158,ready,2.9975955792396007,6.205491377282139
I95_SB,MD,31912,110N04157,ready,3.9117116330227746,6.639902497412006
I95_SB,MD,32831,110-04156,ready,4.529006505270093,5.211591320816864
I95_SB,MD,32265,110N04156,ready,9.69274127140975,2.4142514822134395
I95_SB,MD,31917,110N04155,ready,7.567083476542361,4.183960001718509
I95_SB,MD,31922,110-04154,ready,10.16719660894661,3.4829171921074082
I95_SB,MD,31926,110N04154,ready,11.128009896394774,8.090749715534796
I95_SB,MD,31931,110-04153,ready,19.395940649436202,10.972252632907276
I95_SB,MD,31935,110N04153,ready,49.48923461125227,10.068068689613527
I95_SB,MD,31941,110-04152,ready,43.63614871644692,9.293806635949228
I95_SB,MD,39077,110N04152,ready,44.27910773103707,6.426841112993286
I95_SB,MD,38617,110-04151,ready,19.87213062300019,2.634259246188595
I95_SB,MD,38820,110N04151,ready,5.382654397233202,0.649903079710144
I95_SB,MD,39011,110-04150,ready,2.862456151185772,0.822091032608696
I95_SB,MD,39083,110N04150,ready,2.856174654150197,1.3614572628458506
I95_SB,MD,39012,110-04149,ready,2.7575818746470926,1.7942591242749346
I95_SB,MD,38973,110N04149,ready,5.306070369847543,2.6915160926030506
I95_SB,MD,39008,110-04148,ready,12.491721269370723,2.710513743804503
I95_SB,MD,38977,110N04148,ready,13.821935288443441,3.6559303320471805
I95_SB,MD,39009,110-04147,ready,15.456579166880552,4.569586212206764
I95_SB,MD,38986,110N04147,ready,9.225440752635047,2.82705167160738
I95_SB,MD,38991,110-04146,ready,8.00160772123408,2.927975612099253
I95_SB,MD,38965,110N04146,ready,7.960414431582911,4.216335568417089
I95_SB,PM,32097,110N04159,ready,3.1041909584980227,0.2651936758893285
I95_SB,PM,31907,110N04158,ready,2.4076033189814954,24.27489089610991
I95_SB,PM,31912,110N04157,ready,2.5906529402554868,21.862871657610793
I95_SB,PM,32831,110-04156,ready,18.724738142292487,5.44605064229249
I95_SB,PM,32265,110N04156,ready,4.354271763132383,14.398609669072135
I95_SB,PM,31917,110N04155,ready,2.68577035047361,13.80450757376079
I95_SB,PM,31922,110-04154,ready,2.0820402973115124,6.574002276500082
I95_SB,PM,31926,110N04154,ready,4.1139967059003055,7.9002694927293895
I95_SB,PM,31931,110-04153,ready,3.50071261164192,10.555558370086843
I95_SB,PM,31935,110N04153,ready,1.9573297601594395,30.709309106843623
I95_SB,PM,31941,110-04152,ready,0.9702414415765176,12.621892741760538
I95_SB,PM,39077,110N04152,ready,49.17056006493506,0.29952110389610376
I95_SB,PM,38617,110-04151,ready,21.041610054347824,0.3712350543478271
I95_SB,PM,38820,110N04151,ready,6.940293972332017,1.2448310276679821
I95_SB,PM,39011,110-04150,ready,6.383296998517788,1.323517724802373
I95_SB,PM,39083,110N04150,ready,0.9616035255505384,0.8228285396668551
I95_SB,PM,39012,110-04149,ready,1.5155249505928867,1.057361907114624
I95_SB,PM,38973,110N04149,ready,13.785483229029424,5.676961489898988
I95_SB,PM,39008,110-04148,ready,22.390763010540184,3.6819006916996053
I95_SB,PM,38977,110N04148,ready,21.493796645609827,2.219446266821947
I95_SB,PM,39009,110-04147,ready,1.9407244479513968,18.296712804922585
I95_SB,PM,38986,110N04147,ready,4.382434385601947,9.419098572729212
I95_SB,PM,38991,110-04146,ready,3.066111874074546,7.36997600783716
I95_SB,PM,38965,110N04146,ready,3.0871898809910827,11.09354746482061
SHELLHORNRD_EB,AM,5373,110+58126,ready,11.80436923583663,1.1661126482213433
SHELLHORNRD_EB,AM,37002,110P58126,ready,11.955319499341238,1.6415971673254284
SHELLHORNRD_EB,MD,5373,110+58126,ready,11.84833292160738,0.4989972826086948
SHELLHORNRD_EB,MD,37002,110P58126,ready,11.85998723649539,0.29944655797101544
SHELLHORNRD_EB,PM,5373,110+58126,ready,11.27305891798419,0.6008333745059304
SHELLHORNRD_EB,PM,37002,110P58126,ready,10.558620923913043,0.5108953804347816
SHELLHORNRD_WB,AM,37316,110N58126,ready,0.9191164361001333,0.665623023715416
SHELLHORNRD_WB,AM,37311,110-58125,ready,8.234567334839076,1.365602230378316
SHELLHORNRD_WB,AM,5375,110N58125,ready,8.482481225296441,1.7406187747035589
SHELLHORNRD_WB,MD,37316,110N58126,ready,1.2827034710458618,0.7974951377125284
SHELLHORNRD_WB,MD,37311,110-58125,ready,10.498856793870381,1.2988984605370473
SHELLHORNRD_WB,MD,5375,110N58125,ready,11.09788825757576,2.1550947793148887
SHELLHORNRD_WB,PM,37316,110N58126,ready,1.2674987648221339,0.7149335474308298
SHELLHORNRD_WB,PM,37311,110-58125,ready,10.943660758399211,1.164389019268774
SHELLHORNRD_WB,PM,5375,110N58125,ready,11.226671813241108,1.48642453063241
US15_NB,AM,40005,110+06895,ready,10.292704216073782,2.3609759552042164
US15_NB,AM,38656,110+06896,ready,7.589823369565219,1.3873849637681162
US15_NB,AM,38417,110P06896,ready,18.971865942028987,1.032572463768114
US15_NB,AM,40197,110+06897,ready,9.119950122341425,4.043200122341426
US15_NB,AM,40490,110+16037,ready,6.284378607503609,3.8782952741702754
US15_NB,AM,36143,110+06899,ready,0.9892671277997351,1.076283596837947
US15_NB,AM,36149,110+06900,ready,4.040253623188406,2.1301449275362323
US15_NB,AM,36422,110+06901,ready,22.380328792584226,1.1588367290921642
US15_NB,AM,36804,110P07858,ready,16.867589756258237,3.0926602437417636
US15_NB,AM,36029,110+07859,ready,1.3974711791831353,2.363445487483531
US15_NB,AM,36799,110P07859,ready,3.9731884057971025,0.363960144927536
US15_NB,AM,35965,110+06902,ready,11.361576086956523,0.9157608695652192
US15_NB,AM,36192,110+07887,ready,11.653449440052697,1.4424494400526988
US15_NB,AM,36185,110+06903,ready,16.98805928853755,1.4634549407114619
US15_NB,AM,37498,110+06904,ready,17.92577898550725,0.8142789855072484
US15_NB,MD,40005,110+06895,ready,11.206796760304911,2.1023906573498965
US15_NB,MD,38656,110+06896,ready,7.7137163561076605,0.7111407867494819
US15_NB,MD,38417,110P06896,ready,0.5638909532736278,8.584648370820217
US15_NB,MD,40197,110+06897,ready,9.676461552281708,0.8919514911965524
US15_NB,MD,40490,110+16037,ready,1.6890123710281815,2.00432233971562
US15_NB,MD,36143,110+06899,ready,1.5695919795783928,0.35367712450592786
US15_NB,MD,36149,110+06900,ready,1.7540880270092203,1.7561583498023732
US15_NB,MD,36422,110+06901,ready,21.686044548748352,2.573984436758893
US15_NB,MD,36804,110P07858,ready,19.835363730472427,0.8786626435159043
US15_NB,MD,36029,110+07859,ready,5.886550148221345,1.0748796936758902
US15_NB,MD,36799,110P07859,ready,6.012096920289856,0.5735733695652175
US15_NB,MD,35965,110+06902,ready,17.106161812221597,1.9467245514147689
US15_NB,MD,36192,110+07887,ready,18.827140151515152,5.402401515151515
US15_NB,MD,36185,110+06903,ready,23.288588603425563,8.14853639657444
US15_NB,MD,37498,110+06904,ready,17.49232048748353,0.87862335309618
US15_NB,PM,40005,110+06895,ready,2.375856344842011,10.574905744731417
US15_NB,PM,38656,110+06896,ready,8.387432806324108,0.604400395256917
US15_NB,PM,38417,110P06896,ready,19.352871612083568,1.979342673630718
US15_NB,PM,40197,110+06897,ready,11.786168478260869,1.7213722826086961
US15_NB,PM,40490,110+16037,ready,2.463115942028984,0.6038649068322983
US15_NB,PM,36143,110+06899,ready,1.959556571146246,0.39064624505928913
US15_NB,PM,36149,110+06900,ready,2.463914278656126,0.2616482213438731
US15_NB,PM,36422,110+06901,ready,24.58624226963513,2.4041491019332613
US15_NB,PM,36804,110P07858,ready,20.600978260869567,0.5403586956521722
US15_NB,PM,36029,110+07859,ready,6.232201103761665,0.611722842892099
US15_NB,PM,36799,110P07859,ready,7.296436511857706,0.7934419466403155
US15_NB,PM,35965,110+06902,ready,4.143135452502673,7.292224141524605
US15_NB,PM,36192,110+07887,ready,2.9445917577434737,6.0903477204567
US15_NB,PM,36185,110+06903,ready,3.954965334837923,13.280716852693711
US15_NB,PM,37498,110+06904,ready,21.45762537055336,2.07900037055336
US15_SB,AM,36331,110-06903,ready,22.502677865612647,3.2956778656126486
US15_SB,AM,37535,110-07887,ready,2.33258471333034,3.8674389669906035
US15_SB,AM,36189,110-06902,ready,16.60629281949934,1.8875200922266135
US15_SB,AM,36193,110-07859,ready,18.362065217391304,1.1239166666666656
US15_SB,AM,36793,110N07859,ready,1.3080463407365588,0.7858332313821457
US15_SB,AM,36798,110-07858,ready,18.05056719367589,0.7391849802371553
US15_SB,AM,36031,110-06901,ready,18.79521739130435,0.5277753623188417
US15_SB,AM,36807,110-06900,ready,20.978546097622182,0.7598214599410245
US15_SB,AM,37643,110-06899,ready,0.759882246376811,0.9710054347826068
US15_SB,AM,36145,110-06898,ready,0.6827989130434778,1.4592481884057988
US15_SB,AM,40491,110-06897,ready,2.6584036796536803,1.3702370129870136
US15_SB,AM,38670,110-06896,ready,7.595899621212117,2.578403244400526
US15_SB,AM,38201,110N06896,ready,21.883967940272285,0.7585234958278444
US15_SB,AM,38419,110-06895,ready,4.438443675889327,0.5529038208168657
US15_SB,AM,39395,110-06894,ready,9.94204110201393,1.8907077686805949
US15_SB,MD,36331,110-06903,ready,17.258852519762847,0.5453819993412375
US15_SB,MD,37535,110-07887,ready,19.83003319295439,7.439050140378945
US15_SB,MD,36189,110-06902,ready,14.512971426218707,2.315305088932807
US15_SB,MD,36193,110-07859,ready,20.92286131893469,1.1181709603801986
US15_SB,MD,36793,110N07859,ready,1.531849884716733,1.776895174571805
US15_SB,MD,36798,110-07858,ready,18.133699592979486,6.0814192899491815
US15_SB,MD,36031,110-06901,ready,17.6373456027668,9.919303936100134
US15_SB,MD,36807,110-06900,ready,21.337629281949933,1.6841949934123834
US15_SB,MD,37643,110-06899,ready,0.6031904644268774,0.8149042325428203
US15_SB,MD,36145,110-06898,ready,0.7558176877470363,1.525701086956521
US15_SB,MD,40491,110-06897,ready,1.7799487962630245,1.7758693855551575
US15_SB,MD,38670,110-06896,ready,10.363341567852437,1.1829449934123855
US15_SB,MD,38201,110N06896,ready,25.026874462966145,0.9247704932118913
US15_SB,MD,38419,110-06895,ready,7.277725214097497,0.6161968873517788
US15_SB,MD,39395,110-06894,ready,12.41160284914361,1.2331898056653499
US15_SB,PM,36331,110-06903,ready,19.65683297454357,1.1267759093261822
US15_SB,PM,37535,110-07887,ready,18.38631608201581,0.7145092638339912
US15_SB,PM,36189,110-06902,ready,16.341512475296444,0.6283358448616614
US15_SB,PM,36193,110-07859,ready,23.10935429606625,1.0508244047619049
US15_SB,PM,36793,110N07859,ready,7.511232707509883,7.5463115118577075
US15_SB,PM,36798,110-07858,ready,1.9022513706378053,7.232473403709225
US15_SB,PM,36031,110-06901,ready,2.447164795032752,5.031152452801923
US15_SB,PM,36807,110-06900,ready,24.469741700781103,2.1923042007811038
US15_SB,PM,37643,110-06899,ready,1.0058041007905127,0.3883698122529635
US15_SB,PM,36145,110-06898,ready,4.432935488424618,2.071413749294181
US15_SB,PM,40491,110-06897,ready,6.420184217955957,1.8066500564652759
US15_SB,PM,38670,110-06896,ready,3.1260437103489647,1.8312165146189034
US15_SB,PM,38201,110N06896,ready,1.4354087960506983,10.71240267358254
US15_SB,PM,38419,110-06895,ready,9.768813523433087,0.9433592603049102
US15_SB,PM,39395,110-06894,ready,13.197100419960474,0.8130490365612637
US1_NB,AM,47507,110P09526,ready,5.484983119235836,1.3134831192358363
US1_NB,AM,38514,110+09527,ready,9.954387351778657,1.7713596837944676
US1_NB,AM,39057,110+09528,ready,17.68138586956522,1.230135869565216
US1_NB,AM,38532,110P09528,ready,25.25093297101449,1.170577898550724
US1_NB,AM,40440,110+09529,ready,21.660352143327685,1.411666537267082
US1_NB,AM,38204,110+09530,ready,15.024492753623191,0.9012137681159414
US1_NB,AM,38208,110+09531,ready,15.427821146245057,0.6587088274044787
US1_NB,AM,39762,110+09532,ready,0.5508359900193941,7.026910160355375
US1_NB,AM,29993,110+05634,ready,4.752045454545454,4.371501976284585
US1_NB,AM,31944,110P05634,ready,16.524890833803877,3.792390833803878
US1_NB,AM,35088,110+05635,ready,2.958385256428579,2.9712272794470596
US1_NB,AM,35072,110+05636,ready,15.411296936758895,3.8122099802371547
US1_NB,AM,29325,110P05636,ready,13.49427536231884,4.5883731884057966
US1_NB,AM,35047,110+05637,ready,11.230548295454545,3.950305871212121
US1_NB,AM,29321,110+05638,ready,19.042853260869563,3.7681865942028967
US1_NB,AM,29319,110+05639,ready,3.7716485507246365,1.2250797101449276
US1_NB,AM,29311,110+05640,ready,11.065042984189722,0.5198520750988138
US1_NB,AM,29116,110+05641,ready,21.046240942028984,1.649574275362319
US1_NB,AM,29110,110+05642,ready,15.871347826086955,2.159943478260868
US1_NB,AM,29109,110+05643,ready,7.167176383399209,1.833147397891963
US1_NB,AM,34385,110+05644,ready,7.8090402173913045,2.3464402173913053
US1_NB,AM,34928,110+05645,ready,2.2526645074169993,4.318497086312167
US1_NB,AM,29086,110+05647,ready,6.974420289855073,3.405170289855072
US1_NB,AM,29080,110+05648,ready,15.098321334462637,4.892571334462639
US1_NB,AM,29077,110P05648,ready,11.653460290011916,2.744724782765543
US1_NB,AM,29074,110+05649,ready,5.141884057971015,1.452826086956522
US1_NB,AM,28265,110P05649,ready,2.337976778656129,1.9630782279314924
US1_NB,AM,27558,110+05655,ready,18.539697793148886,2.2739326416337278
US1_NB,AM,27533,110+05656,ready,16.524647562582345,1.2285642292490113
US1_NB,AM,26200,110+05657,ready,2.397631727022136,3.128771998494731
US1_NB,AM,26221,110P05657,ready,2.179668416317559,4.874696675241834
US1_NB,AM,26488,110+05659,ready,1.3808747545248803,3.660088610524836
US1_NB,AM,26388,110P05659,ready,0.48648962450593025,0.6590354084321497
US1_NB,MD,47507,110P09526,ready,7.211654932476944,1.4701010787220035
US1_NB,MD,38514,110+09527,ready,10.454585391963109,1.0073365447957832
US1_NB,MD,39057,110+09528,ready,19.08975610851599,0.9007826985267688
US1_NB,MD,38532,110P09528,ready,26.370869153491437,1.3414333827404479
US1_NB,MD,40440,110+09529,ready,22.579053442028982,1.2873161231884056
US1_NB,MD,38204,110+09530,ready,15.853302042160736,0.7344443346508562
US1_NB,MD,38208,110+09531,ready,19.666213562252967,1.807617547760211
US1_NB,MD,39762,110+09532,ready,9.072178442028985,0.7101693840579708
US1_NB,MD,29993,110+05634,ready,2.407402832674572,0.7543104413702247
US1_NB,MD,31944,110P05634,ready,13.21847414361001,0.9284443346508562
US1_NB,MD,35088,110+05635,ready,11.705303520452977,2.5877548818934692
US1_NB,MD,35072,110+05636,ready,15.141749629446641,0.6592731801712786
US1_NB,MD,29325,110P05636,ready,8.699758316864296,2.528780714756257
US1_NB,MD,35047,110+05637,ready,8.900914855072463,0.9458460144927537
US1_NB,MD,29321,110+05638,ready,15.846294662463142,2.3539462795658435
US1_NB,MD,29319,110+05639,ready,2.112047101449275,0.6936424571805014
US1_NB,MD,29311,110+05640,ready,12.286782361660078,0.8806066370223986
US1_NB,MD,29116,110+05641,ready,23.0224209486166,0.8940283267457189
US1_NB,MD,29110,110+05642,ready,20.902388010540186,0.8710135046113309
US1_NB,MD,29109,110+05643,ready,13.395652173913042,1.0344311594202904
US1_NB,MD,34385,110+05644,ready,12.492913372859023,0.9997328722002635
US1_NB,MD,34928,110+05645,ready,14.835581562911726,0.24599427700922272
US1_NB,MD,29086,110+05647,ready,9.239879364295126,0.8558138175230567
US1_NB,MD,29080,110+05648,ready,19.986644021739128,1.8719918478260864
US1_NB,MD,29077,110P05648,ready,16.180045701581026,1.5931626317523053
US1_NB,MD,29074,110+05649,ready,7.788905856988861,1.9407226015091625
US1_NB,MD,28265,110P05649,ready,1.2264834486166,0.79309724967062
US1_NB,MD,27558,110+05655,ready,0.6101717015572952,7.155738566219093
US1_NB,MD,27533,110+05656,ready,18.928197463768115,0.7020398550724639
US1_NB,MD,26200,110+05657,ready,13.862368659420289,2.4024791666666663
US1_NB,MD,26221,110P05657,ready,9.080685710863577,1.5137688345909688
US1_NB,MD,26488,110+05659,ready,14.358993330039524,3.6303816699604745
US1_NB,MD,26388,110P05659,ready,0.627557229907772,0.582844120553359
US1_NB,PM,47507,110P09526,ready,5.4586616847826095,0.8246942934782595
US1_NB,PM,38514,110+09527,ready,12.701046195652172,0.621190217391304
US1_NB,PM,39057,110+09528,ready,1.7990068242929138,4.88271878211343
US1_NB,PM,38532,110P09528,ready,2.3652846911476457,6.761277781664564
US1_NB,PM,40440,110+09529,ready,0.93736391382977,4.25450237111723
US1_NB,PM,38204,110+09530,ready,16.077075098814227,0.3775029644268768
US1_NB,PM,38208,110+09531,ready,20.10953804347826,0.42058423913043397
US1_NB,PM,39762,110+09532,ready,8.156014389822134,0.4143796319169959
US1_NB,PM,29993,110+05634,ready,0.8997078804347827,0.5092686511857711
US1_NB,PM,31944,110P05634,ready,12.419274127140975,0.33383555665349096
US1_NB,PM,35088,110+05635,ready,11.368144615800865,0.7625423430735938
US1_NB,PM,35072,110+05636,ready,14.094194046442684,0.5513165760869572
US1_NB,PM,29325,110P05636,ready,9.644319108201582,0.788036870059289
US1_NB,PM,35047,110+05637,ready,9.826139716261997,0.8212217320722757
US1_NB,PM,29321,110+05638,ready,19.487010869565218,1.9355163043478267
US1_NB,PM,29319,110+05639,ready,1.802499999999998,0.6107527173913048
US1_NB,PM,29311,110+05640,ready,15.175516304347825,1.6538804347826082
US1_NB,PM,29116,110+05641,ready,0.5206817385590828,4.983436130470838
US1_NB,PM,29110,110+05642,ready,0.7388639376147356,5.160876976284586
US1_NB,PM,29109,110+05643,ready,0.38921152121807295,3.922481801948848
US1_NB,PM,34385,110+05644,ready,0.4930794094407771,3.443100325057186
US1_NB,PM,34928,110+05645,ready,15.81670331027668,0.34942885375494104
US1_NB,PM,29086,110+05647,ready,0.9583346602576284,3.4778309755021883
US1_NB,PM,29080,110+05648,ready,2.782125524257656,8.57773081763082
US1_NB,PM,29077,110P05648,ready,3.337155915643872,5.412957789199629
US1_NB,PM,29074,110+05649,ready,2.0219970351565286,1.431916508694076
US1_NB,PM,28265,110P05649,ready,1.4002581521739126,0.4962989130434772
US1_NB,PM,27558,110+05655,ready,21.228168231225297,0.5054893774703562
US1_NB,PM,27533,110+05656,ready,0.23409567735837666,3.7876099789226165
US1_NB,PM,26200,110+05657,ready,16.200218935276677,1.6688780261857692
US1_NB,PM,26221,110P05657,ready,0.8263631894621739,6.754566017994921
US1_NB,PM,26488,110+05659,ready,18.02328557312253,1.2713689064558629
US1_NB,PM,26388,110P05659,ready,1.2882997776679836,0.5093084239130428
US1_SB,AM,26386,110N05659,ready,1.6285482542819494,1.2938450263504613
US1_SB,AM,26432,110-05658,ready,17.557943840579707,1.1572083333333338
US1_SB,AM,26226,110-05656,ready,14.585032938076417,1.0445619235836625
US1_SB,AM,28584,110-05655,ready,16.937425065876152,0.857211297760211
US1_SB,AM,28656,110-05654,ready,17.837386363636366,0.44641172595520384
US1_SB,AM,28593,110-05653,ready,12.067536231884057,0.5845797101449278
US1_SB,AM,28225,110N05649,ready,1.4272241436100142,0.6463917984189719
US1_SB,AM,28268,110-05648,ready,5.327492588932807,0.5235001646903834
US1_SB,AM,29075,110N05648,ready,8.386093544137024,0.8728814229249023
US1_SB,AM,29078,110-05647,ready,8.170181159420292,1.2645942028985517
US1_SB,AM,35654,110-05646,ready,10.83894927536232,2.030032608695653
US1_SB,AM,31631,110-05644,ready,2.192078167846771,4.04553089907752
US1_SB,AM,29093,110-05643,ready,9.356127305665352,1.34280846508564
US1_SB,AM,35726,110-05642,ready,10.258892065060541,1.3609161098563272
US1_SB,AM,29106,110-05641,ready,13.413219696969698,2.2274153491436106
US1_SB,AM,34892,110-05640,ready,19.532339426877474,0.9647017457180498
US1_SB,AM,29121,110-05639,ready,12.705295619235836,1.6737956192358372
US1_SB,AM,35031,110-05638,ready,8.222699275362318,1.5665253623188395
US1_SB,AM,29317,110-05637,ready,17.73641205533597,2.081576086956522
US1_SB,AM,29323,110-05636,ready,10.709293478260868,0.75738768115942
US1_SB,AM,29330,110-05635,ready,19.16695981554677,1.6116264822134365
US1_SB,AM,35091,110-05634,ready,10.942924783549785,1.5990371023903645
US1_SB,AM,40623,110-09532,ready,12.881111248353095,0.8613322628458514
US1_SB,AM,38222,110-09531,ready,6.898980154808959,0.37035762516469095
US1_SB,AM,39786,110-09530,ready,14.516912467061923,0.9878773880105415
US1_SB,AM,38197,110-09529,ready,15.48852684453228,0.6767485177865602
US1_SB,AM,38540,110-09528,ready,22.323190934970825,1.99214136316582
US1_SB,AM,38535,110N09528,ready,21.935762516469037,0.6867687747035554
US1_SB,AM,40659,110-09527,ready,19.33670652173913,0.4271760869565213
US1_SB,AM,38522,110-09526,ready,6.629827898550725,0.9248387681159412
US1_SB,AM,38697,110N09526,ready,9.684034090909089,0.3932485177865643
US1_SB,MD,26386,110N05659,ready,2.7841178584261588,0.8018503413582472
US1_SB,MD,26432,110-05658,ready,18.853854578392625,1.4660403491436103
US1_SB,MD,26226,110-05656,ready,14.390902091567852,1.0018062417654803
US1_SB,MD,28584,110-05655,ready,19.74831970894718,1.030862109234639
US1_SB,MD,28656,110-05654,ready,0.30574409601018865,5.187386473528462
US1_SB,MD,28593,110-05653,ready,0.7192413152641554,2.9597952238939556
US1_SB,MD,28225,110N05649,ready,0.9585914480776142,0.3532648221343871
US1_SB,MD,28268,110-05648,ready,11.850095755693582,3.392001058723885
US1_SB,MD,29075,110N05648,ready,0.968258283549205,2.79686239065137
US1_SB,MD,29078,110-05647,ready,0.9601894134339862,3.813046004710364
US1_SB,MD,35654,110-05646,ready,1.9186344129600357,2.0057033562335227
US1_SB,MD,31631,110-05644,ready,10.843966979578392,1.8966580204216077
US1_SB,MD,29093,110-05643,ready,13.105994651483782,0.37972538270907785
US1_SB,MD,35726,110-05642,ready,18.348129528985506,1.5194846014492753
US1_SB,MD,29106,110-05641,ready,18.315055994729907,0.9342155797101453
US1_SB,MD,34892,110-05640,ready,22.17102766798419,0.28451498682476856
US1_SB,MD,29121,110-05639,ready,10.683129940711462,1.5714787549407128
US1_SB,MD,35031,110-05638,ready,5.687626661875673,0.9811523535752784
US1_SB,MD,29317,110-05637,ready,14.544983942687745,1.4809514986824774
US1_SB,MD,29323,110-05636,ready,11.660934041501976,0.6625499835309627
US1_SB,MD,29330,110-05635,ready,18.43940752635046,5.100563488142293
US1_SB,MD,35091,110-05634,ready,12.864646086785411,2.2780139922659703
US1_SB,MD,40623,110-09532,ready,17.273873378762215,2.2317036963366026
US1_SB,MD,38222,110-09531,ready,9.670815217391304,1.4516775362318846
US1_SB,MD,39786,110-09530,ready,16.223719120553362,0.5808243577075084
US1_SB,MD,38197,110-09529,ready,18.7008703886693,2.6256712779973648
US1_SB,MD,38540,110-09528,ready,22.030794631093546,1.0043647891963112
US1_SB,MD,38535,110N09528,ready,22.33168437088274,0.8438337450592887
US1_SB,MD,40659,110-09527,ready,21.97839673913043,0.7281286231884057
US1_SB,MD,38522,110-09526,ready,6.923896162714098,1.2124625329380765
US1_SB,MD,38697,110N09526,ready,12.909660326086957,1.2786893115942046
US1_SB,PM,26386,110N05659,ready,6.122547554347825,2.7426182065217395
US1_SB,PM,26432,110-05658,ready,1.3835188041281548,4.001398619575995
US1_SB,PM,26226,110-05656,ready,15.77384109436759,0.8225287178853753
US1_SB,PM,28584,110-05655,ready,25.621101161067195,2.332701704545454
US1_SB,PM,28656,110-05654,ready,20.366297554347824,0.2966317934782603
US1_SB,PM,28593,110-05653,ready,14.83770503952569,0.5047025691699605
US1_SB,PM,28225,110N05649,ready,0.6986907114624512,0.35780928853754945
US1_SB,PM,28268,110-05648,ready,10.455045701581026,1.1400002470355723
US1_SB,PM,29075,110N05648,ready,14.26930706521739,0.8724456521739121
US1_SB,PM,29078,110-05647,ready,14.087360424901185,1.2776702075098825
US1_SB,PM,35654,110-05646,ready,14.322374011857706,1.5468596837944677
US1_SB,PM,31631,110-05644,ready,13.354856410573122,0.9845493453557306
US1_SB,PM,29093,110-05643,ready,0.6654482016707512,3.9478761991932574
US1_SB,PM,35726,110-05642,ready,1.2548490937060368,3.4255417554425143
US1_SB,PM,29106,110-05641,ready,0.7383929133845504,2.8875428606719358
US1_SB,PM,34892,110-05640,ready,0.7611919652243813,4.260086864871035
US1_SB,PM,29121,110-05639,ready,10.378777173913043,0.32036956521739146
US1_SB,PM,35031,110-05638,ready,6.399031002964426,1.4271987401185755
US1_SB,PM,29317,110-05637,ready,15.101557971014495,1.09037536231884
US1_SB,PM,29323,110-05636,ready,12.752336956521738,2.2909619565217376
US1_SB,PM,29330,110-05635,ready,1.5511280062157342,6.211159174510379
US1_SB,PM,35091,110-05634,ready,0.8032746142146027,5.77156382428751
US1_SB,PM,40623,110-09532,ready,0.9607542179215096,9.985890830248158
US1_SB,PM,38222,110-09531,ready,0.4670966917405518,4.4235180989790965
US1_SB,PM,39786,110-09530,ready,16.364422554347826,0.6179850543478271
US1_SB,PM,38197,110-09529,ready,2.4196782042307547,5.665512128068491
US1_SB,PM,38540,110-09528,ready,2.410752620035812,5.656294814484436
US1_SB,PM,38535,110N09528,ready,1.610997334571402,5.233934026313449
US1_SB,PM,40659,110-09527,ready,1.257532358858641,5.634910577533597
US1_SB,PM,38522,110-09526,ready,6.094406497035571,1.4307496294466433
US1_SB,PM,38697,110N09526,ready,6.364999691205531,1.6471878087944694
US29_NB,AM,38627,110-06534,ready,11.080012881140599,3.0055792513645776
US29_NB,AM,40740,110-06535,ready,2.376547266139655,0.6330182806324126
US29_NB,AM,38190,110N06535,ready,9.433088768115942,2.8484836956521735
US29_NB,AM,39257,110-06803,ready,5.913199604743083,3.347199604743083
US29_NB,AM,39922,110-06802,ready,2.605243152748395,3.990911978213018
US29_NB,AM,40799,110-06801,ready,5.315625823451911,1.7492924901185773
US29_NB,AM,29772,110-06800,ready,9.077348484848486,1.9528593544137003
US29_NB,AM,35455,110-06799,ready,7.927159502635047,3.2889928359683807
US29_NB,AM,29753,110-06798,ready,8.301206521739129,2.647706521739129
US29_NB,AM,31826,110N06798,ready,1.5437107403166668,2.8622003628616746
US29_NB,AM,29739,110-06797,ready,5.533683300395256,1.3482508234519106
US29_NB,AM,35442,110N06797,ready,8.285425724637681,0.9874382411067198
US29_NB,AM,29747,110-17131,ready,2.617894433465087,0.7239043148880123
US29_NB,AM,29759,110-06796,ready,22.361938405797105,1.7006050724637678
US29_NB,AM,35415,110-06795,ready,20.74605072463768,0.8447246376811582
US29_NB,AM,29730,110N06795,ready,2.2799275362318845,0.990641304347827
US29_NB,AM,35740,110-17130,ready,2.5702280961791817,0.8026299407114615
US29_NB,AM,35399,110-06793,ready,7.9051663372859045,1.0523692358366248
US29_NB,AM,29781,110-05739,ready,3.723405296476893,3.1741677704629283
US29_NB,AM,29796,110-05738,ready,7.278283457966196,2.6768371788596297
US29_NB,AM,31274,110-05737,ready,10.073509669678147,1.668926336344814
US29_NB,AM,29854,110-06792,ready,20.82334486166008,0.794736166007905
US29_NB,AM,34639,110-06791,ready,1.3632426649976181,2.1116856043925734
US29_NB,AM,30911,110-06790,ready,9.22986166007905,1.3702783267457184
US29_NB,AM,33499,110-06789,ready,2.0578852876484164,3.8021168633377975
US29_NB,AM,34629,110-07955,ready,12.589702733860342,0.5698647891963106
US29_NB,AM,34614,110-17129,ready,2.786054171393578,1.8152893875211402
US29_NB,AM,30078,110-17128,ready,14.771068840579709,2.4737065217391296
US29_NB,AM,30084,110-17127,ready,10.954628623188405,1.790592391304348
US29_NB,AM,30086,110-06788,ready,3.5595102928167526,3.2829508870088815
US29_NB,AM,30094,110-17126,ready,15.537640888700672,1.3978772272413573
US29_NB,AM,30020,110-07954,ready,1.7101872510075442,8.949850049895224
US29_NB,AM,30027,110-17125,ready,21.844250000000002,1.0091499999999993
US29_NB,AM,25807,110N17125,ready,24.397246376811594,1.5667463768115943
US29_NB,AM,27281,110-06787,ready,17.20852766798419,1.0479216073781303
US29_NB,AM,26568,110-06786,ready,23.583822463768115,0.6710000000000003
US29_NB,AM,26557,110-17124,ready,16.23399456521739,1.0941032608695647
US29_NB,AM,26886,110-06785,ready,16.461866765480895,0.9362145915678527
US29_NB,AM,25662,110-17123,ready,16.739389822134388,0.9073753293807648
US29_NB,AM,26629,110-17122,ready,6.363356665379844,2.4199642170383986
US29_NB,AM,26902,110-06784,ready,16.414057971014493,1.4982355072463756
US29_NB,AM,26532,110-07953,ready,19.831812417654806,1.913721179183136
US29_NB,AM,27053,110-06783,ready,15.465697463768114,0.5539293478260875
US29_NB,AM,25959,110-17121,ready,4.823187719587176,1.1240115557751433
US29_NB,AM,27031,110-07974,ready,6.535861330698286,1.1441982872200278
US29_NB,AM,25976,110-07975,ready,43.271571557971015,1.588862565876154
US29_NB,MD,38627,110-06534,ready,1.453775412336757,5.759634589214067
US29_NB,MD,40740,110-06535,ready,3.1176056077075103,0.5944134140316208
US29_NB,MD,38190,110N06535,ready,8.457333662714099,0.5854942358366276
US29_NB,MD,39257,110-06803,ready,7.619898921277998,0.778860136693018
US29_NB,MD,39922,110-06802,ready,7.788790760869564,4.371792572463769
US29_NB,MD,40799,110-06801,ready,4.765858654479577,0.3939076498682483
US29_NB,MD,29772,110-06800,ready,8.10574604743083,2.9017956192358363
US29_NB,MD,35455,110-06799,ready,7.454522731193927,0.8411113346194883
US29_NB,MD,29753,110-06798,ready,10.342687335309618,0.7952942193675888
US29_NB,MD,31826,110N06798,ready,20.925434782608697,1.7940851449275363
US29_NB,MD,29739,110-06797,ready,13.46859642621871,1.6952176383399198
US29_NB,MD,35442,110N06797,ready,12.778962038866931,1.7727220849802363
US29_NB,MD,29747,110-17131,ready,8.712463562252964,1.9081718955862976
US29_NB,MD,29759,110-06796,ready,0.8970344195254447,7.81800586061986
US29_NB,MD,35415,110-06795,ready,25.11034317358366,1.8518616189064565
US29_NB,MD,29730,110N06795,ready,1.077857527847646,1.680470176068991
US29_NB,MD,35740,110-17130,ready,5.823502082156973,0.6794821546207404
US29_NB,MD,35399,110-06793,ready,13.078138087003575,1.203485873878537
US29_NB,MD,29781,110-05739,ready,14.365602766798418,0.5682088274044798
US29_NB,MD,29796,110-05738,ready,16.842214673913045,1.2756494565217387
US29_NB,MD,31274,110-05737,ready,10.710056818181817,0.6646574440052704
US29_NB,MD,29854,110-06792,ready,19.521234589685676,0.5060455251270471
US29_NB,MD,34639,110-06791,ready,12.866917220625226,1.0831350610851593
US29_NB,MD,30911,110-06790,ready,9.621946640316205,0.43349291831357073
US29_NB,MD,33499,110-06789,ready,9.707021535228058,1.3561632473806375
US29_NB,MD,34629,110-07955,ready,15.712337368247695,0.7247652338603431
US29_NB,MD,34614,110-17129,ready,14.607549407114625,1.1745039525691694
US29_NB,MD,30078,110-17128,ready,13.109372941370223,1.9536415513833998
US29_NB,MD,30084,110-17127,ready,9.430523715415019,1.0502208498023726
US29_NB,MD,30086,110-06788,ready,10.528052536231884,0.9809420289855066
US29_NB,MD,30094,110-17126,ready,14.939988771110313,0.964637711103127
US29_NB,MD,30020,110-07954,ready,23.809043354743082,0.4215240859683796
US29_NB,MD,30027,110-17125,ready,24.265056144448433,0.6359197808120732
US29_NB,MD,25807,110N17125,ready,26.662604372529643,1.0437782855731228
US29_NB,MD,27281,110-06787,ready,17.775854233327056,0.3068476770813719
US29_NB,MD,26568,110-06786,ready,23.210952733860342,0.7907537878787877
US29_NB,MD,26557,110-17124,ready,16.280126212720088,1.7454192418253682
US29_NB,MD,26886,110-06785,ready,18.642715450310558,0.3439274068322984
US29_NB,MD,25662,110-17123,ready,17.246916407867495,0.6310636645962732
US29_NB,MD,26629,110-17122,ready,13.948146334890408,3.023555246137262
US29_NB,MD,26902,110-06784,ready,17.698112932508312,0.8433454008250202
US29_NB,MD,26532,110-07953,ready,21.47169137022398,0.8646745718050068
US29_NB,MD,27053,110-06783,ready,17.679979933261183,0.38571316621180696
US29_NB,MD,25959,110-17121,ready,5.405282238142292,0.8099040266798431
US29_NB,MD,27031,110-07974,ready,5.282461297760212,2.5839354413702225
US29_NB,MD,25976,110-07975,ready,44.73882520860783,1.8409740338164255
US29_NB,PM,38627,110-06534,ready,12.86310559006211,0.9334534161490688
US29_NB,PM,40740,110-06535,ready,3.303979434288538,0.47919731966403134
US29_NB,PM,38190,110N06535,ready,8.457873376623377,0.6977912196499158
US29_NB,PM,39257,110-06803,ready,9.276956212944665,1.455018712944665
US29_NB,PM,39922,110-06802,ready,8.30716873706004,0.5944761904761887
US29_NB,PM,40799,110-06801,ready,4.587421257411066,0.4159159461462454
US29_NB,PM,29772,110-06800,ready,8.126677989130435,0.9392703804347811
US29_NB,PM,35455,110-06799,ready,7.666686900056464,1.027550254093732
US29_NB,PM,29753,110-06798,ready,12.2267913608131,1.395005646527387
US29_NB,PM,31826,110N06798,ready,1.0030761108870965,5.8751778496934595
US29_NB,PM,29739,110-06797,ready,1.445975311449138,2.464536789223351
US29_NB,PM,35442,110N06797,ready,0.6186766403897145,2.9374982673616423
US29_NB,PM,29747,110-17131,ready,9.213559782608694,0.6059864130434784
US29_NB,PM,29759,110-06796,ready,26.93832868671184,1.0233625188217563
US29_NB,PM,35415,110-06795,ready,21.145495306324108,1.0096296936758904
US29_NB,PM,29730,110N06795,ready,1.2186369812252975,0.5695831274703536
US29_NB,PM,35740,110-17130,ready,6.671489006916996,0.9062390069169961
US29_NB,PM,35399,110-06793,ready,1.3678816564433611,4.513640411037087
US29_NB,PM,29781,110-05739,ready,14.951725543478261,0.3408414031620566
US29_NB,PM,29796,110-05738,ready,14.855523097826087,0.4121073369565216
US29_NB,PM,31274,110-05737,ready,1.0852027445730699,3.294691812079839
US29_NB,PM,29854,110-06792,ready,20.377157813718377,0.9461417211153231
US29_NB,PM,34639,110-06791,ready,13.471729866600791,1.0167923666007905
US29_NB,PM,30911,110-06790,ready,9.185423048418972,0.5435507658102763
US29_NB,PM,33499,110-06789,ready,11.514488283455675,1.1608225225861086
US29_NB,PM,34629,110-07955,ready,0.9099175181414578,3.0721361368331284
US29_NB,PM,34614,110-17129,ready,16.638812111801244,1.6427437888198757
US29_NB,PM,30078,110-17128,ready,2.375789286836759,3.9253238520321023
US29_NB,PM,30084,110-17127,ready,0.8257233846302454,4.951553003863817
US29_NB,PM,30086,110-06788,ready,12.56429347826087,1.1449918478260883
US29_NB,PM,30094,110-17126,ready,15.879363883399211,0.9301361166007913
US29_NB,PM,30020,110-07954,ready,23.048565958498024,0.5452267786561271
US29_NB,PM,30027,110-17125,ready,21.629050148221346,0.6751291996047433
US29_NB,PM,25807,110N17125,ready,24.644079174901186,0.5523185523715411
US29_NB,PM,27281,110-06787,ready,0.44139411409102136,3.335425092257976
US29_NB,PM,26568,110-06786,ready,0.8405460831230449,4.353009898835031
US29_NB,PM,26557,110-17124,ready,20.24125,2.505124999999999
US29_NB,PM,26886,110-06785,ready,0.46025309233348266,3.780512739399151
US29_NB,PM,25662,110-17123,ready,0.7479810064442942,3.392502715863467
US29_NB,PM,26629,110-17122,ready,18.693262104743084,1.4969468873517784
US29_NB,PM,26902,110-06784,ready,0.7155620846504751,4.753873907223991
US29_NB,PM,26532,110-07953,ready,1.0785205466888819,4.566475000203853
US29_NB,PM,27053,110-06783,ready,0.49905755428359866,5.823447373475585
US29_NB,PM,25959,110-17121,ready,5.173564723320158,0.8572477766798405
US29_NB,PM,27031,110-07974,ready,6.408351655138341,0.43204458992095063
US29_NB,PM,25976,110-07975,ready,1.1046436079202904,12.537920099885794
US29_SB,AM,26305,110P06541,ready,33.117971014492745,1.2235398550724634
US29_SB,AM,25975,110+17121,ready,10.524133885438234,0.46374258109040706
US29_SB,AM,25962,110+06783,ready,12.699634557923963,0.834405297148504
US29_SB,AM,25960,110+07953,ready,1.146279825064186,6.196675753027684
US29_SB,AM,26603,110+06784,ready,18.587631752305665,1.4411893939393947
US29_SB,AM,26535,110+17122,ready,15.481302371541503,0.7421110671936759
US29_SB,AM,26908,110P17122,ready,17.363958333333333,0.9961865942028986
US29_SB,AM,25684,110+17123,ready,12.07002923254282,1.7699561100131762
US29_SB,AM,26631,110P17123,ready,14.273442264257481,1.1258568605307735
US29_SB,AM,27347,110+06785,ready,17.507922924901187,0.6641466403162053
US29_SB,AM,25715,110+17124,ready,15.140144927536234,0.4516702898550724
US29_SB,AM,27003,110+06786,ready,13.552448945981554,0.46138372859024973
US29_SB,AM,25768,110+06787,ready,22.501209650856392,0.36903936100131673
US29_SB,AM,25737,110+17125,ready,5.07155604516429,8.149443406475497
US29_SB,AM,25739,110P17125,ready,22.553235342555993,0.5862501646903819
US29_SB,AM,28684,110+07954,ready,18.827405734362255,0.3632563209737114
US29_SB,AM,30023,110+17126,ready,21.88711709486166,1.06663290513834
US29_SB,AM,30040,110+06788,ready,14.885448938139156,0.49677140190727204
US29_SB,AM,30091,110+17127,ready,9.94255434782609,1.4347210144927542
US29_SB,AM,34057,110+17128,ready,9.46378623188406,1.3607028985507252
US29_SB,AM,31282,110+17129,ready,12.640782608695652,0.6844826086956545
US29_SB,AM,33513,110+07955,ready,14.966721014492757,0.9918043478260872
US29_SB,AM,30926,110+06789,ready,12.065242604617604,0.9077287392559136
US29_SB,AM,30917,110+06790,ready,3.1324382506616444,3.3465114403720384
US29_SB,AM,30914,110+06791,ready,10.597028985507247,0.49840579710144856
US29_SB,AM,34642,110+06792,ready,12.627628458498023,0.26118906455862945
US29_SB,AM,30898,110+05737,ready,15.11470512579208,0.6623797289666848
US29_SB,AM,34648,110+05738,ready,11.18429841897233,0.7399107378129113
US29_SB,AM,34709,110+05739,ready,13.489265480895915,0.48073089591567825
US29_SB,AM,29784,110+06793,ready,10.222862318840578,0.4900615942028974
US29_SB,AM,29782,110+17130,ready,9.537905550065878,2.5407388833992086
US29_SB,AM,29811,110+06794,ready,3.382823577388796,1.1024902440554634
US29_SB,AM,29767,110P06795,ready,1.5062617243867251,1.4384471030177568
US29_SB,AM,29731,110+06796,ready,21.1767564229249,0.30987862318840403
US29_SB,AM,29760,110+17131,ready,20.06475065091913,1.1399173175857957
US29_SB,AM,29755,110+06797,ready,5.21960144927536,0.6941014492753593
US29_SB,AM,35441,110+06798,ready,8.131847826086956,0.9612318840579711
US29_SB,AM,31831,110P06798,ready,1.8209006621155943,8.252774745741695
US29_SB,AM,35451,110+06799,ready,9.435548007246377,1.3729254776021076
US29_SB,AM,31103,110+06800,ready,3.6960543478260854,0.4337065217391299
US29_SB,AM,29996,110+06801,ready,6.91396821475626,1.476627635046114
US29_SB,AM,38152,110+06802,ready,4.859094202898553,1.4600326086956545
US29_SB,AM,39021,110+06803,ready,9.223695652173912,1.3830036231884055
US29_SB,AM,39222,110+06535,ready,8.56465579710145,1.6587753623188408
US29_SB,AM,38185,110P06535,ready,6.663782608695652,0.6225229249011853
US29_SB,AM,38621,110+06534,ready,2.787308135704875,0.7048190052700919
US29_SB,AM,40741,110P06534,ready,2.736705368906456,0.3501111660079044
US29_SB,AM,39619,110+06533,ready,7.878822463768116,1.5201557971014488
US29_SB,MD,26305,110P06541,ready,30.696462001437297,2.9584016349263376
US29_SB,MD,25975,110+17121,ready,11.572263257575756,0.6449263010540176
US29_SB,MD,25962,110+06783,ready,13.055095520421608,0.3914171607378127
US29_SB,MD,25960,110+07953,ready,18.320451388888888,0.4167244220151833
US29_SB,MD,26603,110+06784,ready,20.220800806982872,0.8823232048748356
US29_SB,MD,26535,110+17122,ready,16.62914937417655,0.9350698287220022
US29_SB,MD,26908,110P17122,ready,1.2267810796089988,5.005022170661261
US29_SB,MD,25684,110+17123,ready,4.966966178456685,1.7476687837737162
US29_SB,MD,26631,110P17123,ready,1.4484918340963666,3.696766231754504
US29_SB,MD,27347,110+06785,ready,18.972183794466403,0.8304412055335973
US29_SB,MD,25715,110+17124,ready,17.84344637082285,0.6881774164570601
US29_SB,MD,27003,110+06786,ready,16.227497941370224,0.7437937252964423
US29_SB,MD,25768,110+06787,ready,23.021740777338607,2.073884222661397
US29_SB,MD,25737,110+17125,ready,19.588638833992096,3.496772397891963
US29_SB,MD,25739,110P17125,ready,22.287871808143546,0.8626934092477573
US29_SB,MD,28684,110+07954,ready,22.09618824110672,0.8056561264822136
US29_SB,MD,30023,110+17126,ready,22.26482419301713,0.40071417984189733
US29_SB,MD,30040,110+06788,ready,16.968120882740447,0.34134832015810196
US29_SB,MD,30091,110+17127,ready,13.956225002352719,0.5143665654997177
US29_SB,MD,34057,110+17128,ready,12.33479825428195,0.3645388669301717
US29_SB,MD,31282,110+17129,ready,13.001724308300394,3.2227005928853756
US29_SB,MD,33513,110+07955,ready,15.676318207484217,1.3817727016066952
US29_SB,MD,30926,110+06789,ready,16.69418601778656,0.8401787714097502
US29_SB,MD,30917,110+06790,ready,11.539512928194995,0.643422842555994
US29_SB,MD,30914,110+06791,ready,14.159062088274046,0.6188582015810286
US29_SB,MD,34642,110+06792,ready,13.9504393115942,1.362140398550725
US29_SB,MD,30898,110+05737,ready,16.88876543972332,0.36317024868247705
US29_SB,MD,34648,110+05738,ready,12.678700387022396,0.4982941781949946
US29_SB,MD,34709,110+05739,ready,17.53630434782609,1.5318043478260863
US29_SB,MD,29784,110+06793,ready,0.9359645588708774,2.2604445245051323
US29_SB,MD,29782,110+17130,ready,11.169573040184453,2.2950200098814233
US29_SB,MD,29811,110+06794,ready,4.307001693958214,1.1211937229437223
US29_SB,MD,29767,110P06795,ready,2.2110811923583658,0.6942060276679843
US29_SB,MD,29731,110+06796,ready,1.039125827282165,13.008681002380513
US29_SB,MD,29760,110+17131,ready,0.602223009313903,4.320714277705058
US29_SB,MD,29755,110+06797,ready,7.278192934782609,0.8089936594202892
US29_SB,MD,35441,110+06798,ready,10.375020174571803,0.761890069169961
US29_SB,MD,31831,110P06798,ready,18.2930781416651,5.15258852500157
US29_SB,MD,35451,110+06799,ready,9.967219614624506,0.9417858201581023
US29_SB,MD,31103,110+06800,ready,5.230620059288537,0.5023377799736499
US29_SB,MD,29996,110+06801,ready,6.073289631564087,2.1552647162620002
US29_SB,MD,38152,110+06802,ready,5.2301231060606055,3.864034173254282
US29_SB,MD,39021,110+06803,ready,7.071976696310936,0.6136048254281942
US29_SB,MD,39222,110+06535,ready,10.016296113306984,0.9420622529644277
US29_SB,MD,38185,110P06535,ready,5.965834333239223,0.9835807100508186
US29_SB,MD,38621,110+06534,ready,2.6477345661584786,0.9243704357236965
US29_SB,MD,40741,110P06534,ready,3.0584313241106713,0.7024463109354425
US29_SB,MD,39619,110+06533,ready,16.290620059288536,1.1068409090909095
US29_SB,PM,26305,110P06541,ready,4.181011919248432,10.490914544212071
US29_SB,PM,25975,110+17121,ready,9.904551630434783,1.3658967391304349
US29_SB,PM,25962,110+06783,ready,12.496701457509882,0.43350778162055326
US29_SB,PM,25960,110+07953,ready,16.941409337944663,0.6328520256916998
US29_SB,PM,26603,110+06784,ready,18.108035714285712,1.3763338509316771
US29_SB,PM,26535,110+17122,ready,1.5898446320573156,3.5601464223275725
US29_SB,PM,26908,110P17122,ready,19.513787878787877,0.9249902503293811
US29_SB,PM,25684,110+17123,ready,13.57233942687747,1.3981763833992098
US29_SB,PM,26631,110P17123,ready,16.663441205533594,0.9450669466403161
US29_SB,PM,27347,110+06785,ready,0.8915866132871031,0.8961657608695652
US29_SB,PM,25715,110+17124,ready,0.45058680078873525,3.5336439969862656
US29_SB,PM,27003,110+06786,ready,0.8173321573262895,2.917416888580561
US29_SB,PM,25768,110+06787,ready,0.5596092157961372,6.054831314944066
US29_SB,PM,25737,110+17125,ready,20.338047801383397,0.7861945405138344
US29_SB,PM,25739,110P17125,ready,0.5701996488584609,7.242439576954452
US29_SB,PM,28684,110+07954,ready,0.3290267510783603,10.530837266879324
US29_SB,PM,30023,110+17126,ready,23.628165760869564,1.0009565217391305
US29_SB,PM,30040,110+06788,ready,0.6475671761696136,3.247055439649831
US29_SB,PM,30091,110+17127,ready,0.5946250049651898,2.8177241855003476
US29_SB,PM,34057,110+17128,ready,1.7229068272404433,3.7782357793452075
US29_SB,PM,31282,110+17129,ready,2.9576858890421134,2.6465328616745265
US29_SB,PM,33513,110+07955,ready,0.9140308831360378,3.394769897516906
US29_SB,PM,30926,110+06789,ready,1.401294537527204,2.5658299716222754
US29_SB,PM,30917,110+06790,ready,11.743361536561265,1.2997365365612648
US29_SB,PM,30914,110+06791,ready,1.759425155247426,3.7691912497553397
US29_SB,PM,34642,110+06792,ready,1.2342203551990816,4.03924002752923
US29_SB,PM,30898,110+05737,ready,0.6510324798049402,5.338907597413889
US29_SB,PM,34648,110+05738,ready,1.4670697567933495,5.042039049122877
US29_SB,PM,34709,110+05739,ready,2.4097324089023653,2.7058197960388526
US29_SB,PM,29784,110+06793,ready,14.502396068605309,0.4533931865236207
US29_SB,PM,29782,110+17130,ready,10.18967453063241,0.6731419219367587
US29_SB,PM,29811,110+06794,ready,3.677059041501975,0.9575237154150185
US29_SB,PM,29767,110P06795,ready,1.9035116106719352,1.1253749999999996
US29_SB,PM,29731,110+06796,ready,27.47500926383399,2.5284754199604746
US29_SB,PM,29760,110+17131,ready,19.651022109683794,0.5310621294466409
US29_SB,PM,29755,110+06797,ready,3.113882547890901,5.4459333851791545
US29_SB,PM,35441,110+06798,ready,3.480646759328642,2.2201013030479793
US29_SB,PM,31831,110P06798,ready,0.9885140057042574,6.425791873032282
US29_SB,PM,35451,110+06799,ready,2.0177313588027124,1.8781062835188078
US29_SB,PM,31103,110+06800,ready,7.111935523715415,0.9993675889328069
US29_SB,PM,29996,110+06801,ready,10.010837935841334,1.6151422836674199
US29_SB,PM,38152,110+06802,ready,1.467190163328415,3.0023951687351724
US29_SB,PM,39021,110+06803,ready,8.309166666666666,0.25223913043478
US29_SB,PM,39222,110+06535,ready,11.192690217391304,3.061222826086956
US29_SB,PM,38185,110P06535,ready,4.590489130434782,0.46936684782608795
US29_SB,PM,38621,110+06534,ready,3.2665864683323913,0.5607186323640123
US29_SB,PM,40741,110P06534,ready,5.193553327333897,0.8649007828674935
US29_SB,PM,39619,110+06533,ready,2.750302150216462,2.906993038013082
US340_EB,AM,49323,110+10632,ready,24.141141304347826,2.8861086956521738
US340_EB,MD,49323,110+10632,ready,24.43143976645335,0.3480926814731167
US340_EB,PM,49323,110+10632,ready,2.788846749442688,8.49903276438748
US340_WB,AM,41488,110-16102,ready,17.568876811594205,0.7164347826086962
US340_WB,MD,41488,110-16102,ready,20.127435359025032,0.7014625329380753
US340_WB,PM,41488,110-16102,ready,22.62310647233202,1.7335983201581042
US50_EB,AM,36619,110+06653,ready,3.173581215885565,0.9787694146433281
US50_EB,AM,36893,110+06654,ready,1.4764782608695661,0.27796521739130353
US50_EB,AM,36441,110+06658,ready,7.743731884057972,0.593829710144926
US50_EB,AM,36886,110+07948,ready,2.4524903812886563,7.338553108425633
US50_EB,AM,37580,110+06659,ready,10.29832004046678,1.0312367071334467
US50_EB,AM,36426,110+06660,ready,1.0537488745948913,4.543948558469322
US50_EB,AM,36138,110-05752,ready,2.6054219002016805,4.943055260046625
US50_EB,AM,36731,110-05751,ready,17.426420866271414,2.7811708662714114
US50_EB,AM,37340,110-05750,ready,11.068546764226111,2.302183127862475
US50_EB,AM,36122,110-05749,ready,1.4337099025394917,4.633682348874427
US50_EB,AM,30853,110-05748,ready,15.494804347826086,2.638469565217392
US50_EB,AM,32916,110N05748,ready,11.203980566534916,2.1384660737812937
US50_EB,AM,31902,110-05747,ready,26.575280797101446,0.7163278985507242
US50_EB,AM,33256,110-05746,ready,16.263633893280634,1.2268280632411042
US50_EB,AM,30830,110-05745,ready,15.826926877470353,4.260007905138342
US50_EB,AM,31083,110-05744,ready,16.453265993788822,2.1782100931677006
US50_EB,AM,32904,110N05744,ready,8.589318181818184,2.7992131093544153
US50_EB,AM,31089,110-05743,ready,5.023999153020892,3.3350317617165435
US50_EB,AM,33293,110N05743,ready,5.4246920289855085,2.9266847826086955
US50_EB,AM,30802,110-05742,ready,7.5109931728350725,4.561279554437654
US50_EB,AM,35770,110N05742,ready,7.330541007905139,3.4897439064558644
US50_EB,AM,29812,110-05741,ready,12.908321805006587,2.5606913702239775
US50_EB,AM,30889,110-05740,ready,15.136189476284585,0.9079358530961796
US50_EB,MD,36619,110+06653,ready,4.674941182006401,0.5432157679277244
US50_EB,MD,36893,110+06654,ready,0.6720703292096569,0.19119196054275084
US50_EB,MD,36441,110+06658,ready,4.43422204380764,0.774179306653493
US50_EB,MD,36886,110+07948,ready,18.996304347826086,0.6760507246376813
US50_EB,MD,37580,110+06659,ready,11.6836590085639,0.31137722332015877
US50_EB,MD,36426,110+06660,ready,22.90217803030303,0.7352386363636358
US50_EB,MD,36138,110-05752,ready,19.535986907114626,1.2136380928853747
US50_EB,MD,36731,110-05751,ready,17.45248723649539,0.30856529973649643
US50_EB,MD,37340,110-05750,ready,12.637032279314887,0.4821108366271411
US50_EB,MD,36122,110-05749,ready,17.72129716133669,1.6435871361839736
US50_EB,MD,30853,110-05748,ready,21.16221426218709,3.1302712450592884
US50_EB,MD,32916,110N05748,ready,11.587539113965741,6.540210886034256
US50_EB,MD,31902,110-05747,ready,29.904197546113306,2.2833712944664035
US50_EB,MD,33256,110-05746,ready,1.852904202386543,5.6614356326354
US50_EB,MD,30830,110-05745,ready,3.1068763766583984,8.605954202383716
US50_EB,MD,31083,110-05744,ready,16.34914484519104,2.2726430335968377
US50_EB,MD,32904,110N05744,ready,6.745274415349141,1.6911223237812927
US50_EB,MD,31089,110-05743,ready,1.995796277997364,4.349984519104085
US50_EB,MD,33293,110N05743,ready,5.956665313852817,1.5994859660267293
US50_EB,MD,30802,110-05742,ready,10.894431406455864,1.855556406455863
US50_EB,MD,35770,110N05742,ready,7.898225872859025,6.288243816268274
US50_EB,MD,29812,110-05741,ready,11.802310606060606,6.247029973649539
US50_EB,MD,30889,110-05740,ready,17.00265727931489,3.1990340909090906
US50_EB,PM,36619,110+06653,ready,4.717233789760963,0.45076077545642823
US50_EB,PM,36893,110+06654,ready,0.5336005434782614,0.8860822628458482
US50_EB,PM,36441,110+06658,ready,4.6859714673913055,1.2036453804347844
US50_EB,PM,36886,110+07948,ready,18.55760869565217,0.5307336956521731
US50_EB,PM,37580,110+06659,ready,12.299688117588932,0.26998258399209396
US50_EB,PM,36426,110+06660,ready,23.550455163043477,0.8675176630434778
US50_EB,PM,36138,110-05752,ready,19.709018033596838,0.4908238636363649
US50_EB,PM,36731,110-05751,ready,18.566514460403727,0.6758874841191411
US50_EB,PM,37340,110-05750,ready,15.284683794466403,1.6901837944664049
US50_EB,PM,36122,110-05749,ready,18.193473937747033,0.8907419713438731
US50_EB,PM,30853,110-05748,ready,4.10680901474243,3.3865529851205434
US50_EB,PM,32916,110N05748,ready,1.735803501300825,3.3992552099800593
US50_EB,PM,31902,110-05747,ready,1.1892387677963556,4.8739307065217385
US50_EB,PM,33256,110-05746,ready,23.759085060901835,1.700483262079535
US50_EB,PM,30830,110-05745,ready,23.49730731225296,1.8324019268774696
US50_EB,PM,31083,110-05744,ready,21.248609601449274,1.276560947204969
US50_EB,PM,32904,110N05744,ready,9.148684953180876,0.5778356448804809
US50_EB,PM,31089,110-05743,ready,0.9323823850042695,9.074379925943441
US50_EB,PM,33293,110N05743,ready,3.258888957509884,1.0454371294466371
US50_EB,PM,30802,110-05742,ready,8.238737648221344,1.1281455039525694
US50_EB,PM,35770,110N05742,ready,5.910237462944664,1.4286375370553355
US50_EB,PM,29812,110-05741,ready,14.529836956521738,2.4711711956521736
US50_EB,PM,30889,110-05740,ready,1.5578723401049879,4.54149811688496
US50_WB,AM,34719,110+05741,ready,10.52107131093544,0.5982620223978916
US50_WB,AM,30885,110+05742,ready,2.4464291007905157,0.6685196805006607
US50_WB,AM,31803,110P05742,ready,9.576195652173912,0.49981159420289895
US50_WB,AM,35615,110+05743,ready,13.336648550724638,1.6881811594202898
US50_WB,AM,30796,110P05743,ready,5.006244235836629,2.0210057641633727
US50_WB,AM,33294,110+05744,ready,1.6595260838195631,0.9967941997615904
US50_WB,AM,32899,110P05744,ready,6.150188405797102,2.126455072463768
US50_WB,AM,31762,110+05745,ready,15.988626482213439,2.3654430171277987
US50_WB,AM,31092,110+05746,ready,15.352789855072464,1.8440471014492743
US50_WB,AM,33260,110+05747,ready,22.594115200922264,1.1478413208168652
US50_WB,AM,31903,110+05748,ready,17.250391963109355,1.7661854413702247
US50_WB,AM,32911,110P05748,ready,9.34644927536232,1.0098840579710153
US50_WB,AM,35527,110+05749,ready,11.19564476284585,0.9098730237154159
US50_WB,AM,38038,110+05750,ready,19.07785984848485,1.7304323122529641
US50_WB,AM,35839,110+05751,ready,14.600436429512518,1.7690197628458477
US50_WB,AM,37483,110+05752,ready,19.4779907773386,1.2562134387351762
US50_WB,AM,36132,110+16036,ready,19.827230888073277,1.111198279377627
US50_WB,AM,36559,110-06659,ready,22.600235507246378,1.2271413043478254
US50_WB,AM,36430,110-07948,ready,13.676796772068512,0.6388801054018446
US50_WB,AM,36437,110-06658,ready,14.731166948993035,0.7337661553422418
US50_WB,AM,36885,110-06657,ready,6.1855978260869575,1.0359166666666664
US50_WB,AM,48882,110-06653,ready,0.9402834635171597,1.497014030052074
US50_WB,AM,36892,110-06652,ready,4.375743577075098,1.2108269104084304
US50_WB,MD,34719,110+05741,ready,14.228178374655647,1.8945518924422087
US50_WB,MD,30885,110+05742,ready,0.4843745508444118,1.1070996676248657
US50_WB,MD,31803,110P05742,ready,8.897298666007906,0.49084988471673235
US50_WB,MD,35615,110+05743,ready,12.933167894358606,0.2835726733740571
US50_WB,MD,30796,110P05743,ready,4.44478878458498,1.0248078886693017
US50_WB,MD,33294,110+05744,ready,0.992264316299643,0.5821320699228304
US50_WB,MD,32899,110P05744,ready,5.785011322463767,1.3485303442028993
US50_WB,MD,31762,110+05745,ready,16.725809453227928,1.6153988801054027
US50_WB,MD,31092,110+05746,ready,14.480788494416212,1.0682948389171223
US50_WB,MD,33260,110+05747,ready,22.372900609354417,2.44623970685112
US50_WB,MD,31903,110+05748,ready,20.62993206521739,1.028105978260869
US50_WB,MD,32911,110P05748,ready,11.882439476284583,0.9232741271409758
US50_WB,MD,35527,110+05749,ready,12.040686131501351,1.6314805351653172
US50_WB,MD,38038,110+05750,ready,17.55362620772947,1.2909607487922716
US50_WB,MD,35839,110+05751,ready,12.650960144927536,1.314664855072464
US50_WB,MD,37483,110+05752,ready,18.148035861330698,1.717816576086957
US50_WB,MD,36132,110+16036,ready,19.71629154510948,0.5176595418470421
US50_WB,MD,36559,110-06659,ready,22.55956566654689,0.4203836687028398
US50_WB,MD,36430,110-07948,ready,14.27309412055336,0.8594131258234515
US50_WB,MD,36437,110-06658,ready,16.083074726656744,0.22187781684718386
US50_WB,MD,36885,110-06657,ready,7.28357666337286,1.0522793972332016
US50_WB,MD,48882,110-06653,ready,0.5663386975343482,0.7032354366647832
US50_WB,MD,36892,110-06652,ready,5.817873847167323,0.7409186429512505
US50_WB,PM,34719,110+05741,ready,12.789971590909092,0.7365620059288529
US50_WB,PM,30885,110+05742,ready,1.9985202128034998,0.35208197169678046
US50_WB,PM,31803,110P05742,ready,7.273084239130435,1.2847554347826073
US50_WB,PM,35615,110+05743,ready,12.021352343308864,0.28309486166008313
US50_WB,PM,30796,110P05743,ready,2.1499684294419352,1.976189179253717
US50_WB,PM,33294,110+05744,ready,0.9288625776397503,1.0376455745341624
US50_WB,PM,32899,110P05744,ready,10.979498517786562,3.1877485177865603
US50_WB,PM,31762,110+05745,ready,0.27424783214970966,4.183941998231917
US50_WB,PM,31092,110+05746,ready,16.851363636363637,0.6893352272727267
US50_WB,PM,33260,110+05747,ready,0.8920052448063045,4.455286305652623
US50_WB,PM,31903,110+05748,ready,3.9549169142953264,2.7574836131498817
US50_WB,PM,32911,110P05748,ready,2.0389155473760443,2.071306826193644
US50_WB,PM,35527,110+05749,ready,1.5977921986134094,3.3915753739961074
US50_WB,PM,38038,110+05750,ready,19.579505391089242,2.0086482482320984
US50_WB,PM,35839,110+05751,ready,16.607160326086955,2.9140054347826085
US50_WB,PM,37483,110+05752,ready,22.23044404644269,2.6823679594861654
US50_WB,PM,36132,110+16036,ready,2.9720445913930544,3.1618621807135097
US50_WB,PM,36559,110-06659,ready,22.80546195652174,0.3789021739130438
US50_WB,PM,36430,110-07948,ready,16.596505623000187,1.6197556230001875
US50_WB,PM,36437,110-06658,ready,0.33915068402507065,3.11620414401237
US50_WB,PM,36885,110-06657,ready,11.001284584980237,1.7158443675889328
US50_WB,PM,48882,110-06653,ready,1.056842267786561,0.5805707756917005
US50_WB,PM,36892,110-06652,ready,5.261786684782608,0.8327730978260881
VA110_NB,AM,26294,110P06765,ready,15.8422628458498,0.7070563241106681
VA110_NB,AM,26281,110+16045,ready,13.556548913043478,0.3588931159420283
VA110_NB,AM,26518,110+06766,ready,22.367224084792017,1.1630812276491624
VA110_NB,AM,26605,110P06767,ready,29.448985507246377,2.131190052700923
VA110_NB,AM,26610,110+06767,ready,26.90398395445134,2.9818448240165614
VA110_NB,MD,26294,110P06765,ready,15.08017168972332,0.48273361330698233
VA110_NB,MD,26281,110+16045,ready,13.091906291172597,0.13508283926218598
VA110_NB,MD,26518,110+06766,ready,19.629084733201584,2.118894021739129
VA110_NB,MD,26605,110P06767,ready,27.10679464481774,1.106715675779534
VA110_NB,MD,26610,110+06767,ready,23.949084527338602,1.551937211791832
VA110_NB,PM,26294,110P06765,ready,15.055566946640312,0.7360681818181836
VA110_NB,PM,26281,110+16045,ready,12.770427536231885,1.178007246376814
VA110_NB,PM,26518,110+06766,ready,18.753346096837944,0.6721531620553369
VA110_NB,PM,26605,110P06767,ready,26.266658226284584,1.0072777915019762
VA110_NB,PM,26610,110+06767,ready,22.686898880105403,1.1386955698287236
VA110_SB,AM,26606,110-06766,ready,17.364185770750986,0.3236205533596824
VA110_SB,AM,26310,110N06767,ready,21.057971014492754,0.5570797101449289
VA110_SB,AM,26609,110-16045,ready,15.761476449275358,0.40097644927535764
VA110_SB,AM,26517,110N16045,ready,10.786829710144927,0.5097282608695638
VA110_SB,AM,26290,110-06765,ready,16.16195981554677,0.533421936758892
VA110_SB,MD,26606,110-06766,ready,20.893118314354727,0.44371614044168367
VA110_SB,MD,26310,110N06767,ready,29.309953474967063,1.0664480401844527
VA110_SB,MD,26609,110-16045,ready,15.637204792490119,0.41445462779973613
VA110_SB,MD,26517,110N16045,ready,9.921312170619233,0.35999580039525725
VA110_SB,MD,26290,110-06765,ready,15.70835144927536,0.4938913043478248
VA110_SB,PM,26606,110-06766,ready,23.009386087191796,0.6182524997647278
VA110_SB,PM,26310,110N06767,ready,2.2429762398997246,11.106807712493966
VA110_SB,PM,26609,110-16045,ready,17.24978106472332,0.4623859313241083
VA110_SB,PM,26517,110N16045,ready,10.124216897233202,0.40033226284584966
VA110_SB,PM,26290,110-06765,ready,16.84915699110672,0.7662847084980231
VA120_NB,AM,27359,110+10228,ready,13.658907279314889,0.7934072793148882
VA120_NB,AM,26188,110+10229,ready,15.90196114875463,1.857977021770501
VA120_NB,AM,26179,110P10229,ready,19.401401515151516,1.204326745718051
VA120_NB,AM,27166,110+10230,ready,1.5712625789811432,6.492855904333974
VA120_NB,AM,26131,110P10230,ready,1.871490447254543,7.072331473262714
VA120_NB,AM,26166,110+10784,ready,1.974985523590946,5.459763456087878
VA120_NB,AM,26623,110+10231,ready,4.269817122424416,2.341712010373821
VA120_NB,AM,26659,110P10231,ready,19.064021739130435,1.2022695652173911
VA120_NB,AM,27415,110+10232,ready,2.2443147274316617,7.775035951394275
VA120_NB,AM,25883,110+10785,ready,24.936020256917,0.8096072134387341
VA120_NB,AM,26583,110+10233,ready,21.032182559288536,0.5589207015810294
VA120_NB,AM,25896,110P10233,ready,18.720112648221345,0.7332687747035557
VA120_NB,AM,25700,110+10234,ready,3.20719269807951,7.82721088358975
VA120_NB,AM,27299,110+10235,ready,3.8235958350046477,5.800953965190041
VA120_NB,AM,26864,110+10236,ready,19.29509716732543,1.765743412384718
VA120_NB,AM,25602,110+10237,ready,3.281481140007411,15.025817764082506
VA120_NB,MD,27359,110+10228,ready,14.852588109354414,0.5604879776021087
VA120_NB,MD,26188,110+10229,ready,17.433487730566537,1.9782622694334642
VA120_NB,MD,26179,110P10229,ready,20.449039568654406,1.0258299965629833
VA120_NB,MD,27166,110+10230,ready,14.9540587944664,1.8105390316205543
VA120_NB,MD,26131,110P10230,ready,20.230486660079052,0.9032289196310939
VA120_NB,MD,26166,110+10784,ready,18.52195569828722,1.6395026350461128
VA120_NB,MD,26623,110+10231,ready,16.89462574110672,1.4190825922266137
VA120_NB,MD,26659,110P10231,ready,19.91351902173913,0.9123324275362327
VA120_NB,MD,27415,110+10232,ready,21.74345726284585,1.9012927371541501
VA120_NB,MD,25883,110+10785,ready,24.936748188405797,0.28782460474308297
VA120_NB,MD,26583,110+10233,ready,21.955002470355726,0.5855398550724629
VA120_NB,MD,25896,110P10233,ready,19.49852313899868,0.34670512187088337
VA120_NB,MD,25700,110+10234,ready,16.73392848320158,1.799607748682477
VA120_NB,MD,27299,110+10235,ready,14.738739295125164,1.9135599472990776
VA120_NB,MD,26864,110+10236,ready,0.5630721451294626,5.563971610450717
VA120_NB,MD,25602,110+10237,ready,30.106891880764163,1.9913997859025034
VA120_NB,PM,27359,110+10228,ready,1.1328563313547022,4.16788217869687
VA120_NB,PM,26188,110+10229,ready,0.7669271839798737,2.7089355884152084
VA120_NB,PM,26179,110P10229,ready,1.5462340714338125,5.392671428411597
VA120_NB,PM,27166,110+10230,ready,15.746953433794467,0.5007634634387352
VA120_NB,PM,26131,110P10230,ready,21.190075934029736,0.5629699557688685
VA120_NB,PM,26166,110+10784,ready,19.64031902879729,0.8196933935629576
VA120_NB,PM,26623,110+10231,ready,18.22625,0.327467391304348
VA120_NB,PM,26659,110P10231,ready,0.8612581926257348,6.60401244450702
VA120_NB,PM,27415,110+10232,ready,22.44275479954828,0.6848107001693963
VA120_NB,PM,25883,110+10785,ready,24.24978940217391,0.3731399456521738
VA120_NB,PM,26583,110+10233,ready,2.3896808914295438,7.082542384597556
VA120_NB,PM,25896,110P10233,ready,2.315560604421081,3.6728863269767684
VA120_NB,PM,25700,110+10234,ready,17.39650135869565,0.6674524456521733
VA120_NB,PM,27299,110+10235,ready,15.794245923913044,0.595721467391304
VA120_NB,PM,26864,110+10236,ready,20.684959239130436,0.41500271739130423
VA120_NB,PM,25602,110+10237,ready,33.12113821640315,1.7078654891304341
VA120_SB,AM,26861,110-10236,ready,27.888946393280634,0.8826736660079065
VA120_SB,AM,25611,110-10235,ready,21.267943958215696,0.7191199416525501
VA120_SB,AM,26564,110-10234,ready,14.26359025032938,0.5130675230566547
VA120_SB,AM,25657,110N10234,ready,18.814048913043475,1.4807989130434775
VA120_SB,AM,26918,110-10233,ready,14.223822463768116,0.3526195652173915
VA120_SB,AM,26994,110N10233,ready,19.964115612648225,0.5015655467720682
VA120_SB,AM,25900,110-10785,ready,22.292791501976286,0.3060359025032941
VA120_SB,AM,25889,110-10232,ready,24.82030797101449,0.3729601449275359
VA120_SB,AM,26640,110-10231,ready,20.0662371541502,0.44051739130434664
VA120_SB,AM,26654,110N10231,ready,18.55621739130435,1.0821217391304352
VA120_SB,AM,26658,110-10784,ready,15.529320652173913,0.5459221014492742
VA120_SB,AM,26111,110-10230,ready,14.367423395445133,0.5093944099378878
VA120_SB,AM,26133,110-10229,ready,12.704657444005269,0.8292954545454542
VA120_SB,AM,26782,110N10229,ready,19.074565217391307,0.8671014492753623
VA120_SB,AM,26193,110-10228,ready,15.859263833992095,1.0091021080368907
VA120_SB,AM,26189,110-10227,ready,16.528937237279624,0.46572215164062847
VA120_SB,AM,27124,110N10227,ready,25.715845685111997,0.43315431488801065
VA120_SB,MD,26861,110-10236,ready,28.75803894927536,0.36320380434782634
VA120_SB,MD,25611,110-10235,ready,22.30151597496706,0.19155434782608646
VA120_SB,MD,26564,110-10234,ready,15.70349658267457,1.7282842144268777
VA120_SB,MD,25657,110N10234,ready,19.782647809617917,0.5406130599472988
VA120_SB,MD,26918,110-10233,ready,15.079954925810904,1.1916919780099127
VA120_SB,MD,26994,110N10233,ready,21.74197772562582,1.297736042490119
VA120_SB,MD,25900,110-10785,ready,23.9824365942029,0.505248188405797
VA120_SB,MD,25889,110-10232,ready,26.65150568181818,0.5093892457180501
VA120_SB,MD,26640,110-10231,ready,21.06645689229249,0.3525818922924901
VA120_SB,MD,26654,110N10231,ready,0.9319270794955701,5.116024599940775
VA120_SB,MD,26658,110-10784,ready,16.96638998682477,1.4595266798418969
VA120_SB,MD,26111,110-10230,ready,17.33345561594203,0.6001277173913055
VA120_SB,MD,26133,110-10229,ready,15.328296895586297,1.2207031044137022
VA120_SB,MD,26782,110N10229,ready,20.837236907114626,2.1760620059288533
VA120_SB,MD,26193,110-10228,ready,17.21175980495953,0.4903849696499143
VA120_SB,MD,26189,110-10227,ready,16.147636487154152,0.5393457262845852
VA120_SB,MD,27124,110N10227,ready,25.865409667325427,0.8723987977602108
VA120_SB,PM,26861,110-10236,ready,29.728123764822133,0.3628357213438729
VA120_SB,PM,25611,110-10235,ready,0.40364680339185477,9.752294481786954
VA120_SB,PM,26564,110-10234,ready,0.9247394350214757,3.261003162939253
VA120_SB,PM,25657,110N10234,ready,0.1298495456227641,4.28151986764675
VA120_SB,PM,26918,110-10233,ready,16.728456871286063,1.365456871286063
VA120_SB,PM,26994,110N10233,ready,0.5979860569983143,5.792756009924208
VA120_SB,PM,25900,110-10785,ready,1.2923265843002096,9.08696212210608
VA120_SB,PM,25889,110-10232,ready,0.36241907108374494,3.7098029891304343
VA120_SB,PM,26640,110-10231,ready,0.9790405984493729,4.739354564938342
VA120_SB,PM,26654,110N10231,ready,21.873573369565214,0.5509320652173919
VA120_SB,PM,26658,110-10784,ready,1.4283326773896396,3.906631680273655
VA120_SB,PM,26111,110-10230,ready,19.779554100790513,1.2050894268774701
VA120_SB,PM,26133,110-10229,ready,1.3697513527793947,3.2805683054276438
VA120_SB,PM,26782,110N10229,ready,1.2679208375783668,5.8571478705141065
VA120_SB,PM,26193,110-10228,ready,0.8113287000591212,3.3054269779276657
VA120_SB,PM,26189,110-10227,ready,16.49707686335404,0.49632259316770067
VA120_SB,PM,27124,110N10227,ready,25.406814652738568,0.26792447769621675
VA123_NB,AM,38242,110-10035,ready,23.08761775362319,0.357711956521739
VA123_NB,AM,38518,110N10035,ready,1.691822011668691,4.397268241798447
VA123_NB,AM,35097,110-10034,ready,20.716096837944665,3.9063468379446653
VA123_NB,AM,29433,110-10033,ready,16.97605025409373,3.8536625729343115
VA123_NB,AM,35218,110N10033,ready,2.884553848087773,4.827661232443218
VA123_NB,AM,35739,110-10032,ready,14.390897562582344,3.1011620553359656
VA123_NB,AM,35231,110-10031,ready,9.600032114624506,2.2697784914361017
VA123_NB,AM,29441,110-10030,ready,2.043158326968463,5.334657714454901
VA123_NB,AM,29446,110-10029,ready,9.898310276679839,2.79717259552042
VA123_NB,AM,35246,110-10028,ready,1.7209403292976553,8.105208432893438
VA123_NB,AM,29508,110-10027,ready,24.854935770750988,6.151635770750988
VA123_NB,AM,32877,110N10027,ready,23.402590579710147,1.1073297101449278
VA123_NB,AM,32870,110-10026,ready,2.546260939857725,4.696389379149346
VA123_NB,AM,29824,110-10025,ready,13.351986166007904,1.704616600790515
VA123_NB,AM,29644,110-10024,ready,19.431258520766676,2.2144811821632464
VA123_NB,AM,29823,110-10023,ready,12.50093244699964,0.7076122888968729
VA123_NB,AM,29845,110N10023,ready,20.778272397891964,1.1838702239789198
VA123_NB,AM,34712,110-10022,ready,19.810278530648095,2.2063509944162134
VA123_NB,AM,29837,110-10021,ready,9.135406785243743,1.7272417654808951
VA123_NB,AM,32864,110N10021,ready,2.0813496214976586,3.062405495540163
VA123_NB,AM,30700,110-10020,ready,25.616473978919633,1.2883857048748355
VA123_NB,AM,30698,110-10019,ready,21.381557186774575,0.2973276083819565
VA123_NB,AM,33578,110-10018,ready,31.27061553030303,0.9676119071146244
VA123_NB,AM,30613,110-10017,ready,3.6213939317583708,9.071120846849686
VA123_NB,AM,30579,110-10016,ready,10.382858719179373,0.759442052512704
VA123_NB,AM,30573,110N10016,ready,2.0911506649809617,8.513315216021217
VA123_NB,AM,30568,110-10015,ready,7.475266798418974,0.8694972332015812
VA123_NB,AM,31743,110N10015,ready,3.6145391663672295,2.154993711821774
VA123_NB,AM,34031,110-10014,ready,15.472266963109353,1.8727738801054004
VA123_NB,AM,31840,110N10014,ready,12.1450790513834,3.924879051383398
VA123_NB,AM,30196,110-10013,ready,3.1763931383412434,3.6053857638876736
VA123_NB,AM,30212,110-10012,ready,3.276994583074033,8.941428599480457
VA123_NB,AM,30223,110-06996,ready,15.758672924901186,1.4848729249011854
VA123_NB,AM,30240,110-06995,ready,1.4457399880906145,4.189609734473071
VA123_NB,AM,31776,110N06995,ready,29.68958827404479,2.697012187088274
VA123_NB,AM,31771,110-06994,ready,5.119595100181476,8.563605430385374
VA123_NB,MD,38242,110-10035,ready,21.748416707839265,0.9178514081027672
VA123_NB,MD,38518,110N10035,ready,1.97680066475027,3.129357977003234
VA123_NB,MD,35097,110-10034,ready,17.509247439813148,0.6203039435860582
VA123_NB,MD,29433,110-10033,ready,16.042124300065876,1.2475895503952572
VA123_NB,MD,35218,110N10033,ready,18.67443675889328,2.7095505599472993
VA123_NB,MD,35739,110-10032,ready,13.637433712121213,0.9181478096179182
VA123_NB,MD,35231,110-10031,ready,10.273428030303029,0.8451434453227936
VA123_NB,MD,29441,110-10030,ready,13.648635402942467,2.4934388724198517
VA123_NB,MD,29446,110-10029,ready,7.349649582000126,1.171379568197502
VA123_NB,MD,35246,110-10028,ready,13.546771245059288,3.9196870882740455
VA123_NB,MD,29508,110-10027,ready,6.844668060034109,5.163069104358792
VA123_NB,MD,32877,110N10027,ready,25.161220149868246,1.2763211874176548
VA123_NB,MD,32870,110-10026,ready,19.030139986824768,3.2767114624505944
VA123_NB,MD,29824,110-10025,ready,14.743393033596837,0.3012067687747022
VA123_NB,MD,29644,110-10024,ready,15.923810111989459,5.039148221343875
VA123_NB,MD,29823,110-10023,ready,15.088345096932054,0.5028867871259183
VA123_NB,MD,29845,110N10023,ready,23.946431159420285,0.5548623188405798
VA123_NB,MD,34712,110-10022,ready,19.32613681279195,2.331226823571685
VA123_NB,MD,29837,110-10021,ready,11.49092308959157,0.8759342885375497
VA123_NB,MD,32864,110N10021,ready,12.441887351778655,0.980638339920949
VA123_NB,MD,30700,110-10020,ready,26.55542078392622,1.9417042160737819
VA123_NB,MD,30698,110-10019,ready,23.988885869565213,0.5219692028985506
VA123_NB,MD,33578,110-10018,ready,32.97818387681159,0.6327853260869566
VA123_NB,MD,30613,110-10017,ready,30.105308382740446,0.85000716403162
VA123_NB,MD,30579,110-10016,ready,1.1050268347582615,5.629151363452176
VA123_NB,MD,30573,110N10016,ready,3.395542846291043,9.094913355221022
VA123_NB,MD,30568,110-10015,ready,12.1239990942029,0.8979175724637688
VA123_NB,MD,31743,110N10015,ready,2.278493906455862,1.7308394268774705
VA123_NB,MD,34031,110-10014,ready,15.312395421607377,1.8437295783926215
VA123_NB,MD,31840,110N10014,ready,11.25728363801054,4.624883028656128
VA123_NB,MD,30196,110-10013,ready,8.097866436100132,2.3120683465085636
VA123_NB,MD,30212,110-10012,ready,21.524668148880107,0.4924940711462466
VA123_NB,MD,30223,110-06996,ready,14.306302629317752,1.1601321532909443
VA123_NB,MD,30240,110-06995,ready,26.285352587136178,3.4622007725476114
VA123_NB,MD,31776,110N06995,ready,31.172097743741762,0.30881711133069806
VA123_NB,MD,31771,110-06994,ready,30.395529479578396,2.540777338603425
VA123_NB,PM,38242,110-10035,ready,1.1963886433415527,4.512347132518166
VA123_NB,PM,38518,110N10035,ready,5.413423913043476,1.9475298913043462
VA123_NB,PM,35097,110-10034,ready,17.405067934782608,0.27389402173913036
VA123_NB,PM,29433,110-10033,ready,16.801629817193678,0.6553104001976271
VA123_NB,PM,35218,110N10033,ready,20.382274888833994,2.729630867094863
VA123_NB,PM,35739,110-10032,ready,13.415395256916995,1.2607919960474314
VA123_NB,PM,35231,110-10031,ready,11.366964285714287,1.29975
VA123_NB,PM,29441,110-10030,ready,15.038188611660079,1.88568861166008
VA123_NB,PM,29446,110-10029,ready,8.840289649209485,1.2695107460474295
VA123_NB,PM,35246,110-10028,ready,16.600377346837945,2.414189846837945
VA123_NB,PM,29508,110-10027,ready,23.194544836956524,1.5635529891304336
VA123_NB,PM,32877,110N10027,ready,25.702564229249013,0.2817102272727259
VA123_NB,PM,32870,110-10026,ready,20.3407417243083,1.8498042243083002
VA123_NB,PM,29824,110-10025,ready,14.754991589026913,0.3658710591944292
VA123_NB,PM,29644,110-10024,ready,16.089290390316208,0.28535091403162216
VA123_NB,PM,29823,110-10023,ready,0.8351302766356439,3.137175402985762
VA123_NB,PM,29845,110N10023,ready,0.4640114819482879,5.307944885109481
VA123_NB,PM,34712,110-10022,ready,2.1681899787281695,4.40563168149346
VA123_NB,PM,29837,110-10021,ready,9.471469244071146,1.507055212450593
VA123_NB,PM,32864,110N10021,ready,10.0957021986166,0.7634087203557303
VA123_NB,PM,30700,110-10020,ready,1.1495746101347333,8.016339573853406
VA123_NB,PM,30698,110-10019,ready,1.04136324510836,9.41856132417702
VA123_NB,PM,33578,110-10018,ready,0.4319754173609016,14.336721870956232
VA123_NB,PM,30613,110-10017,ready,30.727194911067194,0.6235345849802372
VA123_NB,PM,30579,110-10016,ready,11.977231348814229,0.48639019268774764
VA123_NB,PM,30573,110N10016,ready,8.814421936758894,0.5847645750988144
VA123_NB,PM,30568,110-10015,ready,1.8126244143682464,4.246943151167631
VA123_NB,PM,31743,110N10015,ready,6.627526552122824,2.863498601812266
VA123_NB,PM,34031,110-10014,ready,2.085199058757132,3.306235980682164
VA123_NB,PM,31840,110N10014,ready,2.8934101220568893,3.148176731847833
VA123_NB,PM,30196,110-10013,ready,10.660278532608695,0.863400815217392
VA123_NB,PM,30212,110-10012,ready,21.034554630152456,0.4319671089779786
VA123_NB,PM,30223,110-06996,ready,14.567652173913045,0.4748231884057982
VA123_NB,PM,30240,110-06995,ready,1.907832450325971,4.724264330979278
VA123_NB,PM,31776,110N06995,ready,0.6389045795756725,9.274934437192584
VA123_NB,PM,31771,110-06994,ready,36.84984869071146,3.3555416254940718
VA123_SB,AM,28669,110+06995,ready,27.279253952569167,1.513253952569169
VA123_SB,AM,31772,110P06995,ready,2.3673983433952954,11.795681223555645
VA123_SB,AM,32183,110+06996,ready,15.894430171277996,1.1757308959156785
VA123_SB,AM,30231,110P06996,ready,2.324746348489263,11.142346078409636
VA123_SB,AM,33676,110+10012,ready,15.317952898550724,0.8923659420289844
VA123_SB,AM,33679,110+10013,ready,17.775429841897232,0.5487559288537561
VA123_SB,AM,33692,110+10014,ready,6.523884222661397,0.5782333662714096
VA123_SB,AM,31836,110P10014,ready,6.985266798418974,2.4989150197628454
VA123_SB,AM,32319,110+10015,ready,11.553499670619233,2.843659749670619
VA123_SB,AM,33001,110P10015,ready,3.344817507371854,1.3563487985444516
VA123_SB,AM,30098,110+10016,ready,10.240050324675323,0.5579601496329769
VA123_SB,AM,33793,110P10016,ready,2.2514583333333333,0.894621376811593
VA123_SB,AM,35664,110+10017,ready,9.98760622529644,0.8560156455862978
VA123_SB,AM,35695,110+10018,ready,27.638152173913046,0.3692826086956528
VA123_SB,AM,30970,110+10019,ready,28.520956851119895,0.8567503293807647
VA123_SB,AM,33469,110+10020,ready,19.94822463768116,0.9711195652173918
VA123_SB,AM,33338,110+10021,ready,22.079139492753622,0.8161431159420282
VA123_SB,AM,32865,110P10021,ready,3.011298919720648,3.342921623252185
VA123_SB,AM,31792,110+10022,ready,18.972500000000004,0.708752173913043
VA123_SB,AM,29801,110+10023,ready,17.41236742424243,0.39988191699604886
VA123_SB,AM,35657,110P10023,ready,20.523158020421604,0.3243187582345192
VA123_SB,AM,34697,110+10024,ready,11.183494651483782,0.37866131815044807
VA123_SB,AM,29676,110+10025,ready,9.23697463768116,0.6867536231884065
VA123_SB,AM,29645,110+10026,ready,15.720983201581028,0.8560049407114635
VA123_SB,AM,31208,110+10027,ready,15.101594202898552,1.5050543478260867
VA123_SB,AM,32871,110P10027,ready,18.40147068511199,0.7013547430830016
VA123_SB,AM,35291,110+10028,ready,13.35738224637681,1.5623786231884047
VA123_SB,AM,35335,110+10029,ready,11.383073279377628,2.99458777213125
VA123_SB,AM,29501,110+10030,ready,7.086358695652176,1.7253695652173928
VA123_SB,AM,29445,110+10031,ready,7.525773715415019,0.294873715415018
VA123_SB,AM,29443,110+10032,ready,4.898170289855072,1.1117144268774695
VA123_SB,AM,35224,110+10033,ready,7.344141139657445,1.2423947628458503
VA123_SB,AM,35738,110P10033,ready,10.589528985507249,1.4817681159420288
VA123_SB,AM,29436,110+10034,ready,4.172880434782607,0.9169782608695639
VA123_SB,AM,29434,110+10035,ready,19.021878293807642,2.4457949604743057
VA123_SB,AM,38692,110P10035,ready,2.5055766908212576,0.42966968599033883
VA123_SB,AM,40619,110+10036,ready,26.15571722661397,1.219300559947299
VA123_SB,MD,28669,110+06995,ready,28.24535449604743,0.3542481060606059
VA123_SB,MD,31772,110P06995,ready,29.934019268774705,0.5251098484848481
VA123_SB,MD,32183,110+06996,ready,17.72687005928854,0.5906233530961792
VA123_SB,MD,30231,110P06996,ready,26.178115942028985,0.47848188405797076
VA123_SB,MD,33676,110+10012,ready,15.68745216492993,0.19612419151994362
VA123_SB,MD,33679,110+10013,ready,22.13779767786561,0.7688497200263508
VA123_SB,MD,33692,110+10014,ready,8.611804183135705,1.993362483530962
VA123_SB,MD,31836,110P10014,ready,9.04552930056711,5.599122873345933
VA123_SB,MD,32319,110+10015,ready,14.632522076353597,2.327352923646402
VA123_SB,MD,33001,110P10015,ready,5.023006756226866,2.1806885665662836
VA123_SB,MD,30098,110+10016,ready,11.840436841238471,1.6025214920948614
VA123_SB,MD,33793,110P10016,ready,3.936603260869564,1.332041666666668
VA123_SB,MD,35664,110+10017,ready,11.388061594202897,1.6373568840579713
VA123_SB,MD,35695,110+10018,ready,31.648506322399598,0.4948416833495885
VA123_SB,MD,30970,110+10019,ready,32.840478350700685,0.8305026051024081
VA123_SB,MD,33469,110+10020,ready,22.432972249670616,1.391777750329381
VA123_SB,MD,33338,110+10021,ready,23.353906250000005,2.461052083333334
VA123_SB,MD,32865,110P10021,ready,10.31271286231884,1.5444375000000008
VA123_SB,MD,31792,110+10022,ready,19.577189558629776,2.6497687747035576
VA123_SB,MD,29801,110+10023,ready,19.101804751709643,1.360336552638184
VA123_SB,MD,35657,110P10023,ready,22.14353530550066,0.41983833580368923
VA123_SB,MD,34697,110+10024,ready,12.857691864295125,1.385433135704875
VA123_SB,MD,29676,110+10025,ready,10.679015974967063,1.1412659749670606
VA123_SB,MD,29645,110+10026,ready,17.709927124505928,1.1600946146245052
VA123_SB,MD,31208,110+10027,ready,19.287707921607378,2.3236245882740447
VA123_SB,MD,32871,110P10027,ready,29.934432716492992,4.70933839381962
VA123_SB,MD,35291,110+10028,ready,15.44672224967062,2.740444416996047
VA123_SB,MD,35335,110+10029,ready,10.737272727272725,5.065321475625826
VA123_SB,MD,29501,110+10030,ready,7.091609324469994,3.1694855371900843
VA123_SB,MD,29445,110+10031,ready,9.72757287549407,0.6718401679841906
VA123_SB,MD,29443,110+10032,ready,8.099165098186836,1.3917869769119777
VA123_SB,MD,35224,110+10033,ready,10.651058135704876,1.6592208498023708
VA123_SB,MD,35738,110P10033,ready,12.234804841897235,1.772311100131751
VA123_SB,MD,29436,110+10034,ready,7.514719202898551,1.7788568840579726
VA123_SB,MD,29434,110+10035,ready,23.575653820816864,3.050006587615283
VA123_SB,MD,38692,110P10035,ready,1.6627977901545101,1.8931851419331664
VA123_SB,MD,40619,110+10036,ready,25.717325173317022,1.4509610585670376
VA123_SB,PM,28669,110+06995,ready,0.7197464972536685,10.61656321473026
VA123_SB,PM,31772,110P06995,ready,29.315894886363637,0.8307508646245056
VA123_SB,PM,32183,110+06996,ready,15.63780632411067,0.7200590415019765
VA123_SB,PM,30231,110P06996,ready,24.34560338438735,1.0091698369565236
VA123_SB,PM,33676,110+10012,ready,16.225064846837945,1.1658175642292483
VA123_SB,PM,33679,110+10013,ready,1.3625546636473855,4.986339328241619
VA123_SB,PM,33692,110+10014,ready,1.9798157917244354,2.779078504351625
VA123_SB,PM,31836,110P10014,ready,2.7048910966898507,6.659503041813921
VA123_SB,PM,32319,110+10015,ready,1.6228915309666427,2.9379058525444304
VA123_SB,PM,33001,110P10015,ready,6.145303236166008,1.7655342144268769
VA123_SB,PM,30098,110+10016,ready,1.0394211015781223,4.285075022292559
VA123_SB,PM,33793,110P10016,ready,1.7877001535620693,8.655699612109702
VA123_SB,PM,35664,110+10017,ready,1.499170680974587,9.091803814709495
VA123_SB,PM,35695,110+10018,ready,1.9255222447608835,11.93592909956577
VA123_SB,PM,30970,110+10019,ready,0.8242061194192635,13.018045070311357
VA123_SB,PM,33469,110+10020,ready,0.6150427744639801,5.201779653366668
VA123_SB,PM,33338,110+10021,ready,0.7284413043930125,6.074388870565909
VA123_SB,PM,32865,110P10021,ready,9.839888216403162,0.6771634140316207
VA123_SB,PM,31792,110+10022,ready,1.0301358501556577,6.744807393722052
VA123_SB,PM,29801,110+10023,ready,0.4852741668952236,4.721655650506937
VA123_SB,PM,35657,110P10023,ready,0.6198727755377438,4.846274722728374
VA123_SB,PM,34697,110+10024,ready,17.504550865800866,2.368857931018257
VA123_SB,PM,29676,110+10025,ready,12.950407608695649,0.8912989130434781
VA123_SB,PM,29645,110+10026,ready,19.07380218626482,0.6516571763834
VA123_SB,PM,31208,110+10027,ready,19.570617588932805,2.501085227272729
VA123_SB,PM,32871,110P10027,ready,2.453588509906185,8.61528190814916
VA123_SB,PM,35291,110+10028,ready,2.165878146818603,5.341006825860599
VA123_SB,PM,35335,110+10029,ready,0.9923929107776379,15.110061035969895
VA123_SB,PM,29501,110+10030,ready,14.799554718379447,2.7902530879446643
VA123_SB,PM,29445,110+10031,ready,13.984446463862225,1.6130089638622254
VA123_SB,PM,29443,110+10032,ready,12.213094738142292,0.6239835721343869
VA123_SB,PM,35224,110+10033,ready,4.493301958230079,11.14485895508529
VA123_SB,PM,35738,110P10033,ready,15.194239748023714,0.7877412302371538
VA123_SB,PM,29436,110+10034,ready,11.364424715909092,0.6704014945652177
VA123_SB,PM,29434,110+10035,ready,0.504392643655959,8.371469500900249
VA123_SB,PM,38692,110P10035,ready,2.498626173418971,0.3515876358695649
VA123_SB,PM,40619,110+10036,ready,0.36827423131435033,15.488023262563532
VA193_EB,AM,30444,110-11678,ready,1.4537280357527373,2.6328135185484283
VA193_EB,AM,30442,110-11677,ready,3.4533257958999464,2.9283785632850865
VA193_EB,AM,30383,110-11676,ready,2.553568565098435,4.5588953486378285
VA193_EB,AM,30390,110-11675,ready,2.6740056972440147,6.221044704552807
VA193_EB,AM,30336,110-11674,ready,22.948104803758408,2.912836687816378
VA193_EB,AM,31759,110N11674,ready,29.126521739130435,1.4137739130434785
VA193_EB,AM,33716,110-11673,ready,13.344290281329922,3.6911989769820948
VA193_EB,AM,33684,110-11672,ready,13.500021739130435,3.6150739130434792
VA193_EB,AM,4520,110N11672,ready,11.562304841897232,0.30250576416337305
VA193_EB,MD,30444,110-11678,ready,13.856763422266136,2.262509305006589
VA193_EB,MD,30442,110-11677,ready,15.917766386693017,1.224320734519104
VA193_EB,MD,30383,110-11676,ready,20.610724853347136,0.7336374654934442
VA193_EB,MD,30390,110-11675,ready,21.76150197628458,0.33614525691699493
VA193_EB,MD,30336,110-11674,ready,23.580745635704876,3.692256175889328
VA193_EB,MD,31759,110N11674,ready,31.784292243083005,0.6722299901185771
VA193_EB,MD,33716,110-11673,ready,12.898581604084322,0.8507759387351782
VA193_EB,MD,33684,110-11672,ready,12.92473731884058,0.8585126811594196
VA193_EB,MD,4520,110N11672,ready,12.467788404228621,0.7132413027793465
VA193_EB,PM,30444,110-11678,ready,14.133538166996047,0.34225185276679904
VA193_EB,PM,30442,110-11677,ready,15.764257966897233,0.3205134016798423
VA193_EB,PM,30383,110-11676,ready,1.947535352767336,4.361628651960629
VA193_EB,PM,30390,110-11675,ready,22.568573369565215,0.189807065217392
VA193_EB,PM,30336,110-11674,ready,1.541559977330971,9.900455574010984
VA193_EB,PM,31759,110N11674,ready,0.9428062795296539,10.164571042681107
VA193_EB,PM,33716,110-11673,ready,12.961864765669114,0.4986507622811975
VA193_EB,PM,33684,110-11672,ready,13.52328125,0.2941807065217381
VA193_EB,PM,4520,110N11672,ready,11.540900621118013,0.34902173913043516
VA193_WB,AM,4463,110P11672,ready,15.708106413514022,0.4925339497459067
VA193_WB,AM,30221,110+11673,ready,10.12080872388481,0.9300007999247117
VA193_WB,AM,30218,110+11674,ready,14.562666337285899,1.628282279314887
VA193_WB,AM,31755,110P11674,ready,2.9102819375165403,16.234184629355795
VA193_WB,AM,33875,110+11675,ready,2.0719972515923213,5.341817697336559
VA193_WB,AM,30339,110+11676,ready,1.5503634516268185,8.747475261766587
VA193_WB,AM,30386,110+11677,ready,2.355236254781022,2.560369118367221
VA193_WB,AM,30378,110+11678,ready,13.836490447957841,1.4854071146245058
VA193_WB,AM,33068,110+11679,ready,12.597431653491435,1.0555670289855081
VA193_WB,MD,4463,110P11672,ready,16.468111824769434,0.9921536561264815
VA193_WB,MD,30221,110+11673,ready,8.888450675230567,1.9563673418972332
VA193_WB,MD,30218,110+11674,ready,17.19735054347826,1.9421313405797103
VA193_WB,MD,31755,110P11674,ready,29.500510383336472,0.3152516390614215
VA193_WB,MD,33875,110+11675,ready,20.543190670289857,0.8313509963768113
VA193_WB,MD,30339,110+11676,ready,21.493992506587613,0.3940219861660075
VA193_WB,MD,30386,110+11677,ready,20.563863224637682,0.5786331521739124
VA193_WB,MD,30378,110+11678,ready,15.28613224637681,1.1441920289855083
VA193_WB,MD,33068,110+11679,ready,14.398575016469039,0.9467528820816856
VA193_WB,PM,4463,110P11672,ready,15.274354363286818,0.542502779570327
VA193_WB,PM,30221,110+11673,ready,8.42480660643704,0.9953368153585542
VA193_WB,PM,30218,110+11674,ready,24.060417490118574,3.0199174901185772
VA193_WB,PM,31755,110P11674,ready,28.710385993083,0.6045972084980227
VA193_WB,PM,33875,110+11675,ready,0.33415275920368304,6.104423636318769
VA193_WB,PM,30339,110+11676,ready,22.432033102766802,0.3695746047430839
VA193_WB,PM,30386,110+11677,ready,0.8090235287043768,5.434601921953723
VA193_WB,PM,30378,110+11678,ready,0.8961933323912805,5.260059378558273
VA193_WB,PM,33068,110+11679,ready,0.9223227785824555,5.127448456671331
VA213_NB,AM,40387,110+13264,ready,9.385,0.6328876811594192
VA213_NB,AM,38478,110P13265,ready,28.31175559947299,0.6126900527009221
VA213_NB,AM,40743,110+13265,ready,25.258835227272726,0.2940345026350461
VA213_NB,MD,40387,110+13264,ready,8.196183457243238,0.5582723900495639
VA213_NB,MD,38478,110P13265,ready,26.73805377140975,1.3171520915678525
VA213_NB,MD,40743,110+13265,ready,24.512614940162496,0.6208096630121084
VA213_NB,PM,40387,110+13264,ready,9.671876235177866,0.4387294960474317
VA213_NB,PM,38478,110P13265,ready,1.3676603900962916,14.04073936232205
VA213_NB,PM,40743,110+13265,ready,0.49090771594876714,12.145245260709794
VA213_SB,AM,38479,110-13264,ready,25.27026251646904,0.46837121212121247
VA213_SB,AM,38480,110N13265,ready,29.90102470355731,0.5272227272727269
VA213_SB,AM,40746,110-13263,ready,1.0614899850348853,7.28783783437509
VA213_SB,MD,38479,110-13264,ready,24.71695977633478,0.4216579772884126
VA213_SB,MD,38480,110N13265,ready,27.906475026949337,2.424570427596119
VA213_SB,MD,40746,110-13263,ready,19.785876544952632,0.9495383101198321
VA213_SB,PM,38479,110-13264,ready,0.9196912754516482,9.847189919196913
VA213_SB,PM,38480,110N13265,ready,1.4716144052839752,15.299088199376058
VA213_SB,PM,40746,110-13263,ready,21.16276635728402,0.4494805371259174
VA215_EB,AM,40344,110+57959,ready,8.252566699604744,1.6724000329380768
VA215_EB,AM,39270,110+57960,ready,4.80197710803689,1.7852728919631105
VA215_EB,AM,40498,110+57961,ready,2.1390781455862986,1.798190464426878
VA215_EB,AM,38917,110+57962,ready,13.671780303030301,0.37662812911726046
VA215_EB,MD,40344,110+57959,ready,7.061866765480896,0.7763567193675888
VA215_EB,MD,39270,110+57960,ready,5.375691562362758,0.6736498956960922
VA215_EB,MD,40498,110+57961,ready,1.0656823789133583,1.7204070165945173
VA215_EB,MD,38917,110+57962,ready,11.269698616600792,1.2285097167325423
VA215_EB,PM,40344,110+57959,ready,8.365264945652171,0.41899592391304363
VA215_EB,PM,39270,110+57960,ready,4.507761857707511,0.2976605731225308
VA215_EB,PM,40498,110+57961,ready,2.5301154891304343,1.030561141304346
VA215_EB,PM,38917,110+57962,ready,12.190344849896482,0.21421545031055889
VA215_WB,AM,40947,110-57961,ready,8.874763669301714,0.6643832345191042
VA215_WB,AM,39629,110-57960,ready,3.300029644268773,1.9610818181818161
VA215_WB,AM,40342,110-57959,ready,3.4839064558629764,1.7249776021080396
VA215_WB,AM,38605,110-57958,ready,8.94677075098814,1.4709707509881391
VA215_WB,MD,40947,110-57961,ready,8.273289004172156,0.8564591293368476
VA215_WB,MD,39629,110-57960,ready,2.273943403365957,1.3123267712058482
VA215_WB,MD,40342,110-57959,ready,4.480277091567854,0.3453424736495367
VA215_WB,MD,38605,110-57958,ready,9.324450139986826,0.5255679759552038
VA215_WB,PM,40947,110-57961,ready,6.106571852060985,0.6517480237154152
VA215_WB,PM,39629,110-57960,ready,3.979807312252963,0.9837497529644272
VA215_WB,PM,40342,110-57959,ready,4.301385869565217,0.5975543478260872
VA215_WB,PM,38605,110-57958,ready,11.701372282608695,1.4254592391304337
VA228_EB,AM,30525,110+18873,ready,14.292780385375494,1.051225049407115
VA228_EB,AM,30521,110+18874,ready,15.10035467250141,1.3291880058347438
VA228_EB,MD,30525,110+18873,ready,14.401630434782609,0.5101739130434781
VA228_EB,MD,30521,110+18874,ready,15.439090085638997,0.9957504940711458
VA228_EB,PM,30525,110+18873,ready,1.2836250500906068,7.0134518536965045
VA228_EB,PM,30521,110+18874,ready,0.8242122170807284,3.786380201106164
VA228_NB,AM,33138,110+58155,ready,10.728641304347825,0.5907862318840577
VA228_NB,AM,31046,110+58156,ready,1.3917822441059107,8.43539591704073
VA228_NB,AM,33119,110+58158,ready,7.299537972896667,1.0840903538490516
VA228_NB,AM,30469,110+58159,ready,15.448779644268777,1.4829405138339937
VA228_NB,MD,33138,110+58155,ready,11.117414772727273,0.2645074934123852
VA228_NB,MD,31046,110+58156,ready,15.137427685950415,1.0595426697808124
VA228_NB,MD,33119,110+58158,ready,8.216876637100823,0.4190990710678208
VA228_NB,MD,30469,110+58159,ready,15.844089468050067,0.8734431406455861
VA228_NB,PM,33138,110+58155,ready,11.495636734189723,0.3626774950592886
VA228_NB,PM,31046,110+58156,ready,16.91077692687747,1.004339426877471
VA228_NB,PM,33119,110+58158,ready,7.740864006916996,0.4889371294466418
VA228_NB,PM,30469,110+58159,ready,1.2339919946254507,5.913504840044066
VA228_SB,AM,35806,110-58158,ready,9.575253623188404,0.7657065217391311
VA228_SB,AM,30468,110-58157,ready,10.038053359683794,1.3769736495388674
VA228_SB,AM,33123,110-58155,ready,16.906196828533783,0.4810120459250893
VA228_SB,AM,31047,110-58154,ready,11.327047101449274,0.20536956521739155
VA228_SB,MD,35806,110-58158,ready,12.366331070801179,0.3110901287721933
VA228_SB,MD,30468,110-58157,ready,10.39459486166008,0.7593960803689054
VA228_SB,MD,33123,110-58155,ready,16.27125597002635,1.8223273633069825
VA228_SB,MD,31047,110-58154,ready,11.407110507246378,0.40573369565217393
VA228_SB,PM,35806,110-58158,ready,13.894266613142292,1.0411416131422917
VA228_SB,PM,30468,110-58157,ready,11.043616600790514,0.7612334486166015
VA228_SB,PM,33123,110-58155,ready,1.29177764705198,2.6804292788590476
VA228_SB,PM,31047,110-58154,ready,0.20468491211658324,3.9089808838104534
VA228_WB,AM,30518,110-18873,ready,14.260816699604742,1.3038166996047427
VA228_WB,AM,30522,110-18872,ready,2.076649343589671,2.4499407114624523
VA228_WB,MD,30518,110-18873,ready,15.825572299077734,0.254646574440053
VA228_WB,MD,30522,110-18872,ready,15.1374145374553,0.3684048207227553
VA228_WB,PM,30518,110-18873,ready,18.040256916996046,0.7924226778656123
VA228_WB,PM,30522,110-18872,ready,16.988396121541502,0.8817819911067195
VA233_EB,AM,26448,110-10055,ready,15.94906561735366,0.15183570958027412
VA233_EB,AM,26450,110N10055,ready,23.35145652173913,0.7290565217391298
VA233_EB,MD,26448,110-10055,ready,17.52030257936508,0.6633843442185824
VA233_EB,MD,26450,110N10055,ready,24.316173830698286,0.20828960803689042
VA233_EB,PM,26448,110-10055,ready,0.9142646848959215,3.409173258982829
VA233_EB,PM,26450,110N10055,ready,0.3718726420115903,7.021694732272756
VA233_WB,AM,26452,110+10056,ready,0.7722477103981419,3.6982878990159267
VA233_WB,MD,26452,110+10056,ready,12.523939543657919,0.28157159540064697
VA233_WB,PM,26452,110+10056,ready,11.732091773715414,0.36080768280632425
VA234BR_NB,AM,40169,110P13258,ready,1.994613526570049,1.7263913043478258
VA234BR_NB,AM,38381,110+10070,ready,14.609404644268773,0.5627887022397884
VA234BR_NB,AM,38421,110+10071,ready,0.6011263492105425,17.74123479450931
VA234BR_NB,AM,38416,110P10071,ready,1.8851977586128692,18.75811749017815
VA234BR_NB,AM,40382,110+10072,ready,22.428699769433464,0.2371263175230558
VA234BR_NB,AM,38466,110+10073,ready,16.17374604743083,0.57800652173913
VA234BR_NB,AM,39592,110+10074,ready,14.03424101261058,0.4432401499466714
VA234BR_NB,AM,38463,110+10075,ready,2.5638820370988187,5.925388426050521
VA234BR_NB,MD,40169,110P13258,ready,3.1779042790857535,0.5809511943632932
VA234BR_NB,MD,38381,110+10070,ready,15.16811223649539,0.6940326910408431
VA234BR_NB,MD,38421,110+10071,ready,29.270641057312258,0.8764006093544138
VA234BR_NB,MD,38416,110P10071,ready,29.043858695652172,1.1138442028985507
VA234BR_NB,MD,40382,110+10072,ready,22.26533802700922,0.3466894762845854
VA234BR_NB,MD,38466,110+10073,ready,18.19106389986825,0.8655260210803689
VA234BR_NB,MD,39592,110+10074,ready,21.23981202838663,2.8195393011139047
VA234BR_NB,MD,38463,110+10075,ready,16.283225255270093,1.1391075016469032
VA234BR_NB,PM,40169,110P13258,ready,3.6834229425465836,0.7838324922360247
VA234BR_NB,PM,38381,110+10070,ready,0.7914810948160149,2.489096478457938
VA234BR_NB,PM,38421,110+10071,ready,30.479463624011856,0.44941471096837926
VA234BR_NB,PM,38416,110P10071,ready,29.96046195652174,0.43464130434782633
VA234BR_NB,PM,40382,110+10072,ready,22.43223690711462,0.3365224802371545
VA234BR_NB,PM,38466,110+10073,ready,1.4463132573271922,3.4802697078547036
VA234BR_NB,PM,39592,110+10074,ready,1.583652015742725,6.03878248332149
VA234BR_NB,PM,38463,110+10075,ready,17.15754896597967,1.8844783138057608
VA234BR_SB,AM,38378,110N13258,ready,1.8806307641633755,0.40746409749670615
VA234BR_SB,AM,40367,110-10074,ready,10.914437582345188,0.32003540843214634
VA234BR_SB,AM,38345,110-10073,ready,12.305060111989462,1.0309405467720711
VA234BR_SB,AM,38476,110-10072,ready,15.350249999999999,0.32020217391304195
VA234BR_SB,AM,38366,110-10071,ready,22.26805492816362,0.3835247819813035
VA234BR_SB,AM,40764,110N10071,ready,29.401319013112488,0.8953697377501734
VA234BR_SB,AM,38414,110-10070,ready,27.151878458498025,0.38524367588932834
VA234BR_SB,AM,40166,110-10069,ready,0.5267279070789733,2.9440345813268807
VA234BR_SB,MD,38378,110N13258,ready,0.5365233566252586,0.6232325957556943
VA234BR_SB,MD,40367,110-10074,ready,16.23836009552042,2.0738057476943346
VA234BR_SB,MD,38345,110-10073,ready,17.04013134057971,1.0884900362318852
VA234BR_SB,MD,38476,110-10072,ready,18.901002964426876,1.1944776021080368
VA234BR_SB,MD,38366,110-10071,ready,22.40122639437857,0.30230654369784826
VA234BR_SB,MD,40764,110N10071,ready,29.56376676312817,0.3581103072651986
VA234BR_SB,MD,38414,110-10070,ready,27.54482621956436,0.28553965829953865
VA234BR_SB,MD,40166,110-10069,ready,14.711095602766799,0.5080738636363641
VA234BR_SB,PM,38378,110N13258,ready,0.771869750494071,0.43481774950592866
VA234BR_SB,PM,40367,110-10074,ready,1.599958275581635,2.6126060957049733
VA234BR_SB,PM,38345,110-10073,ready,0.5562705244294803,3.9801128167310713
VA234BR_SB,PM,38476,110-10072,ready,0.9710079155385984,4.843034970250957
VA234BR_SB,PM,38366,110-10071,ready,0.7832273196699443,12.29475210917512
VA234BR_SB,PM,40764,110N10071,ready,1.164411752362937,15.966291186505895
VA234BR_SB,PM,38414,110-10070,ready,28.55972120271033,0.40396964991530177
VA234BR_SB,PM,40166,110-10069,ready,0.546106308871996,2.7935538336137067
VA234_NB,AM,38536,110+10058,ready,26.66535737812912,1.953054347826088
VA234_NB,AM,38980,110P10058,ready,23.08365217391304,1.4278608695652175
VA234_NB,AM,40636,110+10059,ready,17.324434782608698,2.8372521739130425
VA234_NB,AM,39684,110+10060,ready,9.68312005928854,1.7595765810276685
VA234_NB,AM,40828,110+10061,ready,16.52730401844532,1.849825757575756
VA234_NB,AM,40850,110+10062,ready,2.212779580370236,4.570053157150161
VA234_NB,AM,39533,110+10063,ready,7.227145092226614,1.2546016139657439
VA234_NB,AM,39205,110+17247,ready,7.704556159420288,0.37746195652173914
VA234_NB,AM,38371,110+10064,ready,7.775588932806324,1.2240889328063225
VA234_NB,AM,38368,110+10065,ready,7.395762928194993,0.51975930500659
VA234_NB,AM,39218,110P17247,ready,30.869800607001693,1.9611629258422745
VA234_NB,AM,38376,110+10066,ready,2.5771722661396566,3.428948945981554
VA234_NB,AM,39198,110+10067,ready,1.6665760869565212,1.1923985507246357
VA234_NB,AM,39279,110P10067,ready,5.526429041972519,0.45780646527385765
VA234_NB,AM,38701,110+17246,ready,0.9028260869565212,1.6357391304347821
VA234_NB,AM,40579,110P17245,ready,32.01436017786562,4.401153656126482
VA234_NB,AM,39228,110+17245,ready,23.228421442687747,6.994109848484848
VA234_NB,AM,38164,110P13272,ready,20.600172101449274,1.4000887681159428
VA234_NB,AM,38499,110+13273,ready,20.465465250329377,2.4245449604743077
VA234_NB,AM,38359,110+13274,ready,16.981382575757575,1.0926572793148874
VA234_NB,AM,39945,110+13275,ready,8.918967391304344,1.4674492753623163
VA234_NB,MD,38536,110+10058,ready,23.98216238471673,0.808799571805006
VA234_NB,MD,38980,110P10058,ready,22.764608781918565,0.7669547964113163
VA234_NB,MD,40636,110+10059,ready,17.74438076416337,4.221390974967062
VA234_NB,MD,39684,110+10060,ready,7.930991286381602,1.4283348005749203
VA234_NB,MD,40828,110+10061,ready,2.054894605109646,7.35806110953283
VA234_NB,MD,40850,110+10062,ready,6.786428328403971,7.279081926754768
VA234_NB,MD,39533,110+10063,ready,7.614127140974965,1.0173748353096208
VA234_NB,MD,39205,110+17247,ready,5.002140974967062,0.5416907114624502
VA234_NB,MD,38371,110+10064,ready,6.498350214097498,1.2051453392621863
VA234_NB,MD,38368,110+10065,ready,8.01231019433465,0.5553380270092214
VA234_NB,MD,39218,110P17247,ready,28.069601449275364,1.5434547101449267
VA234_NB,MD,38376,110+10066,ready,3.8793241518445334,0.8842100214097508
VA234_NB,MD,39198,110+10067,ready,1.5329626302551198,0.31453341717570865
VA234_NB,MD,39279,110P10067,ready,5.673294219367588,0.3157065217391306
VA234_NB,MD,38701,110+17246,ready,1.2686282271472502,0.3930862310998151
VA234_NB,MD,40579,110P17245,ready,33.07124588274045,1.4788219696969698
VA234_NB,MD,39228,110+17245,ready,21.150345849802374,3.317342061923583
VA234_NB,MD,38164,110P13272,ready,21.582170619235836,0.8451808300395255
VA234_NB,MD,38499,110+13273,ready,16.36436223649539,1.997212038866931
VA234_NB,MD,38359,110+13274,ready,20.741256228290812,0.7508827105042509
VA234_NB,MD,39945,110+13275,ready,8.059347826086956,0.364190217391305
VA234_NB,PM,38536,110+10058,ready,24.9667426595144,1.3776960756634684
VA234_NB,PM,38980,110P10058,ready,21.368172554347826,0.9737269021739148
VA234_NB,PM,40636,110+10059,ready,2.868309003088834,5.238130476913973
VA234_NB,PM,39684,110+10060,ready,8.531005434782609,0.39068206521739235
VA234_NB,PM,40828,110+10061,ready,5.233575550365231,9.358906533720221
VA234_NB,PM,40850,110+10062,ready,17.294701086956522,1.3085652173913025
VA234_NB,PM,39533,110+10063,ready,9.542368453557312,1.1275275444664032
VA234_NB,PM,39205,110+17247,ready,3.4854391057312255,0.5579405879446653
VA234_NB,PM,38371,110+10064,ready,7.012163414031619,0.9560248270750975
VA234_NB,PM,38368,110+10065,ready,7.200626852766797,0.6062790266798403
VA234_NB,PM,39218,110P17247,ready,30.776960844861662,1.7531846590909081
VA234_NB,PM,38376,110+10066,ready,2.818705533596836,1.0622319664031625
VA234_NB,PM,39198,110+10067,ready,1.3784918478260861,0.4132989130434783
VA234_NB,PM,39279,110P10067,ready,5.911241353754941,0.5770293972332028
VA234_NB,PM,38701,110+17246,ready,3.41950028232637,0.5694096555618279
VA234_NB,PM,40579,110P17245,ready,31.017228260869565,2.9648125000000007
VA234_NB,PM,39228,110+17245,ready,4.683291398332475,8.65565712144159
VA234_NB,PM,38164,110P13272,ready,24.006191417278373,1.5505093520609818
VA234_NB,PM,38499,110+13273,ready,18.860073404856013,2.7245112930547704
VA234_NB,PM,38359,110+13274,ready,15.1750634057971,1.5840778985507242
VA234_NB,PM,39945,110+13275,ready,8.200298913043477,0.4386114130434775
VA234_SB,AM,38938,110-13274,ready,7.449053359683793,2.1288229249011863
VA234_SB,AM,40530,110-13273,ready,19.34886956521739,2.803269565217391
VA234_SB,AM,40796,110-13272,ready,11.263993506493506,1.5896450216450209
VA234_SB,AM,40364,110N13272,ready,17.397147562582344,1.1631531620553373
VA234_SB,AM,39273,110N10067,ready,6.337728096179184,0.7225166337285925
VA234_SB,AM,38698,110N17245,ready,25.614549846288977,1.6529797979797987
VA234_SB,AM,39207,110N17246,ready,1.9025074110671927,0.8691556324110667
VA234_SB,AM,39217,110-17246,ready,3.5721961462450604,1.336072957839263
VA234_SB,AM,40964,110N17247,ready,33.97747286529896,0.9087281353911804
VA234_SB,AM,40726,110-10067,ready,5.6416452569169975,0.6306156126482231
VA234_SB,AM,39278,110-10066,ready,3.4281534090909105,1.8265700757575765
VA234_SB,AM,40921,110-17245,ready,4.815454921889703,3.7638549218897017
VA234_SB,AM,39196,110-10065,ready,3.7572422595520414,1.6630910737812912
VA234_SB,AM,38374,110-10064,ready,5.99475790513834,1.276518774703557
VA234_SB,AM,39339,110-10063,ready,8.581425395256915,1.4571487154150187
VA234_SB,AM,40348,110-10062,ready,11.092783126293993,3.0738005175983405
VA234_SB,AM,39530,110-10061,ready,13.108844367588933,3.3848226284584966
VA234_SB,AM,40733,110-10060,ready,10.210556653491436,1.8659986824769412
VA234_SB,AM,38175,110-10059,ready,7.357481884057971,2.0490579710144927
VA234_SB,AM,38758,110-10058,ready,16.105593873517787,1.2461685770750983
VA234_SB,AM,38983,110N10058,ready,22.858949275362317,1.1165942028985476
VA234_SB,AM,38979,110-10057,ready,23.282667984189725,0.930461462450593
VA234_SB,MD,38938,110-13274,ready,6.304526721014493,0.9550566123188409
VA234_SB,MD,40530,110-13273,ready,22.19903532608696,1.1579501811594204
VA234_SB,MD,40796,110-13272,ready,11.970504364295124,0.4837627635046114
VA234_SB,MD,40364,110N13272,ready,22.756179183135703,0.6910970026350459
VA234_SB,MD,39273,110N10067,ready,7.011713191699606,0.5167064393939391
VA234_SB,MD,38698,110N17245,ready,3.512928575421435,6.000964155907329
VA234_SB,MD,39207,110N17246,ready,2.5851136363636344,0.4520167984189724
VA234_SB,MD,39217,110-17246,ready,1.610060523715415,0.7364086791831351
VA234_SB,MD,40964,110N17247,ready,33.12083003952569,0.43308102766798323
VA234_SB,MD,40726,110-10067,ready,6.321591360028859,1.7079086399711407
VA234_SB,MD,39278,110-10066,ready,2.2674064989961713,1.5605264720183205
VA234_SB,MD,40921,110-17245,ready,3.7964360609197563,7.2968555273229185
VA234_SB,MD,39196,110-10065,ready,5.391696722661398,0.4349090085639
VA234_SB,MD,38374,110-10064,ready,7.163407032279314,1.0281425395256913
VA234_SB,MD,39339,110-10063,ready,7.7805441252588,2.2147058747412003
VA234_SB,MD,40348,110-10062,ready,9.474882246376813,1.248865942028985
VA234_SB,MD,39530,110-10061,ready,15.57491497859025,1.0736740365612638
VA234_SB,MD,40733,110-10060,ready,10.828883105119521,0.9917529291360806
VA234_SB,MD,38175,110-10059,ready,5.255267621870882,1.2497975955204221
VA234_SB,MD,38758,110-10058,ready,19.40599016349264,1.8954406665468924
VA234_SB,MD,38983,110N10058,ready,22.92279603096179,0.7827355895915676
VA234_SB,MD,38979,110-10057,ready,25.56972681982872,1.6363981801712797
VA234_SB,PM,38938,110-13274,ready,6.9278668478260865,0.4167635869565207
VA234_SB,PM,40530,110-13273,ready,1.0362771407242528,6.498608154798383
VA234_SB,PM,40796,110-13272,ready,2.038487192345801,2.6830501265311595
VA234_SB,PM,40364,110N13272,ready,3.476842038436975,12.810411135715567
VA234_SB,PM,39273,110N10067,ready,7.089167137210613,0.7073018068887659
VA234_SB,PM,38698,110N17245,ready,29.435258769762846,4.35511746541502
VA234_SB,PM,39207,110N17246,ready,2.707855731225296,0.4008562252964425
VA234_SB,PM,39217,110-17246,ready,1.7098357213438722,0.4079416996047427
VA234_SB,PM,40964,110N17247,ready,31.950101902173916,0.8137105978260859
VA234_SB,PM,40726,110-10067,ready,10.176390810276681,1.10532831027668
VA234_SB,PM,39278,110-10066,ready,15.371772270172894,10.556356685757304
VA234_SB,PM,40921,110-17245,ready,3.138870877087936,4.557384864086688
VA234_SB,PM,39196,110-10065,ready,4.680752605637116,0.6370653291454937
VA234_SB,PM,38374,110-10064,ready,13.289089497459061,3.7188752117447743
VA234_SB,PM,39339,110-10063,ready,12.820225419960474,2.9405053112648214
VA234_SB,PM,40348,110-10062,ready,14.70277950310559,3.501900621118012
VA234_SB,PM,39530,110-10061,ready,13.940149456521738,0.7939891304347815
VA234_SB,PM,40733,110-10060,ready,12.693431677018635,1.9582236024844728
VA234_SB,PM,38175,110-10059,ready,6.47073307806324,0.40969849308300255
VA234_SB,PM,38758,110-10058,ready,21.136068336425485,1.4192111935683356
VA234_SB,PM,38983,110N10058,ready,3.1616474655868343,3.061421840149156
VA234_SB,PM,38979,110-10057,ready,4.724496509340222,12.63438123515033
VA235_EB,AM,29123,110+10822,ready,11.309690303657694,1.605356970324361
VA235_EB,AM,29068,110P10823,ready,26.79435194334651,1.3278338274044794
VA235_EB,AM,34883,110P10821,ready,1.1083580448752466,8.918940382625292
VA235_EB,AM,34852,110+10823,ready,12.660413043478261,1.0817494071146245
VA235_EB,MD,29123,110+10822,ready,9.995174272367949,1.054436399568811
VA235_EB,MD,29068,110P10823,ready,27.796920813869928,2.701194888609414
VA235_EB,MD,34883,110P10821,ready,15.524145668642952,0.48680805335968413
VA235_EB,MD,34852,110+10823,ready,13.489375,2.244170289855073
VA235_EB,PM,29123,110+10822,ready,12.369764698616601,1.6195989377470357
VA235_EB,PM,29068,110P10823,ready,1.9614065321193217,14.70032313262496
VA235_EB,PM,34883,110P10821,ready,15.690271739130434,0.4521739130434781
VA235_EB,PM,34852,110+10823,ready,0.9743940727406145,2.585544569137789
VA235_NB,AM,34842,110+56099,ready,19.088855244996548,1.2048512767425816
VA235_NB,MD,34842,110+56099,ready,18.706295289855074,2.085282608695653
VA235_NB,PM,34842,110+56099,ready,1.2523928637523298,6.216369840556215
VA235_SB,AM,29111,110-56098,ready,17.524668148880107,1.1001971343873507
VA235_SB,MD,29111,110-56098,ready,17.732743535902504,1.1567637104743083
VA235_SB,PM,29111,110-56098,ready,0.4355054962742344,7.510055659220079
VA235_WB,AM,34850,110-10822,ready,9.735697463768117,2.0312336956521726
VA235_WB,AM,29066,110N10823,ready,20.148692319154275,1.317002705627705
VA235_WB,AM,29124,110N10821,ready,21.132772562582346,0.48529627799736524
VA235_WB,AM,34875,110-10821,ready,10.562543642951253,1.8284603096179186
VA235_WB,MD,34850,110-10822,ready,12.012445240447958,0.7554842720685114
VA235_WB,MD,29066,110N10823,ready,22.5649068002156,0.4970234010061086
VA235_WB,MD,29124,110N10821,ready,20.954149785902505,0.3472530467720684
VA235_WB,MD,34875,110-10821,ready,11.177183794466401,0.9118814229249015
VA235_WB,PM,34850,110-10822,ready,14.044040884387352,0.9591658843873518
VA235_WB,PM,29066,110N10823,ready,22.954245923913046,0.7266834239130429
VA235_WB,PM,29124,110N10821,ready,0.7049021676620522,11.16489077138446
VA235_WB,PM,34875,110-10821,ready,12.63038722826087,0.5536480978260869
VA236_EB,AM,29819,110+10077,ready,14.80780797101449,0.4001376811594213
VA236_EB,AM,34669,110+06685,ready,25.613212070236525,1.6512954035698584
VA236_EB,AM,31551,110+06686,ready,27.05502799736496,3.07718577075099
VA236_EB,AM,29596,110+06687,ready,19.18377964426877,2.845377470355731
VA236_EB,AM,29590,110+06688,ready,19.309147727272727,2.1067383069828716
VA236_EB,AM,31696,110P06688,ready,2.2526086956521727,1.8368623188405788
VA236_EB,AM,34242,110+06689,ready,13.70854743083004,1.7797243083003955
VA236_EB,AM,34436,110+06690,ready,24.817269433465082,0.9655095520421598
VA236_EB,AM,34303,110+07888,ready,19.155892582658886,0.6178954686617715
VA236_EB,AM,28774,110+06691,ready,23.132349033816425,1.4695990338164255
VA236_EB,AM,28272,110P06691,ready,13.15554018445323,0.27794301712779984
VA236_EB,AM,27978,110+06692,ready,20.797076745718048,0.46667819499341184
VA236_EB,AM,28004,110P06692,ready,12.925615942028985,0.31726086956521726
VA236_EB,AM,27896,110+07889,ready,14.808660079051384,0.6331644268774728
VA236_EB,AM,28402,110+06693,ready,12.802131916996048,1.5982985836627133
VA236_EB,AM,28518,110+06694,ready,16.204608695652176,1.9610434782608699
VA236_EB,AM,28049,110P06694,ready,1.8031146752959488,3.2549751626063
VA236_EB,AM,27855,110+06695,ready,2.71302381800485,4.060776594024167
VA236_EB,AM,28071,110+06696,ready,20.932690217391308,1.0455126811594206
VA236_EB,AM,27776,110+06697,ready,27.401196063899864,0.6701815711462452
VA236_EB,MD,29819,110+10077,ready,18.588953804347828,0.4583016304347824
VA236_EB,MD,34669,110+06685,ready,28.25778903162055,0.2326997694334659
VA236_EB,MD,31551,110+06686,ready,27.748618247694335,2.4318853754940712
VA236_EB,MD,29596,110+06687,ready,21.014355688092103,2.72029549767865
VA236_EB,MD,29590,110+06688,ready,19.4414990942029,1.4052762681159416
VA236_EB,MD,31696,110P06688,ready,1.3118568840579703,1.4971431159420294
VA236_EB,MD,34242,110+06689,ready,17.37118824110672,0.9633041831357044
VA236_EB,MD,34436,110+06690,ready,28.02817070158103,0.5672199440052696
VA236_EB,MD,34303,110+07888,ready,20.887813941040843,0.7593672183794472
VA236_EB,MD,28774,110+06691,ready,23.417937664690385,1.628239871541501
VA236_EB,MD,28272,110P06691,ready,16.872488648127234,2.406094685206098
VA236_EB,MD,27978,110+06692,ready,23.88588850461133,0.6924448287220031
VA236_EB,MD,28004,110P06692,ready,14.146699604743082,0.3755123517786559
VA236_EB,MD,27896,110+07889,ready,0.4551602836043269,3.9496665659100674
VA236_EB,MD,28402,110+06693,ready,13.385875995984692,1.7718323373486413
VA236_EB,MD,28518,110+06694,ready,18.845746459156786,2.7591194828721997
VA236_EB,MD,28049,110P06694,ready,8.989496047430828,0.718960474308301
VA236_EB,MD,27855,110+06695,ready,16.294584980237154,1.5705021409749673
VA236_EB,MD,28071,110+06696,ready,22.310608530961787,0.9441668313570492
VA236_EB,MD,27776,110+06697,ready,28.818020833333332,0.19521467391304345
VA236_EB,PM,29819,110+10077,ready,1.0582756139355833,5.212496993477695
VA236_EB,PM,34669,110+06685,ready,0.8593775145539195,10.837543163797259
VA236_EB,PM,31551,110+06686,ready,2.255613266707167,5.9958178464110325
VA236_EB,PM,29596,110+06687,ready,1.8256092940562056,6.200840110707382
VA236_EB,PM,29590,110+06688,ready,21.31080039525692,0.6738799407114606
VA236_EB,PM,31696,110P06688,ready,1.8855845809542873,6.893149571774577
VA236_EB,PM,34242,110+06689,ready,1.9194315668144886,6.119849166168935
VA236_EB,PM,34436,110+06690,ready,0.7589188850631863,10.540198523312814
VA236_EB,PM,34303,110+07888,ready,0.40798359221538194,3.470286310612923
VA236_EB,PM,28774,110+06691,ready,1.087260882966925,5.323337369575652
VA236_EB,PM,28272,110P06691,ready,1.7374577941560387,5.001819141618926
VA236_EB,PM,27978,110+06692,ready,0.44198271675717915,8.97006282692005
VA236_EB,PM,28004,110P06692,ready,0.5389907973582062,3.517783293584505
VA236_EB,PM,27896,110+07889,ready,17.098368021245058,0.31007083745059427
VA236_EB,PM,28402,110+06693,ready,1.5188307937703418,2.691552322430345
VA236_EB,PM,28518,110+06694,ready,1.3396783538068489,8.85405350969414
VA236_EB,PM,28049,110P06694,ready,9.093336358258718,0.3710972278239369
VA236_EB,PM,27855,110+06695,ready,17.652451210474307,1.2102147974308293
VA236_EB,PM,28071,110+06696,ready,1.4451751596503293,9.67820416807431
VA236_EB,PM,27776,110+06697,ready,28.19510560770751,0.5562693922924903
VA236_WB,AM,27725,110-06696,ready,28.208333333333332,0.3314278656126482
VA236_WB,AM,28557,110-06695,ready,20.08811076604555,0.7072412008281571
VA236_WB,AM,28548,110-06694,ready,15.401810731538989,1.5487781228433406
VA236_WB,AM,27816,110N06694,ready,2.401327220237451,4.563592810974769
VA236_WB,AM,28050,110-06693,ready,18.633888339920947,2.411623122529644
VA236_WB,AM,27894,110-07889,ready,13.258614953886692,1.0911373517786551
VA236_WB,AM,27889,110-06692,ready,13.021576086956522,0.5242644927536233
VA236_WB,AM,27975,110N06692,ready,15.792113683418032,2.608363683418031
VA236_WB,AM,27994,110-06691,ready,20.50465579710145,1.9409891304347822
VA236_WB,AM,27979,110N06691,ready,14.271096014492755,1.6578782938076415
VA236_WB,AM,28779,110-07888,ready,2.7685367638809573,12.174716006995967
VA236_WB,AM,28816,110-06690,ready,2.7597475282916015,12.960147772740436
VA236_WB,AM,34434,110-06689,ready,27.724268461007586,0.7594061421670121
VA236_WB,AM,28835,110-06688,ready,8.368444499341239,1.5756352108036895
VA236_WB,AM,31691,110N06688,ready,1.9169474637681165,0.49693659420289826
VA236_WB,AM,31562,110-06687,ready,21.110611824769435,0.7202429183135705
VA236_WB,AM,29593,110-06686,ready,2.8335972947237082,16.65838988222677
VA236_WB,AM,34577,110-06685,ready,1.5215609737024705,5.819214355106791
VA236_WB,AM,29612,110-10077,ready,25.926222826086956,0.6270597826086947
VA236_WB,AM,34703,110-10076,ready,15.033572957839262,0.21360194334650848
VA236_WB,MD,27725,110-06696,ready,28.542336995733734,0.47174090281698944
VA236_WB,MD,28557,110-06695,ready,22.652644613840266,0.38903789447267706
VA236_WB,MD,28548,110-06694,ready,16.147808794466403,0.48426745718050174
VA236_WB,MD,27816,110N06694,ready,12.046018257105215,0.9789817428947858
VA236_WB,MD,28050,110-06693,ready,20.635790102108036,1.149954463109354
VA236_WB,MD,27894,110-07889,ready,14.1721837944664,0.7972252964426878
VA236_WB,MD,27889,110-06692,ready,16.54869808135705,1.024380475955204
VA236_WB,MD,27975,110N06692,ready,17.633550724637683,0.688903985507246
VA236_WB,MD,27994,110-06691,ready,22.194657581247252,0.4293972057531847
VA236_WB,MD,27979,110N06691,ready,15.739547101449276,0.6375253623188416
VA236_WB,MD,28779,110-07888,ready,21.724911322924083,1.5447559738623067
VA236_WB,MD,28816,110-06690,ready,24.18730690052701,0.6927993247694327
VA236_WB,MD,34434,110-06689,ready,28.98980854743083,0.907486742424243
VA236_WB,MD,28835,110-06688,ready,6.492413419913421,0.9753062770562752
VA236_WB,MD,31691,110N06688,ready,1.8124674736495388,0.24353614953886726
VA236_WB,MD,31562,110-06687,ready,23.510454349394564,0.9501295799611004
VA236_WB,MD,29593,110-06686,ready,28.62155771613652,4.324790541282389
VA236_WB,MD,34577,110-06685,ready,26.154652802730865,1.2960547071505568
VA236_WB,MD,29612,110-10077,ready,28.821264410408432,0.7093314393939397
VA236_WB,MD,34703,110-10076,ready,16.72018115942029,0.9832155797101453
VA236_WB,PM,27725,110-06696,ready,30.135248270750985,1.016560770750988
VA236_WB,PM,28557,110-06695,ready,1.491097657659629,7.905599515874945
VA236_WB,PM,28548,110-06694,ready,1.4676834271087211,3.043853067991348
VA236_WB,PM,27816,110N06694,ready,13.932924901185771,1.6067374011857707
VA236_WB,PM,28050,110-06693,ready,23.737451592791267,1.8470765927912671
VA236_WB,PM,27894,110-07889,ready,0.3168984758328166,1.6236791007905136
VA236_WB,PM,27889,110-06692,ready,0.5354296009102446,4.383795598397049
VA236_WB,PM,27975,110N06692,ready,2.47117607619377,4.493148015653329
VA236_WB,PM,27994,110-06691,ready,0.975584023968817,9.57310451136989
VA236_WB,PM,27979,110N06691,ready,1.218342134733863,3.660365595989322
VA236_WB,PM,28779,110-07888,ready,23.796066064370414,0.5284085074345939
VA236_WB,PM,28816,110-06690,ready,24.66546627964427,0.699786931818182
VA236_WB,PM,34434,110-06689,ready,0.8574433320827612,7.11589151388627
VA236_WB,PM,28835,110-06688,ready,6.150360671936759,0.49730904150197697
VA236_WB,PM,31691,110N06688,ready,1.8323456027667984,0.25396368577075057
VA236_WB,PM,31562,110-06687,ready,23.463190287972896,2.4184760022586107
VA236_WB,PM,29593,110-06686,ready,31.887414772727272,4.670645750988142
VA236_WB,PM,34577,110-06685,ready,2.2390093801269844,7.794936383082292
VA236_WB,PM,29612,110-10077,ready,0.9082991172122994,8.167671015422656
VA236_WB,PM,34703,110-10076,ready,2.986540868411789,2.5996983168295476
VA237_EB,AM,26349,110P18838,ready,21.650050230566535,0.4038183465085637
VA237_EB,AM,25738,110+51885,ready,16.03223731884058,1.310570652173913
VA237_EB,AM,25757,110+13613,ready,18.41635770750988,0.5276620553359674
VA237_EB,AM,25911,110+18839,ready,21.27454347826087,0.6624695652173923
VA237_EB,AM,25912,110+18840,ready,20.579689558629777,0.394472496706193
VA237_EB,AM,26042,110P18840,ready,25.282406949934124,0.4560663702239783
VA237_EB,AM,25776,110+13614,ready,16.566287549407114,1.2281875494071148
VA237_EB,AM,27068,110+18841,ready,22.94437252964427,1.5089413702239796
VA237_EB,AM,26575,110+13615,ready,16.10558695652174,1.2909173913043488
VA237_EB,AM,27062,110+18842,ready,16.82903162055336,0.5260924901185774
VA237_EB,MD,26349,110P18838,ready,23.45552694060167,0.43320917050944224
VA237_EB,MD,25738,110+51885,ready,17.0837564366491,0.4619358668203781
VA237_EB,MD,25757,110+13613,ready,20.836883852108038,0.7783661478919629
VA237_EB,MD,25911,110+18839,ready,22.9768115942029,0.32802173913043475
VA237_EB,MD,25912,110+18840,ready,22.511576086956524,0.2393423913043485
VA237_EB,MD,26042,110P18840,ready,25.320361701251645,2.07030496541502
VA237_EB,MD,25776,110+13614,ready,15.894595273386036,2.1885478425559945
VA237_EB,MD,27068,110+18841,ready,23.180407608695656,1.435514492753623
VA237_EB,MD,26575,110+13615,ready,16.368854813664594,1.054712215320911
VA237_EB,MD,27062,110+18842,ready,18.089395998023715,0.6181366106719363
VA237_EB,PM,26349,110P18838,ready,0.7118386324620519,8.296588856894513
VA237_EB,PM,25738,110+51885,ready,1.564450443936329,4.793001315598911
VA237_EB,PM,25757,110+13613,ready,22.778445793337102,1.4592221908526255
VA237_EB,PM,25911,110+18839,ready,25.032734683794466,0.6398142292490118
VA237_EB,PM,25912,110+18840,ready,1.5463024025184244,8.022796649001137
VA237_EB,PM,26042,110P18840,ready,0.6312158623183585,9.216701910531768
VA237_EB,PM,25776,110+13614,ready,1.4975274179368645,3.2228196166622487
VA237_EB,PM,27068,110+18841,ready,24.881983695652174,1.2517336956521743
VA237_EB,PM,26575,110+13615,ready,0.9019514766126537,3.2613930748486646
VA237_EB,PM,27062,110+18842,ready,0.7567814763110017,3.558141915209702
VA237_NB,AM,34663,110+13630,ready,10.965522774327122,0.17792857142857255
VA237_NB,MD,34663,110+13630,ready,11.443112199065757,0.39307159540064746
VA237_NB,PM,34663,110+13630,ready,1.0621556762891682,2.8782117087755097
VA237_SB,AM,34664,110-13629,ready,17.42284420289855,0.8437608695652156
VA237_SB,MD,34664,110-13629,ready,18.796269351119893,0.3721980401844527
VA237_SB,PM,34664,110-13629,ready,0.8913518792666713,4.460226098726405
VA237_WB,AM,26020,110-18841,ready,20.29168148880105,0.6277648221343863
VA237_WB,AM,26027,110-18840,ready,1.9888994834520564,11.437300583328794
VA237_WB,AM,26036,110N18840,ready,22.074263833992095,0.26335513833992047
VA237_WB,AM,26344,110-18839,ready,20.87477931488801,0.5532865612648221
VA237_WB,AM,26938,110-18838,ready,2.1992474655749215,12.657463416130264
VA237_WB,AM,25891,110N18838,ready,1.1895548936436773,7.388940759493328
VA237_WB,AM,26990,110-13614,ready,16.588710239036324,1.2159324612585476
VA237_WB,AM,27323,110-13613,ready,15.472639238232125,1.546093783686669
VA237_WB,AM,26969,110-13612,ready,17.917032608695653,0.679932608695653
VA237_WB,AM,25754,110-51887,ready,4.159652683335109,6.37469191672605
VA237_WB,MD,26020,110-18841,ready,20.265951086956523,0.9969112318840577
VA237_WB,MD,26027,110-18840,ready,23.503478849049504,0.6410022115565596
VA237_WB,MD,26036,110N18840,ready,23.156847002635047,0.9116928524374179
VA237_WB,MD,26344,110-18839,ready,0.41120511508199914,5.61287149224847
VA237_WB,MD,26938,110-18838,ready,22.806168478260872,0.706297101449275
VA237_WB,MD,25891,110N18838,ready,19.976294054677208,0.44444869894598193
VA237_WB,MD,26990,110-13614,ready,17.025353260869565,0.9826503623188415
VA237_WB,MD,27323,110-13613,ready,15.564066205533598,1.5979138669301711
VA237_WB,MD,26969,110-13612,ready,19.93503701612397,0.9289213172093601
VA237_WB,MD,25754,110-51887,ready,21.006467391304348,1.5693931159420291
VA237_WB,PM,26020,110-18841,ready,21.74586524209486,0.7775636116600788
VA237_WB,PM,26027,110-18840,ready,22.800838068181818,0.49839241600790474
VA237_WB,PM,26036,110N18840,ready,0.37444309905194273,5.582599986764366
VA237_WB,PM,26344,110-18839,ready,22.180597208498025,0.24213796936758936
VA237_WB,PM,26938,110-18838,ready,22.35548418972332,0.7532658102766794
VA237_WB,PM,25891,110N18838,ready,19.91814970355731,0.31657361660079086
VA237_WB,PM,26990,110-13614,ready,1.22014209020931,3.697138534318228
VA237_WB,PM,27323,110-13613,ready,1.0316508200047547,3.513097302954186
VA237_WB,PM,26969,110-13612,ready,0.298853672324148,0.3987582580463019
VA237_WB,PM,25754,110-51887,ready,20.326202445652175,0.4566861413043475
VA241_NB,AM,29083,110P10938,ready,11.812572463768115,0.7668405797101455
VA241_NB,AM,35677,110+10085,ready,14.128652362130621,0.6509748258987388
VA241_NB,AM,31666,110P10085,ready,2.844922924901187,2.1391837944664034
VA241_NB,AM,27851,110+10086,ready,2.007140745491036,4.610857364528665
VA241_NB,MD,29083,110P10938,ready,11.671096014492754,0.5856141304347826
VA241_NB,MD,35677,110+10085,ready,14.75832020123596,0.5656109581843286
VA241_NB,MD,31666,110P10085,ready,1.8156632905138324,0.3735473484848481
VA241_NB,MD,27851,110+10086,ready,2.5615715579710128,1.5134067028985525
VA241_NB,PM,29083,110P10938,ready,10.19342638339921,2.27886388339921
VA241_NB,PM,35677,110+10085,ready,0.8626290271024943,2.4584614714571487
VA241_NB,PM,31666,110P10085,ready,3.1634225014116315,1.2276100014116316
VA241_NB,PM,27851,110+10086,ready,3.9102038043478253,0.9763722826086942
VA241_SB,AM,27853,110-10085,ready,2.17253623188406,0.6430869565217415
VA241_SB,AM,27833,110N10085,ready,1.6397439064558625,1.2231332345191035
VA241_SB,AM,29185,110-10938,ready,14.420318675889327,1.0298549077733863
VA241_SB,AM,35673,110N10938,ready,32.0,0.0
VA241_SB,MD,27853,110-10085,ready,1.866608123157036,0.4660998415835369
VA241_SB,MD,27833,110N10085,ready,1.167656455862976,0.9279939064558645
VA241_SB,MD,29185,110-10938,ready,16.17961462450593,0.4495795454545461
VA241_SB,MD,35673,110N10938,ready,31.616702898550727,0.2992246376811593
VA241_SB,PM,27853,110-10085,ready,4.5401068428853755,1.7035613883399212
VA241_SB,PM,27833,110N10085,ready,4.666806124129494,2.5105739812723518
VA241_SB,PM,29185,110-10938,ready,1.3621303999281067,3.6965288755700354
VA241_SB,PM,35673,110N10938,ready,0.898172659409811,15.402363556278976
VA243_NB,AM,34635,110+13635,ready,14.242327075098812,0.7816749011857699
VA243_NB,AM,31783,110P13635,ready,0.7203095290392504,2.919494707804162
VA243_NB,AM,31258,110+13636,ready,14.82603260869565,1.335148550724637
VA243_NB,AM,30669,110+13637,ready,23.04906208827404,1.2575242094861656
VA243_NB,MD,34635,110+13635,ready,13.505383061986322,0.7276011120521985
VA243_NB,MD,31783,110P13635,ready,14.804947710803688,0.4238856225296452
VA243_NB,MD,31258,110+13636,ready,16.075880270092224,1.3697356719367597
VA243_NB,MD,30669,110+13637,ready,23.952586874176546,0.8523714591567854
VA243_NB,PM,34635,110+13635,ready,1.3122639482193346,4.2043361853234025
VA243_NB,PM,31783,110P13635,ready,15.273601161067194,0.34768589426877505
VA243_NB,PM,31258,110+13636,ready,0.7710096065364953,3.007342283722772
VA243_NB,PM,30669,110+13637,ready,0.877190871267129,7.537666808347675
VA243_SB,AM,33479,110-13636,ready,17.27892857142857,1.6737836438923404
VA243_SB,AM,30672,110-13635,ready,11.370688405797102,1.508822463768117
VA243_SB,AM,31779,110N13635,ready,13.12845973320158,0.7800139163372867
VA243_SB,AM,30909,110-13634,ready,3.5874094007374406,6.203040883611911
VA243_SB,MD,33479,110-13636,ready,19.436018610013175,0.34355303030303
VA243_SB,MD,30672,110-13635,ready,14.548820742005029,0.4333511947538637
VA243_SB,MD,31779,110N13635,ready,13.487819499341237,0.24793231225296428
VA243_SB,MD,30909,110-13634,ready,18.529833662714097,1.6601246706192354
VA243_SB,PM,33479,110-13636,ready,0.28206491846524095,3.9418440876880445
VA243_SB,PM,30672,110-13635,ready,0.8370836244252535,3.181178635944229
VA243_SB,PM,31779,110N13635,ready,0.4981885836148301,4.220339186407606
VA243_SB,PM,30909,110-13634,ready,20.15876167243083,1.3335741724308288
VA244_EB,AM,28822,110P18847,ready,18.634711791831357,0.35159980237154187
VA244_EB,AM,34309,110+13705,ready,29.12284584980237,0.8265458498023719
VA244_EB,AM,34282,110+13706,ready,18.428436264822135,0.3292524703557322
VA244_EB,AM,28808,110+10943,ready,20.806391304347823,0.2858391304347833
VA244_EB,AM,34292,110+10944,ready,23.796562088274044,1.156909914361002
VA244_EB,AM,34144,110+10945,ready,12.451391633728589,0.8826699604743089
VA244_EB,AM,26103,110+10946,ready,15.746238883399213,1.4097805500658762
VA244_EB,AM,27214,110+10947,ready,16.49834815546772,0.7502602108036903
VA244_EB,AM,27205,110+10948,ready,17.957798913043476,0.7294975296442678
VA244_EB,AM,26110,110+10949,ready,20.651026679841898,0.3643575098814235
VA244_EB,AM,26218,110+10950,ready,23.940374670619235,0.48257032279314876
VA244_EB,AM,26853,110P10950,ready,22.221929367432082,0.40737201596712475
VA244_EB,AM,26849,110+10951,ready,18.389746376811594,1.1847934782608691
VA244_EB,AM,26537,110+10952,ready,18.146775362318838,1.2252789855072461
VA244_EB,AM,27077,110P10952,ready,21.882161684782606,0.796112936429512
VA244_EB,MD,28822,110P18847,ready,0.859802911294319,3.6120065291462082
VA244_EB,MD,34309,110+13705,ready,30.030977515841645,0.37814715477759053
VA244_EB,MD,34282,110+13706,ready,19.27185194334651,0.2503005599473
VA244_EB,MD,28808,110+10943,ready,21.263149291831358,1.5596695487483536
VA244_EB,MD,34292,110+10944,ready,24.9057711627141,0.7796744894598158
VA244_EB,MD,34144,110+10945,ready,15.722110507246377,0.4908007246376808
VA244_EB,MD,26103,110+10946,ready,18.634557559288538,0.9959008399209475
VA244_EB,MD,27214,110+10947,ready,17.969681118247696,0.2948807229907775
VA244_EB,MD,27205,110+10948,ready,0.5336987544428737,4.188978603455136
VA244_EB,MD,26110,110+10949,ready,0.9652181773913647,4.9131089549071065
VA244_EB,MD,26218,110+10950,ready,25.005148427206848,0.7668780879446638
VA244_EB,MD,26853,110P10950,ready,22.32332124623565,0.3371668960568421
VA244_EB,MD,26849,110+10951,ready,0.7906622409884911,5.4803331207854145
VA244_EB,MD,26537,110+10952,ready,1.7711705439104313,3.945176394497546
VA244_EB,MD,27077,110P10952,ready,0.3910971304581426,7.519039478289798
VA244_EB,PM,28822,110P18847,ready,20.785909679089027,0.15061373047242643
VA244_EB,PM,34309,110+13705,ready,0.672711840626856,11.252556260123981
VA244_EB,PM,34282,110+13706,ready,19.473797554347826,0.27035832509881286
VA244_EB,PM,28808,110+10943,ready,23.922437888198754,1.147478260869566
VA244_EB,PM,34292,110+10944,ready,27.49779891304348,1.3287961956521734
VA244_EB,PM,34144,110+10945,ready,0.6556787757372187,3.7332725614271567
VA244_EB,PM,26103,110+10946,ready,0.36609260431466617,6.079411697460347
VA244_EB,PM,27214,110+10947,ready,0.6821949493697568,4.615912635060628
VA244_EB,PM,27205,110+10948,ready,19.018439396880293,0.22949238601072763
VA244_EB,PM,26110,110+10949,ready,23.109685029644268,0.2930452075098813
VA244_EB,PM,26218,110+10950,ready,0.549761050884751,12.275746442085351
VA244_EB,PM,26853,110P10950,ready,0.8289557590677589,5.861589804389657
VA244_EB,PM,26849,110+10951,ready,17.169123641304346,0.23797961956521752
VA244_EB,PM,26537,110+10952,ready,16.40148097826087,0.9641114130434787
VA244_EB,PM,27077,110P10952,ready,20.22243391798419,0.8646421689723316
VA244_WB,AM,26838,110N10952,ready,22.422245059288535,0.9386889328063248
VA244_WB,AM,27076,110-10951,ready,18.983867753623187,0.516201086956522
VA244_WB,AM,27094,110-10950,ready,19.7211468951529,0.47732444872061475
VA244_WB,AM,26847,110N10950,ready,23.640161984754375,0.6257287549407106
VA244_WB,AM,26123,110-10949,ready,23.55344449934124,0.30390596179183155
VA244_WB,AM,26116,110-10948,ready,23.1739953886693,0.3442104743083004
VA244_WB,AM,26115,110-10947,ready,19.45852355072464,0.6570670289855075
VA244_WB,AM,27212,110-10946,ready,17.501935770750986,0.2184104743083001
VA244_WB,AM,25833,110-10945,ready,18.09277709156785,0.30368074769433395
VA244_WB,AM,28926,110-10944,ready,11.826787714097497,0.8913502964426883
VA244_WB,AM,34161,110-10943,ready,11.425899621212123,0.8400242918313566
VA244_WB,AM,34289,110-13706,ready,21.841682312252967,0.8055156455862974
VA244_WB,AM,28806,110-13705,ready,18.702865455800232,0.8138600445448271
VA244_WB,AM,34460,110N18846,ready,34.50871623847167,0.20578096179183225
VA244_WB,AM,34311,110-18847,ready,28.662917490118577,0.5253450263504611
VA244_WB,MD,26838,110N10952,ready,23.184695472511677,1.0881539705353942
VA244_WB,MD,27076,110-10951,ready,18.459369029973647,0.6570230154808959
VA244_WB,MD,27094,110-10950,ready,20.781982431065313,0.3783951451628078
VA244_WB,MD,26847,110N10950,ready,25.09896689937204,0.3465548397583971
VA244_WB,MD,26123,110-10949,ready,25.202377717391304,0.25468074769433496
VA244_WB,MD,26116,110-10948,ready,22.203342097214385,0.38046777950310523
VA244_WB,MD,26115,110-10947,ready,18.683597318291614,0.778486015041722
VA244_WB,MD,27212,110-10946,ready,18.53182271080369,0.7220010704874836
VA244_WB,MD,25833,110-10945,ready,19.891124403977663,0.4621232511449899
VA244_WB,MD,28926,110-10944,ready,14.6984494400527,0.8362318840579716
VA244_WB,MD,34161,110-10943,ready,12.68235301383399,0.8746053194993416
VA244_WB,MD,34289,110-13706,ready,22.417581110013174,1.2033365447957844
VA244_WB,MD,28806,110-13705,ready,22.453882575757575,0.4470510540184449
VA244_WB,MD,34460,110N18846,ready,34.380229448993035,0.3683140292678339
VA244_WB,MD,34311,110-18847,ready,31.021452588775958,0.5905138535980928
VA244_WB,PM,26838,110N10952,ready,21.237927989130434,0.5638415266798416
VA244_WB,PM,27076,110-10951,ready,16.96305256564088,0.7234952533879175
VA244_WB,PM,27094,110-10950,ready,19.424211956521738,0.29974184782608626
VA244_WB,PM,26847,110N10950,ready,0.8692100058935591,9.515373660762986
VA244_WB,PM,26123,110-10949,ready,0.6971072051304289,9.258846081581737
VA244_WB,PM,26116,110-10948,ready,23.044982501646903,0.609659626152832
VA244_WB,PM,26115,110-10947,ready,0.49651117822401725,3.8765229516725
VA244_WB,PM,27212,110-10946,ready,1.0346478625867515,5.472470473853202
VA244_WB,PM,25833,110-10945,ready,22.843512140033877,0.9944904009034448
VA244_WB,PM,28926,110-10944,ready,0.37856332846298124,4.772125642959596
VA244_WB,PM,34161,110-10943,ready,2.0142317464555077,4.800883576815723
VA244_WB,PM,34289,110-13706,ready,1.2752511751047038,4.25820082153828
VA244_WB,PM,28806,110-13705,ready,0.6818736135559038,4.0340285562820934
VA244_WB,PM,34460,110N18846,ready,0.2977638667956004,17.5647826305163
VA244_WB,PM,34311,110-18847,ready,1.0876086035698713,11.809768799401745
VA253_NB,AM,40627,110+13223,ready,1.5313171283912224,15.571146740939893
VA253_NB,AM,38238,110+13224,ready,14.815216156126482,0.7669831192358364
VA253_NB,AM,39795,110P13224,ready,0.7516579085181246,14.632850776188855
VA253_NB,MD,40627,110+13223,ready,22.34647727272727,0.5209194664031616
VA253_NB,MD,38238,110+13224,ready,14.487564640974966,0.5715005764163371
VA253_NB,MD,39795,110P13224,ready,25.686567254454484,0.5421333384308924
VA253_NB,PM,40627,110+13223,ready,23.255489130434782,0.5781766304347837
VA253_NB,PM,38238,110+13224,ready,0.8172051027204381,3.807199232079682
VA253_NB,PM,39795,110P13224,ready,26.244080292443066,0.2900965967908903
VA253_SB,AM,40612,110N13224,ready,21.564876599849423,1.1755400668172402
VA253_SB,AM,40131,110-13223,ready,12.436962285902501,0.4688852108036885
VA253_SB,AM,38239,110-13222,ready,22.147998188405793,0.7033460144927538
VA253_SB,MD,40612,110N13224,ready,23.678852856629533,0.5944284944304706
VA253_SB,MD,40131,110-13223,ready,13.855097402597401,0.5742589873894222
VA253_SB,MD,38239,110-13222,ready,23.255119133172492,1.1284373149906741
VA253_SB,PM,40612,110N13224,ready,0.9715474453328958,9.132020417270345
VA253_SB,PM,40131,110-13223,ready,14.717933238636366,0.42289680088932946
VA253_SB,PM,38239,110-13222,ready,1.3587357479183655,8.898926486999926
VA267_EB,AM,36697,110-17099,ready,3.409578392621872,0.5900783926218706
VA267_EB,AM,36689,110-17098,ready,5.711042490118579,0.5793379446640318
VA267_EB,AM,36682,110N17098,ready,5.3425,0.32484782608696133
VA267_EB,AM,36680,110-04243,ready,5.671135540184456,0.4154362648221361
VA267_EB,AM,36673,110N04243,ready,0.4394985177865595,0.3901753952569216
VA267_EB,AM,36671,110-04242,ready,0.6101066370223999,0.41014698616600614
VA267_EB,AM,36664,110N04242,ready,0.7845509834368549,0.38189829192546415
VA267_EB,AM,36662,110-04241,ready,0.8655722990777323,0.3218334980237169
VA267_EB,AM,36650,110N04241,ready,0.7517904785431924,0.2119450287031827
VA267_EB,AM,36648,110-04240,ready,5.735380434782608,0.41097463768115955
VA267_EB,AM,36641,110N04240,ready,0.3053038537549438,0.5355393610013172
VA267_EB,AM,36639,110-04239,ready,1.2162409420289901,0.4406648550724661
VA267_EB,AM,36630,110N04239,ready,0.8177184500282308,0.4531351166948987
VA267_EB,AM,36628,110-04675,ready,3.919512845849802,0.9755128458498007
VA267_EB,AM,36625,110-04238,ready,15.92273217422674,1.6796488408934067
VA267_EB,AM,36621,110N04238,ready,10.708101943346508,0.6252504940711461
VA267_EB,AM,31296,110N04237,ready,0.8841386693017105,0.9509973649538838
VA267_EB,AM,32457,110-04236,ready,1.9837409420289849,2.1154293478260873
VA267_EB,AM,31898,110N04236,ready,0.9210214920948605,1.6864536396574443
VA267_EB,AM,31894,110-04235,ready,1.1783909945730595,1.8180938931237816
VA267_EB,AM,32465,110N04235,ready,0.8223244086831034,1.5087720371416022
VA267_EB,AM,32474,110-04234,ready,1.319771950875209,1.7910881250392094
VA267_EB,AM,31889,110N04234,ready,1.4041738032498898,2.154463658322355
VA267_EB,AM,32480,110-04233,ready,1.7449049728240247,1.7705726292840118
VA267_EB,AM,31878,110N04233,ready,1.8096792819912064,1.3332489286870028
VA267_EB,AM,31874,110-04232,ready,4.194155801379121,1.4668276696952594
VA267_EB,AM,31867,110N04232,ready,4.013304330715396,1.3916956692846028
VA267_EB,AM,31863,110-04231,ready,11.64022317507372,0.9134731750737188
VA267_EB,AM,31859,110N04231,ready,12.0504668972332,1.3429668972331985
VA267_EB,AM,31855,110-04230,ready,6.7662557641633745,1.6272557641633731
VA267_EB,AM,31851,110N04230,ready,4.060768868812347,0.9076166948993052
VA267_EB,AM,31847,110-04229,ready,8.89551900997553,1.482323357801618
VA267_EB,AM,31948,110N04229,ready,5.177597990777337,2.424558135704873
VA267_EB,AM,32515,110-04228,ready,1.3184469696969703,1.8762667984189747
VA267_EB,AM,31967,110N04228,ready,4.123739295125164,3.228210309617919
VA267_EB,MD,36697,110-17099,ready,4.246861413043478,0.702917572463767
VA267_EB,MD,36689,110-17098,ready,6.431410455486543,0.33151536325992775
VA267_EB,MD,36682,110N17098,ready,5.99399209486166,0.4615258563899876
VA267_EB,MD,36680,110-04243,ready,6.431963932806323,0.34558349802371485
VA267_EB,MD,36673,110N04243,ready,0.5715534420289862,0.4382961956521729
VA267_EB,MD,36671,110-04242,ready,0.5142663043478256,0.47301992753623107
VA267_EB,MD,36664,110N04242,ready,0.5797274374176548,0.4256833827404449
VA267_EB,MD,36662,110-04241,ready,0.6085960144927517,0.4842119565217396
VA267_EB,MD,36650,110N04241,ready,0.5571734638878909,0.43267400287459556
VA267_EB,MD,36648,110-04240,ready,4.92169384057971,0.5524728260869557
VA267_EB,MD,36641,110N04240,ready,1.1425543478260873,0.469262681159418
VA267_EB,MD,36639,110-04239,ready,1.7110224331827577,0.20750111754187847
VA267_EB,MD,36630,110N04239,ready,1.4637063570487474,0.2076856060606064
VA267_EB,MD,36628,110-04675,ready,4.233605484189721,0.2787212615283276
VA267_EB,MD,36625,110-04238,ready,15.493338685770752,0.6696883234519108
VA267_EB,MD,36621,110N04238,ready,11.27125082345191,0.29829265480895933
VA267_EB,MD,31296,110N04237,ready,0.6199077733860348,0.4429571805006581
VA267_EB,MD,32457,110-04236,ready,1.2286363636363633,0.9802196969696965
VA267_EB,MD,31898,110N04236,ready,3.1876264266037,0.6648536993309729
VA267_EB,MD,31894,110-04235,ready,3.3492153875713666,0.8591320542380334
VA267_EB,MD,32465,110N04235,ready,2.530906395975565,0.5436791232482922
VA267_EB,MD,32474,110-04234,ready,2.292844160121828,0.8014069306845978
VA267_EB,MD,31889,110N04234,ready,2.9112488878052134,0.802567069623397
VA267_EB,MD,32480,110-04233,ready,4.045994556549476,0.49128423908915764
VA267_EB,MD,31878,110N04233,ready,3.8502571423618335,1.0434628839886289
VA267_EB,MD,31874,110-04232,ready,2.3200997553171483,4.172090720873329
VA267_EB,MD,31867,110N04232,ready,1.8353273758377728,3.86845523285788
VA267_EB,MD,31863,110-04231,ready,8.452799505144613,2.2583671615220524
VA267_EB,MD,31859,110N04231,ready,9.312105566534916,1.3662656455862978
VA267_EB,MD,31855,110-04230,ready,4.078724555335968,1.1646163537549412
VA267_EB,MD,31851,110N04230,ready,1.9209458717610897,2.010891249451032
VA267_EB,MD,31847,110-04229,ready,6.208560459015623,2.701829033738001
VA267_EB,MD,31948,110N04229,ready,3.3550341732542805,0.7082357542819505
VA267_EB,MD,32515,110-04228,ready,1.3073347998619755,0.23776414768806062
VA267_EB,MD,31967,110N04228,ready,2.2331402338603406,0.9047094038208175
VA267_EB,PM,36697,110-17099,ready,5.357581521739131,0.43643750000000026
VA267_EB,PM,36689,110-17098,ready,6.985998332509881,0.9660071022727257
VA267_EB,PM,36682,110N17098,ready,6.2176176506916985,0.6108851902173926
VA267_EB,PM,36680,110-04243,ready,6.659847455533596,0.8766280879446651
VA267_EB,PM,36673,110N04243,ready,0.6789556277056281,0.5960443722943722
VA267_EB,PM,36671,110-04242,ready,0.48479743083003957,0.29666823122529795
VA267_EB,PM,36664,110N04242,ready,0.3272170560417855,0.6777122917843004
VA267_EB,PM,36662,110-04241,ready,0.20210906620553626,0.6653874752964413
VA267_EB,PM,36650,110N04241,ready,0.4067730978260826,0.8347377717391344
VA267_EB,PM,36648,110-04240,ready,4.75913105237154,1.0855739871541514
VA267_EB,PM,36641,110N04240,ready,1.2817625988142272,0.9535689229249034
VA267_EB,PM,36639,110-04239,ready,2.138967391304348,1.2807371541501968
VA267_EB,PM,36630,110N04239,ready,1.8181879940711463,1.2028908102766778
VA267_EB,PM,36628,110-04675,ready,4.355190217391305,0.8203097826086947
VA267_EB,PM,36625,110-04238,ready,15.916197475531714,0.5621992635987212
VA267_EB,PM,36621,110N04238,ready,11.268953804347827,1.1327554347826063
VA267_EB,PM,31296,110N04237,ready,0.4742045454545458,0.7790417490118577
VA267_EB,PM,32457,110-04236,ready,0.903192317193676,0.4532832262845856
VA267_EB,PM,31898,110N04236,ready,3.1369626976284595,0.6064654150197635
VA267_EB,PM,31894,110-04235,ready,3.1081348814229255,0.39093651185770817
VA267_EB,PM,32465,110N04235,ready,2.6118682065217405,0.5234307065217383
VA267_EB,PM,32474,110-04234,ready,2.3423777173913027,0.47092663043478034
VA267_EB,PM,31889,110N04234,ready,2.9616724308300384,0.44734090909090707
VA267_EB,PM,32480,110-04233,ready,4.172832086391869,0.32821407396950925
VA267_EB,PM,31878,110N04233,ready,4.2494074234189725,0.39264037796442786
VA267_EB,PM,31874,110-04232,ready,1.5003867871259178,0.5406070016939576
VA267_EB,PM,31867,110N04232,ready,1.0773746294466378,0.3240322381422942
VA267_EB,PM,31863,110-04231,ready,7.723289278656127,0.6060175395256939
VA267_EB,PM,31859,110N04231,ready,8.953154644268777,0.6438139822134374
VA267_EB,PM,31855,110-04230,ready,3.5428328804347835,0.597778532608694
VA267_EB,PM,31851,110N04230,ready,0.9630298913043469,0.36554619565217505
VA267_EB,PM,31847,110-04229,ready,5.497409214426877,0.39316687252964533
VA267_EB,PM,31948,110N04229,ready,3.342834380293618,0.40324985883681475
VA267_EB,PM,32515,110-04228,ready,1.4592690982025212,0.4345214156314694
VA267_EB,PM,31967,110N04228,ready,3.6435287325898726,1.5806374282420461
VA267_WB,AM,32546,110P04226,ready,11.51527047454357,1.3485628587897622
VA267_WB,AM,32390,110+04229,ready,1.035167984189723,0.7609696969696961
VA267_WB,AM,31958,110P04229,ready,1.674367236024846,0.8121679606625273
VA267_WB,AM,32397,110+04230,ready,1.1099151844532276,1.0455963438735167
VA267_WB,AM,32050,110P04230,ready,1.2284065225233711,0.9920681151577906
VA267_WB,AM,32051,110+04231,ready,3.0410869565217418,0.7282536231884057
VA267_WB,AM,32053,110P04231,ready,8.229125776397513,0.4797257763975139
VA267_WB,AM,32413,110+04232,ready,8.852391304347828,0.6283152173913038
VA267_WB,AM,32057,110P04232,ready,3.70977766798419,0.38763438735177996
VA267_WB,AM,32419,110+04233,ready,3.7332880434782623,0.49851268115942204
VA267_WB,AM,32061,110P04233,ready,2.225177042160739,0.40149127140974866
VA267_WB,AM,32427,110+04234,ready,2.3211231884057946,0.33899637681159217
VA267_WB,AM,32065,110P04234,ready,2.768189229249009,0.2590884387351788
VA267_WB,AM,32068,110+04235,ready,2.7234692028985514,0.294480072463769
VA267_WB,AM,32441,110P04235,ready,3.1474382411067183,0.3584929183135704
VA267_WB,AM,32447,110+04236,ready,2.159821310935443,0.4301424571804991
VA267_WB,AM,32070,110P04236,ready,2.9490217391304356,0.2824094202898557
VA267_WB,AM,32072,110+04237,ready,1.2698386034255609,0.38125559947299337
VA267_WB,AM,35943,110P04237,ready,0.5527635046113298,0.5155026350461144
VA267_WB,AM,36089,110P04238,ready,11.050782608695652,0.24335217391304198
VA267_WB,AM,36624,110+04239,ready,8.684164196310936,0.49992506587615243
VA267_WB,AM,36627,110P04239,ready,5.855525362318841,0.27760869565217483
VA267_WB,AM,36629,110+04240,ready,4.392989130434782,0.4814057971014485
VA267_WB,AM,36638,110P04240,ready,4.02354990118577,0.5758397562582337
VA267_WB,AM,36640,110+04241,ready,1.3271195652173937,0.6898260869565233
VA267_WB,AM,36647,110P04241,ready,3.7693115942028967,0.7326123188405802
VA267_WB,AM,36658,110+04242,ready,3.49263916337286,0.9539000329380768
VA267_WB,AM,36661,110P04242,ready,2.893943922924901,0.8618757411067198
VA267_WB,AM,36663,110+04243,ready,3.4605978260869557,0.7659311594202881
VA267_WB,AM,36670,110P04243,ready,3.3050543478260863,1.235097826086952
VA267_WB,AM,36672,110+17098,ready,8.897302998933432,1.158636332266764
VA267_WB,AM,36679,110P17098,ready,8.306479331357048,0.781758316864296
VA267_WB,AM,38020,110+17099,ready,9.717150032938077,0.5581454216073768
VA267_WB,AM,36688,110P17099,ready,4.653175230566535,0.32865085638998615
VA267_WB,MD,32546,110P04226,ready,10.559517868906456,2.8262591403162056
VA267_WB,MD,32390,110+04229,ready,0.9728404973649525,0.3641071310935435
VA267_WB,MD,31958,110P04229,ready,0.8718682947487295,0.3497458356860535
VA267_WB,MD,32397,110+04230,ready,1.1049421525032932,0.23371002140975072
VA267_WB,MD,32050,110P04230,ready,1.4729992177206845,0.26452276844532135
VA267_WB,MD,32051,110+04231,ready,3.6542206027668005,0.31741790184453283
VA267_WB,MD,32053,110P04231,ready,7.7569437582345175,0.29996187417654774
VA267_WB,MD,32413,110+04232,ready,8.220602355072463,0.3264211956521758
VA267_WB,MD,32057,110P04232,ready,2.9431682312252967,0.1784781785243729
VA267_WB,MD,32419,110+04233,ready,2.709757455982755,0.16892472152353896
VA267_WB,MD,32061,110P04233,ready,3.068899044795787,0.2655737812911691
VA267_WB,MD,32427,110+04234,ready,3.19878529079616,0.11786325992847917
VA267_WB,MD,32065,110P04234,ready,3.4644445816864313,0.1860129281949933
VA267_WB,MD,32068,110+04235,ready,3.0751531620553365,0.1689267127799745
VA267_WB,MD,32441,110P04235,ready,3.7764642472152343,0.21367822493711877
VA267_WB,MD,32447,110+04236,ready,2.8209063745872043,0.20861262683298065
VA267_WB,MD,32070,110P04236,ready,3.528713973978921,0.30174238306982853
VA267_WB,MD,32072,110+04237,ready,1.8781665843214757,0.23042926548089504
VA267_WB,MD,35943,110P04237,ready,1.3069594038208168,0.48812574110671897
VA267_WB,MD,36089,110P04238,ready,9.80056406455863,0.23114591567852294
VA267_WB,MD,36624,110+04239,ready,5.9255636528326745,0.3708100296442683
VA267_WB,MD,36627,110P04239,ready,2.7030550065876153,0.2095946969696989
VA267_WB,MD,36629,110+04240,ready,1.7358522727272714,0.17730665349143435
VA267_WB,MD,36638,110P04240,ready,1.2520680994729911,0.2185493247694339
VA267_WB,MD,36640,110+04241,ready,4.076650197628457,0.24982707509881527
VA267_WB,MD,36647,110P04241,ready,1.1600725814041013,0.23809827310370815
VA267_WB,MD,36658,110+04242,ready,1.1412674983530966,0.24453561429512463
VA267_WB,MD,36661,110P04242,ready,0.8349398880105413,0.274431324110673
VA267_WB,MD,36663,110+04243,ready,1.0108452733860347,0.38137228260869627
VA267_WB,MD,36670,110P04243,ready,0.951875823451911,0.3327175559947306
VA267_WB,MD,36672,110+17098,ready,6.244636857707509,0.3409219367588949
VA267_WB,MD,36679,110P17098,ready,5.893342136426376,0.2638831600163112
VA267_WB,MD,38020,110+17099,ready,6.999608860342555,0.1728099472990768
VA267_WB,MD,36688,110P17099,ready,2.2641749011857706,3.2853323451910406
VA267_WB,PM,32546,110P04226,ready,8.088967391304347,8.088967391304347
VA267_WB,PM,32390,110+04229,ready,0.2420729813664586,0.1875916149068324
VA267_WB,PM,31958,110P04229,ready,2.0520105166572558,0.17428691417278333
VA267_WB,PM,32397,110+04230,ready,2.2736110424901166,0.5015811511857677
VA267_WB,PM,32050,110P04230,ready,0.44903656126482216,0.5079678853754945
VA267_WB,PM,32051,110+04231,ready,2.7638742236024836,0.26540566770186036
VA267_WB,PM,32053,110P04231,ready,8.255482336956522,0.22923777173912896
VA267_WB,PM,32413,110+04232,ready,8.726001111660082,0.2791730484189747
VA267_WB,PM,32057,110P04232,ready,4.351872779620743,0.6580195187511801
VA267_WB,PM,32419,110+04233,ready,4.518799407114626,1.275549407114625
VA267_WB,PM,32061,110P04233,ready,1.7892607460474315,0.9282280138339916
VA267_WB,PM,32427,110+04234,ready,2.600989377470353,0.3571111660079058
VA267_WB,PM,32065,110P04234,ready,2.517741477272728,0.3615112401185776
VA267_WB,PM,32068,110+04235,ready,1.64541978402033,0.693114306888762
VA267_WB,PM,32441,110P04235,ready,2.856706398221344,0.3919050148221368
VA267_WB,PM,32447,110+04236,ready,1.9088117588932807,0.38590019762845884
VA267_WB,PM,32070,110P04236,ready,3.2383825345849813,0.2978798171936763
VA267_WB,PM,32072,110+04237,ready,1.6967187499999996,0.2827622282608706
VA267_WB,PM,35943,110P04237,ready,1.698661684782608,0.26328940217391317
VA267_WB,PM,36089,110P04238,ready,9.864925889328063,0.6460617588932824
VA267_WB,PM,36624,110+04239,ready,4.423876605731225,0.28885980731225347
VA267_WB,PM,36627,110P04239,ready,1.1169917243083018,0.43931509387351575
VA267_WB,PM,36629,110+04240,ready,0.5235245800395267,0.30637487648221207
VA267_WB,PM,36638,110P04240,ready,0.32156717603049145,0.6825543654714865
VA267_WB,PM,36640,110+04241,ready,5.471902791501975,0.7106471096837934
VA267_WB,PM,36647,110P04241,ready,0.4233189229249019,0.7178515316205516
VA267_WB,PM,36658,110+04242,ready,0.30860146986166104,0.23360122282608842
VA267_WB,PM,36661,110P04242,ready,0.9306093250047045,0.4383430206568777
VA267_WB,PM,36663,110+04243,ready,0.8748585721343884,0.6891656373517785
VA267_WB,PM,36670,110P04243,ready,0.6831793478260879,0.6696929347826099
VA267_WB,PM,36672,110+17098,ready,5.084246894409939,0.2848493788819856
VA267_WB,PM,36679,110P17098,ready,4.568104928359685,0.5023837080039497
VA267_WB,PM,38020,110+17099,ready,6.03317317193676,0.3183248517786552
VA267_WB,PM,36688,110P17099,ready,5.528657103199286,5.907775495080655
VA27_NB,AM,26645,110P05661,ready,1.2972768445322782,0.9148565546772064
VA27_NB,AM,26649,110+05662,ready,1.0252544466403168,1.207256093544138
VA27_NB,AM,26612,110+05663,ready,7.901920289855074,1.036221014492753
VA27_NB,AM,26857,110P05663,ready,4.634927536231883,1.7499057971014491
VA27_NB,AM,26850,110+05664,ready,2.4730615942028984,1.650579710144927
VA27_NB,AM,26803,110P05664,ready,19.072945487483533,0.36719812252964346
VA27_NB,AM,26834,110+05666,ready,19.810777220967438,1.3787391774891775
VA27_NB,AM,26243,110+05667,ready,2.257376275198328,6.123289202259748
VA27_NB,AM,26717,110P05667,ready,3.0652988267333634,7.0055926936252915
VA27_NB,MD,26645,110P05661,ready,1.1551371047430825,0.3549202075098803
VA27_NB,MD,26649,110+05662,ready,0.3700345849802362,0.4591813241106717
VA27_NB,MD,26612,110+05663,ready,7.829251276350462,0.32932126976284665
VA27_NB,MD,26857,110P05663,ready,5.377022397891962,1.1589118906455853
VA27_NB,MD,26850,110+05664,ready,3.1936558323922473,0.933447499058914
VA27_NB,MD,26803,110P05664,ready,18.677523135077482,0.7075799532593026
VA27_NB,MD,26834,110+05666,ready,12.994782608695651,7.90501268115942
VA27_NB,MD,26243,110+05667,ready,22.013133234519103,8.405241765480897
VA27_NB,MD,26717,110P05667,ready,22.42989974472991,9.73839192193676
VA27_NB,PM,26645,110P05661,ready,2.4399524456521724,1.231077445652173
VA27_NB,PM,26649,110+05662,ready,1.527404891304347,0.9428695652173893
VA27_NB,PM,26612,110+05663,ready,6.519504517221909,0.3865914737436477
VA27_NB,PM,26857,110P05663,ready,3.365828804347826,0.6709374999999982
VA27_NB,PM,26850,110+05664,ready,1.6901766304347836,0.4616195652173922
VA27_NB,PM,26803,110P05664,ready,18.209184782608695,0.5932364130434786
VA27_NB,PM,26834,110+05666,ready,12.411720602766797,0.645773715415022
VA27_NB,PM,26243,110+05667,ready,23.378049521809714,1.9292478913749287
VA27_NB,PM,26717,110P05667,ready,26.39132492530115,3.5371999253011475
VA27_SB,AM,26718,110N05667,ready,21.19001893939394,1.2653522727272737
VA27_SB,AM,26244,110-05665,ready,13.654052795031056,0.6566469979296082
VA27_SB,AM,26835,110N05665,ready,11.183043478260869,0.6046340579710137
VA27_SB,AM,26807,110-05663,ready,15.837380215195433,2.9489277558190596
VA27_SB,AM,26852,110N05663,ready,2.5397982542819495,2.528153326745717
VA27_SB,AM,26856,110-05662,ready,4.037311900056467,2.9495794042913612
VA27_SB,AM,26611,110N05662,ready,4.019121376811594,3.8283278985507234
VA27_SB,AM,26090,110-05661,ready,1.465914087220024,9.21139789766669
VA27_SB,AM,26650,110N05661,ready,6.311109621055273,4.240801650040781
VA27_SB,MD,26718,110N05667,ready,19.79843997035573,1.1533149703557306
VA27_SB,MD,26244,110-05665,ready,12.625031702898552,0.8035117753623183
VA27_SB,MD,26835,110N05665,ready,11.960569828722,0.6396243412384726
VA27_SB,MD,26807,110-05663,ready,17.78295783926219,2.009082839262189
VA27_SB,MD,26852,110N05663,ready,3.057482295783926,1.644023962450593
VA27_SB,MD,26856,110-05662,ready,7.538632246376811,1.754306159420289
VA27_SB,MD,26611,110N05662,ready,4.8103071475625825,2.845894104084321
VA27_SB,MD,26090,110-05661,ready,0.8716266998400144,3.1433309747317892
VA27_SB,MD,26650,110N05661,ready,3.377068079866993,2.8804016171027036
VA27_SB,PM,26718,110N05667,ready,18.46903934041502,1.0683356595849802
VA27_SB,PM,26244,110-05665,ready,13.690817070158102,0.5352165266798434
VA27_SB,PM,26835,110N05665,ready,15.47716341403162,1.4873264575098801
VA27_SB,PM,26807,110-05663,ready,12.247624223602488,3.0805496894409927
VA27_SB,PM,26852,110N05663,ready,1.534289772727273,2.4186457509881407
VA27_SB,PM,26856,110-05662,ready,3.530055961141738,3.303228129767353
VA27_SB,PM,26611,110N05662,ready,2.317772356719369,4.30620046936759
VA27_SB,PM,26090,110-05661,ready,7.17880064229249,4.20113216403162
VA27_SB,PM,26650,110N05661,ready,2.3854546534562044,6.694053205800001
VA286_NB,AM,32371,110+05602,ready,7.3553577898550735,1.3994846014492772
VA286_NB,AM,32181,110P05602,ready,1.9943050065876171,0.4638000658761528
VA286_NB,AM,34977,110+05603,ready,23.794917984189723,2.077552766798418
VA286_NB,AM,31920,110P05603,ready,15.487494235836627,1.3887557641633723
VA286_NB,AM,29359,110P18170,ready,5.283378623188406,0.4420452898550747
VA286_NB,AM,32351,110P18171,ready,17.98653985507246,0.25002173913043474
VA286_NB,AM,32534,110P18172,ready,17.043951745718047,0.4447152503293796
VA286_NB,AM,32344,110+18173,ready,19.729809782608697,0.8370489130434778
VA286_NB,AM,32891,110+05605,ready,10.635314558629775,1.4585754281949945
VA286_NB,AM,32165,110+05606,ready,4.655111166007901,0.5353947628458476
VA286_NB,AM,29463,110+05607,ready,3.358687417654807,0.4597111330698305
VA286_NB,AM,32323,110+05609,ready,15.081431159420289,2.1278478260869567
VA286_NB,AM,35149,110+05610,ready,18.659836133069827,1.6930423254281954
VA286_NB,AM,29014,110+05611,ready,9.029386128364388,1.364064389233954
VA286_NB,AM,29499,110+05612,ready,2.299668161023797,2.424251159808452
VA286_NB,AM,29495,110+05613,ready,3.4619121006072144,3.9067938321858526
VA286_NB,AM,29561,110+05614,ready,7.536775362318842,1.259815217391304
VA286_NB,AM,32874,110P05614,ready,14.311516092603046,5.705724788255223
VA286_NB,AM,32879,110+05615,ready,21.053950592885375,5.996228853754941
VA286_NB,AM,28855,110+05616,ready,1.7684704323349818,3.5924126157435907
VA286_NB,AM,29963,110+05617,ready,16.14380105401845,2.185782938076415
VA286_NB,AM,29805,110+05618,ready,7.8997974308300405,1.7688807641633748
VA286_NB,AM,29770,110+05619,ready,3.012104231366458,2.013071622670805
VA286_NB,AM,31811,110P05619,ready,6.801882411067193,2.750465744400527
VA286_NB,AM,32857,110+05620,ready,4.647946428571429,0.8465173395445132
VA286_NB,AM,31130,110P05620,ready,5.08372694334651,1.0197766798418968
VA286_NB,AM,32853,110+05621,ready,4.185742753623187,1.1603913043478264
VA286_NB,AM,32901,110P05621,ready,11.774349884716733,2.5731832180500667
VA286_NB,AM,32241,110+05622,ready,2.067698975007025,5.095422521470556
VA286_NB,AM,32152,110+05623,ready,7.064289361001319,1.9260828392621867
VA286_NB,AM,32174,110+05624,ready,14.478834039149254,2.1739340391492545
VA286_NB,AM,32074,110+05625,ready,18.215482542819505,4.038982542819499
VA286_NB,AM,32354,110+05626,ready,11.502820910973085,1.1714114906832294
VA286_NB,AM,32247,110+05627,ready,16.256168046928916,1.536602829537612
VA286_NB,AM,32252,110+05628,ready,20.373560606060604,0.8775606060606064
VA286_NB,AM,32280,110P05628,ready,25.77996586417535,2.2561555874955084
VA286_NB,AM,32276,110P05629,ready,1.9067026260516151,3.675612609467354
VA286_NB,AM,30500,110+05630,ready,14.136492094861664,1.4384703557312264
VA286_NB,AM,35680,110P05630,ready,0.740318675889327,0.5467050395256917
VA286_NB,AM,31016,110+05631,ready,11.204974472990775,0.7383045125164701
VA286_NB,AM,29972,110+05632,ready,10.448947628458498,0.6404223320158124
VA286_NB,AM,29979,110+05633,ready,14.093506728778467,0.8264560041407863
VA286_NB,AM,32932,110P05633,ready,30.991921309366962,1.449290874584353
VA286_NB,MD,32371,110+05602,ready,6.7096467391304335,0.5708007246376813
VA286_NB,MD,32181,110P05602,ready,2.182418272397891,0.9849780550065862
VA286_NB,MD,34977,110+05603,ready,24.70346446805007,1.5405971261528328
VA286_NB,MD,31920,110P05603,ready,14.524408761528328,0.5455803689064558
VA286_NB,MD,29359,110P18170,ready,3.8240646958717597,0.4833344587176101
VA286_NB,MD,32351,110P18171,ready,16.86448851872765,0.7327149680030113
VA286_NB,MD,32534,110P18172,ready,15.428673007246376,0.5887382246376814
VA286_NB,MD,32344,110+18173,ready,18.830465250329382,0.7498021245059286
VA286_NB,MD,32891,110+05605,ready,9.37970519398686,0.9178543523269423
VA286_NB,MD,32165,110+05606,ready,3.807517292490118,0.647558794466403
VA286_NB,MD,29463,110+05607,ready,3.0709762022397897,0.8993154644268774
VA286_NB,MD,32323,110+05609,ready,14.949043560606059,2.0363586133069824
VA286_NB,MD,35149,110+05610,ready,19.231449481225297,0.7958491847826087
VA286_NB,MD,29014,110+05611,ready,8.016147891963108,0.6759771080368916
VA286_NB,MD,29499,110+05612,ready,13.446019021739131,4.3759067028985505
VA286_NB,MD,29495,110+05613,ready,16.497228260869566,1.357735507246377
VA286_NB,MD,29561,110+05614,ready,9.728496569306847,1.6264511147613918
VA286_NB,MD,32874,110P05614,ready,5.481275682572547,10.456112321449691
VA286_NB,MD,32879,110+05615,ready,24.024773550724642,3.8745724637681156
VA286_NB,MD,28855,110+05616,ready,16.53712656455863,4.924165102108038
VA286_NB,MD,29963,110+05617,ready,15.731684782608696,1.1940678524374189
VA286_NB,MD,29805,110+05618,ready,9.474193840579709,1.5373641304347823
VA286_NB,MD,29770,110+05619,ready,1.6417737154150192,4.215051548089591
VA286_NB,MD,31811,110P05619,ready,4.7599798254281955,6.205164113965744
VA286_NB,MD,32857,110+05620,ready,3.0955570652173936,0.6838052536231878
VA286_NB,MD,31130,110P05620,ready,4.026268115942028,0.7881503623188403
VA286_NB,MD,32853,110+05621,ready,3.782243906455863,0.44791798418972356
VA286_NB,MD,32901,110P05621,ready,13.506060429606626,0.8189336180124206
VA286_NB,MD,32241,110+05622,ready,17.98176975500345,1.1778787957211865
VA286_NB,MD,32152,110+05623,ready,8.46793190052701,1.642892045454545
VA286_NB,MD,32174,110+05624,ready,18.666031746031745,3.5873437715665975
VA286_NB,MD,32074,110+05625,ready,14.756343873517785,2.026584980237154
VA286_NB,MD,32354,110+05626,ready,10.898805171277994,1.8203306982872212
VA286_NB,MD,32247,110+05627,ready,14.945910777024906,6.9938989193174
VA286_NB,MD,32252,110+05628,ready,20.573692770092226,4.899578474967061
VA286_NB,MD,32280,110P05628,ready,22.421863292661975,7.689006272555423
VA286_NB,MD,32276,110P05629,ready,13.160246586417532,2.991769942508087
VA286_NB,MD,30500,110+05630,ready,14.181966852317641,1.4092446101329505
VA286_NB,MD,35680,110P05630,ready,0.9514286890645597,0.9280373847167326
VA286_NB,MD,31016,110+05631,ready,10.787425477602108,1.3462393774703552
VA286_NB,MD,29972,110+05632,ready,10.065371376811592,0.6785905797101442
VA286_NB,MD,29979,110+05633,ready,14.413559782608695,0.5878876811594207
VA286_NB,MD,32932,110P05633,ready,31.223055006587614,0.8382496706192355
VA286_NB,PM,32371,110+05602,ready,7.056005184806136,1.4434046413278745
VA286_NB,PM,32181,110P05602,ready,2.217362030632411,2.0159027915019756
VA286_NB,PM,34977,110+05603,ready,27.425276679841897,3.262964179841898
VA286_NB,PM,31920,110P05603,ready,13.347034161490683,0.4575093167701877
VA286_NB,PM,29359,110P18170,ready,2.653714797430831,1.1260977025691692
VA286_NB,PM,32351,110P18171,ready,16.180851361048372,1.0286758128646714
VA286_NB,PM,32534,110P18172,ready,14.701685532538114,1.2270617500705807
VA286_NB,PM,32344,110+18173,ready,20.081623641304347,0.6366508152173926
VA286_NB,PM,32891,110+05605,ready,13.40466666666667,2.8342000000000014
VA286_NB,PM,32165,110+05606,ready,5.8145136487154145,1.1118098443675892
VA286_NB,PM,29463,110+05607,ready,6.563573369565217,2.1350733695652178
VA286_NB,PM,32323,110+05609,ready,20.898859313241108,5.640671813241106
VA286_NB,PM,35149,110+05610,ready,2.98946136582489,2.544961253722901
VA286_NB,PM,29014,110+05611,ready,7.609526309288536,0.6336540266798436
VA286_NB,PM,29499,110+05612,ready,18.068890280914736,2.632140280914735
VA286_NB,PM,29495,110+05613,ready,16.533481348814227,2.058600172924901
VA286_NB,PM,29561,110+05614,ready,6.9827853260869555,0.7958315217391303
VA286_NB,PM,32874,110P05614,ready,10.289276185770749,0.5011776185770773
VA286_NB,PM,32879,110+05615,ready,18.085729990118576,1.9952905138339925
VA286_NB,PM,28855,110+05616,ready,15.803126543972331,2.149876543972331
VA286_NB,PM,29963,110+05617,ready,15.128261795948614,0.8961145627470346
VA286_NB,PM,29805,110+05618,ready,6.942957603990214,0.6512788090532657
VA286_NB,PM,29770,110+05619,ready,2.1508013216403157,1.7539474431818163
VA286_NB,PM,31811,110P05619,ready,4.512278373800114,2.601578769057029
VA286_NB,PM,32857,110+05620,ready,4.198423913043479,1.5161739130434797
VA286_NB,PM,31130,110P05620,ready,5.308900691699605,1.0370256916996046
VA286_NB,PM,32853,110+05621,ready,4.601546442687749,0.72545948616601
VA286_NB,PM,32901,110P05621,ready,12.834531250000001,0.9169442934782581
VA286_NB,PM,32241,110+05622,ready,18.212459239130435,0.9074006916996051
VA286_NB,PM,32152,110+05623,ready,6.423877840909089,0.488669836956523
VA286_NB,PM,32174,110+05624,ready,14.795296133893281,0.7948722208498018
VA286_NB,PM,32074,110+05625,ready,16.26072288784585,2.1662228878458496
VA286_NB,PM,32354,110+05626,ready,9.978190993788818,0.32984627329192556
VA286_NB,PM,32247,110+05627,ready,2.3320277736138397,7.167961664129603
VA286_NB,PM,32252,110+05628,ready,25.629820281620553,2.2451816946640317
VA286_NB,PM,32280,110P05628,ready,29.86693428853755,2.225102766798419
VA286_NB,PM,32276,110P05629,ready,14.01305706521739,1.5403124999999989
VA286_NB,PM,30500,110+05630,ready,15.559071175654054,0.5706119365236195
VA286_NB,PM,35680,110P05630,ready,0.41357336956521706,0.47132880434782587
VA286_NB,PM,31016,110+05631,ready,14.781740365612647,2.3472403656126466
VA286_NB,PM,29972,110+05632,ready,10.48418169466403,0.5268719120553347
VA286_NB,PM,29979,110+05633,ready,15.197183176877468,0.5860337203557302
VA286_NB,PM,32932,110P05633,ready,32.67492236024844,0.8643509316770187
VA286_SB,AM,32925,110N05633,ready,22.292995718050065,0.9756406455862976
VA286_SB,AM,32931,110-05632,ready,13.478079710144925,1.0465688405797102
VA286_SB,AM,29978,110-05631,ready,11.71282608695652,1.7287499999999987
VA286_SB,AM,29973,110-05630,ready,11.291065217391301,1.8979652173913018
VA286_SB,AM,30512,110N05630,ready,0.4786501976284569,0.6303316205533583
VA286_SB,AM,35679,110-05629,ready,1.9481751792005717,4.402408381673646
VA286_SB,AM,30498,110N05629,ready,2.4882797476842557,5.133193624682023
VA286_SB,AM,32277,110N05628,ready,19.527922430830042,1.3945268445322816
VA286_SB,AM,32279,110-05627,ready,18.95846920289855,1.3875597826086954
VA286_SB,AM,32251,110-05626,ready,12.258913043478259,2.2815108695652135
VA286_SB,AM,32298,110-05625,ready,8.538965705188533,1.1760490385218656
VA286_SB,AM,32169,110-05624,ready,8.971807476943345,0.9196879117259543
VA286_SB,AM,32075,110-05623,ready,16.43752470355731,1.7761913702239784
VA286_SB,AM,35752,110-05622,ready,5.790896739130435,1.2318134057971009
VA286_SB,AM,32150,110-05621,ready,12.40159337944664,0.3520044466403185
VA286_SB,AM,32895,110N05621,ready,10.833496376811595,0.9036521739130438
VA286_SB,AM,32850,110-05620,ready,1.9949287714097501,0.27648690711462304
VA286_SB,AM,31133,110N05620,ready,1.9888685770750965,0.52157147562582
VA286_SB,AM,31131,110-05619,ready,1.3759039933496464,0.7781539933496457
VA286_SB,AM,31806,110N05619,ready,2.28302493098689,0.5949995686680474
VA286_SB,AM,31810,110-05618,ready,2.603121662852782,1.027922387490462
VA286_SB,AM,29768,110-05617,ready,1.7998847167325447,0.8807180500658772
VA286_SB,AM,29806,110-05616,ready,16.88858695652174,1.519503623188406
VA286_SB,AM,29962,110-05615,ready,13.178956686429514,2.1458733530961798
VA286_SB,AM,32244,110-05614,ready,12.905493718238283,1.9808270515716149
VA286_SB,AM,32880,110N05614,ready,6.119583333333331,1.3827644927536216
VA286_SB,AM,34513,110-05613,ready,6.082018280632409,1.5011016139657425
VA286_SB,AM,29559,110-05612,ready,14.174162549407116,3.29997315546772
VA286_SB,AM,29494,110-05611,ready,13.470441781949932,3.468120306324108
VA286_SB,AM,29498,110-05610,ready,10.163698122529643,2.5804481225296425
VA286_SB,AM,35252,110-05609,ready,18.979482048748356,1.8881269762845854
VA286_SB,AM,35147,110-05608,ready,10.078007246376814,1.6989166666666673
VA286_SB,AM,29403,110-05606,ready,2.3585323053186333,1.77033270057555
VA286_SB,AM,29464,110-05605,ready,5.290365612648221,2.4333873517786553
VA286_SB,AM,32167,110-05604,ready,11.601505034820251,3.755209580274798
VA286_SB,AM,29026,110-18172,ready,14.702405538302274,0.5194309006211141
VA286_SB,AM,32346,110N18172,ready,10.412463768115941,0.3942826086956508
VA286_SB,AM,32535,110N18171,ready,14.478844696969697,0.6247989130434775
VA286_SB,AM,32349,110-18170,ready,6.668888339920947,1.267557971014489
VA286_SB,AM,29358,110N18170,ready,2.2906308398359045,3.0750799535577116
VA286_SB,AM,31919,110N05603,ready,27.11753623188406,1.114985507246378
VA286_SB,AM,29283,110-05602,ready,11.868549822761779,1.806283510571553
VA286_SB,AM,35045,110N05602,ready,5.262205204216075,1.463142621870882
VA286_SB,AM,29293,110-05601,ready,12.413333333333332,2.1533840579710137
VA286_SB,MD,32925,110N05633,ready,23.70683670948617,0.9471598320158107
VA286_SB,MD,32931,110-05632,ready,14.857896080368905,1.1497271080368912
VA286_SB,MD,29978,110-05631,ready,11.969030581435476,1.4000110852311922
VA286_SB,MD,29973,110-05630,ready,12.354226621808143,1.5235233781918573
VA286_SB,MD,30512,110N05630,ready,0.5655035408432149,0.7369944828722016
VA286_SB,MD,35679,110-05629,ready,15.815822216732542,3.9039984354413697
VA286_SB,MD,30498,110N05629,ready,14.702221261528328,3.871785984848485
VA286_SB,MD,32277,110N05628,ready,20.958153970535395,1.719000718648939
VA286_SB,MD,32279,110-05627,ready,21.57625617588933,1.4472021574440053
VA286_SB,MD,32251,110-05626,ready,12.76096074380165,2.548501706791232
VA286_SB,MD,32298,110-05625,ready,9.571893939393942,1.0699920948616581
VA286_SB,MD,32169,110-05624,ready,12.21992212497647,2.918569610560718
VA286_SB,MD,32075,110-05623,ready,12.425866421128278,3.0660054796981693
VA286_SB,MD,35752,110-05622,ready,7.585751811594203,2.500394927536231
VA286_SB,MD,32150,110-05621,ready,18.836881175889328,4.603937335309618
VA286_SB,MD,32895,110N05621,ready,12.777210556653491,0.8220682641633724
VA286_SB,MD,32850,110-05620,ready,2.582422595520423,0.5819342885375475
VA286_SB,MD,31133,110N05620,ready,2.1783765645586297,0.4887701745718056
VA286_SB,MD,31131,110-05619,ready,1.0785037878787875,0.31836907114624297
VA286_SB,MD,31806,110N05619,ready,2.421878705533597,0.4618255105401854
VA286_SB,MD,31810,110-05618,ready,5.122366847826085,2.7330364789196335
VA286_SB,MD,29768,110-05617,ready,2.227767778718866,5.108160251584164
VA286_SB,MD,29806,110-05616,ready,18.616280879446638,8.031396656785246
VA286_SB,MD,29962,110-05615,ready,15.540001235177868,0.7911878293807636
VA286_SB,MD,32244,110-05614,ready,17.095396570518854,2.176836787910157
VA286_SB,MD,32880,110N05614,ready,7.14727149209486,0.9085233036890633
VA286_SB,MD,34513,110-05613,ready,6.090711462450592,1.0839388998682475
VA286_SB,MD,29559,110-05612,ready,17.632870859213252,1.5277875258799165
VA286_SB,MD,29494,110-05611,ready,15.638717659906519,3.4730479856797802
VA286_SB,MD,29498,110-05610,ready,13.203275485836627,1.1814530220685118
VA286_SB,MD,35252,110-05609,ready,22.63078454380764,0.8246115365612644
VA286_SB,MD,35147,110-05608,ready,11.538374094202899,0.4061240942028981
VA286_SB,MD,29403,110-05606,ready,1.6770244565217387,0.27439583333333345
VA286_SB,MD,29464,110-05605,ready,4.481899703557311,0.28964426877470323
VA286_SB,MD,32167,110-05604,ready,10.141622396323482,2.10762381579773
VA286_SB,MD,29026,110-18172,ready,15.83700572299078,0.5293211050724649
VA286_SB,MD,32346,110N18172,ready,11.356766716073784,0.5468156291172607
VA286_SB,MD,32535,110N18171,ready,13.831923733381247,0.4066996945741996
VA286_SB,MD,32349,110-18170,ready,4.9090284247757054,2.3534625172532797
VA286_SB,MD,29358,110N18170,ready,12.411506505270092,4.351022974308301
VA286_SB,MD,31919,110N05603,ready,25.45421648550725,3.3372961956521743
VA286_SB,MD,29283,110-05602,ready,14.136648962450593,0.7279706027667977
VA286_SB,MD,35045,110N05602,ready,5.921401309288538,0.44483106884057894
VA286_SB,MD,29293,110-05601,ready,9.197507411067193,2.232867588932807
VA286_SB,PM,32925,110N05633,ready,25.023682065217393,0.36162228260869744
VA286_SB,PM,32931,110-05632,ready,15.99547122035573,0.46259622035573233
VA286_SB,PM,29978,110-05631,ready,14.46966094367589,0.8426881175889327
VA286_SB,PM,29973,110-05630,ready,12.422887228260869,0.9694171195652173
VA286_SB,PM,30512,110N05630,ready,1.2839973884810831,0.7886327639751558
VA286_SB,PM,35679,110-05629,ready,1.4182404352684226,4.224064977161701
VA286_SB,PM,30498,110N05629,ready,3.887883692708742,3.219962393233238
VA286_SB,PM,32277,110N05628,ready,1.9866886705709195,6.352101708986844
VA286_SB,PM,32279,110-05627,ready,2.051275201562861,4.04568837162367
VA286_SB,PM,32251,110-05626,ready,1.6931426451893041,8.065946384157353
VA286_SB,PM,32298,110-05625,ready,16.227030926501037,4.733340709109731
VA286_SB,PM,32169,110-05624,ready,2.9813722208889812,3.1398868424560367
VA286_SB,PM,32075,110-05623,ready,14.13342932429889,1.891679324298889
VA286_SB,PM,35752,110-05622,ready,6.441935523715415,0.9643594367588912
VA286_SB,PM,32150,110-05621,ready,14.884585597826087,0.5052051630434788
VA286_SB,PM,32895,110N05621,ready,12.264850803957941,0.5199783885886384
VA286_SB,PM,32850,110-05620,ready,3.3929347826086964,0.6090353260869565
VA286_SB,PM,31133,110N05620,ready,2.7339311594202895,0.7402382246376815
VA286_SB,PM,31131,110-05619,ready,1.3391644021739126,0.7189144021739131
VA286_SB,PM,31806,110N05619,ready,2.1947159090909114,0.5409691205533593
VA286_SB,PM,31810,110-05618,ready,3.4717715512595446,6.918216443829221
VA286_SB,PM,29768,110-05617,ready,2.733505092201754,10.995284010115597
VA286_SB,PM,29806,110-05616,ready,2.2669645636823024,6.420206113007976
VA286_SB,PM,29962,110-05615,ready,18.04243144762846,1.9083064476284597
VA286_SB,PM,32244,110-05614,ready,13.568003334980236,1.1630932559288545
VA286_SB,PM,32880,110N05614,ready,5.523745676877471,0.5965270503952564
VA286_SB,PM,34513,110-05613,ready,9.08257472826087,1.8190122282608687
VA286_SB,PM,29559,110-05612,ready,2.3635942020198364,3.277635964232248
VA286_SB,PM,29494,110-05611,ready,1.9263637228482493,3.725457421915158
VA286_SB,PM,29498,110-05610,ready,17.075425283502728,5.207862783502729
VA286_SB,PM,35252,110-05609,ready,0.9512834883725179,3.2142372254766642
VA286_SB,PM,35147,110-05608,ready,13.008342391304346,0.38326630434782505
VA286_SB,PM,29403,110-05606,ready,1.4265124752964424,0.5107091156126486
VA286_SB,PM,29464,110-05605,ready,4.380774456521738,0.7242798913043491
VA286_SB,PM,32167,110-05604,ready,11.536129570158103,0.5168699357707518
VA286_SB,PM,29026,110-18172,ready,16.196288908102765,0.3705482954545438
VA286_SB,PM,32346,110N18172,ready,10.939980854743084,0.5601984930830031
VA286_SB,PM,32535,110N18171,ready,13.97803730237154,0.2861650197628469
VA286_SB,PM,32349,110-18170,ready,5.202876258705063,0.9329315946734429
VA286_SB,PM,29358,110N18170,ready,13.170652173913043,1.4080217391304342
VA286_SB,PM,31919,110N05603,ready,26.874891304347827,2.260070652173913
VA286_SB,PM,29283,110-05602,ready,14.485027173913041,0.9081783596837929
VA286_SB,PM,35045,110N05602,ready,5.475797307312253,0.290922801383398
VA286_SB,PM,29293,110-05601,ready,11.41775653467909,2.4896940346790895
VA287_NB,AM,36532,110+11406,ready,19.311484189723323,0.7606027667984204
VA287_NB,AM,36843,110P11406,ready,18.666968873517785,1.2718680830039517
VA287_NB,AM,36512,110+11407,ready,2.036064723320157,0.976254117259551
VA287_NB,AM,36487,110+11408,ready,3.782474884716733,1.8950251152832684
VA287_NB,AM,37208,110+11409,ready,10.293879281949934,1.237712615283267
VA287_NB,AM,36505,110P11409,ready,31.95604660737813,0.4138446969696969
VA287_NB,AM,41518,110P11410,ready,5.378432147562581,1.4748023715415002
VA287_NB,AM,36077,110+11410,ready,11.100870074973336,0.4020765967124665
VA287_NB,MD,36532,110+11406,ready,22.095707345191045,0.7464375823451909
VA287_NB,MD,36843,110P11406,ready,22.775487483530963,1.0973168642951252
VA287_NB,MD,36512,110+11407,ready,2.822901271696169,1.6524408833132849
VA287_NB,MD,36487,110+11408,ready,2.842048954216073,0.536807929841897
VA287_NB,MD,37208,110+11409,ready,10.996014492753625,0.42107971014492723
VA287_NB,MD,36505,110P11409,ready,32.89093065750674,1.1248338352468787
VA287_NB,MD,41518,110P11410,ready,6.48458695652174,0.42924782608695794
VA287_NB,MD,36077,110+11410,ready,12.009658267457183,0.23263488142292368
VA287_NB,PM,36532,110+11406,ready,3.1663439118050536,8.97951978139301
VA287_NB,PM,36843,110P11406,ready,0.9422047840053358,12.544532171718933
VA287_NB,PM,36512,110+11407,ready,5.104070330635549,0.6692690633038467
VA287_NB,PM,36487,110+11408,ready,2.640653938452851,0.4790856154714831
VA287_NB,PM,37208,110+11409,ready,11.258487215909089,0.42049092144268707
VA287_NB,PM,36505,110P11409,ready,0.693406399030355,14.2548671133104
VA287_NB,PM,41518,110P11410,ready,7.113383152173913,0.4585054347826074
VA287_NB,PM,36077,110+11410,ready,11.953989006916995,0.5643234930830037
VA287_SB,AM,37211,110-11409,ready,12.838804347826084,0.7704086956521727
VA287_SB,AM,36506,110N11409,ready,1.4754303405047915,16.155220890277278
VA287_SB,AM,41875,110N11410,ready,3.7002717391304354,0.7230362318840585
VA287_SB,AM,36493,110-11408,ready,9.458583368624128,1.0722645280444187
VA287_SB,AM,36490,110-11407,ready,7.261443140645587,3.0552837203557317
VA287_SB,AM,37599,110-11406,ready,1.4854936790262887,1.1510618608444687
VA287_SB,AM,36838,110N11406,ready,21.363326098720123,0.4210160337850568
VA287_SB,AM,37048,110-11405,ready,3.82882787796283,10.2837603328771
VA287_SB,MD,37211,110-11409,ready,12.79417572463768,0.43398550724637835
VA287_SB,MD,36506,110N11409,ready,32.58088315217392,0.27277083333333296
VA287_SB,MD,41875,110N11410,ready,5.453216363950059,1.1060006195495313
VA287_SB,MD,36493,110-11408,ready,9.638082807892589,0.26746742267394435
VA287_SB,MD,36490,110-11407,ready,3.4232739971222514,2.616996836211083
VA287_SB,MD,37599,110-11406,ready,2.220891386693016,1.4626557147562593
VA287_SB,MD,36838,110N11406,ready,24.48086771245059,1.5770326498682474
VA287_SB,MD,37048,110-11405,ready,20.39678979233327,1.1022519135453916
VA287_SB,PM,37211,110-11409,ready,12.708438117588933,0.5922249258893277
VA287_SB,PM,36506,110N11409,ready,33.23543478260869,0.32784239130434756
VA287_SB,PM,41875,110N11410,ready,4.7230836215415035,0.2872385128458488
VA287_SB,PM,36493,110-11408,ready,9.491825592885373,0.5494841897233202
VA287_SB,PM,36490,110-11407,ready,5.528124228013835,1.797703032361662
VA287_SB,PM,37599,110-11406,ready,4.694843749999999,0.7195529891304364
VA287_SB,PM,36838,110N11406,ready,1.1489080609303757,11.743535506180633
VA287_SB,PM,37048,110-11405,ready,19.762446269762847,1.4152017045454552
VA289_EB,AM,32892,110P18175,ready,3.258022727272727,0.4584547430830085
VA289_EB,AM,32885,110+18176,ready,8.21264081027668,1.1793545783926216
VA289_EB,AM,29104,110P18176,ready,6.120313241106718,1.75170415019763
VA289_EB,AM,32255,110+18177,ready,4.4301721014492745,1.316266304347825
VA289_EB,AM,32222,110+18178,ready,11.653000658761528,0.7920194334650864
VA289_EB,MD,32892,110P18175,ready,3.5825642292490123,0.44470092226614116
VA289_EB,MD,32885,110+18176,ready,9.359814311594201,0.3735117753623192
VA289_EB,MD,29104,110P18176,ready,7.171038627736998,1.4998073867557562
VA289_EB,MD,32255,110+18177,ready,5.045053898670499,0.6436888250089833
VA289_EB,MD,32222,110+18178,ready,13.41029666726554,2.4372112378727993
VA289_EB,PM,32892,110P18175,ready,3.528388710474309,0.2660868330039503
VA289_EB,PM,32885,110+18176,ready,9.332370923913045,0.2202078804347809
VA289_EB,PM,29104,110P18176,ready,14.350721961462451,2.318449234189723
VA289_EB,PM,32255,110+18177,ready,8.551182065217391,0.688271739130434
VA289_EB,PM,32222,110+18178,ready,19.533847696687367,3.456277044513456
VA289_WB,AM,29218,110-18177,ready,4.873565546772068,0.5750909090909074
VA289_WB,AM,32164,110-18176,ready,6.981222120271032,1.1142301195181623
VA289_WB,AM,32257,110N18176,ready,8.814043972332016,1.7002178853754948
VA289_WB,AM,29365,110-18175,ready,7.101992753623189,0.39866666666666833
VA289_WB,AM,32887,110N18175,ready,5.934328180877095,0.4639487342367783
VA289_WB,MD,29218,110-18177,ready,5.440628705533595,0.7720858860342551
VA289_WB,MD,32164,110-18176,ready,4.597672924901185,1.2653252635046117
VA289_WB,MD,32257,110N18176,ready,5.582677248023717,0.9663568428853742
VA289_WB,MD,29365,110-18175,ready,7.279591717570967,0.3102931189363961
VA289_WB,MD,32887,110N18175,ready,5.0280475955204205,0.7323781291172603
VA289_WB,PM,29218,110-18177,ready,5.377917725390552,0.8114004564276294
VA289_WB,PM,32164,110-18176,ready,7.582147974308301,1.4669767786561279
VA289_WB,PM,32257,110N18176,ready,6.415470602766797,1.1565899209486155
VA289_WB,PM,29365,110-18175,ready,8.126376605731226,1.0377624752964434
VA289_WB,PM,32887,110N18175,ready,8.669314381270901,1.5878795986622067
VA28_NB,AM,40566,110+07942,ready,6.48903409090909,2.54365365612648
VA28_NB,AM,39733,110+07943,ready,0.8277132740447956,1.970728754940712
VA28_NB,AM,39637,110+07944,ready,16.03738636363636,1.8523092885375487
VA28_NB,AM,39282,110P07944,ready,12.704606201769245,2.1443670713344622
VA28_NB,AM,38450,110+07945,ready,15.368134057971014,0.7227789855072467
VA28_NB,AM,38444,110+07429,ready,28.212626811594202,0.7955724637681149
VA28_NB,AM,38415,110+07430,ready,33.657332015810276,0.2333320158102771
VA28_NB,AM,40543,110+07950,ready,29.928874505928853,4.756317984189724
VA28_NB,AM,38346,110+07951,ready,16.38501811594203,1.695644927536233
VA28_NB,AM,29735,110+07952,ready,2.769027768337596,3.6730806097660804
VA28_NB,AM,32236,110P07952,ready,15.785869565217391,4.06511956521739
VA28_NB,AM,35444,110+07184,ready,4.884474637681159,4.321159420289855
VA28_NB,AM,31821,110P05668,ready,2.2518775032938088,1.5563103096179183
VA28_NB,AM,32969,110+05669,ready,3.772271599593557,9.62790009995813
VA28_NB,AM,32961,110+05670,ready,11.36110079051383,2.4472035573122533
VA28_NB,AM,32956,110P05670,ready,4.977761151891585,6.261931441746657
VA28_NB,AM,32949,110+05671,ready,4.965838646707976,12.706854487848773
VA28_NB,AM,32943,110P05671,ready,4.593404168126508,11.358028547606411
VA28_NB,AM,32937,110+05672,ready,8.831760697032434,4.738267943409247
VA28_NB,AM,32912,110P05672,ready,2.0579216073781286,2.352856389986823
VA28_NB,AM,32974,110+05673,ready,9.136204710144929,0.9876286231884054
VA28_NB,AM,32922,110P05673,ready,4.494003623188406,0.9857826086956513
VA28_NB,AM,32918,110+05674,ready,5.171881658196876,1.0363531244118165
VA28_NB,AM,31294,110+05675,ready,9.088744471108603,0.8071613259928471
VA28_NB,AM,35872,110+05676,ready,7.660338517159168,1.2421977147248882
VA28_NB,AM,35854,110P05676,ready,1.7965573122529626,1.2388245059288543
VA28_NB,AM,36881,110+05677,ready,1.2715187747035586,1.5947946640316204
VA28_NB,AM,36738,110P05677,ready,1.1256521739130452,1.7861376811594223
VA28_NB,AM,36732,110+05678,ready,1.1434558030901931,2.4855506647502703
VA28_NB,AM,36748,110P05678,ready,0.9995009881422909,1.0509756258234504
VA28_NB,AM,36017,110+05679,ready,0.3995841567852434,0.9042616930171269
VA28_NB,AM,36757,110P05679,ready,3.9491189064558623,0.6702977602108042
VA28_NB,AM,37842,110P05680,ready,2.3701185770751,1.2357509881422903
VA28_NB,AM,36764,110+05680,ready,4.101686758893278,0.6739132411067225
VA28_NB,MD,40566,110+07942,ready,4.335480072463767,0.25502536231884054
VA28_NB,MD,39733,110+07943,ready,1.4847402009222674,0.5094874011857703
VA28_NB,MD,39637,110+07944,ready,14.29596590909091,0.9679441699604748
VA28_NB,MD,39282,110P07944,ready,11.713379858366272,0.4368049242424246
VA28_NB,MD,38450,110+07945,ready,16.10160284914361,0.31224678853754967
VA28_NB,MD,38444,110+07429,ready,28.872930253623185,1.054916913702239
VA28_NB,MD,38415,110+07430,ready,35.38218626482213,0.2441154479578397
VA28_NB,MD,40543,110+07950,ready,24.748158911246858,0.7181157923104561
VA28_NB,MD,38346,110+07951,ready,15.752220643939395,1.837276803359683
VA28_NB,MD,29735,110+07952,ready,15.124265275032934,2.162444952239789
VA28_NB,MD,32236,110P07952,ready,14.752594696969695,0.8285693346508564
VA28_NB,MD,35444,110+07184,ready,1.6622644927536232,3.146277173913044
VA28_NB,MD,31821,110P05668,ready,4.323086788762593,4.2324822338971675
VA28_NB,MD,32969,110+05669,ready,7.492373879775194,8.744863959140273
VA28_NB,MD,32961,110+05670,ready,5.0037395355117456,10.313899356786882
VA28_NB,MD,32956,110P05670,ready,9.510992548294919,3.2678463032356335
VA28_NB,MD,32949,110+05671,ready,2.99679347826087,3.3257318840579715
VA28_NB,MD,32943,110P05671,ready,2.8480039721751687,4.017988663812034
VA28_NB,MD,32937,110+05672,ready,2.3823731884057957,3.5775507246376796
VA28_NB,MD,32912,110P05672,ready,3.8443350527793463,1.8904297497490434
VA28_NB,MD,32974,110+05673,ready,11.743096912447456,0.8399320573749925
VA28_NB,MD,32922,110P05673,ready,6.704405879446642,0.570481801712783
VA28_NB,MD,32918,110+05674,ready,6.586213768115943,0.6119474637681183
VA28_NB,MD,31294,110+05675,ready,11.121250862663906,0.8597889061421672
VA28_NB,MD,35872,110+05676,ready,9.524907630177008,0.38548608008248725
VA28_NB,MD,35854,110P05676,ready,3.2852385951910406,0.9736425806982872
VA28_NB,MD,36881,110+05677,ready,3.025352849143611,0.9999121376811605
VA28_NB,MD,36738,110P05677,ready,2.3036264822134385,1.0373364624505932
VA28_NB,MD,36732,110+05678,ready,2.1685180111390587,2.858869250808479
VA28_NB,MD,36748,110P05678,ready,2.7968213187778397,3.5251347245749414
VA28_NB,MD,36017,110+05679,ready,2.463437772523369,1.980622555132065
VA28_NB,MD,36757,110P05679,ready,5.706143774703558,0.5476473978919637
VA28_NB,MD,37842,110P05680,ready,2.9253687005928843,0.6753300806982875
VA28_NB,MD,36764,110+05680,ready,5.665530597120271,0.5914055971202705
VA28_NB,PM,40566,110+07942,ready,4.813280632411066,0.846561758893281
VA28_NB,PM,39733,110+07943,ready,0.944560894268776,0.4364665266798422
VA28_NB,PM,39637,110+07944,ready,14.76031929347826,0.5546317934782619
VA28_NB,PM,39282,110P07944,ready,12.555353260869566,0.5465461956521724
VA28_NB,PM,38450,110+07945,ready,16.939078248517788,0.4078504817193682
VA28_NB,PM,38444,110+07429,ready,31.466345108695652,1.5938451086956527
VA28_NB,PM,38415,110+07430,ready,35.690951086956524,0.2983750000000006
VA28_NB,PM,40543,110+07950,ready,25.622094323895567,1.0035725847651311
VA28_NB,PM,38346,110+07951,ready,13.542274844720497,0.28004192546583795
VA28_NB,PM,29735,110+07952,ready,14.877099184782608,0.5646942934782602
VA28_NB,PM,32236,110P07952,ready,14.3671875,0.6527201086956509
VA28_NB,PM,35444,110+07184,ready,6.6359510869565215,1.1537663043478266
VA28_NB,PM,31821,110P05668,ready,4.075618388857518,0.2999032749858827
VA28_NB,PM,32969,110+05669,ready,8.501440217391302,0.3688641304347815
VA28_NB,PM,32961,110+05670,ready,4.952670023213502,0.4676700232135024
VA28_NB,PM,32956,110P05670,ready,10.84928906691135,0.22514776256352365
VA28_NB,PM,32949,110+05671,ready,3.043697504940712,0.25600629940711483
VA28_NB,PM,32943,110P05671,ready,2.538457880434783,0.2746656373517782
VA28_NB,PM,32937,110+05672,ready,1.7349592391304332,0.3648315217391307
VA28_NB,PM,32912,110P05672,ready,4.19674808547431,0.2275208127470374
VA28_NB,PM,32974,110+05673,ready,12.2701305171278,0.5354430171278
VA28_NB,PM,32922,110P05673,ready,6.671631361166007,0.23668397974308508
VA28_NB,PM,32918,110+05674,ready,5.4405049230660625,1.3285304030208929
VA28_NB,PM,31294,110+05675,ready,8.189517574816488,2.811375282326369
VA28_NB,PM,35872,110+05676,ready,9.571996183888578,11.076202507999248
VA28_NB,PM,35854,110P05676,ready,5.101178004639912,22.380659103593832
VA28_NB,PM,36881,110+05677,ready,3.521619472221939,16.990460664485806
VA28_NB,PM,36738,110P05677,ready,3.2822770283128895,11.05224027900579
VA28_NB,PM,36732,110+05678,ready,1.9936933718472745,11.005555162555941
VA28_NB,PM,36748,110P05678,ready,18.071172801383398,16.791860301383398
VA28_NB,PM,36017,110+05679,ready,5.353942070158102,5.144605113636364
VA28_NB,PM,36757,110P05679,ready,4.210516304347826,0.650016304347826
VA28_NB,PM,37842,110P05680,ready,1.2345877532623202,2.348836482793658
VA28_NB,PM,36764,110+05680,ready,4.594711086015433,0.43411623611895456
VA28_SB,AM,36778,110-05679,ready,5.5729347826086935,0.6252101449275411
VA28_SB,AM,36750,110N05679,ready,4.2252715430704555,0.5154884638308559
VA28_SB,AM,35858,110-05678,ready,1.4980826500127122,1.5677855485634395
VA28_SB,AM,36018,110N05678,ready,2.6582518115942033,1.4378967391304354
VA28_SB,AM,36747,110-05677,ready,2.224975688562644,2.378790184453228
VA28_SB,AM,36733,110N05677,ready,2.366530365769496,3.763493804504675
VA28_SB,AM,36740,110-05676,ready,2.3495475478468895,3.952143727030025
VA28_SB,AM,36880,110N05676,ready,2.889091485507248,4.007301630434781
VA28_SB,AM,35852,110N05675,ready,7.508437088274046,2.1337585638998675
VA28_SB,AM,31293,110-05674,ready,11.260065217391304,0.8404782608695648
VA28_SB,AM,32272,110-05673,ready,5.649403820816867,1.072096179183135
VA28_SB,AM,32924,110-05672,ready,11.678759959846916,1.155413953196564
VA28_SB,AM,32906,110N05672,ready,4.778890316205534,0.9084096837944656
VA28_SB,AM,32914,110-05671,ready,2.175282444005269,1.3464675559947306
VA28_SB,AM,32938,110N05671,ready,3.741124011857709,1.444163866930171
VA28_SB,AM,32945,110-05670,ready,3.3524646307798487,1.3430462387853688
VA28_SB,AM,32950,110N05670,ready,8.69131175889328,1.0902537878787892
VA28_SB,AM,31085,110-05669,ready,3.9077132740447964,1.1709589920948613
VA28_SB,AM,32962,110-05668,ready,6.327507822793151,1.6096285408432138
VA28_SB,AM,31815,110N05668,ready,0.8323163702239782,1.153537714097497
VA28_SB,AM,29743,110-07952,ready,3.564025691699604,1.0365865612648193
VA28_SB,AM,35445,110N07952,ready,1.8370438076416324,1.209710474308298
VA28_SB,AM,35431,110-07951,ready,5.875470622372796,1.111743349645525
VA28_SB,AM,38150,110-07950,ready,15.514088164251207,2.4829504830917877
VA28_SB,AM,38347,110-07430,ready,23.426133069828722,1.470792490118578
VA28_SB,AM,40772,110-07429,ready,33.341422101449275,0.4053822463768115
VA28_SB,AM,40769,110-07945,ready,27.626480237154148,0.6570438735177874
VA28_SB,AM,38453,110-07944,ready,15.64526350461133,0.6819647562582354
VA28_SB,AM,39277,110N07944,ready,10.721874999999999,0.6162083333333322
VA28_SB,AM,38447,110-07943,ready,14.185090579710147,1.3385905797101458
VA28_SB,AM,38584,110-07942,ready,0.9246932641633734,1.417618659420291
VA28_SB,AM,38578,110-07941,ready,6.402768033596836,1.9856847002635043
VA28_SB,MD,36778,110-05679,ready,5.697139602547211,0.48296914800175755
VA28_SB,MD,36750,110N05679,ready,4.724948004893658,1.1464622388481078
VA28_SB,MD,35858,110-05678,ready,2.8748340744400527,1.962869812252965
VA28_SB,MD,36018,110N05678,ready,4.35269062911726,2.0317133563899876
VA28_SB,MD,36747,110-05677,ready,3.642066658432148,1.546015027997365
VA28_SB,MD,36733,110N05677,ready,2.997574934123847,1.844765151515151
VA28_SB,MD,36740,110-05676,ready,3.0419412878787875,2.9616534090909106
VA28_SB,MD,36880,110N05676,ready,2.2671337697628453,2.5996169713438735
VA28_SB,MD,35852,110N05675,ready,8.658269456992285,1.6933002540937327
VA28_SB,MD,31293,110-05674,ready,10.919589303359684,1.2259579627799742
VA28_SB,MD,32272,110-05673,ready,5.671653079710146,0.8526440217391332
VA28_SB,MD,32924,110-05672,ready,11.031542864593135,7.573323438186208
VA28_SB,MD,32906,110N05672,ready,8.168930180668239,16.077004950927222
VA28_SB,MD,32914,110-05671,ready,6.148474437699981,12.727978390269152
VA28_SB,MD,32938,110N05671,ready,6.125470191040843,10.835027832674571
VA28_SB,MD,32945,110-05670,ready,6.142925930500659,10.673773756587615
VA28_SB,MD,32950,110N05670,ready,7.513808425873644,6.428593834305791
VA28_SB,MD,31085,110-05669,ready,4.239447052042161,5.375257658102767
VA28_SB,MD,32962,110-05668,ready,5.632388443935926,2.270623413771583
VA28_SB,MD,31815,110N05668,ready,1.208982213438735,0.9981699604743071
VA28_SB,MD,29743,110-07952,ready,7.026828063241107,2.464416996047431
VA28_SB,MD,35445,110N07952,ready,2.2059815546772072,1.904282938076417
VA28_SB,MD,35431,110-07951,ready,8.836596673254283,3.086319993412385
VA28_SB,MD,38150,110-07950,ready,17.759297183794466,3.508161149538868
VA28_SB,MD,38347,110-07430,ready,25.47039566864295,2.684149621212121
VA28_SB,MD,40772,110-07429,ready,34.22887666187567,0.6778960653970537
VA28_SB,MD,40769,110-07945,ready,27.971763010540183,0.6145286561264824
VA28_SB,MD,38453,110-07944,ready,15.141814750768553,0.566225880701424
VA28_SB,MD,39277,110N07944,ready,10.275084795940774,1.0002068707258926
VA28_SB,MD,38447,110-07943,ready,14.099122533565469,1.6557705823765607
VA28_SB,MD,38584,110-07942,ready,4.859897088117196,1.9266470881171964
VA28_SB,MD,38578,110-07941,ready,4.136250823451909,1.6798614953886715
VA28_SB,PM,36778,110-05679,ready,4.766970108695652,0.3797119565217395
VA28_SB,PM,36750,110N05679,ready,4.259917625399963,0.3766844238189364
VA28_SB,PM,35858,110-05678,ready,1.799756361166009,0.3491774333003961
VA28_SB,PM,36018,110N05678,ready,3.269011475390551,0.46194232895727483
VA28_SB,PM,36747,110-05677,ready,2.1713960744871073,0.46038060535479053
VA28_SB,PM,36733,110N05677,ready,1.0734654385469597,0.7253682241671382
VA28_SB,PM,36740,110-05676,ready,1.3878493788819881,0.9285969791078489
VA28_SB,PM,36880,110N05676,ready,1.0610625470543957,0.8375310441370223
VA28_SB,PM,35852,110N05675,ready,6.300038966920759,1.0892951428100894
VA28_SB,PM,31293,110-05674,ready,8.300275229514003,1.462634449575022
VA28_SB,PM,32272,110-05673,ready,3.404655532420477,3.019932235789573
VA28_SB,PM,32924,110-05672,ready,4.69853341703608,10.14217916701932
VA28_SB,PM,32906,110N05672,ready,3.2715557808963434,4.7633661719366795
VA28_SB,PM,32914,110-05671,ready,6.193038126506435,8.989720212096618
VA28_SB,PM,32938,110N05671,ready,2.6825402965657097,4.722729524779861
VA28_SB,PM,32945,110-05670,ready,5.112841314509296,9.999037675735389
VA28_SB,PM,32950,110N05670,ready,3.2248386726668095,6.298888137691056
VA28_SB,PM,31085,110-05669,ready,5.367171445522725,12.863386263990947
VA28_SB,PM,32962,110-05668,ready,0.8776073046066228,1.0673414943299449
VA28_SB,PM,31815,110N05668,ready,3.785803483201581,0.6271920701581029
VA28_SB,PM,29743,110-07952,ready,1.5973474041799747,4.953641653519991
VA28_SB,PM,35445,110N07952,ready,1.9646872111442444,7.033221485018416
VA28_SB,PM,35431,110-07951,ready,2.1828755532866015,8.049292586643158
VA28_SB,PM,38150,110-07950,ready,0.9192763476625596,14.525821855220205
VA28_SB,PM,38347,110-07430,ready,33.67804804925923,1.1538337635449434
VA28_SB,PM,40772,110-07429,ready,35.51015192687747,0.6951736660079049
VA28_SB,PM,40769,110-07945,ready,27.98057065217391,0.3265597826086961
VA28_SB,PM,38453,110-07944,ready,14.924533720355731,0.5688788290513833
VA28_SB,PM,39277,110N07944,ready,13.654541601966873,2.7571801889233942
VA28_SB,PM,38447,110-07943,ready,2.618106497679576,3.179544914224777
VA28_SB,PM,38584,110-07942,ready,2.869520462779974,0.8057201498682489
VA28_SB,PM,38578,110-07941,ready,9.554425583474497,2.8739880834744977
VA294_EB,AM,40164,110-13208,ready,1.1863995545517287,1.191380748478574
VA294_EB,AM,39200,110-13207,ready,16.210548007246377,3.6176820652173904
VA294_EB,AM,38391,110-13206,ready,1.5972323781291156,1.7496803359683817
VA294_EB,AM,38361,110-13204,ready,6.415090579710145,1.1874927536231883
VA294_EB,AM,39191,110-13203,ready,2.408947726488488,1.8372189401781789
VA294_EB,AM,38339,110-13202,ready,10.07538455204216,3.03667803030303
VA294_EB,AM,38182,110-13201,ready,9.732310606060606,3.4195135046113294
VA294_EB,AM,38947,110-13200,ready,7.9783666831357065,1.140191287878789
VA294_EB,AM,38949,110-13199,ready,4.490345849802371,2.260729907773385
VA294_EB,AM,39075,110N13199,ready,13.838768115942026,1.3466775362318841
VA294_EB,AM,40112,110-13198,ready,3.58251729249012,2.442430335968378
VA294_EB,AM,38855,110-13197,ready,7.711193181818182,1.1322649868247694
VA294_EB,AM,39187,110-13196,ready,7.466322463768113,1.761728260869565
VA294_EB,AM,38817,110N13195,ready,15.835263092885375,3.2611707015810287
VA294_EB,MD,40164,110-13208,ready,0.47071887351778524,0.7995359025032917
VA294_EB,MD,39200,110-13207,ready,13.603491847826087,1.8465027173913047
VA294_EB,MD,38391,110-13206,ready,1.6063895750988142,0.9768044301712783
VA294_EB,MD,38361,110-13204,ready,6.482680747694336,0.4604762022397881
VA294_EB,MD,39191,110-13203,ready,1.9851107542819484,1.9999119729907748
VA294_EB,MD,38339,110-13202,ready,9.645537055335968,2.085508596837946
VA294_EB,MD,38182,110-13201,ready,10.44609807312253,4.952276926877471
VA294_EB,MD,38947,110-13200,ready,9.534961297760212,2.497788702239788
VA294_EB,MD,38949,110-13199,ready,6.55257987483531,0.6690892621870882
VA294_EB,MD,39075,110N13199,ready,18.263180583003955,0.868522315546772
VA294_EB,MD,40112,110-13198,ready,7.281554677206851,1.2211996047430829
VA294_EB,MD,38855,110-13197,ready,0.6512644006525591,2.5970115974216195
VA294_EB,MD,39187,110-13196,ready,14.152533686669063,2.0585336866690613
VA294_EB,MD,38817,110N13195,ready,10.645392168972332,3.2966821063899867
VA294_EB,PM,40164,110-13208,ready,0.6905008646245046,0.5822807559288523
VA294_EB,PM,39200,110-13207,ready,1.8107818614651037,3.4691433781808927
VA294_EB,PM,38391,110-13206,ready,0.616485918972332,0.5426027667984199
VA294_EB,PM,38361,110-13204,ready,6.456973814229249,0.777648221343874
VA294_EB,PM,39191,110-13203,ready,4.852744241718426,3.9951192417184247
VA294_EB,PM,38339,110-13202,ready,12.964031238236402,1.9245312382364004
VA294_EB,PM,38182,110-13201,ready,1.172293077449154,2.720104488284846
VA294_EB,PM,38947,110-13200,ready,13.243505434782609,0.6194782608695639
VA294_EB,PM,38949,110-13199,ready,9.248004658385094,1.3070729813664588
VA294_EB,PM,39075,110N13199,ready,19.586052371541502,0.893215415019762
VA294_EB,PM,40112,110-13198,ready,0.4901432715815386,1.9470657533405138
VA294_EB,PM,38855,110-13197,ready,19.505675642292488,0.6685968379446641
VA294_EB,PM,39187,110-13196,ready,14.942229187252963,0.515720911561264
VA294_EB,PM,38817,110N13195,ready,1.0701830707285078,4.636027342821086
VA294_NB,AM,38231,110+18189,ready,13.072952075098817,1.4173578722002633
VA294_NB,MD,38231,110+18189,ready,13.015603633027052,2.0528509124274934
VA294_NB,PM,38231,110+18189,ready,0.8321421153792345,2.857540201258367
VA294_SB,AM,39777,110-18188,ready,12.358931982872202,1.7559827075098824
VA294_SB,MD,39777,110-18188,ready,10.718459321475626,3.380665678524373
VA294_SB,PM,39777,110-18188,ready,1.0589958138657551,8.866787948271853
VA294_WB,AM,38823,110P13195,ready,9.646322463768115,2.2441557971014494
VA294_WB,AM,38815,110+13196,ready,13.870116930171278,3.2640335968379435
VA294_WB,AM,38814,110+13197,ready,12.09194005270092,1.6555958498023706
VA294_WB,AM,39188,110+13198,ready,8.88654347826087,0.9839478260869562
VA294_WB,AM,38856,110+13199,ready,3.3546038447718303,1.1755722242184683
VA294_WB,AM,39074,110+13200,ready,5.723931159420289,0.8947536231884042
VA294_WB,AM,38950,110+13201,ready,12.313320158102767,0.3789496047430824
VA294_WB,AM,38305,110+13202,ready,8.463938923395444,2.204272256728778
VA294_WB,AM,38183,110+13203,ready,11.491920289855072,2.4225471014492754
VA294_WB,AM,38341,110+13204,ready,6.193943942530898,0.7261331325679166
VA294_WB,AM,40135,110+13205,ready,5.3002239789196315,0.7241021080368917
VA294_WB,AM,38362,110+13206,ready,6.924256422924898,1.9273697299077739
VA294_WB,AM,40138,110+13207,ready,7.00711627140975,2.1894496047430807
VA294_WB,AM,38390,110+13208,ready,13.659565217391304,0.9661260869565205
VA294_WB,AM,39203,110+13209,ready,1.0255253623188423,0.4152717391304357
VA294_WB,MD,38823,110P13195,ready,8.314161314229247,0.9512499176548094
VA294_WB,MD,38815,110+13196,ready,10.448754940711462,1.8239308300395265
VA294_WB,MD,38814,110+13197,ready,17.126313405797102,0.963374341238472
VA294_WB,MD,39188,110+13198,ready,14.778404150197629,1.292404150197629
VA294_WB,MD,38856,110+13199,ready,6.335426959815546,0.9901418807641634
VA294_WB,MD,39074,110+13200,ready,7.39247756093544,1.5676166419631106
VA294_WB,MD,38950,110+13201,ready,14.115310441370221,3.0105228919631095
VA294_WB,MD,38305,110+13202,ready,9.898838109354413,1.022681324110671
VA294_WB,MD,38183,110+13203,ready,12.10201333992095,1.0048598484848483
VA294_WB,MD,38341,110+13204,ready,5.709138669301713,0.2727564229249004
VA294_WB,MD,40135,110+13205,ready,4.501572949996864,0.4854696891272976
VA294_WB,MD,38362,110+13206,ready,6.873527873847167,1.6370137928194997
VA294_WB,MD,40138,110+13207,ready,5.522612195322793,2.23019034090909
VA294_WB,MD,38390,110+13208,ready,9.912799942358367,1.9134301301054017
VA294_WB,MD,39203,110+13209,ready,1.7891187567373341,0.3703645346748116
VA294_WB,PM,38823,110P13195,ready,3.246234300166527,1.9391485392939678
VA294_WB,PM,38815,110+13196,ready,0.7016296863188116,4.333535213587512
VA294_WB,PM,38814,110+13197,ready,1.5673670670595667,2.8147252634429045
VA294_WB,PM,39188,110+13198,ready,14.644237277667985,0.9638269515810263
VA294_WB,PM,38856,110+13199,ready,6.269405408902692,1.215530408902691
VA294_WB,PM,39074,110+13200,ready,10.236736660079053,0.8652094861660085
VA294_WB,PM,38950,110+13201,ready,1.97168537179458,3.861292552768478
VA294_WB,PM,38305,110+13202,ready,12.208829051383399,0.9724757905138337
VA294_WB,PM,38183,110+13203,ready,15.445511716544328,1.7657260022586114
VA294_WB,PM,38341,110+13204,ready,5.015313117588935,0.3811913290513833
VA294_WB,PM,40135,110+13205,ready,3.878152173913045,0.6964918478260893
VA294_WB,PM,38362,110+13206,ready,10.412446622670805,1.3010773044889867
VA294_WB,PM,40138,110+13207,ready,10.389070528656127,2.681426506916995
VA294_WB,PM,38390,110+13208,ready,10.861002346837942,1.097189599802372
VA294_WB,PM,39203,110+13209,ready,1.6719182312252983,0.5620108695652175
VA309_NB,AM,25699,110+10985,ready,14.719969979296067,0.898612629399587
VA309_NB,AM,25651,110P10986,ready,23.857574934123846,0.9651691370223979
VA309_NB,AM,27018,110+10987,ready,19.755393806073158,0.8777445965869894
VA309_NB,AM,26325,110+10988,ready,16.96522924901186,0.7690747035573121
VA309_NB,AM,30252,110+10989,ready,19.055887681159422,0.4192012516469023
VA309_NB,MD,25699,110+10985,ready,16.166904644268772,1.066762022397892
VA309_NB,MD,25651,110P10986,ready,23.82139863306983,0.8104491930171286
VA309_NB,MD,27018,110+10987,ready,19.37240036231884,2.142766304347827
VA309_NB,MD,26325,110+10988,ready,18.23128334980237,1.377220273386034
VA309_NB,MD,30252,110+10989,ready,22.502762053767487,0.5294886677332329
VA309_NB,PM,25699,110+10985,ready,1.1342125757184292,2.953102360683558
VA309_NB,PM,25651,110P10986,ready,0.7136513143239536,2.38916847826087
VA309_NB,PM,27018,110+10987,ready,0.660825324672583,4.431107408834004
VA309_NB,PM,26325,110+10988,ready,0.6212424163775163,4.4289076951810165
VA309_NB,PM,30252,110+10989,ready,0.3024023022903246,6.9545009462272755
VA309_SB,AM,33673,110-10988,ready,19.29334856719368,1.0996819005270109
VA309_SB,AM,27011,110-10987,ready,18.61603425559947,1.6774657444005276
VA309_SB,AM,26327,110-10986,ready,20.47801630434783,1.1307663043478273
VA309_SB,AM,25647,110N10986,ready,2.3639541287536034,15.488186691823948
VA309_SB,AM,26883,110-10984,ready,3.2003350460786657,3.390231421688982
VA309_SB,MD,33673,110-10988,ready,22.203960646841086,0.31612828596524256
VA309_SB,MD,27011,110-10987,ready,18.080317440711465,2.0757318017127804
VA309_SB,MD,26327,110-10986,ready,20.91587114546082,1.6815219704812094
VA309_SB,MD,25647,110N10986,ready,25.73752105684171,0.5824597920195752
VA309_SB,MD,26883,110-10984,ready,16.930570427596116,0.5605086237872805
VA309_SB,PM,33673,110-10988,ready,1.345923444272845,4.089855245094564
VA309_SB,PM,27011,110-10987,ready,21.139272436123655,2.3793892839497452
VA309_SB,PM,26327,110-10986,ready,0.9938361813774497,5.134033848119222
VA309_SB,PM,25647,110N10986,ready,25.980638586956523,0.48675543478260885
VA309_SB,PM,26883,110-10984,ready,17.459330445369847,0.42644210544889916
VA338_EB,AM,28947,110P51881,ready,23.177974308300396,0.8637308300395258
VA338_EB,MD,28947,110P51881,ready,24.563725296442687,0.5951648550724636
VA338_EB,PM,28947,110P51881,ready,27.655883152173914,2.383258152173913
VA338_WB,AM,28945,110N51881,ready,17.617955368906458,0.9812949604743079
VA338_WB,AM,29999,110-51880,ready,19.46006669960474,0.5489942358366277
VA338_WB,MD,28945,110N51881,ready,1.4816971242678643,6.786926091327686
VA338_WB,MD,29999,110-51880,ready,19.12795807453416,0.31266247882552295
VA338_WB,PM,28945,110N51881,ready,20.253123147233204,0.7628758646245066
VA338_WB,PM,29999,110-51880,ready,20.19379817193676,0.8055765810276689
VA400_NB,AM,28319,110P10491,ready,3.33287199754984,19.80780984970081
VA400_NB,MD,28319,110P10491,ready,42.18663759097183,0.5262639084948871
VA400_NB,PM,28319,110P10491,ready,43.02740262681159,1.261261322463768
VA401_NB,AM,28429,110+11028,ready,18.519010869565218,1.8149804347826084
VA401_NB,AM,27985,110+11029,ready,16.145130105401844,2.16801416337286
VA401_NB,AM,27837,110P11029,ready,1.9301266085357278,1.6102552317992105
VA401_NB,AM,27910,110+11030,ready,2.4243530976942993,3.016911885017899
VA401_NB,AM,27637,110P11030,ready,1.997390240817661,3.4303205653786892
VA401_NB,AM,27930,110+11031,ready,3.127837301850454,5.475507149083099
VA401_NB,AM,27935,110+11032,ready,13.388876811594201,0.6318333333333328
VA401_NB,MD,28429,110+11028,ready,23.644067028985507,1.365911231884058
VA401_NB,MD,27985,110+11029,ready,0.6486992678584826,4.34874724649853
VA401_NB,MD,27837,110P11029,ready,16.197600637587048,0.3382399421230951
VA401_NB,MD,27910,110+11030,ready,12.476977519762846,0.7786891469038211
VA401_NB,MD,27637,110P11030,ready,9.78769556982872,1.440221096837945
VA401_NB,MD,27930,110+11031,ready,16.48486495976849,1.462068670007529
VA401_NB,MD,27935,110+11032,ready,13.717443181818183,0.6161823122529645
VA401_NB,PM,28429,110+11028,ready,0.5786829065995798,6.8827177866761255
VA401_NB,PM,27985,110+11029,ready,18.938477643280628,0.24777235671936704
VA401_NB,PM,27837,110P11029,ready,16.090570652173913,0.7281548913043476
VA401_NB,PM,27910,110+11030,ready,13.583198493083003,0.4249102025691698
VA401_NB,PM,27637,110P11030,ready,10.098570281620553,0.5868536314229242
VA401_NB,PM,27930,110+11031,ready,18.333520256916998,1.1095202569169957
VA401_NB,PM,27935,110+11032,ready,13.21871159185018,0.4072061570675696
VA401_SB,AM,27636,110-11029,ready,12.22122134387352,1.5043213438735186
VA401_SB,AM,28414,110N11029,ready,14.574862520116314,0.8239665359950369
VA401_SB,AM,27847,110-11028,ready,16.296627140974966,0.45891996047430944
VA401_SB,AM,28042,110-52245,ready,14.68490447957839,0.417886363636363
VA401_SB,MD,27636,110-11029,ready,12.695180747694335,0.5288917160737819
VA401_SB,MD,28414,110N11029,ready,16.103310511951815,0.7220225818318706
VA401_SB,MD,27847,110-11028,ready,20.65986203259301,0.7351322895100063
VA401_SB,MD,28042,110-52245,ready,1.9600253093325766,2.964106810064331
VA401_SB,PM,27636,110-11029,ready,0.5056508129447446,5.009323022151049
VA401_SB,PM,28414,110N11029,ready,17.558860107284023,0.5597852907961602
VA401_SB,PM,27847,110-11028,ready,1.1726437302260364,4.238546781380642
VA401_SB,PM,28042,110-52245,ready,19.703281250000003,2.0443437500000012
VA402_NB,AM,28053,110+10997,ready,20.70407100508188,1.3752057876905703
VA402_NB,AM,27870,110+10998,ready,3.8702986679675866,8.925481584286704
VA402_NB,AM,28014,110+10999,ready,0.9367866313736398,15.208777112245444
VA402_NB,AM,26466,110P11001,ready,17.073084650856387,1.2650013175230563
VA402_NB,AM,27602,110+11001,ready,16.24403079710145,2.4833641304347824
VA402_NB,MD,28053,110+10997,ready,21.053145750988143,0.37334555335968406
VA402_NB,MD,27870,110+10998,ready,23.112644878521238,1.2324221504642696
VA402_NB,MD,28014,110+10999,ready,30.719139492753623,0.4086304347826089
VA402_NB,MD,26466,110P11001,ready,17.358422430830043,0.37400365612648157
VA402_NB,MD,27602,110+11001,ready,15.157680218332393,0.5059610860154348
VA402_NB,PM,28053,110+10997,ready,21.219199604743082,0.1605395256917006
VA402_NB,PM,27870,110+10998,ready,24.198417119565217,0.541607336956522
VA402_NB,PM,28014,110+10999,ready,30.71901988636364,0.33108609189723426
VA402_NB,PM,26466,110P11001,ready,0.8014749956943228,3.1240378112011102
VA402_NB,PM,27602,110+11001,ready,15.783010128458498,0.6989231719367592
VA402_SB,AM,28635,110-10999,ready,14.594919772256729,0.645454278812975
VA402_SB,AM,26136,110N11001,ready,17.621484683794467,0.7608614953886687
VA402_SB,AM,28639,110-10998,ready,33.55770833333334,0.5777916666666671
VA402_SB,AM,28007,110-10997,ready,22.01348731884058,0.9748206521739119
VA402_SB,AM,27871,110-10996,ready,22.080915678524374,1.0471277997364943
VA402_SB,MD,28635,110-10999,ready,15.981698706431906,1.198866510959397
VA402_SB,MD,26136,110N11001,ready,18.78440670289855,1.157790266798419
VA402_SB,MD,28639,110-10998,ready,33.85915616765481,0.5053166584321476
VA402_SB,MD,28007,110-10997,ready,22.826268115942028,0.45577717391304295
VA402_SB,MD,27871,110-10996,ready,22.597091567852434,0.7074482872200266
VA402_SB,PM,28635,110-10999,ready,1.0099611058146911,4.208153554303325
VA402_SB,PM,26136,110N11001,ready,0.7799520926179688,7.898777177846799
VA402_SB,PM,28639,110-10998,ready,0.8902737298102256,14.781909322949254
VA402_SB,PM,28007,110-10997,ready,24.536858413325803,0.7092155561829474
VA402_SB,PM,27871,110-10996,ready,24.595541360813097,1.1902991247882546
VA420_EB,AM,27872,110+11018,ready,1.7609035748283866,16.29446497145866
VA420_EB,AM,27858,110P11018,ready,4.58893115942029,0.5301811594202904
VA420_EB,MD,27872,110+11018,ready,24.48893774703558,1.1204245718050074
VA420_EB,MD,27858,110P11018,ready,2.3177276844532275,0.773197216732543
VA420_EB,PM,27872,110+11018,ready,25.788113354037264,0.4176840062111795
VA420_EB,PM,27858,110P11018,ready,2.840020380434783,0.39250382905138326
VA420_NB,AM,28395,110+10978,ready,2.5885054037959674,12.461336602371468
VA420_NB,MD,28395,110+10978,ready,18.45622076745718,2.02890423254282
VA420_NB,PM,28395,110+10978,ready,20.048963156408806,0.4984177018633534
VA420_SB,AM,27922,110-10977,ready,20.117762269433467,1.2444971179183135
VA420_SB,MD,27922,110-10977,ready,18.295110754281946,2.4922642457180504
VA420_SB,PM,27922,110-10977,ready,0.6173028195768505,11.776341984824418
VA420_WB,AM,3759,110N11018,ready,5.618752470355731,0.21940003293807564
VA420_WB,AM,28521,110-11017,ready,1.7618097964180817,14.190742760842877
VA420_WB,MD,3759,110N11018,ready,6.794370471014492,0.3850643115942023
VA420_WB,MD,28521,110-11017,ready,24.46110918972332,0.9285574769433459
VA420_WB,PM,3759,110N11018,ready,5.934236660079051,0.45169540513833994
VA420_WB,PM,28521,110-11017,ready,26.04974925889328,0.7681867588932803
VA55_EB,AM,38657,110+57994,ready,14.289099967061922,0.45054660737812924
VA55_EB,AM,38664,110+57992,ready,1.6552173913043482,0.9314384057971014
VA55_EB,AM,40940,110+57993,ready,5.8612771739130425,0.4490452898550726
VA55_EB,MD,38657,110+57994,ready,15.883248870694523,0.5490062347073223
VA55_EB,MD,38664,110+57992,ready,3.913740942028984,0.5303931159420289
VA55_EB,MD,40940,110+57993,ready,1.2599807995632826,2.6420014805781267
VA55_EB,PM,38657,110+57994,ready,0.23388629593966265,3.7649267996014912
VA55_EB,PM,38664,110+57992,ready,3.802001317523055,0.825558102766801
VA55_EB,PM,40940,110+57993,ready,8.60004477519763,0.49681663784584895
VA55_WB,AM,38659,110-57992,ready,3.3026992753623183,0.7179565217391328
VA55_WB,AM,40469,110-57991,ready,4.7748043478260875,0.7676217391304363
VA55_WB,AM,38651,110-57993,ready,15.071594202898552,0.7466449275362322
VA55_WB,MD,38659,110-57992,ready,7.887180500658762,2.2628344861660086
VA55_WB,MD,40469,110-57991,ready,4.98608942687747,0.6621149538866943
VA55_WB,MD,38651,110-57993,ready,18.09314723320158,1.058927865612647
VA55_WB,PM,38659,110-57992,ready,4.453339920948617,0.8439103260869572
VA55_WB,PM,40469,110-57991,ready,3.8018478260869575,0.6275461956521746
VA55_WB,PM,38651,110-57993,ready,0.7676326019780317,7.094174547923253
VA600_EB,AM,35127,110+57896,ready,10.629009387351777,0.7336035902503291
VA600_EB,AM,35062,110+57897,ready,1.9908462945093277,4.015953264088863
VA600_EB,MD,35127,110+57896,ready,10.823181406455864,0.7328185935441359
VA600_EB,MD,35062,110+57897,ready,14.016824240071523,1.7602969720496884
VA600_EB,PM,35127,110+57896,ready,11.893029891304348,0.49861141304347933
VA600_EB,PM,35062,110+57897,ready,0.6416843243139845,2.834674964466362
VA600_WB,AM,29430,110-57896,ready,1.786132537567936,5.503865852426801
VA600_WB,AM,35227,110-57895,ready,10.653423913043477,0.7523586956521751
VA600_WB,MD,29430,110-57896,ready,13.650112107095802,1.7341378929041988
VA600_WB,MD,35227,110-57895,ready,10.23994318181818,0.7213776949335255
VA600_WB,PM,29430,110-57896,ready,1.2937929721091201,2.4144433831546226
VA600_WB,PM,35227,110-57895,ready,10.947759828486731,0.3655587415302084
VA602_NB,AM,33378,110+57997,ready,6.2629306653491446,0.6713921277997361
VA602_NB,AM,30757,110+57998,ready,13.994873188405798,1.287206521739131
VA602_NB,AM,30837,110+57999,ready,4.213670634920636,2.1813672438672422
VA602_NB,AM,31053,110+58000,ready,5.390679347826087,1.756947463768115
VA602_NB,AM,31887,110P58000,ready,10.970484189723317,2.286552042160738
VA602_NB,AM,31881,110+58001,ready,17.952871376811597,0.42102355072463676
VA602_NB,AM,30603,110+58002,ready,10.514619565217393,0.3066159420289842
VA602_NB,AM,30475,110+58003,ready,6.845199275362319,0.8121666666666668
VA602_NB,AM,31006,110+58004,ready,12.847010869565215,0.8938188405797091
VA602_NB,MD,33378,110+57997,ready,6.188356801712779,1.8106394104084333
VA602_NB,MD,30757,110+57998,ready,15.453241577263315,1.267321828533786
VA602_NB,MD,30837,110+57999,ready,3.7879847779032567,4.757064825271346
VA602_NB,MD,31053,110+58000,ready,7.779646739130435,0.6134112318840584
VA602_NB,MD,31887,110P58000,ready,11.485961242863418,1.3254137571365827
VA602_NB,MD,31881,110+58001,ready,17.3054724261246,1.2828609072087338
VA602_NB,MD,30603,110+58002,ready,1.0325645731072148,1.966796325470517
VA602_NB,MD,30475,110+58003,ready,7.122587697628458,0.6987357542819503
VA602_NB,MD,31006,110+58004,ready,12.985732676140286,0.6042528311060922
VA602_NB,PM,33378,110+57997,ready,7.041221565701379,0.8647215657013797
VA602_NB,PM,30757,110+57998,ready,1.2634877835104665,2.472150081003411
VA602_NB,PM,30837,110+57999,ready,3.802823851791338,3.739630293078484
VA602_NB,PM,31053,110+58000,ready,3.013009413682951,4.851943319201265
VA602_NB,PM,31887,110P58000,ready,14.332226408102766,2.1731923171936742
VA602_NB,PM,31881,110+58001,ready,1.89219345337949,4.312449768407549
VA602_NB,PM,30603,110+58002,ready,14.052886114920275,0.8170258664730731
VA602_NB,PM,30475,110+58003,ready,8.41185956027668,1.2647562994071162
VA602_NB,PM,31006,110+58004,ready,14.103661802418596,0.9166618024185964
VA602_SB,AM,33997,110-58003,ready,7.249722300646215,0.6458402816989773
VA602_SB,AM,30243,110-58002,ready,11.364407938076413,1.241480401844531
VA602_SB,AM,33977,110-58001,ready,9.65217473649539,0.8565660408432153
VA602_SB,AM,30487,110-58000,ready,11.971137187088276,0.8499023386034258
VA602_SB,AM,31882,110N58000,ready,0.5455961822549291,1.7221765964477982
VA602_SB,AM,30542,110-57999,ready,7.979343904887383,0.7628257889453559
VA602_SB,AM,30962,110-57998,ready,0.6646956521739114,0.3429956521739143
VA602_SB,AM,30753,110-57997,ready,2.237999175913495,7.654643064131399
VA602_SB,AM,30748,110-57996,ready,3.0107411067193666,0.8926795125164677
VA602_SB,MD,33997,110-58003,ready,7.418377388010541,0.32981217061923623
VA602_SB,MD,30243,110-58002,ready,13.918739500988144,0.40846471508563953
VA602_SB,MD,33977,110-58001,ready,13.166892704216073,0.7737378129117253
VA602_SB,MD,30487,110-58000,ready,11.90479660737813,2.2297740447957834
VA602_SB,MD,31882,110N58000,ready,9.44563446969697,2.5492159914360997
VA602_SB,MD,30542,110-57999,ready,10.108569252305665,0.6784796607378122
VA602_SB,MD,30962,110-57998,ready,1.9742778326745716,1.5404305006587629
VA602_SB,MD,30753,110-57997,ready,17.6660272188286,1.1102356270212004
VA602_SB,MD,30748,110-57996,ready,4.940366436100132,0.6758972332015816
VA602_SB,PM,33997,110-58003,ready,7.9956713191699595,0.9056767539525685
VA602_SB,PM,30243,110-58002,ready,1.500032423774127,6.124773814595368
VA602_SB,PM,33977,110-58001,ready,1.587520371520149,3.479941289241806
VA602_SB,PM,30487,110-58000,ready,2.824668607774691,2.140230253809368
VA602_SB,PM,31882,110N58000,ready,1.0346626307369235,2.6358775270345247
VA602_SB,PM,30542,110-57999,ready,2.541653146611093,2.22669840556199
VA602_SB,PM,30962,110-57998,ready,2.965618076500096,6.644757268312116
VA602_SB,PM,30753,110-57997,ready,16.489313241106718,2.8142844438170536
VA602_SB,PM,30748,110-57996,ready,6.589381793478261,1.8567866847826093
VA606_EB,AM,37478,110+10088,ready,5.640689229249013,4.297560770750986
VA606_EB,AM,36633,110P10088,ready,1.3774275362318846,1.954300724637679
VA606_EB,AM,32781,110+18880,ready,3.2038818329372667,5.121289004467046
VA606_EB,AM,35865,110+10089,ready,2.3362218707921447,5.2260048052005175
VA606_EB,AM,30476,110+18881,ready,2.340624568668046,0.7641825396825386
VA606_EB,AM,36742,110P10089,ready,1.245719924808043,9.114330901708177
VA606_EB,AM,35700,110+18875,ready,15.978584682225986,0.5003383054143923
VA606_EB,AM,36028,110+10090,ready,19.343496376811594,2.096554347826087
VA606_EB,AM,30481,110P18882,ready,1.9975283774154706,11.932041806790265
VA606_EB,AM,31001,110+18882,ready,5.725574534161492,2.0977520703933745
VA606_EB,AM,33132,110+18876,ready,11.861343873517788,0.43493807641633825
VA606_EB,AM,30532,110+10091,ready,1.1315782474299794,4.51718636975965
VA606_EB,MD,37478,110+10088,ready,7.035535655467721,0.8183001482213431
VA606_EB,MD,36633,110P10088,ready,2.2706871706192344,1.5570494894598141
VA606_EB,MD,32781,110+18880,ready,15.451473978919632,1.9806310935441374
VA606_EB,MD,35865,110+10089,ready,4.282517320718722,3.6732076152681294
VA606_EB,MD,30476,110+18881,ready,3.1397787071020757,0.7385564378254612
VA606_EB,MD,36742,110P10089,ready,19.7127132740448,1.0671417984189728
VA606_EB,MD,35700,110+18875,ready,16.173004364295124,0.8723507081686438
VA606_EB,MD,36028,110+10090,ready,18.648661067193675,2.0081450922266133
VA606_EB,MD,30481,110P18882,ready,20.229898509552044,2.5771340991436094
VA606_EB,MD,31001,110+18882,ready,7.081517210144928,0.42383423913043483
VA606_EB,MD,33132,110+18876,ready,0.6950521870315066,3.9785988987579795
VA606_EB,MD,30532,110+10091,ready,10.468770605903758,1.191024848641696
VA606_EB,PM,37478,110+10088,ready,8.891966403162055,0.6325842391304337
VA606_EB,PM,36633,110P10088,ready,0.9405570652173889,0.8999239130434784
VA606_EB,PM,32781,110+18880,ready,16.73692625988142,1.4343481966403153
VA606_EB,PM,35865,110+10089,ready,7.5687879817193675,3.7263504817193676
VA606_EB,PM,30476,110+18881,ready,3.1067113389328047,1.0471461215415019
VA606_EB,PM,36742,110P10089,ready,19.462535173160177,0.7406932759269726
VA606_EB,PM,35700,110+18875,ready,0.6675143255790414,4.615168829072799
VA606_EB,PM,36028,110+10090,ready,2.9466369726400488,7.562285919656172
VA606_EB,PM,30481,110P18882,ready,21.65240643527668,0.8541999135375475
VA606_EB,PM,31001,110+18882,ready,6.955216214944471,0.8651007434594378
VA606_EB,PM,33132,110+18876,ready,14.796857089920948,0.48012882905138343
VA606_EB,PM,30532,110+10091,ready,12.296153347332016,0.6079033473320159
VA606_NB,AM,38074,110+58067,ready,10.944221014492754,0.6874492753623193
VA606_NB,AM,35841,110+58068,ready,11.515622529644268,0.4960243741765484
VA606_NB,MD,38074,110+58067,ready,11.199538043478261,0.4236706192358364
VA606_NB,MD,35841,110+58068,ready,9.235905179512516,0.8515132987483535
VA606_NB,PM,38074,110+58067,ready,12.167302989130434,0.8092839673913059
VA606_NB,PM,35841,110+58068,ready,8.434040884387352,0.41498357213438597
VA606_SB,AM,36304,110-58067,ready,2.654289361001318,1.5515874505928835
VA606_SB,AM,35840,110-58066,ready,10.620600727774642,0.5272540466779573
VA606_SB,MD,36304,110-58067,ready,1.927795825098815,1.0326037961133083
VA606_SB,MD,35840,110-58066,ready,10.03088768115942,1.1249494400527016
VA606_SB,PM,36304,110-58067,ready,1.7394734881494058,7.609347746052353
VA606_SB,PM,35840,110-58066,ready,12.278144145256917,0.6563941452569169
VA606_WB,AM,30482,110-18881,ready,6.944275362318841,0.5602101449275357
VA606_WB,AM,30523,110-10090,ready,10.045826667294056,1.3348266672940579
VA606_WB,AM,30412,110N18882,ready,13.840869153491434,1.2481155303030296
VA606_WB,AM,30536,110-18880,ready,1.8401541501976297,0.37227628458497863
VA606_WB,AM,37221,110-10089,ready,17.23462862318841,1.3684148550724649
VA606_WB,AM,36737,110N10089,ready,17.312101449275364,1.627768115942029
VA606_WB,AM,30992,110-18875,ready,10.67947499058912,0.5164014916243186
VA606_WB,AM,30477,110-18879,ready,12.630965085638998,1.9620484189723315
VA606_WB,AM,33131,110-18874,ready,15.328964920948616,0.5739506007277736
VA606_WB,AM,36741,110-10088,ready,0.5834021239161098,5.538281501347899
VA606_WB,AM,35886,110N10088,ready,2.4432357542819503,0.7479205368906463
VA606_WB,AM,36636,110-10087,ready,6.307155797101448,0.7119275362318854
VA606_WB,MD,30482,110-18881,ready,8.147588932806324,1.3934817193675897
VA606_WB,MD,30523,110-10090,ready,9.404839632740448,0.6257437005928853
VA606_WB,MD,30412,110N18882,ready,4.7686999646537584,2.6311580935519316
VA606_WB,MD,30536,110-18880,ready,3.20544384057971,0.6242047101449278
VA606_WB,MD,37221,110-10089,ready,17.239901634926337,0.6322855731225295
VA606_WB,MD,36737,110N10089,ready,14.722685688405798,0.3465081521739126
VA606_WB,MD,30992,110-18875,ready,14.243261359715163,0.631935445291424
VA606_WB,MD,30477,110-18879,ready,13.676655432429888,1.3891445628646715
VA606_WB,MD,33131,110-18874,ready,18.050523303689065,0.7140776515151511
VA606_WB,MD,36741,110-10088,ready,2.4872936832904617,8.223749989395225
VA606_WB,MD,35886,110N10088,ready,2.854132493412383,2.5056542325428173
VA606_WB,MD,36636,110-10087,ready,5.988414855072464,0.8352844202898542
VA606_WB,PM,30482,110-18881,ready,12.035687376482214,2.2504699851778645
VA606_WB,PM,30523,110-10090,ready,0.6004467537707514,1.2829084241358626
VA606_WB,PM,30412,110N18882,ready,1.2668407569850846,2.526257883209813
VA606_WB,PM,30536,110-18880,ready,7.429970355731225,2.277941699604744
VA606_WB,PM,37221,110-10089,ready,1.8344551575425119,2.8758932872268685
VA606_WB,PM,36737,110N10089,ready,1.5868963087106087,3.39749261814627
VA606_WB,PM,30992,110-18875,ready,0.7197668938674828,2.4738461711080877
VA606_WB,PM,30477,110-18879,ready,1.5219392815080603,2.8483035323391164
VA606_WB,PM,33131,110-18874,ready,21.232235054347825,1.4879605978260875
VA606_WB,PM,36741,110-10088,ready,1.4351494565217395,2.2860135869565217
VA606_WB,PM,35886,110N10088,ready,1.4665019762845843,1.2808315217391302
VA606_WB,PM,36636,110-10087,ready,4.054693675889328,4.074380011293054
VA607_NB,AM,38031,110+58070,ready,5.635090618922139,0.9064239522554717
VA607_NB,AM,36296,110+58072,ready,2.0330978260869568,2.043326086956521
VA607_NB,AM,37262,110+58073,ready,1.3981175889328086,0.6746139657444031
VA607_NB,AM,36643,110P58073,ready,4.031619612271785,1.6514456051195172
VA607_NB,AM,38140,110+58074,ready,5.744164196310936,0.6253311923583672
VA607_NB,AM,36707,110+58075,ready,7.486305994729908,0.6610454545454539
VA607_NB,AM,37743,110+58076,ready,7.192907020515716,0.8474806606437042
VA607_NB,AM,36613,110+58077,ready,4.801664196310934,0.49991419631093353
VA607_NB,AM,38091,110+58078,ready,2.6417488259890907,4.49389778536031
VA607_NB,MD,38031,110+58070,ready,4.591119110358241,1.7749007309116
VA607_NB,MD,36296,110+58072,ready,5.171137261947539,0.6506888250089837
VA607_NB,MD,37262,110+58073,ready,1.045873486416965,1.3728354429387044
VA607_NB,MD,36643,110P58073,ready,4.65864081419788,0.9352037180814365
VA607_NB,MD,38140,110+58074,ready,3.3851271110312613,0.8968969637082292
VA607_NB,MD,36707,110+58075,ready,8.474698204874835,0.7744065382081683
VA607_NB,MD,37743,110+58076,ready,6.171246706192359,0.3760255270092232
VA607_NB,MD,36613,110+58077,ready,0.90664782995586,1.2347199068651002
VA607_NB,MD,38091,110+58078,ready,3.324718464722619,6.792314291967876
VA607_NB,PM,38031,110+58070,ready,7.414687499999999,1.6112499999999996
VA607_NB,PM,36296,110+58072,ready,2.98296720602767,1.030760684288539
VA607_NB,PM,37262,110+58073,ready,0.5686620082815738,0.7443110766045555
VA607_NB,PM,36643,110P58073,ready,5.055296442687746,1.9465785573122538
VA607_NB,PM,38140,110+58074,ready,6.007588315217392,0.6215775691699603
VA607_NB,PM,36707,110+58075,ready,7.927197999011856,0.6377026926877472
VA607_NB,PM,37743,110+58076,ready,5.701043725296442,0.270873023715414
VA607_NB,PM,36613,110+58077,ready,8.658726708074536,1.1824999999999997
VA607_NB,PM,38091,110+58078,ready,3.9763661067193667,0.48421541501976284
VA607_SB,AM,38093,110-58077,ready,2.829523378191858,0.9448860420979992
VA607_SB,AM,38086,110-58076,ready,3.636721014492752,0.8665023056653492
VA607_SB,AM,37911,110-58075,ready,7.041586791831357,1.1258262516469049
VA607_SB,AM,36098,110-58074,ready,7.73282361660079,0.5806315876152836
VA607_SB,AM,36301,110-58073,ready,7.58475543478261,0.4774619565217364
VA607_SB,AM,36095,110N58073,ready,5.2428623188405785,1.1079492753623204
VA607_SB,AM,37258,110-58072,ready,1.1180813570487491,1.1623468379446649
VA607_SB,AM,37261,110-58071,ready,3.838703063241104,1.4540578063241105
VA607_SB,AM,36297,110-58069,ready,6.34325494071146,1.367841897233199
VA607_SB,MD,38093,110-58077,ready,4.559309123847167,0.642997035573123
VA607_SB,MD,38086,110-58076,ready,0.45517658172406267,3.3775502741751193
VA607_SB,MD,37911,110-58075,ready,5.9884070697089475,0.5115020212001453
VA607_SB,MD,36098,110-58074,ready,9.616560441370224,0.5079408761528329
VA607_SB,MD,36301,110-58073,ready,6.554820075757576,0.5466061429512518
VA607_SB,MD,36095,110N58073,ready,5.5063609414301125,0.7042209845490478
VA607_SB,MD,37258,110-58072,ready,1.0919235836627148,1.3591735836627141
VA607_SB,MD,37261,110-58071,ready,5.727951541750486,3.5977853243866247
VA607_SB,MD,36297,110-58069,ready,6.9844112318840565,1.6685000000000008
VA607_SB,PM,38093,110-58077,ready,1.22620633600938,5.931993238662365
VA607_SB,PM,38086,110-58076,ready,7.140495850390552,0.5790231713485781
VA607_SB,PM,37911,110-58075,ready,5.5501208709768495,0.2617921725014116
VA607_SB,PM,36098,110-58074,ready,8.94287898954048,0.5986745852491191
VA607_SB,PM,36301,110-58073,ready,6.838843873517788,0.8525422430830019
VA607_SB,PM,36095,110N58073,ready,4.373384387351779,1.0788982213438745
VA607_SB,PM,37258,110-58072,ready,1.3925169395821564,1.5622281197063792
VA607_SB,PM,37261,110-58071,ready,4.4415415008244725,3.637793295788488
VA607_SB,PM,36297,110-58069,ready,9.934538043478263,1.36654347826087
VA608_NB,AM,29769,110P18849,ready,14.734293478260867,1.9326268115942034
VA608_NB,AM,30883,110+18851,ready,8.646412549407113,0.8214724308300404
VA608_NB,AM,30806,110+18852,ready,10.106852766798418,0.629138998682477
VA608_NB,AM,33323,110+18853,ready,3.820343873517787,2.425187351778657
VA608_NB,AM,32312,110+18854,ready,5.598474143610012,0.9769807312252965
VA608_NB,AM,30780,110+18855,ready,4.896751976284586,0.5867693675889342
VA608_NB,AM,32098,110+18856,ready,1.3439419119643121,2.005177809413799
VA608_NB,AM,33376,110+18857,ready,6.697814323357803,1.4123686711838885
VA608_NB,AM,33234,110+18858,ready,10.8612895256917,2.5052713438735172
VA608_NB,AM,33220,110+18859,ready,3.117248835261796,1.4543246941260215
VA608_NB,AM,30839,110+18860,ready,10.538303689064557,1.1514703557312254
VA608_NB,MD,29769,110P18849,ready,17.162393568840578,0.8900221920289845
VA608_NB,MD,30883,110+18851,ready,12.320506834650857,0.8067133563899866
VA608_NB,MD,30806,110+18852,ready,11.77589262187088,0.3286870882740442
VA608_NB,MD,33323,110+18853,ready,2.59302536231884,0.590510869565219
VA608_NB,MD,32312,110+18854,ready,5.405855360671938,0.38283485671936734
VA608_NB,MD,30780,110+18855,ready,6.147000988142293,0.6348059947299083
VA608_NB,MD,32098,110+18856,ready,11.585764986824769,2.6052350131752307
VA608_NB,MD,33376,110+18857,ready,6.5301358695652185,1.8047807971014482
VA608_NB,MD,33234,110+18858,ready,9.92254199604743,2.5710141633728583
VA608_NB,MD,33220,110+18859,ready,7.817921195652173,2.6547454710144933
VA608_NB,MD,30839,110+18860,ready,10.772507411067195,1.2160971343873517
VA608_NB,PM,29769,110P18849,ready,0.5735180098711112,10.277774676773749
VA608_NB,PM,30883,110+18851,ready,1.2986459156665977,4.2670467769016724
VA608_NB,PM,30806,110+18852,ready,1.2680941570432456,2.1422417203308797
VA608_NB,PM,33323,110+18853,ready,3.884313858695651,1.281767663043479
VA608_NB,PM,32312,110+18854,ready,5.656104249011856,0.3163866106719375
VA608_NB,PM,30780,110+18855,ready,6.665815217391305,0.36468206521739166
VA608_NB,PM,32098,110+18856,ready,13.017808485671937,1.7999497900197614
VA608_NB,PM,33376,110+18857,ready,8.192150047642574,0.5261337432947493
VA608_NB,PM,33234,110+18858,ready,0.939615668900343,2.7925759886876262
VA608_NB,PM,33220,110+18859,ready,0.3606591004417037,3.529279075543718
VA608_NB,PM,30839,110+18860,ready,0.49959697127460956,2.049896895948058
VA608_SB,AM,30820,110-18859,ready,8.584148550724636,1.1356992753623174
VA608_SB,AM,33223,110-18858,ready,7.178614953886693,1.334564229249012
VA608_SB,AM,30844,110-18857,ready,12.893782114624505,1.6535755928853764
VA608_SB,AM,32125,110-18856,ready,2.971908632379358,3.1196110819120775
VA608_SB,AM,30762,110-18855,ready,8.319492753623187,1.1954094202898549
VA608_SB,AM,33287,110-18854,ready,5.657477766798419,1.3558944334650853
VA608_SB,AM,32128,110-18853,ready,5.978955039525691,1.1782429183135712
VA608_SB,AM,33291,110-18852,ready,2.1087318840579705,0.8061258234519096
VA608_SB,AM,33322,110N18852,ready,3.681554677206851,0.957101778656126
VA608_SB,AM,35628,110-18851,ready,9.861286231884058,0.6966992753623211
VA608_SB,AM,35625,110N18851,ready,12.672688570487482,1.3894020092226615
VA608_SB,AM,35570,110-18850,ready,7.863641304347826,1.0586920289855064
VA608_SB,AM,30882,110N18849,ready,28.58213761842023,0.6161881391555308
VA608_SB,MD,30820,110-18859,ready,6.505570015628822,1.7695237154150203
VA608_SB,MD,33223,110-18858,ready,6.942504940711462,2.486995059288538
VA608_SB,MD,30844,110-18857,ready,12.606394104084321,2.8265443017127807
VA608_SB,MD,32125,110-18856,ready,7.648195816864295,1.1533458498023719
VA608_SB,MD,30762,110-18855,ready,11.3503042458749,1.6869530005019138
VA608_SB,MD,33287,110-18854,ready,7.60317811264822,0.5849468873517788
VA608_SB,MD,32128,110-18853,ready,7.269013916337286,0.2915900032938075
VA608_SB,MD,33291,110-18852,ready,2.8760857213438733,0.6658019598155466
VA608_SB,MD,33322,110N18852,ready,6.735249505928853,0.45730023056653596
VA608_SB,MD,35628,110-18851,ready,13.219307065217393,0.2699085144927535
VA608_SB,MD,35625,110N18851,ready,14.934556571146246,0.5793801877470351
VA608_SB,MD,35570,110-18850,ready,8.966903072224216,0.38235258713618303
VA608_SB,MD,30882,110N18849,ready,29.4421635610766,0.6497323546019199
VA608_SB,PM,30820,110-18859,ready,1.1625583345959132,2.7044280386453616
VA608_SB,PM,33223,110-18858,ready,1.015646493864247,3.6174561842612674
VA608_SB,PM,30844,110-18857,ready,3.3222658413944233,2.8264185462850513
VA608_SB,PM,32125,110-18856,ready,0.9630883373813064,4.258619185919271
VA608_SB,PM,30762,110-18855,ready,2.2676320944380794,1.9560731575945451
VA608_SB,PM,33287,110-18854,ready,10.070683229813666,1.7005403726708077
VA608_SB,PM,32128,110-18853,ready,9.335339673913042,1.319269021739129
VA608_SB,PM,33291,110-18852,ready,6.395775691699604,2.9454006916996045
VA608_SB,PM,33322,110N18852,ready,3.3425870912700826,5.3275358092876735
VA608_SB,PM,35628,110-18851,ready,0.9756777591521881,2.419012785389063
VA608_SB,PM,35625,110N18851,ready,15.84006793478261,0.8858641304347816
VA608_SB,PM,35570,110-18850,ready,8.958507287549407,0.5748007658102763
VA608_SB,PM,30882,110N18849,ready,29.27528447322605,0.6574703263222283
VA610_NB,AM,29518,110+56068,ready,2.70758042380325,1.2343205423803265
VA610_NB,AM,29515,110+56069,ready,4.359523221343874,1.2726925230566533
VA610_NB,MD,29518,110+56068,ready,3.338792819499341,0.6157806324110681
VA610_NB,MD,29515,110+56069,ready,3.706211821775061,1.7935569529284956
VA610_NB,PM,29518,110+56068,ready,2.81853878458498,0.49765933794466255
VA610_NB,PM,29515,110+56069,ready,3.5285495923913044,0.4003112030632412
VA610_SB,AM,29555,110-56068,ready,4.85768462968191,0.4744630975908167
VA610_SB,AM,35325,110-56067,ready,5.651183794466403,0.3974359683794468
VA610_SB,MD,29555,110-56068,ready,4.143366487075727,0.9926600280757887
VA610_SB,MD,35325,110-56067,ready,3.535285600570925,0.44629937966622774
VA610_SB,PM,29555,110-56068,ready,5.068562252964428,0.5845896739130447
VA610_SB,PM,35325,110-56067,ready,3.767763710474308,0.7023778409090919
VA611_NB,AM,35799,110+11465,ready,9.25417021535228,0.829442103488299
VA611_NB,AM,35036,110+10079,ready,12.348360938578331,2.3861585576259494
VA611_NB,AM,29418,110+10093,ready,7.190256093544136,1.166581851119896
VA611_NB,AM,32178,110P10079,ready,18.70021574440053,2.943639986824772
VA611_NB,AM,37469,110+13730,ready,9.828125411725958,0.5854157608695653
VA611_NB,AM,37162,110+11466,ready,10.159884167764604,0.40644115063680175
VA611_NB,AM,29422,110+10094,ready,6.190407098939708,0.49248680908463466
VA611_NB,AM,29295,110+10080,ready,6.1841627846790885,1.6450323498964803
VA611_NB,AM,35988,110+11468,ready,10.870380434782609,0.3637691040843218
VA611_NB,AM,29266,110+10081,ready,2.601812161402391,3.671799511640684
VA611_NB,AM,35020,110+10095,ready,8.405540843214757,0.39793491436100226
VA611_NB,AM,35016,110+10096,ready,8.804101613965743,0.4677518115942032
VA611_NB,AM,29271,110+10082,ready,16.06048913043478,2.0174057971014494
VA611_NB,AM,34808,110+10083,ready,14.706817358366271,1.6779006916996035
VA611_NB,AM,29183,110P10084,ready,12.706357872200265,2.8741760540184464
VA611_NB,AM,32335,110+10084,ready,10.048407483217265,1.7951271801869615
VA611_NB,MD,35799,110+11465,ready,7.670587532938076,1.157211709486167
VA611_NB,MD,35036,110+10079,ready,12.067623929512516,0.56656958168643
VA611_NB,MD,29418,110+10093,ready,9.169575098814228,0.5396528925619845
VA611_NB,MD,32178,110P10079,ready,19.08819705204216,1.498383646245059
VA611_NB,MD,37469,110+13730,ready,10.270053730237157,0.8140712697628448
VA611_NB,MD,37162,110+11466,ready,11.241104660737811,0.8749192193675898
VA611_NB,MD,29422,110+10094,ready,5.7536573616600775,0.68228236166008
VA611_NB,MD,29295,110+10080,ready,7.060575368307582,0.33528611210923454
VA611_NB,MD,35988,110+11468,ready,11.031715881642512,1.3803523001756697
VA611_NB,MD,29266,110+10081,ready,14.026548971861473,4.114284361471863
VA611_NB,MD,35020,110+10095,ready,9.843126058723884,0.9715243035949556
VA611_NB,MD,35016,110+10096,ready,8.493691946640318,0.8380580533596826
VA611_NB,MD,29271,110+10082,ready,16.025572612773697,1.7216194162118075
VA611_NB,MD,34808,110+10083,ready,15.165948577388795,1.4340206255097552
VA611_NB,MD,29183,110P10084,ready,13.85362462944664,1.2725919384057967
VA611_NB,MD,32335,110+10084,ready,10.468395167085879,1.9060732123607613
VA611_NB,PM,35799,110+11465,ready,6.669972826086957,2.4207364130434783
VA611_NB,PM,35036,110+10079,ready,11.511403779644269,0.9284662796442693
VA611_NB,PM,29418,110+10093,ready,8.132265316205533,0.6719819664031625
VA611_NB,PM,32178,110P10079,ready,2.715678511024565,3.7010367343656627
VA611_NB,PM,37469,110+13730,ready,10.017734066205534,0.6282911314229254
VA611_NB,PM,37162,110+11466,ready,10.942087391774892,0.3783787643515897
VA611_NB,PM,29422,110+10094,ready,1.9115083582381596,3.438978475057297
VA611_NB,PM,29295,110+10080,ready,8.405253829051384,0.9274549160079051
VA611_NB,PM,35988,110+11468,ready,11.354029150197627,0.5752606225296426
VA611_NB,PM,29266,110+10081,ready,0.9775392807304053,4.681212075176187
VA611_NB,PM,35020,110+10095,ready,0.7015464106407647,3.491658846103113
VA611_NB,PM,35016,110+10096,ready,9.059642416007906,0.4011374752964425
VA611_NB,PM,29271,110+10082,ready,1.0813364333686333,3.415079462930884
VA611_NB,PM,34808,110+10083,ready,1.2260354708446068,2.4677858070870657
VA611_NB,PM,29183,110P10084,ready,1.4362090995470664,3.4382822617732742
VA611_NB,PM,32335,110+10084,ready,1.946450249663137,3.031771463453837
VA611_SB,AM,34829,110-10083,ready,7.293478260869565,2.2628949275362307
VA611_SB,AM,35035,110-10096,ready,12.8494384057971,1.4958224637681152
VA611_SB,AM,31668,110N10084,ready,12.313940711462452,2.3867407114624513
VA611_SB,AM,35981,110-11466,ready,9.40335144927536,0.2872355072463755
VA611_SB,AM,29237,110-10082,ready,13.412106625258799,0.8366143892339529
VA611_SB,AM,35989,110-13730,ready,10.828385210803688,0.4043960803689058
VA611_SB,AM,35014,110-10095,ready,0.4432166826228065,5.540890608597441
VA611_SB,AM,37165,110-11465,ready,10.183360507246375,0.5323565546772056
VA611_SB,AM,35017,110-10094,ready,11.7447665513834,0.8710883563899866
VA611_SB,AM,29355,110-10081,ready,15.44279109025033,1.490041090250329
VA611_SB,AM,35990,110-11464,ready,12.308036314229248,1.4562102272727262
VA611_SB,AM,29339,110-10093,ready,5.4089624505928855,0.8091897233201587
VA611_SB,AM,29458,110-10080,ready,12.758804347826086,1.0630043478260844
VA611_SB,AM,29423,110N10093,ready,1.3283337450592878,1.4154170783926219
VA611_SB,AM,29420,110N10092,ready,0.3830755009954448,9.87658605591215
VA611_SB,AM,29424,110-10092,ready,11.109984354413703,1.4464952239789184
VA611_SB,AM,29276,110-10079,ready,4.27810523715415,0.3922429183135705
VA611_SB,MD,34829,110-10083,ready,8.004428524374175,1.663066040843215
VA611_SB,MD,35035,110-10096,ready,13.090297736683604,0.835701314386097
VA611_SB,MD,31668,110N10084,ready,15.882099390645587,1.2595745223978918
VA611_SB,MD,35981,110-11466,ready,9.268928689064557,0.3868107707509889
VA611_SB,MD,29237,110-10082,ready,14.944518927630341,0.4147674689440987
VA611_SB,MD,35989,110-13730,ready,10.93516242588933,0.6163049654150212
VA611_SB,MD,35014,110-10095,ready,8.865685582533409,0.752856084133258
VA611_SB,MD,37165,110-11465,ready,10.003589221014492,0.7930502717391311
VA611_SB,MD,35017,110-10094,ready,11.503843873517786,0.8161857707509892
VA611_SB,MD,29355,110-10081,ready,16.08506175889328,0.9624306653491438
VA611_SB,MD,35990,110-11464,ready,9.281530615300376,1.5950602937905316
VA611_SB,MD,29339,110-10093,ready,5.574523476221844,0.42737883101198343
VA611_SB,MD,29458,110-10080,ready,14.13682847496706,2.402671525032938
VA611_SB,MD,29423,110N10093,ready,1.227368041831357,1.009469244071146
VA611_SB,MD,29420,110N10092,ready,15.034724555335968,1.5799837779973653
VA611_SB,MD,29424,110-10092,ready,10.084590332674571,1.360118000658762
VA611_SB,MD,29276,110-10079,ready,5.3398579545454545,0.4101927700922274
VA611_SB,PM,34829,110-10083,ready,0.8700333994792304,3.7684983558914276
VA611_SB,PM,35035,110-10096,ready,1.0209964582771247,3.5939501270445797
VA611_SB,PM,31668,110N10084,ready,16.294748950098814,0.9950943058300383
VA611_SB,PM,35981,110-11466,ready,9.547307312252963,0.44493774703557465
VA611_SB,PM,29237,110-10082,ready,1.2657158992597453,3.5239155133398734
VA611_SB,PM,35989,110-13730,ready,10.935145750988143,0.5800543478260871
VA611_SB,PM,35014,110-10095,ready,0.6287225053344694,1.6488678974454747
VA611_SB,PM,37165,110-11465,ready,9.447262537055334,0.5355670083992092
VA611_SB,PM,35017,110-10094,ready,0.7668707641530783,4.26974775291349
VA611_SB,PM,29355,110-10081,ready,0.9806146296116576,2.854105601136596
VA611_SB,PM,35990,110-11464,ready,10.17602087450593,1.6149667737154143
VA611_SB,PM,29339,110-10093,ready,4.478527516737921,0.46243211059127226
VA611_SB,PM,29458,110-10080,ready,16.222100508187463,0.7522659514398643
VA611_SB,PM,29423,110N10093,ready,2.6195380434782596,0.5114239130434783
VA611_SB,PM,29420,110N10092,ready,4.748575122342249,8.416571531774652
VA611_SB,PM,29424,110-10092,ready,8.632782855731225,1.2580978260869569
VA611_SB,PM,29276,110-10079,ready,7.048197346132129,0.9707687747035578
VA612_EB,AM,3831,110+56062,ready,7.001291172595521,0.43478129117259484
VA612_EB,AM,35317,110P56061,ready,20.059577216261996,0.7324938829286666
VA612_EB,AM,38352,110+56059,ready,1.0628342009557905,2.8920519397472098
VA612_EB,MD,3831,110+56062,ready,7.082726598993892,1.24409158282429
VA612_EB,MD,35317,110P56061,ready,19.540757040513835,0.4882059041501983
VA612_EB,MD,38352,110+56059,ready,14.600454447424553,0.9677176540247198
VA612_EB,PM,3831,110+56062,ready,0.9620586406111264,10.983194431389759
VA612_EB,PM,35317,110P56061,ready,19.686031197063805,0.3125806041784297
VA612_EB,PM,38352,110+56059,ready,16.379823369565216,1.144798913043478
VA612_WB,AM,39853,110-56058,ready,16.008843050065877,0.5381437747035562
VA612_WB,AM,35321,110-56061,ready,1.803981194042997,6.234986048516798
VA612_WB,MD,39853,110-56058,ready,17.00268486495389,1.4118404973649543
VA612_WB,MD,35321,110-56061,ready,7.808254281949934,0.9547783267457187
VA612_WB,PM,39853,110-56058,ready,2.1161252620978126,3.4730200567148377
VA612_WB,PM,35321,110-56061,ready,1.0223592093729525,4.422763473268789
VA613_NB,AM,34980,110P59111,ready,2.21937275485504,9.247118731247433
VA613_NB,AM,34814,110+11027,ready,16.761721014492753,1.6895833333333334
VA613_NB,AM,34931,110+59112,ready,8.484981060606062,0.6772435770750981
VA613_NB,AM,29921,110P11027,ready,17.155887681159424,0.9875507246376799
VA613_NB,AM,35796,110+52245,ready,18.070543478260866,1.957743478260868
VA613_NB,AM,34764,110+59113,ready,2.614379472912347,3.015766042375917
VA613_NB,MD,34980,110P59111,ready,20.573049991016884,2.465626527128997
VA613_NB,MD,34814,110+11027,ready,17.87555109519104,0.5237967308959165
VA613_NB,MD,34931,110+59112,ready,8.796363224637682,0.8981530797101449
VA613_NB,MD,29921,110P11027,ready,21.555187335309615,1.337770668642951
VA613_NB,MD,35796,110+52245,ready,20.518584897891966,1.5308312747035568
VA613_NB,MD,34764,110+59113,ready,10.94831727602108,0.72788199934124
VA613_NB,PM,34980,110P59111,ready,19.129085350790515,1.4404880187747033
VA613_NB,PM,34814,110+11027,ready,1.0433393717149948,3.097401818917255
VA613_NB,PM,34931,110+59112,ready,0.6698446433958081,6.739887900076626
VA613_NB,PM,29921,110P11027,ready,1.5371198885242896,3.5182377172097725
VA613_NB,PM,35796,110+52245,ready,2.6108508160182335,3.3010309076016537
VA613_NB,PM,34764,110+59113,ready,11.360758516845474,0.4953610013175224
VA613_SB,AM,34752,110-59112,ready,10.120652173913044,0.44752536231884044
VA613_SB,AM,29220,110-59111,ready,7.614202898550723,0.5123659420289854
VA613_SB,AM,29036,110N59111,ready,32.44084782608696,0.874398023715415
VA613_SB,AM,31672,110-11027,ready,15.047717391304346,0.5667246376811601
VA613_SB,AM,29922,110-11026,ready,17.492101449275363,0.8799202898550726
VA613_SB,MD,34752,110-59112,ready,11.068567605401844,0.5930175395256908
VA613_SB,MD,29220,110-59111,ready,9.122329878756508,0.44257196577577035
VA613_SB,MD,29036,110N59111,ready,30.00206312133189,1.7162125104802974
VA613_SB,MD,31672,110-11027,ready,0.6002030173378148,4.371148879782677
VA613_SB,MD,29922,110-11026,ready,19.267630255120373,2.2345792310456343
VA613_SB,PM,34752,110-59112,ready,1.4158928824474326,4.896765221336484
VA613_SB,PM,29220,110-59111,ready,0.8264302288412713,6.4257379045267164
VA613_SB,PM,29036,110N59111,ready,27.4000790602061,1.4178584397939016
VA613_SB,PM,31672,110-11027,ready,16.942506484683793,0.5976887969367586
VA613_SB,PM,29922,110-11026,ready,1.391761678098602,4.285653101680701
VA617_NB,AM,29357,110P52355,ready,14.451525962262371,1.533066146715603
VA617_NB,AM,34949,110+52356,ready,5.183866930171278,1.895569828722002
VA617_NB,AM,29947,110+52357,ready,12.745106107660455,1.1887210615471497
VA617_NB,AM,29892,110+52358,ready,3.885019828298537,5.739968053901992
VA617_NB,AM,28751,110+52359,ready,22.82146630434783,2.625827173913044
VA617_NB,AM,28764,110+52360,ready,19.102758563899872,0.6622509881422927
VA617_NB,AM,34424,110P52360,ready,27.379960082188337,0.8099131062174539
VA617_NB,MD,29357,110P52355,ready,15.474055324204778,1.860962791737249
VA617_NB,MD,34949,110+52356,ready,4.746116394927536,1.3573491847826082
VA617_NB,MD,29947,110+52357,ready,0.8348070748728342,3.060509145226666
VA617_NB,MD,29892,110+52358,ready,17.120584239130434,1.4308885869565222
VA617_NB,MD,28751,110+52359,ready,23.27660161396574,2.0524617918313575
VA617_NB,MD,28764,110+52360,ready,19.531490859683796,0.8705732048748366
VA617_NB,MD,34424,110P52360,ready,25.30196589340611,0.4493632912980739
VA617_NB,PM,29357,110P52355,ready,16.215533596837943,0.8546640316205543
VA617_NB,PM,34949,110+52356,ready,6.012024456521739,0.783858695652174
VA617_NB,PM,29947,110+52357,ready,16.324005064229247,0.6634507164031613
VA617_NB,PM,29892,110+52358,ready,19.172475914031622,1.5591009140316199
VA617_NB,PM,28751,110+52359,ready,2.3378929523642737,5.293437449791046
VA617_NB,PM,28764,110+52360,ready,0.990232391993505,4.395842014748376
VA617_NB,PM,34424,110P52360,ready,25.811197299077733,0.28441956521739137
VA617_SB,AM,28821,110N52360,ready,27.19390288757137,0.9879381313131314
VA617_SB,AM,28850,110-52359,ready,15.917730566534914,0.6250085638998687
VA617_SB,AM,28763,110-52358,ready,17.714945652173913,0.7295869565217391
VA617_SB,AM,35170,110-52357,ready,12.46841183574879,0.5985881642512089
VA617_SB,AM,35183,110-52356,ready,10.916346343873519,0.510570981554678
VA617_SB,AM,29105,110-52355,ready,4.497596343873518,0.6531355401844525
VA617_SB,AM,29032,110N52355,ready,4.344215636349525,10.853173877077644
VA617_SB,MD,28821,110N52360,ready,27.019495598275242,0.456203826805606
VA617_SB,MD,28850,110-52359,ready,17.436522131250396,0.911398652675826
VA617_SB,MD,28763,110-52358,ready,18.192015398550726,2.149651268115942
VA617_SB,MD,35170,110-52357,ready,14.516458333333333,0.5181902173913047
VA617_SB,MD,35183,110-52356,ready,14.07394639328063,0.5546369400527017
VA617_SB,MD,29105,110-52355,ready,4.412258512924272,1.0068538059163075
VA617_SB,MD,29032,110N52355,ready,19.174840662055335,1.0496593379446646
VA617_SB,PM,28821,110N52360,ready,1.0324236977667005,12.223358353946558
VA617_SB,PM,28850,110-52359,ready,1.3795244844706827,4.122786431214742
VA617_SB,PM,28763,110-52358,ready,1.2561545835077197,4.7065207442347585
VA617_SB,PM,35170,110-52357,ready,0.9379878805085734,2.5573829678027016
VA617_SB,PM,35183,110-52356,ready,1.5223370036295707,3.043357191008119
VA617_SB,PM,29105,110-52355,ready,5.8928544960474305,0.789360177865611
VA617_SB,PM,29032,110N52355,ready,0.5802842331255249,3.8064597793953157
VA619_EB,AM,38555,110+18118,ready,19.69142580698287,2.718317111330696
VA619_EB,AM,40466,110P18118,ready,31.15337121212121,1.430537878787878
VA619_EB,AM,38992,110P18119,ready,2.9425494071146248,0.5753237812911743
VA619_EB,AM,38988,110+18120,ready,6.866277173913045,1.131139492753625
VA619_EB,MD,38555,110+18118,ready,19.999871423865986,0.47165531871510247
VA619_EB,MD,40466,110P18118,ready,30.935250329380764,0.6685709815546771
VA619_EB,MD,38992,110P18119,ready,4.15329814947898,0.8311360941430114
VA619_EB,MD,38988,110+18120,ready,5.606315464426878,0.5640514657444013
VA619_EB,PM,38555,110+18118,ready,22.683837080039524,1.6730870800395237
VA619_EB,PM,40466,110P18118,ready,33.58784514398645,2.0167989483342743
VA619_EB,PM,38992,110P18119,ready,3.132518792348956,0.44696218591191395
VA619_EB,PM,38988,110+18120,ready,5.641562499999999,0.4582282608695665
VA619_NB,AM,39527,110+13238,ready,6.180220449840014,0.928779550159985
VA619_NB,AM,38321,110P13237,ready,30.01511775362319,1.1349329710144935
VA619_NB,AM,39640,110+13239,ready,4.553743324157727,1.1992050454074896
VA619_NB,AM,39736,110+13240,ready,0.6522900197628451,0.9311266469038214
VA619_NB,AM,38957,110+57955,ready,13.890090579710142,1.7494746376811594
VA619_NB,AM,39356,110+57953,ready,6.48529195113187,0.7468097376931359
VA619_NB,AM,40350,110P57955,ready,23.44012747035573,0.65307252964427
VA619_NB,AM,39383,110+57954,ready,6.497367424242426,2.451766633728589
VA619_NB,AM,38608,110+57952,ready,13.248403326745722,2.779751152832675
VA619_NB,AM,40724,110+57951,ready,6.9321900095677265,0.8156501544952638
VA619_NB,MD,39527,110+13238,ready,5.587663043478261,0.3110815217391301
VA619_NB,MD,38321,110P13237,ready,26.14767610107284,1.0168159937888201
VA619_NB,MD,39640,110+13239,ready,4.120595131153432,1.0787309558030875
VA619_NB,MD,39736,110+13240,ready,0.2943572957839257,0.3917975131752313
VA619_NB,MD,38957,110+57955,ready,20.59521533267457,0.9110165513833982
VA619_NB,MD,39356,110+57953,ready,5.7303441312940375,1.8066123904450933
VA619_NB,MD,40350,110P57955,ready,25.933959774374177,0.8795238389328066
VA619_NB,MD,39383,110+57954,ready,9.31942957240388,1.7312522457779365
VA619_NB,MD,38608,110+57952,ready,12.089538043478262,1.5671213768115946
VA619_NB,MD,40724,110+57951,ready,6.969579421936758,2.322043766469039
VA619_NB,PM,39527,110+13238,ready,5.427270256916998,0.2411526679841871
VA619_NB,PM,38321,110P13237,ready,26.84008328627894,2.3759788255223038
VA619_NB,PM,39640,110+13239,ready,4.292577816205536,0.5104011857707529
VA619_NB,PM,39736,110+13240,ready,0.3097313488142297,0.36844849308300365
VA619_NB,PM,38957,110+57955,ready,1.0021541279129669,7.411339607567153
VA619_NB,PM,39356,110+57953,ready,8.219607213438735,1.600675148221343
VA619_NB,PM,40350,110P57955,ready,1.552958700293332,13.830922146133771
VA619_NB,PM,39383,110+57954,ready,12.068110177865613,2.746183547430829
VA619_NB,PM,38608,110+57952,ready,1.501009286260837,1.2725523020798821
VA619_NB,PM,40724,110+57951,ready,6.52863777526821,0.7075081874647111
VA619_SB,AM,38625,110N57955,ready,21.6030377140975,0.4588835638998689
VA619_SB,AM,39355,110N57951,ready,19.67290925559947,1.277409255599473
VA619_SB,AM,40351,110-57954,ready,14.96075,0.9314760869565237
VA619_SB,AM,39353,110-57952,ready,5.884727437417652,1.7690354084321462
VA619_SB,AM,39386,110-57953,ready,7.772980072463766,1.1774329710144915
VA619_SB,AM,39625,110-13240,ready,7.21818917043102,0.5344019033502742
VA619_SB,AM,38587,110-13239,ready,0.9451955110107294,0.6954965179747798
VA619_SB,AM,38594,110-13238,ready,3.7847766798418983,1.052011462450595
VA619_SB,AM,39500,110N13237,ready,1.0154923388609505,23.74258539807961
VA619_SB,AM,6032,110-13237,ready,5.885965415019764,1.6184345849802355
VA619_SB,MD,38625,110N57955,ready,25.523727355072463,0.7268414855072463
VA619_SB,MD,39355,110N57951,ready,19.734440758516843,1.1995230095990976
VA619_SB,MD,40351,110-57954,ready,1.0962245329350153,2.172502853572996
VA619_SB,MD,39353,110-57952,ready,5.457109683794466,1.4709935770750986
VA619_SB,MD,39386,110-57953,ready,6.284553453792586,3.166326980990023
VA619_SB,MD,39625,110-13240,ready,8.726889410408432,2.1134855895915674
VA619_SB,MD,38587,110-13239,ready,0.31673913043478513,0.36901086956521806
VA619_SB,MD,38594,110-13238,ready,3.17267490510697,0.47550625431331905
VA619_SB,MD,39500,110N13237,ready,27.6005863859872,0.7980386140127985
VA619_SB,MD,6032,110-13237,ready,5.0319629329004325,0.4812794913419909
VA619_SB,PM,38625,110N57955,ready,1.7880745165989085,10.324491044465407
VA619_SB,PM,39355,110N57951,ready,1.024194283639733,4.830351045941414
VA619_SB,PM,40351,110-57954,ready,17.758653832580464,1.0153564017504244
VA619_SB,PM,39353,110-57952,ready,9.410697463768116,1.8269653209109733
VA619_SB,PM,39386,110-57953,ready,9.130883769762844,2.534201704545453
VA619_SB,PM,39625,110-13240,ready,11.289205780632411,1.6721595849802378
VA619_SB,PM,38587,110-13239,ready,0.9169521986165989,1.001838562252964
VA619_SB,PM,38594,110-13238,ready,3.183445758046303,0.6423946334462651
VA619_SB,PM,39500,110N13237,ready,27.346220620412197,1.5548894986354225
VA619_SB,PM,6032,110-13237,ready,3.8536728013833983,0.4127130681818194
VA619_WB,AM,38523,110-18119,ready,0.9052091567852442,0.8306837944664043
VA619_WB,AM,38322,110N18118,ready,36.8301644825585,2.6006446412886635
VA619_WB,AM,40467,110-18117,ready,18.451530797101448,1.544773550724636
VA619_WB,MD,38523,110-18119,ready,1.369562747035573,0.4646913702239779
VA619_WB,MD,38322,110N18118,ready,34.27386606750738,1.5940912776836689
VA619_WB,MD,40467,110-18117,ready,18.98137767425811,0.762330659075225
VA619_WB,PM,38523,110-18119,ready,2.286011610671937,0.7249871541501975
VA619_WB,PM,38322,110N18118,ready,2.2658469985236613,13.0326206033523
VA619_WB,PM,40467,110-18117,ready,20.961290760869566,0.8952771739130423
VA620_EB,AM,30867,110+58167,ready,20.628121541501976,1.989961462450592
VA620_EB,AM,31122,110P58168,ready,13.378969861660082,2.0483031949934136
VA620_EB,AM,38040,110+58163,ready,0.9677651515151524,0.728496706192359
VA620_EB,AM,30873,110+58168,ready,12.915609354413704,1.9876926877470347
VA620_EB,AM,36573,110+58165,ready,10.701778656126484,3.108501317523056
VA620_EB,AM,37771,110+58164,ready,10.63917490118577,4.219190052700923
VA620_EB,AM,31664,110+58166,ready,3.4429493414169015,3.624352132572824
VA620_EB,AM,29692,110+13721,ready,7.346521739130435,2.6406050724637695
VA620_EB,AM,35377,110+13722,ready,5.301360342555993,1.2681683135704855
VA620_EB,AM,29688,110+10954,ready,12.483541501976283,0.9065284584980233
VA620_EB,AM,35383,110P10954,ready,16.10741847826087,1.0352626811594192
VA620_EB,AM,35401,110+13723,ready,2.577457180500659,1.6801238471673259
VA620_EB,AM,29682,110+10955,ready,9.774825428194994,1.602394268774704
VA620_EB,AM,34535,110+13724,ready,10.64631875823452,1.255839673913045
VA620_EB,AM,34537,110+13725,ready,6.773677673473867,1.011815354633289
VA620_EB,AM,29627,110+10956,ready,1.2937074187593527,1.7486633541653533
VA620_EB,AM,34489,110+13726,ready,1.5493201916014265,2.7204737664916503
VA620_EB,AM,34207,110+10957,ready,12.149123517786562,3.083698221343873
VA620_EB,AM,32993,110P10957,ready,10.99693280632411,1.459798418972332
VA620_EB,AM,28762,110+10958,ready,1.5144088969924518,1.60751452121668
VA620_EB,AM,28769,110+10959,ready,16.555437252964428,2.115353919631094
VA620_EB,AM,28776,110+10960,ready,22.777021739130433,1.036621739130434
VA620_EB,MD,30867,110+58167,ready,20.312910079051385,2.1221587615283277
VA620_EB,MD,31122,110P58168,ready,14.52089282773386,0.9589115200922271
VA620_EB,MD,38040,110+58163,ready,0.5626358695652168,1.3998534255599473
VA620_EB,MD,30873,110+58168,ready,12.527316566283957,0.5919963454419973
VA620_EB,MD,36573,110+58165,ready,9.183818758234521,3.354676301054018
VA620_EB,MD,37771,110+58164,ready,6.918088356389987,3.1274116436100137
VA620_EB,MD,31664,110+58166,ready,14.418247282608695,1.9828614130434783
VA620_EB,MD,29692,110+13721,ready,4.9864731554677215,0.9439090909090894
VA620_EB,MD,35377,110+13722,ready,5.5594610507246385,0.9523686594202889
VA620_EB,MD,29688,110+10954,ready,16.009191781949934,1.6791922760210802
VA620_EB,MD,35383,110P10954,ready,16.588976037549404,1.3737576581027673
VA620_EB,MD,35401,110+13723,ready,2.096924858052575,1.0636186202082947
VA620_EB,MD,29682,110+10955,ready,10.812763916337284,3.6663610836627143
VA620_EB,MD,34535,110+13724,ready,14.507540760869565,0.6384915184453233
VA620_EB,MD,34537,110+13725,ready,6.959036737718802,2.795914019856955
VA620_EB,MD,29627,110+10956,ready,13.768190801293569,2.5487499101688815
VA620_EB,MD,34489,110+13726,ready,11.83040937323546,5.578507293431206
VA620_EB,MD,34207,110+10957,ready,13.218711709486165,1.1824725790513815
VA620_EB,MD,32993,110P10957,ready,11.946124706979452,0.3773215740122844
VA620_EB,MD,28762,110+10958,ready,11.199134767708136,1.0864485656251963
VA620_EB,MD,28769,110+10959,ready,15.599887814480207,0.6436719681284901
VA620_EB,MD,28776,110+10960,ready,21.98341198279378,1.5089177273511505
VA620_EB,PM,30867,110+58167,ready,22.96616847826087,1.4455461956521738
VA620_EB,PM,31122,110P58168,ready,19.109957386363636,2.796457386363636
VA620_EB,PM,38040,110+58163,ready,1.022894330533597,0.2255947999011858
VA620_EB,PM,30873,110+58168,ready,0.4155664875534961,3.0079100707436837
VA620_EB,PM,36573,110+58165,ready,2.282776945037019,3.0049300322979633
VA620_EB,PM,37771,110+58164,ready,11.203620615118576,1.4154331151185757
VA620_EB,PM,31664,110+58166,ready,0.3532725349165926,2.9162655561294812
VA620_EB,PM,29692,110+13721,ready,7.12868741765481,0.9558540843214759
VA620_EB,PM,35377,110+13722,ready,6.389199604743084,0.5977045454545449
VA620_EB,PM,29688,110+10954,ready,15.122626429277245,0.6539928889045727
VA620_EB,PM,35383,110P10954,ready,17.8543584133258,0.6858801524562388
VA620_EB,PM,35401,110+13723,ready,3.1741034961415395,0.6165155514775074
VA620_EB,PM,29682,110+10955,ready,2.069157312840228,2.635613436552246
VA620_EB,PM,34535,110+13724,ready,1.281025922410818,2.7333244030827855
VA620_EB,PM,34537,110+13725,ready,11.239193428853756,0.9364520750988143
VA620_EB,PM,29627,110+10956,ready,0.6616607721745259,2.2683670848327027
VA620_EB,PM,34489,110+13726,ready,18.648593132411065,1.674582262845849
VA620_EB,PM,34207,110+10957,ready,13.960402315076228,1.0208805759457928
VA620_EB,PM,32993,110P10957,ready,13.64733695652174,0.9486086956521731
VA620_EB,PM,28762,110+10958,ready,15.762074392998306,2.091475014116319
VA620_EB,PM,28769,110+10959,ready,17.207266242588933,0.8817254817193678
VA620_EB,PM,28776,110+10960,ready,23.619384263833993,0.7042864377470355
VA620_WB,AM,34334,110-10959,ready,20.697181324110673,0.5071813241106723
VA620_WB,AM,34345,110-10958,ready,0.4454907528640216,4.292960488750492
VA620_WB,AM,34203,110-10957,ready,13.762277432712215,1.1097412008281573
VA620_WB,AM,32991,110N10957,ready,2.2900818885191225,1.0168923392885334
VA620_WB,AM,31576,110-13726,ready,5.617560523715416,0.6181000494071144
VA620_WB,AM,28755,110-10956,ready,12.07816946640316,2.9687527997364955
VA620_WB,AM,29630,110-13725,ready,13.675696640316207,2.2820401185770747
VA620_WB,AM,29628,110-13724,ready,7.120785416274546,1.2616335717422664
VA620_WB,AM,34680,110-10955,ready,13.203871831670746,0.48102737781542054
VA620_WB,AM,35392,110-13723,ready,4.49794466403162,0.8634185770750967
VA620_WB,AM,29684,110-10954,ready,1.7420108695652168,0.30255072463767974
VA620_WB,AM,29807,110N10954,ready,16.113995388669302,1.2334374176548095
VA620_WB,AM,35382,110-13722,ready,11.957512351778655,2.1891144598155488
VA620_WB,AM,29687,110-13721,ready,3.441909584980239,0.8166236824769418
VA620_WB,AM,30869,110-58166,ready,20.721130434782612,2.959830434782608
VA620_WB,AM,32971,110N58168,ready,9.196841238471674,1.452620223978922
VA620_WB,AM,37286,110-58162,ready,1.743250576416336,0.4299974472990791
VA620_WB,AM,37752,110-58163,ready,10.625634057971014,1.4624420289855073
VA620_WB,AM,35447,110-58167,ready,14.79117012516469,1.709420125164689
VA620_WB,AM,35478,110-58165,ready,14.714950965399334,1.3427009653993347
VA620_WB,AM,37781,110-58164,ready,9.706151185770754,1.083625098814231
VA620_WB,AM,29697,110-13720,ready,3.816895586297758,0.6161515151515159
VA620_WB,MD,34334,110-10959,ready,20.385954174901183,1.1135222743741764
VA620_WB,MD,34345,110-10958,ready,14.834981884057973,1.4905597826086954
VA620_WB,MD,34203,110-10957,ready,11.481836709486167,2.866241189064558
VA620_WB,MD,32991,110N10957,ready,13.771913702239791,0.8634436758893286
VA620_WB,MD,31576,110-13726,ready,5.1681411696011486,1.2980268145885732
VA620_WB,MD,28755,110-10956,ready,10.185766672940586,5.103066660392748
VA620_WB,MD,29630,110-13725,ready,13.592936579231047,3.325739310097018
VA620_WB,MD,29628,110-13724,ready,7.095272150856389,1.5803421442687753
VA620_WB,MD,34680,110-10955,ready,16.5088648715415,4.548760128458498
VA620_WB,MD,35392,110-13723,ready,9.956108777997365,1.744420701581028
VA620_WB,MD,29684,110-10954,ready,2.9537590579710127,0.5061358695652179
VA620_WB,MD,29807,110N10954,ready,17.93719277757815,1.0829119655048507
VA620_WB,MD,35382,110-13722,ready,13.403343420619235,2.536508769762846
VA620_WB,MD,29687,110-13721,ready,3.8329640151515156,0.9830465250329364
VA620_WB,MD,30869,110-58166,ready,20.432250239193177,1.5051100876780221
VA620_WB,MD,32971,110N58168,ready,8.95862648221344,1.3357835968379452
VA620_WB,MD,37286,110-58162,ready,0.8022433280789274,1.5234444150354471
VA620_WB,MD,37752,110-58163,ready,8.249619771080368,2.420425518774703
VA620_WB,MD,35447,110-58167,ready,14.302900570142418,1.1366973735805255
VA620_WB,MD,35478,110-58165,ready,15.356441019276616,0.952523168407679
VA620_WB,MD,37781,110-58164,ready,9.663344187926699,0.9127743891484014
VA620_WB,MD,29697,110-13720,ready,5.3767097018319845,0.9670439213564208
VA620_WB,PM,34334,110-10959,ready,22.753029891304347,1.166540760869565
VA620_WB,PM,34345,110-10958,ready,0.8388242220877833,2.8388734403868527
VA620_WB,PM,34203,110-10957,ready,13.743736413043477,1.2430923913043481
VA620_WB,PM,32991,110N10957,ready,0.7147145690499086,4.921258000117413
VA620_WB,PM,31576,110-13726,ready,9.863200654644267,3.1862385746047406
VA620_WB,PM,28755,110-10956,ready,0.9304917702144215,2.678964495260793
VA620_WB,PM,29630,110-13725,ready,0.8672385175043966,3.580479172534253
VA620_WB,PM,29628,110-13724,ready,8.72095726284585,0.7262915019762834
VA620_WB,PM,34680,110-10955,ready,1.8131140686748222,3.431386365021317
VA620_WB,PM,35392,110-13723,ready,2.1351647515454357,2.7771845945342752
VA620_WB,PM,29684,110-10954,ready,4.20414116906644,0.36938131117071293
VA620_WB,PM,29807,110N10954,ready,1.7669383223390995,3.243470879186462
VA620_WB,PM,35382,110-13722,ready,17.866846716947652,3.6812038598047923
VA620_WB,PM,29687,110-13721,ready,5.974484754376057,1.9010561829474868
VA620_WB,PM,30869,110-58166,ready,21.797785326086956,0.40457880434782556
VA620_WB,PM,32971,110N58168,ready,0.8340702243457772,3.9424830568967315
VA620_WB,PM,37286,110-58162,ready,1.6540527950310566,0.5952515527950324
VA620_WB,PM,37752,110-58163,ready,10.890122282608695,0.3990679347826078
VA620_WB,PM,35447,110-58167,ready,0.5495971354434901,2.8262387539764937
VA620_WB,PM,35478,110-58165,ready,2.3425444547350502,2.6111351728782948
VA620_WB,PM,37781,110-58164,ready,12.353216403162055,1.6865921795595722
VA620_WB,PM,29697,110-13720,ready,7.917207792207792,0.6775064935064934
VA623_NB,AM,34847,110+56096,ready,3.936912719343624,6.143225747184431
VA623_NB,MD,34847,110+56096,ready,11.946910122014094,5.007176834507646
VA623_NB,PM,34847,110+56096,ready,13.516071208003952,0.5781035696640315
VA623_SB,AM,29127,110-56095,ready,11.478521739130432,0.6181565217391298
VA623_SB,MD,29127,110-56095,ready,11.741097249670618,3.1999933300395256
VA623_SB,PM,29127,110-56095,ready,2.574235607872096,4.30574719152725
VA625_EB,AM,36760,110P11484,ready,4.646460803689063,1.0479917654808955
VA625_EB,AM,36159,110+11484,ready,7.770673913043477,1.0641533596837953
VA625_EB,AM,36299,110+58058,ready,3.205955204216073,2.2813863636363636
VA625_EB,AM,36003,110+58057,ready,1.7360960144927529,2.394364130434784
VA625_EB,AM,37386,110+58056,ready,2.415803982684808,6.127225759065085
VA625_EB,AM,35948,110+11485,ready,17.001603260869565,2.2681865942028967
VA625_EB,AM,35891,110+11486,ready,2.373922114100492,6.801627769161591
VA625_EB,AM,35900,110P11486,ready,1.6716561586254635,11.510013891603649
VA625_EB,MD,36760,110P11484,ready,6.271275566221216,0.9791559382646357
VA625_EB,MD,36159,110+11484,ready,3.826628787878788,1.4839074440052695
VA625_EB,MD,36299,110+58058,ready,4.349199848202208,7.944976439575458
VA625_EB,MD,36003,110+58057,ready,1.949326828063242,0.97514237483531
VA625_EB,MD,37386,110+58056,ready,1.116703722002635,1.1860625823451907
VA625_EB,MD,35948,110+11485,ready,17.28302824440053,0.8798811758893281
VA625_EB,MD,35891,110+11486,ready,21.89507452239789,2.0897171442687745
VA625_EB,MD,35900,110P11486,ready,19.255360671936756,0.590872529644269
VA625_EB,PM,36760,110P11484,ready,8.581382781620553,1.074260499011857
VA625_EB,PM,36159,110+11484,ready,5.354769021739131,0.5433532608695639
VA625_EB,PM,36299,110+58058,ready,2.9934554100790507,1.3960396492094842
VA625_EB,PM,36003,110+58057,ready,3.762335897797855,2.021585897797855
VA625_EB,PM,37386,110+58056,ready,0.6297943428853761,0.4627437005928843
VA625_EB,PM,35948,110+11485,ready,1.4299799364148236,2.718887798271676
VA625_EB,PM,35891,110+11486,ready,24.712352484472053,0.8643152173913042
VA625_EB,PM,35900,110P11486,ready,19.695473690711463,0.703142168972333
VA625_WB,AM,37835,110N11486,ready,21.933652401342616,0.6406206553108736
VA625_WB,AM,36415,110-11485,ready,20.68729347826087,0.7014456521739124
VA625_WB,AM,36700,110-11484,ready,1.081399279368952,5.884967872114639
VA625_WB,AM,36300,110N58057,ready,0.3741064803845937,2.6537153694494395
VA625_WB,AM,36759,110N58058,ready,2.1867028985507253,0.4209057971014489
VA625_WB,AM,36002,110-58056,ready,2.1250973937646656,6.750704681138931
VA625_WB,AM,36036,110-58055,ready,0.5963722826086967,0.4937164855072466
VA625_WB,AM,37749,110-58057,ready,0.9987137681159428,1.3961811594202895
VA625_WB,AM,36755,110N11484,ready,9.907182971014494,1.7165597826086956
VA625_WB,MD,37835,110N11486,ready,20.60125910698601,1.27253980605747
VA625_WB,MD,36415,110-11485,ready,19.906213297571995,2.537790325616412
VA625_WB,MD,36700,110-11484,ready,17.420305912384716,0.7307393774703548
VA625_WB,MD,36300,110N58057,ready,5.133312747035572,1.8912322134387356
VA625_WB,MD,36759,110N58058,ready,7.4092628046772075,3.065812047101449
VA625_WB,MD,36002,110-58056,ready,2.943595191040844,2.9266457509881416
VA625_WB,MD,36036,110-58055,ready,1.3469964591567856,0.5870315382081678
VA625_WB,MD,37749,110-58057,ready,2.5174862519333217,1.232206478776422
VA625_WB,MD,36755,110N11484,ready,9.306997394897593,0.37967526051023914
VA625_WB,PM,37835,110N11486,ready,21.79701460450781,0.48991012022397884
VA625_WB,PM,36415,110-11485,ready,0.7451535372396092,3.26450322602426
VA625_WB,PM,36700,110-11484,ready,18.434202692687748,0.8285349555335961
VA625_WB,PM,36300,110N58057,ready,2.559327445652173,1.0427975543478265
VA625_WB,PM,36759,110N58058,ready,2.1557451075921104,6.698238115083083
VA625_WB,PM,36002,110-58056,ready,1.0337917313664593,1.6156993400621098
VA625_WB,PM,36036,110-58055,ready,2.1850728754940714,0.7095738636363631
VA625_WB,PM,37749,110-58057,ready,2.62568466943829,11.61767912308073
VA625_WB,PM,36755,110N11484,ready,10.540889945652173,1.2894769021739134
VA626_EB,AM,29107,110+56102,ready,2.2226202278934624,7.2892650217130575
VA626_EB,AM,34837,110+56103,ready,19.01889975061171,2.174081568793525
VA626_EB,AM,29133,110+56104,ready,15.10240118577075,1.3900678524374162
VA626_EB,MD,29107,110+56102,ready,21.351354166666667,1.0780839097496704
VA626_EB,MD,34837,110+56103,ready,20.883108942687745,0.29284543807641644
VA626_EB,MD,29133,110+56104,ready,17.213432971014495,0.49481521739130363
VA626_EB,PM,29107,110+56102,ready,21.1250771986166,0.6225880681818181
VA626_EB,PM,34837,110+56103,ready,1.8953484973655594,6.778463965825301
VA626_EB,PM,29133,110+56104,ready,0.39397169206337224,3.1726768894409005
VA626_WB,AM,29251,110-56103,ready,13.930348814229252,1.1998357707509886
VA626_WB,AM,29134,110-56102,ready,17.436947463768117,0.9997119565217382
VA626_WB,AM,34836,110-56101,ready,18.79299555335968,1.2203228260869565
VA626_WB,MD,29251,110-56103,ready,15.764583333333333,0.230690217391304
VA626_WB,MD,29134,110-56102,ready,20.69289840100611,0.9140545274883216
VA626_WB,MD,34836,110-56101,ready,23.17908204717987,0.9032961446765796
VA626_WB,PM,29251,110-56103,ready,1.509415110524044,3.3602681902698475
VA626_WB,PM,29134,110-56102,ready,2.9168283243220627,9.760060483558537
VA626_WB,PM,34836,110-56101,ready,1.415839814123292,9.682404195507953
VA628_EB,AM,29139,110+56115,ready,1.633205608563838,6.236938673801773
VA628_EB,AM,29155,110+56116,ready,2.6749932632182802,9.260664249067755
VA628_EB,MD,29139,110+56115,ready,13.329814006810055,0.8250323819790225
VA628_EB,MD,29155,110+56116,ready,15.734918409639876,0.8483116628238916
VA628_EB,PM,29139,110+56115,ready,13.327771121541502,0.4691895998023703
VA628_EB,PM,29155,110+56116,ready,16.808493653538488,0.6384654914831547
VA628_WB,AM,35711,110-56115,ready,15.079855895915676,0.3361869235836637
VA628_WB,AM,29152,110-56114,ready,13.033670595708639,0.8685871964991542
VA628_WB,AM,29135,110N56114,ready,25.308061947110858,1.214228613777527
VA628_WB,MD,35711,110-56115,ready,0.5076650658766132,0.6293979625447013
VA628_WB,MD,29152,110-56114,ready,1.1818251512490734,5.665667915087632
VA628_WB,MD,29135,110N56114,ready,27.031852560935437,0.6026291584321478
VA628_WB,PM,35711,110-56115,ready,15.479707880434782,0.6490258152173916
VA628_WB,PM,29152,110-56114,ready,13.533845108695651,0.28033152173913156
VA628_WB,PM,29135,110N56114,ready,26.290883769762846,0.9020700345849803
VA629_NB,AM,29063,110+56110,ready,2.8560909816040883,9.923872251004438
VA629_NB,AM,34357,110+56111,ready,14.680781455862977,1.3901039196310936
VA629_NB,AM,29177,110+56112,ready,15.82709568511199,2.2832850790513826
VA629_NB,MD,29063,110+56110,ready,16.857101861001315,0.7847369071146248
VA629_NB,MD,34357,110+56111,ready,16.163641716073784,1.2922441534914348
VA629_NB,MD,29177,110+56112,ready,17.243132860222776,1.111193226733741
VA629_NB,PM,29063,110+56110,ready,17.39188170525127,0.35177583286278846
VA629_NB,PM,34357,110+56111,ready,0.40590180920100344,3.1024086671195965
VA629_NB,PM,29177,110+56112,ready,1.1076789269834917,6.227100817158334
VA629_SB,AM,31639,110-56111,ready,1.4310922717660068,6.387252552596055
VA629_SB,AM,29168,110-56110,ready,14.335428194993412,0.9564752964426887
VA629_SB,AM,29147,110-56109,ready,15.677332839262187,0.725233695652174
VA629_SB,MD,31639,110-56111,ready,14.421064311594202,1.082394021739131
VA629_SB,MD,29168,110-56110,ready,15.094402173913045,0.9397663043478262
VA629_SB,MD,29147,110-56109,ready,16.85821859903382,1.0021672705314
VA629_SB,PM,31639,110-56111,ready,15.408696269762846,0.4783837697628457
VA629_SB,PM,29168,110-56110,ready,1.5852816954049824,2.374975659702499
VA629_SB,PM,29147,110-56109,ready,0.2253894767841389,8.951454901955076
VA633_EB,AM,31165,110+59119,ready,12.274367981052762,1.0876436727523686
VA633_EB,AM,34422,110+59120,ready,21.73213191699605,0.97563521080369
VA633_EB,MD,31165,110+59119,ready,12.96899703557312,2.156544631093545
VA633_EB,MD,34422,110+59120,ready,21.526352225672877,1.3808180641821943
VA633_EB,PM,31165,110+59119,ready,2.7729336606454105,2.542712996500957
VA633_EB,PM,34422,110+59120,ready,0.546456457411624,5.279626965865319
VA633_WB,AM,29245,110-59119,ready,21.390858860342558,0.3125821805006579
VA633_WB,AM,31619,110-59118,ready,13.121974637681161,1.1368079710144936
VA633_WB,MD,29245,110-59119,ready,21.660185688405793,0.7083958333333342
VA633_WB,MD,31619,110-59118,ready,12.790252593873518,1.5687057394598156
VA633_WB,PM,29245,110-59119,ready,0.6070997232257316,4.8009415618858675
VA633_WB,PM,31619,110-59118,ready,0.5868405844867106,3.37934249452992
VA635_EB,AM,29060,110+59116,ready,3.5868815876152826,2.078548254281949
VA635_EB,AM,4836,110P59115,ready,2.71774209486166,2.870310079051383
VA635_EB,MD,29060,110+59116,ready,3.117045946477764,0.9370406507195056
VA635_EB,MD,4836,110P59115,ready,0.7632089920948614,0.5919970355731222
VA635_EB,PM,29060,110+59116,ready,0.33680792449368696,3.692334811264664
VA635_EB,PM,4836,110P59115,ready,0.4031787302371539,0.43014908596837875
VA635_WB,AM,29344,110-59115,ready,5.287024703557312,0.8104681818181809
VA635_WB,MD,29344,110-59115,ready,5.314313091388191,0.9916414540663552
VA635_WB,PM,29344,110-59115,ready,0.6165391687029866,2.4423171338798655
VA636_NB,AM,29435,110P56134,ready,16.121580615942026,0.34535268445322814
VA636_NB,AM,29408,110+56135,ready,1.8128270094074244,2.4519641672959938
VA636_NB,MD,29435,110P56134,ready,0.8531163077732918,2.314117023886092
VA636_NB,MD,29408,110+56135,ready,13.794145256916996,0.8369199604743085
VA636_NB,PM,29435,110P56134,ready,15.075504070205158,0.7014334297948417
VA636_NB,PM,29408,110+56135,ready,14.989538043478262,0.3718885869565225
VA636_SB,AM,35119,110-56134,ready,12.481068840579711,0.8101557971014491
VA636_SB,AM,29419,110N56134,ready,32.261766798418975,1.543975889328063
VA636_SB,MD,35119,110-56134,ready,13.448501317523059,0.6934505928853752
VA636_SB,MD,29419,110N56134,ready,33.20626276350461,0.33213084650856395
VA636_SB,PM,35119,110-56134,ready,0.9718449041591852,4.433634484139122
VA636_SB,PM,29419,110N56134,ready,0.3917921881086829,18.183450464458765
VA637_NB,AM,35917,110+11493,ready,16.409057971014494,1.2842826086956511
VA637_NB,AM,37564,110+11488,ready,8.741038784584978,2.8519554512516474
VA637_NB,AM,35827,110+11494,ready,4.294071969696971,0.6198509552042157
VA637_NB,AM,35821,110+11495,ready,3.725111283643891,0.9115098343685304
VA637_NB,AM,35924,110+11496,ready,1.350032114624505,1.0679922595520417
VA637_NB,MD,35917,110+11493,ready,16.679008975625823,1.044241024374177
VA637_NB,MD,37564,110+11488,ready,8.881203736974488,0.28880919870643174
VA637_NB,MD,35827,110+11494,ready,3.111146656785243,0.49166740777338624
VA637_NB,MD,35821,110+11495,ready,5.37515027997365,0.37830031291172556
VA637_NB,MD,35924,110+11496,ready,0.7246100955204223,0.8242522233201575
VA637_NB,PM,35917,110+11493,ready,0.8068728806261649,3.055691656264329
VA637_NB,PM,37564,110+11488,ready,9.946257763975153,0.5267422360248444
VA637_NB,PM,35827,110+11494,ready,0.2978403662346796,6.293915326605406
VA637_NB,PM,35821,110+11495,ready,5.445649085968379,0.4064297183794463
VA637_NB,PM,35924,110+11496,ready,1.0143138586956524,0.42096603260869614
VA637_SB,AM,35856,110-11495,ready,1.654532279314888,1.5591851119894606
VA637_SB,AM,35922,110-11494,ready,3.431159420289857,1.1082862318840554
VA637_SB,AM,35820,110-11493,ready,5.689945652173912,0.9531956521739117
VA637_SB,AM,35913,110-11492,ready,15.191655550065876,0.36685136693017145
VA637_SB,AM,35920,110-11487,ready,5.5020289855072475,2.378630434782609
VA637_SB,MD,35856,110-11495,ready,2.33407315585984,1.0392511038176802
VA637_SB,MD,35922,110-11494,ready,3.3554883658008663,1.2356826651609263
VA637_SB,MD,35820,110-11493,ready,6.022393362977603,0.7057159914360996
VA637_SB,MD,35913,110-11492,ready,16.711911231884056,0.2595090579710142
VA637_SB,MD,35920,110-11487,ready,3.200397875067773,5.179820809453447
VA637_SB,PM,35856,110-11495,ready,2.0370652173913046,0.4844510869565224
VA637_SB,PM,35922,110-11494,ready,2.65123703063241,0.6552031867588926
VA637_SB,PM,35820,110-11493,ready,1.2493670038867786,3.2006876467042034
VA637_SB,PM,35913,110-11492,ready,0.8518570367463014,3.699752045178105
VA637_SB,PM,35920,110-11487,ready,4.169071988152252,4.272588000700508
VA638_NB,AM,38205,110P13189,ready,20.092435770750985,1.1703718708827398
VA638_NB,AM,29395,110+59123,ready,2.079669696938301,7.079627955040187
VA638_NB,AM,38199,110+13190,ready,5.946902173913043,1.0160579710144926
VA638_NB,AM,35039,110+56126,ready,15.415860507246379,1.1382518115942022
VA638_NB,AM,35167,110+59126,ready,3.9383063670639022,9.013344776543441
VA638_NB,AM,29390,110P59123,ready,15.806966403162056,0.5109347826086945
VA638_NB,AM,35042,110P56126,ready,6.1154656620553345,1.418288125823451
VA638_NB,AM,29396,110+56127,ready,13.697092885375492,2.120979841897232
VA638_NB,AM,35211,110+59127,ready,2.659968561978497,6.305469668607354
VA638_NB,AM,29903,110+59128,ready,27.845235507246375,3.6314021739130435
VA638_NB,MD,38205,110P13189,ready,23.00063282279315,1.4927614459815544
VA638_NB,MD,29395,110+59123,ready,15.547593873517783,0.9652406126482229
VA638_NB,MD,38199,110+13190,ready,6.392830803090191,0.609901051024075
VA638_NB,MD,35039,110+56126,ready,14.7818887928195,0.6982778738471671
VA638_NB,MD,35167,110+59126,ready,21.26082768680595,0.9087302842085446
VA638_NB,MD,29390,110P59123,ready,1.622771614328605,6.330250149658034
VA638_NB,MD,35042,110P56126,ready,6.423421442687747,0.44349341238471524
VA638_NB,MD,29396,110+56127,ready,4.8314915402663345,2.6771989268991
VA638_NB,MD,35211,110+59127,ready,14.604565472269277,2.698934527730724
VA638_NB,MD,29903,110+59128,ready,26.974328680830038,2.298718420619237
VA638_NB,PM,38205,110P13189,ready,21.14578125,0.6281046195652169
VA638_NB,PM,29395,110+59123,ready,16.1743787055336,0.5737075098814228
VA638_NB,PM,38199,110+13190,ready,6.019394454051383,0.26970695405138345
VA638_NB,PM,35039,110+56126,ready,1.0376011873067321,2.4332300859671796
VA638_NB,PM,35167,110+59126,ready,21.784325284090908,0.8399793107707525
VA638_NB,PM,29390,110P59123,ready,14.884637475296444,0.34264414525691667
VA638_NB,PM,35042,110P56126,ready,7.071447010869566,0.45739538043478367
VA638_NB,PM,29396,110+56127,ready,0.29172659319890215,2.180917304389597
VA638_NB,PM,35211,110+59127,ready,0.46107599779023545,2.8772578955256995
VA638_NB,PM,29903,110+59128,ready,26.98582465767928,0.5051264292772437
VA638_SB,AM,29535,110N59128,ready,19.069909420289857,0.49986231884057936
VA638_SB,AM,40600,110-13189,ready,2.4680894945860583,2.192036105937092
VA638_SB,AM,35136,110-59122,ready,14.970263833992094,0.5438774703557311
VA638_SB,AM,29392,110-56126,ready,8.92723731884058,1.731244565217392
VA638_SB,AM,34492,110-59126,ready,2.7828815182821356,4.210998324074107
VA638_SB,AM,29397,110N56126,ready,5.2676605731225274,1.6221605731225281
VA638_SB,AM,35054,110-56125,ready,15.30127729154903,1.3104439582156957
VA638_SB,AM,35162,110-59125,ready,19.535633305100696,1.5351333051006975
VA638_SB,MD,29535,110N59128,ready,20.64083870181202,0.49315626764539805
VA638_SB,MD,40600,110-13189,ready,3.3572282608695647,0.6264278656126483
VA638_SB,MD,35136,110-59122,ready,15.277178030303029,0.7032442358366281
VA638_SB,MD,29392,110-56126,ready,9.499499468677458,0.34778994329945484
VA638_SB,MD,34492,110-59126,ready,14.022299607095801,2.1656170595708653
VA638_SB,MD,29397,110N56126,ready,4.571439570393376,0.6267821028609074
VA638_SB,MD,35054,110-56125,ready,15.045847743741765,0.7530145750988145
VA638_SB,MD,35162,110-59125,ready,20.148617630105402,0.9177066452569173
VA638_SB,PM,29535,110N59128,ready,1.7148709387079324,8.348309827058516
VA638_SB,PM,40600,110-13189,ready,1.6130102580974406,2.513909323568846
VA638_SB,PM,35136,110-59122,ready,0.7837751586646107,2.8684399874569344
VA638_SB,PM,29392,110-56126,ready,11.075850419960473,0.5979591156126478
VA638_SB,PM,34492,110-59126,ready,0.5671564393543769,2.870742825805431
VA638_SB,PM,29397,110N56126,ready,6.566277791501978,0.4311189476284585
VA638_SB,PM,35054,110-56125,ready,0.3085923376223707,3.8187732644921857
VA638_SB,PM,35162,110-59125,ready,21.83346169100051,0.7269741133607582
VA639_EB,AM,40399,110N13221,ready,0.9437415019218968,16.841267249097587
VA639_EB,AM,38297,110-13220,ready,3.626520092226615,0.7175088932806304
VA639_EB,AM,39186,110N13219,ready,18.327690217391307,1.2019909420289865
VA639_EB,AM,38273,110-13219,ready,13.471255764163374,0.447644104084322
VA639_EB,MD,40399,110N13221,ready,26.143007128740823,1.9794349002446836
VA639_EB,MD,38297,110-13220,ready,7.289393527667983,0.5293372035573133
VA639_EB,MD,39186,110N13219,ready,18.239996706192358,0.3937116271409759
VA639_EB,MD,38273,110-13219,ready,15.58516139657444,1.0325984848484844
VA639_EB,PM,40399,110N13221,ready,27.487864956827593,0.2729817281902881
VA639_EB,PM,38297,110-13220,ready,7.006962697628458,1.0195605237154157
VA639_EB,PM,39186,110N13219,ready,2.386777610772504,3.8244504959877412
VA639_EB,PM,38273,110-13219,ready,1.2861679498110081,4.135400694177312
VA639_WB,AM,38812,110+13220,ready,21.25240036231884,2.491219202898551
VA639_WB,AM,38272,110+13221,ready,15.747644927536234,0.5593152173913051
VA639_WB,MD,38812,110+13220,ready,21.127710803689066,0.7483272397891966
VA639_WB,MD,38272,110+13221,ready,16.196234972002635,0.8619190135046112
VA639_WB,PM,38812,110+13220,ready,0.8333323753894912,8.936568825789955
VA639_WB,PM,38272,110+13221,ready,2.1018042041262235,8.020068033407226
VA640_EB,AM,38176,110+13156,ready,2.9090110342556,0.9655686758893278
VA640_EB,AM,38178,110+13157,ready,8.614597567287785,1.8751555383022769
VA640_EB,AM,38313,110+13158,ready,9.88911231884058,1.1816231884057966
VA640_EB,AM,38285,110+13159,ready,10.968636363636364,1.109249011857706
VA640_EB,AM,36954,110+58118,ready,2.347936017786562,0.7682271903820815
VA640_EB,AM,38291,110+13160,ready,4.418624011857708,1.2458348155467742
VA640_EB,AM,38295,110+13161,ready,10.315372200263504,2.0289084321475617
VA640_EB,AM,40083,110+13162,ready,6.671757246376811,2.0528333333333344
VA640_EB,AM,31510,110P59138,ready,5.603345544703774,16.179944902719253
VA640_EB,AM,35930,110+58119,ready,2.0946376811594214,1.7498623188405784
VA640_EB,AM,29017,110+59139,ready,17.492483201581027,0.21363379446640246
VA640_EB,AM,35154,110+59140,ready,16.320021739130432,0.4869478260869574
VA640_EB,AM,40914,110P13163,ready,32.34966485507247,0.12253079710144969
VA640_EB,MD,38176,110+13156,ready,3.106969696969698,0.3219273715415027
VA640_EB,MD,38178,110+13157,ready,8.31192728919631,1.0401940876152833
VA640_EB,MD,38313,110+13158,ready,10.911913349331828,1.2078086533032193
VA640_EB,MD,38285,110+13159,ready,13.75189291007905,0.46188566370223993
VA640_EB,MD,36954,110+58118,ready,2.6675827569169948,0.33572751976284493
VA640_EB,MD,38291,110+13160,ready,0.9537412300089274,3.8380962730106485
VA640_EB,MD,38295,110+13161,ready,0.9586591784007193,3.5730800085232577
VA640_EB,MD,40083,110+13162,ready,9.089174489459817,0.6447831851119895
VA640_EB,MD,31510,110P59138,ready,14.454376293995859,14.454376293995859
VA640_EB,MD,35930,110+58119,ready,1.372194087615284,0.5597031455862984
VA640_EB,MD,29017,110+59139,ready,17.829959101888452,0.8789032169521301
VA640_EB,MD,35154,110+59140,ready,16.647709862601168,1.223071522680218
VA640_EB,MD,40914,110P13163,ready,31.54840644409938,0.669981237060041
VA640_EB,PM,38176,110+13156,ready,4.317483060417844,0.4261948051948039
VA640_EB,PM,38178,110+13157,ready,12.08200963438735,1.8482922430830029
VA640_EB,PM,38313,110+13158,ready,13.703615365612649,1.3239550395256916
VA640_EB,PM,38285,110+13159,ready,13.1094145256917,0.5630123517786558
VA640_EB,PM,36954,110+58118,ready,1.918383769762845,0.9571290760869564
VA640_EB,PM,38291,110+13160,ready,14.569775815217392,0.457751358695651
VA640_EB,PM,38295,110+13161,ready,19.175502717391304,0.7608342391304359
VA640_EB,PM,40083,110+13162,ready,11.56929347826087,1.168741847826087
VA640_EB,PM,31510,110P59138,ready,11.211358695652176,0.8462010869565215
VA640_EB,PM,35930,110+58119,ready,1.5683930467456186,6.767480689344976
VA640_EB,PM,29017,110+59139,ready,0.8855199510126415,4.327411442912629
VA640_EB,PM,35154,110+59140,ready,1.4463895531634794,2.297582251921283
VA640_EB,PM,40914,110P13163,ready,32.67046089779785,0.6326022021456797
VA640_WB,AM,38267,110N13163,ready,27.00643610013175,0.9928636363636366
VA640_WB,AM,29460,110N59138,ready,34.16030467720685,0.5055438076416338
VA640_WB,AM,29465,110-59139,ready,17.854106554677205,0.9167831027667983
VA640_WB,AM,35213,110N59139,ready,24.370706110013174,0.8868836462450597
VA640_WB,AM,35255,110-59138,ready,17.639850955204217,0.4332350131752314
VA640_WB,AM,37968,110-58118,ready,0.9627976190476186,1.2785420195746273
VA640_WB,AM,40915,110-13162,ready,13.08449604743083,1.1223445322793137
VA640_WB,AM,40080,110-13161,ready,6.948927042160736,0.40157295783926433
VA640_WB,AM,38299,110-13160,ready,14.092717391304348,1.2829746376811597
VA640_WB,AM,38294,110-13159,ready,9.240307971014493,0.4810144927536249
VA640_WB,AM,35927,110-58117,ready,2.49282279314888,0.6078402503293816
VA640_WB,AM,38864,110-13158,ready,10.247105731225298,0.5772535573122539
VA640_WB,AM,38351,110-13157,ready,10.445426959815547,1.0680102931488797
VA640_WB,AM,39549,110-13156,ready,7.367735507246377,1.4452052042160741
VA640_WB,AM,39542,110N13156,ready,19.91661231884058,1.2937210144927536
VA640_WB,AM,40302,110-13155,ready,2.5547290843214756,1.253258069828722
VA640_WB,AM,36953,110N58117,ready,7.6858662714097505,1.9253837285902513
VA640_WB,MD,38267,110N13163,ready,28.023675477602108,0.6974183959156789
VA640_WB,MD,29460,110N59138,ready,33.591231884057976,33.591231884057976
VA640_WB,MD,29465,110-59139,ready,16.95971343873518,1.9061956521739127
VA640_WB,MD,35213,110N59139,ready,23.985553359683795,1.7933557312252986
VA640_WB,MD,35255,110-59138,ready,17.823626835121402,0.7945814982119321
VA640_WB,MD,37968,110-58118,ready,4.131887763504612,3.3871214591567864
VA640_WB,MD,40915,110-13162,ready,16.45364624505929,0.430488142292489
VA640_WB,MD,40080,110-13161,ready,9.472891963109355,0.4701101778656123
VA640_WB,MD,38299,110-13160,ready,21.23235836627141,1.1605887681159426
VA640_WB,MD,38294,110-13159,ready,13.875245182806324,0.525522356719368
VA640_WB,MD,35927,110-58117,ready,0.9210552536231883,1.899082756916996
VA640_WB,MD,38864,110-13158,ready,12.897436415191612,1.6319114108953432
VA640_WB,MD,38351,110-13157,ready,10.466658432147561,1.2661493741765486
VA640_WB,MD,39549,110-13156,ready,7.296658432147564,1.5222961133069821
VA640_WB,MD,39542,110N13156,ready,19.505194746376812,1.3150389492753625
VA640_WB,MD,40302,110-13155,ready,2.7355084815546764,0.7114939888010531
VA640_WB,MD,36953,110N58117,ready,2.108832710318748,1.983503213863856
VA640_WB,PM,38267,110N13163,ready,0.8565308050603861,12.803518584322994
VA640_WB,PM,29460,110N59138,ready,31.681365489130435,0.984884510869565
VA640_WB,PM,29465,110-59139,ready,2.161107831374812,2.540252195335719
VA640_WB,PM,35213,110N59139,ready,26.72610733695652,1.7995258152173914
VA640_WB,PM,35255,110-59138,ready,19.409072146150947,0.684979754846603
VA640_WB,PM,37968,110-58118,ready,0.6951630434782606,1.2370108695652167
VA640_WB,PM,40915,110-13162,ready,1.0160214614643217,2.815420485948068
VA640_WB,PM,40080,110-13161,ready,11.679987957015811,1.3928629570158106
VA640_WB,PM,38299,110-13160,ready,0.7784460317748085,2.503783073357801
VA640_WB,PM,38294,110-13159,ready,1.6243711993355063,2.195338580026319
VA640_WB,PM,35927,110-58117,ready,2.683205595355733,0.395381361166006
VA640_WB,PM,38864,110-13158,ready,2.180607682627608,1.6865627978924322
VA640_WB,PM,38351,110-13157,ready,9.699364500988143,0.9781290760869576
VA640_WB,PM,39549,110-13156,ready,10.871854619565216,1.3589796195652175
VA640_WB,PM,39542,110N13156,ready,0.4443907327889871,5.832537779705279
VA640_WB,PM,40302,110-13155,ready,3.498389636857707,0.6506907732213438
VA640_WB,PM,36953,110N58117,ready,3.8100663908102774,0.6763439352766789
VA641_EB,AM,38308,110P13225,ready,15.633139822134387,0.8514504281949936
VA641_EB,AM,40757,110+13226,ready,11.711014492753625,1.4297246376811579
VA641_EB,AM,40883,110+13227,ready,2.1949736088584975,5.879405902184786
VA641_EB,AM,38260,110+13228,ready,1.942604474751901,1.9953345023428153
VA641_EB,AM,38263,110+13229,ready,6.637138339920949,1.9966687747035579
VA641_EB,AM,38247,110+13230,ready,16.76406908761528,1.6036147068511184
VA641_EB,MD,38308,110P13225,ready,1.7261307967789399,5.607984642911575
VA641_EB,MD,40757,110+13226,ready,14.708708677685951,1.3665026051024076
VA641_EB,MD,40883,110+13227,ready,5.179930938446886,2.2113470073923707
VA641_EB,MD,38260,110+13228,ready,13.839609860248446,3.787228907867496
VA641_EB,MD,38263,110+13229,ready,7.1825605237154155,0.7584608860342558
VA641_EB,MD,38247,110+13230,ready,17.787676218708828,1.161951581027669
VA641_EB,PM,38308,110P13225,ready,19.950382287549406,1.062225666996047
VA641_EB,PM,40757,110+13226,ready,0.49921240087537355,3.0953839340060716
VA641_EB,PM,40883,110+13227,ready,15.733404767786562,1.4192854496047427
VA641_EB,PM,38260,110+13228,ready,2.19903932317529,3.091597359900903
VA641_EB,PM,38263,110+13229,ready,1.237715714402137,3.1584739057670363
VA641_EB,PM,38247,110+13230,ready,1.5174077974705829,10.40506943870501
VA641_NB,AM,37003,110P13293,ready,1.0186849582940554,9.299236848105972
VA641_NB,AM,35816,110+13294,ready,9.794673913043479,0.8403260869565207
VA641_NB,AM,35958,110+13295,ready,12.401133383524687,0.5989934280695145
VA641_NB,AM,35110,110+56128,ready,10.446865942028985,1.6120326086956542
VA641_NB,AM,35956,110+13296,ready,3.8641123188405793,0.9225471014492769
VA641_NB,AM,37720,110P13296,ready,10.689746376811593,2.162800724637681
VA641_NB,AM,29401,110+56129,ready,13.857034749670618,1.1649948945981563
VA641_NB,AM,35146,110P56129,ready,30.62443922924901,0.5077653162055342
VA641_NB,MD,37003,110P13293,ready,12.136099582784366,2.4312754172156343
VA641_NB,MD,35816,110+13294,ready,9.55476737483531,0.777247776679841
VA641_NB,MD,35958,110+13295,ready,13.67579998353096,0.3428934453227937
VA641_NB,MD,35110,110+56128,ready,10.372876729249013,1.048395009881423
VA641_NB,MD,35956,110+13296,ready,3.446728896103897,1.3804377705627697
VA641_NB,MD,37720,110P13296,ready,14.380529273715416,2.493968914690383
VA641_NB,MD,29401,110+56129,ready,14.562343799014991,1.140902413106218
VA641_NB,MD,35146,110P56129,ready,31.245452133916803,0.9921676352029616
VA641_NB,PM,37003,110P13293,ready,14.578690926148127,0.6011872206145303
VA641_NB,PM,35816,110+13294,ready,0.7058454632698974,2.051405581309857
VA641_NB,PM,35958,110+13295,ready,0.9226603835736316,1.8157848014086304
VA641_NB,PM,35110,110+56128,ready,12.20382472826087,0.6454524456521753
VA641_NB,PM,35956,110+13296,ready,3.3226049901185766,1.538957015810277
VA641_NB,PM,37720,110P13296,ready,5.609937250288696,2.768422508133688
VA641_NB,PM,29401,110+56129,ready,0.3262925673757282,2.3314410421230924
VA641_NB,PM,35146,110P56129,ready,32.64073378387916,0.38178703769057043
VA641_SB,AM,29406,110N56129,ready,16.31202766798419,1.4572059288537542
VA641_SB,AM,36255,110N13296,ready,6.134682194616978,1.1569438923395434
VA641_SB,AM,35145,110-56128,ready,11.150167043101824,0.5620859213250501
VA641_SB,AM,37719,110-13295,ready,4.029057971014493,0.6498659420289877
VA641_SB,AM,35116,110-56127,ready,9.62718906847983,0.7482180539870757
VA641_SB,AM,36352,110-13294,ready,12.533394533455676,0.4419061911820063
VA641_SB,AM,35957,110-13293,ready,8.578924160079053,0.10426556324110574
VA641_SB,AM,35818,110N13293,ready,1.3778284781121701,7.020510442517666
VA641_SB,MD,29406,110N56129,ready,4.33111088074762,3.3830859508674993
VA641_SB,MD,36255,110N13296,ready,6.491468626482213,0.8639944828722008
VA641_SB,MD,35145,110-56128,ready,12.077176347596952,1.5522334020736677
VA641_SB,MD,37719,110-13295,ready,2.9757917490118575,0.3806049901185773
VA641_SB,MD,35116,110-56127,ready,9.512907491059664,0.9951882881611143
VA641_SB,MD,36352,110-13294,ready,13.913412796442685,0.7274042325428196
VA641_SB,MD,35957,110-13293,ready,8.650014410408431,0.7425272562582347
VA641_SB,MD,35818,110N13293,ready,10.547067217203086,1.0141033314511578
VA641_SB,PM,29406,110N56129,ready,15.13408041007905,0.2557750741106728
VA641_SB,PM,36255,110N13296,ready,1.786301839585455,6.179656886998502
VA641_SB,PM,35145,110-56128,ready,13.466985371964991,0.5873440676171655
VA641_SB,PM,37719,110-13295,ready,2.5933992094861664,0.37400271739130453
VA641_SB,PM,35116,110-56127,ready,10.943180583003953,0.4318572134387373
VA641_SB,PM,36352,110-13294,ready,15.129061911820065,0.29486447157914597
VA641_SB,PM,35957,110-13293,ready,0.35064516134763424,1.9620425231853458
VA641_SB,PM,35818,110N13293,ready,12.141290143280631,0.7145999258893276
VA641_WB,AM,38244,110-13229,ready,0.7207443355190104,6.615794431820443
VA641_WB,AM,38248,110-13228,ready,8.501238354037268,0.8012166149068317
VA641_WB,AM,38155,110-13227,ready,10.738495514147687,2.527054692891649
VA641_WB,AM,40558,110-13226,ready,17.965445487483528,3.2882027338603432
VA641_WB,AM,40760,110-13225,ready,2.420710986079992,4.241419510356152
VA641_WB,AM,40088,110N13225,ready,15.54925148221344,1.3273977272727284
VA641_WB,MD,38244,110-13229,ready,11.47685084541063,1.8004269323671493
VA641_WB,MD,38248,110-13228,ready,11.309406702898551,0.4926748188405797
VA641_WB,MD,38155,110-13227,ready,11.93745872937449,3.0994017778718868
VA641_WB,MD,40558,110-13226,ready,18.68292901844532,4.4965293148880106
VA641_WB,MD,40760,110-13225,ready,14.93237565876153,2.4245826745718055
VA641_WB,MD,40088,110N13225,ready,0.8995464834695225,5.204617222651062
VA641_WB,PM,38244,110-13229,ready,12.566493947628459,0.5962049160079053
VA641_WB,PM,38248,110-13228,ready,1.1357623870174596,1.7064363354037262
VA641_WB,PM,38155,110-13227,ready,2.825325476221667,2.821416668128117
VA641_WB,PM,40558,110-13226,ready,3.992675945417252,3.5960913930789715
VA641_WB,PM,40760,110-13225,ready,1.7419531566918647,4.192205481131289
VA641_WB,PM,40088,110N13225,ready,19.786161067193675,0.6675019762845849
VA642_EB,AM,35216,110P10097,ready,12.015736577733861,0.37588661067193624
VA642_EB,AM,39344,110+13211,ready,5.145273386034257,1.6015233860342566
VA642_EB,AM,40290,110+13212,ready,5.826081192358366,1.1419876482213442
VA642_EB,AM,29429,110+10099,ready,7.16547776679842,0.5994908102766778
VA642_EB,AM,31933,110P10099,ready,21.32598978919631,0.7707651515151515
VA642_EB,AM,38331,110+13213,ready,4.532619812252965,1.01530772397892
VA642_EB,AM,31928,110+10100,ready,1.7914760311105196,8.88960746529232
VA642_EB,AM,35050,110P10100,ready,1.26373708388224,19.934029204753788
VA642_EB,AM,38329,110+13214,ready,7.606717391304349,1.1004173913043485
VA642_EB,AM,38336,110+13215,ready,1.4494721673254294,2.305292325428196
VA642_EB,MD,35216,110P10097,ready,3.8783036578939685,6.4206346208976255
VA642_EB,MD,39344,110+13211,ready,4.063955892386601,5.833548283690949
VA642_EB,MD,40290,110+13212,ready,6.0330726284585,3.413659782608698
VA642_EB,MD,29429,110+10099,ready,9.91148850161696,1.6369707150556936
VA642_EB,MD,31933,110P10099,ready,0.8324480679555122,7.278554116179681
VA642_EB,MD,38331,110+13213,ready,5.551984107378129,2.0526924407114615
VA642_EB,MD,31928,110+10100,ready,18.856262351778657,0.3945890974967061
VA642_EB,MD,35050,110P10100,ready,28.189818428853755,1.108806571146246
VA642_EB,MD,38329,110+13214,ready,6.667684453227931,2.30365974967062
VA642_EB,MD,38336,110+13215,ready,0.9618734903381645,0.7210805610452354
VA642_EB,PM,35216,110P10097,ready,12.763634510869565,0.10278940217391241
VA642_EB,PM,39344,110+13211,ready,5.187389186900057,1.8655599943534733
VA642_EB,PM,40290,110+13212,ready,5.817411684782609,0.9267456768774704
VA642_EB,PM,29429,110+10099,ready,9.112336956521737,0.584209239130435
VA642_EB,PM,31933,110P10099,ready,21.44460597826087,1.0117146739130434
VA642_EB,PM,38331,110+13213,ready,3.56460597826087,1.0297065217391306
VA642_EB,PM,31928,110+10100,ready,18.394617477178617,0.26690697934312135
VA642_EB,PM,35050,110P10100,ready,29.48051074604743,0.41057324604743106
VA642_EB,PM,38329,110+13214,ready,1.7507836990344876,2.2512784090909084
VA642_EB,PM,38336,110+13215,ready,0.9830002470355725,0.6253236166007907
VA642_WB,AM,29326,110N10100,ready,15.889998179737882,0.573264978156854
VA642_WB,AM,29347,110-10099,ready,17.10540760869565,0.6531902173913032
VA642_WB,AM,39346,110-13214,ready,1.3465242094861676,1.0587129446640329
VA642_WB,AM,31929,110N10099,ready,24.747378129117255,0.8898274044795782
VA642_WB,AM,31932,110-10098,ready,7.697236260116692,0.7921860060229626
VA642_WB,AM,38335,110-13213,ready,4.84169548748353,0.9799418642951263
VA642_WB,AM,38328,110-13212,ready,6.238659420289856,0.9303297101449252
VA642_WB,AM,38334,110-13211,ready,6.096039196310934,1.0222144268774696
VA642_WB,AM,40291,110-13210,ready,6.9370561594202895,4.402759057971013
VA642_WB,MD,29326,110N10100,ready,15.749044913419914,0.2748622717861844
VA642_WB,MD,29347,110-10099,ready,18.057898491906645,0.34914816252587927
VA642_WB,MD,39346,110-13214,ready,2.01929162549407,0.4754026268115945
VA642_WB,MD,31929,110N10099,ready,27.046083250988136,0.457016222002636
VA642_WB,MD,31932,110-10098,ready,9.158244812252965,0.8130522891963103
VA642_WB,MD,38335,110-13213,ready,5.674006916996049,1.7900383728590246
VA642_WB,MD,38328,110-13212,ready,4.980464426877472,0.7319191370223986
VA642_WB,MD,38334,110-13211,ready,5.367849143610012,4.249535737812912
VA642_WB,MD,40291,110-13210,ready,2.061112895256917,5.697807723978919
VA642_WB,PM,29326,110N10100,ready,1.1070132782012436,2.72866125532084
VA642_WB,PM,29347,110-10099,ready,1.9586828800727285,2.7516133859462433
VA642_WB,PM,39346,110-13214,ready,2.339807312252965,0.8482959486166006
VA642_WB,PM,31929,110N10099,ready,1.6043705927677898,10.685342386933701
VA642_WB,PM,31932,110-10098,ready,8.891567440711462,0.8656282114624498
VA642_WB,PM,38335,110-13213,ready,3.048530565572651,3.319130538872992
VA642_WB,PM,38328,110-13212,ready,5.691917613636363,0.4396065958498032
VA642_WB,PM,38334,110-13211,ready,5.5216936053077355,0.7128270045172234
VA642_WB,PM,40291,110-13210,ready,3.763913043478261,0.7542255434782605
VA643_EB,AM,38372,110P59142,ready,8.928268280632409,0.3861417984189715
VA643_EB,AM,40272,110+59143,ready,2.886579215239512,2.2541210444024595
VA643_EB,AM,39870,110+59144,ready,6.651132952192735,0.435925018821757
VA643_EB,AM,35328,110+56063,ready,1.924875249261697,2.244927431735477
VA643_EB,AM,35233,110+56065,ready,8.929981884057971,1.3507572463768127
VA643_EB,MD,38372,110P59142,ready,5.520668120722576,1.6138295454545446
VA643_EB,MD,40272,110+59143,ready,8.386646492094862,2.541728507905138
VA643_EB,MD,39870,110+59144,ready,6.488408061594201,0.8731064311594219
VA643_EB,MD,35328,110+56063,ready,8.809254284088771,0.9918306961483835
VA643_EB,MD,35233,110+56065,ready,9.962089920948616,0.8076373517786561
VA643_EB,PM,38372,110P59142,ready,0.6011548154348578,4.721631282389977
VA643_EB,PM,40272,110+59143,ready,0.5191861795999966,3.779932670544128
VA643_EB,PM,39870,110+59144,ready,7.50762104743083,0.28698591897233183
VA643_EB,PM,35328,110+56063,ready,0.6400242650578463,3.3077390625118843
VA643_EB,PM,35233,110+56065,ready,0.7268452808667074,1.3562312870553364
VA643_NB,AM,36284,110+11476,ready,8.616114130434783,0.7655923913043475
VA643_NB,AM,37806,110+11477,ready,8.982652338603424,0.6395143280632402
VA643_NB,AM,36263,110+11478,ready,1.7246638941945134,6.1336885006496376
VA643_NB,AM,36212,110P11479,ready,17.897629125101954,0.8789245796474061
VA643_NB,AM,36912,110+11479,ready,5.941122364953887,0.8596026021080366
VA643_NB,AM,29449,110+59132,ready,7.668626482213439,1.2562264822134395
VA643_NB,AM,29542,110+59135,ready,12.891494565217391,0.5747241436100113
VA643_NB,AM,29827,110+59136,ready,12.109475461133071,0.7761095191040829
VA643_NB,AM,31504,110+59133,ready,2.502979903803651,5.723887884464539
VA643_NB,AM,35243,110+59131,ready,1.43487852108644,2.2700639075584577
VA643_NB,AM,35282,110+59134,ready,11.097712862318842,0.7530363142292481
VA643_NB,MD,36284,110+11476,ready,9.888992588932805,0.8671161067193672
VA643_NB,MD,37806,110+11477,ready,13.169782196969697,2.5034564393939394
VA643_NB,MD,36263,110+11478,ready,13.49155467720685,1.139894598155469
VA643_NB,MD,36212,110P11479,ready,18.29320569828722,1.1792353425559943
VA643_NB,MD,36912,110+11479,ready,4.970431900527009,1.4504539690382083
VA643_NB,MD,29449,110+59132,ready,7.54365036231884,0.6482952898550728
VA643_NB,MD,29542,110+59135,ready,12.968548666007905,0.9874766963109348
VA643_NB,MD,29827,110+59136,ready,11.509116024374178,0.8513296277997368
VA643_NB,MD,31504,110+59133,ready,14.898727355072465,0.6619012681159413
VA643_NB,MD,35243,110+59131,ready,17.726086544795784,2.196324687088274
VA643_NB,MD,35282,110+59134,ready,12.365083168642952,1.2614277009222654
VA643_NB,PM,36284,110+11476,ready,9.733787364130432,0.713287364130434
VA643_NB,PM,37806,110+11477,ready,9.725258152173915,0.7050271739130443
VA643_NB,PM,36263,110+11478,ready,0.6674620705119942,2.0466264680796296
VA643_NB,PM,36212,110P11479,ready,1.5266722496779739,7.819176395035591
VA643_NB,PM,36912,110+11479,ready,2.8944676868349895,1.6940610150715847
VA643_NB,PM,29449,110+59132,ready,7.974399085968379,0.17932102272727324
VA643_NB,PM,29542,110+59135,ready,12.492739006916995,1.0850109930830052
VA643_NB,PM,29827,110+59136,ready,10.639893774703555,0.6482181324110692
VA643_NB,PM,31504,110+59133,ready,16.060790778514964,0.6699375176453994
VA643_NB,PM,35243,110+59131,ready,18.817086391869005,0.4179110671936768
VA643_NB,PM,35282,110+59134,ready,14.328189846837944,1.283279520750988
VA643_SB,AM,36215,110-11478,ready,1.6380080085564928,3.431564583740593
VA643_SB,AM,29450,110-59130,ready,18.324809782608693,0.9651249999999992
VA643_SB,AM,29492,110-59132,ready,2.4121178749030423,2.7544469805943144
VA643_SB,AM,29543,110-59133,ready,10.624658385093168,0.9567163561076617
VA643_SB,AM,35294,110-59135,ready,7.058380270092228,2.1235831686429507
VA643_SB,AM,36116,110N11479,ready,14.923184782608697,0.625584782608696
VA643_SB,AM,29935,110-59131,ready,6.635929481146872,0.6584815860468053
VA643_SB,AM,34509,110-59134,ready,10.75833105903758,0.5901788851245371
VA643_SB,AM,36360,110-11477,ready,1.543146253402215,5.842610481212436
VA643_SB,AM,37647,110-58049,ready,11.430797101449274,1.1618876811594205
VA643_SB,AM,37796,110-11476,ready,7.988052536231881,0.7024836956521732
VA643_SB,MD,36215,110-11478,ready,2.795388519583184,0.5652061624146602
VA643_SB,MD,29450,110-59130,ready,18.571974225955202,1.7921924407114629
VA643_SB,MD,29492,110-59132,ready,14.35346920289855,0.6326521739130441
VA643_SB,MD,29543,110-59133,ready,11.042900021174477,2.1101289643327683
VA643_SB,MD,35294,110-59135,ready,10.678238107001695,0.7006164008093357
VA643_SB,MD,36116,110N11479,ready,0.7454243318226451,3.9769285292470276
VA643_SB,MD,29935,110-59131,ready,7.0311853590250335,0.6717998188405803
VA643_SB,MD,34509,110-59134,ready,12.587668631187654,0.5886483977978539
VA643_SB,MD,36360,110-11477,ready,14.10818181818182,0.8578127470355734
VA643_SB,MD,37647,110-58049,ready,13.282950585042977,0.5739332925528579
VA643_SB,MD,37796,110-11476,ready,11.651400691699605,2.6006923583662713
VA643_SB,PM,36215,110-11478,ready,2.879364809782608,0.5008848196640316
VA643_SB,PM,29450,110-59130,ready,1.1366712701313928,4.843502668249289
VA643_SB,PM,29492,110-59132,ready,0.42151047983753154,3.819100908421115
VA643_SB,PM,29543,110-59133,ready,13.099849925889327,0.9407464179841896
VA643_SB,PM,35294,110-59135,ready,10.358878840814981,1.050542131328819
VA643_SB,PM,36116,110N11479,ready,14.953578927865612,0.4343748764822146
VA643_SB,PM,29935,110-59131,ready,8.90934685559006,0.9232218555900618
VA643_SB,PM,34509,110-59134,ready,13.336415513833991,0.7113208992094859
VA643_SB,PM,36360,110-11477,ready,0.640115513939975,3.317814957967868
VA643_SB,PM,37647,110-58049,ready,11.842168972332018,0.5929950592885385
VA643_SB,PM,37796,110-11476,ready,7.261471096837946,0.7109908596837946
VA643_WB,AM,38338,110-59143,ready,5.615496776773949,0.9742467767739491
VA643_WB,AM,39291,110-59142,ready,8.281999341238473,0.5785355731225286
VA643_WB,AM,40271,110N59142,ready,0.36332943147359725,6.435502674335711
VA643_WB,AM,35236,110-56064,ready,5.591537796442687,0.7368171113306987
VA643_WB,AM,29519,110-56062,ready,4.81119205378182,3.1981195821085335
VA643_WB,MD,38338,110-59143,ready,5.004066195730598,0.3430405863761837
VA643_WB,MD,39291,110-59142,ready,7.843425148221343,0.587949851778657
VA643_WB,MD,40271,110N59142,ready,14.937010042192108,0.8701656824455738
VA643_WB,MD,35236,110-56064,ready,9.02865118577075,0.5751422924901196
VA643_WB,MD,29519,110-56062,ready,8.530440576181066,0.8782541701957456
VA643_WB,PM,38338,110-59143,ready,5.511317905373612,0.4559496341520797
VA643_WB,PM,39291,110-59142,ready,8.388098531902878,0.3248035008469787
VA643_WB,PM,40271,110N59142,ready,15.773783349802372,1.181463191699604
VA643_WB,PM,35236,110-56064,ready,3.017395846680688,3.0313252358947724
VA643_WB,PM,29519,110-56062,ready,0.648308439802628,2.4958526619874846
VA644_EB,AM,35264,110+50122,ready,0.3972914075711553,2.2330287648869844
VA644_EB,AM,29208,110+52383,ready,5.866576086956523,1.5773840579710152
VA644_EB,AM,35271,110+50123,ready,13.83413043478261,0.4601920289855069
VA644_EB,AM,29461,110+50124,ready,4.871947816676078,0.7483201675136456
VA644_EB,AM,29603,110+50125,ready,13.476352858946607,1.2342454651326935
VA644_EB,AM,35180,110+50126,ready,4.142013833992095,1.9394245059288544
VA644_EB,AM,29368,110P50126,ready,12.540982378129117,1.0582004281949933
VA644_EB,AM,31915,110P50127,ready,6.791085074345943,0.8768930453604374
VA644_EB,AM,31911,110+50128,ready,1.1038829874835308,0.4841692193675898
VA644_EB,AM,35186,110+50129,ready,11.036437747035576,1.423908761528326
VA644_EB,AM,34773,110+50130,ready,18.29020792160738,1.2814579216073776
VA644_EB,AM,32333,110+50131,ready,18.166478919631096,0.7962872200263513
VA644_EB,AM,29191,110+50132,ready,3.3014355239958717,3.0430028344343945
VA644_EB,MD,35264,110+50122,ready,8.65892453259301,1.5787366992910485
VA644_EB,MD,29208,110+52383,ready,6.416557971014492,1.1760199275362317
VA644_EB,MD,35271,110+50123,ready,16.383923336627138,0.41195133399209477
VA644_EB,MD,29461,110+50124,ready,5.529664404134512,0.43316349441621177
VA644_EB,MD,29603,110+50125,ready,15.852766798418974,0.7478799407114628
VA644_EB,MD,35180,110+50126,ready,6.332446475625825,0.5523415678524378
VA644_EB,MD,29368,110P50126,ready,14.605392786561266,2.4964235836627147
VA644_EB,MD,31915,110P50127,ready,8.323484436758894,0.8652761034255594
VA644_EB,MD,31911,110+50128,ready,0.6370063601857083,0.6462957211870245
VA644_EB,MD,35186,110+50129,ready,11.71355072463768,1.2748106060606077
VA644_EB,MD,34773,110+50130,ready,18.8348143115942,1.5102273550724645
VA644_EB,MD,32333,110+50131,ready,19.315914855072464,1.9960851449275359
VA644_EB,MD,29191,110+50132,ready,6.544320652173913,1.804902832674571
VA644_EB,PM,35264,110+50122,ready,0.6755933023602485,2.35926006910057
VA644_EB,PM,29208,110+52383,ready,6.325224184782607,0.5399035326086947
VA644_EB,PM,35271,110+50123,ready,1.013920414235339,2.888492124125464
VA644_EB,PM,29461,110+50124,ready,7.653940217391305,1.0725027173913038
VA644_EB,PM,29603,110+50125,ready,0.9212422615544702,3.913424789211188
VA644_EB,PM,35180,110+50126,ready,6.2444833868577065,0.6052992218379447
VA644_EB,PM,29368,110P50126,ready,11.98733448616601,1.594453804347827
VA644_EB,PM,31915,110P50127,ready,8.0417978013834,0.45099864130434675
VA644_EB,PM,31911,110+50128,ready,0.9142282667513659,0.5256479096085083
VA644_EB,PM,35186,110+50129,ready,0.7320551190026103,2.1544391979894213
VA644_EB,PM,34773,110+50130,ready,2.962789447445963,5.528045094563275
VA644_EB,PM,32333,110+50131,ready,1.2806459497163374,4.602475312413349
VA644_EB,PM,29191,110+50132,ready,1.4145996869772275,6.578697881030365
VA644_WB,AM,29186,110-50131,ready,6.89541699604743,0.9040169960474301
VA644_WB,AM,29225,110-52382,ready,15.229619565217389,1.1638623188405806
VA644_WB,AM,34817,110-50130,ready,18.831262351778655,2.7072768445322786
VA644_WB,AM,34820,110-50129,ready,15.05248188405797,0.6872644927536253
VA644_WB,AM,34759,110-50128,ready,2.848350192173689,7.869691915743954
VA644_WB,AM,34744,110-50127,ready,0.8789562550975601,0.7281827435849172
VA644_WB,AM,31909,110N50127,ready,0.5567374835309623,0.5030378787878789
VA644_WB,AM,31913,110N50126,ready,2.9857279314888028,0.5138481554677229
VA644_WB,AM,29376,110-50125,ready,1.288468622728715,0.8331642692526212
VA644_WB,AM,29381,110-50124,ready,11.624958498023716,0.7774758893280641
VA644_WB,AM,31515,110-50123,ready,6.29238224637681,0.7596829710144934
VA644_WB,AM,29462,110-50122,ready,18.911105935127676,1.6076639061421663
VA644_WB,AM,29454,110-50121,ready,2.8960089437533783,3.624120592970625
VA644_WB,MD,29186,110-50131,ready,6.891274291831357,1.0353362154150196
VA644_WB,MD,29225,110-52382,ready,16.1230340085639,0.6574536396574434
VA644_WB,MD,34817,110-50130,ready,18.73660614295125,1.3746945816864304
VA644_WB,MD,34820,110-50129,ready,16.448926630434784,1.0056802536231884
VA644_WB,MD,34759,110-50128,ready,16.301853178524375,1.0987634222661395
VA644_WB,MD,34744,110-50127,ready,0.5854998834784588,0.5105973143084984
VA644_WB,MD,31909,110N50127,ready,1.164095849802371,0.4845130105401842
VA644_WB,MD,31913,110N50126,ready,5.9904458403914935,0.5749349237718797
VA644_WB,MD,29376,110-50125,ready,4.682006664438624,2.7637155486906937
VA644_WB,MD,29381,110-50124,ready,12.524477931488802,1.6452775032938074
VA644_WB,MD,31515,110-50123,ready,7.308878941734275,0.8119833771063037
VA644_WB,MD,29462,110-50122,ready,22.086873970685115,0.8766260293148881
VA644_WB,MD,29454,110-50121,ready,8.475714550395258,0.8382474061264819
VA644_WB,PM,29186,110-50131,ready,0.3966379323056244,6.439003747491851
VA644_WB,PM,29225,110-52382,ready,1.716540103847563,3.8690851639110244
VA644_WB,PM,34817,110-50130,ready,1.1535101012420885,6.020318516634556
VA644_WB,PM,34820,110-50129,ready,0.8432037440971876,4.206530259795805
VA644_WB,PM,34759,110-50128,ready,17.09092391304348,0.390201086956522
VA644_WB,PM,34744,110-50127,ready,0.6897999011857712,0.6557314723320142
VA644_WB,PM,31909,110N50127,ready,2.8891287143562963,0.7551875088227002
VA644_WB,PM,31913,110N50126,ready,10.307051630434781,1.7136168478260874
VA644_WB,PM,29376,110-50125,ready,10.987798236636552,1.349530944146434
VA644_WB,PM,29381,110-50124,ready,3.687720202925353,3.107669595448261
VA644_WB,PM,31515,110-50123,ready,7.563494318181817,0.8360002470355727
VA644_WB,PM,29462,110-50122,ready,24.641480801806892,1.563708639186899
VA644_WB,PM,29454,110-50121,ready,0.49553607197872873,2.737679175337375
VA645_NB,AM,35307,110+57909,ready,18.196168595896854,0.7929185958968551
VA645_NB,AM,29513,110+57908,ready,19.113387916431396,0.5798746000376432
VA645_NB,AM,29548,110+57910,ready,1.9961463192604685,9.361259823837596
VA645_NB,AM,29497,110+57907,ready,12.648386857707509,1.0363796113306984
VA645_NB,AM,29717,110+57912,ready,12.403215579710144,0.8142119565217367
VA645_NB,AM,28861,110+57906,ready,9.993173913043478,0.6403434782608691
VA645_NB,AM,35362,110+57913,ready,3.807545289855074,1.4957300724637665
VA645_NB,AM,35278,110+57905,ready,2.900297951357676,4.500427430362893
VA645_NB,AM,35373,110+57914,ready,2.4992391304347836,1.2680942028985474
VA645_NB,AM,34495,110+57904,ready,12.557847826086956,2.4377565217391277
VA645_NB,AM,29564,110+57903,ready,26.267104390175046,1.0427407538114062
VA645_NB,AM,35379,110+57915,ready,10.39230072463768,1.4475253623188398
VA645_NB,AM,35412,110+57916,ready,8.065538537549408,1.0792885375494075
VA645_NB,AM,35567,110+57917,ready,8.50011920446703,0.7071788223853458
VA645_NB,AM,35756,110+57918,ready,10.886507740447955,0.8674896245059305
VA645_NB,AM,30786,110+57919,ready,11.18365283267457,2.272986166007904
VA645_NB,AM,30808,110+57920,ready,5.558976637501162,9.134270439360455
VA645_NB,AM,31076,110P57920,ready,26.289900362318843,1.092567028985507
VA645_NB,AM,33281,110+57921,ready,1.3956223099817067,3.77756585070172
VA645_NB,MD,35307,110+57909,ready,19.196876235177864,0.6472052865612642
VA645_NB,MD,29513,110+57908,ready,19.915488718708826,0.5531410573122534
VA645_NB,MD,29548,110+57910,ready,24.307228260869564,0.768500000000001
VA645_NB,MD,29497,110+57907,ready,13.343460968379446,1.7010680171278
VA645_NB,MD,29717,110+57912,ready,14.358709886128361,0.3703227225672879
VA645_NB,MD,28861,110+57906,ready,9.48780220685112,0.6625836627140975
VA645_NB,MD,35362,110+57913,ready,2.2406908761528332,0.266067687747037
VA645_NB,MD,35278,110+57905,ready,14.616945111048372,3.618045830980614
VA645_NB,MD,35373,110+57914,ready,1.852725214097496,1.579699028326745
VA645_NB,MD,34495,110+57904,ready,11.589130846508565,3.764465167984189
VA645_NB,MD,29564,110+57903,ready,26.419418450456,1.0063938025084276
VA645_NB,MD,35379,110+57915,ready,11.459972904510948,0.435865197001067
VA645_NB,MD,35412,110+57916,ready,1.368505598053658,7.281858770321871
VA645_NB,MD,35567,110+57917,ready,10.823810935441367,0.4168213109354415
VA645_NB,MD,35756,110+57918,ready,10.796227972661393,0.857866806653492
VA645_NB,MD,30786,110+57919,ready,9.467930253623187,1.4432726449275366
VA645_NB,MD,30808,110+57920,ready,17.17991250823452,3.7146617671277995
VA645_NB,MD,31076,110P57920,ready,26.162527585638998,0.7804379940711458
VA645_NB,MD,33281,110+57921,ready,15.747595981162556,1.0152101782577334
VA645_NB,PM,35307,110+57909,ready,0.40301562155962367,4.274310768328694
VA645_NB,PM,29513,110+57908,ready,0.41008307894686524,4.097019276616963
VA645_NB,PM,29548,110+57910,ready,25.252366600790513,1.0242334486166
VA645_NB,PM,29497,110+57907,ready,0.9616300270287319,2.778729326640346
VA645_NB,PM,29717,110+57912,ready,15.57150599061265,0.6053239253952563
VA645_NB,PM,28861,110+57906,ready,10.76429347826087,0.5993532608695644
VA645_NB,PM,35362,110+57913,ready,1.815826333992094,0.2942974308300408
VA645_NB,PM,35278,110+57905,ready,20.31902950310559,1.106802795031056
VA645_NB,PM,35373,110+57914,ready,1.1118638833992103,0.6280138339920951
VA645_NB,PM,34495,110+57904,ready,15.689863115824393,1.0473344773433089
VA645_NB,PM,29564,110+57903,ready,1.0652136614140792,9.427485074313134
VA645_NB,PM,35379,110+57915,ready,11.578389975061171,0.5049486871823818
VA645_NB,PM,35412,110+57916,ready,8.628783349802372,0.8992697628458486
VA645_NB,PM,35567,110+57917,ready,11.423217020750988,0.4013647480237159
VA645_NB,PM,35756,110+57918,ready,13.020070096343872,1.185383708003951
VA645_NB,PM,30786,110+57919,ready,12.460153853166759,1.409510572534348
VA645_NB,PM,30808,110+57920,ready,20.503126058723886,1.1261006493506491
VA645_NB,PM,31076,110P57920,ready,27.309617094861657,0.3354644268774707
VA645_NB,PM,33281,110+57921,ready,17.469237277667986,0.6368296689723312
VA645_SB,AM,35754,110-57920,ready,2.4430168451484318,4.840730951159492
VA645_SB,AM,30787,110N57920,ready,27.4563777526821,3.1502328251458684
VA645_SB,AM,31077,110-57919,ready,4.468325699044395,6.005713964086628
VA645_SB,AM,35545,110-57918,ready,11.381515151515151,0.9388386034255601
VA645_SB,AM,35558,110-57917,ready,9.48603549077734,1.025819581686429
VA645_SB,AM,30878,110-57916,ready,12.7780220685112,1.11282608695652
VA645_SB,AM,29761,110-57915,ready,6.499909420289853,0.6910108695652166
VA645_SB,AM,29699,110-57914,ready,10.299187335309618,0.20785219038208128
VA645_SB,AM,35380,110-57913,ready,8.690876564558629,0.7353151350461106
VA645_SB,AM,29904,110-57902,ready,19.725477190382087,1.1403105237154139
VA645_SB,AM,29708,110-57912,ready,9.592541996047432,0.849589097496707
VA645_SB,AM,29485,110-57903,ready,11.179284584980238,2.8232715415019767
VA645_SB,AM,29710,110-57911,ready,16.148007246376814,0.6690177865612638
VA645_SB,AM,31501,110-57904,ready,12.788400691699607,1.6722558300395245
VA645_SB,AM,29544,110-57909,ready,23.074364648033125,0.19025854037267168
VA645_SB,AM,28859,110-57905,ready,9.489337670180062,0.8464219916556868
VA645_SB,AM,35316,110-57908,ready,19.208925395256916,1.028482378129118
VA645_SB,AM,35288,110-57906,ready,13.3764715085639,1.4726381752305677
VA645_SB,AM,29514,110-57907,ready,1.8471767823895247,5.126059954519735
VA645_SB,MD,35754,110-57920,ready,13.727046895586298,0.8486143362977604
VA645_SB,MD,30787,110N57920,ready,24.42303026381831,1.6051742816362384
VA645_SB,MD,31077,110-57919,ready,14.880824687088273,4.195883646245059
VA645_SB,MD,35545,110-57918,ready,10.933441617259552,0.7040438899868239
VA645_SB,MD,35558,110-57917,ready,11.062272727272727,0.3181711133069829
VA645_SB,MD,30878,110-57916,ready,13.997719038208167,0.527431488801054
VA645_SB,MD,29761,110-57915,ready,4.98452527997365,0.3976479743082999
VA645_SB,MD,29699,110-57914,ready,9.727833498023715,1.1076469038208174
VA645_SB,MD,35380,110-57913,ready,8.403942687747033,1.6925102108036907
VA645_SB,MD,29904,110-57902,ready,20.404360354319596,0.900764645680406
VA645_SB,MD,29708,110-57912,ready,10.178463438735179,0.509519104084322
VA645_SB,MD,29485,110-57903,ready,12.485267621870884,2.3408901515151515
VA645_SB,MD,29710,110-57911,ready,15.680367671277997,1.8234656620553367
VA645_SB,MD,31501,110-57904,ready,15.857067570111047,0.9697130623000189
VA645_SB,MD,29544,110-57909,ready,23.541422738644204,0.2624450149789836
VA645_SB,MD,28859,110-57905,ready,8.53039615522817,1.2720129356809204
VA645_SB,MD,35316,110-57908,ready,19.035118988801056,0.8157686923583664
VA645_SB,MD,35288,110-57906,ready,11.671788125823452,2.1424799901185767
VA645_SB,MD,29514,110-57907,ready,20.714971414455107,0.7885702522115571
VA645_SB,PM,35754,110-57920,ready,0.3286151086215532,2.5527280170905167
VA645_SB,PM,30787,110N57920,ready,24.438480422430832,0.37596275938735224
VA645_SB,PM,31077,110-57919,ready,1.9559005819591302,3.495935193726664
VA645_SB,PM,35545,110-57918,ready,11.112631899350648,0.3153863459909645
VA645_SB,PM,35558,110-57917,ready,3.399385248575146,3.5657653377801966
VA645_SB,PM,30878,110-57916,ready,1.2797448619137186,2.9408189714800597
VA645_SB,PM,29761,110-57915,ready,7.8490285326086955,1.659072010869566
VA645_SB,PM,29699,110-57914,ready,11.4496875,1.0211711956521743
VA645_SB,PM,35380,110-57913,ready,9.954198369565217,0.7463315217391306
VA645_SB,PM,29904,110-57902,ready,20.743792613636366,0.31467551877470346
VA645_SB,PM,29708,110-57912,ready,11.021413661067193,0.677320281620553
VA645_SB,PM,29485,110-57903,ready,14.620607089920949,0.7010907855731225
VA645_SB,PM,29710,110-57911,ready,28.112415096226236,10.041852596226239
VA645_SB,PM,31501,110-57904,ready,2.1168719934112863,2.1854885211381014
VA645_SB,PM,29544,110-57909,ready,23.968834609683793,0.21941983695652212
VA645_SB,PM,28859,110-57905,ready,9.896367959486163,0.42872937252964327
VA645_SB,PM,35316,110-57908,ready,19.407653426736307,0.691616124364766
VA645_SB,PM,35288,110-57906,ready,13.747490736166007,0.6932570405138336
VA645_SB,PM,29514,110-57907,ready,1.919764948183319,6.275614104676235
VA647_EB,AM,35232,110P57899,ready,10.41497164972708,0.6854578314197882
VA647_EB,AM,5136,110+57900,ready,6.361094367588933,0.5681800065876145
VA647_EB,MD,35232,110P57899,ready,0.8124351822167547,5.2324246791880515
VA647_EB,MD,5136,110+57900,ready,6.129822869612272,0.44377609754376035
VA647_EB,PM,35232,110P57899,ready,9.45811938288161,0.2954971002729163
VA647_EB,PM,5136,110+57900,ready,5.344092526585733,0.17161640669113432
VA647_WB,AM,29438,110N57900,ready,3.971376811594203,0.62131884057971
VA647_WB,AM,35229,110-57899,ready,4.30108805445762,0.323448742079177
VA647_WB,AM,29527,110N57899,ready,12.568624135375494,1.766182106389987
VA647_WB,MD,29438,110N57900,ready,6.396768049281637,0.5067018437480398
VA647_WB,MD,35229,110-57899,ready,6.120128664361001,0.40857019927536314
VA647_WB,MD,29527,110N57899,ready,13.696909555571239,0.9807390814197876
VA647_WB,PM,29438,110N57900,ready,6.818056180006587,0.6851186800065876
VA647_WB,PM,35229,110-57899,ready,6.219232954545454,0.21079001976284628
VA647_WB,PM,29527,110N57899,ready,2.433724545692267,8.085312459329566
VA648_EB,AM,28753,110+11024,ready,17.87339962121212,0.7190662878787869
VA648_EB,AM,32606,110P11024,ready,21.018833992094862,0.41171936758893235
VA648_EB,AM,27982,110+11025,ready,12.3301545095221,0.22380991735537234
VA648_EB,MD,28753,110+11024,ready,18.54104474480833,1.0207324291047115
VA648_EB,MD,32606,110P11024,ready,22.855066699604745,0.5087104743083004
VA648_EB,MD,27982,110+11025,ready,12.809122210492722,0.7183431615643332
VA648_EB,PM,28753,110+11024,ready,0.8946172955861857,3.004917712572273
VA648_EB,PM,32606,110P11024,ready,0.5838168975345559,5.985937010371794
VA648_EB,PM,27982,110+11025,ready,1.1084112479567738,2.1451657892241083
VA648_WB,AM,31613,110-11024,ready,17.44076039902127,0.7657386598908348
VA648_WB,AM,28744,110N11024,ready,18.911418478260867,1.8214510869565224
VA648_WB,AM,34340,110-11023,ready,2.088421197729193,8.944973184700197
VA648_WB,MD,31613,110-11024,ready,18.544323122529644,0.32620899209486237
VA648_WB,MD,28744,110N11024,ready,1.720979343899004,7.228882079412418
VA648_WB,MD,34340,110-11023,ready,17.931051342226613,0.6825193099472989
VA648_WB,PM,31613,110-11024,ready,0.9185917400768804,7.001074916204539
VA648_WB,PM,28744,110N11024,ready,20.69344539001371,0.4969306821542853
VA648_WB,PM,34340,110-11023,ready,17.492401185770753,0.2895607707509886
VA649_NB,AM,28867,110+51875,ready,1.501682203463958,2.344037356736205
VA649_NB,AM,34262,110+51876,ready,18.911630434782605,1.760307971014493
VA649_NB,AM,28875,110+51877,ready,21.946648550724635,1.0408260869565218
VA649_NB,AM,28968,110+51878,ready,1.6712090821833383,1.8050324756734721
VA649_NB,MD,28867,110+51875,ready,10.129189929183136,1.5463708415678525
VA649_NB,MD,34262,110+51876,ready,1.3466861593911366,5.08591732868336
VA649_NB,MD,28875,110+51877,ready,1.3522705195824773,0.48730599865110785
VA649_NB,MD,28968,110+51878,ready,15.012346602672688,0.4730084697910792
VA649_NB,PM,28867,110+51875,ready,11.105003087944663,1.039923542490119
VA649_NB,PM,34262,110+51876,ready,19.29361598320158,0.6074425642292485
VA649_NB,PM,28875,110+51877,ready,22.790690773221343,0.7401391427865607
VA649_NB,PM,28968,110+51878,ready,15.727911931818182,0.7866728013833983
VA649_SB,AM,30015,110-51877,ready,15.65465415019763,0.4849647562582324
VA649_SB,AM,28890,110-51876,ready,20.885290678524374,0.4539329710144922
VA649_SB,AM,28877,110-51875,ready,17.358197463768118,0.7604365942028997
VA649_SB,AM,28870,110-51874,ready,8.945634057971013,0.5379347826086965
VA649_SB,AM,34279,110N51874,ready,23.29092226613966,0.5977081686429516
VA649_SB,MD,30015,110-51877,ready,15.647587285902503,0.44085556653491526
VA649_SB,MD,28890,110-51876,ready,20.061577322134386,0.4716138833992101
VA649_SB,MD,28877,110-51875,ready,18.89227182896155,0.8089099892202658
VA649_SB,MD,28870,110-51874,ready,10.718258193346507,1.5823577486824778
VA649_SB,MD,34279,110N51874,ready,24.104088850461135,1.12842564229249
VA649_SB,PM,30015,110-51877,ready,1.0901949152810742,4.260461280844577
VA649_SB,PM,28890,110-51876,ready,0.32744986403255627,5.346342465804797
VA649_SB,PM,28877,110-51875,ready,22.70369071146245,2.0775657114624506
VA649_SB,PM,28870,110-51874,ready,2.3760653895295762,3.6635724890022794
VA649_SB,PM,34279,110N51874,ready,0.40227738840724103,5.807266898405414
VA650_NB,AM,28981,110+50155,ready,2.710425063250517,9.47721581871693
VA650_NB,AM,33007,110P50155,ready,15.873052536231883,0.6646105072463774
VA650_NB,AM,30144,110+51808,ready,2.467424655924315,4.482828223777692
VA650_NB,AM,28954,110+50156,ready,13.989528162055336,1.8473160408432145
VA650_NB,AM,34611,110+50157,ready,17.21677959721438,1.8587276491624298
VA650_NB,AM,30932,110+50158,ready,12.991639904479579,0.9977352602108045
VA650_NB,AM,33557,110+50159,ready,15.98458539196311,1.2235998847167329
VA650_NB,AM,30641,110+50160,ready,16.964141551383396,0.996210391963109
VA650_NB,AM,33749,110P50160,ready,13.510522068511198,0.6529677206851128
VA650_NB,AM,30628,110+50161,ready,20.36697463768116,0.3685362318840582
VA650_NB,AM,30631,110P50161,ready,22.729687911725957,0.422805171277997
VA650_NB,MD,28981,110+50155,ready,17.108924571805005,3.1273924571805005
VA650_NB,MD,33007,110P50155,ready,17.21741065546772,0.3191917819499343
VA650_NB,MD,30144,110+51808,ready,11.533333333333333,1.6611467391304338
VA650_NB,MD,28954,110+50156,ready,0.7156018789563136,4.4100044211497895
VA650_NB,MD,34611,110+50157,ready,0.8112944031447692,5.98723669161723
VA650_NB,MD,30932,110+50158,ready,15.637511528326746,0.8059051383399208
VA650_NB,MD,33557,110+50159,ready,1.3421736986975603,5.468882908221226
VA650_NB,MD,30641,110+50160,ready,20.096274703557313,1.5621365283267459
VA650_NB,MD,33749,110P50160,ready,16.239444993412384,1.0893499670619236
VA650_NB,MD,30628,110+50161,ready,23.32428647891963,0.7348185935441368
VA650_NB,MD,30631,110P50161,ready,0.8275232348813552,6.7028215501245585
VA650_NB,PM,28981,110+50155,ready,19.085767663043477,1.1973845108695644
VA650_NB,PM,33007,110P50155,ready,0.5881103553179339,4.95096964331713
VA650_NB,PM,30144,110+51808,ready,12.912927989130434,0.620908967391304
VA650_NB,PM,28954,110+50156,ready,11.68965062111801,1.317104037267081
VA650_NB,PM,34611,110+50157,ready,19.854232954545456,0.5910106225296439
VA650_NB,PM,30932,110+50158,ready,0.7692452697880727,2.5822058758189215
VA650_NB,PM,33557,110+50159,ready,18.117072010869563,1.1165964673913047
VA650_NB,PM,30641,110+50160,ready,1.1893494801118007,5.461300325416295
VA650_NB,PM,33749,110P50160,ready,1.7311408674873991,3.54919419583448
VA650_NB,PM,30628,110+50161,ready,1.020692880952716,8.652345891634742
VA650_NB,PM,30631,110P50161,ready,24.25077600049407,0.3451769392292495
VA650_SB,AM,30976,110N50161,ready,22.585770339262186,0.7790919795783925
VA650_SB,AM,30056,110-51807,ready,13.580114085519222,0.3075621631333082
VA650_SB,AM,30632,110-50160,ready,16.057880434782607,0.3818188405797092
VA650_SB,AM,32314,110N50160,ready,13.879619565217391,0.8023297101449266
VA650_SB,AM,31222,110-50159,ready,17.130923913043475,1.1175760869565223
VA650_SB,AM,31268,110-50158,ready,12.724575098814228,1.6155750988142277
VA650_SB,AM,33510,110-50157,ready,12.454784667325427,0.5889399703557304
VA650_SB,AM,30929,110-50156,ready,16.070516716073783,1.1746318346508566
VA650_SB,AM,34603,110-50155,ready,14.05233695652174,1.4587536231884057
VA650_SB,AM,31705,110N50155,ready,14.538776938641066,0.7151972284961415
VA650_SB,AM,34236,110-51870,ready,4.515578738228851,6.060995292095927
VA650_SB,MD,30976,110N50161,ready,23.89275485836627,0.3523965744400534
VA650_SB,MD,30056,110-51807,ready,13.460448469300077,2.1169863133086197
VA650_SB,MD,30632,110-50160,ready,20.56811451079114,0.566286510289228
VA650_SB,MD,32314,110N50160,ready,19.70762187088274,0.8753143939393939
VA650_SB,MD,31222,110-50159,ready,18.73376358695652,1.4712527173913053
VA650_SB,MD,31268,110-50158,ready,14.393463732825147,1.0304366294936942
VA650_SB,MD,33510,110-50157,ready,13.891935470012028,1.3164426018216187
VA650_SB,MD,30929,110-50156,ready,20.747980895915678,1.164098402503294
VA650_SB,MD,34603,110-50155,ready,13.935280797101449,1.2648115942028995
VA650_SB,MD,31705,110N50155,ready,17.94811882411067,1.2401568675889327
VA650_SB,MD,34236,110-51870,ready,14.853726943346508,1.3971972990777344
VA650_SB,PM,30976,110N50161,ready,23.926542531291172,0.5963939805665346
VA650_SB,PM,30056,110-51807,ready,0.6746763034670964,2.5795891012437937
VA650_SB,PM,30632,110-50160,ready,2.107494710345527,4.290138648520713
VA650_SB,PM,32314,110N50160,ready,0.9609574399579168,3.968280561477338
VA650_SB,PM,31222,110-50159,ready,2.791525229326704,6.166048970985199
VA650_SB,PM,31268,110-50158,ready,0.67502054910234,3.241259532924432
VA650_SB,PM,33510,110-50157,ready,1.4110647066658875,3.47428749666479
VA650_SB,PM,30929,110-50156,ready,21.593180583003953,0.7971343873517782
VA650_SB,PM,34603,110-50155,ready,3.094546713239696,4.080218532457933
VA650_SB,PM,31705,110N50155,ready,1.4751040104491069,5.193079030957286
VA650_SB,PM,34236,110-51870,ready,1.4733733646261753,3.971692680657874
VA659_NB,AM,36103,110+13277,ready,8.300970026350459,0.6592200263504585
VA659_NB,AM,36114,110+13278,ready,8.271014492753624,2.0652644927536232
VA659_NB,AM,36305,110+13281,ready,2.5556490966222745,2.1223763666429787
VA659_NB,AM,38062,110P13280,ready,3.1298650292835055,1.9174858460294022
VA659_NB,AM,38130,110+13279,ready,0.8182199836254664,3.5977133916709447
VA659_NB,AM,37389,110+13779,ready,2.3837187088274043,1.83270421607378
VA659_NB,AM,36316,110P13779,ready,12.563549156157853,0.6712737938390099
VA659_NB,AM,37078,110+13286,ready,6.944972826086956,0.8637445652173911
VA659_NB,AM,36712,110+13287,ready,3.8966762343936256,0.8811798575820328
VA659_NB,AM,36675,110P13287,ready,1.2856820962305164,0.8225117593210488
VA659_NB,AM,36283,110+13288,ready,15.656014492753622,1.1116811594202891
VA659_NB,AM,37711,110+13289,ready,1.9459782608695637,0.43806159420289664
VA659_NB,MD,36103,110+13277,ready,8.434002593873517,0.27513426383399153
VA659_NB,MD,36114,110+13278,ready,6.674386351872765,1.1121154597214382
VA659_NB,MD,36305,110+13281,ready,8.02128005599473,0.4258353919631099
VA659_NB,MD,38062,110P13280,ready,7.396639492753624,0.8845996376811595
VA659_NB,MD,38130,110+13279,ready,16.45528454184704,0.9921303132254217
VA659_NB,MD,37389,110+13779,ready,1.7419836956521733,0.1983315217391306
VA659_NB,MD,36316,110P13779,ready,11.415813158761528,1.0450127635046118
VA659_NB,MD,37078,110+13286,ready,7.049424631692417,1.6055712360761782
VA659_NB,MD,36712,110+13287,ready,2.8370355731225283,1.6027371541501985
VA659_NB,MD,36675,110P13287,ready,0.7228667583204439,2.581409921521453
VA659_NB,MD,36283,110+13288,ready,17.37390851449275,1.4494664855072459
VA659_NB,MD,37711,110+13289,ready,2.2366082015810274,0.7055149868247691
VA659_NB,PM,36103,110+13277,ready,7.6497690217391305,0.755315217391304
VA659_NB,PM,36114,110+13278,ready,7.184462350292727,0.5372123502927271
VA659_NB,PM,36305,110+13281,ready,8.067866847826085,0.33057732213438684
VA659_NB,PM,38062,110P13280,ready,8.578990242094862,0.9635228507905145
VA659_NB,PM,38130,110+13279,ready,16.8350790513834,0.41093008893280714
VA659_NB,PM,37389,110+13779,ready,1.4576086956521728,0.35280706521739225
VA659_NB,PM,36316,110P13779,ready,12.555180953557311,0.7069961709486172
VA659_NB,PM,37078,110+13286,ready,8.360757781620553,1.2560492835968375
VA659_NB,PM,36712,110+13287,ready,4.529732583992095,0.48163747529644185
VA659_NB,PM,36675,110P13287,ready,4.3121874999999985,2.4774999999999987
VA659_NB,PM,36283,110+13288,ready,1.6740651720213584,2.7135205945995517
VA659_NB,PM,37711,110+13289,ready,2.8330088932806334,0.4207388833992103
VA659_SB,AM,37710,110-13288,ready,0.6640579710144934,0.7428115942028981
VA659_SB,AM,36279,110-13287,ready,14.713893692358369,2.1157270256917005
VA659_SB,AM,36010,110N13287,ready,2.505033761528326,0.9219698616600773
VA659_SB,AM,36677,110-13286,ready,1.4059082674571783,0.8644227602108027
VA659_SB,AM,36729,110-13779,ready,5.895214097496705,0.4677763504611316
VA659_SB,AM,36306,110N13280,ready,2.1934276137861426,2.5869248861658507
VA659_SB,AM,36308,110-13280,ready,9.05334309712027,1.0131728072651995
VA659_SB,AM,37077,110N13779,ready,10.413539078674946,1.6265311735366064
VA659_SB,AM,37388,110-13285,ready,1.722355072463768,0.8271231884057979
VA659_SB,AM,36307,110-13278,ready,0.8882341772782307,5.342455750050543
VA659_SB,AM,36108,110-13277,ready,7.540714756258233,1.835696640316204
VA659_SB,AM,36113,110-13276,ready,9.584611330698285,1.6675266798418964
VA659_SB,MD,37710,110-13288,ready,0.4470471014492749,0.5386974637681154
VA659_SB,MD,36279,110-13287,ready,16.169791666666665,0.7336521739130433
VA659_SB,MD,36010,110N13287,ready,3.080282649868248,1.1346177124505923
VA659_SB,MD,36677,110-13286,ready,0.6833275691699617,1.1330961791831362
VA659_SB,MD,36729,110-13779,ready,6.396124685591087,1.6872022996766085
VA659_SB,MD,36306,110N13280,ready,8.180745223978919,0.6077855731225291
VA659_SB,MD,36308,110-13280,ready,0.9731451636655164,3.744791688384616
VA659_SB,MD,37077,110N13779,ready,9.591186182476942,1.143627223320158
VA659_SB,MD,37388,110-13285,ready,1.7573777173913046,1.3058722826086955
VA659_SB,MD,36307,110-13278,ready,18.117687368639814,0.8147878297728841
VA659_SB,MD,36108,110-13277,ready,5.153633069828722,0.7773885046113307
VA659_SB,MD,36113,110-13276,ready,7.44121829710145,1.2395117753623188
VA659_SB,PM,37710,110-13288,ready,0.3786277173913044,0.25738315217391383
VA659_SB,PM,36279,110-13287,ready,0.4553759169968057,2.8372031205534554
VA659_SB,PM,36010,110N13287,ready,5.854721467391304,1.4324741847826106
VA659_SB,PM,36677,110-13286,ready,2.673020892151326,0.9259743083003948
VA659_SB,PM,36729,110-13779,ready,7.995237771739131,1.2232602519762836
VA659_SB,PM,36306,110N13280,ready,9.075625000000002,0.7889347826086963
VA659_SB,PM,36308,110-13280,ready,10.220285326086955,0.6053999505928858
VA659_SB,PM,37077,110N13779,ready,0.8105951390525545,1.3171712616162379
VA659_SB,PM,37388,110-13285,ready,2.665027173913043,0.822940217391305
VA659_SB,PM,36307,110-13278,ready,17.904713791643136,0.3381309288537552
VA659_SB,PM,36108,110-13277,ready,7.458031126482213,1.7883572134387342
VA659_SB,PM,36113,110-13276,ready,9.480011954757199,0.9609163284632025
VA668_EB,AM,33229,110+58019,ready,9.382184782608695,0.8140152173913051
VA668_EB,MD,33229,110+58019,ready,11.229734784319765,1.3820727289837953
VA668_EB,PM,33229,110+58019,ready,1.8623676516683958,3.5761624719245777
VA668_WB,AM,33232,110-58018,ready,8.111205925716796,1.693789259050128
VA668_WB,MD,33232,110-58018,ready,1.3064545370232823,3.364986954456917
VA668_WB,PM,33232,110-58018,ready,7.985991230237154,0.42144626976284516
VA671_NB,AM,36524,110+59237,ready,4.529918219461697,0.3094379823075464
VA671_NB,MD,36524,110+59237,ready,6.122524703557314,1.200121541501977
VA671_NB,PM,36524,110+59237,ready,4.834632534584981,0.5308647480237139
VA671_SB,AM,36995,110-59236,ready,5.540879564276305,1.0123350194491494
VA671_SB,MD,36995,110-59236,ready,5.668810523715416,0.6879811429512506
VA671_SB,PM,36995,110-59236,ready,5.727779150197626,0.36746640316205603
VA673_EB,AM,33394,110+58007,ready,10.392007575757576,0.6755148221343875
VA673_EB,AM,31050,110+58008,ready,5.96618988801054,0.6619942358366279
VA673_EB,AM,30752,110+58009,ready,9.56230957457874,0.8838095745787408
VA673_EB,AM,33428,110+58010,ready,17.19547348484849,1.0236401515151528
VA673_EB,AM,33444,110+58011,ready,2.6357467084934787,9.271739149259115
VA673_EB,AM,30607,110+58012,ready,24.393005599472996,0.632172266139657
VA673_EB,AM,30610,110P58012,ready,31.16841650197628,0.5704309947299074
VA673_EB,MD,33394,110+58007,ready,11.405506011198945,0.9062434947299082
VA673_EB,MD,31050,110+58008,ready,7.39275040424003,1.222795050305425
VA673_EB,MD,30752,110+58009,ready,10.232173089591567,1.6344748023715419
VA673_EB,MD,33428,110+58010,ready,17.56773180171278,0.9775598649538862
VA673_EB,MD,33444,110+58011,ready,24.05781373517787,2.2651029314888014
VA673_EB,MD,30607,110+58012,ready,25.804369235836628,0.6171941699604747
VA673_EB,MD,30610,110P58012,ready,30.642407361660077,0.5155587121212123
VA673_EB,PM,33394,110+58007,ready,11.684680706521739,0.44326222826086914
VA673_EB,PM,31050,110+58008,ready,7.942257287549407,0.26926222826087054
VA673_EB,PM,30752,110+58009,ready,11.074801753952569,0.3326849061264814
VA673_EB,PM,33428,110+58010,ready,17.675708683300392,0.31939297183794313
VA673_EB,PM,33444,110+58011,ready,25.25034232072275,1.0002367306606437
VA673_EB,PM,30607,110+58012,ready,0.37714040051339914,8.536649281112268
VA673_EB,PM,30610,110P58012,ready,30.97138031126482,0.3131658843873518
VA673_WB,AM,30969,110N58012,ready,1.1703822165577624,13.859344871323183
VA673_WB,AM,30609,110-58011,ready,24.18229125494071,0.8960992259552046
VA673_WB,AM,33457,110-58010,ready,22.209153491436098,0.955488471673255
VA673_WB,AM,30737,110-58009,ready,16.85657032279315,0.1902985836627149
VA673_WB,AM,33424,110-58008,ready,9.14283390974967,0.9096660902503283
VA673_WB,AM,30750,110-58007,ready,7.697952898550725,0.6288659420289857
VA673_WB,AM,31030,110-58006,ready,11.372088077984818,0.40372971171340755
VA673_WB,MD,30969,110N58012,ready,30.160681752501727,0.6179879119220149
VA673_WB,MD,30609,110-58011,ready,25.15199867463454,0.7640502384089339
VA673_WB,MD,33457,110-58010,ready,23.182159090909092,0.5666271409749669
VA673_WB,MD,30737,110-58009,ready,17.841350049407115,0.38750139986824905
VA673_WB,MD,33424,110-58008,ready,9.909087821146244,1.194620512187089
VA673_WB,MD,30750,110-58007,ready,8.327482746721875,0.6996440648723272
VA673_WB,MD,31030,110-58006,ready,12.692928194993414,0.8359920948616605
VA673_WB,PM,30969,110N58012,ready,30.088014760375493,0.2843086091897239
VA673_WB,PM,30609,110-58011,ready,1.3107938112895867,7.751296016637872
VA673_WB,PM,33457,110-58010,ready,0.7386172468151335,4.4938405782732485
VA673_WB,PM,30737,110-58009,ready,18.058814082204027,0.22673612483530903
VA673_WB,PM,33424,110-58008,ready,11.601232089920948,0.724350666996048
VA673_WB,PM,30750,110-58007,ready,9.486784832015811,0.6689723320158105
VA673_WB,PM,31030,110-58006,ready,13.659392998306043,0.5081352343308857
VA674_NB,AM,30697,110+10102,ready,2.727442332135266,7.878595459342681
VA674_NB,AM,33446,110+10103,ready,2.456692026287898,6.9874942512368206
VA674_NB,AM,30736,110+10104,ready,19.313605072463762,1.5718550724637679
VA674_NB,AM,31865,110P10104,ready,2.9048819073026944,9.689498882322395
VA674_NB,AM,30494,110+10105,ready,12.779361001317525,0.5430579710144924
VA674_NB,AM,30411,110P10105,ready,2.550635672369168,10.337154267374414
VA674_NB,AM,34002,110+10106,ready,1.1135101193520576,12.526028793784805
VA674_NB,AM,30419,110+10107,ready,7.669589920948615,1.694189920948616
VA674_NB,MD,30697,110+10102,ready,16.603161157024793,0.49273014732303366
VA674_NB,MD,33446,110+10103,ready,18.833597043807643,1.2020605648880103
VA674_NB,MD,30736,110+10104,ready,22.2200137928195,0.4668453145586294
VA674_NB,MD,31865,110P10104,ready,25.346875,1.4295217391304351
VA674_NB,MD,30494,110+10105,ready,13.650295095220986,0.5671416636722956
VA674_NB,MD,30411,110P10105,ready,25.164678442028986,1.5639048913043478
VA674_NB,MD,34002,110+10106,ready,18.6935744282891,0.7557317311311881
VA674_NB,MD,30419,110+10107,ready,6.181030961791831,0.5414795783926222
VA674_NB,PM,30697,110+10102,ready,16.943911808300392,0.19707386363636448
VA674_NB,PM,33446,110+10103,ready,19.546871912055337,0.9883719120553358
VA674_NB,PM,30736,110+10104,ready,1.8490541971949004,3.711729619565216
VA674_NB,PM,31865,110P10104,ready,26.233565958498026,1.1354733201581027
VA674_NB,PM,30494,110+10105,ready,4.018099611021043,3.1309878900043433
VA674_NB,PM,30411,110P10105,ready,27.40178668478261,1.2125013586956528
VA674_NB,PM,34002,110+10106,ready,18.676683856225296,0.3755588562252963
VA674_NB,PM,30419,110+10107,ready,5.887680027173914,0.5920373641304342
VA674_SB,AM,33062,110-10106,ready,4.016316699604743,0.6961029314888
VA674_SB,AM,30421,110-10105,ready,15.425484189723319,0.5470638998682474
VA674_SB,AM,30415,110N10105,ready,1.8790762774081207,8.288425195062283
VA674_SB,AM,30407,110-10104,ready,2.793978272957314,2.3658340006436043
VA674_SB,AM,31861,110N10104,ready,21.72266551383399,1.5189118906455856
VA674_SB,AM,30742,110-10103,ready,22.217954545454543,1.1116610671936762
VA674_SB,AM,30739,110-10102,ready,16.51282608695652,1.3967260869565223
VA674_SB,AM,33459,110-10101,ready,14.522588932806324,0.9310382081686438
VA674_SB,MD,33062,110-10106,ready,5.9149774727084505,0.41941926642198474
VA674_SB,MD,30421,110-10105,ready,17.90407855731225,0.7043797760210806
VA674_SB,MD,30415,110N10105,ready,22.622217203086766,1.0949950828157358
VA674_SB,MD,30407,110-10104,ready,13.48197463768116,1.0756389986824777
VA674_SB,MD,31861,110N10104,ready,22.323877635046113,1.7016622200263505
VA674_SB,MD,30742,110-10103,ready,24.56036684782609,0.740403079710145
VA674_SB,MD,30739,110-10102,ready,18.603229656816612,0.5323319373862866
VA674_SB,MD,33459,110-10101,ready,17.054605586140912,0.9025421411318143
VA674_SB,PM,33062,110-10106,ready,6.508951657491059,0.575394192311312
VA674_SB,PM,30421,110-10105,ready,0.9264141091567848,9.03494520144391
VA674_SB,PM,30415,110N10105,ready,24.309794342885375,0.9821367341897231
VA674_SB,PM,30407,110-10104,ready,1.3795915599362802,4.821771073002062
VA674_SB,PM,31861,110N10104,ready,25.014567687747032,3.0770051877470346
VA674_SB,PM,30742,110-10103,ready,1.3854700331910492,5.714004149143043
VA674_SB,PM,30739,110-10102,ready,5.201383257203366,6.292418131627193
VA674_SB,PM,33459,110-10101,ready,1.1392737222818137,4.472668176493751
VA675_EB,AM,30499,110P58031,ready,3.541075377349637,3.100026802304613
VA675_EB,AM,32786,110+58032,ready,12.680729578392622,0.753705204216074
VA675_EB,AM,33970,110+58033,ready,11.60135128458498,0.7070360671936754
VA675_EB,AM,30493,110+58034,ready,15.135736989459815,0.6316506916996053
VA675_EB,MD,30499,110P58031,ready,10.110905946819978,1.2589576895436583
VA675_EB,MD,32786,110+58032,ready,16.212160737812912,1.1613763175230571
VA675_EB,MD,33970,110+58033,ready,13.236206357048749,0.47847266139657413
VA675_EB,MD,30493,110+58034,ready,16.836648550724636,0.7750126811594201
VA675_EB,PM,30499,110P58031,ready,10.471777950310557,0.38198009599096494
VA675_EB,PM,32786,110+58032,ready,1.438050545962264,3.7392321776258397
VA675_EB,PM,33970,110+58033,ready,0.6668104234564065,2.616571769390847
VA675_EB,PM,30493,110+58034,ready,0.8647033956515857,3.30409108995424
VA675_WB,AM,33960,110-58033,ready,16.542831733483908,0.39604550159984936
VA675_WB,AM,33967,110-58032,ready,11.082997776679845,0.47852017457180435
VA675_WB,AM,30488,110-58031,ready,12.154448698945982,1.1927070981554675
VA675_WB,MD,33960,110-58033,ready,17.446891567068196,0.3109870561202082
VA675_WB,MD,33967,110-58032,ready,13.003244812252964,0.40417728919631113
VA675_WB,MD,30488,110-58031,ready,14.870329380764161,0.6195372200263503
VA675_WB,PM,33960,110-58033,ready,1.0948705948623478,4.46561367745917
VA675_WB,PM,33967,110-58032,ready,14.27914596273292,0.8281863354037261
VA675_WB,PM,30488,110-58031,ready,2.692194453232429,2.192246116561249
VA677_NB,AM,4403,110P51799,ready,0.9964051383399204,1.1022703557312246
VA677_NB,AM,30630,110+51800,ready,8.010396492094861,0.7145998847167331
VA677_NB,AM,33788,110+51801,ready,13.353577451533974,1.286777451533973
VA677_NB,AM,33784,110P51801,ready,18.000587944664034,2.257381422924902
VA677_NB,AM,30984,110P51802,ready,13.309513653616913,0.6667485021017635
VA677_NB,AM,30576,110+51802,ready,15.224197134387351,1.210530467720684
VA677_NB,MD,4403,110P51799,ready,1.7387292931253528,1.2067914637445887
VA677_NB,MD,30630,110+51800,ready,10.24128355566535,0.9699428936100126
VA677_NB,MD,33788,110+51801,ready,15.884759915644302,0.9703049424225312
VA677_NB,MD,33784,110P51801,ready,21.772833909749675,0.40632106389986805
VA677_NB,MD,30984,110P51802,ready,15.904156373517788,0.7260788043478255
VA677_NB,MD,30576,110+51802,ready,17.978066534914362,0.4150041172595529
VA677_NB,PM,4403,110P51799,ready,2.2158297307312256,0.6287454916007911
VA677_NB,PM,30630,110+51800,ready,0.6191242666687982,3.5166845691942368
VA677_NB,PM,33788,110+51801,ready,0.8041144154574653,3.186170499199403
VA677_NB,PM,33784,110P51801,ready,0.8912864847921657,7.551275989428941
VA677_NB,PM,30984,110P51802,ready,1.0756624183446974,2.901369727720484
VA677_NB,PM,30576,110+51802,ready,1.1906011588312322,3.06713985094943
VA677_SB,AM,30983,110-51801,ready,22.636217061923585,0.860804677206851
VA677_SB,AM,4394,110N51802,ready,4.480766045548655,1.0077261904761912
VA677_SB,AM,30578,110N51801,ready,19.17119565217391,0.7052644927536237
VA677_SB,AM,33785,110-51800,ready,13.011831357048749,0.5549472990777362
VA677_SB,AM,33787,110-51799,ready,12.81650819922831,0.46540053877282084
VA677_SB,AM,30627,110N51799,ready,3.5429648586097997,2.6974934123847176
VA677_SB,MD,30983,110-51801,ready,24.10332180500659,0.6451979578392624
VA677_SB,MD,4394,110N51802,ready,1.665755007371855,0.8162984856327243
VA677_SB,MD,30578,110N51801,ready,19.591684782608695,0.647400362318841
VA677_SB,MD,33785,110-51800,ready,14.463246459156784,0.6589510046113306
VA677_SB,MD,33787,110-51799,ready,13.786346755599473,0.24743914690382093
VA677_SB,MD,30627,110N51799,ready,0.8022090220385677,0.34896593903461515
VA677_SB,PM,30983,110-51801,ready,0.8249356593385966,7.775411591510883
VA677_SB,PM,4394,110N51802,ready,1.755751165682117,1.110054017554304
VA677_SB,PM,30578,110N51801,ready,20.229237895256915,0.25055039525691747
VA677_SB,PM,33785,110-51800,ready,0.8400965987910658,2.0952298680210664
VA677_SB,PM,33787,110-51799,ready,0.771264157400855,2.802244766675467
VA677_SB,PM,30627,110N51799,ready,0.5487166501976284,0.7063984566158485
VA684_NB,AM,4386,110+51794,ready,8.627859809272852,0.7735247819813029
VA684_NB,AM,32296,110P51794,ready,20.417466238471672,1.0897363306982866
VA684_NB,MD,4386,110+51794,ready,8.395894268774702,1.0433471673254273
VA684_NB,MD,32296,110P51794,ready,20.6823851284585,1.3451601613965745
VA684_NB,PM,4386,110+51794,ready,3.272272767052999,9.071234277308454
VA684_NB,PM,32296,110P51794,ready,3.2185690784907903,7.068460550633118
VA684_SB,AM,33608,110N51794,ready,5.924168913284185,13.285793119152691
VA684_SB,AM,32294,110-51793,ready,9.941319169960474,1.4359308300395262
VA684_SB,MD,33608,110N51794,ready,22.319764193316562,3.111599443047072
VA684_SB,MD,32294,110-51793,ready,9.25638134057971,0.41771829710144964
VA684_SB,PM,33608,110N51794,ready,22.34288722826087,0.651574975296443
VA684_SB,PM,32294,110-51793,ready,0.9286641739503338,9.660482621245917
VA686_NB,AM,4442,110P51849,ready,1.0589974930477697,1.8395921772874344
VA686_NB,AM,4471,110+51850,ready,5.220170948616602,1.343383992094862
VA686_NB,MD,4442,110P51849,ready,2.44339632740448,0.7249152667984194
VA686_NB,MD,4471,110+51850,ready,3.954816549235264,1.3858997250386667
VA686_NB,PM,4442,110P51849,ready,2.745506422924901,0.2016353754940714
VA686_NB,PM,4471,110+51850,ready,1.245403231278965,0.8611047274467152
VA686_SB,AM,30186,110N51849,ready,2.3179408604680343,2.3599602939331192
VA686_SB,AM,4443,110-51848,ready,3.1156766304347827,2.256877717391304
VA686_SB,AM,31151,110N51848,ready,3.6213433794466403,3.376113735177866
VA686_SB,MD,30186,110N51849,ready,2.386884038365016,0.6587913176799046
VA686_SB,MD,4443,110-51848,ready,4.389483695652174,1.5965163043478263
VA686_SB,MD,31151,110N51848,ready,1.7955167160737815,1.1340140810276678
VA686_SB,PM,30186,110N51849,ready,1.613881119704192,1.6479201658518647
VA686_SB,PM,4443,110-51848,ready,2.5584154691241783,4.127400941806292
VA686_SB,PM,31151,110N51848,ready,1.4597403186833458,3.0689586794634938
VA690_NB,AM,35984,110+11462,ready,7.3842218771566595,0.5979718771566583
VA690_NB,AM,37663,110+11463,ready,12.647011693017125,0.3421819828722003
VA690_NB,AM,37198,110+58439,ready,18.16000741106719,0.4617429183135708
VA690_NB,AM,5169,110P11453,ready,24.08688438735178,0.36413221343873536
VA690_NB,AM,37194,110P11463,ready,17.752810441370226,0.4937910079051395
VA690_NB,AM,37200,110+58440,ready,1.4967644125347774,19.95627841019276
VA690_NB,AM,5239,110+11454,ready,0.796494565217392,0.16034601449275362
VA690_NB,AM,36418,110P11455,ready,29.59798913043478,0.5986992753623191
VA690_NB,AM,36052,110+11455,ready,11.697028985507247,0.6343079710144922
VA690_NB,MD,35984,110+11462,ready,8.304281949934126,0.4811716073781283
VA690_NB,MD,37663,110+11463,ready,13.547479001976285,0.5290209980237147
VA690_NB,MD,37198,110+58439,ready,1.0607670720548097,0.9911043313570492
VA690_NB,MD,5169,110P11453,ready,26.01458106884058,0.33013829874835304
VA690_NB,MD,37194,110P11463,ready,18.253127919511318,2.2418720804886823
VA690_NB,MD,37200,110+58440,ready,26.45685688405797,0.9834963768115942
VA690_NB,MD,5239,110+11454,ready,1.4290719696969694,0.18183728590250414
VA690_NB,MD,36418,110P11455,ready,30.010789513928103,0.5483311805947677
VA690_NB,MD,36052,110+11455,ready,11.042216526679843,1.793946516798418
VA690_NB,PM,35984,110+11462,ready,7.8935733695652175,0.1753152173913053
VA690_NB,PM,37663,110+11463,ready,13.713539402173913,0.3315122282608707
VA690_NB,PM,37198,110+58439,ready,19.358061447157915,0.3483593014775088
VA690_NB,PM,5169,110P11453,ready,25.74470743929983,0.5002281902879725
VA690_NB,PM,37194,110P11463,ready,0.8345990570854029,1.7345066699604739
VA690_NB,PM,37200,110+58440,ready,26.110040760869566,0.6640869565217398
VA690_NB,PM,5239,110+11454,ready,0.7385628705533591,0.276812129446641
VA690_NB,PM,36418,110P11455,ready,30.202105360671936,0.6538474555335967
VA690_NB,PM,36052,110+11455,ready,16.180421372106156,2.6628259457933368
VA690_SB,AM,36516,110-11454,ready,8.316711956521738,0.7575489130434766
VA690_SB,AM,36417,110N11455,ready,28.281811594202896,0.4294818840579711
VA690_SB,AM,36465,110N58440,ready,1.1978415627692585,11.784894476087795
VA690_SB,AM,37519,110-11453,ready,0.7597101449275362,0.6564963768115941
VA690_SB,AM,37197,110N11463,ready,15.025422924901187,0.6851304347826084
VA690_SB,AM,36463,110-58438,ready,15.161062747035572,0.9406533267457181
VA690_SB,AM,37201,110N58438,ready,14.968107425183513,0.9909136551853924
VA690_SB,AM,37661,110-11462,ready,12.172980072463771,0.502585144927537
VA690_SB,AM,37670,110-11461,ready,8.946123188405794,0.6695797101449253
VA690_SB,MD,36516,110-11454,ready,9.020505187747036,0.6414587450592887
VA690_SB,MD,36417,110N11455,ready,1.638232622690003,23.71137655190145
VA690_SB,MD,36465,110N58440,ready,15.067635116694898,1.192115551477508
VA690_SB,MD,37519,110-11453,ready,0.5029014328063232,0.3236026844532282
VA690_SB,MD,37197,110N11463,ready,16.198722414361,1.234694252305666
VA690_SB,MD,36463,110-58438,ready,16.959640974967062,0.9438861989459824
VA690_SB,MD,37201,110N58438,ready,16.664401762187087,1.070149127140974
VA690_SB,MD,37661,110-11462,ready,13.260802191879266,0.786672116421128
VA690_SB,MD,37670,110-11461,ready,8.64326333992095,0.4870265151515151
VA690_SB,PM,36516,110-11454,ready,9.37507472826087,0.8549062499999995
VA690_SB,PM,36417,110N11455,ready,27.531150568181815,0.39214488636363665
VA690_SB,PM,36465,110N58440,ready,14.580287267080747,0.5687375776397522
VA690_SB,PM,37519,110-11453,ready,0.580687376482214,0.20611252470355756
VA690_SB,PM,37197,110N11463,ready,1.2132247780687098,8.81432437777772
VA690_SB,PM,36463,110-58438,ready,0.47651628200500373,9.411087920113893
VA690_SB,PM,37201,110N58438,ready,0.6662836403209627,8.866345674607267
VA690_SB,PM,37661,110-11462,ready,13.391503829051384,0.7877950839920951
VA690_SB,PM,37670,110-11461,ready,8.562934782608696,0.4310461956521743
VA693_NB,AM,33697,110P51818,ready,21.82333694083694,1.6592763347763348
VA693_NB,AM,28677,110+50153,ready,14.482767210144928,0.36628532608695724
VA693_NB,AM,32212,110+51817,ready,3.280010453695456,8.753918663258492
VA693_NB,AM,30172,110+51818,ready,2.606246804944533,4.7133238092135965
VA693_NB,MD,33697,110P51818,ready,22.38487538427756,1.880194060166886
VA693_NB,MD,28677,110+50153,ready,15.072635359809274,1.0431454372921771
VA693_NB,MD,32212,110+51817,ready,20.276844895881457,2.255585934158068
VA693_NB,MD,30172,110+51818,ready,12.46196105072464,2.0740715579710134
VA693_NB,PM,33697,110P51818,ready,0.8782357204286988,8.906086004427854
VA693_NB,PM,28677,110+50153,ready,1.0378318231636292,3.24837656110924
VA693_NB,PM,32212,110+51817,ready,21.17078557312253,0.7954431818181811
VA693_NB,PM,30172,110+51818,ready,13.305923913043475,0.5158276397515534
VA693_SB,AM,30198,110N51818,ready,3.1995911662902987,4.894750496708661
VA693_SB,AM,30277,110-50153,ready,3.614578096244851,11.24248248325015
VA693_SB,AM,30284,110-50152,ready,12.577739232385973,0.7902174932555358
VA693_SB,AM,33670,110-51817,ready,2.871569634329688,4.735794308998695
VA693_SB,MD,30198,110N51818,ready,12.266530797101447,1.722309782608696
VA693_SB,MD,30277,110-50153,ready,21.472028985507247,2.3111022727272736
VA693_SB,MD,30284,110-50152,ready,14.264221014492753,0.8698351449275364
VA693_SB,MD,33670,110-51817,ready,12.513039361001319,1.7732939723320165
VA693_SB,PM,30198,110N51818,ready,13.697826086956523,0.6425248447204973
VA693_SB,PM,30277,110-50153,ready,22.938519021739133,1.024630434782609
VA693_SB,PM,30284,110-50152,ready,0.8344341258070245,4.242409744825077
VA693_SB,PM,33670,110-51817,ready,14.117010835954938,0.4162736818047372
VA694_NB,AM,33545,110+51812,ready,13.706753540843215,0.24313694005270037
VA694_NB,AM,33649,110+51813,ready,2.355771291009811,10.239153206660932
VA694_NB,AM,30157,110+51814,ready,2.0435774339886588,7.377762278448093
VA694_NB,AM,30174,110+51816,ready,23.13119318181818,1.223008399209486
VA694_NB,AM,30178,110P51816,ready,20.70298007246377,1.1999836956521746
VA694_NB,MD,33545,110+51812,ready,14.202452517837894,0.9738557825573628
VA694_NB,MD,33649,110+51813,ready,19.17928894927536,1.5470226449275366
VA694_NB,MD,30157,110+51814,ready,17.12076992753623,1.1162717391304353
VA694_NB,MD,30174,110+51816,ready,24.619460638998685,1.474539361001317
VA694_NB,MD,30178,110P51816,ready,21.23260869565217,0.7946413043478265
VA694_NB,PM,33545,110+51812,ready,0.5301945327985311,2.525378699713352
VA694_NB,PM,33649,110+51813,ready,20.189623888339916,0.7308113883399208
VA694_NB,PM,30157,110+51814,ready,18.099150815217392,0.44817255434782566
VA694_NB,PM,30174,110+51816,ready,27.673726708074533,2.1410124223602485
VA694_NB,PM,30178,110P51816,ready,1.3103911431252016,10.63603278426043
VA694_SB,AM,30184,110N51816,ready,0.6503758469671835,12.511822363086294
VA694_SB,AM,30180,110-51815,ready,20.44303908651735,1.5183941589811152
VA694_SB,AM,30160,110-51813,ready,16.284065217391305,2.1732652173913047
VA694_SB,AM,32217,110-51812,ready,19.310732009536355,2.218648676203022
VA694_SB,AM,30153,110-51811,ready,13.478654165882427,1.3536432963172096
VA694_SB,MD,30184,110N51816,ready,23.284980237154148,1.0785424901185774
VA694_SB,MD,30180,110-51815,ready,19.482103919631097,1.1037928194993414
VA694_SB,MD,30160,110-51813,ready,17.15835307657318,1.5222103292239175
VA694_SB,MD,32217,110-51812,ready,19.819474225955204,1.0238591073781302
VA694_SB,MD,30153,110-51811,ready,13.86334815546772,2.383485177865612
VA694_SB,PM,30184,110N51816,ready,24.756949875305853,0.7731663255223039
VA694_SB,PM,30180,110-51815,ready,0.8224213561661697,8.499909923123994
VA694_SB,PM,30160,110-51813,ready,1.1503671289530293,3.2357107949527224
VA694_SB,PM,32217,110-51812,ready,0.509639041954487,4.3198045758290355
VA694_SB,PM,30153,110-51811,ready,16.628476408102767,1.363788908102767
VA695_NB,AM,30647,110+51838,ready,1.6702772671689854,4.22206089518865
VA695_NB,AM,33655,110+51843,ready,2.2768473069286292,10.484463928648324
VA695_NB,AM,30159,110P51842,ready,1.9011128829979551,15.227016921671543
VA695_NB,AM,33563,110P51837,ready,27.599295125164687,0.7358386034255607
VA695_NB,AM,30276,110+51844,ready,2.2716309788495126,8.4692504922658
VA695_NB,AM,33637,110+51839,ready,2.8132567512738937,2.5489765672070828
VA695_NB,AM,30274,110+51845,ready,2.622678609514139,11.748247505430003
VA695_NB,AM,30119,110+51840,ready,2.4962889173202347,10.593972896571694
VA695_NB,AM,30247,110+51846,ready,2.5878808721309836,14.316928910346547
VA695_NB,MD,30647,110+51838,ready,11.840528656126482,0.8497340250329376
VA695_NB,MD,33655,110+51843,ready,20.22211627140975,1.1988420619235836
VA695_NB,MD,30159,110P51842,ready,23.956483415286403,0.9057702079020012
VA695_NB,MD,33563,110P51837,ready,26.914944456208048,0.6957118349645519
VA695_NB,MD,30276,110+51844,ready,18.541811594202898,0.6157735507246375
VA695_NB,MD,33637,110+51839,ready,13.244614212779974,0.6045648056653482
VA695_NB,MD,30274,110+51845,ready,19.950502913451285,2.4957991914486475
VA695_NB,MD,30119,110+51840,ready,21.00604743083004,0.5936156126482208
VA695_NB,MD,30247,110+51846,ready,21.91662055335968,1.5921294466403175
VA695_NB,PM,30647,110+51838,ready,12.492110301383399,0.3436560029644271
VA695_NB,PM,33655,110+51843,ready,20.398286808300394,0.45772974308300296
VA695_NB,PM,30159,110P51842,ready,24.56519824604743,0.5793420207509883
VA695_NB,PM,33563,110P51837,ready,27.35861598320158,0.7141812005928856
VA695_NB,PM,30276,110+51844,ready,18.615824481225296,0.2146695899209481
VA695_NB,PM,33637,110+51839,ready,14.028804347826087,0.5620190217391301
VA695_NB,PM,30274,110+51845,ready,21.630332233436853,1.2766936464803316
VA695_NB,PM,30119,110+51840,ready,20.537093718910487,0.2552789518969646
VA695_NB,PM,30247,110+51846,ready,23.300674407114624,0.7584407114624501
VA695_SB,AM,31770,110N51846,ready,13.397216638434031,0.19795661584792068
VA695_SB,AM,30118,110-51839,ready,20.913655303030303,0.7477613636363634
VA695_SB,AM,30239,110-51845,ready,20.895602766798422,0.31968142292490287
VA695_SB,AM,30116,110-51838,ready,11.144808959156784,1.5605915678524376
VA695_SB,AM,35686,110-51837,ready,10.141458333333333,0.8025670289855062
VA695_SB,AM,30266,110-51844,ready,17.20121541501976,0.7289397233201586
VA695_SB,AM,30275,110-51843,ready,18.210806159420287,2.3794329710144932
VA695_SB,AM,30646,110N51837,ready,19.988111824769433,1.2037330368906465
VA695_SB,AM,33654,110N51842,ready,24.635087560386477,0.5289897342995156
VA695_SB,AM,30278,110-51842,ready,18.66499835309618,1.3291650197628468
VA695_SB,MD,31770,110N51846,ready,13.472988718708827,0.3433806818181811
VA695_SB,MD,30118,110-51839,ready,22.33864912714098,1.6071122364953883
VA695_SB,MD,30239,110-51845,ready,21.822324193017128,1.0846758069828724
VA695_SB,MD,30116,110-51838,ready,11.666770215744402,0.8910323204874827
VA695_SB,MD,35686,110-51837,ready,11.771048254281949,1.1521184123847183
VA695_SB,MD,30266,110-51844,ready,19.198167477794808,1.6104702033646128
VA695_SB,MD,30275,110-51843,ready,20.161197299077735,1.1037972661396573
VA695_SB,MD,30646,110N51837,ready,20.885746459156785,1.3823558135704876
VA695_SB,MD,33654,110N51842,ready,25.319827898550724,0.783326086956523
VA695_SB,MD,30278,110-51842,ready,20.467274785902504,0.6593943511198939
VA695_SB,PM,31770,110N51846,ready,13.210794425230567,0.4727680747694336
VA695_SB,PM,30118,110-51839,ready,0.9017322066939015,2.6468990859683785
VA695_SB,PM,30239,110-51845,ready,0.5196923387705004,14.04078096391774
VA695_SB,PM,30116,110-51838,ready,14.083853137351777,0.826112524703557
VA695_SB,PM,35686,110-51837,ready,0.8334338600140703,5.376780259459042
VA695_SB,PM,30266,110-51844,ready,1.4119716384139382,3.22029903588578
VA695_SB,PM,30275,110-51843,ready,0.3451959743212494,4.6863650312039535
VA695_SB,PM,30646,110N51837,ready,23.296585968379446,1.4265234683794463
VA695_SB,PM,33654,110N51842,ready,26.880959424407113,0.9739757287549409
VA695_SB,PM,30278,110-51842,ready,0.8038848000621297,5.714412574204616
VA703_NB,AM,34042,110P50147,ready,29.647164855072464,1.2223750000000002
VA703_NB,AM,33547,110+50148,ready,2.2763296919623617,12.207264311604126
VA703_NB,AM,30152,110+50149,ready,21.801684782608696,0.5138586956521728
VA703_NB,MD,34042,110P50147,ready,29.040620471014492,0.2874139492753625
VA703_NB,MD,33547,110+50148,ready,21.156986166007904,0.9067710803689063
VA703_NB,MD,30152,110+50149,ready,1.6356079371673722,2.269597292803814
VA703_NB,PM,34042,110P50147,ready,29.321007854722914,0.3895728906186974
VA703_NB,PM,33547,110+50148,ready,23.04944355237154,1.278631052371541
VA703_NB,PM,30152,110+50149,ready,22.240180953557314,0.7974714673913044
VA703_SB,AM,30281,110-50148,ready,22.437670454545454,0.39109041501976244
VA703_SB,AM,30054,110-50147,ready,22.84788043478261,0.3021702898550724
VA703_SB,AM,30062,110N50147,ready,1.7655847210908504,17.293635525506748
VA703_SB,MD,30281,110-50148,ready,22.003328186758893,0.6457696393280631
VA703_SB,MD,30054,110-50147,ready,22.8148832756917,0.5843364212779981
VA703_SB,MD,30062,110N50147,ready,28.99285367259552,0.4713704710144923
VA703_SB,PM,30281,110-50148,ready,1.2002913128717096,6.151453159674533
VA703_SB,PM,30054,110-50147,ready,0.9679337409827231,10.334889368001013
VA703_SB,PM,30062,110N50147,ready,30.09087929959533,0.4405667995953333
VA704_NB,AM,36390,110+11470,ready,9.870495718050066,0.6869426877470358
VA704_NB,AM,36039,110+11471,ready,13.970585984064245,1.1579881579772888
VA704_NB,AM,36155,110P11435,ready,8.799589097496705,1.1453351449275384
VA704_NB,AM,37448,110+11436,ready,14.992980072463771,0.2622626811594196
VA704_NB,AM,5260,110+11437,ready,4.02643527667984,0.7390937088274049
VA704_NB,MD,36390,110+11470,ready,9.703333333333333,0.5216231884057976
VA704_NB,MD,36039,110+11471,ready,13.461300436429513,1.3573734766139653
VA704_NB,MD,36155,110P11435,ready,10.485190217391304,0.6877771739130436
VA704_NB,MD,37448,110+11436,ready,13.410371376811591,0.7070522068511202
VA704_NB,MD,5260,110+11437,ready,1.969952641712153,0.9127973582878474
VA704_NB,PM,36390,110+11470,ready,8.444691823122529,0.46847047924901286
VA704_NB,PM,36039,110+11471,ready,15.891662196499153,2.681545313382269
VA704_NB,PM,36155,110P11435,ready,10.4297270256917,0.3871590909090905
VA704_NB,PM,37448,110+11436,ready,12.559510251976283,0.4507185029644263
VA704_NB,PM,5260,110+11437,ready,2.1100129987765843,0.46004885422548636
VA704_SB,AM,35973,110-11436,ready,3.0396877156659756,1.0973267770876458
VA704_SB,AM,36481,110-11435,ready,12.25751976284585,0.5664874835309615
VA704_SB,AM,36825,110N11435,ready,9.768986330698288,1.578986330698288
VA704_SB,AM,36384,110-11470,ready,12.565046936758892,1.4094636034255608
VA704_SB,AM,37633,110-11469,ready,12.061220002823262,2.6379011622435535
VA704_SB,MD,35973,110-11436,ready,2.5534720849802373,0.7632616106719382
VA704_SB,MD,36481,110-11435,ready,12.39524994439026,0.3339508067689888
VA704_SB,MD,36825,110N11435,ready,9.890444664031621,0.4454883069828721
VA704_SB,MD,36384,110-11470,ready,12.969064146903818,0.508104001976284
VA704_SB,MD,37633,110-11469,ready,10.4190994504865,1.2963183188896803
VA704_SB,PM,35973,110-11436,ready,2.2887838350508187,0.9248411649491803
VA704_SB,PM,36481,110-11435,ready,12.221011698898927,0.42452479178430336
VA704_SB,PM,36825,110N11435,ready,9.957725419960475,0.2209865365612651
VA704_SB,PM,36384,110-11470,ready,12.442065217391303,0.5460788043478249
VA704_SB,PM,37633,110-11469,ready,9.878193979933108,0.4133678929765884
VA705_EB,AM,37273,110+58162,ready,2.948718748039401,1.3516571538365014
VA705_EB,MD,37273,110+58162,ready,1.23987895256917,1.272429018445323
VA705_EB,PM,37273,110+58162,ready,2.2826188858695646,0.7848906250000005
VA705_NB,AM,30087,110+51832,ready,0.8681224016893774,9.262068783586573
VA705_NB,AM,33538,110+51833,ready,0.7967747149153009,11.094831783652102
VA705_NB,MD,30087,110+51832,ready,16.327951045783927,1.5568804759552055
VA705_NB,MD,33538,110+51833,ready,17.911898056653488,0.6711062252964429
VA705_NB,PM,30087,110+51832,ready,16.72852766798419,0.3044770256916991
VA705_NB,PM,33538,110+51833,ready,18.2571810741342,0.42549085674289455
VA705_SB,AM,30071,110-51832,ready,17.587992424242426,0.4741742424242424
VA705_SB,AM,30286,110-51831,ready,16.518046360342556,0.32591773715414946
VA705_SB,MD,30071,110-51832,ready,18.159163458412472,0.3095835771606526
VA705_SB,MD,30286,110-51831,ready,17.344051902958153,1.073917299940398
VA705_SB,PM,30071,110-51832,ready,0.26707841356944684,5.326641129692974
VA705_SB,PM,30286,110-51831,ready,0.7022402420264449,4.657308272480886
VA705_WB,AM,37288,110-58161,ready,2.9658703886693,1.2858628129117247
VA705_WB,MD,37288,110-58161,ready,0.8657641633728593,2.0197763504611337
VA705_WB,PM,37288,110-58161,ready,2.174595979201958,0.5240673230754762
VA716_NB,AM,28918,110+10962,ready,27.124642472152356,0.42942472152353584
VA716_NB,AM,34149,110+10963,ready,23.12463897515528,0.5624045031055905
VA716_NB,AM,28924,110P10963,ready,23.52513367369346,0.3090583552920507
VA716_NB,AM,34159,110+10982,ready,14.86530928853755,1.686326679841898
VA716_NB,MD,28918,110+10962,ready,27.243161643610012,0.35535301383399154
VA716_NB,MD,34149,110+10963,ready,22.213784996706192,0.6910066699604743
VA716_NB,MD,28924,110P10963,ready,22.332581521739133,0.8186340579710151
VA716_NB,MD,34159,110+10982,ready,16.20658473320158,1.3346652667984202
VA716_NB,PM,28918,110+10962,ready,0.24716693050536664,11.821532768358434
VA716_NB,PM,34149,110+10963,ready,23.166684782608698,0.4199864130434785
VA716_NB,PM,28924,110P10963,ready,23.492467267786562,0.6124672677865611
VA716_NB,PM,34159,110+10982,ready,1.078675960446928,3.2689565743840348
VA716_SB,AM,34158,110-10981,ready,12.05330643390426,1.2108897672375933
VA716_SB,AM,28697,110N10963,ready,1.9279384936136454,10.141974314718182
VA716_SB,AM,28927,110-10962,ready,23.667587285902503,0.597837285902504
VA716_SB,AM,28928,110-10961,ready,25.282001811594203,1.3302518115942037
VA716_SB,MD,34158,110-10981,ready,13.695489914674697,0.42163706160988806
VA716_SB,MD,28697,110N10963,ready,21.9743446793243,1.006802389186901
VA716_SB,MD,28927,110-10962,ready,22.472449357707507,1.139369482872201
VA716_SB,MD,28928,110-10961,ready,25.3866277585639,0.7332033514492751
VA716_SB,PM,34158,110-10981,ready,0.9771600521021135,3.894583851002416
VA716_SB,PM,28697,110N10963,ready,24.27470479249012,0.7079846837944669
VA716_SB,PM,28927,110-10962,ready,0.44844525868295915,9.09122715066087
VA716_SB,PM,28928,110-10961,ready,26.11248270750988,0.7319256422924901
VA738_NB,AM,33848,110+10990,ready,15.533215579710145,0.6667989130434778
VA738_NB,AM,30331,110+10991,ready,8.876910408432147,0.8023089591567855
VA738_NB,MD,33848,110+10990,ready,17.59824934123847,0.3012411067193674
VA738_NB,MD,30331,110+10991,ready,9.863948451910408,0.3055915678524368
VA738_NB,PM,33848,110+10990,ready,0.4741453558655288,3.2328591213757463
VA738_NB,PM,30331,110+10991,ready,9.993641304347824,0.9838260869565207
VA738_SB,AM,33907,110-10990,ready,7.322038043478261,1.8378351449275356
VA738_SB,AM,30327,110-10989,ready,2.7073451209829256,3.8028028070764406
VA738_SB,MD,33907,110-10990,ready,8.50829998353096,0.3037604578392636
VA738_SB,MD,30327,110-10989,ready,16.682038043478258,0.5229456521739144
VA738_SB,PM,33907,110-10990,ready,9.304355119518164,0.6347301195181623
VA738_SB,PM,30327,110-10989,ready,17.255224184782605,1.033637228260868
VA784_EB,AM,38283,110-13177,ready,8.631666666666666,0.49107971014492807
VA784_EB,AM,40391,110-13176,ready,11.77047628458498,2.401484980237153
VA784_EB,AM,40730,110-13175,ready,10.902508234519102,0.9664249011857701
VA784_EB,AM,38974,110N13175,ready,6.19268115942029,0.5698949275362318
VA784_EB,AM,38970,110-13174,ready,15.79579051383399,2.206707180500659
VA784_EB,AM,38425,110-13173,ready,11.087275197628458,0.5911533267457164
VA784_EB,MD,38283,110-13177,ready,9.641631669960475,1.8232227437417643
VA784_EB,MD,40391,110-13176,ready,10.493358336327702,2.015505300035932
VA784_EB,MD,40730,110-13175,ready,10.640768633540374,0.8603969116632157
VA784_EB,MD,38974,110N13175,ready,4.622708333333333,0.7780416666666676
VA784_EB,MD,38970,110-13174,ready,17.127335044936945,0.6027091744306424
VA784_EB,MD,38425,110-13173,ready,10.563176671607378,0.4830932559288537
VA784_EB,PM,38283,110-13177,ready,13.493355978260869,1.258375000000001
VA784_EB,PM,40391,110-13176,ready,0.9539329741689169,2.1241285611332508
VA784_EB,PM,40730,110-13175,ready,12.952715538537548,0.2930033349802379
VA784_EB,PM,38974,110N13175,ready,6.428584486166007,1.1137067687747026
VA784_EB,PM,38970,110-13174,ready,1.3049492894438137,2.815378395866661
VA784_EB,PM,38425,110-13173,ready,11.995516921936758,0.7543484436758887
VA784_WB,AM,38207,110+13174,ready,20.316724308300394,2.1090540184453213
VA784_WB,AM,38426,110+13175,ready,13.967047101449275,1.3730615942028974
VA784_WB,AM,38971,110P13175,ready,4.376619729907772,0.6320288208168652
VA784_WB,AM,38976,110+13176,ready,13.1338768115942,2.0391594202898555
VA784_WB,AM,38276,110+13177,ready,12.118601778656126,2.359726778656128
VA784_WB,AM,38860,110+13178,ready,12.037359307359308,1.326718991153772
VA784_WB,MD,38207,110+13174,ready,21.693193346508565,0.49920273386034264
VA784_WB,MD,38426,110+13175,ready,14.04798913043478,0.33969927536231853
VA784_WB,MD,38971,110P13175,ready,7.179685853096179,2.057689146903822
VA784_WB,MD,38976,110+13176,ready,20.508985075914424,2.2560457211870255
VA784_WB,MD,38276,110+13177,ready,13.14796442687747,1.6844015151515161
VA784_WB,MD,38860,110+13178,ready,13.162252964426875,1.8844615913387184
VA784_WB,PM,38207,110+13174,ready,0.8364492103168848,6.408614921883379
VA784_WB,PM,38426,110+13175,ready,14.22421875,0.5713081768774708
VA784_WB,PM,38971,110P13175,ready,2.6159544868429516,0.899019294399652
VA784_WB,PM,38976,110+13176,ready,29.52774456521739,2.0237499999999997
VA784_WB,PM,38276,110+13177,ready,2.6506345335878576,2.847549185107643
VA784_WB,PM,38860,110+13178,ready,0.8939305325935213,2.2803425402302198
VA789_EB,AM,35683,110+52379,ready,15.633112452161365,1.7785688013677132
VA789_EB,AM,35192,110P52379,ready,21.46889492753623,0.8470579710144923
VA789_EB,MD,35683,110+52379,ready,16.745497570816863,0.5775277915019769
VA789_EB,MD,35192,110P52379,ready,22.18231019968174,0.41521315640880907
VA789_EB,PM,35683,110+52379,ready,0.7716683092468992,8.84775732624436
VA789_EB,PM,35192,110P52379,ready,0.9325985201212863,11.791881498667248
VA789_WB,AM,35193,110-52378,ready,14.390835803689063,2.370901021080368
VA789_WB,AM,29209,110N52379,ready,13.065303030303028,0.3753998682476946
VA789_WB,MD,35193,110-52378,ready,16.351748188405796,0.6558310276679853
VA789_WB,MD,29209,110N52379,ready,13.699738554018444,0.6969788372859028
VA789_WB,PM,35193,110-52378,ready,0.9683405184998939,5.566598479026361
VA789_WB,PM,29209,110N52379,ready,0.6844899998155276,2.799058172567542
VA7BR_EB,AM,5189,110P11445,ready,19.332537055335965,1.3819922595520424
VA7BR_EB,AM,37701,110+11447,ready,1.853404509319985,13.757581520672261
VA7BR_EB,AM,36540,110+11448,ready,1.8988027488272754,10.43146958864047
VA7BR_EB,AM,36853,110P11448,ready,10.534603096179184,1.045769762845851
VA7BR_EB,AM,36860,110+11449,ready,6.751759716732544,1.5537742094861677
VA7BR_EB,AM,37401,110+11451,ready,2.1425094652337657,14.588254893273628
VA7BR_EB,AM,36471,110+11452,ready,22.78295652173913,1.4442826086956515
VA7BR_EB,AM,36534,110+11442,ready,3.1051073190908616,9.4659340478506
VA7BR_EB,AM,37351,110+11444,ready,9.482008140410315,2.9815890927912667
VA7BR_EB,MD,5189,110P11445,ready,20.119457119722068,1.0742645535322164
VA7BR_EB,MD,37701,110+11447,ready,20.396716691370226,0.5613593955862973
VA7BR_EB,MD,36540,110+11448,ready,16.530939352766797,0.67217840085639
VA7BR_EB,MD,36853,110P11448,ready,8.820671113306984,0.4856833003952567
VA7BR_EB,MD,36860,110+11449,ready,5.779414525691698,0.3192468708827416
VA7BR_EB,MD,37401,110+11451,ready,21.99406744071146,0.8049742259552041
VA7BR_EB,MD,36471,110+11452,ready,24.649420701581025,0.5831662549407111
VA7BR_EB,MD,36534,110+11442,ready,18.47347620223979,1.6495074934123852
VA7BR_EB,MD,37351,110+11444,ready,6.461599761198946,1.3621158185111986
VA7BR_EB,PM,5189,110P11445,ready,1.763039728257637,18.208604210017633
VA7BR_EB,PM,37701,110+11447,ready,20.242618577075095,0.2377848673066055
VA7BR_EB,PM,36540,110+11448,ready,16.68258152173913,0.6088179347826075
VA7BR_EB,PM,36853,110P11448,ready,8.596583498023715,0.27872900197628514
VA7BR_EB,PM,36860,110+11449,ready,6.14294559041502,0.3775227890316204
VA7BR_EB,PM,37401,110+11451,ready,22.40091526679842,0.17266082015810258
VA7BR_EB,PM,36471,110+11452,ready,0.5047462293404165,17.31878556850993
VA7BR_EB,PM,36534,110+11442,ready,18.686118453557313,0.4548793231225312
VA7BR_EB,PM,37351,110+11444,ready,5.644076086956521,0.26646118012422093
VA7BR_WB,AM,38070,110-11443,ready,4.170257740447958,0.9645367259552048
VA7BR_WB,AM,37414,110-11452,ready,18.803878907653612,1.7777879985627025
VA7BR_WB,AM,36531,110-11451,ready,22.8540652173913,0.3886956521739123
VA7BR_WB,AM,36464,110-11449,ready,19.71066856452726,0.4868279848171155
VA7BR_WB,AM,36989,110-11448,ready,6.635336791831354,1.076093050065874
VA7BR_WB,AM,36859,110N11448,ready,8.82385770750988,0.5657770750988156
VA7BR_WB,AM,37346,110-11447,ready,18.733622364953884,0.357089756258234
VA7BR_WB,AM,36541,110-11446,ready,19.61608695652174,0.7653405797101452
VA7BR_WB,AM,37700,110-11445,ready,13.20536149538867,0.7379194664031626
VA7BR_WB,MD,38070,110-11443,ready,3.8684585176297124,0.30832909451659507
VA7BR_WB,MD,37414,110-11452,ready,18.495127635046114,1.487125988142293
VA7BR_WB,MD,36531,110-11451,ready,25.437486413043477,0.9597092391304352
VA7BR_WB,MD,36464,110-11449,ready,21.666281036294624,0.5874304261559692
VA7BR_WB,MD,36989,110-11448,ready,6.422378540843215,0.5932952075098816
VA7BR_WB,MD,36859,110N11448,ready,8.900338850461132,1.1529781785243751
VA7BR_WB,MD,37346,110-11447,ready,19.053658616443943,0.47966664706066897
VA7BR_WB,MD,36541,110-11446,ready,20.31213346586988,0.4212360993475124
VA7BR_WB,MD,37700,110-11445,ready,13.705657867494825,0.7013247412008283
VA7BR_WB,PM,38070,110-11443,ready,3.7014939476284567,0.34146949110671754
VA7BR_WB,PM,37414,110-11452,ready,1.5999258916653147,8.739826850160956
VA7BR_WB,PM,36531,110-11451,ready,2.5239331510218648,17.207451526310376
VA7BR_WB,PM,36464,110-11449,ready,0.32867041528987495,14.173154173919489
VA7BR_WB,PM,36989,110-11448,ready,7.275615147986071,0.5236837650574095
VA7BR_WB,PM,36859,110N11448,ready,9.963869812252964,0.9205143280632408
VA7BR_WB,PM,37346,110-11447,ready,0.5630191087400669,11.540022618206137
VA7BR_WB,PM,36541,110-11446,ready,0.7665693577943491,13.00236869390217
VA7BR_WB,PM,37700,110-11445,ready,0.7516842065519267,10.275744553358747
VA7_EB,AM,36578,110+06720,ready,6.346156126482213,2.032752964426876
VA7_EB,AM,37511,110+06721,ready,6.142954957180499,0.8623928689064572
VA7_EB,AM,36548,110+04249,ready,9.415944499341238,0.6249787549407131
VA7_EB,AM,36856,110P04249,ready,10.803819993412384,0.8308055006587622
VA7_EB,AM,37689,110+04250,ready,11.969741494918123,2.179730625352908
VA7_EB,AM,36846,110P04250,ready,19.198752823263693,7.625287605872389
VA7_EB,AM,36840,110+04251,ready,2.1473620361007257,5.45883879671413
VA7_EB,AM,36834,110P04251,ready,2.914717547932648,6.523309296717746
VA7_EB,AM,36828,110+04252,ready,3.522928054545651,6.6870471015337545
VA7_EB,AM,36823,110P04252,ready,3.687795754823565,9.78685159805382
VA7_EB,AM,36816,110+04247,ready,12.888326745718052,7.754743412384717
VA7_EB,AM,36198,110+04248,ready,5.45848475437606,2.961115245623941
VA7_EB,AM,36811,110P04248,ready,3.7547540334697085,3.4459126331969583
VA7_EB,AM,36795,110-05717,ready,13.096548572533427,3.8445347607999047
VA7_EB,AM,36248,110-05716,ready,5.643272397891963,4.481950263504612
VA7_EB,AM,37373,110-05715,ready,4.307441934876719,3.1050012234142677
VA7_EB,AM,36772,110N05715,ready,13.122971014492755,0.8940833333333345
VA7_EB,AM,36862,110-05714,ready,19.08088768115942,1.4352318840579699
VA7_EB,AM,37015,110-05713,ready,15.470858860342554,1.4058769762845842
VA7_EB,AM,35867,110N05713,ready,3.60560523715415,1.7951016139657447
VA7_EB,AM,35912,110-05712,ready,1.4096167881596287,3.2107996588278027
VA7_EB,AM,37028,110-05711,ready,2.2624361368484824,3.9768453686546894
VA7_EB,AM,35807,110-05710,ready,3.5963932806324106,2.12723023715415
VA7_EB,AM,32934,110N05710,ready,6.871782608695651,3.0392826086956513
VA7_EB,AM,33102,110-05709,ready,2.0691901875517558,8.497437774267057
VA7_EB,AM,30460,110-05708,ready,18.989757081686427,3.5471434453227917
VA7_EB,AM,33112,110-05707,ready,10.143464262187086,0.9288084650856389
VA7_EB,AM,30451,110-05706,ready,8.260115283267458,2.972781949934124
VA7_EB,AM,30414,110-05705,ready,9.422043807641632,2.4766017786561245
VA7_EB,AM,34024,110-05704,ready,4.902843379446639,3.0838578722002628
VA7_EB,AM,30364,110-05703,ready,2.6876414646809708,12.88293111818025
VA7_EB,AM,33926,110-05702,ready,2.5092859878253826,4.9124304565198935
VA7_EB,AM,30360,110-05701,ready,13.276096014492753,1.3426068840579692
VA7_EB,AM,30463,110-05700,ready,8.31438158761528,3.3568417325428173
VA7_EB,AM,30354,110-05699,ready,12.454635250015686,1.5186756540560877
VA7_EB,AM,31844,110N05699,ready,2.157474596013413,3.7459731356049417
VA7_EB,AM,30566,110-05698,ready,15.685723814229249,1.045564393939393
VA7_EB,AM,30979,110N05698,ready,12.933942687747034,0.2640718050065886
VA7_EB,AM,33808,110-05697,ready,8.12960227272727,0.4531167654808958
VA7_EB,AM,30572,110N05697,ready,8.687103096179184,1.9399944005270082
VA7_EB,AM,33782,110-05696,ready,17.837455376748856,3.845038710082188
VA7_EB,AM,33778,110-05695,ready,9.038625776397515,0.8405481366459636
VA7_EB,AM,31733,110N05695,ready,8.39147233201581,1.630181027667986
VA7_EB,AM,30141,110-05694,ready,15.137000517598343,3.434499482401657
VA7_EB,AM,30109,110-05693,ready,14.005834980237156,1.9675016469038227
VA7_EB,AM,30313,110N05692,ready,21.756829710144928,1.491713768115942
VA7_EB,AM,30059,110-05691,ready,18.965244565217393,1.638646080368907
VA7_EB,AM,30041,110-05690,ready,21.678777173913044,0.8554438405797097
VA7_EB,AM,34084,110-05689,ready,17.71801712779974,0.47261712779973697
VA7_EB,AM,29998,110N05688,ready,21.265117588932803,1.4754175889328054
VA7_EB,AM,32393,110-05687,ready,10.521869706380576,0.803877642888513
VA7_EB,AM,34140,110N05687,ready,5.439976284584979,1.7675126482213437
VA7_EB,AM,34153,110-05685,ready,10.087453886693018,0.9966475625823451
VA7_EB,AM,34155,110N05685,ready,12.300639822134388,0.8851796772068509
VA7_EB,AM,32148,110-05684,ready,13.579821310935444,1.2591147891963113
VA7_EB,AM,28641,110N05684,ready,17.15530797101449,1.2526413043478264
VA7_EB,AM,27948,110-05683,ready,16.889954710144927,1.7006431159420285
VA7_EB,AM,28308,110N05683,ready,3.4796739130434786,0.4851195652173909
VA7_EB,AM,28021,110-06551,ready,19.56680928853755,1.1886092885375497
VA7_EB,AM,27867,110-06552,ready,28.278522217516784,0.7575041015747536
VA7_EB,AM,28056,110-06553,ready,19.29735507246377,1.0612717391304354
VA7_EB,AM,27807,110-06554,ready,26.91597414361002,1.0473990447957837
VA7_EB,AM,27782,110-06557,ready,1.1476152846195828,15.359482521852195
VA7_EB,MD,36578,110+06720,ready,6.485125576416338,0.8588782114624512
VA7_EB,MD,37511,110+06721,ready,5.769597537878789,0.6878191287878778
VA7_EB,MD,36548,110+04249,ready,10.503577957368716,0.5284746964991524
VA7_EB,MD,36856,110P04249,ready,11.314647562582346,0.6180587944664048
VA7_EB,MD,37689,110+04250,ready,10.33290102108037,0.30322414361001293
VA7_EB,MD,36846,110P04250,ready,11.215178277338604,0.8290300559947307
VA7_EB,MD,36840,110+04251,ready,11.448258923224337,3.6904189423883107
VA7_EB,MD,36834,110P04251,ready,12.666693703337723,6.139503760430391
VA7_EB,MD,36828,110+04252,ready,16.68271368577075,8.784563488142291
VA7_EB,MD,36823,110P04252,ready,19.99104554865424,10.654535479013742
VA7_EB,MD,36816,110+04247,ready,2.903985860154338,4.772766986636551
VA7_EB,MD,36198,110+04248,ready,9.819612378727992,1.7807151455264114
VA7_EB,MD,36811,110P04248,ready,8.871956933465087,1.6261598320158115
VA7_EB,MD,36795,110-05717,ready,18.28339660188845,2.94067196420729
VA7_EB,MD,36248,110-05716,ready,6.04570240447958,3.3287603754940718
VA7_EB,MD,37373,110-05715,ready,5.8364970355731245,2.0216528326745737
VA7_EB,MD,36772,110N05715,ready,13.111864295125164,0.1853572134387358
VA7_EB,MD,36862,110-05714,ready,21.05377099802371,1.3369714262187105
VA7_EB,MD,37015,110-05713,ready,20.553053359683798,0.8440415019762852
VA7_EB,MD,35867,110N05713,ready,5.566444134911948,3.7520662620634777
VA7_EB,MD,35912,110-05712,ready,22.307347661396573,4.944851613965745
VA7_EB,MD,37028,110-05711,ready,21.26177947957839,6.5552621870882755
VA7_EB,MD,35807,110-05710,ready,4.8285099637681155,1.323294384057971
VA7_EB,MD,32934,110N05710,ready,4.170890357378129,2.26794659914361
VA7_EB,MD,33102,110-05709,ready,12.821679430171278,4.5915433959156795
VA7_EB,MD,30460,110-05708,ready,18.551169595802747,3.5137817499529453
VA7_EB,MD,33112,110-05707,ready,11.915452486824769,1.4042214262187092
VA7_EB,MD,30451,110-05706,ready,7.000391551383399,1.5930432312252971
VA7_EB,MD,30414,110-05705,ready,8.828487318840578,3.652099637681161
VA7_EB,MD,34024,110-05704,ready,4.178286278938451,1.6712553877282152
VA7_EB,MD,30364,110-05703,ready,8.983719223484847,1.373814002799737
VA7_EB,MD,33926,110-05702,ready,17.786648746784618,2.254610311186399
VA7_EB,MD,30360,110-05701,ready,15.266450785024153,1.4415567907334215
VA7_EB,MD,30463,110-05700,ready,5.310095932147564,3.5366540678524365
VA7_EB,MD,30354,110-05699,ready,10.214923379760336,5.774875878348705
VA7_EB,MD,31844,110N05699,ready,9.519371088603426,5.826628911396575
VA7_EB,MD,30566,110-05698,ready,18.579818311217768,0.7896925583474504
VA7_EB,MD,30979,110N05698,ready,16.79103754940711,0.8142063570487473
VA7_EB,MD,33808,110-05697,ready,12.286342873611895,0.5780921677959725
VA7_EB,MD,30572,110N05697,ready,12.03378905514775,1.0617243318275928
VA7_EB,MD,33782,110-05696,ready,21.97185359025033,1.363789855072464
VA7_EB,MD,33778,110-05695,ready,14.736983695652176,1.3553188405797096
VA7_EB,MD,31733,110N05695,ready,11.441756834650855,1.2674442523056655
VA7_EB,MD,30141,110-05694,ready,16.611827239789196,2.371100296442688
VA7_EB,MD,30109,110-05693,ready,14.261538825757576,2.9094539278656124
VA7_EB,MD,30313,110N05692,ready,22.092427536231884,0.871894927536232
VA7_EB,MD,30059,110-05691,ready,20.226827549920436,0.6995490734561887
VA7_EB,MD,30041,110-05690,ready,22.797405714756263,0.28750732872200224
VA7_EB,MD,34084,110-05689,ready,19.08576910408432,0.5061711133069825
VA7_EB,MD,29998,110N05688,ready,22.572543652754252,0.31518198091160016
VA7_EB,MD,32393,110-05687,ready,14.894048239310097,0.5929632590729432
VA7_EB,MD,34140,110N05687,ready,9.40718997035573,0.6435069993412373
VA7_EB,MD,34153,110-05685,ready,15.028266633728592,0.9298214756258235
VA7_EB,MD,34155,110N05685,ready,16.17462903491436,0.6748497200263501
VA7_EB,MD,32148,110-05684,ready,17.251978343214756,0.8108513669301716
VA7_EB,MD,28641,110N05684,ready,18.740945734519105,1.422684700263505
VA7_EB,MD,27948,110-05683,ready,18.136873960882113,0.7754539376686119
VA7_EB,MD,28308,110N05683,ready,4.337937527448397,0.3799679402722876
VA7_EB,MD,28021,110-06551,ready,21.066732954545454,0.9811420454545448
VA7_EB,MD,27867,110-06552,ready,28.324682324016564,1.7054843426501038
VA7_EB,MD,28056,110-06553,ready,19.7235560770751,1.7329022562582352
VA7_EB,MD,27807,110-06554,ready,27.332687747035575,0.27981243262666156
VA7_EB,MD,27782,110-06557,ready,28.271790863801055,0.3408359477931491
VA7_EB,PM,36578,110+06720,ready,5.99545266327875,0.870577663278751
VA7_EB,PM,37511,110+06721,ready,5.515634263833993,1.1080319911067207
VA7_EB,PM,36548,110+04249,ready,10.436944478754938,1.3026805212450596
VA7_EB,PM,36856,110P04249,ready,11.150448369565217,1.1492391304347844
VA7_EB,PM,37689,110+04250,ready,10.28390663231696,0.9553080415960848
VA7_EB,PM,36846,110P04250,ready,11.30297995482778,0.9137964426877468
VA7_EB,PM,36840,110+04251,ready,11.02710165513834,0.42564019268774755
VA7_EB,PM,36834,110P04251,ready,11.507854187252962,0.49347733448616715
VA7_EB,PM,36828,110+04252,ready,13.287218997035573,1.0948299160079054
VA7_EB,PM,36823,110P04252,ready,14.751688488142292,0.8723305335968385
VA7_EB,PM,36816,110+04247,ready,3.4822995482778096,0.6067281197063821
VA7_EB,PM,36198,110+04248,ready,11.071582880434782,1.6967703804347813
VA7_EB,PM,36811,110P04248,ready,10.346959609683795,0.46087265316205395
VA7_EB,PM,36795,110-05717,ready,17.302107213438738,0.32121739130434834
VA7_EB,PM,36248,110-05716,ready,6.342155385375496,0.4426245059288547
VA7_EB,PM,37373,110-05715,ready,3.4858891752912426,2.795061482603495
VA7_EB,PM,36772,110N05715,ready,14.25380743577075,0.8652740859683812
VA7_EB,PM,36862,110-05714,ready,22.756057971014492,1.0683797101449273
VA7_EB,PM,37015,110-05713,ready,21.44776000494071,0.7512301136363648
VA7_EB,PM,35867,110N05713,ready,9.139394064872326,2.4738955141476904
VA7_EB,PM,35912,110-05712,ready,3.61299511740648,8.289216089771454
VA7_EB,PM,37028,110-05711,ready,1.1120002083860334,10.17813513758541
VA7_EB,PM,35807,110-05710,ready,8.190630558300395,0.4784267539525682
VA7_EB,PM,32934,110N05710,ready,5.265869565217391,0.6744375000000002
VA7_EB,PM,33102,110-05709,ready,14.403977831498214,1.868022050865803
VA7_EB,PM,30460,110-05708,ready,1.8993757516531617,8.018464743299056
VA7_EB,PM,33112,110-05707,ready,15.241195500927644,0.555844569250624
VA7_EB,PM,30451,110-05706,ready,7.966860095520422,0.42753672595520564
VA7_EB,PM,30414,110-05705,ready,4.724478063706634,7.572931169029066
VA7_EB,PM,34024,110-05704,ready,9.768152173913043,1.6037880434782603
VA7_EB,PM,30364,110-05703,ready,5.90731295878035,0.35035474308300457
VA7_EB,PM,33926,110-05702,ready,17.17495538655185,0.5491473802465645
VA7_EB,PM,30360,110-05701,ready,16.637452122153206,1.7140146221532082
VA7_EB,PM,30463,110-05700,ready,10.642019515810276,2.051774703557311
VA7_EB,PM,30354,110-05699,ready,15.864638710474308,2.1989512104743074
VA7_EB,PM,31844,110N05699,ready,1.8861578389150222,5.635282995740153
VA7_EB,PM,30566,110-05698,ready,1.929797754372126,3.6401362097807137
VA7_EB,PM,30979,110N05698,ready,18.648612277667983,0.5992414772727261
VA7_EB,PM,33808,110-05697,ready,0.9276075844555336,3.9756948245245693
VA7_EB,PM,30572,110N05697,ready,3.1905318340402955,4.444424949830923
VA7_EB,PM,33782,110-05696,ready,3.2690857084163034,4.3054047073723805
VA7_EB,PM,33778,110-05695,ready,16.471099925889327,1.2194640563241097
VA7_EB,PM,31733,110N05695,ready,5.592650698596025,6.783037634980239
VA7_EB,PM,30141,110-05694,ready,3.3018467526041753,3.7863395080994806
VA7_EB,PM,30109,110-05693,ready,2.109864547214861,3.854520223329581
VA7_EB,PM,30313,110N05692,ready,0.7898951135670864,6.904189018140566
VA7_EB,PM,30059,110-05691,ready,0.6612015645347871,4.498495904601846
VA7_EB,PM,30041,110-05690,ready,0.4179918628878925,5.123160995731629
VA7_EB,PM,34084,110-05689,ready,1.1218809576068387,3.945288373821735
VA7_EB,PM,29998,110N05688,ready,0.5560659691902854,5.043280389089117
VA7_EB,PM,32393,110-05687,ready,0.46781287504007957,3.3917271425621993
VA7_EB,PM,34140,110N05687,ready,0.8090470090888209,6.448995112200871
VA7_EB,PM,34153,110-05685,ready,1.009398834868109,3.9645862951868645
VA7_EB,PM,34155,110N05685,ready,1.338935688942762,3.590738930516943
VA7_EB,PM,32148,110-05684,ready,1.8357417260256281,5.537413593800882
VA7_EB,PM,28641,110N05684,ready,1.0087583370607645,4.629538776952247
VA7_EB,PM,27948,110-05683,ready,21.577711833003953,0.9003395503952563
VA7_EB,PM,28308,110N05683,ready,5.9768843814699775,1.1136968814699784
VA7_EB,PM,28021,110-06551,ready,0.5854535104695573,5.713603336888288
VA7_EB,PM,27867,110-06552,ready,1.2020002272372434,15.308964818312425
VA7_EB,PM,28056,110-06553,ready,1.8639277691236946,7.191571890004993
VA7_EB,PM,27807,110-06554,ready,27.724799283596838,0.35767971837944645
VA7_EB,PM,27782,110-06557,ready,29.4752315958498,0.2111142539525691
VA7_WB,AM,28612,110+06554,ready,29.263814366490994,0.6860334595959595
VA7_WB,AM,27805,110+06553,ready,25.76105072463768,0.37610144927536143
VA7_WB,AM,27821,110+06552,ready,2.197017963114062,3.4600142506481704
VA7_WB,AM,28524,110+06551,ready,2.82513480590834,20.931495099479054
VA7_WB,AM,28010,110+05683,ready,2.6668783089644847,8.446639911654218
VA7_WB,AM,27944,110P05683,ready,3.522626105778279,0.5599608507434611
VA7_WB,AM,28374,110+05684,ready,15.55326498682477,1.2771454216073774
VA7_WB,AM,27952,110P05684,ready,17.971696310935442,1.3303267457180503
VA7_WB,AM,28937,110+05685,ready,15.162187499999996,0.9841331521739116
VA7_WB,AM,31471,110+05686,ready,13.895965085638998,0.3419179841897222
VA7_WB,AM,28929,110P05687,ready,6.542291666666666,1.1774510869565216
VA7_WB,AM,34141,110+05688,ready,15.819076086956521,2.342076086956522
VA7_WB,AM,28948,110+05689,ready,17.40388998682477,0.9003471673254282
VA7_WB,AM,30007,110+05690,ready,1.752093494892475,2.5022774946673247
VA7_WB,AM,33528,110+05691,ready,21.602046277997363,1.0132020750988142
VA7_WB,AM,30064,110+05692,ready,17.621947628458496,0.7373476284584971
VA7_WB,AM,30318,110P05692,ready,24.50385375494071,1.0973138998682466
VA7_WB,AM,30111,110+05694,ready,11.986020256917,1.441555830039526
VA7_WB,AM,30142,110+05695,ready,13.87501976284585,2.2965
VA7_WB,AM,33010,110P05695,ready,11.093034420289856,1.1459293478260866
VA7_WB,AM,33766,110+05696,ready,14.487844053180025,0.7627128997484725
VA7_WB,AM,30634,110+05697,ready,6.761715250329382,1.049614459815545
VA7_WB,AM,35667,110+05698,ready,8.124467226613966,1.2884313241106717
VA7_WB,AM,33807,110P05698,ready,14.517073534255596,1.5726909584980229
VA7_WB,AM,35670,110+05699,ready,12.737213438735177,1.277180830039524
VA7_WB,AM,31848,110P05699,ready,2.9377898550724644,3.9836847826086963
VA7_WB,AM,33881,110+05700,ready,3.66666454117651,4.434630895116281
VA7_WB,AM,31023,110+05701,ready,7.6736775362318825,2.807242753623186
VA7_WB,AM,33888,110+05702,ready,13.785133399209485,4.2402318840579705
VA7_WB,AM,30362,110+05703,ready,12.594048913043478,3.925030797101448
VA7_WB,AM,33930,110+05704,ready,7.548693181818181,3.2357765151515143
VA7_WB,AM,30366,110+05705,ready,11.289627799736499,2.721066205533596
VA7_WB,AM,30369,110+05706,ready,15.211801301054019,2.521957098155467
VA7_WB,AM,30960,110+05707,ready,7.461497035573121,1.5322470355731206
VA7_WB,AM,34013,110+05708,ready,15.623663537549405,1.5309207839262193
VA7_WB,AM,30446,110+05709,ready,12.2256884057971,0.5594202898550726
VA7_WB,AM,30461,110+05710,ready,7.326141304347823,1.2336891304347823
VA7_WB,AM,32929,110P05710,ready,3.617278079710143,0.9231222826086949
VA7_WB,AM,32936,110+05711,ready,6.680960144927536,0.7576297760210817
VA7_WB,AM,36927,110+05712,ready,15.366000905797101,0.7135312088274031
VA7_WB,AM,35907,110+05713,ready,12.124083498023715,1.3431441040843204
VA7_WB,AM,35873,110P05713,ready,4.589727437417655,2.1430607707509886
VA7_WB,AM,35868,110+05714,ready,23.287751976284586,1.3774832015810279
VA7_WB,AM,37016,110+05715,ready,15.592544878129116,1.741128211462452
VA7_WB,AM,36775,110P05715,ready,15.088425638371291,1.8556756383712916
VA7_WB,AM,38089,110+05716,ready,6.783700592885374,1.8593827404479601
VA7_WB,AM,36565,110+05717,ready,8.436443511198947,1.3247231554677186
VA7_WB,AM,36236,110+05718,ready,18.34607831027668,1.1031028491436086
VA7_WB,AM,36806,110N04248,ready,8.57622776679842,1.0466200592885364
VA7_WB,AM,36220,110-04247,ready,10.059724308300398,0.7854713438735175
VA7_WB,AM,36195,110-04252,ready,2.449939476284586,0.9971184947299054
VA7_WB,AM,36818,110N04252,ready,12.284799901185773,0.41659337944664304
VA7_WB,AM,36176,110-04251,ready,12.256666666666668,0.5374963768115943
VA7_WB,AM,36830,110N04251,ready,12.52059782608695,0.5551413043478254
VA7_WB,AM,36836,110-04250,ready,13.38519104084321,0.5824591567852426
VA7_WB,AM,36842,110N04250,ready,13.151576086956522,0.31842391304348006
VA7_WB,AM,36848,110-04249,ready,12.471149538866927,0.3013560606060602
VA7_WB,AM,36850,110N04249,ready,11.153161231884056,0.3764076086956525
VA7_WB,AM,36855,110-06721,ready,12.28072875494071,0.3962831027667999
VA7_WB,AM,36231,110-06720,ready,2.573321256038647,0.32055314009662006
VA7_WB,AM,37512,110-06719,ready,0.41264512359621125,0.6340222018319809
VA7_WB,MD,28612,110+06554,ready,28.623752264492754,0.5924796195652174
VA7_WB,MD,27805,110+06553,ready,26.149791666666662,0.3258043478260864
VA7_WB,MD,27821,110+06552,ready,17.88706233530962,0.8934793313570487
VA7_WB,MD,28524,110+06551,ready,29.55640563241107,1.4413008893280626
VA7_WB,MD,28010,110+05683,ready,20.3397352602108,1.060274127140974
VA7_WB,MD,27944,110P05683,ready,4.472341485507246,0.663561182476944
VA7_WB,MD,28374,110+05684,ready,17.239758979206048,0.5065151228733463
VA7_WB,MD,27952,110P05684,ready,19.867560935441368,0.645033267457181
VA7_WB,MD,28937,110+05685,ready,17.30560688405797,0.40169565217391323
VA7_WB,MD,31471,110+05686,ready,17.253661067193676,0.39039627642888447
VA7_WB,MD,28929,110P05687,ready,10.282327075098813,0.3399733201581039
VA7_WB,MD,34141,110+05688,ready,17.24182929841897,0.33443782938076455
VA7_WB,MD,28948,110+05689,ready,19.050240644017816,0.3099644582470673
VA7_WB,MD,30007,110+05690,ready,18.13512022397892,0.9097131093544141
VA7_WB,MD,33528,110+05691,ready,22.375596198789136,0.4796411200514458
VA7_WB,MD,30064,110+05692,ready,20.69501688076416,0.29778392621870875
VA7_WB,MD,30318,110P05692,ready,27.32118041831357,1.7191963932806322
VA7_WB,MD,30111,110+05694,ready,13.798035655467721,2.7234172430830044
VA7_WB,MD,30142,110+05695,ready,1.6691603093838765,7.041971075057784
VA7_WB,MD,33010,110P05695,ready,14.512235877799737,2.8101717308959153
VA7_WB,MD,33766,110+05696,ready,20.29987197112906,2.1188247121498542
VA7_WB,MD,30634,110+05697,ready,0.8991794098330815,9.098398231941268
VA7_WB,MD,35667,110+05698,ready,11.237398715415019,1.8594762845849813
VA7_WB,MD,33807,110P05698,ready,17.71276554363511,0.7520376513583028
VA7_WB,MD,35670,110+05699,ready,15.035498188405796,1.3367789855072456
VA7_WB,MD,31848,110P05699,ready,1.18951992753623,1.1160018115942034
VA7_WB,MD,33881,110+05700,ready,11.095406197063804,4.123843802936193
VA7_WB,MD,31023,110+05701,ready,7.8449933927787185,2.3325899405546147
VA7_WB,MD,33888,110+05702,ready,11.375025115283266,2.453849884716733
VA7_WB,MD,30362,110+05703,ready,7.71938330937837,3.046707599712542
VA7_WB,MD,33930,110+05704,ready,4.700348731884058,2.1135570652173907
VA7_WB,MD,30366,110+05705,ready,8.854584156785245,2.1351495388669295
VA7_WB,MD,30369,110+05706,ready,16.217341485507244,0.9415995553359693
VA7_WB,MD,30960,110+05707,ready,9.585898052732292,1.8961500290168771
VA7_WB,MD,34013,110+05708,ready,17.736204298418972,2.2539297595520424
VA7_WB,MD,30446,110+05709,ready,13.916734807312253,0.8672905550065879
VA7_WB,MD,30461,110+05710,ready,9.842586050724636,1.2893197463768111
VA7_WB,MD,32929,110P05710,ready,6.128980978260867,2.063732789855074
VA7_WB,MD,32936,110+05711,ready,17.351582468708827,2.5679788784584967
VA7_WB,MD,36927,110+05712,ready,23.00268712944664,1.2268414443346505
VA7_WB,MD,35907,110+05713,ready,2.580615348234856,3.506599515367787
VA7_WB,MD,35873,110P05713,ready,7.761796964563763,0.6637847817531601
VA7_WB,MD,35868,110+05714,ready,28.738591485507246,0.7987113801054013
VA7_WB,MD,37016,110+05715,ready,17.370435811923585,1.0262184206192373
VA7_WB,MD,36775,110P05715,ready,16.656815299736497,2.029231966403163
VA7_WB,MD,38089,110+05716,ready,6.414299654150198,0.5878037714097492
VA7_WB,MD,36565,110+05717,ready,7.378227108036891,0.6843707180500678
VA7_WB,MD,36236,110+05718,ready,17.004542984189722,4.802247694334653
VA7_WB,MD,36806,110N04248,ready,8.206398221343875,8.361229743083006
VA7_WB,MD,36220,110-04247,ready,10.031619524044798,2.7522807559288545
VA7_WB,MD,36195,110-04252,ready,3.7687133563899873,1.2133908926218713
VA7_WB,MD,36818,110N04252,ready,10.007830615942028,0.5734809782608702
VA7_WB,MD,36176,110-04251,ready,10.460162631752306,1.0498554841897212
VA7_WB,MD,36830,110N04251,ready,11.033635746047429,0.6759795372200278
VA7_WB,MD,36836,110-04250,ready,11.78817638339921,1.1057402832674585
VA7_WB,MD,36842,110N04250,ready,11.297225790513833,0.34854100790513903
VA7_WB,MD,36848,110-04249,ready,10.732080451251646,0.3192871376811596
VA7_WB,MD,36850,110N04249,ready,9.34099061264822,0.2857761857707519
VA7_WB,MD,36855,110-06721,ready,10.234247664390942,0.4613524074739472
VA7_WB,MD,36231,110-06720,ready,3.8736098634567018,0.2838644448436925
VA7_WB,MD,37512,110-06719,ready,1.5037660573122535,0.365927618577075
VA7_WB,PM,28612,110+06554,ready,29.99216094367589,0.7584897480237157
VA7_WB,PM,27805,110+06553,ready,0.27261338840055205,9.773393666669456
VA7_WB,PM,27821,110+06552,ready,19.63493206521739,1.1044755434782614
VA7_WB,PM,28524,110+06551,ready,30.77571243714877,0.3777807601301387
VA7_WB,PM,28010,110+05683,ready,19.67806231472332,0.5370033967391297
VA7_WB,PM,27944,110P05683,ready,4.6139028532608695,0.5774599184782607
VA7_WB,PM,28374,110+05684,ready,0.2584603889333704,7.1906345961934734
VA7_WB,PM,27952,110P05684,ready,0.7277721856425113,6.049532686853608
VA7_WB,PM,28937,110+05685,ready,0.45877727661849654,4.245569836536113
VA7_WB,PM,31471,110+05686,ready,0.6101549042666021,4.021490453569282
VA7_WB,PM,28929,110P05687,ready,0.35250815207358643,6.577188353114568
VA7_WB,PM,34141,110+05688,ready,18.41495090167984,0.3770731842885373
VA7_WB,PM,28948,110+05689,ready,0.5622203129940533,4.48151644347123
VA7_WB,PM,30007,110+05690,ready,18.697187500000002,0.31507065217391306
VA7_WB,PM,33528,110+05691,ready,0.17671837372716492,5.779298279623379
VA7_WB,PM,30064,110+05692,ready,0.5261947394160593,6.340619198413572
VA7_WB,PM,30318,110P05692,ready,1.248057991350227,6.863660762778471
VA7_WB,PM,30111,110+05694,ready,0.8891211964098271,1.885841032608696
VA7_WB,PM,30142,110+05695,ready,15.884367588932806,1.394841403162055
VA7_WB,PM,33010,110P05695,ready,13.183227519762847,0.8705400197628468
VA7_WB,PM,33766,110+05696,ready,19.110509510869562,0.9910720108695643
VA7_WB,PM,30634,110+05697,ready,9.307897109683793,0.8892545701581034
VA7_WB,PM,35667,110+05698,ready,2.6056843732397335,4.538138549058032
VA7_WB,PM,33807,110P05698,ready,4.122309758979692,2.97916205492358
VA7_WB,PM,35670,110+05699,ready,3.570984545523089,3.771706075372588
VA7_WB,PM,31848,110P05699,ready,3.2148165760869545,1.4620426136363638
VA7_WB,PM,33881,110+05700,ready,0.8853796895363277,3.3529844203774797
VA7_WB,PM,31023,110+05701,ready,1.4271897783009435,6.327531754341507
VA7_WB,PM,33888,110+05702,ready,4.638736719961783,9.44311103224544
VA7_WB,PM,30362,110+05703,ready,10.010971467391304,2.3079279891304347
VA7_WB,PM,33930,110+05704,ready,6.0318869106437045,1.5769113671654438
VA7_WB,PM,30366,110+05705,ready,12.047772108843535,2.981265897663412
VA7_WB,PM,30369,110+05706,ready,15.078391798418973,1.5882294960474326
VA7_WB,PM,30960,110+05707,ready,6.587425271739132,0.9945122282608709
VA7_WB,PM,34013,110+05708,ready,1.8282279295955817,6.984384086501842
VA7_WB,PM,30446,110+05709,ready,16.76077198616601,0.8019765316205554
VA7_WB,PM,30461,110+05710,ready,14.943973081945229,2.3545247123800115
VA7_WB,PM,32929,110P05710,ready,1.0883528598614438,1.4586208364712814
VA7_WB,PM,32936,110+05711,ready,2.144196334289923,12.62480781602462
VA7_WB,PM,36927,110+05712,ready,1.779412032190737,6.008231205694427
VA7_WB,PM,35907,110+05713,ready,20.57850819922831,1.6856739600978738
VA7_WB,PM,35873,110P05713,ready,12.278346273291927,2.3177034161490675
VA7_WB,PM,35868,110+05714,ready,2.0300253247085673,13.370855217543154
VA7_WB,PM,37016,110+05715,ready,18.054464285714285,0.6808773291925451
VA7_WB,PM,36775,110P05715,ready,16.48869997529644,0.7801646492094854
VA7_WB,PM,38089,110+05716,ready,2.1457750741106736,3.973681447628458
VA7_WB,PM,36565,110+05717,ready,2.603093055947676,4.945401356342931
VA7_WB,PM,36236,110+05718,ready,3.6296056107256653,19.744582220794875
VA7_WB,PM,36806,110N04248,ready,3.954226880234361,4.810647857634269
VA7_WB,PM,36220,110-04247,ready,2.1611277173913046,6.038483201581029
VA7_WB,PM,36195,110-04252,ready,1.8789696852061,0.6004633681535854
VA7_WB,PM,36818,110N04252,ready,11.6951433688594,1.3662933194522893
VA7_WB,PM,36176,110-04251,ready,14.651735542537171,3.2024741789008098
VA7_WB,PM,36830,110N04251,ready,16.972956015904387,4.89115487954075
VA7_WB,PM,36836,110-04250,ready,18.480270125836892,5.0317949705573914
VA7_WB,PM,36842,110N04250,ready,12.087349308300396,0.44048764822134645
VA7_WB,PM,36848,110-04249,ready,10.62733757411067,0.22090007411067525
VA7_WB,PM,36850,110N04249,ready,7.921630434782607,0.8163288043478278
VA7_WB,PM,36855,110-06721,ready,8.920336821240355,0.7014158961509471
VA7_WB,PM,36231,110-06720,ready,4.4740625000000005,0.3377418478260874
VA7_WB,PM,37512,110-06719,ready,1.5212771739130453,0.6323722826086935
VA828_NB,AM,30554,110+11498,ready,15.179884716732543,0.3939588274044814
VA828_NB,AM,31876,110P11498,ready,18.884448287220025,0.38244235836627133
VA828_NB,AM,31870,110+11499,ready,3.092441986134246,1.3151707839262177
VA828_NB,AM,30997,110+11500,ready,8.260763751646904,0.7288884222661401
VA828_NB,AM,33991,110+11501,ready,10.01490200922266,0.5993081357048755
VA828_NB,AM,33105,110+11502,ready,9.176056077075096,0.8410198451910382
VA828_NB,AM,32363,110+11503,ready,14.304728260869567,0.3059311594202905
VA828_NB,MD,30554,110+11498,ready,14.1699425080848,1.4246938555515625
VA828_NB,MD,31876,110P11498,ready,17.234402173913043,2.202927536231884
VA828_NB,MD,31870,110+11499,ready,13.432139533926218,0.4524408349802367
VA828_NB,MD,30997,110+11500,ready,10.130291501976286,0.32594400527009276
VA828_NB,MD,33991,110+11501,ready,10.029948204874835,0.6955458662714099
VA828_NB,MD,33105,110+11502,ready,9.346687252964427,0.7825566534914353
VA828_NB,MD,32363,110+11503,ready,14.703221187025534,1.1903204796411324
VA828_NB,PM,30554,110+11498,ready,15.825466279644269,1.4615260622529647
VA828_NB,PM,31876,110P11498,ready,1.1884484265646411,4.6770393639333605
VA828_NB,PM,31870,110+11499,ready,14.183241724308301,0.7812308547430835
VA828_NB,PM,30997,110+11500,ready,1.1389836389774888,2.6292766287050773
VA828_NB,PM,33991,110+11501,ready,10.597202322134386,0.3436153656126466
VA828_NB,PM,33105,110+11502,ready,10.060185276679842,0.7002206027667981
VA828_NB,PM,32363,110+11503,ready,0.7588221476727601,2.443995288069287
VA828_SB,AM,33116,110-11502,ready,12.405942028985507,1.5342753623188397
VA828_SB,AM,32361,110-11501,ready,8.677161561264823,0.4719652503293788
VA828_SB,AM,31005,110-11500,ready,9.61195569828722,0.9938285573122526
VA828_SB,AM,30405,110-11499,ready,5.2464988001129305,0.36440163278750265
VA828_SB,AM,30490,110-11498,ready,15.519443346508565,0.5405602766798424
VA828_SB,AM,31871,110N11498,ready,16.72421195652174,1.078175724637682
VA828_SB,AM,31875,110-11497,ready,18.808187582345187,0.5253776350461141
VA828_SB,MD,33116,110-11502,ready,11.359944044482086,0.6956649805508519
VA828_SB,MD,32361,110-11501,ready,8.659990942028985,0.5554456521739125
VA828_SB,MD,31005,110-11500,ready,9.86054265480896,0.35416501976284476
VA828_SB,MD,30405,110-11499,ready,3.2288508190541236,3.3955660867735133
VA828_SB,MD,30490,110-11498,ready,15.393446557971012,0.6415606884057969
VA828_SB,MD,31871,110N11498,ready,19.692065217391303,1.3932844202898547
VA828_SB,MD,31875,110-11497,ready,20.447008605072465,0.28186902997364954
VA828_SB,PM,33116,110-11502,ready,11.992207880434782,0.3208138586956508
VA828_SB,PM,32361,110-11501,ready,8.786319184664972,0.48351999517692557
VA828_SB,PM,31005,110-11500,ready,10.980054347826085,0.6359945652173913
VA828_SB,PM,30405,110-11499,ready,1.6123130604966307,3.647601354136956
VA828_SB,PM,30490,110-11498,ready,1.0016388577048811,2.669581446493181
VA828_SB,PM,31871,110N11498,ready,16.161277173913042,1.3364429347826081
VA828_SB,PM,31875,110-11497,ready,19.221650815217394,0.8058790760869576
VA846_NB,AM,36784,110P10108,ready,15.567101449275361,1.0266014492753621
VA846_NB,AM,35970,110+10108,ready,16.899960474308298,0.5699776021080373
VA846_NB,AM,36785,110+10109,ready,18.24602355072464,2.40284173254282
VA846_NB,AM,35896,110+10110,ready,17.098158761528328,0.5189499341238474
VA846_NB,AM,36350,110+10111,ready,15.254383234519102,1.311216567852436
VA846_NB,MD,36784,110P10108,ready,16.28823657773386,0.7542744565217395
VA846_NB,MD,35970,110+10108,ready,16.52425477602108,0.2633611660079051
VA846_NB,MD,36785,110+10109,ready,18.093560586454608,1.3082202106468415
VA846_NB,MD,35896,110+10110,ready,18.971230854743084,0.6209724555335967
VA846_NB,MD,36350,110+10111,ready,15.11265328949432,0.8956537090626759
VA846_NB,PM,36784,110P10108,ready,0.28991933635892186,2.361036190711462
VA846_NB,PM,35970,110+10108,ready,15.650899827075099,0.31207497529644246
VA846_NB,PM,36785,110+10109,ready,1.3696703141865965,4.772371936717572
VA846_NB,PM,35896,110+10110,ready,2.006002176263893,4.25100362806905
VA846_NB,PM,36350,110+10111,ready,16.730366230237156,0.7178037302371545
VA846_SB,AM,37230,110-10110,ready,4.97012533791618,6.820027850715448
VA846_SB,AM,35898,110-10109,ready,3.2648611854744902,9.542402441873476
VA846_SB,AM,37039,110-10108,ready,17.096063076416335,2.088063076416337
VA846_SB,AM,36782,110-58059,ready,24.313134646150946,0.7772852672689629
VA846_SB,AM,36787,110N10108,ready,18.338456851119897,0.5274090909090902
VA846_SB,MD,37230,110-10110,ready,14.200025321146244,0.492442893610013
VA846_SB,MD,35898,110-10109,ready,17.584730113636365,1.4893948863636368
VA846_SB,MD,37039,110-10108,ready,16.824452404479576,0.4609209486166
VA846_SB,MD,36782,110-58059,ready,22.05864027503294,0.9330897974308293
VA846_SB,MD,36787,110N10108,ready,17.10997859025033,0.7876090250329381
VA846_SB,PM,37230,110-10110,ready,0.41173469934548423,2.639157775606647
VA846_SB,PM,35898,110-10109,ready,20.247041749011856,0.9029167490118557
VA846_SB,PM,37039,110-10108,ready,0.8772496306753277,3.0597290128855485
VA846_SB,PM,36782,110-58059,ready,21.47726222826087,0.7002572875494066
VA846_SB,PM,36787,110N10108,ready,16.144699851778654,0.7607146739130435
VA9_NB,AM,36820,110+11427,ready,24.082916666666662,0.5436884057971006
VA9_NB,AM,36380,110P11426,ready,1.9605443749099687,23.27258162574125
VA9_NB,AM,37595,110+11428,ready,12.732653985507248,1.7990706521739135
VA9_NB,AM,37452,110+11429,ready,9.788527667984189,2.477641304347825
VA9_NB,AM,36480,110+11430,ready,9.53768115942029,2.549847826086958
VA9_NB,AM,37046,110+11431,ready,9.930105401844534,1.8986343873517793
VA9_NB,AM,36513,110+11432,ready,15.497059492439925,2.870059492439928
VA9_NB,AM,36521,110+59232,ready,13.028845108695654,0.9860769927536234
VA9_NB,AM,36420,110+11433,ready,34.92567028985507,0.9545760869565213
VA9_NB,AM,36993,110+59234,ready,8.33179993872549,1.7022264093137263
VA9_NB,MD,36820,110+11427,ready,24.686650197628456,0.2356324110671938
VA9_NB,MD,36380,110P11426,ready,35.785364632348326,2.6272084352845213
VA9_NB,MD,37595,110+11428,ready,13.81929677206851,1.5873025362318847
VA9_NB,MD,37452,110+11429,ready,10.43584115612648,0.3541410573122536
VA9_NB,MD,36480,110+11430,ready,13.618637971328189,3.8217859417152895
VA9_NB,MD,37046,110+11431,ready,9.73805541831357,1.7862344367588936
VA9_NB,MD,36513,110+11432,ready,17.871231707603993,4.276896915584415
VA9_NB,MD,36521,110+59232,ready,12.258984908372259,0.40189256198347
VA9_NB,MD,36420,110+11433,ready,35.70020108695651,0.8770793478260867
VA9_NB,MD,36993,110+59234,ready,6.433030535130718,0.902693116830067
VA9_NB,PM,36820,110+11427,ready,25.18850543478261,0.2972391304347828
VA9_NB,PM,36380,110P11426,ready,33.02315330615942,0.28200973731884016
VA9_NB,PM,37595,110+11428,ready,16.467061141304345,1.6919850543478259
VA9_NB,PM,37452,110+11429,ready,10.312661808300394,0.5960200098814239
VA9_NB,PM,36480,110+11430,ready,2.2856611136009386,4.71718404032615
VA9_NB,PM,37046,110+11431,ready,2.8926800893955003,3.4304069139442888
VA9_NB,PM,36513,110+11432,ready,1.1129343650641514,5.5332877811581325
VA9_NB,PM,36521,110+59232,ready,1.7649617637364807,0.9561982004444567
VA9_NB,PM,36420,110+11433,ready,1.7024958436315447,15.94727881473182
VA9_NB,PM,36993,110+59234,ready,8.579695182570752,0.451390495070751
VA9_SB,AM,36520,110-11432,ready,38.848699466056445,0.45969946605644535
VA9_SB,AM,36522,110-11433,ready,1.3774795946167695,7.229769600540277
VA9_SB,AM,37281,110-59233,ready,2.3076709947005147,5.093158324025586
VA9_SB,AM,36518,110-11431,ready,8.024706027667984,0.7384197957839277
VA9_SB,AM,36514,110-11430,ready,0.9459463181204253,3.6455754208341395
VA9_SB,AM,36483,110-11429,ready,1.740313173676327,2.7311293504842253
VA9_SB,AM,36482,110-11428,ready,3.5526825969574922,1.9215589320046869
VA9_SB,AM,36164,110-11427,ready,1.6015100760632173,1.5642238737914298
VA9_SB,AM,36819,110N11426,ready,39.591341403162055,3.786341403162055
VA9_SB,AM,36813,110-11426,ready,41.278623188405795,2.8535362318840582
VA9_SB,MD,36520,110-11432,ready,35.823441617259554,1.5257667160737818
VA9_SB,MD,36522,110-11433,ready,12.500562417654805,2.1490209156785274
VA9_SB,MD,37281,110-59233,ready,3.426544032543571,1.0510393007897625
VA9_SB,MD,36518,110-11431,ready,9.291324110671935,0.9808932806324112
VA9_SB,MD,36514,110-11430,ready,10.249697381422925,4.104135951910409
VA9_SB,MD,36483,110-11429,ready,10.452959486166007,1.824024209486167
VA9_SB,MD,36482,110-11428,ready,11.579472579051384,2.5569857542819494
VA9_SB,MD,36164,110-11427,ready,14.992112301195183,4.345663061123657
VA9_SB,MD,36819,110N11426,ready,33.078869400527005,3.1852972661396564
VA9_SB,MD,36813,110-11426,ready,32.61484438719493,3.527757062080432
VA9_SB,PM,36520,110-11432,ready,35.96447369659326,0.5318486965932621
VA9_SB,PM,36522,110-11433,ready,13.097431447628455,0.47282003458497934
VA9_SB,PM,37281,110-59233,ready,4.315992754557962,1.0241026401788802
VA9_SB,PM,36518,110-11431,ready,11.058388092885375,0.4787630928853761
VA9_SB,PM,36514,110-11430,ready,9.176056324110672,0.24074827075098781
VA9_SB,PM,36483,110-11429,ready,10.031189299830604,0.30407096979108017
VA9_SB,PM,36482,110-11428,ready,11.485796366224356,0.4448875223508377
VA9_SB,PM,36164,110-11427,ready,14.488620615118577,0.4398016921936745
VA9_SB,PM,36819,110N11426,ready,32.0167168972332,0.5286734189723317
VA9_SB,PM,36813,110-11426,ready,30.27455251270469,0.8234288537549403
