run_id,data_basis,detector,corridor,sensor_uid,link_id,period,calibration_scope,f_d,n,f_p,s,alpha,beta,n_episodes,duration_r2,speed_r2,duration_rmse_hr,speed_rmse_mph,duration_bound_active,speed_bound_active,reliability,tmc_code,network_link_id,network_from_node_id,network_to_node_id,network_mapping_status
corridor-85357627cabf4a618a0686ab63230c5f,daily,state_transition,I395_NB,I395_NB::110+04129,1,AM,sensor_period,3.70576861046984,1.0353819910609303,2.156934435665273,0.2477798285516313,1.591447217442315,0.256546772230524,9,0.9238736013838276,0.0815268635134252,0.2132237720127032,1.3090709558853209,False,False,medium,110+04129,26825,30449,30281,mapped_primary_link
corridor-85357627cabf4a618a0686ab63230c5f,daily,state_transition,I395_NB,I395_NB::110+04129,1,MD,sensor_period,7.984471336298269,1.01685464232738,2.8390660603954867,0.1905314112462873,2.249471324121758,0.1937427500349745,7,0.977439474653058,0.0810077907014785,0.2502338272693751,1.5002389637164948,False,False,medium,110+04129,26825,30449,30281,mapped_primary_link
corridor-85357627cabf4a618a0686ab63230c5f,daily,state_transition,I395_NB,I395_NB::110+04129,1,PM,sensor_period,5.090156496150585,1.2278374103951628,1.6024760732133474,0.4905719231200188,1.898859071178715,0.6023425596962588,16,0.8881729741525808,0.1295467532706609,0.5722840498453823,3.7676877836391225,False,False,high,110+04129,26825,30449,30281,mapped_primary_link
corridor-85357627cabf4a618a0686ab63230c5f,daily,state_transition,I395_NB,I395_NB::110+04123,3,AM,sensor_period,3.5002336386842177,1.1121863548529536,0.5712172284393461,0.7253287991852924,0.7558737686111849,0.8067007932357603,16,0.9409966941534764,0.2444390643419619,0.2050573053515231,3.4241956300624947,False,False,high,110+04123,28025,32154,32248,mapped_primary_link
corridor-85357627cabf4a618a0686ab63230c5f,daily,state_transition,I395_NB,I395_NB::110+04123,3,MD,corridor_period,7.731091753103044,1.0659541238534658,1.1592186558650537,0.5135801807855691,1.7674493399615654,0.5474529116377859,34,0.9631865686113364,0.1705519735974032,0.8675294660331542,7.14414559699944,False,False,high,110+04123,28025,32154,32248,mapped_primary_link
corridor-85357627cabf4a618a0686ab63230c5f,daily,state_transition,I395_NB,I395_NB::110+04123,3,PM,sensor_period,4.739355557243766,1.000000001309025,0.8367852069064501,0.5788949822002843,1.0984574259697455,0.5788949829580724,7,0.7052383256611165,0.2438858476386094,0.1977398251053869,1.190539295611338,True,False,low,110+04123,28025,32154,32248,mapped_primary_link
corridor-85357627cabf4a618a0686ab63230c5f,daily,state_transition,I395_NB,I395_NB::110+04122,4,AM,sensor_period,3.6504651126721535,1.095765524982966,0.7278254798873406,0.5610340482857803,0.8026430911447282,0.6147617684531866,6,0.8312840955059286,0.0672525492080556,0.3061552842141744,5.995427739618068,False,False,medium,110+04122,28724,34024,35511,mapped_primary_link
corridor-85357627cabf4a618a0686ab63230c5f,daily,state_transition,I395_NB,I395_NB::110+04122,4,PM,sensor_period,4.2674414852321725,1.0391285017985672,0.1413279971822812,1.403881457951623,0.577972940418894,1.4588132361040582,5,0.9997628459325604,0.7677933340126676,0.0122716271465603,2.318980479067035,False,False,medium,110+04122,28724,34024,35511,mapped_primary_link
corridor-85357627cabf4a618a0686ab63230c5f,daily,state_transition,I395_NB,I395_NB::110+04121,5,AM,sensor_period,3.5256005862800253,1.0290683938391751,0.6742760788682077,0.5832315695467327,0.7498943923885062,0.6001851745097574,18,0.8603079863720547,0.1869824220675794,0.2642839511093562,2.543964311767427,False,False,high,110+04121,29007,34114,35496,mapped_primary_link
corridor-85357627cabf4a618a0686ab63230c5f,daily,state_transition,I395_NB,I395_NB::110+04121,5,MD,sensor_period,7.573157381233536,1.189983529622182,0.4895121984813953,0.8209312585079024,1.3759042313474534,0.9768946765764136,4,0.9964407815974028,0.7569263534685209,0.23661820271585,2.209658334148518,False,False,low,110+04121,29007,34114,35496,mapped_primary_link
corridor-85357627cabf4a618a0686ab63230c5f,daily,state_transition,I395_NB,I395_NB::110+04121,5,PM,sensor_period,4.664166523008893,1.0491746109212563,1.0635893849654452,0.2060653894985112,0.7790833208440451,0.2161985748514376,18,0.970414725683264,0.0848506869752472,0.1918454450378148,1.5110050479905794,False,False,high,110+04121,29007,34114,35496,mapped_primary_link
corridor-85357627cabf4a618a0686ab63230c5f,daily,state_transition,I395_NB,I395_NB::110+04127,6,AM,sensor_period,3.177849942207208,1.0132834553998171,0.0142730635042448,3.8433912090007376,0.6477552887077311,3.894444724709549,6,0.9952695276203388,0.5323508908856148,0.0363625182175352,4.343788485930078,False,False,medium,110+04127,26424,30250,30199,mapped_primary_link
corridor-85357627cabf4a618a0686ab63230c5f,daily,state_transition,I395_NB,I395_NB::110+04127,6,MD,corridor_period,7.731091753103044,1.0659541238534658,1.1592186558650537,0.5135801807855691,1.7674493399615654,0.5474529116377859,34,0.9631865686113364,0.1705519735974032,0.8675294660331542,7.14414559699944,False,False,high,110+04127,26424,30250,30199,mapped_primary_link
corridor-85357627cabf4a618a0686ab63230c5f,daily,state_transition,I395_NB,I395_NB::110+04126,7,AM,sensor_period,3.2253646308630266,1.056665051918639,0.3240490790038113,1.113538701504606,0.6366954075550969,1.176637429838778,4,0.999433755323802,0.9383233971514622,0.0261010177205959,0.9707766543553624,False,False,low,110+04126,26423,30249,30413,mapped_primary_link
corridor-85357627cabf4a618a0686ab63230c5f,daily,state_transition,I395_NB,I395_NB::110+04126,7,PM,corridor_period,4.763652437116819,1.1011445882700222,0.2613068680555966,1.3806864140509496,1.2027412136289937,1.5203353729301463,150,0.9170190381546786,0.311780179202496,0.5318633672200256,7.286300218208759,False,False,high,110+04126,26423,30249,30413,mapped_primary_link
corridor-85357627cabf4a618a0686ab63230c5f,daily,state_transition,I395_NB,I395_NB::110+04125,8,AM,sensor_period,5.502996183890157,2.7881575502960763,0.0180317681757332,4.0,8.819295407086853,11.152630201184303,3,0.3601793233895581,0.5413108901446234,0.0942676948177695,4.2276597039109,False,True,low,110+04125,26708,30362,30401,mapped_primary_link
corridor-85357627cabf4a618a0686ab63230c5f,daily,state_transition,I395_NB,I395_NB::110+04124,9,AM,sensor_period,3.321826985766757,1.0930871763680343,0.3039886626190844,1.0815561468567825,0.5939564781508736,1.1822351546511711,19,0.9779133907351264,0.3760118130551871,0.0979688009078475,3.3951242157194046,False,False,high,110+04124,27878,32112,32260,mapped_primary_link
corridor-85357627cabf4a618a0686ab63230c5f,daily,state_transition,I395_NB,I395_NB::110+04124,9,PM,sensor_period,4.768380051600983,1.0485566053380848,1.172382665631986,0.2548106679760771,0.9309454829866058,0.2671834090169253,9,0.9109174498706992,0.1014265735720227,0.1406986931387628,1.69641780793328,False,False,medium,110+04124,27878,32112,32260,mapped_primary_link
corridor-85357627cabf4a618a0686ab63230c5f,daily,state_transition,I395_NB,I395_NB::110+04130,10,AM,sensor_period,3.8495601106266255,1.0130393991414377,2.057465413495474,0.3425636581546353,1.741292947667071,0.3470304824246645,8,0.815536081239246,0.0702416046988373,0.2862934653069878,1.2719630563162854,False,False,medium,110+04130,26501,30281,30268,mapped_primary_link
corridor-85357627cabf4a618a0686ab63230c5f,daily,state_transition,I395_NB,I395_NB::110+04130,10,MD,sensor_period,8.117465027403501,1.0046634146601925,3.417155662729561,0.05,2.023645856207873,0.0502331707330096,6,0.9616279002111484,0.0138736417524766,0.8241598515128701,0.9161901834988804,False,True,low,110+04130,26501,30281,30268,mapped_primary_link
corridor-85357627cabf4a618a0686ab63230c5f,daily,state_transition,I395_NB,I395_NB::110+04130,10,PM,sensor_period,5.20056442594283,1.0000000000000002,1.659316464745615,0.4128644059402477,1.748073571431783,0.4128644059402478,10,0.8683374716878489,0.1610755560723803,0.5249629792407949,1.0148137114153846,True,False,low,110+04130,26501,30281,30268,mapped_primary_link
corridor-85357627cabf4a618a0686ab63230c5f,daily,state_transition,I395_NB,I395_NB::110+04670,11,AM,sensor_period,3.8683676155843063,1.1952702406075988,0.2984772227925668,1.635006873994553,1.4538574116996457,1.9542750596745475,6,0.9668490150861908,0.5906767825907848,0.2593846262077265,6.96507136426459,False,False,medium,110+04670,26274,30202,30187,mapped_primary_link
corridor-85357627cabf4a618a0686ab63230c5f,daily,state_transition,I395_NB,I395_NB::110+04670,11,MD,sensor_period,10.764887045769411,1.3629904687342222,0.0897606449907196,3.5479483588407064,219.58416759083195,4.8358197966611085,5,0.9792622454454548,0.9532113322166268,0.0955228349872424,2.249403308748362,False,False,medium,110+04670,26274,30202,30187,mapped_primary_link
corridor-85357627cabf4a618a0686ab63230c5f,daily,state_transition,I395_NB,I395_NB::110+04670,11,PM,corridor_period,4.763652437116819,1.1011445882700222,0.2613068680555966,1.3806864140509496,1.2027412136289937,1.5203353729301463,150,0.9170190381546786,0.311780179202496,0.5318633672200256,7.286300218208759,False,False,high,110+04670,26274,30202,30187,mapped_primary_link
corridor-85357627cabf4a618a0686ab63230c5f,daily,state_transition,I395_NB,I395_NB::110P04130,12,AM,corridor_period,3.468934084392969,1.0059919538831834,0.3098973835925206,1.2546703203402536,0.7870178555997742,1.2621882470383314,210,0.8784942352728901,0.1789385542764183,0.3307160372091753,8.188755796925241,False,False,high,110P04130,26469,30268,30364,mapped_primary_link
corridor-85357627cabf4a618a0686ab63230c5f,daily,state_transition,I395_NB,I395_NB::110P04130,12,MD,corridor_period,7.731091753103044,1.0659541238534658,1.1592186558650537,0.5135801807855691,1.7674493399615654,0.5474529116377859,34,0.9631865686113364,0.1705519735974032,0.8675294660331542,7.14414559699944,False,False,high,110P04130,26469,30268,30364,mapped_primary_link
corridor-85357627cabf4a618a0686ab63230c5f,daily,state_transition,I395_NB,I395_NB::110P04127,14,AM,corridor_period,3.468934084392969,1.0059919538831834,0.3098973835925206,1.2546703203402536,0.7870178555997742,1.2621882470383314,210,0.8784942352728901,0.1789385542764183,0.3307160372091753,8.188755796925241,False,False,high,110P04127,26269,30199,30200,mapped_primary_link
corridor-85357627cabf4a618a0686ab63230c5f,daily,state_transition,I395_NB,I395_NB::110P04127,14,PM,corridor_period,4.763652437116819,1.1011445882700222,0.2613068680555966,1.3806864140509496,1.2027412136289937,1.5203353729301463,150,0.9170190381546786,0.311780179202496,0.5318633672200256,7.286300218208759,False,False,high,110P04127,26269,30199,30200,mapped_primary_link
corridor-85357627cabf4a618a0686ab63230c5f,daily,state_transition,I395_NB,I395_NB::110P04128,15,AM,sensor_period,3.985208935392135,1.0000000000125848,2.2022299232327462,0.5011185757071425,2.3483270734935044,0.501118575713449,13,0.4375978378421942,0.0183862167665059,0.3848222229680519,3.156650571526936,True,False,low,110P04128,26297,30207,30449,mapped_primary_link
corridor-85357627cabf4a618a0686ab63230c5f,daily,state_transition,I395_NB,I395_NB::110P04128,15,MD,corridor_period,7.731091753103044,1.0659541238534658,1.1592186558650537,0.5135801807855691,1.7674493399615654,0.5474529116377859,34,0.9631865686113364,0.1705519735974032,0.8675294660331542,7.14414559699944,False,False,high,110P04128,26297,30207,30449,mapped_primary_link
corridor-85357627cabf4a618a0686ab63230c5f,daily,state_transition,I395_NB,I395_NB::110P04128,15,PM,sensor_period,5.093557171991118,1.1038371960264632,1.8199767171800043,0.4808494120429845,2.1234169574060155,0.5307794667005015,15,0.7931810441470408,-0.0452024539392639,0.7250274795663065,4.357998273963536,False,False,high,110P04128,26297,30207,30449,mapped_primary_link
corridor-85357627cabf4a618a0686ab63230c5f,daily,state_transition,I395_NB,I395_NB::110P04125,16,AM,sensor_period,4.063800244155993,1.4770718780450824,0.2377173917188195,1.4933463072313429,1.028979123684456,2.2057798345938884,5,0.8308070242488885,-0.0883162841712255,0.199399973173296,7.344145708274101,False,False,medium,110P04125,26768,30406,30249,mapped_primary_link
corridor-85357627cabf4a618a0686ab63230c5f,daily,state_transition,I395_NB,I395_NB::110P04125,16,PM,corridor_period,4.763652437116819,1.1011445882700222,0.2613068680555966,1.3806864140509496,1.2027412136289937,1.5203353729301463,150,0.9170190381546786,0.311780179202496,0.5318633672200256,7.286300218208759,False,False,high,110P04125,26768,30406,30249,mapped_primary_link
corridor-85357627cabf4a618a0686ab63230c5f,daily,state_transition,I395_NB,I395_NB::110P04126,17,AM,sensor_period,3.399079513846951,1.11975012420883,0.1487242777441137,2.324575621159815,1.3632332692567557,2.6029438405265206,4,0.987639920230461,0.51540051044821,0.0302877808760475,3.393742503957045,False,False,low,110P04126,26778,30413,30418,mapped_primary_link
corridor-85357627cabf4a618a0686ab63230c5f,daily,state_transition,I395_NB,I395_NB::110P04126,17,PM,corridor_period,4.763652437116819,1.1011445882700222,0.2613068680555966,1.3806864140509496,1.2027412136289937,1.5203353729301463,150,0.9170190381546786,0.311780179202496,0.5318633672200256,7.286300218208759,False,False,high,110P04126,26778,30413,30418,mapped_primary_link
corridor-85357627cabf4a618a0686ab63230c5f,daily,state_transition,I395_NB,I395_NB::110P04123,18,AM,sensor_period,3.2823541504458222,1.0994535039859137,0.1117508400864052,1.828617880575351,0.5237878804444992,2.0104803362498647,17,0.9582961287359788,0.5767240686815724,0.1355755462003562,3.6532212022643407,False,False,high,110P04123,28285,32248,32253,mapped_primary_link
corridor-85357627cabf4a618a0686ab63230c5f,daily,state_transition,I395_NB,I395_NB::110P04123,18,PM,sensor_period,4.313893825740554,1.000000367597374,0.4961372564481245,0.6497008538497044,0.6840310149656219,0.6497010926780321,9,0.9878421591695732,0.2048526899092387,0.061103665269311,3.802366985613677,True,False,low,110P04123,28285,32248,32253,mapped_primary_link
corridor-85357627cabf4a618a0686ab63230c5f,daily,state_transition,I395_NB,I395_NB::110P04124,19,AM,sensor_period,3.1680422035590583,1.0383107633138893,0.1440080197133302,1.1925663953152823,0.3038168624658723,1.2382545242223044,18,0.9737686510670888,0.1629977080715597,0.0879592582877016,4.537975659868974,False,False,high,110P04124,26756,30397,30362,mapped_primary_link
corridor-85357627cabf4a618a0686ab63230c5f,daily,state_transition,I395_NB,I395_NB::110P04124,19,PM,sensor_period,4.343346831809298,1.0017190209301323,0.4614154381290495,0.5347314549942546,0.5397040508078291,0.5356506695573898,9,0.9921681399174024,0.2431597065928867,0.053633166155079,2.404244781403634,False,False,medium,110P04124,26756,30397,30362,mapped_primary_link
corridor-85357627cabf4a618a0686ab63230c5f,daily,state_transition,I395_NB,I395_NB::110P04121,20,AM,sensor_period,3.149513995370626,1.0318629491636822,0.0156834425949237,2.4560394474567646,0.1400057658328401,2.5342961075150776,14,0.9542302492845914,0.4011370634517111,0.2079889900935869,8.97010175580917,False,False,high,110P04121,32601,35496,35241,mapped_primary_link
corridor-85357627cabf4a618a0686ab63230c5f,daily,state_transition,I395_NB,I395_NB::110P04121,20,MD,sensor_period,6.325231258098975,1.0613596552042346,0.1690867132191869,0.7329111000082665,0.3485186329576385,0.7778822724001301,3,0.9992711867253752,0.9727879792828928,0.0856073733542699,0.6365349231432725,False,False,low,110P04121,32601,35496,35241,mapped_primary_link
corridor-85357627cabf4a618a0686ab63230c5f,daily,state_transition,I395_NB,I395_NB::110P04121,20,PM,sensor_period,4.185577643101387,1.0391347861474935,0.0172883469206844,2.2750400493609715,0.2394807659537386,2.3640732551696964,17,0.9355414220992374,0.2568587745862846,0.1935735787910624,5.690772278035937,False,False,high,110P04121,32601,35496,35241,mapped_primary_link
corridor-85357627cabf4a618a0686ab63230c5f,daily,state_transition,I395_NB,I395_NB::110P04122,21,AM,sensor_period,3.5616705857822857,1.0000000500295907,1.1942345644769372,0.4139005201979029,1.077502133140657,0.4139005409051766,11,0.8333697264522599,-0.0145387079269732,0.2280041471717069,4.394920882996542,True,False,low,110P04122,28275,32241,32154,mapped_primary_link
corridor-85357627cabf4a618a0686ab63230c5f,daily,state_transition,I395_NB,I395_NB::110P04122,21,MD,corridor_period,7.731091753103044,1.0659541238534658,1.1592186558650537,0.5135801807855691,1.7674493399615654,0.5474529116377859,34,0.9631865686113364,0.1705519735974032,0.8675294660331542,7.14414559699944,False,False,high,110P04122,28275,32241,32154,mapped_primary_link
corridor-85357627cabf4a618a0686ab63230c5f,daily,state_transition,I395_NB,I395_NB::110P04122,21,PM,sensor_period,5.059733476266579,1.1664337564597338,0.1545280425938727,2.197205044359196,2.904817388048496,2.5628941336041726,5,0.9826022285890714,0.5422981945179195,0.081842177348892,6.27464374534264,False,False,medium,110P04122,28275,32241,32154,mapped_primary_link
corridor-85357627cabf4a618a0686ab63230c5f,daily,state_transition,I395_NB,I395_NB::110P04120,22,AM,sensor_period,3.813273236161375,1.0000000123348765,0.7163055221338973,0.9958815285918662,1.4487748345011258,0.9958815408759418,20,0.9103281384015596,0.6308831693657138,0.2276566136931311,2.029405786911133,True,False,low,110P04120,32581,35488,34114,mapped_primary_link
corridor-85357627cabf4a618a0686ab63230c5f,daily,state_transition,I395_NB,I395_NB::110P04120,22,MD,corridor_period,7.731091753103044,1.0659541238534658,1.1592186558650537,0.5135801807855691,1.7674493399615654,0.5474529116377859,34,0.9631865686113364,0.1705519735974032,0.8675294660331542,7.14414559699944,False,False,high,110P04120,32581,35488,34114,mapped_primary_link
corridor-85357627cabf4a618a0686ab63230c5f,daily,state_transition,I395_NB,I395_NB::110P04120,22,PM,sensor_period,5.236307446526477,1.1512979140475414,0.7189693261200143,0.8580691247321447,1.587385324489033,0.987893193412718,19,0.8987519319928676,0.4851600974789235,0.2991714768888694,1.9718980309310423,False,False,high,110P04120,32581,35488,34114,mapped_primary_link
corridor-85357627cabf4a618a0686ab63230c5f,daily,state_transition,I395_NB,I395_NB::110P04670,23,AM,sensor_period,3.744862257000912,1.0000000000016087,3.3491794417874368,0.05,1.9081342943916733,0.0500000000000804,10,0.9570590073892912,-0.0739403475409932,0.3161410449489668,2.0268156912891917,True,True,low,110P04670,26230,30187,30207,mapped_primary_link
corridor-85357627cabf4a618a0686ab63230c5f,daily,state_transition,I395_NB,I395_NB::110P04670,23,PM,sensor_period,4.360427135881329,1.0827785869458275,0.1358663489081162,1.6382402460204488,0.8087472823846965,1.7738514586638063,5,0.994763854732752,0.9448193037195636,0.1069625046870951,1.566477722526957,False,False,medium,110P04670,26230,30187,30207,mapped_primary_link
corridor-05a776b33525470f9270fa09fca9ce69,daily,state_transition,I395_SB,I395_SB::110N04127,1,PM,sensor_period,5.241152472796567,1.106575861812032,0.9029188570025928,0.7885754072112424,1.7781554623631708,0.8726185108385547,20,0.876206018279164,0.2568265742864207,0.2976083422206597,3.324978506230196,False,False,high,110N04127,26806,30435,30430,mapped_primary_link
corridor-05a776b33525470f9270fa09fca9ce69,daily,state_transition,I395_SB,I395_SB::110N04123,4,MD,corridor_period,6.91799337363285,1.000000422688882,0.2086505178168693,1.327373861995498,1.4500596888153023,1.3273744230616715,6,0.6887784477082457,-0.0570250288259592,0.2720720156654885,4.159581322777759,True,False,low,110N04123,28302,32259,32256,mapped_primary_link
corridor-05a776b33525470f9270fa09fca9ce69,daily,state_transition,I395_SB,I395_SB::110N04123,4,PM,sensor_period,4.815707317687122,1.0769683589859165,0.8693193543627408,0.4131841562841712,0.8876513289230362,0.4449862627523442,16,0.912893121103956,0.0584256230519611,0.1896908715027459,4.41063889084384,False,False,high,110N04123,28302,32259,32256,mapped_primary_link
corridor-05a776b33525470f9270fa09fca9ce69,daily,state_transition,I395_SB,I395_SB::110N04124,5,MD,corridor_period,6.91799337363285,1.000000422688882,0.2086505178168693,1.327373861995498,1.4500596888153023,1.3273744230616715,6,0.6887784477082457,-0.0570250288259592,0.2720720156654885,4.159581322777759,True,False,low,110N04124,28312,32266,32263,mapped_primary_link
corridor-05a776b33525470f9270fa09fca9ce69,daily,state_transition,I395_SB,I395_SB::110N04124,5,PM,sensor_period,4.413499070931919,1.000000000553718,0.0152056742039958,3.040014708536755,0.7398681513489737,3.0400147102200656,16,0.2689086337015897,0.1533158960390149,0.2506554693025262,7.484314530555245,True,False,low,110N04124,28312,32266,32263,mapped_primary_link
corridor-05a776b33525470f9270fa09fca9ce69,daily,state_transition,I395_SB,I395_SB::110N04125,6,MD,corridor_period,6.91799337363285,1.000000422688882,0.2086505178168693,1.327373861995498,1.4500596888153023,1.3273744230616715,6,0.6887784477082457,-0.0570250288259592,0.2720720156654885,4.159581322777759,True,False,low,110N04125,26776,30412,30409,mapped_primary_link
corridor-05a776b33525470f9270fa09fca9ce69,daily,state_transition,I395_SB,I395_SB::110N04125,6,PM,sensor_period,4.565235443825915,1.0000000006529448,0.8292805483843884,0.2364505419507604,0.6333308349595035,0.2364505421051495,15,0.8458400898799293,-0.0378519556823115,0.2840370039792415,6.636794640841272,True,False,low,110N04125,26776,30412,30409,mapped_primary_link
corridor-05a776b33525470f9270fa09fca9ce69,daily,state_transition,I395_SB,I395_SB::110N04126,7,MD,corridor_period,6.91799337363285,1.000000422688882,0.2086505178168693,1.327373861995498,1.4500596888153023,1.3273744230616715,6,0.6887784477082457,-0.0570250288259592,0.2720720156654885,4.159581322777759,True,False,low,110N04126,26788,30421,30416,mapped_primary_link
corridor-05a776b33525470f9270fa09fca9ce69,daily,state_transition,I395_SB,I395_SB::110N04126,7,PM,sensor_period,4.473340617755841,1.0000000000000244,0.1745368388423273,1.2612416556775854,0.6158713122449587,1.2612416556776165,15,0.5983349000078462,0.0818990514361346,0.2873403779077437,4.197651422174083,True,False,low,110N04126,26788,30421,30416,mapped_primary_link
corridor-05a776b33525470f9270fa09fca9ce69,daily,state_transition,I395_SB,I395_SB::110N04120,8,PM,sensor_period,4.620768531390287,1.0006418511173487,0.4656454128148612,1.3227414392760677,1.880611523447404,1.3235904423468303,8,0.9491789774653556,0.5481883878192257,0.1863891986497392,3.1287883885759844,True,False,low,110N04120,32604,35499,35491,mapped_primary_link
corridor-05a776b33525470f9270fa09fca9ce69,daily,state_transition,I395_SB,I395_SB::110N04121,9,PM,sensor_period,5.196972759131661,1.208091532387705,0.1739095672775728,2.0651528720489827,2.789049871733833,2.494893697808526,3,0.9999647854496844,0.962348888517072,0.0100861748514553,2.327838223989859,False,False,low,110N04121,32611,35503,35499,mapped_primary_link
corridor-05a776b33525470f9270fa09fca9ce69,daily,state_transition,I395_SB,I395_SB::110N04122,10,PM,sensor_period,5.033465589252975,1.136586423268558,1.0185375605970284,0.8907911758508025,2.29188488193242,1.0124611564394566,3,0.964807085031081,0.5730754681472099,0.1380682039482581,1.9485138624730372,False,False,low,110N04122,28279,32244,35513,mapped_primary_link
corridor-05a776b33525470f9270fa09fca9ce69,daily,state_transition,I395_SB,I395_SB::110N04130,11,PM,sensor_period,4.15297254649338,1.0601974119391664,0.1309724472466335,0.2437930884492496,0.098839453502405,0.2584688014225507,6,0.9815383776998298,0.1969297598073134,0.1540066765672903,0.721095733950837,False,False,medium,110N04130,26712,30364,30268,mapped_primary_link
corridor-05a776b33525470f9270fa09fca9ce69,daily,state_transition,I395_SB,I395_SB::110-04121,13,PM,sensor_period,4.9558641012798095,1.000000004794091,1.1313852113150635,0.7993063514818692,2.168815298496204,0.7993063553138163,3,0.9935487998406736,0.9306848330480546,0.0867548280263462,0.531300881076011,True,False,low,110-04121,32616,35506,35515,mapped_primary_link
corridor-05a776b33525470f9270fa09fca9ce69,daily,state_transition,I395_SB,I395_SB::110-04126,14,PM,sensor_period,4.960992975624966,1.0000004652196604,0.8265610910853405,0.5547458075666871,1.071858502054736,0.5547460656453433,22,0.9008999106633092,0.028593926599557,0.258754683005883,3.233536853173039,True,False,low,110-04126,26796,30427,30424,mapped_primary_link
corridor-05a776b33525470f9270fa09fca9ce69,daily,state_transition,I395_SB,I395_SB::110-04122,18,MD,corridor_period,6.91799337363285,1.000000422688882,0.2086505178168693,1.327373861995498,1.4500596888153023,1.3273744230616715,6,0.6887784477082457,-0.0570250288259592,0.2720720156654885,4.159581322777759,True,False,low,110-04122,28289,32251,32247,mapped_primary_link
corridor-05a776b33525470f9270fa09fca9ce69,daily,state_transition,I395_SB,I395_SB::110-04122,18,PM,sensor_period,4.354552427764216,1.0000000008025014,0.3288778915994989,0.5370186018292727,0.3865075352766123,0.5370186022602309,15,0.8633478324888586,-0.0988332940638541,0.2074739327385721,7.53496986186913,True,False,low,110-04122,28289,32251,32247,mapped_primary_link
corridor-05a776b33525470f9270fa09fca9ce69,daily,state_transition,I395_SB,I395_SB::110-04123,19,MD,corridor_period,6.91799337363285,1.000000422688882,0.2086505178168693,1.327373861995498,1.4500596888153023,1.3273744230616715,6,0.6887784477082457,-0.0570250288259592,0.2720720156654885,4.159581322777759,True,False,low,110-04123,28307,32263,32259,mapped_primary_link
corridor-05a776b33525470f9270fa09fca9ce69,daily,state_transition,I395_SB,I395_SB::110-04123,19,PM,sensor_period,4.418017408500475,1.025372273786591,0.4633442644319995,0.5776606686839527,0.5829415667503314,0.5923172333255471,17,0.9211229587574626,0.0642080139177477,0.1848907787156391,6.122521662320606,False,False,high,110-04123,28307,32263,32259,mapped_primary_link
corridor-05a776b33525470f9270fa09fca9ce69,daily,state_transition,I395_SB,I395_SB::110-04124,20,PM,sensor_period,4.542194369523709,1.06746953740267,0.0548110892664606,2.2253192626052782,0.8481901334520883,2.375460523826507,15,0.8347019400361889,0.3810891585023308,0.2557040592975418,5.656399527853735,False,False,high,110-04124,26764,30404,30400,mapped_primary_link
corridor-05a776b33525470f9270fa09fca9ce69,daily,state_transition,I395_SB,I395_SB::110-04125,21,PM,sensor_period,4.541556804902194,1.0000000000103406,0.990587085971042,0.1251215501803742,0.6384426139157445,0.125121550181668,17,0.4896929213652264,-0.0161604767462892,0.3599489674268406,5.804476450436336,True,False,low,110-04125,26781,30416,30412,mapped_primary_link
corridor-a5d89a9486be49129c50b67797cf2156,daily,state_transition,I495_CCW,I495_CCW::110N04603,1,MD,corridor_period,7.089717245810855,1.024137308289669,0.3283083529085568,0.7126570599199645,0.7071106230790164,0.7298586830800619,48,0.9770100251105068,0.3345988295101684,0.6857396175826069,6.573716514194244,False,False,high,110N04603,32585,35490,34034,mapped_primary_link
corridor-a5d89a9486be49129c50b67797cf2156,daily,state_transition,I495_CCW,I495_CCW::110N04603,1,PM,sensor_period,9.521748651807892,2.855695940465621,0.0100814825013942,4.0,44.19671399737052,11.42278376186248,4,0.7129941213380775,0.4578405284338334,0.2505644347414364,7.250695872802068,False,True,low,110N04603,32585,35490,34034,mapped_primary_link
corridor-a5d89a9486be49129c50b67797cf2156,daily,state_transition,I495_CCW,I495_CCW::110N04608,2,AM,corridor_period,3.4553164801166343,1.058834767944454,0.1471784399616578,2.0778696363745914,1.0321681122687234,2.200120614249517,39,0.8295311470439437,0.1755702509975458,0.3741255759389619,9.578530672433562,False,False,high,110N04608,31717,35033,35035,mapped_primary_link
corridor-a5d89a9486be49129c50b67797cf2156,daily,state_transition,I495_CCW,I495_CCW::110N04608,2,PM,sensor_period,5.809731164729633,1.0000000000000966,1.5003565605348237,0.502164863662061,1.9360899095468824,0.5021648636621096,17,0.7631492035818451,0.1405142376407409,0.2643234518137045,1.0131523086818632,True,False,low,110N04608,31717,35033,35035,mapped_primary_link
corridor-a5d89a9486be49129c50b67797cf2156,daily,state_transition,I495_CCW,I495_CCW::110N04609,3,MD,sensor_period,6.753161817826322,1.0000000529473316,0.2842219375696835,0.9957739114622954,1.0154485161760278,0.9957739641858668,8,0.9732226057747612,0.5355321276644516,0.2256984903486705,4.186926333403242,True,False,low,110N04609,31726,35037,35039,mapped_primary_link
corridor-a5d89a9486be49129c50b67797cf2156,daily,state_transition,I495_CCW,I495_CCW::110N04609,3,PM,sensor_period,5.029729327934767,1.1510806829760314,1.0926366590413787,0.4103463422617269,1.1307087730031329,0.472341747907345,14,0.9710292645547748,0.1071733236824893,0.2892410570645598,6.772774044519277,False,False,high,110N04609,31726,35037,35039,mapped_primary_link
corridor-a5d89a9486be49129c50b67797cf2156,daily,state_transition,I495_CCW,I495_CCW::110N04604,4,MD,sensor_period,6.6439976875090005,1.0000000040285184,0.0313635424866912,2.5810809095735405,2.219120314887907,2.5810809199714724,4,0.8903554525973969,0.207162932340117,0.2576554813315056,7.528241933883356,True,False,low,110N04604,31679,35017,35019,mapped_primary_link
corridor-a5d89a9486be49129c50b67797cf2156,daily,state_transition,I495_CCW,I495_CCW::110N04604,4,PM,sensor_period,4.443703761878851,1.292880529331609,0.024438138264664,1.8614017017299151,0.209305516739555,2.4065700174313305,3,0.9882460227330534,0.8832040440147079,0.0894384398840577,1.1817330109616553,False,False,low,110N04604,31679,35017,35019,mapped_primary_link
corridor-a5d89a9486be49129c50b67797cf2156,daily,state_transition,I495_CCW,I495_CCW::110N04605,5,MD,corridor_period,7.089717245810855,1.024137308289669,0.3283083529085568,0.7126570599199645,0.7071106230790164,0.7298586830800619,48,0.9770100251105068,0.3345988295101684,0.6857396175826069,6.573716514194244,False,False,high,110N04605,31689,35021,35023,mapped_primary_link
corridor-a5d89a9486be49129c50b67797cf2156,daily,state_transition,I495_CCW,I495_CCW::110N04605,5,PM,corridor_period,5.029418516841433,1.0128352108241032,0.8467744045460481,0.5704966749242983,1.1349585709516303,0.5778191200214016,332,0.8483243246764769,0.0626959435748214,0.602254174535411,6.282316296892488,False,False,high,110N04605,31689,35021,35023,mapped_primary_link
corridor-a5d89a9486be49129c50b67797cf2156,daily,state_transition,I495_CCW,I495_CCW::110N04606,6,MD,corridor_period,7.089717245810855,1.024137308289669,0.3283083529085568,0.7126570599199645,0.7071106230790164,0.7298586830800619,48,0.9770100251105068,0.3345988295101684,0.6857396175826069,6.573716514194244,False,False,high,110N04606,31698,35025,35027,mapped_primary_link
corridor-a5d89a9486be49129c50b67797cf2156,daily,state_transition,I495_CCW,I495_CCW::110N04606,6,PM,sensor_period,4.578471247962721,1.0000000000000002,0.9272122879135584,0.1746321548745056,0.6450018341124547,0.1746321548745056,16,0.9613523707946422,-0.0105867889426891,0.2140307000741289,3.573292798835236,True,False,low,110N04606,31698,35025,35027,mapped_primary_link
corridor-a5d89a9486be49129c50b67797cf2156,daily,state_transition,I495_CCW,I495_CCW::110N04607,7,PM,sensor_period,5.143218499856497,1.0000000006984648,0.1597029668471684,1.3819756987570628,0.8188816957732326,1.3819756997223245,21,0.8987824302756772,0.3762710355468807,0.2306936399422675,1.951185406548151,True,False,low,110N04607,31707,35029,35031,mapped_primary_link
corridor-a5d89a9486be49129c50b67797cf2156,daily,state_transition,I495_CCW,I495_CCW::110N04611,8,PM,corridor_period,5.029418516841433,1.0128352108241032,0.8467744045460481,0.5704966749242983,1.1349585709516303,0.5778191200214016,332,0.8483243246764769,0.0626959435748214,0.602254174535411,6.282316296892488,False,False,high,110N04611,32749,35608,35045,mapped_primary_link
corridor-a5d89a9486be49129c50b67797cf2156,daily,state_transition,I495_CCW,I495_CCW::110N04612,9,MD,corridor_period,7.089717245810855,1.024137308289669,0.3283083529085568,0.7126570599199645,0.7071106230790164,0.7298586830800619,48,0.9770100251105068,0.3345988295101684,0.6857396175826069,6.573716514194244,False,False,high,110N04612,31752,35049,35051,mapped_primary_link
corridor-a5d89a9486be49129c50b67797cf2156,daily,state_transition,I495_CCW,I495_CCW::110N04612,9,PM,corridor_period,5.029418516841433,1.0128352108241032,0.8467744045460481,0.5704966749242983,1.1349585709516303,0.5778191200214016,332,0.8483243246764769,0.0626959435748214,0.602254174535411,6.282316296892488,False,False,high,110N04612,31752,35049,35051,mapped_primary_link
corridor-a5d89a9486be49129c50b67797cf2156,daily,state_transition,I495_CCW,I495_CCW::110N04613,10,AM,corridor_period,3.4553164801166343,1.058834767944454,0.1471784399616578,2.0778696363745914,1.0321681122687234,2.200120614249517,39,0.8295311470439437,0.1755702509975458,0.3741255759389619,9.578530672433562,False,False,high,110N04613,28667,34001,35055,mapped_primary_link
corridor-a5d89a9486be49129c50b67797cf2156,daily,state_transition,I495_CCW,I495_CCW::110N04613,10,MD,sensor_period,6.790591518157252,1.0000000000000002,0.8474476273899266,0.0500000000436403,0.4974013692145599,0.0500000000436403,12,0.9809210247864444,-0.0275977955988606,0.4175948718629017,2.891501908613703,True,True,low,110N04613,28667,34001,35055,mapped_primary_link
corridor-a5d89a9486be49129c50b67797cf2156,daily,state_transition,I495_CCW,I495_CCW::110N04613,10,PM,sensor_period,4.333538164588016,1.0000131135289847,0.6520228776009039,0.05,0.374199922621069,0.0500006556764492,5,0.998675686537536,-0.3479412848606515,0.0519131765172765,0.845246254985481,True,True,low,110N04613,28667,34001,35055,mapped_primary_link
corridor-a5d89a9486be49129c50b67797cf2156,daily,state_transition,I495_CCW,I495_CCW::110N04610,11,PM,sensor_period,5.378371192447618,1.1519340855301987,0.5979722551333974,1.3711324985556377,3.202571102503266,1.5794542608644246,6,0.954224938210486,0.6825285285484466,0.1878428690761255,2.4836058150851525,False,False,medium,110N04610,31735,35041,35043,mapped_primary_link
corridor-a5d89a9486be49129c50b67797cf2156,daily,state_transition,I495_CCW,I495_CCW::110N04645,12,AM,sensor_period,4.124403717600875,1.347202311928042,0.3575656288672501,1.6858493225824789,2.0785510926952924,2.2711801049454388,3,0.9975886060528866,0.9990330654686296,0.0552062860233374,0.2066575138236882,False,False,low,110N04645,28238,32225,32219,mapped_primary_link
corridor-a5d89a9486be49129c50b67797cf2156,daily,state_transition,I495_CCW,I495_CCW::110N04645,12,PM,sensor_period,5.637251407864136,1.0915224081600772,0.9992476228516798,0.6614530663746193,1.6728911705093572,0.7219908438940918,21,0.9257208522252256,0.395455987607223,0.2466283167474699,0.962466392361916,False,False,high,110N04645,28238,32225,32219,mapped_primary_link
corridor-a5d89a9486be49129c50b67797cf2156,daily,state_transition,I495_CCW,I495_CCW::110N04646,13,AM,corridor_period,3.4553164801166343,1.058834767944454,0.1471784399616578,2.0778696363745914,1.0321681122687234,2.200120614249517,39,0.8295311470439437,0.1755702509975458,0.3741255759389619,9.578530672433562,False,False,high,110N04646,28731,34028,34027,mapped_primary_link
corridor-a5d89a9486be49129c50b67797cf2156,daily,state_transition,I495_CCW,I495_CCW::110N04646,13,PM,sensor_period,5.8106434132211895,1.000000000000004,1.160385903192383,0.6566835511066116,1.9654167354456864,0.6566835511066142,23,0.7795858100703357,0.5119208876442058,0.4877642804561639,0.8880192891096881,True,False,low,110N04646,28731,34028,34027,mapped_primary_link
corridor-a5d89a9486be49129c50b67797cf2156,daily,state_transition,I495_CCW,I495_CCW::110N04647,14,PM,sensor_period,5.164082864263599,1.0681993702352888,1.077962019742892,0.4399731536439409,1.1838592046756606,0.4699790456428916,21,0.951133291048716,0.5180236408095706,0.2223077894956891,0.9271663900465048,False,False,high,110N04647,32340,35310,35309,mapped_primary_link
corridor-a5d89a9486be49129c50b67797cf2156,daily,state_transition,I495_CCW,I495_CCW::110N04648,15,AM,sensor_period,3.4994107829855667,1.1187590410954296,0.0958673079269375,2.4819831747788985,1.145131899279448,2.7767411166306304,6,0.9152980249395574,0.2884043096400613,0.1064096193148569,5.245112635310505,False,False,medium,110N04648,31677,35016,35014,mapped_primary_link
corridor-a5d89a9486be49129c50b67797cf2156,daily,state_transition,I495_CCW,I495_CCW::110N04648,15,PM,sensor_period,5.327754339625752,1.222403305976595,0.5746868067473169,0.9932367603109792,1.6145829199828996,1.2141358994216238,19,0.9247550487008476,0.7545275594565076,0.3556963652639842,1.5577953227727683,False,False,high,110N04648,31677,35016,35014,mapped_primary_link
corridor-a5d89a9486be49129c50b67797cf2156,daily,state_transition,I495_CCW,I495_CCW::110-04646,18,MD,corridor_period,7.089717245810855,1.024137308289669,0.3283083529085568,0.7126570599199645,0.7071106230790164,0.7298586830800619,48,0.9770100251105068,0.3345988295101684,0.6857396175826069,6.573716514194244,False,False,high,110-04646,32339,35309,35644,mapped_primary_link
corridor-a5d89a9486be49129c50b67797cf2156,daily,state_transition,I495_CCW,I495_CCW::110-04646,18,PM,sensor_period,4.6275389898843695,1.10583883964012,0.2379323879482579,1.10483857658406,0.6895356645197106,1.2217734095193589,17,0.9704168707797028,0.4913185118640403,0.179888149838946,2.528269327492236,False,False,high,110-04646,32339,35309,35644,mapped_primary_link
corridor-a5d89a9486be49129c50b67797cf2156,daily,state_transition,I495_CCW,I495_CCW::110-04647,19,AM,sensor_period,3.3056807076014247,1.0992252141654886,0.0126697815266885,3.9917409623246702,0.7989560163689471,4.387822314204489,8,0.506021029171857,0.6269675992218947,0.504207799914442,7.321273408323581,False,False,medium,110-04647,31673,35014,35310,mapped_primary_link
corridor-a5d89a9486be49129c50b67797cf2156,daily,state_transition,I495_CCW,I495_CCW::110-04647,19,PM,sensor_period,5.349340143096087,1.1104019051450946,1.1379856108425548,0.5598241649736883,1.5518707862864662,0.6216298193330452,19,0.8584854208127756,0.4040561861287221,0.4487690614550148,1.5951352811062165,False,False,high,110-04647,31673,35014,35310,mapped_primary_link
corridor-a5d89a9486be49129c50b67797cf2156,daily,state_transition,I495_CCW,I495_CCW::110-04648,20,AM,sensor_period,3.506373944939519,1.0000000159512437,0.0449155576277577,3.679693789334948,2.422740898082537,3.67969384803064,9,0.697519370805209,0.1885289534527198,0.1602295546832803,6.416031276529559,True,False,low,110-04648,33035,35770,35016,mapped_primary_link
corridor-a5d89a9486be49129c50b67797cf2156,daily,state_transition,I495_CCW,I495_CCW::110-04648,20,PM,sensor_period,4.997821309997757,1.066571252759588,0.7614493951347181,0.7036810155357528,1.2599650655376329,0.750525942283107,17,0.958259848327668,0.2664122387439341,0.3287391688524406,5.685189017480685,False,False,high,110-04648,33035,35770,35016,mapped_primary_link
corridor-a5d89a9486be49129c50b67797cf2156,daily,state_transition,I495_CCW,I495_CCW::110-04610,21,AM,corridor_period,3.4553164801166343,1.058834767944454,0.1471784399616578,2.0778696363745914,1.0321681122687234,2.200120614249517,39,0.8295311470439437,0.1755702509975458,0.3741255759389619,9.578530672433562,False,False,high,110-04610,31750,35047,35516,mapped_primary_link
corridor-a5d89a9486be49129c50b67797cf2156,daily,state_transition,I495_CCW,I495_CCW::110-04610,21,PM,sensor_period,5.014376974823783,1.000000000000046,2.3489489336205613,0.2664156077408307,1.924957013441403,0.2664156077408429,3,0.8164950976739498,0.6306248670561011,0.2623248718140711,0.3874773271267147,True,False,low,110-04610,31750,35047,35516,mapped_primary_link
corridor-a5d89a9486be49129c50b67797cf2156,daily,state_transition,I495_CCW,I495_CCW::110-04611,22,MD,corridor_period,7.089717245810855,1.024137308289669,0.3283083529085568,0.7126570599199645,0.7071106230790164,0.7298586830800619,48,0.9770100251105068,0.3345988295101684,0.6857396175826069,6.573716514194244,False,False,high,110-04611,31757,35051,35612,mapped_primary_link
corridor-a5d89a9486be49129c50b67797cf2156,daily,state_transition,I495_CCW,I495_CCW::110-04611,22,PM,corridor_period,5.029418516841433,1.0128352108241032,0.8467744045460481,0.5704966749242983,1.1349585709516303,0.5778191200214016,332,0.8483243246764769,0.0626959435748214,0.602254174535411,6.282316296892488,False,False,high,110-04611,31757,35051,35612,mapped_primary_link
corridor-a5d89a9486be49129c50b67797cf2156,daily,state_transition,I495_CCW,I495_CCW::110-04612,23,MD,corridor_period,7.089717245810855,1.024137308289669,0.3283083529085568,0.7126570599199645,0.7071106230790164,0.7298586830800619,48,0.9770100251105068,0.3345988295101684,0.6857396175826069,6.573716514194244,False,False,high,110-04612,32760,35624,35620,mapped_primary_link
corridor-a5d89a9486be49129c50b67797cf2156,daily,state_transition,I495_CCW,I495_CCW::110-04612,23,PM,corridor_period,5.029418516841433,1.0128352108241032,0.8467744045460481,0.5704966749242983,1.1349585709516303,0.5778191200214016,332,0.8483243246764769,0.0626959435748214,0.602254174535411,6.282316296892488,False,False,high,110-04612,32760,35624,35620,mapped_primary_link
corridor-a5d89a9486be49129c50b67797cf2156,daily,state_transition,I495_CCW,I495_CCW::110-04613,24,AM,sensor_period,3.472411776144821,1.0921313760454143,0.7437450756683266,0.1096445131134582,0.4546739558838418,0.1197462129824306,3,0.9408689481434506,0.0277127337848024,0.3032847444585683,2.279125338848031,False,False,low,110-04613,17740,23013,34001,mapped_primary_link
corridor-a5d89a9486be49129c50b67797cf2156,daily,state_transition,I495_CCW,I495_CCW::110-04613,24,MD,sensor_period,7.526902227836586,1.0465530890233283,1.0614629848804351,0.3410805544539033,1.1269388399243934,0.3569589078695221,11,0.9474270771429067,0.3075614914484323,0.6309506180190406,1.4890870977976636,False,False,high,110-04613,17740,23013,34001,mapped_primary_link
corridor-a5d89a9486be49129c50b67797cf2156,daily,state_transition,I495_CCW,I495_CCW::110-04613,24,PM,sensor_period,4.825973082019821,1.0209175958692558,1.5510687199770088,0.0500000000009731,0.8949711016841376,0.0510458797944562,7,0.955200421736724,-0.0167969610325384,0.2797945269698932,2.4791065029929333,False,True,low,110-04613,17740,23013,34001,mapped_primary_link
corridor-a5d89a9486be49129c50b67797cf2156,daily,state_transition,I495_CCW,I495_CCW::110-04607,25,AM,corridor_period,3.4553164801166343,1.058834767944454,0.1471784399616578,2.0778696363745914,1.0321681122687234,2.200120614249517,39,0.8295311470439437,0.1755702509975458,0.3741255759389619,9.578530672433562,False,False,high,110-04607,31722,35035,35544,mapped_primary_link
corridor-a5d89a9486be49129c50b67797cf2156,daily,state_transition,I495_CCW,I495_CCW::110-04607,25,PM,sensor_period,5.300671923850278,1.0000000000472764,1.0606343400594274,0.4443721665100453,1.1869622707821406,0.4443721665310536,20,0.8169355364262942,0.0888074173537442,0.2491965057999269,1.7748872878350714,True,False,low,110-04607,31722,35035,35544,mapped_primary_link
corridor-a5d89a9486be49129c50b67797cf2156,daily,state_transition,I495_CCW,I495_CCW::110-04608,26,MD,corridor_period,7.089717245810855,1.024137308289669,0.3283083529085568,0.7126570599199645,0.7071106230790164,0.7298586830800619,48,0.9770100251105068,0.3345988295101684,0.6857396175826069,6.573716514194244,False,False,high,110-04608,32651,35532,35536,mapped_primary_link
corridor-a5d89a9486be49129c50b67797cf2156,daily,state_transition,I495_CCW,I495_CCW::110-04608,26,PM,sensor_period,4.595777026855345,1.0000000298330396,0.3761107932813896,0.773476010940658,0.652579283706775,0.7734760340157985,21,0.8526610188041712,0.2450474789326749,0.3357967009733164,3.328721084040236,True,False,low,110-04608,32651,35532,35536,mapped_primary_link
corridor-a5d89a9486be49129c50b67797cf2156,daily,state_transition,I495_CCW,I495_CCW::110-04609,27,MD,corridor_period,7.089717245810855,1.024137308289669,0.3283083529085568,0.7126570599199645,0.7071106230790164,0.7298586830800619,48,0.9770100251105068,0.3345988295101684,0.6857396175826069,6.573716514194244,False,False,high,110-04609,32642,35524,35037,mapped_primary_link
corridor-a5d89a9486be49129c50b67797cf2156,daily,state_transition,I495_CCW,I495_CCW::110-04609,27,PM,sensor_period,4.9283605671273,1.0221908168853584,2.359495939202402,0.0500000000001002,1.362865776371092,0.0511095408443703,10,0.9452811167971736,0.0005410105700622,0.2283723616217464,2.4867602603217707,False,True,low,110-04609,32642,35524,35037,mapped_primary_link
corridor-a5d89a9486be49129c50b67797cf2156,daily,state_transition,I495_CCW,I495_CCW::110-04603,28,AM,corridor_period,3.4553164801166343,1.058834767944454,0.1471784399616578,2.0778696363745914,1.0321681122687234,2.200120614249517,39,0.8295311470439437,0.1755702509975458,0.3741255759389619,9.578530672433562,False,False,high,110-04603,31684,35019,35764,mapped_primary_link
corridor-a5d89a9486be49129c50b67797cf2156,daily,state_transition,I495_CCW,I495_CCW::110-04604,29,MD,corridor_period,7.089717245810855,1.024137308289669,0.3283083529085568,0.7126570599199645,0.7071106230790164,0.7298586830800619,48,0.9770100251105068,0.3345988295101684,0.6857396175826069,6.573716514194244,False,False,high,110-04604,31694,35023,35580,mapped_primary_link
corridor-a5d89a9486be49129c50b67797cf2156,daily,state_transition,I495_CCW,I495_CCW::110-04604,29,PM,corridor_period,5.029418516841433,1.0128352108241032,0.8467744045460481,0.5704966749242983,1.1349585709516303,0.5778191200214016,332,0.8483243246764769,0.0626959435748214,0.602254174535411,6.282316296892488,False,False,high,110-04604,31694,35023,35580,mapped_primary_link
corridor-a5d89a9486be49129c50b67797cf2156,daily,state_transition,I495_CCW,I495_CCW::110-04605,30,MD,corridor_period,7.089717245810855,1.024137308289669,0.3283083529085568,0.7126570599199645,0.7071106230790164,0.7298586830800619,48,0.9770100251105068,0.3345988295101684,0.6857396175826069,6.573716514194244,False,False,high,110-04605,32695,35568,35572,mapped_primary_link
corridor-a5d89a9486be49129c50b67797cf2156,daily,state_transition,I495_CCW,I495_CCW::110-04605,30,PM,sensor_period,4.2669618490946215,1.0000013931820946,0.3155970897492868,0.2924993877526587,0.2573007600861433,0.2924997952575684,17,0.951034034131874,-0.0534546282752717,0.1538771555390341,5.9715311884081785,True,False,low,110-04605,32695,35568,35572,mapped_primary_link
corridor-a5d89a9486be49129c50b67797cf2156,daily,state_transition,I495_CCW,I495_CCW::110-04606,31,PM,sensor_period,4.917519310348122,1.0242008893429349,0.0913091926751823,1.5578215365086272,0.5822777065122966,1.5955222031297132,21,0.928041689188651,0.4127930709459479,0.261707722257165,2.298730281885104,False,False,high,110-04606,32686,35560,35025,mapped_primary_link
corridor-269784de86cf4b7ea12132f53288592e,daily,state_transition,I495_CW,I495_CW::110P04608,1,MD,corridor_period,7.776242377486788,1.126776397640758,0.3118393937729705,1.1300053650723825,1.6885127549945145,1.2732633745709885,103,0.9124564265353758,0.3950931664704309,0.9338479993763178,8.005160940964695,False,False,high,110P04608,31996,35158,35156,mapped_primary_link
corridor-269784de86cf4b7ea12132f53288592e,daily,state_transition,I495_CW,I495_CW::110P04608,1,PM,corridor_period,5.308162777765955,1.1679354338942434,0.4124660477637737,1.0603356731317333,1.2914308709334126,1.2384036044726554,159,0.929404608852177,0.4877842964783826,0.8374816727399896,7.254692042439823,False,False,high,110P04608,31996,35158,35156,mapped_primary_link
corridor-269784de86cf4b7ea12132f53288592e,daily,state_transition,I495_CW,I495_CW::110P04609,2,AM,sensor_period,4.507710955229492,1.5570007334957108,0.3276840211255065,0.1154798888381874,0.2079566273724497,0.179802271625061,3,0.829847364996246,-0.0154157321370489,0.168400630938918,1.6418046785568037,False,False,low,110P04609,32004,35162,35160,mapped_primary_link
corridor-269784de86cf4b7ea12132f53288592e,daily,state_transition,I495_CW,I495_CW::110P04609,2,MD,sensor_period,9.33108833876956,1.3355803798545536,0.1109828815054312,2.0898961775424314,6.2995935934404645,2.7912243306587,6,0.9513451400536462,0.9495865465148208,0.4001944285678497,2.2405879975652856,False,False,medium,110P04609,32004,35162,35160,mapped_primary_link
corridor-269784de86cf4b7ea12132f53288592e,daily,state_transition,I495_CW,I495_CW::110P04609,2,PM,sensor_period,6.586410495506425,1.6023722918342689,0.0271438806919481,3.739096464138591,16.660095186904496,5.991424570631165,5,0.9145490589204082,0.767815882183071,0.1993356154880763,4.587909650576343,False,False,medium,110P04609,32004,35162,35160,mapped_primary_link
corridor-269784de86cf4b7ea12132f53288592e,daily,state_transition,I495_CW,I495_CW::110P04606,3,MD,corridor_period,7.776242377486788,1.126776397640758,0.3118393937729705,1.1300053650723825,1.6885127549945145,1.2732633745709885,103,0.9124564265353758,0.3950931664704309,0.9338479993763178,8.005160940964695,False,False,high,110P04606,31979,35150,35149,mapped_primary_link
corridor-269784de86cf4b7ea12132f53288592e,daily,state_transition,I495_CW,I495_CW::110P04607,4,AM,corridor_period,3.4134695768897863,1.0197478138611924,0.5806609595872952,0.472495023235257,0.5531638989309287,0.4818257670044466,115,0.9615969838404548,0.1103447451337987,0.3274544975916428,6.733796616011897,False,False,high,110P04607,31988,35154,35152,mapped_primary_link
corridor-269784de86cf4b7ea12132f53288592e,daily,state_transition,I495_CW,I495_CW::110P04607,4,MD,sensor_period,8.217482871642344,1.306534274363257,0.013989346039143,3.878167617942713,26.321253210325537,5.066958914567864,3,0.9971280015273776,0.982089022306124,0.0289424639791003,1.021494479730787,False,False,low,110P04607,31988,35154,35152,mapped_primary_link
corridor-269784de86cf4b7ea12132f53288592e,daily,state_transition,I495_CW,I495_CW::110P04604,5,AM,sensor_period,3.5304725719298538,1.0000000000000002,1.4801816693599568,0.0500000000000908,0.8408245656427049,0.0500000000000908,12,0.9824529651498998,-0.0403712838585295,0.147997736335577,1.0585446231494475,True,True,low,110P04604,31969,35143,35141,mapped_primary_link
corridor-269784de86cf4b7ea12132f53288592e,daily,state_transition,I495_CW,I495_CW::110P04604,5,MD,sensor_period,7.257317029200213,1.0000000499670956,0.4251425180536539,0.9860479690598918,1.6006625679927822,0.9860480183298448,6,0.8023622023391713,0.6092536291001844,0.2869652981785056,1.4116848973757692,True,False,low,110P04604,31969,35143,35141,mapped_primary_link
corridor-269784de86cf4b7ea12132f53288592e,daily,state_transition,I495_CW,I495_CW::110P04605,6,AM,sensor_period,3.606387339029405,1.0196602800606298,1.3136432975267212,0.0500000285142824,0.7470158499026165,0.0509830430779127,18,0.9371154327466668,0.0149859210792832,0.2831226137752801,1.5191527426352485,False,True,low,110P04605,31975,35147,35145,mapped_primary_link
corridor-269784de86cf4b7ea12132f53288592e,daily,state_transition,I495_CW,I495_CW::110P04605,6,MD,corridor_period,7.776242377486788,1.126776397640758,0.3118393937729705,1.1300053650723825,1.6885127549945145,1.2732633745709885,103,0.9124564265353758,0.3950931664704309,0.9338479993763178,8.005160940964695,False,False,high,110P04605,31975,35147,35145,mapped_primary_link
corridor-269784de86cf4b7ea12132f53288592e,daily,state_transition,I495_CW,I495_CW::110P04603,7,AM,sensor_period,3.634560819359935,1.0000000009798895,0.0438481936971864,3.384457306396336,1.8440644715355248,3.3844573097127304,13,0.5977938015123616,0.8719870506432366,0.2666459454700383,2.2373230566674085,True,False,low,110P04603,32096,35217,35216,mapped_primary_link
corridor-269784de86cf4b7ea12132f53288592e,daily,state_transition,I495_CW,I495_CW::110+04604,8,AM,sensor_period,3.393797015758341,1.0184335885124107,0.6097194119808058,0.4719893905916912,0.5789043958384549,0.480689848800082,16,0.9520971763627356,0.2645442423301789,0.1791073823257109,2.510794243187694,False,False,high,110+04604,32094,35216,35599,mapped_primary_link
corridor-269784de86cf4b7ea12132f53288592e,daily,state_transition,I495_CW,I495_CW::110+04604,8,MD,corridor_period,7.776242377486788,1.126776397640758,0.3118393937729705,1.1300053650723825,1.6885127549945145,1.2732633745709885,103,0.9124564265353758,0.3950931664704309,0.9338479993763178,8.005160940964695,False,False,high,110+04604,32094,35216,35599,mapped_primary_link
corridor-269784de86cf4b7ea12132f53288592e,daily,state_transition,I495_CW,I495_CW::110+04604,8,PM,sensor_period,4.063780882317276,1.0000000000000002,0.1019715261256411,0.5148119711526313,0.1119340573607988,0.5148119711526314,4,0.9996677147429512,0.3448188239215634,0.0226430070377591,1.566722661050277,True,False,low,110+04604,32094,35216,35599,mapped_primary_link
corridor-269784de86cf4b7ea12132f53288592e,daily,state_transition,I495_CW,I495_CW::110+04608,10,AM,sensor_period,3.0806299998413804,1.0369168026232132,0.0760188116295987,1.4151880896185065,0.1992675869672364,1.467432308997675,3,0.9975205518130154,0.2233775393868592,0.0234731439308111,4.418225457861509,False,False,low,110+04608,32677,35551,35547,mapped_primary_link
corridor-269784de86cf4b7ea12132f53288592e,daily,state_transition,I495_CW,I495_CW::110+04608,10,MD,sensor_period,6.252853444368017,1.0000000000044091,0.0942292415135245,1.082981521867149,0.3658663415125416,1.082981521871924,9,0.9513154874837304,0.0306834813313575,0.172704304978973,5.614939564412429,True,False,low,110+04608,32677,35551,35547,mapped_primary_link
corridor-269784de86cf4b7ea12132f53288592e,daily,state_transition,I495_CW,I495_CW::110+04608,10,PM,sensor_period,4.145264042432132,1.0000000001839318,0.1674747865157043,0.0500000000151431,0.0959015818623904,0.0500000000243396,6,0.975283433042543,-0.2323327439560951,0.125833424443273,11.703765421457144,True,True,low,110+04608,32677,35551,35547,mapped_primary_link
corridor-269784de86cf4b7ea12132f53288592e,daily,state_transition,I495_CW,I495_CW::110+04607,11,MD,corridor_period,7.776242377486788,1.126776397640758,0.3118393937729705,1.1300053650723825,1.6885127549945145,1.2732633745709885,103,0.9124564265353758,0.3950931664704309,0.9338479993763178,8.005160940964695,False,False,high,110+04607,31977,35149,35563,mapped_primary_link
corridor-269784de86cf4b7ea12132f53288592e,daily,state_transition,I495_CW,I495_CW::110+04606,12,AM,sensor_period,3.1796527810546067,1.000000007814655,0.245380293756065,0.3524346388179375,0.1967407928426829,0.3524346415720926,15,0.963237500411704,0.1353961910968646,0.2067031542235211,1.708340794953204,True,False,low,110+04606,32702,35575,35571,mapped_primary_link
corridor-269784de86cf4b7ea12132f53288592e,daily,state_transition,I495_CW,I495_CW::110+04606,12,MD,sensor_period,6.27056215068186,1.0069313250001315,0.2562822682432063,0.300922484691444,0.2374896749396235,0.3030082762326876,7,0.9987823068347372,0.1136628732508324,0.0957762048787225,6.747388858385133,False,False,medium,110+04606,32702,35575,35571,mapped_primary_link
corridor-269784de86cf4b7ea12132f53288592e,daily,state_transition,I495_CW,I495_CW::110+04606,12,PM,corridor_period,5.308162777765955,1.1679354338942434,0.4124660477637737,1.0603356731317333,1.2914308709334126,1.2384036044726554,159,0.929404608852177,0.4877842964783826,0.8374816727399896,7.254692042439823,False,False,high,110+04606,32702,35575,35571,mapped_primary_link
corridor-269784de86cf4b7ea12132f53288592e,daily,state_transition,I495_CW,I495_CW::110+04605,13,AM,sensor_period,3.4244996320654097,1.000000000093678,1.1359987747063516,0.050000000912739,0.6443271736962874,0.0500000009174229,16,0.9847547041179414,-0.0254688017633204,0.1189111561240857,1.964336933069273,True,True,low,110+04605,32710,35583,35147,mapped_primary_link
corridor-269784de86cf4b7ea12132f53288592e,daily,state_transition,I495_CW,I495_CW::110+04605,13,MD,sensor_period,6.902048649384363,1.0000000042185806,0.0402403389740811,2.003286900650112,1.0289020392673047,2.0032869091011394,6,0.9508950349249704,0.1890198546682308,0.0998721484241997,2.6260027281446394,True,False,low,110+04605,32710,35583,35147,mapped_primary_link
corridor-269784de86cf4b7ea12132f53288592e,daily,state_transition,I495_CW,I495_CW::110+04648,14,MD,corridor_period,7.776242377486788,1.126776397640758,0.3118393937729705,1.1300053650723825,1.6885127549945145,1.2732633745709885,103,0.9124564265353758,0.3950931664704309,0.9338479993763178,8.005160940964695,False,False,high,110+04648,32338,35308,35138,mapped_primary_link
corridor-269784de86cf4b7ea12132f53288592e,daily,state_transition,I495_CW,I495_CW::110+04648,14,PM,sensor_period,4.087025257408813,1.0000000019436888,0.1444289628983035,0.1222206654804138,0.0914912645770481,0.1222206657179727,3,0.9892824531595412,-0.0460731150117479,0.0211320716373427,1.1936587958263725,True,False,low,110+04648,32338,35308,35138,mapped_primary_link
corridor-269784de86cf4b7ea12132f53288592e,daily,state_transition,I495_CW,I495_CW::110+04647,15,PM,sensor_period,4.419754597123808,1.0370939266115118,0.2068813179602419,0.8414826722681177,0.3853109643150794,0.8726965687580901,9,0.9289185610090148,0.3083321394127073,0.3236624285405264,8.29611735979586,False,False,medium,110+04647,32770,35643,35307,mapped_primary_link
corridor-269784de86cf4b7ea12132f53288592e,daily,state_transition,I495_CW,I495_CW::110+04614,18,AM,corridor_period,3.4134695768897863,1.0197478138611924,0.5806609595872952,0.472495023235257,0.5531638989309287,0.4818257670044466,115,0.9615969838404548,0.1103447451337987,0.3274544975916428,6.733796616011897,False,False,high,110+04614,16465,22500,23014,mapped_primary_link
corridor-269784de86cf4b7ea12132f53288592e,daily,state_transition,I495_CW,I495_CW::110+04614,18,MD,corridor_period,7.776242377486788,1.126776397640758,0.3118393937729705,1.1300053650723825,1.6885127549945145,1.2732633745709885,103,0.9124564265353758,0.3950931664704309,0.9338479993763178,8.005160940964695,False,False,high,110+04614,16465,22500,23014,mapped_primary_link
corridor-269784de86cf4b7ea12132f53288592e,daily,state_transition,I495_CW,I495_CW::110+04614,18,PM,sensor_period,5.51365795666046,1.0000000000000002,2.048771840700441,0.2061804376093546,1.5536840631898985,0.2061804376093547,21,0.9674618676985768,0.0742298481397948,0.3005774601177242,1.8752013939874317,True,False,low,110+04614,16465,22500,23014,mapped_primary_link
corridor-269784de86cf4b7ea12132f53288592e,daily,state_transition,I495_CW,I495_CW::110+04613,19,AM,corridor_period,3.4134695768897863,1.0197478138611924,0.5806609595872952,0.472495023235257,0.5531638989309287,0.4818257670044466,115,0.9615969838404548,0.1103447451337987,0.3274544975916428,6.733796616011897,False,False,high,110+04613,32759,35623,35627,mapped_primary_link
corridor-269784de86cf4b7ea12132f53288592e,daily,state_transition,I495_CW,I495_CW::110+04613,19,MD,sensor_period,9.606941735018722,1.1653399817749053,2.373047351740016,0.2859150459024374,2.416801669899073,0.3331882343811176,5,0.9341925309170652,0.2307477665833167,0.7776700076974629,2.1176072599577127,False,False,medium,110+04613,32759,35623,35627,mapped_primary_link
corridor-269784de86cf4b7ea12132f53288592e,daily,state_transition,I495_CW,I495_CW::110+04613,19,PM,sensor_period,5.93054469015514,1.0000000000074432,2.062566275209238,0.3331685689820748,1.9905700077101216,0.3331685689845546,18,0.9485216123985548,0.3956886947702434,0.4981733343836436,0.8371904794935884,True,False,low,110+04613,32759,35623,35627,mapped_primary_link
corridor-269784de86cf4b7ea12132f53288592e,daily,state_transition,I495_CW,I495_CW::110+04612,20,AM,corridor_period,3.4134695768897863,1.0197478138611924,0.5806609595872952,0.472495023235257,0.5531638989309287,0.4818257670044466,115,0.9615969838404548,0.1103447451337987,0.3274544975916428,6.733796616011897,False,False,high,110+04612,32757,35615,35171,mapped_primary_link
corridor-269784de86cf4b7ea12132f53288592e,daily,state_transition,I495_CW,I495_CW::110+04612,20,MD,sensor_period,9.181916481064206,1.4334377075152265,0.1610715954485404,1.466550157375941,2.219257656820144,2.102208295545064,4,0.8872776530438407,0.1580124169506231,0.9938015399815932,12.598625656569824,False,False,low,110+04612,32757,35615,35171,mapped_primary_link
corridor-269784de86cf4b7ea12132f53288592e,daily,state_transition,I495_CW,I495_CW::110+04612,20,PM,sensor_period,5.813775553711332,1.0000000000000575,2.8984723619278747,0.1828887871340524,2.1329404759113526,0.1828887871340629,19,0.8215600106200946,0.0712168026643785,1.1321779350521484,1.284459591737919,True,False,low,110+04612,32757,35615,35171,mapped_primary_link
corridor-269784de86cf4b7ea12132f53288592e,daily,state_transition,I495_CW,I495_CW::110+04611,21,AM,corridor_period,3.4134695768897863,1.0197478138611924,0.5806609595872952,0.472495023235257,0.5531638989309287,0.4818257670044466,115,0.9615969838404548,0.1103447451337987,0.3274544975916428,6.733796616011897,False,False,high,110+04611,32633,35519,35169,mapped_primary_link
corridor-269784de86cf4b7ea12132f53288592e,daily,state_transition,I495_CW,I495_CW::110+04611,21,MD,sensor_period,7.982562537353508,1.1165663884505923,1.3959929992919549,0.439003924439786,1.8532157879586804,0.4901770264273685,14,0.945320773976108,0.6674780710601065,0.7598404629412744,1.34539934851057,False,False,high,110+04611,32633,35519,35169,mapped_primary_link
corridor-269784de86cf4b7ea12132f53288592e,daily,state_transition,I495_CW,I495_CW::110+04611,21,PM,sensor_period,5.356948415280781,1.1595688798230777,1.063908449949645,0.5266902373628017,1.373462159145857,0.6107336085525349,10,0.9920667458830053,0.4193145978141435,0.3506642822036762,7.543756624268645,False,False,high,110+04611,32633,35519,35169,mapped_primary_link
corridor-269784de86cf4b7ea12132f53288592e,daily,state_transition,I495_CW,I495_CW::110+04610,22,AM,sensor_period,3.2678786164546123,1.0958545355322666,0.0870543650860032,2.593220961475068,1.0009086324338698,2.8417929522697984,3,0.9978566822155052,0.7181279904047035,0.0357776048693079,5.472411255864447,False,False,low,110+04610,32001,35160,35527,mapped_primary_link
corridor-269784de86cf4b7ea12132f53288592e,daily,state_transition,I495_CW,I495_CW::110+04610,22,MD,sensor_period,7.625301903173366,1.1204034204073468,0.4790499725887321,1.0962914449389698,2.3691382043063505,1.2282886846729342,8,0.9790263111386098,0.5139038238108711,0.2338968517416624,4.9297673561901565,False,False,medium,110+04610,32001,35160,35527,mapped_primary_link
corridor-269784de86cf4b7ea12132f53288592e,daily,state_transition,I495_CW,I495_CW::110+04610,22,PM,sensor_period,5.141308269454277,1.0000001098843887,3.9857923505969546,0.05,2.307103507833473,0.0500000054942194,7,0.9385635721653572,-0.0717592611475281,0.348739230686195,1.2918454938428952,True,True,low,110+04610,32001,35160,35527,mapped_primary_link
corridor-269784de86cf4b7ea12132f53288592e,daily,state_transition,I495_CW,I495_CW::110+04609,23,AM,sensor_period,3.295739752924573,1.0233797207792452,0.3829864175599051,0.9850519252833112,0.6612909994763321,1.008082164249493,5,0.9947480581854884,0.5612784028666213,0.0623412940412575,3.741086455243644,False,False,medium,110+04609,32658,35539,35535,mapped_primary_link
corridor-269784de86cf4b7ea12132f53288592e,daily,state_transition,I495_CW,I495_CW::110+04609,23,MD,corridor_period,7.776242377486788,1.126776397640758,0.3118393937729705,1.1300053650723825,1.6885127549945145,1.2732633745709885,103,0.9124564265353758,0.3950931664704309,0.9338479993763178,8.005160940964695,False,False,high,110+04609,32658,35539,35535,mapped_primary_link
corridor-269784de86cf4b7ea12132f53288592e,daily,state_transition,I495_CW,I495_CW::110P04611,25,AM,corridor_period,3.4134695768897863,1.0197478138611924,0.5806609595872952,0.472495023235257,0.5531638989309287,0.4818257670044466,115,0.9615969838404548,0.1103447451337987,0.3274544975916428,6.733796616011897,False,False,high,110P04611,32012,35168,35611,mapped_primary_link
corridor-269784de86cf4b7ea12132f53288592e,daily,state_transition,I495_CW,I495_CW::110P04611,25,MD,sensor_period,8.72782763095864,1.2175910041263056,0.2922728876253586,1.1051982191587713,1.7087364016956077,1.345679409424133,3,0.9252466163528282,0.9892317348556372,1.244610874048482,1.1346100106839658,False,False,low,110P04611,32012,35168,35611,mapped_primary_link
corridor-269784de86cf4b7ea12132f53288592e,daily,state_transition,I495_CW,I495_CW::110P04611,25,PM,sensor_period,5.585510111151979,1.082067270611863,2.3745219394864474,0.2651353814628838,1.998240266720863,0.2868943185621778,17,0.9259381726632352,0.1934149076070663,0.6627318797095727,0.9653273887043452,False,False,high,110P04611,32012,35168,35611,mapped_primary_link
corridor-269784de86cf4b7ea12132f53288592e,daily,state_transition,I495_CW,I495_CW::110P04612,26,AM,corridor_period,3.4134695768897863,1.0197478138611924,0.5806609595872952,0.472495023235257,0.5531638989309287,0.4818257670044466,115,0.9615969838404548,0.1103447451337987,0.3274544975916428,6.733796616011897,False,False,high,110P04612,32018,35171,35170,mapped_primary_link
corridor-269784de86cf4b7ea12132f53288592e,daily,state_transition,I495_CW,I495_CW::110P04612,26,MD,sensor_period,9.782419274451762,1.2226509787099318,0.962159401610018,0.6979032392809532,2.5204693342431783,0.8532920785516892,4,0.9841503559555788,0.4845728803188175,0.4411954679283872,2.592703279424014,False,False,low,110P04612,32018,35171,35170,mapped_primary_link
corridor-269784de86cf4b7ea12132f53288592e,daily,state_transition,I495_CW,I495_CW::110P04612,26,PM,sensor_period,5.998805110714949,1.0097313195135904,2.29187961459156,0.3217138335492669,2.175227694969612,0.3248445336554769,18,0.968324119170576,0.3246456191345743,0.3887420071509005,1.042880262109125,False,False,high,110P04612,32018,35171,35170,mapped_primary_link
corridor-269784de86cf4b7ea12132f53288592e,daily,state_transition,I495_CW,I495_CW::110P04610,27,MD,sensor_period,7.825991571845763,1.0866307186359772,2.1955573647786526,0.3184699114517318,2.2548046539060795,0.3460591887447313,14,0.9944836096347384,0.036902827881054,0.2812648090754894,9.888776509942351,False,False,high,110P04610,32010,35166,35164,mapped_primary_link
corridor-269784de86cf4b7ea12132f53288592e,daily,state_transition,I495_CW,I495_CW::110P04610,27,PM,sensor_period,5.456968788389549,1.1176396081974629,1.381266237433619,0.5186317524672509,1.7761619274643845,0.5796433886262619,7,0.8660406604334628,0.4684852102820791,1.1799238446046043,3.0870423090948185,False,False,medium,110P04610,32010,35166,35164,mapped_primary_link
corridor-269784de86cf4b7ea12132f53288592e,daily,state_transition,I495_CW,I495_CW::110P04647,30,AM,corridor_period,3.4134695768897863,1.0197478138611924,0.5806609595872952,0.472495023235257,0.5531638989309287,0.4818257670044466,115,0.9615969838404548,0.1103447451337987,0.3274544975916428,6.733796616011897,False,False,high,110P04647,32337,35307,35308,mapped_primary_link
corridor-269784de86cf4b7ea12132f53288592e,daily,state_transition,I495_CW,I495_CW::110P04647,30,MD,corridor_period,7.776242377486788,1.126776397640758,0.3118393937729705,1.1300053650723825,1.6885127549945145,1.2732633745709885,103,0.9124564265353758,0.3950931664704309,0.9338479993763178,8.005160940964695,False,False,high,110P04647,32337,35307,35308,mapped_primary_link
corridor-269784de86cf4b7ea12132f53288592e,daily,state_transition,I495_CW,I495_CW::110P04647,30,PM,sensor_period,4.730273216752924,1.0970710072065246,0.744385943463096,0.3769275784001119,0.7131487451500262,0.413516318079327,13,0.9753665413933712,0.2770243409440065,0.21894487024959,2.4765547365156224,False,False,high,110P04647,32337,35307,35308,mapped_primary_link
corridor-bf639353af8a4364b429e6cd1cae24c2,daily,state_transition,I495_NB,I495_NB::110P17040,2,MD,corridor_period,8.646505087860053,1.2685829608703147,0.0569513184081709,2.0675775393677087,2.627199759124367,2.622893636720048,6,0.9993148470731684,0.9815207346645582,0.0843469568148372,1.657122681653999,False,False,medium,110P17040,32743,35605,35607,mapped_primary_link
corridor-bf639353af8a4364b429e6cd1cae24c2,daily,state_transition,I495_NB,I495_NB::110P17040,2,PM,sensor_period,4.639277883581872,1.0000000000000002,0.0089944506185066,3.555830559318148,1.1239785440084498,3.555830559318149,4,0.8324208308886136,0.1993036267615588,0.4961168255888412,10.41755636610458,True,False,low,110P17040,32743,35605,35607,mapped_primary_link
corridor-bf639353af8a4364b429e6cd1cae24c2,daily,state_transition,I495_NB,I495_NB::110P17039,9,MD,corridor_period,8.646505087860053,1.2685829608703147,0.0569513184081709,2.0675775393677087,2.627199759124367,2.622893636720048,6,0.9993148470731684,0.9815207346645582,0.0843469568148372,1.657122681653999,False,False,medium,110P17039,32738,35602,35523,mapped_primary_link
corridor-bf639353af8a4364b429e6cd1cae24c2,daily,state_transition,I495_NB,I495_NB::110P17039,9,PM,corridor_period,4.660888375457326,1.111935527375595,0.0489001593185717,1.9698805862088085,0.5408944442795738,2.1903802084930377,24,0.9519297834640768,0.6908948622650415,0.7503834275989784,6.112466467008305,False,False,high,110P17039,32738,35602,35523,mapped_primary_link
corridor-bf639353af8a4364b429e6cd1cae24c2,daily,state_transition,I495_NB,I495_NB::110+17040,10,MD,corridor_period,8.646505087860053,1.2685829608703147,0.0569513184081709,2.0675775393677087,2.627199759124367,2.622893636720048,6,0.9993148470731684,0.9815207346645582,0.0843469568148372,1.657122681653999,False,False,medium,110+17040,32632,35518,35605,mapped_primary_link
corridor-bf639353af8a4364b429e6cd1cae24c2,daily,state_transition,I495_NB,I495_NB::110+17040,10,PM,corridor_period,4.660888375457326,1.111935527375595,0.0489001593185717,1.9698805862088085,0.5408944442795738,2.1903802084930377,24,0.9519297834640768,0.6908948622650415,0.7503834275989784,6.112466467008305,False,False,high,110+17040,32632,35518,35605,mapped_primary_link
corridor-bf639353af8a4364b429e6cd1cae24c2,daily,state_transition,I495_NB,I495_NB::110+17041,11,MD,sensor_period,8.533246005646536,1.2615717251988892,0.043358347970296,2.1361197680854165,2.2544626496069022,2.69486830105497,3,0.999978376196129,0.9897913474176314,0.0202768982874209,1.6129667466934328,False,False,low,110+17041,32748,35607,35610,mapped_primary_link
corridor-bf639353af8a4364b429e6cd1cae24c2,daily,state_transition,I495_NB,I495_NB::110+17041,11,PM,sensor_period,4.886822093924376,1.0478600961112348,0.3298101988189514,1.153768335241894,1.0970837952124948,1.2089877986566704,18,0.901859539745875,0.4335751773853701,0.8148041640437527,3.253011020866431,False,False,high,110+17041,32748,35607,35610,mapped_primary_link
corridor-29d50e6a2a604d858f54f9d57756f8fe,daily,state_transition,I66_EB,I66_EB::110+58633,7,MD,corridor_period,6.551873016341034,1.0000000000196525,0.6189701375478761,0.2058726944770853,0.4861113754544887,0.2058726944811311,86,0.9807296327685228,0.0356699656289145,0.2667934932948437,8.435575025893144,True,False,low,110+58633,31800,35069,34874,mapped_primary_link
corridor-29d50e6a2a604d858f54f9d57756f8fe,daily,state_transition,I66_EB,I66_EB::110+58628,9,PM,corridor_period,4.915730657025111,1.0536487727472776,0.6321529277578926,0.7603045181980456,1.1314579617508147,0.8010939225135809,262,0.8948210855419784,0.0938099563230582,0.6164928874726322,8.140553503371756,False,False,high,110+58628,38167,40010,40008,mapped_primary_link
corridor-29d50e6a2a604d858f54f9d57756f8fe,daily,state_transition,I66_EB,I66_EB::110+58626,11,PM,corridor_period,4.915730657025111,1.0536487727472776,0.6321529277578926,0.7603045181980456,1.1314579617508147,0.8010939225135809,262,0.8948210855419784,0.0938099563230582,0.6164928874726322,8.140553503371756,False,False,high,110+58626,38500,40113,40391,mapped_primary_link
corridor-29d50e6a2a604d858f54f9d57756f8fe,daily,state_transition,I66_EB,I66_EB::110N04167,12,MD,sensor_period,7.383297779813501,1.07252004658543,0.7291638859169153,0.4084836213935152,0.8800147268600816,0.438106872646358,9,0.988554703879666,0.7185504532116459,0.1207858437674853,0.9619459916287478,False,False,medium,110N04167,25608,30005,30134,mapped_primary_link
corridor-29d50e6a2a604d858f54f9d57756f8fe,daily,state_transition,I66_EB,I66_EB::110N04167,12,PM,sensor_period,5.4666843957801285,1.0000000130304556,1.657725541347793,0.2356630341979289,1.3193670491940126,0.2356630372687256,20,0.9732267235033892,0.1942747220431085,0.2388734927391525,0.9454617976778482,True,False,low,110N04167,25608,30005,30134,mapped_primary_link
corridor-29d50e6a2a604d858f54f9d57756f8fe,daily,state_transition,I66_EB,I66_EB::110N04168,13,MD,sensor_period,7.078110991545689,1.029871897189768,1.004513873999478,0.1256109659088057,0.6850363373334869,0.129363203768341,10,0.997592845997224,0.0783343853365202,0.0464803261336617,1.5463060361621923,False,False,high,110N04168,26753,30394,30005,mapped_primary_link
corridor-29d50e6a2a604d858f54f9d57756f8fe,daily,state_transition,I66_EB,I66_EB::110N04168,13,PM,sensor_period,5.469549337452726,1.000000000000008,1.5646558818080938,0.3032283459351251,1.3969645683605103,0.3032283459351275,20,0.9497106412920384,0.3403995653518149,0.3746181277573278,0.8887263824523618,True,False,low,110N04168,26753,30394,30005,mapped_primary_link
corridor-29d50e6a2a604d858f54f9d57756f8fe,daily,state_transition,I66_EB,I66_EB::110N04169,14,MD,sensor_period,10.898640449592378,1.333932956835278,0.1205531837158267,3.999999999999911,907.1241168574188,5.335731827340994,3,0.986478627297071,0.8760473324431844,0.0362571082916667,3.7502650237819415,False,True,low,110N04169,26183,30174,30216,mapped_primary_link
corridor-29d50e6a2a604d858f54f9d57756f8fe,daily,state_transition,I66_EB,I66_EB::110N04169,14,PM,sensor_period,5.665287870690374,1.0071463973153547,3.1839033535483203,0.0552856411960917,1.868964122716534,0.0556807343539131,20,0.949496644169677,0.009476933857933,0.2378811299325928,0.9765296890311206,False,False,high,110N04169,26183,30174,30216,mapped_primary_link
corridor-29d50e6a2a604d858f54f9d57756f8fe,daily,state_transition,I66_EB,I66_EB::110N04164,16,AM,corridor_period,3.37884097161232,1.0000000000730462,0.3459428533680547,0.96662261396794,0.598579663159099,0.9666226140385484,190,0.8745152233438387,0.0773013524912966,0.3519618041510653,8.510306674896242,True,False,low,110N04164,26747,30388,30210,mapped_primary_link
corridor-29d50e6a2a604d858f54f9d57756f8fe,daily,state_transition,I66_EB,I66_EB::110N04164,16,PM,sensor_period,4.805742898423493,1.1189084599862784,0.2870230564216282,1.6675954672570574,2.098052189037137,1.8658866761486923,6,0.945007539532952,0.6695276669431163,0.3676816539455828,5.532551236069356,False,False,medium,110N04164,26747,30388,30210,mapped_primary_link
corridor-29d50e6a2a604d858f54f9d57756f8fe,daily,state_transition,I66_EB,I66_EB::110N04165,17,PM,corridor_period,4.915730657025111,1.0536487727472776,0.6321529277578926,0.7603045181980456,1.1314579617508147,0.8010939225135809,262,0.8948210855419784,0.0938099563230582,0.6164928874726322,8.140553503371756,False,False,high,110N04165,26749,30390,30106,mapped_primary_link
corridor-29d50e6a2a604d858f54f9d57756f8fe,daily,state_transition,I66_EB,I66_EB::110N04162,19,AM,sensor_period,3.5130208597899277,1.2197752833922657,0.0243679201519619,3.9999999999607527,1.97942980416766,4.87910113352119,4,0.8561998380206183,0.538997775711618,0.1033086069594747,5.251081497275332,False,True,low,110N04162,25947,30103,30212,mapped_primary_link
corridor-29d50e6a2a604d858f54f9d57756f8fe,daily,state_transition,I66_EB,I66_EB::110N04162,19,PM,corridor_period,4.915730657025111,1.0536487727472776,0.6321529277578926,0.7603045181980456,1.1314579617508147,0.8010939225135809,262,0.8948210855419784,0.0938099563230582,0.6164928874726322,8.140553503371756,False,False,high,110N04162,25947,30103,30212,mapped_primary_link
corridor-29d50e6a2a604d858f54f9d57756f8fe,daily,state_transition,I66_EB,I66_EB::110N04180,20,AM,sensor_period,3.654893075654592,1.118968767069214,0.3187971608304655,1.435388139078563,1.0925889572970704,1.6061544962505132,16,0.9579277795758429,0.6413462361722557,0.2168007351350845,5.118657630091239,False,False,high,110N04180,35787,36691,34880,mapped_primary_link
corridor-29d50e6a2a604d858f54f9d57756f8fe,daily,state_transition,I66_EB,I66_EB::110N04180,20,MD,sensor_period,8.442514571629367,1.1944252901509849,0.1458893524872194,1.8650380416568595,4.158411961807955,2.227648604048619,5,0.9989863110345736,0.9577594724728477,0.0389940181071368,1.7097538047877334,False,False,medium,110N04180,35787,36691,34880,mapped_primary_link
corridor-29d50e6a2a604d858f54f9d57756f8fe,daily,state_transition,I66_EB,I66_EB::110N04180,20,PM,sensor_period,4.446225349229675,1.0239793994645774,0.4721287764737569,0.614897309174426,0.6302421008378487,0.6296421773808133,5,0.994885712346463,0.3008720763271898,0.1076283491244819,5.117148616421599,False,False,medium,110N04180,35787,36691,34880,mapped_primary_link
corridor-29d50e6a2a604d858f54f9d57756f8fe,daily,state_transition,I66_EB,I66_EB::110N04185,21,AM,corridor_period,3.37884097161232,1.0000000000730462,0.3459428533680547,0.96662261396794,0.598579663159099,0.9666226140385484,190,0.8745152233438387,0.0773013524912966,0.3519618041510653,8.510306674896242,True,False,low,110N04185,39159,40385,40382,mapped_primary_link
corridor-29d50e6a2a604d858f54f9d57756f8fe,daily,state_transition,I66_EB,I66_EB::110N04181,24,AM,sensor_period,3.311819291185277,1.0000000000100937,0.7369052789508342,0.0500000000005948,0.4172667000022723,0.0500000000010995,3,0.9219686601907672,-0.0656480718678362,0.0870998292721113,9.11053436470579,True,True,low,110N04181,32869,35706,34889,mapped_primary_link
corridor-29d50e6a2a604d858f54f9d57756f8fe,daily,state_transition,I66_EB,I66_EB::110N04181,24,MD,corridor_period,6.551873016341034,1.0000000000196525,0.6189701375478761,0.2058726944770853,0.4861113754544887,0.2058726944811311,86,0.9807296327685228,0.0356699656289145,0.2667934932948437,8.435575025893144,True,False,low,110N04181,32869,35706,34889,mapped_primary_link
corridor-29d50e6a2a604d858f54f9d57756f8fe,daily,state_transition,I66_EB,I66_EB::110N04181,24,PM,corridor_period,4.915730657025111,1.0536487727472776,0.6321529277578926,0.7603045181980456,1.1314579617508147,0.8010939225135809,262,0.8948210855419784,0.0938099563230582,0.6164928874726322,8.140553503371756,False,False,high,110N04181,32869,35706,34889,mapped_primary_link
corridor-29d50e6a2a604d858f54f9d57756f8fe,daily,state_transition,I66_EB,I66_EB::110N04183,26,AM,sensor_period,3.249111734217096,1.0000000000367155,0.8231554847900661,0.2040274414693732,0.5583347205853127,0.2040274414768642,13,0.9665625530674604,0.0029928263492137,0.1169474549285744,3.849430666906716,True,False,low,110N04183,31415,34908,34906,mapped_primary_link
corridor-29d50e6a2a604d858f54f9d57756f8fe,daily,state_transition,I66_EB,I66_EB::110N04183,26,MD,corridor_period,6.551873016341034,1.0000000000196525,0.6189701375478761,0.2058726944770853,0.4861113754544887,0.2058726944811311,86,0.9807296327685228,0.0356699656289145,0.2667934932948437,8.435575025893144,True,False,low,110N04183,31415,34908,34906,mapped_primary_link
corridor-29d50e6a2a604d858f54f9d57756f8fe,daily,state_transition,I66_EB,I66_EB::110N04184,27,AM,sensor_period,3.753480657811048,1.3707285005843957,0.5239875844950643,1.1960072198394731,1.3593996507829953,1.6394011831386726,17,0.9157485772336268,0.6602206876521677,0.2045340655459867,1.5612767265068963,False,False,high,110N04184,39147,40374,40373,mapped_primary_link
corridor-29d50e6a2a604d858f54f9d57756f8fe,daily,state_transition,I66_EB,I66_EB::110N04184,27,MD,corridor_period,6.551873016341034,1.0000000000196525,0.6189701375478761,0.2058726944770853,0.4861113754544887,0.2058726944811311,86,0.9807296327685228,0.0356699656289145,0.2667934932948437,8.435575025893144,True,False,low,110N04184,39147,40374,40373,mapped_primary_link
corridor-29d50e6a2a604d858f54f9d57756f8fe,daily,state_transition,I66_EB,I66_EB::110N04184,27,PM,corridor_period,4.915730657025111,1.0536487727472776,0.6321529277578926,0.7603045181980456,1.1314579617508147,0.8010939225135809,262,0.8948210855419784,0.0938099563230582,0.6164928874726322,8.140553503371756,False,False,high,110N04184,39147,40374,40373,mapped_primary_link
corridor-29d50e6a2a604d858f54f9d57756f8fe,daily,state_transition,I66_EB,I66_EB::110N04178,28,AM,sensor_period,3.0736879582426333,1.036700531243424,0.0159784172909746,2.415202622187924,0.1283304318964948,2.5038418414827315,12,0.984899945661768,0.1369665610655058,0.0975509101840672,7.152719817532222,False,False,high,110N04178,31795,35067,35065,mapped_primary_link
corridor-29d50e6a2a604d858f54f9d57756f8fe,daily,state_transition,I66_EB,I66_EB::110N04178,28,MD,sensor_period,6.150236245961047,1.0092331244889623,0.1136309138401072,0.6427552389300881,0.1947868182667674,0.6486898780670625,9,0.998142050127742,0.0270124812822346,0.1036643155117966,7.915493893172553,False,False,medium,110N04178,31795,35067,35065,mapped_primary_link
corridor-29d50e6a2a604d858f54f9d57756f8fe,daily,state_transition,I66_EB,I66_EB::110N04178,28,PM,sensor_period,4.0972912840021545,1.0099751375570218,0.2028254766032193,0.4832703008338545,0.2138566528093142,0.4880909885618955,6,0.9999283674170016,0.5155011354289152,0.0200235732423946,2.6044175612113523,False,False,medium,110N04178,31795,35067,35065,mapped_primary_link
corridor-29d50e6a2a604d858f54f9d57756f8fe,daily,state_transition,I66_EB,I66_EB::110N04179,29,AM,sensor_period,3.775984001218409,1.0000000013966992,1.5809096090235593,0.309710776210166,1.27238406471126,0.3097107766427388,19,0.8662418920639134,0.0528129817930537,0.2952373330106228,2.175863824679384,True,False,low,110N04179,31804,35071,35069,mapped_primary_link
corridor-29d50e6a2a604d858f54f9d57756f8fe,daily,state_transition,I66_EB,I66_EB::110N04179,29,MD,corridor_period,6.551873016341034,1.0000000000196525,0.6189701375478761,0.2058726944770853,0.4861113754544887,0.2058726944811311,86,0.9807296327685228,0.0356699656289145,0.2667934932948437,8.435575025893144,True,False,low,110N04179,31804,35071,35069,mapped_primary_link
corridor-29d50e6a2a604d858f54f9d57756f8fe,daily,state_transition,I66_EB,I66_EB::110N04179,29,PM,sensor_period,4.855670707210427,1.0181616690598276,1.330337130979334,0.2304452331674007,1.0211823593189404,0.2346305032286018,16,0.9691455346371052,0.2289659476167074,0.3419092932864441,1.721817221427857,False,False,high,110N04179,31804,35071,35069,mapped_primary_link
corridor-29d50e6a2a604d858f54f9d57756f8fe,daily,state_transition,I66_EB,I66_EB::110N04174,30,PM,sensor_period,4.932896690083269,1.0000000000403684,0.0625663061657803,3.999999999993096,19.75819757453575,4.000000000154569,3,-0.5081865128323164,0.8500793181465556,0.3829219820056586,2.537761352607358,True,True,low,110N04174,32570,35481,35469,mapped_primary_link
corridor-29d50e6a2a604d858f54f9d57756f8fe,daily,state_transition,I66_EB,I66_EB::110N04176,32,AM,sensor_period,3.267853268153788,1.0000000000001597,0.1005744789582016,1.6330550754234374,0.3709416359672935,1.633055075423698,3,0.7873866815537148,-0.3200033206596866,0.1959298747781442,10.959511218861184,True,False,low,110N04176,35779,36684,34852,mapped_primary_link
corridor-29d50e6a2a604d858f54f9d57756f8fe,daily,state_transition,I66_EB,I66_EB::110N04176,32,PM,corridor_period,4.915730657025111,1.0536487727472776,0.6321529277578926,0.7603045181980456,1.1314579617508147,0.8010939225135809,262,0.8948210855419784,0.0938099563230582,0.6164928874726322,8.140553503371756,False,False,high,110N04176,35779,36684,34852,mapped_primary_link
corridor-29d50e6a2a604d858f54f9d57756f8fe,daily,state_transition,I66_EB,I66_EB::110N04170,34,PM,sensor_period,5.334159309282812,1.1159944755135554,1.1071450681389232,0.6697226207589065,1.8119065407436663,0.7474067448933996,21,0.9217634412005372,0.4168538283071457,0.2920419379493007,3.384382236067691,False,False,high,110N04170,26197,30178,30174,mapped_primary_link
corridor-29d50e6a2a604d858f54f9d57756f8fe,daily,state_transition,I66_EB,I66_EB::110N04171,35,PM,sensor_period,5.086038050762313,1.1588121794018624,0.5098430550397425,1.0444283786312258,1.4866137360719098,1.2102963256708044,15,0.8898762391098869,0.7382440560983708,0.3125767871362087,1.6906424322522728,False,False,high,110N04171,26252,30195,30178,mapped_primary_link
corridor-29d50e6a2a604d858f54f9d57756f8fe,daily,state_transition,I66_EB,I66_EB::110N04173,37,PM,sensor_period,4.721796895907133,1.1195805312466531,0.3338984024778447,1.195285040935383,1.138579718853577,1.3382178611216136,14,0.9699782116231062,0.5950688576598993,0.2002559519030063,4.900833714944545,False,False,high,110N04173,32132,35235,34505,mapped_primary_link
corridor-29d50e6a2a604d858f54f9d57756f8fe,daily,state_transition,I66_EB,I66_EB::110-04184,38,AM,sensor_period,3.6367356051026216,1.0000000000383191,0.416254860027609,1.2866799693228894,1.1690002249786433,1.2866799693721942,13,0.835874368996815,0.2122646213045169,0.2383541869239544,3.665915968456259,True,False,low,110-04184,40966,41015,40378,mapped_primary_link
corridor-29d50e6a2a604d858f54f9d57756f8fe,daily,state_transition,I66_EB,I66_EB::110-04184,38,PM,corridor_period,4.915730657025111,1.0536487727472776,0.6321529277578926,0.7603045181980456,1.1314579617508147,0.8010939225135809,262,0.8948210855419784,0.0938099563230582,0.6164928874726322,8.140553503371756,False,False,high,110-04184,40966,41015,40378,mapped_primary_link
corridor-29d50e6a2a604d858f54f9d57756f8fe,daily,state_transition,I66_EB,I66_EB::110-04185,39,AM,corridor_period,3.37884097161232,1.0000000000730462,0.3459428533680547,0.96662261396794,0.598579663159099,0.9666226140385484,190,0.8745152233438387,0.0773013524912966,0.3519618041510653,8.510306674896242,True,False,low,110-04185,40962,41013,40390,mapped_primary_link
corridor-29d50e6a2a604d858f54f9d57756f8fe,daily,state_transition,I66_EB,I66_EB::110-04180,41,AM,sensor_period,3.374121317385172,1.0655999752468297,0.7199532671715432,0.4749583563297889,0.6841595125819807,0.5061156127482979,10,0.9703935454995524,0.0923770121375455,0.1138917375317833,4.21423058920699,False,False,high,110-04180,31395,34890,36691,mapped_primary_link
corridor-29d50e6a2a604d858f54f9d57756f8fe,daily,state_transition,I66_EB,I66_EB::110-04180,41,MD,corridor_period,6.551873016341034,1.0000000000196525,0.6189701375478761,0.2058726944770853,0.4861113754544887,0.2058726944811311,86,0.9807296327685228,0.0356699656289145,0.2667934932948437,8.435575025893144,True,False,low,110-04180,31395,34890,36691,mapped_primary_link
corridor-29d50e6a2a604d858f54f9d57756f8fe,daily,state_transition,I66_EB,I66_EB::110-04180,41,PM,corridor_period,4.915730657025111,1.0536487727472776,0.6321529277578926,0.7603045181980456,1.1314579617508147,0.8010939225135809,262,0.8948210855419784,0.0938099563230582,0.6164928874726322,8.140553503371756,False,False,high,110-04180,31395,34890,36691,mapped_primary_link
corridor-29d50e6a2a604d858f54f9d57756f8fe,daily,state_transition,I66_EB,I66_EB::110-04181,42,AM,corridor_period,3.37884097161232,1.0000000000730462,0.3459428533680547,0.96662261396794,0.598579663159099,0.9666226140385484,190,0.8745152233438387,0.0773013524912966,0.3519618041510653,8.510306674896242,True,False,low,110-04181,35760,36676,34888,mapped_primary_link
corridor-29d50e6a2a604d858f54f9d57756f8fe,daily,state_transition,I66_EB,I66_EB::110-04182,43,AM,sensor_period,3.135895417333169,1.0000001016162383,0.4163571911868968,0.2211895114829125,0.2859267390788018,0.2211895339593586,15,0.9940840159196505,0.0833273686215974,0.0666846911496894,2.410368611108503,True,False,low,110-04182,31410,34903,34900,mapped_primary_link
corridor-29d50e6a2a604d858f54f9d57756f8fe,daily,state_transition,I66_EB,I66_EB::110-04182,43,MD,corridor_period,6.551873016341034,1.0000000000196525,0.6189701375478761,0.2058726944770853,0.4861113754544887,0.2058726944811311,86,0.9807296327685228,0.0356699656289145,0.2667934932948437,8.435575025893144,True,False,low,110-04182,31410,34903,34900,mapped_primary_link
corridor-29d50e6a2a604d858f54f9d57756f8fe,daily,state_transition,I66_EB,I66_EB::110-04183,44,AM,sensor_period,3.2296068603632206,1.00000936465229,0.2132841645551757,0.9297476519579116,0.3383280767308881,0.9297563587213896,20,0.9543819017380364,0.1217041387295128,0.127927685633249,5.490567151338694,True,False,low,110-04183,39146,40373,40370,mapped_primary_link
corridor-29d50e6a2a604d858f54f9d57756f8fe,daily,state_transition,I66_EB,I66_EB::110-04183,44,MD,corridor_period,6.551873016341034,1.0000000000196525,0.6189701375478761,0.2058726944770853,0.4861113754544887,0.2058726944811311,86,0.9807296327685228,0.0356699656289145,0.2667934932948437,8.435575025893144,True,False,low,110-04183,39146,40373,40370,mapped_primary_link
corridor-29d50e6a2a604d858f54f9d57756f8fe,daily,state_transition,I66_EB,I66_EB::110-04183,44,PM,corridor_period,4.915730657025111,1.0536487727472776,0.6321529277578926,0.7603045181980456,1.1314579617508147,0.8010939225135809,262,0.8948210855419784,0.0938099563230582,0.6164928874726322,8.140553503371756,False,False,high,110-04183,39146,40373,40370,mapped_primary_link
corridor-29d50e6a2a604d858f54f9d57756f8fe,daily,state_transition,I66_EB,I66_EB::110-04173,45,PM,sensor_period,4.9286770059001705,1.1242780028782255,0.438745904811408,1.2900452439023675,1.831746235534598,1.4503694904371072,12,0.9091097616420736,0.5829211871670923,0.262896276285293,4.125146098639893,False,False,high,110-04173,32560,35473,35234,mapped_primary_link
corridor-29d50e6a2a604d858f54f9d57756f8fe,daily,state_transition,I66_EB,I66_EB::110-04175,47,AM,sensor_period,3.145038386984289,1.0408621206136226,0.0826298344327566,1.677299070939427,0.3011640682550944,1.7458370678812711,7,0.858509140300892,0.073129608268169,0.2506084920648386,7.942032453349602,False,False,medium,110-04175,31351,34852,34849,mapped_primary_link
corridor-29d50e6a2a604d858f54f9d57756f8fe,daily,state_transition,I66_EB,I66_EB::110-04175,47,MD,sensor_period,6.654006855606478,1.0548292309146292,0.0826013547675955,2.2076556340640385,2.8911475679014984,2.328699694604118,9,0.9955556302511926,0.6466225318537914,0.0778212030379837,6.067043792402092,False,False,medium,110-04175,31351,34852,34849,mapped_primary_link
corridor-29d50e6a2a604d858f54f9d57756f8fe,daily,state_transition,I66_EB,I66_EB::110-04175,47,PM,sensor_period,4.225230400701966,1.0230415164004485,0.7331197710889651,0.05,0.4202098028724075,0.0511520758200224,4,0.9997796475262988,-0.0413490677797894,0.0121321295087754,3.1268088393694824,False,True,low,110-04175,31351,34852,34849,mapped_primary_link
corridor-29d50e6a2a604d858f54f9d57756f8fe,daily,state_transition,I66_EB,I66_EB::110-04176,48,AM,sensor_period,3.082735328568128,1.0000000025545157,0.293958185857633,0.0500000000000009,0.1658559661069604,0.0500000001277267,6,0.9642272032628176,-0.0645049970993782,0.1189960729399701,9.809947158729504,True,True,low,110-04176,31353,34854,36684,mapped_primary_link
corridor-29d50e6a2a604d858f54f9d57756f8fe,daily,state_transition,I66_EB,I66_EB::110-04176,48,MD,corridor_period,6.551873016341034,1.0000000000196525,0.6189701375478761,0.2058726944770853,0.4861113754544887,0.2058726944811311,86,0.9807296327685228,0.0356699656289145,0.2667934932948437,8.435575025893144,True,False,low,110-04176,31353,34854,36684,mapped_primary_link
corridor-29d50e6a2a604d858f54f9d57756f8fe,daily,state_transition,I66_EB,I66_EB::110-04176,48,PM,sensor_period,4.038852397432195,1.0025458904274005,0.0591377335393146,0.799887437965862,0.0963388699879844,0.8019238637371773,5,0.999970618328288,-0.061979561315467,0.0087654475942183,3.9257719339299113,False,False,medium,110-04176,31353,34854,36684,mapped_primary_link
corridor-29d50e6a2a604d858f54f9d57756f8fe,daily,state_transition,I66_EB,I66_EB::110-04172,51,PM,sensor_period,4.749431503031003,1.1344897029094392,0.5162349345056114,0.8349308714481563,1.0111023114501454,0.947220476299138,14,0.9798843177995982,0.7179807921850228,0.1316016207664486,1.561776828348996,False,False,high,110-04172,30295,34505,30195,mapped_primary_link
corridor-29d50e6a2a604d858f54f9d57756f8fe,daily,state_transition,I66_EB,I66_EB::110-04177,52,AM,sensor_period,3.0923573305898007,1.0000001442258577,0.2272398844781615,0.2322164737210937,0.1575203349151296,0.2322165072127137,10,0.9906255623337492,-0.1148201598812097,0.0886063854667648,7.730657552903333,True,False,low,110-04177,31361,34862,34858,mapped_primary_link
corridor-29d50e6a2a604d858f54f9d57756f8fe,daily,state_transition,I66_EB,I66_EB::110-04177,52,MD,sensor_period,6.169952368293565,1.0000002979463656,0.1023720784710726,0.7277659625189355,0.2052676223856938,0.7277661793541591,6,0.9974232035491846,-0.0789221651639788,0.129970505456735,10.450127840568078,True,False,low,110-04177,31361,34862,34858,mapped_primary_link
corridor-29d50e6a2a604d858f54f9d57756f8fe,daily,state_transition,I66_EB,I66_EB::110-04177,52,PM,sensor_period,4.068153201708637,1.0075583180183758,0.198214716543694,0.2535886239253524,0.1508936091358432,0.2555053273908225,6,0.9999592898000824,0.1177615967657041,0.0122407578390712,1.7852384795973248,False,False,medium,110-04177,31361,34862,34858,mapped_primary_link
corridor-29d50e6a2a604d858f54f9d57756f8fe,daily,state_transition,I66_EB,I66_EB::110-04178,53,AM,sensor_period,3.475037115684827,1.0000000000049845,0.2933296733253908,0.9491081443789364,0.5102508582904848,0.9491081443836672,16,0.8764202641853369,0.5033397898125772,0.2256062872690094,1.7708752888479404,True,False,low,110-04178,31371,34870,35067,mapped_primary_link
corridor-29d50e6a2a604d858f54f9d57756f8fe,daily,state_transition,I66_EB,I66_EB::110-04178,53,MD,sensor_period,6.8254592352270285,1.0000000000000002,0.2579704271203339,0.6393726600440934,0.4697748556933195,0.6393726600440935,5,0.9559688141990108,0.345218219575187,0.3267653983631049,3.14290377264111,True,False,low,110-04178,31371,34870,35067,mapped_primary_link
corridor-29d50e6a2a604d858f54f9d57756f8fe,daily,state_transition,I66_EB,I66_EB::110-04178,53,PM,sensor_period,4.416023203329349,1.0390042350659128,0.671129882916007,0.1844279273053245,0.4707248210526827,0.1916213975346605,16,0.9700588819371136,0.1291796240510929,0.2600027511899841,1.7341884163627697,False,False,high,110-04178,31371,34870,35067,mapped_primary_link
corridor-29d50e6a2a604d858f54f9d57756f8fe,daily,state_transition,I66_EB,I66_EB::110-04163,56,PM,sensor_period,4.483901149854119,1.0000000123091963,0.2952572412944347,0.6191296961183906,0.3987116130201107,0.6191297037393796,5,0.9605890043623,-0.1627974271049499,0.4367484618020639,9.812892282493506,True,False,low,110-04163,26306,30210,30211,mapped_primary_link
corridor-29d50e6a2a604d858f54f9d57756f8fe,daily,state_transition,I66_EB,I66_EB::110-04164,57,PM,corridor_period,4.915730657025111,1.0536487727472776,0.6321529277578926,0.7603045181980456,1.1314579617508147,0.8010939225135809,262,0.8948210855419784,0.0938099563230582,0.6164928874726322,8.140553503371756,False,False,high,110-04164,25955,30106,30229,mapped_primary_link
corridor-29d50e6a2a604d858f54f9d57756f8fe,daily,state_transition,I66_EB,I66_EB::110-04165,58,MD,corridor_period,6.551873016341034,1.0000000000196525,0.6189701375478761,0.2058726944770853,0.4861113754544887,0.2058726944811311,86,0.9807296327685228,0.0356699656289145,0.2667934932948437,8.435575025893144,True,False,low,110-04165,26315,30213,30390,mapped_primary_link
corridor-29d50e6a2a604d858f54f9d57756f8fe,daily,state_transition,I66_EB,I66_EB::110-04166,59,MD,sensor_period,6.460785138839756,1.0344935667019215,0.2417768975807067,0.4893556722498338,0.3213151739102771,0.506235294771547,12,0.9990750452086068,0.4658320678070783,0.0763803616631752,4.16448677166135,False,False,high,110-04166,26323,30217,30392,mapped_primary_link
corridor-29d50e6a2a604d858f54f9d57756f8fe,daily,state_transition,I66_EB,I66_EB::110-04166,59,PM,sensor_period,4.369216829209607,1.0000000000000002,0.5595101698480146,0.05,0.3212379846764516,0.05,16,0.9835648440492242,-0.0672000768381841,0.1851125553793912,0.8790513228114093,True,True,low,110-04166,26323,30217,30392,mapped_primary_link
corridor-29d50e6a2a604d858f54f9d57756f8fe,daily,state_transition,I66_EB,I66_EB::110-04168,61,MD,sensor_period,6.7643025564056165,1.0028281011536575,0.6354961951797037,0.6752148961847815,1.2322267600180044,0.6771244722116484,6,0.9980918204729868,0.2315293093903668,0.0376547925043359,6.525368473151564,False,False,medium,110-04168,26322,30216,30394,mapped_primary_link
corridor-29d50e6a2a604d858f54f9d57756f8fe,daily,state_transition,I66_EB,I66_EB::110-04168,61,PM,sensor_period,5.4379308869739695,1.001318188483362,1.079396385859245,0.5340919610571444,1.42222695639335,0.5347959949292661,22,0.8961410929717627,0.3410320420947044,0.2341502605506543,0.8408284976108511,False,False,high,110-04168,26322,30216,30394,mapped_primary_link
corridor-1869e5ea5c5d446f8d13ba2986d868c6,daily,state_transition,I66_WB,I66_WB::110N58629,8,MD,corridor_period,7.331746158863082,1.0371279115310013,0.9840484042095894,0.2796825339496047,0.9162175219125644,0.2900665623268518,57,0.9698197144060664,0.0914037736244549,0.2257359238220697,4.521491361192114,False,False,high,110N58629,32042,35185,34898,mapped_primary_link
corridor-1869e5ea5c5d446f8d13ba2986d868c6,daily,state_transition,I66_WB,I66_WB::110N58629,8,PM,sensor_period,4.187850672924592,1.0192229442535068,0.1793311061112268,0.5580721907197553,0.2127013957674455,0.5687999813313936,6,0.9979762362027949,0.0371418703772405,0.048008771098337,6.701514370553698,False,False,medium,110N58629,32042,35185,34898,mapped_primary_link
corridor-1869e5ea5c5d446f8d13ba2986d868c6,daily,state_transition,I66_WB,I66_WB::110+04167,13,AM,sensor_period,3.4985982186349838,1.0353972047527162,0.5546579347331391,0.9342996273283444,0.953199894711246,0.9673712225372724,10,0.978761204183834,0.5864633011127148,0.088946340236807,1.9685933873744623,False,False,high,110+04167,26359,30230,30136,mapped_primary_link
corridor-1869e5ea5c5d446f8d13ba2986d868c6,daily,state_transition,I66_WB,I66_WB::110+04167,13,MD,sensor_period,6.745201236362476,1.0000000000000002,0.7094580585213889,0.2094643931635287,0.5643783817905295,0.2094643931635287,9,0.9967909406540656,0.1543920387229157,0.0442842164039896,1.4842628886097085,True,False,low,110+04167,26359,30230,30136,mapped_primary_link
corridor-1869e5ea5c5d446f8d13ba2986d868c6,daily,state_transition,I66_WB,I66_WB::110+04166,14,AM,sensor_period,3.645324592462097,1.0000000405313576,0.6581977717796638,1.1653987225472688,1.5848997318775455,1.1653987697824613,5,0.9592094922001386,0.1300512110523084,0.0989430233617647,4.720712885460991,True,False,low,110+04166,25966,30110,30237,mapped_primary_link
corridor-1869e5ea5c5d446f8d13ba2986d868c6,daily,state_transition,I66_WB,I66_WB::110+04166,14,MD,corridor_period,7.331746158863082,1.0371279115310013,0.9840484042095894,0.2796825339496047,0.9162175219125644,0.2900665623268518,57,0.9698197144060664,0.0914037736244549,0.2257359238220697,4.521491361192114,False,False,high,110+04166,25966,30110,30237,mapped_primary_link
corridor-1869e5ea5c5d446f8d13ba2986d868c6,daily,state_transition,I66_WB,I66_WB::110+04165,15,MD,corridor_period,7.331746158863082,1.0371279115310013,0.9840484042095894,0.2796825339496047,0.9162175219125644,0.2900665623268518,57,0.9698197144060664,0.0914037736244549,0.2257359238220697,4.521491361192114,False,False,high,110+04165,25972,30113,30227,mapped_primary_link
corridor-1869e5ea5c5d446f8d13ba2986d868c6,daily,state_transition,I66_WB,I66_WB::110+04164,16,MD,corridor_period,7.331746158863082,1.0371279115310013,0.9840484042095894,0.2796825339496047,0.9162175219125644,0.2900665623268518,57,0.9698197144060664,0.0914037736244549,0.2257359238220697,4.521491361192114,False,False,high,110+04164,25946,30103,30210,mapped_primary_link
corridor-1869e5ea5c5d446f8d13ba2986d868c6,daily,state_transition,I66_WB,I66_WB::110+04169,17,AM,sensor_period,3.824878868106328,1.000000000000988,0.9651691024187072,0.6252291111893775,1.190890076510599,0.6252291111899954,16,0.9479553189987282,0.2990939268922131,0.1337073403865308,2.5363383133519246,True,False,low,110+04169,26370,30234,30172,mapped_primary_link
corridor-1869e5ea5c5d446f8d13ba2986d868c6,daily,state_transition,I66_WB,I66_WB::110+04169,17,MD,sensor_period,7.803153495298423,1.074387582742871,0.2273311322095338,1.678408668800231,3.8128664816792015,1.8032614325269605,14,0.9792931924051892,0.6584885727880658,0.1099844485668784,3.788385207482809,False,False,high,110+04169,26370,30234,30172,mapped_primary_link
corridor-1869e5ea5c5d446f8d13ba2986d868c6,daily,state_transition,I66_WB,I66_WB::110+04181,22,PM,sensor_period,6.580503344157476,1.537291645026813,0.1513649861553394,2.4287543981806774,7.841056365982556,3.733703844145281,3,0.9982765601445058,0.9983910011066944,0.0254222332970634,0.2488323354544458,False,False,low,110+04181,31398,34893,35182,mapped_primary_link
corridor-1869e5ea5c5d446f8d13ba2986d868c6,daily,state_transition,I66_WB,I66_WB::110+04180,23,PM,corridor_period,4.680202344748693,1.00000000012607,0.4467800226639773,0.6918213034898444,0.693099880011026,0.6918213035770623,201,0.9040464248391656,0.141789063055804,0.536071749961486,7.080326548802819,True,False,low,110+04180,32035,35181,34879,mapped_primary_link
corridor-1869e5ea5c5d446f8d13ba2986d868c6,daily,state_transition,I66_WB,I66_WB::110+04185,24,PM,corridor_period,4.680202344748693,1.00000000012607,0.4467800226639773,0.6918213034898444,0.693099880011026,0.6918213035770623,201,0.9040464248391656,0.141789063055804,0.536071749961486,7.080326548802819,True,False,low,110+04185,40967,41016,40381,mapped_primary_link
corridor-1869e5ea5c5d446f8d13ba2986d868c6,daily,state_transition,I66_WB,I66_WB::110+04184,25,PM,sensor_period,4.2963140636701,1.0118681191690178,0.045799650818434,1.8001114979489867,0.3369025682849858,1.8214754357241645,20,0.9386364203656654,0.4379381195461459,0.194757188985344,3.375271810677076,False,False,high,110+04184,31416,34909,34911,mapped_primary_link
corridor-1869e5ea5c5d446f8d13ba2986d868c6,daily,state_transition,I66_WB,I66_WB::110+04183,26,MD,corridor_period,7.331746158863082,1.0371279115310013,0.9840484042095894,0.2796825339496047,0.9162175219125644,0.2900665623268518,57,0.9698197144060664,0.0914037736244549,0.2257359238220697,4.521491361192114,False,False,high,110+04183,31406,34899,34904,mapped_primary_link
corridor-1869e5ea5c5d446f8d13ba2986d868c6,daily,state_transition,I66_WB,I66_WB::110+04183,26,PM,sensor_period,5.496716757048505,1.0000000000000002,0.5973540361122545,0.9390273366165311,1.5783663593659325,0.9390273366165314,20,0.7898809432612158,0.273022315467144,0.3366008543154136,1.783183989901964,True,False,low,110+04183,31406,34899,34904,mapped_primary_link
corridor-1869e5ea5c5d446f8d13ba2986d868c6,daily,state_transition,I66_WB,I66_WB::110+04182,27,PM,sensor_period,4.515198825179915,1.0080979723641914,0.2462503772691417,1.208968328401024,0.8125671194469312,1.2187585205135982,13,0.9621814228226326,0.7635144187943147,0.1931711039731696,2.3637381152738786,False,False,high,110+04182,32868,35705,35692,mapped_primary_link
corridor-1869e5ea5c5d446f8d13ba2986d868c6,daily,state_transition,I66_WB,I66_WB::110+04178,28,PM,sensor_period,4.626122838219349,1.0000000000000002,0.7799193783487781,0.2513692781156348,0.6113129508898115,0.2513692781156348,20,0.7976332253874762,0.0018707338664858,0.3338086357046817,2.475744524342345,True,False,low,110+04178,31358,34859,35178,mapped_primary_link
corridor-1869e5ea5c5d446f8d13ba2986d868c6,daily,state_transition,I66_WB,I66_WB::110+04176,30,AM,corridor_period,3.757103999139744,1.0094457287524636,1.7168521371161374,0.2709321937793779,1.310623239603198,0.2734913457921278,66,0.9313614550332748,0.037513794495527,0.1856263676003,5.202271707375806,False,False,high,110+04176,31334,34841,34844,mapped_primary_link
corridor-1869e5ea5c5d446f8d13ba2986d868c6,daily,state_transition,I66_WB,I66_WB::110+04176,30,MD,sensor_period,7.536562557735114,1.0000000033721623,1.2893735422392258,0.05,0.7607398168390539,0.0500000001686081,6,0.9328323765388222,-0.1534040507109662,0.4389082770024901,3.929791755867468,True,True,low,110+04176,31334,34841,34844,mapped_primary_link
corridor-1869e5ea5c5d446f8d13ba2986d868c6,daily,state_transition,I66_WB,I66_WB::110+04176,30,PM,sensor_period,4.78935552810469,1.0000000000041218,1.7706912874478424,0.0500000000399844,1.02130493913194,0.0500000000401905,16,0.8798977867015687,0.0053177930368755,0.310452658707917,2.762708299174576,True,True,low,110+04176,31334,34841,34844,mapped_primary_link
corridor-1869e5ea5c5d446f8d13ba2986d868c6,daily,state_transition,I66_WB,I66_WB::110+04179,32,PM,sensor_period,4.137005261358542,1.0241601788520989,0.0404710899638271,2.248613194920956,0.525813909263737,2.302940091879436,3,0.993372326899153,0.3101085505711937,0.0253841900998788,2.679155824993177,False,False,low,110+04179,31368,34867,34871,mapped_primary_link
corridor-1869e5ea5c5d446f8d13ba2986d868c6,daily,state_transition,I66_WB,I66_WB::110P04167,39,AM,sensor_period,3.8618206131219193,1.0587468017667672,1.8062220955188628,0.4326935740999601,1.728506623457959,0.4581129377233645,10,0.9334967287476196,0.1678342101579748,0.0818039832145769,1.054864749487323,False,False,high,110P04167,26055,30136,30150,mapped_primary_link
corridor-1869e5ea5c5d446f8d13ba2986d868c6,daily,state_transition,I66_WB,I66_WB::110P04167,39,MD,corridor_period,7.331746158863082,1.0371279115310013,0.9840484042095894,0.2796825339496047,0.9162175219125644,0.2900665623268518,57,0.9698197144060664,0.0914037736244549,0.2257359238220697,4.521491361192114,False,False,high,110P04167,26055,30136,30150,mapped_primary_link
corridor-1869e5ea5c5d446f8d13ba2986d868c6,daily,state_transition,I66_WB,I66_WB::110P04168,40,AM,sensor_period,4.507967317019663,1.3884952485081008,1.4415024858746734,0.6927833284837713,2.18213236335311,0.9619263598453432,14,0.9703328018636768,0.3089047798041106,0.0560427297497142,1.2703716573519075,False,False,high,110P04168,26101,30150,30234,mapped_primary_link
corridor-1869e5ea5c5d446f8d13ba2986d868c6,daily,state_transition,I66_WB,I66_WB::110P04168,40,MD,sensor_period,7.41013167447087,1.0407073690121833,0.3768014461056946,1.344879425996717,2.971134278351649,1.3996259290676585,6,0.9709505423048108,0.5344905166644052,0.0754913157206166,2.2747598328733685,False,False,medium,110P04168,26101,30150,30234,mapped_primary_link
corridor-1869e5ea5c5d446f8d13ba2986d868c6,daily,state_transition,I66_WB,I66_WB::110P04166,42,AM,sensor_period,4.030165696649413,1.0978562691322875,1.4132344818482596,0.611012288042708,1.7663334143844025,0.6708036709445501,9,0.8415504369279534,0.2596590996548701,0.2319366395089023,2.5207211641282994,False,False,medium,110P04166,26299,30208,30230,mapped_primary_link
corridor-1869e5ea5c5d446f8d13ba2986d868c6,daily,state_transition,I66_WB,I66_WB::110P04166,42,MD,sensor_period,7.367040088097297,1.0000000000000002,1.8238117256042985,0.0500000000000352,1.0748389181318612,0.0500000000000353,9,0.9622973919397568,-0.0613862608576736,0.1514071221218534,1.2429343115897913,True,True,low,110P04166,26299,30208,30230,mapped_primary_link
corridor-1869e5ea5c5d446f8d13ba2986d868c6,daily,state_transition,I66_WB,I66_WB::110P04164,44,MD,corridor_period,7.331746158863082,1.0371279115310013,0.9840484042095894,0.2796825339496047,0.9162175219125644,0.2900665623268518,57,0.9698197144060664,0.0914037736244549,0.2257359238220697,4.521491361192114,False,False,high,110P04164,26304,30210,30113,mapped_primary_link
corridor-1869e5ea5c5d446f8d13ba2986d868c6,daily,state_transition,I66_WB,I66_WB::110P04178,51,PM,sensor_period,4.18572456704673,1.0000000000000002,0.0902450302628508,0.97917743789859,0.195544593109414,0.9791774378985904,21,0.8939028867942231,0.0315192667853522,0.2589062471688113,4.983731051034901,True,False,low,110P04178,32031,35178,35179,mapped_primary_link
corridor-1869e5ea5c5d446f8d13ba2986d868c6,daily,state_transition,I66_WB,I66_WB::110P04177,54,PM,sensor_period,4.718289033795249,1.0000000000000004,1.5337858801765956,0.0500000000000017,0.884000865879928,0.0500000000000017,21,0.9258802794082732,-0.0092973049773328,0.2297271982955865,1.9522784976543024,True,True,low,110P04177,35781,36685,34853,mapped_primary_link
corridor-1869e5ea5c5d446f8d13ba2986d868c6,daily,state_transition,I66_WB,I66_WB::110P04175,56,PM,corridor_period,4.680202344748693,1.00000000012607,0.4467800226639773,0.6918213034898444,0.693099880011026,0.6918213035770623,201,0.9040464248391656,0.141789063055804,0.536071749961486,7.080326548802819,True,False,low,110P04175,32573,35483,34841,mapped_primary_link
corridor-1869e5ea5c5d446f8d13ba2986d868c6,daily,state_transition,I66_WB,I66_WB::110P04170,59,MD,corridor_period,7.331746158863082,1.0371279115310013,0.9840484042095894,0.2796825339496047,0.9162175219125644,0.2900665623268518,57,0.9698197144060664,0.0914037736244549,0.2257359238220697,4.521491361192114,False,False,high,110P04170,26177,30172,30057,mapped_primary_link
corridor-1869e5ea5c5d446f8d13ba2986d868c6,daily,state_transition,I66_WB,I66_WB::110P04171,60,AM,corridor_period,3.757103999139744,1.0094457287524636,1.7168521371161374,0.2709321937793779,1.310623239603198,0.2734913457921278,66,0.9313614550332748,0.037513794495527,0.1856263676003,5.202271707375806,False,False,high,110P04171,25785,30057,34017,mapped_primary_link
corridor-1869e5ea5c5d446f8d13ba2986d868c6,daily,state_transition,I66_WB,I66_WB::110P04171,60,MD,sensor_period,8.904394155064894,1.2031541762668687,0.5409062406061653,1.1357278886169828,3.456311631378247,1.366455752292276,3,0.9934341118875878,0.8850266834501834,0.0286484906068632,0.8818222775327408,False,False,low,110P04171,25785,30057,34017,mapped_primary_link
corridor-1869e5ea5c5d446f8d13ba2986d868c6,daily,state_transition,I66_WB,I66_WB::110P04183,65,PM,sensor_period,5.043372335531912,1.0521258143636592,0.1860487330914794,1.431891510428054,1.0065740379921404,1.5065300214895263,19,0.8372168374160694,0.4659318564667841,0.3131704458431511,2.004754426273763,False,False,high,110P04183,31414,34907,34909,mapped_primary_link
corridor-1869e5ea5c5d446f8d13ba2986d868c6,daily,state_transition,I66_WB,I66_WB::110P04184,66,PM,corridor_period,4.680202344748693,1.00000000012607,0.4467800226639773,0.6918213034898444,0.693099880011026,0.6918213035770623,201,0.9040464248391656,0.141789063055804,0.536071749961486,7.080326548802819,True,False,low,110P04184,39145,40372,40375,mapped_primary_link
corridor-1869e5ea5c5d446f8d13ba2986d868c6,daily,state_transition,I66_WB,I66_WB::110P04181,68,PM,sensor_period,4.6544598324672775,1.082930716187972,0.1289863946484685,2.024479999625973,1.5474999550677002,2.1923715759031803,11,0.932931330069275,0.6014155630975881,0.3087673604459078,6.159264889728897,False,False,high,110P04181,32037,35182,35183,mapped_primary_link
corridor-1869e5ea5c5d446f8d13ba2986d868c6,daily,state_transition,I66_WB,I66_WB::110P04182,69,PM,sensor_period,4.936908702362278,1.0000000000000002,0.1658593900383089,1.4334998525222171,0.8725826422673669,1.4334998525222176,22,0.6619934443476965,0.4789515564867522,0.3570636729808129,2.704774064565904,True,False,low,110P04182,31388,34885,35184,mapped_primary_link
corridor-1869e5ea5c5d446f8d13ba2986d868c6,daily,state_transition,I66_WB,I66_WB::110P04180,73,PM,corridor_period,4.680202344748693,1.00000000012607,0.4467800226639773,0.6918213034898444,0.693099880011026,0.6918213035770623,201,0.9040464248391656,0.141789063055804,0.536071749961486,7.080326548802819,True,False,low,110P04180,31381,34879,36690,mapped_primary_link
corridor-c0ebedd8e16748a787e10f085731c708,daily,state_transition,I95_NB,I95_NB::110+04156,1,AM,sensor_period,3.2544306731781383,1.0000001313409808,0.4322588163798737,0.436266146384826,0.385760798444518,0.4362662036844495,12,0.954503659744523,0.1471723532781998,0.197283292064806,3.158130543827716,True,False,low,110+04156,32079,35205,34220,mapped_primary_link
corridor-c0ebedd8e16748a787e10f085731c708,daily,state_transition,I95_NB,I95_NB::110+04156,1,MD,sensor_period,6.48634925877707,1.0335843488951593,0.3440869425568189,0.2482151018054308,0.2918889570152378,0.2565512443855118,8,0.9928023438957452,0.1095891520364903,0.2431617162768161,7.670031791524996,False,False,medium,110+04156,32079,35205,34220,mapped_primary_link
corridor-c0ebedd8e16748a787e10f085731c708,daily,state_transition,I95_NB,I95_NB::110+04156,1,PM,sensor_period,4.475541435908432,1.0000000000000002,1.4724118131156614,0.0500000000077527,0.8463895646089535,0.0500000000077527,6,0.9243851023210878,-0.0483880444535524,0.3588615646867149,7.140070660113571,True,True,low,110+04156,32079,35205,34220,mapped_primary_link
corridor-c0ebedd8e16748a787e10f085731c708,daily,state_transition,I95_NB,I95_NB::110+04155,2,AM,sensor_period,3.340759171399281,1.0917139161631102,0.2441318236877866,1.1185242636781048,0.5018300407023624,1.221108504223483,16,0.9870876563977564,0.0832756532580285,0.0903243196777356,4.158176059759039,False,False,high,110+04155,32269,35283,35206,mapped_primary_link
corridor-c0ebedd8e16748a787e10f085731c708,daily,state_transition,I95_NB,I95_NB::110+04155,2,MD,sensor_period,7.252155906633414,1.0239951356365693,0.7007649602876064,0.489296940463309,0.985360255556078,0.5010376869162845,8,0.9726447023276829,0.4017584223941082,0.4215478362398849,4.275335396778207,False,False,medium,110+04155,32269,35283,35206,mapped_primary_link
corridor-c0ebedd8e16748a787e10f085731c708,daily,state_transition,I95_NB,I95_NB::110+04155,2,PM,sensor_period,4.766488780132122,1.0784447141859668,0.9725425941365008,0.3656758302576037,0.9181384727789834,0.3943611662468775,5,0.9994028423538084,0.5131499682004353,0.0567860131496746,2.238018054340645,False,False,medium,110+04155,32269,35283,35206,mapped_primary_link
corridor-c0ebedd8e16748a787e10f085731c708,daily,state_transition,I95_NB,I95_NB::110+04154,3,AM,sensor_period,3.562527405727605,1.0516854798512938,0.1450423197939141,2.077787394420449,1.0837515381718397,2.185178832930039,16,0.9142886556867832,0.5609447241292695,0.2221790726881056,5.35542765431276,False,False,high,110+04154,29213,34182,35208,mapped_primary_link
corridor-c0ebedd8e16748a787e10f085731c708,daily,state_transition,I95_NB,I95_NB::110+04154,3,MD,sensor_period,6.636361780185555,1.000004505234659,0.276093481811546,1.1096664715907696,1.2026052735795836,1.1096714708986173,5,0.9788133921033364,-0.2410784008448694,0.0861122103062755,6.177841242035852,True,False,low,110+04154,29213,34182,35208,mapped_primary_link
corridor-c0ebedd8e16748a787e10f085731c708,daily,state_transition,I95_NB,I95_NB::110+04154,3,PM,corridor_period,4.619542709215589,1.0381076159372595,0.6074976960972349,0.4754875024567034,0.6707363998329369,0.4936071975832902,141,0.953345185239731,0.1722808101469956,0.6012606645821363,7.254630900170693,False,False,high,110+04154,29213,34182,35208,mapped_primary_link
corridor-c0ebedd8e16748a787e10f085731c708,daily,state_transition,I95_NB,I95_NB::110+04153,4,AM,sensor_period,3.784468640533416,1.2110609958875418,0.5775174763533734,1.153435863547925,1.4297346826360584,1.3968811856007568,3,0.999354791693902,0.3369071151525004,0.0107933286875082,3.346456250517141,False,False,low,110+04153,29011,34116,35210,mapped_primary_link
corridor-c0ebedd8e16748a787e10f085731c708,daily,state_transition,I95_NB,I95_NB::110+04158,6,AM,sensor_period,3.2404218484596656,1.0310415547836145,0.0108465987205303,2.8078143478251323,0.1570242270421635,2.894973270725365,6,0.8322363465600916,0.0558078170492902,0.3816125933309976,8.902320991291267,False,False,medium,110+04158,29990,34411,35204,mapped_primary_link
corridor-c0ebedd8e16748a787e10f085731c708,daily,state_transition,I95_NB,I95_NB::110+04158,6,MD,corridor_period,7.213738162974029,1.057906336079932,0.3426174588181722,0.9095091487771224,1.1023333060435334,0.9621754912139832,72,0.971896031987909,0.3917514782429575,0.5487923070940042,7.528764661131811,False,False,high,110+04158,29990,34411,35204,mapped_primary_link
corridor-c0ebedd8e16748a787e10f085731c708,daily,state_transition,I95_NB,I95_NB::110+04158,6,PM,sensor_period,4.26139180659449,1.0478000174540234,0.1366604870653782,1.4327602126482746,0.5816181962660634,1.5012461758202924,3,0.9904252670469474,0.4354288978881157,0.061020547846774,4.06501615145202,False,False,low,110+04158,29990,34411,35204,mapped_primary_link
corridor-c0ebedd8e16748a787e10f085731c708,daily,state_transition,I95_NB,I95_NB::110+04152,8,AM,sensor_period,3.254722267841277,1.0000000000000002,0.2530158545752086,0.457785174592176,0.2316155670140715,0.4577851745921761,18,0.9375917552651,-0.0322521576400434,0.2326492403700779,5.082054013549708,True,False,low,110+04152,39088,40326,40273,mapped_primary_link
corridor-c0ebedd8e16748a787e10f085731c708,daily,state_transition,I95_NB,I95_NB::110+04152,8,MD,sensor_period,6.488823346579205,1.02109719699711,0.2729160248312743,0.4691181462836079,0.3499689787974835,0.4790152242306723,4,0.9999969450765946,0.6837844171183143,0.0100613188839639,3.491491643260393,False,False,low,110+04152,39088,40326,40273,mapped_primary_link
corridor-c0ebedd8e16748a787e10f085731c708,daily,state_transition,I95_NB,I95_NB::110+04152,8,PM,sensor_period,4.419971366571925,1.006775496048249,0.3556514294180452,0.4036089565133508,0.3455575288237672,0.4063436074032449,12,0.9897684038228908,0.463658714992786,0.268441450111565,2.9566657600779536,False,False,high,110+04152,39088,40326,40273,mapped_primary_link
corridor-c0ebedd8e16748a787e10f085731c708,daily,state_transition,I95_NB,I95_NB::110+04151,9,AM,sensor_period,3.6431446960998577,1.078618851098463,0.4684769524841359,0.9127662687459188,0.8131743950492826,0.9845269041161538,15,0.9484165037493316,0.1497587357656391,0.2263616713926275,7.969853717519513,False,False,high,110+04151,39082,40322,40015,mapped_primary_link
corridor-c0ebedd8e16748a787e10f085731c708,daily,state_transition,I95_NB,I95_NB::110+04151,9,MD,corridor_period,7.213738162974029,1.057906336079932,0.3426174588181722,0.9095091487771224,1.1023333060435334,0.9621754912139832,72,0.971896031987909,0.3917514782429575,0.5487923070940042,7.528764661131811,False,False,high,110+04151,39082,40322,40015,mapped_primary_link
corridor-c0ebedd8e16748a787e10f085731c708,daily,state_transition,I95_NB,I95_NB::110+04151,9,PM,sensor_period,4.882427396377048,1.0075140767592587,1.362694948772203,0.0744789564390436,0.8178737118865698,0.0750385970346761,11,0.9682499624626436,-0.0465677205115266,0.4410979242673586,3.6642269492064,False,False,high,110+04151,39082,40322,40015,mapped_primary_link
corridor-c0ebedd8e16748a787e10f085731c708,daily,state_transition,I95_NB,I95_NB::110+04150,10,AM,corridor_period,3.4112545530850187,1.0000000000000826,0.5335531905207515,0.5527909683071137,0.5607464931013216,0.5527909683071593,187,0.9282090903094994,0.0615592161457506,0.3366620231051992,8.457444420904,True,False,low,110+04150,38995,40286,40046,mapped_primary_link
corridor-c0ebedd8e16748a787e10f085731c708,daily,state_transition,I95_NB,I95_NB::110+04150,10,MD,sensor_period,8.772703816263784,1.119856550435523,2.3268966383970167,0.05,1.3833513348088426,0.0559928275217761,3,0.938916998850188,-0.0515980812068819,0.4200738069931036,2.9970886690341594,False,True,low,110+04150,38995,40286,40046,mapped_primary_link
corridor-c0ebedd8e16748a787e10f085731c708,daily,state_transition,I95_NB,I95_NB::110+04150,10,PM,sensor_period,5.164716436221205,1.1701472538219044,1.2427459073211995,0.3859990800725054,1.24915507174029,0.4516757635246236,6,0.9821821367712608,0.8324630339660877,0.2477974451047258,0.6205676378681384,False,False,medium,110+04150,38995,40286,40046,mapped_primary_link
corridor-c0ebedd8e16748a787e10f085731c708,daily,state_transition,I95_NB,I95_NB::110+04149,11,AM,corridor_period,3.4112545530850187,1.0000000000000826,0.5335531905207515,0.5527909683071137,0.5607464931013216,0.5527909683071593,187,0.9282090903094994,0.0615592161457506,0.3366620231051992,8.457444420904,True,False,low,110+04149,39090,40328,40324,mapped_primary_link
corridor-c0ebedd8e16748a787e10f085731c708,daily,state_transition,I95_NB,I95_NB::110+04149,11,MD,corridor_period,7.213738162974029,1.057906336079932,0.3426174588181722,0.9095091487771224,1.1023333060435334,0.9621754912139832,72,0.971896031987909,0.3917514782429575,0.5487923070940042,7.528764661131811,False,False,high,110+04149,39090,40328,40324,mapped_primary_link
corridor-c0ebedd8e16748a787e10f085731c708,daily,state_transition,I95_NB,I95_NB::110+04149,11,PM,sensor_period,4.343342347323957,1.0000000001675584,0.1542563560106209,0.8208517534435704,0.2746634024737536,0.8208517535811111,4,0.9776673627253524,-0.4446209224321109,0.2280201112951201,12.87608984993314,True,False,low,110+04149,39090,40328,40324,mapped_primary_link
corridor-c0ebedd8e16748a787e10f085731c708,daily,state_transition,I95_NB,I95_NB::110+04148,12,AM,corridor_period,3.4112545530850187,1.0000000000000826,0.5335531905207515,0.5527909683071137,0.5607464931013216,0.5527909683071593,187,0.9282090903094994,0.0615592161457506,0.3366620231051992,8.457444420904,True,False,low,110+04148,39001,40290,40145,mapped_primary_link
corridor-c0ebedd8e16748a787e10f085731c708,daily,state_transition,I95_NB,I95_NB::110+04148,12,MD,corridor_period,7.213738162974029,1.057906336079932,0.3426174588181722,0.9095091487771224,1.1023333060435334,0.9621754912139832,72,0.971896031987909,0.3917514782429575,0.5487923070940042,7.528764661131811,False,False,high,110+04148,39001,40290,40145,mapped_primary_link
corridor-c0ebedd8e16748a787e10f085731c708,daily,state_transition,I95_NB,I95_NB::110+04148,12,PM,sensor_period,4.241507749040981,1.0000000260184498,0.2621934137508205,0.4452516411241547,0.2660877822015992,0.4452516527089122,13,0.9981394105545648,0.0961194168190064,0.1145505765478441,4.6546502997345005,True,False,low,110+04148,39001,40290,40145,mapped_primary_link
corridor-c0ebedd8e16748a787e10f085731c708,daily,state_transition,I95_NB,I95_NB::110+04147,13,MD,corridor_period,7.213738162974029,1.057906336079932,0.3426174588181722,0.9095091487771224,1.1023333060435334,0.9621754912139832,72,0.971896031987909,0.3917514782429575,0.5487923070940042,7.528764661131811,False,False,high,110+04147,38200,40023,40291,mapped_primary_link
corridor-c0ebedd8e16748a787e10f085731c708,daily,state_transition,I95_NB,I95_NB::110+04147,13,PM,sensor_period,4.437685634727998,1.073571998823882,0.2903707575400007,0.8484585370705194,0.5483237929809305,0.9108813275619844,9,0.9897703997440302,0.4611912228422211,0.2670637493729214,4.869174131137922,False,False,medium,110+04147,38200,40023,40291,mapped_primary_link
corridor-c0ebedd8e16748a787e10f085731c708,daily,state_transition,I95_NB,I95_NB::110P04147,15,AM,corridor_period,3.4112545530850187,1.0000000000000826,0.5335531905207515,0.5527909683071137,0.5607464931013216,0.5527909683071593,187,0.9282090903094994,0.0615592161457506,0.3366620231051992,8.457444420904,True,False,low,110P04147,39003,40291,40290,mapped_primary_link
corridor-c0ebedd8e16748a787e10f085731c708,daily,state_transition,I95_NB,I95_NB::110P04147,15,MD,sensor_period,7.647489382479589,1.0000000002948994,3.626487496889234,0.0500000018141368,2.141217864690779,0.0500000018288818,3,0.6794263031859618,-0.1474668988634517,0.3057787788103699,4.663422203346367,True,True,low,110P04147,39003,40291,40290,mapped_primary_link
corridor-c0ebedd8e16748a787e10f085731c708,daily,state_transition,I95_NB,I95_NB::110P04147,15,PM,sensor_period,4.675215502129337,1.0596568644093385,0.4979593856090396,0.7265274519837567,0.8143702971049702,0.7698698016764138,11,0.9822363971529092,0.5138308971656518,0.3617708047805723,4.383136522511988,False,False,high,110P04147,39003,40291,40290,mapped_primary_link
corridor-c0ebedd8e16748a787e10f085731c708,daily,state_transition,I95_NB,I95_NB::110P04148,16,AM,corridor_period,3.4112545530850187,1.0000000000000826,0.5335531905207515,0.5527909683071137,0.5607464931013216,0.5527909683071593,187,0.9282090903094994,0.0615592161457506,0.3366620231051992,8.457444420904,True,False,low,110P04148,39000,40289,40288,mapped_primary_link
corridor-c0ebedd8e16748a787e10f085731c708,daily,state_transition,I95_NB,I95_NB::110P04148,16,MD,corridor_period,7.213738162974029,1.057906336079932,0.3426174588181722,0.9095091487771224,1.1023333060435334,0.9621754912139832,72,0.971896031987909,0.3917514782429575,0.5487923070940042,7.528764661131811,False,False,high,110P04148,39000,40289,40288,mapped_primary_link
corridor-c0ebedd8e16748a787e10f085731c708,daily,state_transition,I95_NB,I95_NB::110P04148,16,PM,corridor_period,4.619542709215589,1.0381076159372595,0.6074976960972349,0.4754875024567034,0.6707363998329369,0.4936071975832902,141,0.953345185239731,0.1722808101469956,0.6012606645821363,7.254630900170693,False,False,high,110P04148,39000,40289,40288,mapped_primary_link
corridor-c0ebedd8e16748a787e10f085731c708,daily,state_transition,I95_NB,I95_NB::110P04146,17,AM,corridor_period,3.4112545530850187,1.0000000000000826,0.5335531905207515,0.5527909683071137,0.5607464931013216,0.5527909683071593,187,0.9282090903094994,0.0615592161457506,0.3366620231051992,8.457444420904,True,False,low,110P04146,47687,51085,40023,mapped_primary_link
corridor-c0ebedd8e16748a787e10f085731c708,daily,state_transition,I95_NB,I95_NB::110P04146,17,MD,corridor_period,7.213738162974029,1.057906336079932,0.3426174588181722,0.9095091487771224,1.1023333060435334,0.9621754912139832,72,0.971896031987909,0.3917514782429575,0.5487923070940042,7.528764661131811,False,False,high,110P04146,47687,51085,40023,mapped_primary_link
corridor-c0ebedd8e16748a787e10f085731c708,daily,state_transition,I95_NB,I95_NB::110P04146,17,PM,sensor_period,4.791784769778251,1.0187625995786125,0.5158299949851866,0.8321466028291153,1.0133951909795325,0.8477598363287006,9,0.9954128952906742,0.6237486230135887,0.2020840762418576,3.772556198986278,False,False,medium,110P04146,47687,51085,40023,mapped_primary_link
corridor-c0ebedd8e16748a787e10f085731c708,daily,state_transition,I95_NB,I95_NB::110P04159,19,AM,sensor_period,3.470446615639444,1.0000000000000002,0.4213758578496135,1.76346798951365,2.016604242367656,1.7634679895136505,4,0.4343790636704695,-0.0454321362299348,0.1558974810826317,8.540716870400258,True,False,low,110P04159,32580,35488,34034,mapped_primary_link
corridor-c0ebedd8e16748a787e10f085731c708,daily,state_transition,I95_NB,I95_NB::110P04159,19,MD,corridor_period,7.213738162974029,1.057906336079932,0.3426174588181722,0.9095091487771224,1.1023333060435334,0.9621754912139832,72,0.971896031987909,0.3917514782429575,0.5487923070940042,7.528764661131811,False,False,high,110P04159,32580,35488,34034,mapped_primary_link
corridor-c0ebedd8e16748a787e10f085731c708,daily,state_transition,I95_NB,I95_NB::110P04159,19,PM,corridor_period,4.619542709215589,1.0381076159372595,0.6074976960972349,0.4754875024567034,0.6707363998329369,0.4936071975832902,141,0.953345185239731,0.1722808101469956,0.6012606645821363,7.254630900170693,False,False,high,110P04159,32580,35488,34034,mapped_primary_link
corridor-c0ebedd8e16748a787e10f085731c708,daily,state_transition,I95_NB,I95_NB::110P04156,20,AM,sensor_period,3.144544076138668,1.0000002334693137,0.0656147410206622,1.5913213567086089,0.2166577953906839,1.591321728233314,17,0.9456142319147104,0.2002969476770942,0.2008541366221131,7.36707766652054,True,False,low,110P04156,32264,35280,35667,mapped_primary_link
corridor-c0ebedd8e16748a787e10f085731c708,daily,state_transition,I95_NB,I95_NB::110P04156,20,MD,sensor_period,6.42376402320415,1.0425333316079493,0.023018811928132,4.0,20.904507854322105,4.170133326431796,3,0.9999151694914238,0.7782542682681776,0.0018800543938958,2.1209148284171024,False,True,low,110P04156,32264,35280,35667,mapped_primary_link
corridor-c0ebedd8e16748a787e10f085731c708,daily,state_transition,I95_NB,I95_NB::110P04156,20,PM,sensor_period,4.241934802885964,1.0000001089101165,0.1773269300951064,1.0394277183465004,0.4246985996444177,1.039427831550694,10,0.988529273225959,-0.0978000898599897,0.1669761517856771,9.662627520641948,True,False,low,110P04156,32264,35280,35667,mapped_primary_link
corridor-c0ebedd8e16748a787e10f085731c708,daily,state_transition,I95_NB,I95_NB::110P04157,21,AM,sensor_period,3.114728024842384,1.0000002242972337,0.0699591271154268,1.7577471328254282,0.2748849290220579,1.7577475270832472,13,0.9631671812808832,0.3129640499982876,0.1924149713065472,7.926357856097828,True,False,low,110P04157,32832,35667,34411,mapped_primary_link
corridor-c0ebedd8e16748a787e10f085731c708,daily,state_transition,I95_NB,I95_NB::110P04157,21,MD,corridor_period,7.213738162974029,1.057906336079932,0.3426174588181722,0.9095091487771224,1.1023333060435334,0.9621754912139832,72,0.971896031987909,0.3917514782429575,0.5487923070940042,7.528764661131811,False,False,high,110P04157,32832,35667,34411,mapped_primary_link
corridor-c0ebedd8e16748a787e10f085731c708,daily,state_transition,I95_NB,I95_NB::110P04157,21,PM,sensor_period,4.5200501610398485,1.0786169826319745,0.5016525385271505,0.630130724254236,0.6921936893810713,0.6796697004588046,7,0.9893672709880196,0.0852465786425684,0.1349088994114369,8.397494603277629,False,False,medium,110P04157,32832,35667,34411,mapped_primary_link
corridor-c0ebedd8e16748a787e10f085731c708,daily,state_transition,I95_NB,I95_NB::110P04154,22,AM,sensor_period,3.6178629768943753,1.0058266411642265,0.4028601376255016,1.174283775193243,0.9726000370962726,1.181125905376267,15,0.9063928207927444,0.414329735650856,0.2785497276342687,6.094960905259523,False,False,high,110P04154,32082,35207,34193,mapped_primary_link
corridor-c0ebedd8e16748a787e10f085731c708,daily,state_transition,I95_NB,I95_NB::110P04154,22,MD,sensor_period,7.351570791491716,1.0000000005247716,0.9099570740724408,0.4585240672440213,1.211367117933216,0.4585240674846417,7,0.986379418974173,0.2263664148680305,0.1718558207996958,5.028315108001583,True,False,low,110P04154,32082,35207,34193,mapped_primary_link
corridor-c0ebedd8e16748a787e10f085731c708,daily,state_transition,I95_NB,I95_NB::110P04154,22,PM,corridor_period,4.619542709215589,1.0381076159372595,0.6074976960972349,0.4754875024567034,0.6707363998329369,0.4936071975832902,141,0.953345185239731,0.1722808101469956,0.6012606645821363,7.254630900170693,False,False,high,110P04154,32082,35207,34193,mapped_primary_link
corridor-c0ebedd8e16748a787e10f085731c708,daily,state_transition,I95_NB,I95_NB::110P04155,23,AM,sensor_period,3.247606180552891,1.0302299427253907,0.4088140045033566,0.683254059371755,0.4875871308403493,0.7039087904534538,14,0.9836231803273974,0.3176272153223048,0.1333476340740303,3.523939010756812,False,False,high,110P04155,32081,35206,35205,mapped_primary_link
corridor-c0ebedd8e16748a787e10f085731c708,daily,state_transition,I95_NB,I95_NB::110P04155,23,MD,sensor_period,6.913926929766352,1.0548019381489997,0.4054755945540234,0.5621793545265049,0.6412677288560955,0.592987872741911,11,0.9946745943969276,0.4606481395273277,0.3069851363615662,5.59871281432848,False,False,high,110P04155,32081,35206,35205,mapped_primary_link
corridor-c0ebedd8e16748a787e10f085731c708,daily,state_transition,I95_NB,I95_NB::110P04155,23,PM,sensor_period,4.68269415955201,1.0687991873026144,0.5875162181816322,0.6515870695082495,0.8568503469267753,0.6964157303473092,7,0.9852470745051848,0.3778633820984189,0.2604194602162623,3.861026864298268,False,False,medium,110P04155,32081,35206,35205,mapped_primary_link
corridor-c0ebedd8e16748a787e10f085731c708,daily,state_transition,I95_NB,I95_NB::110P04153,25,AM,sensor_period,4.416538998945928,1.2835164118063858,0.1099857460942906,2.8531661551746117,4.063136959810042,3.6620855857771386,6,0.8856903359325121,0.7149561814364407,0.2555219314020552,5.886957113723439,False,False,medium,110P04153,32087,35210,35209,mapped_primary_link
corridor-c0ebedd8e16748a787e10f085731c708,daily,state_transition,I95_NB,I95_NB::110P04150,26,AM,sensor_period,3.59336385508398,1.0695673678852886,0.072795143039818,3.487443219690113,3.3603151327675493,3.730055465133351,4,0.938524447206705,0.8992891337018909,0.1073623125158116,2.1853638201146155,False,False,low,110P04150,38196,40021,40211,mapped_primary_link
corridor-c0ebedd8e16748a787e10f085731c708,daily,state_transition,I95_NB,I95_NB::110P04150,26,MD,sensor_period,7.677818446729766,1.0000000006736598,2.458367908316221,0.05,1.451802359303715,0.050000000033683,3,0.980793606485502,-0.0704644404715237,0.3024849164162484,1.7268413064819208,True,True,low,110P04150,38196,40021,40211,mapped_primary_link
corridor-c0ebedd8e16748a787e10f085731c708,daily,state_transition,I95_NB,I95_NB::110P04150,26,PM,sensor_period,5.462941882598574,1.162730140127501,0.9935198300797478,0.5176623155026672,1.2761837749153662,0.6019015766431428,9,0.9826870837618732,0.8282919003219464,0.3527367669096474,1.3058775731834824,False,False,medium,110P04150,38196,40021,40211,mapped_primary_link
corridor-c0ebedd8e16748a787e10f085731c708,daily,state_transition,I95_NB,I95_NB::110P04151,27,AM,sensor_period,3.67928865683009,1.0000000147959975,1.5567321211878966,0.05,0.8861368715596651,0.0500000007397998,19,0.9731615286833046,-0.0350451342549626,0.23389843239402,3.1139794832106604,True,True,low,110P04151,40985,41028,40219,mapped_primary_link
corridor-c0ebedd8e16748a787e10f085731c708,daily,state_transition,I95_NB,I95_NB::110P04151,27,MD,corridor_period,7.213738162974029,1.057906336079932,0.3426174588181722,0.9095091487771224,1.1023333060435334,0.9621754912139832,72,0.971896031987909,0.3917514782429575,0.5487923070940042,7.528764661131811,False,False,high,110P04151,40985,41028,40219,mapped_primary_link
corridor-c0ebedd8e16748a787e10f085731c708,daily,state_transition,I95_NB,I95_NB::110P04151,27,PM,sensor_period,5.00076316933067,1.041350188994813,1.3323042839323032,0.1187684520949733,0.8602518397409351,0.1236795500357218,13,0.9804140181271596,-0.0062169030856331,0.4494303966134889,3.300787593662613,False,False,high,110P04151,40985,41028,40219,mapped_primary_link
corridor-3076b48da7ee4a36b6dbc75c5d648214,daily,state_transition,I95_SB,I95_SB::110N04149,1,MD,corridor_period,8.013192273602918,1.169626043474281,0.4671907427126404,0.8716133630890047,1.528487753870636,1.0194616893091044,68,0.9049539832447784,0.3187846452830603,1.2748011919963729,7.8675906539123,False,False,high,110N04149,38973,40276,40325,mapped_primary_link
corridor-3076b48da7ee4a36b6dbc75c5d648214,daily,state_transition,I95_SB,I95_SB::110N04149,1,PM,sensor_period,4.616443846178282,1.0253764005301145,0.2710887531206688,1.352999891156331,1.1452974152429738,1.387334158311515,7,0.8855935478651031,0.3389389264578172,0.1855766066026581,4.538056861060982,False,False,medium,110N04149,38973,40276,40325,mapped_primary_link
corridor-3076b48da7ee4a36b6dbc75c5d648214,daily,state_transition,I95_SB,I95_SB::110N04146,2,MD,sensor_period,6.994283215883609,1.0000000000001237,1.1269053937101174,0.0500000000002255,0.6624046099069755,0.0500000000002317,3,0.8790337196708241,-0.2576120515830098,0.3549740018783885,8.73209881295631,True,True,low,110N04146,38965,40272,51086,mapped_primary_link
corridor-3076b48da7ee4a36b6dbc75c5d648214,daily,state_transition,I95_SB,I95_SB::110N04146,2,PM,sensor_period,4.499631690067181,1.0000002539151005,0.1559894861967548,1.5326012730897085,0.8339766789597486,1.5326016622403145,8,0.8640218358421812,0.5715063814131942,0.1868798525015532,3.55942464650696,True,False,low,110N04146,38965,40272,51086,mapped_primary_link
corridor-3076b48da7ee4a36b6dbc75c5d648214,daily,state_transition,I95_SB,I95_SB::110N04147,3,MD,corridor_period,8.013192273602918,1.169626043474281,0.4671907427126404,0.8716133630890047,1.528487753870636,1.0194616893091044,68,0.9049539832447784,0.3187846452830603,1.2748011919963729,7.8675906539123,False,False,high,110N04147,38986,40282,40284,mapped_primary_link
corridor-3076b48da7ee4a36b6dbc75c5d648214,daily,state_transition,I95_SB,I95_SB::110N04147,3,PM,sensor_period,4.495086565080526,1.0000000002021,0.1341275778504668,1.6265620765898916,0.8245856709333607,1.6265620769186195,11,0.796502901081773,0.2527878591371556,0.2217937792716941,6.461541288444956,True,False,low,110N04147,38986,40282,40284,mapped_primary_link
corridor-3076b48da7ee4a36b6dbc75c5d648214,daily,state_transition,I95_SB,I95_SB::110N04148,4,MD,sensor_period,6.958185302450156,1.000000140290852,1.0861881827098168,0.2662978647144182,0.9710882174089008,0.2662979020735725,5,0.9942807845462596,0.0987495225532006,0.1417851978166166,2.5754264469803845,True,False,low,110N04148,38977,40278,40280,mapped_primary_link
corridor-3076b48da7ee4a36b6dbc75c5d648214,daily,state_transition,I95_SB,I95_SB::110N04148,4,PM,sensor_period,4.633656842487408,1.000000015255099,0.2876056892171291,1.2934447980044346,1.114633171098777,1.293444817736063,4,0.7585530632499651,0.2877727734274965,0.3176747933732564,4.389554175202447,True,False,low,110N04148,38977,40278,40280,mapped_primary_link
corridor-3076b48da7ee4a36b6dbc75c5d648214,daily,state_transition,I95_SB,I95_SB::110N04156,5,MD,corridor_period,8.013192273602918,1.169626043474281,0.4671907427126404,0.8716133630890047,1.528487753870636,1.0194616893091044,68,0.9049539832447784,0.3187846452830603,1.2748011919963729,7.8675906539123,False,False,high,110N04156,32265,35281,35213,mapped_primary_link
corridor-3076b48da7ee4a36b6dbc75c5d648214,daily,state_transition,I95_SB,I95_SB::110N04156,5,PM,sensor_period,4.24270781913548,1.0110302222365477,0.1112913797864236,1.4936564860488917,0.5139767553769299,1.5101318490350717,9,0.9927833321600328,0.0657066816531863,0.0634065985854732,4.987709257349913,False,False,medium,110N04156,32265,35281,35213,mapped_primary_link
corridor-3076b48da7ee4a36b6dbc75c5d648214,daily,state_transition,I95_SB,I95_SB::110N04157,6,MD,corridor_period,8.013192273602918,1.169626043474281,0.4671907427126404,0.8716133630890047,1.528487753870636,1.0194616893091044,68,0.9049539832447784,0.3187846452830603,1.2748011919963729,7.8675906539123,False,False,high,110N04157,31912,35115,35666,mapped_primary_link
corridor-3076b48da7ee4a36b6dbc75c5d648214,daily,state_transition,I95_SB,I95_SB::110N04157,6,PM,sensor_period,4.509071541144421,1.0255399609351643,0.6735698439565936,0.3918437540595254,0.6481586453795056,0.4018514282308939,14,0.9826690433552808,0.1280635362575505,0.1096611223427821,2.8449420918935293,False,False,high,110N04157,31912,35115,35666,mapped_primary_link
corridor-3076b48da7ee4a36b6dbc75c5d648214,daily,state_transition,I95_SB,I95_SB::110N04158,7,MD,corridor_period,8.013192273602918,1.169626043474281,0.4671907427126404,0.8716133630890047,1.528487753870636,1.0194616893091044,68,0.9049539832447784,0.3187846452830603,1.2748011919963729,7.8675906539123,False,False,high,110N04158,31907,35113,35115,mapped_primary_link
corridor-3076b48da7ee4a36b6dbc75c5d648214,daily,state_transition,I95_SB,I95_SB::110N04158,7,PM,sensor_period,4.8622643416314535,1.1312604388758891,0.2179556889482864,1.54463072582547,1.3374541104839113,1.7473796327985045,16,0.9328050441451158,0.7112191266653467,0.286371590032557,4.1220359799050525,False,False,high,110N04158,31907,35113,35115,mapped_primary_link
corridor-3076b48da7ee4a36b6dbc75c5d648214,daily,state_transition,I95_SB,I95_SB::110N04152,9,AM,corridor_period,3.430727498831111,1.0139030213347366,0.0527639164494067,3.94606079149094,3.647559098821661,4.000922958863207,5,0.847680221177539,0.4478982061008802,0.1433986406526652,7.911490301303106,False,False,medium,110N04152,39077,40318,40149,mapped_primary_link
corridor-3076b48da7ee4a36b6dbc75c5d648214,daily,state_transition,I95_SB,I95_SB::110N04152,9,MD,sensor_period,7.65151375715929,1.4800876789487143,0.0483231328247713,1.7075326642506223,0.8321110707973622,2.5272980577598183,5,0.9757232184077408,0.5339907884154633,0.2239007681720077,1.321877197011302,False,False,medium,110N04152,39077,40318,40149,mapped_primary_link
corridor-3076b48da7ee4a36b6dbc75c5d648214,daily,state_transition,I95_SB,I95_SB::110N04152,9,PM,sensor_period,5.710518265242897,1.0357456005986634,2.071516895020656,0.1243278565174271,1.3720282505263373,0.128772030419787,10,0.9115418484979488,0.0957852568744352,0.5647538601103879,0.6301432211451085,False,False,high,110N04152,39077,40318,40149,mapped_primary_link
corridor-3076b48da7ee4a36b6dbc75c5d648214,daily,state_transition,I95_SB,I95_SB::110N04153,10,MD,sensor_period,10.28714621884154,1.0000000002739473,0.5715530715587154,0.8897257934331966,2.425047141532089,0.8897257936769346,7,0.9683806700232588,0.9460522885773754,0.5534184026319056,0.8579424322104455,True,False,low,110N04153,31935,35125,35127,mapped_primary_link
corridor-3076b48da7ee4a36b6dbc75c5d648214,daily,state_transition,I95_SB,I95_SB::110N04153,10,PM,sensor_period,6.31156768074953,1.0000000000000002,4.105263615710606,0.0500000122386122,2.400748410968222,0.0500000122386123,15,0.9450813570724972,0.0193387648060107,0.6027581051488339,0.3411228903469846,True,True,low,110N04153,31935,35125,35127,mapped_primary_link
corridor-3076b48da7ee4a36b6dbc75c5d648214,daily,state_transition,I95_SB,I95_SB::110N04154,11,MD,sensor_period,7.973756318634966,1.130864595922414,0.9904820498685324,0.5351339418378801,1.6045593698997165,0.6051640289008628,4,0.9953967236322776,0.7624719980231172,0.2008745738285898,1.8456469947285887,False,False,low,110N04154,31926,35121,35123,mapped_primary_link
corridor-3076b48da7ee4a36b6dbc75c5d648214,daily,state_transition,I95_SB,I95_SB::110N04154,11,PM,sensor_period,5.110037545702653,1.0092834114144824,0.4787944017084894,0.9052241669323216,1.1179706428543428,0.9136277352962864,19,0.9638205371552288,0.2581032227980705,0.3014749079627831,3.4216262416414,False,False,high,110N04154,31926,35121,35123,mapped_primary_link
corridor-3076b48da7ee4a36b6dbc75c5d648214,daily,state_transition,I95_SB,I95_SB::110N04155,12,AM,corridor_period,3.430727498831111,1.0139030213347366,0.0527639164494067,3.94606079149094,3.647559098821661,4.000922958863207,5,0.847680221177539,0.4478982061008802,0.1433986406526652,7.911490301303106,False,False,medium,110N04155,31917,35117,35119,mapped_primary_link
corridor-3076b48da7ee4a36b6dbc75c5d648214,daily,state_transition,I95_SB,I95_SB::110N04155,12,MD,corridor_period,8.013192273602918,1.169626043474281,0.4671907427126404,0.8716133630890047,1.528487753870636,1.0194616893091044,68,0.9049539832447784,0.3187846452830603,1.2748011919963729,7.8675906539123,False,False,high,110N04155,31917,35117,35119,mapped_primary_link
corridor-3076b48da7ee4a36b6dbc75c5d648214,daily,state_transition,I95_SB,I95_SB::110N04155,12,PM,sensor_period,4.8503103263191125,1.0000000000007954,0.3681786778008073,1.0759584902679935,1.0737839433339555,1.0759584902688493,12,0.9540454386864806,0.4768908274806004,0.3211517876733445,4.005622181468276,True,False,low,110N04155,31917,35117,35119,mapped_primary_link
corridor-3076b48da7ee4a36b6dbc75c5d648214,daily,state_transition,I95_SB,I95_SB::110N04150,13,MD,corridor_period,8.013192273602918,1.169626043474281,0.4671907427126404,0.8716133630890047,1.528487753870636,1.0194616893091044,68,0.9049539832447784,0.3187846452830603,1.2748011919963729,7.8675906539123,False,False,high,110N04150,39083,40323,40297,mapped_primary_link
corridor-3076b48da7ee4a36b6dbc75c5d648214,daily,state_transition,I95_SB,I95_SB::110N04151,14,MD,corridor_period,8.013192273602918,1.169626043474281,0.4671907427126404,0.8716133630890047,1.528487753870636,1.0194616893091044,68,0.9049539832447784,0.3187846452830603,1.2748011919963729,7.8675906539123,False,False,high,110N04151,38820,40218,40296,mapped_primary_link
corridor-3076b48da7ee4a36b6dbc75c5d648214,daily,state_transition,I95_SB,I95_SB::110-04151,15,MD,sensor_period,6.316834861146825,1.0000004570391112,0.0819670492353568,0.3764039891188799,0.0874881519565326,0.3764041611502245,3,0.9138410343774132,-0.4150333830669621,0.2396649962240165,13.499347019476822,True,False,low,110-04151,38617,40149,40327,mapped_primary_link
corridor-3076b48da7ee4a36b6dbc75c5d648214,daily,state_transition,I95_SB,I95_SB::110-04151,15,PM,corridor_period,4.911841144612112,1.22145613415436,0.2085626854739347,1.259887543378725,0.8262765683618273,1.538897368204611,227,0.95772295091839,0.6198369160582202,0.6610401242614048,5.653007979316048,False,False,high,110-04151,38617,40149,40327,mapped_primary_link
corridor-3076b48da7ee4a36b6dbc75c5d648214,daily,state_transition,I95_SB,I95_SB::110-04152,16,MD,sensor_period,10.31079025573858,1.0000000008544985,4.9347781876417685,0.0500000000092288,2.9575422808727905,0.0500000000519537,4,0.794377943720848,-0.0305016246527329,0.5030024995586382,0.9490675776430166,True,True,low,110-04152,31941,35127,40321,mapped_primary_link
corridor-3076b48da7ee4a36b6dbc75c5d648214,daily,state_transition,I95_SB,I95_SB::110-04152,16,PM,sensor_period,6.339051159293274,1.0000000000000029,2.394048461024056,0.2642725503088861,2.0801021407184783,0.2642725503088869,13,0.9616171114107864,0.3228863603554452,0.3883011105300127,0.5502905081605045,True,False,low,110-04152,31941,35127,40321,mapped_primary_link
corridor-3076b48da7ee4a36b6dbc75c5d648214,daily,state_transition,I95_SB,I95_SB::110-04153,17,MD,sensor_period,8.383709701648629,1.1818601685996513,0.4592482146636852,0.9964129602579852,2.037839771696639,1.17762078920538,8,0.9831548850290356,0.8166229710834365,0.4971412487559411,3.175914174593105,False,False,medium,110-04153,31931,35123,35215,mapped_primary_link
corridor-3076b48da7ee4a36b6dbc75c5d648214,daily,state_transition,I95_SB,I95_SB::110-04153,17,PM,sensor_period,5.266669340466717,1.0418326551463224,0.4940635891681954,0.9399443555462432,1.2559874995691738,0.9792647236285412,18,0.9183770118323548,0.6199240704821818,0.4341672918757162,2.101977991098276,False,False,high,110-04153,31931,35123,35215,mapped_primary_link
corridor-3076b48da7ee4a36b6dbc75c5d648214,daily,state_transition,I95_SB,I95_SB::110-04154,18,AM,corridor_period,3.430727498831111,1.0139030213347366,0.0527639164494067,3.94606079149094,3.647559098821661,4.000922958863207,5,0.847680221177539,0.4478982061008802,0.1433986406526652,7.911490301303106,False,False,medium,110-04154,31922,35119,35282,mapped_primary_link
corridor-3076b48da7ee4a36b6dbc75c5d648214,daily,state_transition,I95_SB,I95_SB::110-04154,18,MD,sensor_period,7.707138361589217,1.1579534393288404,0.251933918276195,1.146777710096042,1.397509186264271,1.3279151935513638,3,0.9995716765562664,0.8966088856501825,0.0627076324775736,2.598366985634048,False,False,low,110-04154,31922,35119,35282,mapped_primary_link
corridor-3076b48da7ee4a36b6dbc75c5d648214,daily,state_transition,I95_SB,I95_SB::110-04154,18,PM,sensor_period,4.807650431336081,1.1061377543776325,0.587706566029094,0.6771618673856379,0.9076913874084394,0.7490343073401137,17,0.9004781809353635,0.1923463711648644,0.3085729121544437,3.094407912703003,False,False,high,110-04154,31922,35119,35282,mapped_primary_link
corridor-3076b48da7ee4a36b6dbc75c5d648214,daily,state_transition,I95_SB,I95_SB::110-04150,19,MD,corridor_period,8.013192273602918,1.169626043474281,0.4671907427126404,0.8716133630890047,1.528487753870636,1.0194616893091044,68,0.9049539832447784,0.3187846452830603,1.2748011919963729,7.8675906539123,False,False,high,110-04150,39011,40296,41030,mapped_primary_link
corridor-3076b48da7ee4a36b6dbc75c5d648214,daily,state_transition,I95_SB,I95_SB::110-04156,21,MD,sensor_period,6.902987712022309,1.097248999999241,0.0636959850483561,1.6866328502012504,0.8836053202837562,1.8506562082491915,3,0.987725130548263,0.9061729922145116,0.3176896353061405,3.561772972136692,False,False,low,110-04156,32831,35666,35278,mapped_primary_link
corridor-3076b48da7ee4a36b6dbc75c5d648214,daily,state_transition,I95_SB,I95_SB::110-04156,21,PM,sensor_period,4.251688471153309,1.026446374806519,0.0386720628135352,2.199267534006088,0.4974745004559507,2.2574301875102205,9,0.9877782021521078,0.3697061670521058,0.100169581943454,5.542041564683106,False,False,medium,110-04156,32831,35666,35278,mapped_primary_link
corridor-3076b48da7ee4a36b6dbc75c5d648214,daily,state_transition,I95_SB,I95_SB::110-04148,24,MD,sensor_period,6.754078708583518,1.0000000025530584,0.465472910176724,0.4587156789119658,0.5962496312200708,0.4587156800830937,3,0.9868053718362314,0.6036177106494163,0.2536213955847808,1.6866484042909555,True,False,low,110-04148,39008,40294,40278,mapped_primary_link
corridor-3076b48da7ee4a36b6dbc75c5d648214,daily,state_transition,I95_SB,I95_SB::110-04148,24,PM,sensor_period,4.181375600367764,1.0000000193449978,0.4155138698195824,0.0774388663187254,0.2475702789379483,0.0774388678167801,11,0.9867441151210602,-0.0114657011098913,0.0925138366317371,4.359664476175409,True,False,low,110-04148,39008,40294,40278,mapped_primary_link
corridor-3076b48da7ee4a36b6dbc75c5d648214,daily,state_transition,I95_SB,I95_SB::110-04149,25,MD,sensor_period,9.536196815762455,1.2679347077005023,0.4559524554642416,1.44332256450494,6.301916151407946,1.8300387739431103,3,0.9994759554994648,0.9971752850428688,0.0284236158559243,0.3387781232525761,False,False,low,110-04149,39012,40297,40274,mapped_primary_link
corridor-3076b48da7ee4a36b6dbc75c5d648214,daily,state_transition,I95_SB,I95_SB::110-04149,25,PM,corridor_period,4.911841144612112,1.22145613415436,0.2085626854739347,1.259887543378725,0.8262765683618273,1.538897368204611,227,0.95772295091839,0.6198369160582202,0.6610401242614048,5.653007979316048,False,False,high,110-04149,39012,40297,40274,mapped_primary_link
corridor-3076b48da7ee4a36b6dbc75c5d648214,daily,state_transition,I95_SB,I95_SB::110-04146,26,PM,sensor_period,4.356769304638701,1.0000000000009468,0.5614557544002511,0.1938510023951123,0.3983060991699758,0.1938510023952959,17,0.982276739626801,-0.0111961369539463,0.1239443552383672,5.070435837764231,True,False,low,110-04146,38991,40284,40272,mapped_primary_link
corridor-3076b48da7ee4a36b6dbc75c5d648214,daily,state_transition,I95_SB,I95_SB::110-04147,27,AM,corridor_period,3.430727498831111,1.0139030213347366,0.0527639164494067,3.94606079149094,3.647559098821661,4.000922958863207,5,0.847680221177539,0.4478982061008802,0.1433986406526652,7.911490301303106,False,False,medium,110-04147,39009,40295,40282,mapped_primary_link
corridor-3076b48da7ee4a36b6dbc75c5d648214,daily,state_transition,I95_SB,I95_SB::110-04147,27,MD,sensor_period,6.995382859961961,1.0000000000000002,0.6957930825308009,0.05,0.4089963282000259,0.05,4,0.978610796785906,-0.0279520582127006,0.3773219896770053,3.1370474822350816,True,True,low,110-04147,39009,40295,40282,mapped_primary_link
corridor-3076b48da7ee4a36b6dbc75c5d648214,daily,state_transition,I95_SB,I95_SB::110-04147,27,PM,sensor_period,4.449208452815888,1.0132378934563613,0.3035293130628596,0.6030765647562201,0.3982570780043588,0.6110600280664913,14,0.9791334373034624,0.1561491801460669,0.2112208672101046,6.211417626557677,False,False,high,110-04147,39009,40295,40282,mapped_primary_link
corridor-3901f6bf592e4c378bb5865187af25d7,daily,state_transition,US15_NB,US15_NB::110+16037,1,AM,corridor_period,3.1819115392570234,1.0544741909207032,0.3694392601073642,0.0500069021354597,0.2087755557511163,0.0527309876697396,6,0.9769144465295544,-0.0009316754453494,0.0686391830002958,4.721709524215944,False,True,low,110+16037,40490,40841,40167,mapped_primary_link
corridor-3901f6bf592e4c378bb5865187af25d7,daily,state_transition,US15_NB,US15_NB::110P06896,3,MD,corridor_period,6.711107622984529,1.051776434856591,0.522025589301238,0.6693547183988741,0.99565555581876,0.7040115193720051,8,0.9604727580050744,0.0804574718438444,0.8914192238596756,4.342198844236441,False,False,medium,110P06896,38417,40088,40024,mapped_primary_link
corridor-3901f6bf592e4c378bb5865187af25d7,daily,state_transition,US15_NB,US15_NB::110+07887,9,MD,corridor_period,6.711107622984529,1.051776434856591,0.522025589301238,0.6693547183988741,0.99565555581876,0.7040115193720051,8,0.9604727580050744,0.0804574718438444,0.8914192238596756,4.342198844236441,False,False,medium,110+07887,36192,38129,38128,mapped_primary_link
corridor-3901f6bf592e4c378bb5865187af25d7,daily,state_transition,US15_NB,US15_NB::110+07887,9,PM,sensor_period,4.66225072791207,1.0823283402060355,0.6898186001956107,0.4814776859523228,0.7720536899327257,0.5211169446830205,16,0.9659734550155482,0.3113729182267252,0.2546171092616811,1.416599070496395,False,False,high,110+07887,36192,38129,38128,mapped_primary_link
corridor-3901f6bf592e4c378bb5865187af25d7,daily,state_transition,US15_NB,US15_NB::110+06897,12,AM,corridor_period,3.1819115392570234,1.0544741909207032,0.3694392601073642,0.0500069021354597,0.2087755557511163,0.0527309876697396,6,0.9769144465295544,-0.0009316754453494,0.0686391830002958,4.721709524215944,False,True,low,110+06897,40197,40743,40166,mapped_primary_link
corridor-3901f6bf592e4c378bb5865187af25d7,daily,state_transition,US15_NB,US15_NB::110+06897,12,PM,sensor_period,4.026499259558463,1.0017868355651436,0.0489632077460112,1.0656876140026574,0.115221219083765,1.0675918225326904,3,0.9999887754821436,0.7345875252211138,0.0014236042488651,0.3867717270437116,False,False,low,110+06897,40197,40743,40166,mapped_primary_link
corridor-3901f6bf592e4c378bb5865187af25d7,daily,state_transition,US15_NB,US15_NB::110+06895,15,AM,corridor_period,3.1819115392570234,1.0544741909207032,0.3694392601073642,0.0500069021354597,0.2087755557511163,0.0527309876697396,6,0.9769144465295544,-0.0009316754453494,0.0686391830002958,4.721709524215944,False,True,low,110+06895,40005,40679,40478,mapped_primary_link
corridor-3901f6bf592e4c378bb5865187af25d7,daily,state_transition,US15_NB,US15_NB::110+06895,15,MD,corridor_period,6.711107622984529,1.051776434856591,0.522025589301238,0.6693547183988741,0.99565555581876,0.7040115193720051,8,0.9604727580050744,0.0804574718438444,0.8914192238596756,4.342198844236441,False,False,medium,110+06895,40005,40679,40478,mapped_primary_link
corridor-3901f6bf592e4c378bb5865187af25d7,daily,state_transition,US15_NB,US15_NB::110+06895,15,PM,sensor_period,4.042117369565726,1.006811881404032,0.0795958561193001,0.5092602458415821,0.0864591564310399,0.5127292662400431,14,0.9982404426109044,-0.026001742910191,0.0563586093747913,5.115678218963444,False,False,high,110+06895,40005,40679,40478,mapped_primary_link
corridor-3901f6bf592e4c378bb5865187af25d7,daily,state_transition,US15_NB,US15_NB::110P07859,16,MD,corridor_period,6.711107622984529,1.051776434856591,0.522025589301238,0.6693547183988741,0.99565555581876,0.7040115193720051,8,0.9604727580050744,0.0804574718438444,0.8914192238596756,4.342198844236441,False,False,medium,110P07859,36799,38342,38340,mapped_primary_link
corridor-3901f6bf592e4c378bb5865187af25d7,daily,state_transition,US15_NB,US15_NB::110P07858,17,MD,corridor_period,6.711107622984529,1.051776434856591,0.522025589301238,0.6693547183988741,0.99565555581876,0.7040115193720051,8,0.9604727580050744,0.0804574718438444,0.8914192238596756,4.342198844236441,False,False,medium,110P07858,36804,38344,38078,mapped_primary_link
corridor-3901f6bf592e4c378bb5865187af25d7,daily,state_transition,US15_NB,US15_NB::110+06904,18,PM,sensor_period,4.21702132444502,1.042646604184192,0.4674298654268433,0.05,0.2678955348409906,0.0521323302092096,3,0.995149469739318,-0.0143404781018969,0.0357771021885968,1.0257175462995656,False,True,low,110+06904,37498,38559,38170,mapped_primary_link
corridor-3901f6bf592e4c378bb5865187af25d7,daily,state_transition,US15_NB,US15_NB::110+06901,20,AM,corridor_period,3.1819115392570234,1.0544741909207032,0.3694392601073642,0.0500069021354597,0.2087755557511163,0.0527309876697396,6,0.9769144465295544,-0.0009316754453494,0.0686391830002958,4.721709524215944,False,True,low,110+06901,36422,38203,38140,mapped_primary_link
corridor-3901f6bf592e4c378bb5865187af25d7,daily,state_transition,US15_NB,US15_NB::110+06901,20,MD,corridor_period,6.711107622984529,1.051776434856591,0.522025589301238,0.6693547183988741,0.99565555581876,0.7040115193720051,8,0.9604727580050744,0.0804574718438444,0.8914192238596756,4.342198844236441,False,False,medium,110+06901,36422,38203,38140,mapped_primary_link
corridor-3901f6bf592e4c378bb5865187af25d7,daily,state_transition,US15_NB,US15_NB::110+06901,20,PM,sensor_period,4.215802939869709,1.0317412315700227,0.1988548520580658,0.5878873881961211,0.2471121896954743,0.60654765792195,7,0.9303376825211334,0.4608670742253976,0.1889965838508093,1.0264448194358071,False,False,medium,110+06901,36422,38203,38140,mapped_primary_link
corridor-3901f6bf592e4c378bb5865187af25d7,daily,state_transition,US15_NB,US15_NB::110+06902,21,MD,sensor_period,6.867449150820094,1.5878239286121734,0.103732524063787,1.5144650372630724,1.0237905804486644,2.404703825212833,3,0.9961330901842202,0.2940583441831984,0.0335834586704392,1.6249386854449022,False,False,low,110+06902,35965,38056,38145,mapped_primary_link
corridor-3901f6bf592e4c378bb5865187af25d7,daily,state_transition,US15_NB,US15_NB::110+06902,21,PM,sensor_period,4.292306271623334,1.0662486655347987,0.278948594327198,0.903296606194877,0.5546643711578981,0.9631388009374,19,0.9376125651718686,0.4440448823015026,0.3357069934062595,2.020293143003792,False,False,high,110+06902,35965,38056,38145,mapped_primary_link
corridor-3901f6bf592e4c378bb5865187af25d7,daily,state_transition,US15_NB,US15_NB::110+06903,22,AM,corridor_period,3.1819115392570234,1.0544741909207032,0.3694392601073642,0.0500069021354597,0.2087755557511163,0.0527309876697396,6,0.9769144465295544,-0.0009316754453494,0.0686391830002958,4.721709524215944,False,True,low,110+06903,36185,38127,38571,mapped_primary_link
corridor-3901f6bf592e4c378bb5865187af25d7,daily,state_transition,US15_NB,US15_NB::110+06903,22,MD,corridor_period,6.711107622984529,1.051776434856591,0.522025589301238,0.6693547183988741,0.99565555581876,0.7040115193720051,8,0.9604727580050744,0.0804574718438444,0.8914192238596756,4.342198844236441,False,False,medium,110+06903,36185,38127,38571,mapped_primary_link
corridor-3901f6bf592e4c378bb5865187af25d7,daily,state_transition,US15_NB,US15_NB::110+06903,22,PM,sensor_period,4.858289081418649,1.041057381716398,0.7853044702029527,0.4678522477730081,0.8774241371215603,0.4870610360966993,21,0.9344082768521472,0.1997269913203723,0.2724644761058205,1.1736010955915852,False,False,high,110+06903,36185,38127,38571,mapped_primary_link
corridor-68bb3bbf19554681a624b2ee8fc4a74f,daily,state_transition,US15_SB,US15_SB::110N07859,2,PM,sensor_period,4.1153049058151705,1.0280340470916185,0.0534341313538309,1.0032622306118382,0.1178213028128217,1.0313877312300526,11,0.9957476597946092,-0.0263403782381377,0.0436134327643906,4.427229741691698,False,False,high,110N07859,36793,38340,38342,mapped_primary_link
corridor-68bb3bbf19554681a624b2ee8fc4a74f,daily,state_transition,US15_SB,US15_SB::110-06901,3,PM,sensor_period,5.0845582048158455,1.103197164255847,0.9905544132536594,0.4635814187563278,1.1227496708311564,0.5114217065736831,19,0.9669626273904336,0.3086034494290716,0.1339724896622117,1.7265225724902225,False,False,high,110-06901,36031,38078,38344,mapped_primary_link
corridor-68bb3bbf19554681a624b2ee8fc4a74f,daily,state_transition,US15_SB,US15_SB::110-06900,4,PM,corridor_period,4.646959967654112,1.0686413385371751,0.0990600080941844,1.801429546969063,0.8409204469889997,1.9250820823534367,76,0.7854027488505576,0.207121483601557,0.552653029041511,8.05329291155034,False,False,high,110-06900,36807,38345,38140,mapped_primary_link
corridor-68bb3bbf19554681a624b2ee8fc4a74f,daily,state_transition,US15_SB,US15_SB::110-06903,5,AM,sensor_period,3.3043695258072794,1.1066650220050516,0.260402144771289,1.1484569681313466,0.5480172311697268,1.2709571559089314,9,0.9914885358204364,0.4795884838538674,0.0448291341051686,2.133256693241097,False,False,medium,110-06903,36331,38170,38559,mapped_primary_link
corridor-68bb3bbf19554681a624b2ee8fc4a74f,daily,state_transition,US15_SB,US15_SB::110-06903,5,PM,sensor_period,5.061644886606385,1.266930587845521,0.2708266667320221,0.05,0.1566407436076911,0.063346529392276,4,0.9969990583081444,-0.1636659443830384,0.0379718145933098,2.933643197494292,False,True,low,110-06903,36331,38170,38559,mapped_primary_link
corridor-68bb3bbf19554681a624b2ee8fc4a74f,daily,state_transition,US15_SB,US15_SB::110-06902,6,PM,corridor_period,4.646959967654112,1.0686413385371751,0.0990600080941844,1.801429546969063,0.8409204469889997,1.9250820823534367,76,0.7854027488505576,0.207121483601557,0.552653029041511,8.05329291155034,False,False,high,110-06902,36189,38128,38129,mapped_primary_link
corridor-68bb3bbf19554681a624b2ee8fc4a74f,daily,state_transition,US15_SB,US15_SB::110-06898,8,PM,corridor_period,4.646959967654112,1.0686413385371751,0.0990600080941844,1.801429546969063,0.8409204469889997,1.9250820823534367,76,0.7854027488505576,0.207121483601557,0.552653029041511,8.05329291155034,False,False,high,110-06898,36145,38115,38114,mapped_primary_link
corridor-68bb3bbf19554681a624b2ee8fc4a74f,daily,state_transition,US15_SB,US15_SB::110-06897,11,PM,corridor_period,4.646959967654112,1.0686413385371751,0.0990600080941844,1.801429546969063,0.8409204469889997,1.9250820823534367,76,0.7854027488505576,0.207121483601557,0.552653029041511,8.05329291155034,False,False,high,110-06897,40491,40841,40938,mapped_primary_link
corridor-68bb3bbf19554681a624b2ee8fc4a74f,daily,state_transition,US15_SB,US15_SB::110-06896,12,PM,sensor_period,4.0380942535647,1.006211306713202,0.0689132405907297,0.8922910981594738,0.1276989282672602,0.8978333918476022,11,0.9992566763922688,0.1547779754772583,0.0248318489051821,3.0430897129255503,False,False,high,110-06896,38670,40166,40743,mapped_primary_link
corridor-68bb3bbf19554681a624b2ee8fc4a74f,daily,state_transition,US15_SB,US15_SB::110-07887,20,AM,sensor_period,3.646192737948952,1.2667441156202863,0.2291081420942377,1.6081305152394578,0.978477158259444,2.0370898673290023,15,0.9181282519430978,0.7872465102459639,0.1905163378083185,1.4948656391801003,False,False,high,110-07887,37535,38571,38127,mapped_primary_link
corridor-68bb3bbf19554681a624b2ee8fc4a74f,daily,state_transition,US15_SB,US15_SB::110-07887,20,PM,corridor_period,4.646959967654112,1.0686413385371751,0.0990600080941844,1.801429546969063,0.8409204469889997,1.9250820823534367,76,0.7854027488505576,0.207121483601557,0.552653029041511,8.05329291155034,False,False,high,110-07887,37535,38571,38127,mapped_primary_link
corridor-68bb3bbf19554681a624b2ee8fc4a74f,daily,state_transition,US15_SB,US15_SB::110-07858,21,PM,sensor_period,5.826265444951639,1.1125911871921852,2.0988636996749634,0.2434166232243163,1.7190625474698675,0.2708231898154549,16,0.9528203944064716,0.2214310530915045,0.1480916769694256,0.6670974901969577,False,False,high,110-07858,36798,38342,38055,mapped_primary_link
corridor-68bb3bbf19554681a624b2ee8fc4a74f,daily,state_transition,US15_SB,US15_SB::110-07859,22,PM,sensor_period,4.059620559790684,1.0102014315661016,0.170372496198925,0.050000000000003,0.0974591202130541,0.0505100715783081,8,0.9886704947234528,-0.0161788088911334,0.1626467099634588,1.2547670916334677,False,True,low,110-07859,36193,38129,38145,mapped_primary_link
corridor-8b33aa82f0f5466f95ae415cbd5e22c7,daily,state_transition,US1_NB,US1_NB::110+09532,1,AM,sensor_period,3.040260244847993,1.000000080046392,0.044999719943398,0.9264868997637076,0.0672386572968046,0.9264869739256412,10,0.998812122623418,-0.151563865263218,0.1064535117907846,6.256739798545223,True,False,low,110+09532,39762,40599,40030,mapped_primary_link
corridor-8b33aa82f0f5466f95ae415cbd5e22c7,daily,state_transition,US1_NB,US1_NB::110+09532,1,MD,sensor_period,6.0243513343996575,1.001906603106521,0.0329290767611028,0.7311230971686068,0.0652812873753833,0.7325170587369176,8,0.9999015837002826,0.0708820763874611,0.0187655488176185,2.288142679230849,False,False,medium,110+09532,39762,40599,40030,mapped_primary_link
corridor-8b33aa82f0f5466f95ae415cbd5e22c7,daily,state_transition,US1_NB,US1_NB::110+09532,1,PM,sensor_period,4.0304941493858015,1.0162652113716213,0.0725943968132851,0.3660713952617693,0.0644920503972889,0.3720256238828063,8,0.9976734116376492,-0.1249121058676725,0.1750586504156237,3.656695320112885,False,False,medium,110+09532,39762,40599,40030,mapped_primary_link
corridor-8b33aa82f0f5466f95ae415cbd5e22c7,daily,state_transition,US1_NB,US1_NB::110+09531,2,MD,sensor_period,6.027549792940608,1.000393641556224,0.0504382472086041,0.7311629730309844,0.1000388718408997,0.7314507891615417,15,0.9999932749298758,0.5991959517678539,0.0065795722391062,1.1654394166546271,True,False,low,110+09531,38208,40026,40607,mapped_primary_link
corridor-8b33aa82f0f5466f95ae415cbd5e22c7,daily,state_transition,US1_NB,US1_NB::110+09531,2,PM,sensor_period,4.014311785787636,1.0000087296579587,0.1368994944029852,0.0500000000000002,0.0782674396705628,0.0500004364828982,5,0.9999934035591364,-0.1122060588312077,0.0045836300189231,1.5113672645424714,True,True,low,110+09531,38208,40026,40607,mapped_primary_link
corridor-8b33aa82f0f5466f95ae415cbd5e22c7,daily,state_transition,US1_NB,US1_NB::110+09529,4,AM,sensor_period,3.154836881707089,1.000000011012183,0.1221243759120434,0.6987217700676778,0.145360736453382,0.6987217777621297,8,0.995793855220009,0.2796067739918556,0.303756800002554,4.402952157282342,True,False,low,110+09529,40440,40824,40125,mapped_primary_link
corridor-8b33aa82f0f5466f95ae415cbd5e22c7,daily,state_transition,US1_NB,US1_NB::110+09529,4,MD,sensor_period,6.127761083972044,1.0000000196559469,0.4504488985834217,0.095586316409936,0.2856929599035634,0.0955863182887755,4,0.9981975936509444,0.0223934067443798,0.0860216422817529,1.1058509925062587,True,False,low,110+09529,40440,40824,40125,mapped_primary_link
corridor-8b33aa82f0f5466f95ae415cbd5e22c7,daily,state_transition,US1_NB,US1_NB::110+09529,4,PM,sensor_period,3.995271157538956,1.0209784574045908,0.0659935157460941,0.7375892898144806,0.0977674014595471,0.7530627753129361,15,0.9969769149331555,0.224999986226748,0.1693834607512141,2.461099247825003,False,False,high,110+09529,40440,40824,40125,mapped_primary_link
corridor-8b33aa82f0f5466f95ae415cbd5e22c7,daily,state_transition,US1_NB,US1_NB::110+09528,5,AM,corridor_period,3.134122526250522,1.0074336048122676,0.1536617114007099,0.5695326480373244,0.1570791839530746,0.5737663286705181,143,0.997132765822894,0.3152419725332442,0.5045553460374451,4.957220363291264,False,False,high,110+09528,39057,40310,40897,mapped_primary_link
corridor-8b33aa82f0f5466f95ae415cbd5e22c7,daily,state_transition,US1_NB,US1_NB::110+09528,5,MD,sensor_period,6.080965589357008,1.0101103017974125,0.0283640428438674,0.697699006095156,0.0533020272149578,0.7047529536105327,6,0.9993705782736728,0.0428143070794598,0.0643120813633461,5.956771013689807,False,False,medium,110+09528,39057,40310,40897,mapped_primary_link
corridor-8b33aa82f0f5466f95ae415cbd5e22c7,daily,state_transition,US1_NB,US1_NB::110+09528,5,PM,sensor_period,4.103700962713283,1.000000000075565,0.0349362787422346,0.8320635687516761,0.0603221119435322,0.832063568814551,17,0.9888565023715836,-0.0082617144296133,0.2124908768477238,2.820386987783215,True,False,low,110+09528,39057,40310,40897,mapped_primary_link
corridor-8b33aa82f0f5466f95ae415cbd5e22c7,daily,state_transition,US1_NB,US1_NB::110+09527,6,AM,corridor_period,3.134122526250522,1.0074336048122676,0.1536617114007099,0.5695326480373244,0.1570791839530746,0.5737663286705181,143,0.997132765822894,0.3152419725332442,0.5045553460374451,4.957220363291264,False,False,high,110+09527,38514,40118,40121,mapped_primary_link
corridor-8b33aa82f0f5466f95ae415cbd5e22c7,daily,state_transition,US1_NB,US1_NB::110+09527,6,PM,corridor_period,4.094787706309088,1.0251916456202692,0.0550390608016753,0.9122161510756844,0.1062079692930821,0.9351963770826688,276,0.989042342269156,0.2989658437547622,0.6668041290086346,5.098270157979655,False,False,high,110+09527,38514,40118,40121,mapped_primary_link
corridor-8b33aa82f0f5466f95ae415cbd5e22c7,daily,state_transition,US1_NB,US1_NB::110P05636,9,AM,sensor_period,3.1017043372962383,1.0227253222287742,0.3170165515888621,0.0500000000000204,0.1789207398488314,0.0511362661114595,7,0.9985448330159536,-0.0470530502819828,0.0307668810860793,2.5891495101644018,False,True,low,110P05636,29325,34217,36419,mapped_primary_link
corridor-8b33aa82f0f5466f95ae415cbd5e22c7,daily,state_transition,US1_NB,US1_NB::110P05636,9,MD,corridor_period,6.192894388713062,1.0384890613081208,0.0261667680858542,1.1286192139731028,0.1092685622995571,1.1720587080932368,143,0.9948095857337864,0.6753492096889562,0.6056777846077331,3.355346245322837,False,False,high,110P05636,29325,34217,36419,mapped_primary_link
corridor-8b33aa82f0f5466f95ae415cbd5e22c7,daily,state_transition,US1_NB,US1_NB::110P05636,9,PM,corridor_period,4.094787706309088,1.0251916456202692,0.0550390608016753,0.9122161510756844,0.1062079692930821,0.9351963770826688,276,0.989042342269156,0.2989658437547622,0.6668041290086346,5.098270157979655,False,False,high,110P05636,29325,34217,36419,mapped_primary_link
corridor-8b33aa82f0f5466f95ae415cbd5e22c7,daily,state_transition,US1_NB,US1_NB::110P05634,10,AM,corridor_period,3.134122526250522,1.0074336048122676,0.1536617114007099,0.5695326480373244,0.1570791839530746,0.5737663286705181,143,0.997132765822894,0.3152419725332442,0.5045553460374451,4.957220363291264,False,False,high,110P05634,31944,35128,35126,mapped_primary_link
corridor-8b33aa82f0f5466f95ae415cbd5e22c7,daily,state_transition,US1_NB,US1_NB::110P05649,11,AM,corridor_period,3.134122526250522,1.0074336048122676,0.1536617114007099,0.5695326480373244,0.1570791839530746,0.5737663286705181,143,0.997132765822894,0.3152419725332442,0.5045553460374451,4.957220363291264,False,False,high,110P05649,28265,32237,32216,mapped_primary_link
corridor-8b33aa82f0f5466f95ae415cbd5e22c7,daily,state_transition,US1_NB,US1_NB::110P05648,12,PM,sensor_period,4.351315662382473,1.0000000000000002,1.6986152807662815,0.0500000000000549,0.9750452795683516,0.0500000000000549,21,0.9132922053655732,-0.0329764939753269,0.5533582316928978,2.1718632443595016,True,True,low,110P05648,29077,34143,34142,mapped_primary_link
corridor-8b33aa82f0f5466f95ae415cbd5e22c7,daily,state_transition,US1_NB,US1_NB::110P05657,18,AM,sensor_period,3.1347925338275977,1.0000000039132804,0.0600995503245297,0.645398279354632,0.0670073215754657,0.6453982818802564,4,0.9954888990044612,0.9323212290096844,0.3695967762591555,0.5944958452239408,True,False,low,110P05657,26221,30185,30186,mapped_primary_link
corridor-8b33aa82f0f5466f95ae415cbd5e22c7,daily,state_transition,US1_NB,US1_NB::110P05657,18,MD,sensor_period,6.037330229751141,1.005650945525897,0.0167964906032515,1.1980525997378415,0.0772165830394025,1.2048227297161194,4,0.999999213359285,0.6166135436390444,0.0041404391699734,1.6908114372361072,False,False,low,110P05657,26221,30185,30186,mapped_primary_link
corridor-8b33aa82f0f5466f95ae415cbd5e22c7,daily,state_transition,US1_NB,US1_NB::110P05657,18,PM,sensor_period,4.045398527477565,1.000002457905522,0.1606898457152742,0.3070717879180401,0.131633932852935,0.3070725426714832,15,0.9998548471798442,-0.031016016806219,0.0364238490034192,1.662228008576048,True,False,low,110P05657,26221,30185,30186,mapped_primary_link
corridor-8b33aa82f0f5466f95ae415cbd5e22c7,daily,state_transition,US1_NB,US1_NB::110P09526,23,MD,corridor_period,6.192894388713062,1.0384890613081208,0.0261667680858542,1.1286192139731028,0.1092685622995571,1.1720587080932368,143,0.9948095857337864,0.6753492096889562,0.6056777846077331,3.355346245322837,False,False,high,110P09526,47507,51027,40173,mapped_primary_link
corridor-8b33aa82f0f5466f95ae415cbd5e22c7,daily,state_transition,US1_NB,US1_NB::110P09528,25,AM,corridor_period,3.134122526250522,1.0074336048122676,0.1536617114007099,0.5695326480373244,0.1570791839530746,0.5737663286705181,143,0.997132765822894,0.3152419725332442,0.5045553460374451,4.957220363291264,False,False,high,110P09528,38532,40123,40124,mapped_primary_link
corridor-8b33aa82f0f5466f95ae415cbd5e22c7,daily,state_transition,US1_NB,US1_NB::110P09528,25,MD,sensor_period,6.4092616331398204,1.0000000004487206,1.0004548286600292,0.0500000000001077,0.5855130951478689,0.0500000000225437,5,0.9580154828702352,-0.0336041151761086,0.6414423340189639,4.649504054277053,True,True,low,110P09528,38532,40123,40124,mapped_primary_link
corridor-8b33aa82f0f5466f95ae415cbd5e22c7,daily,state_transition,US1_NB,US1_NB::110P09528,25,PM,sensor_period,4.140667379548423,1.000000652670259,0.7265474498443717,0.0500000000007183,0.4160219333493821,0.0500000326342313,15,0.983126314882254,-0.0574645694947271,0.3041468256012021,4.665577054670084,True,True,low,110P09528,38532,40123,40124,mapped_primary_link
corridor-8b33aa82f0f5466f95ae415cbd5e22c7,daily,state_transition,US1_NB,US1_NB::110+05659,27,AM,sensor_period,3.1152155102774284,1.0088438673880158,0.6908059898755583,0.05,0.3899682300770661,0.0504421933694008,10,0.9969134751733284,-0.1006592563918626,0.2726976869439927,0.5622595079301879,False,True,low,110+05659,26488,30276,30252,mapped_primary_link
corridor-8b33aa82f0f5466f95ae415cbd5e22c7,daily,state_transition,US1_NB,US1_NB::110+05659,27,MD,corridor_period,6.192894388713062,1.0384890613081208,0.0261667680858542,1.1286192139731028,0.1092685622995571,1.1720587080932368,143,0.9948095857337864,0.6753492096889562,0.6056777846077331,3.355346245322837,False,False,high,110+05659,26488,30276,30252,mapped_primary_link
corridor-8b33aa82f0f5466f95ae415cbd5e22c7,daily,state_transition,US1_NB,US1_NB::110+05659,27,PM,sensor_period,4.252394371527963,1.0009827516955196,0.5432339445281883,0.1306370257495659,0.3500325586922047,0.1307654095081189,9,0.9958352948364816,0.1183700303430709,0.3482772428503956,0.9193891117526608,True,False,low,110+05659,26488,30276,30252,mapped_primary_link
corridor-8b33aa82f0f5466f95ae415cbd5e22c7,daily,state_transition,US1_NB,US1_NB::110+05657,29,AM,sensor_period,3.163521046552317,1.0000000000000002,0.6581485390577804,0.0500000237999767,0.3718186740957618,0.0500000237999767,12,0.9470388979619854,-0.0055386598979001,0.4114282981695548,0.9185523456726666,True,True,low,110+05657,26200,30179,30545,mapped_primary_link
corridor-8b33aa82f0f5466f95ae415cbd5e22c7,daily,state_transition,US1_NB,US1_NB::110+05657,29,MD,sensor_period,6.384973004515878,1.0000000061667866,0.6590903101431345,0.0500000000000001,0.3856573457673747,0.0500000003083395,5,0.9540001806089636,-0.0846519027207086,0.3614408486468342,0.6955435142815297,True,True,low,110+05657,26200,30179,30545,mapped_primary_link
corridor-8b33aa82f0f5466f95ae415cbd5e22c7,daily,state_transition,US1_NB,US1_NB::110+05657,29,PM,corridor_period,4.094787706309088,1.0251916456202692,0.0550390608016753,0.9122161510756844,0.1062079692930821,0.9351963770826688,276,0.989042342269156,0.2989658437547622,0.6668041290086346,5.098270157979655,False,False,high,110+05657,26200,30179,30545,mapped_primary_link
corridor-8b33aa82f0f5466f95ae415cbd5e22c7,daily,state_transition,US1_NB,US1_NB::110+05652,30,AM,sensor_period,3.333445111987813,1.0000000000000002,0.048192023898857,0.9997169265164186,0.0856483862823437,0.9997169265164187,3,,-1.6156787507881634e-07,0.2327731510693817,0.0478423375129161,True,False,low,110+05652,28341,32290,32291,mapped_primary_link
corridor-8b33aa82f0f5466f95ae415cbd5e22c7,daily,state_transition,US1_NB,US1_NB::110+05652,30,MD,sensor_period,6.722976997182122,1.0000000000000002,0.0428160446064726,0.9983176159375534,0.1530293103226935,0.9983176159375536,18,,-8.60451996520517e-06,0.3485583262314174,0.7726339115186442,True,False,low,110+05652,28341,32290,32291,mapped_primary_link
corridor-8b33aa82f0f5466f95ae415cbd5e22c7,daily,state_transition,US1_NB,US1_NB::110+05652,30,PM,corridor_period,4.094787706309088,1.0251916456202692,0.0550390608016753,0.9122161510756844,0.1062079692930821,0.9351963770826688,276,0.989042342269156,0.2989658437547622,0.6668041290086346,5.098270157979655,False,False,high,110+05652,28341,32290,32291,mapped_primary_link
corridor-8b33aa82f0f5466f95ae415cbd5e22c7,daily,state_transition,US1_NB,US1_NB::110+05651,31,AM,corridor_period,3.134122526250522,1.0074336048122676,0.1536617114007099,0.5695326480373244,0.1570791839530746,0.5737663286705181,143,0.997132765822894,0.3152419725332442,0.5045553460374451,4.957220363291264,False,False,high,110+05651,28335,32288,32289,mapped_primary_link
corridor-8b33aa82f0f5466f95ae415cbd5e22c7,daily,state_transition,US1_NB,US1_NB::110+05651,31,MD,corridor_period,6.192894388713062,1.0384890613081208,0.0261667680858542,1.1286192139731028,0.1092685622995571,1.1720587080932368,143,0.9948095857337864,0.6753492096889562,0.6056777846077331,3.355346245322837,False,False,high,110+05651,28335,32288,32289,mapped_primary_link
corridor-8b33aa82f0f5466f95ae415cbd5e22c7,daily,state_transition,US1_NB,US1_NB::110+05651,31,PM,corridor_period,4.094787706309088,1.0251916456202692,0.0550390608016753,0.9122161510756844,0.1062079692930821,0.9351963770826688,276,0.989042342269156,0.2989658437547622,0.6668041290086346,5.098270157979655,False,False,high,110+05651,28335,32288,32289,mapped_primary_link
corridor-8b33aa82f0f5466f95ae415cbd5e22c7,daily,state_transition,US1_NB,US1_NB::110+05650,32,AM,sensor_period,3.216002889686159,1.0000000000000002,1.9458128852576984,0.0500000000000003,1.100184759294189,0.0500000000000003,13,0.9752792494714332,-0.0033182056898879,0.1983643454938953,1.3492331345154251,True,True,low,110+05650,28326,32285,32286,mapped_primary_link
corridor-8b33aa82f0f5466f95ae415cbd5e22c7,daily,state_transition,US1_NB,US1_NB::110+05650,32,MD,sensor_period,5.685192187198639,1.0923636238539312,4.539992976419383e-05,3.1196754462144,0.0054778965104449,3.407819975674892,8,0.8868737655316846,0.4534009760153205,0.3585982596681562,1.414958239227711,False,False,medium,110+05650,28326,32285,32286,mapped_primary_link
corridor-8b33aa82f0f5466f95ae415cbd5e22c7,daily,state_transition,US1_NB,US1_NB::110+05650,32,PM,corridor_period,4.094787706309088,1.0251916456202692,0.0550390608016753,0.9122161510756844,0.1062079692930821,0.9351963770826688,276,0.989042342269156,0.2989658437547622,0.6668041290086346,5.098270157979655,False,False,high,110+05650,28326,32285,32286,mapped_primary_link
corridor-8b33aa82f0f5466f95ae415cbd5e22c7,daily,state_transition,US1_NB,US1_NB::110+05656,33,MD,sensor_period,6.334660044489063,1.0178637656320393,0.6595528463100249,0.0500047520584581,0.3857787506672488,0.0508980252297187,7,0.984577963223924,-0.0023019558520047,0.2250179206628063,0.8501396589435931,False,True,low,110+05656,27533,32005,32371,mapped_primary_link
corridor-8b33aa82f0f5466f95ae415cbd5e22c7,daily,state_transition,US1_NB,US1_NB::110+05656,33,PM,sensor_period,4.339461059201476,1.0000000000000002,0.720796254293638,0.0500000000859178,0.4136976356888057,0.0500000000859178,10,0.9098404634273336,-0.0485779950330775,0.4006748367563204,0.3493704645670916,True,True,low,110+05656,27533,32005,32371,mapped_primary_link
corridor-8b33aa82f0f5466f95ae415cbd5e22c7,daily,state_transition,US1_NB,US1_NB::110+05655,34,AM,corridor_period,3.134122526250522,1.0074336048122676,0.1536617114007099,0.5695326480373244,0.1570791839530746,0.5737663286705181,143,0.997132765822894,0.3152419725332442,0.5045553460374451,4.957220363291264,False,False,high,110+05655,27558,32011,32394,mapped_primary_link
corridor-8b33aa82f0f5466f95ae415cbd5e22c7,daily,state_transition,US1_NB,US1_NB::110+05655,34,MD,sensor_period,6.665761433548767,1.0000000000000002,0.0396925342212908,1.0012893282738549,0.14145540123134,1.001289328273855,16,,-0.0012966496490076,0.4379688534895887,0.7444219976362257,True,False,low,110+05655,27558,32011,32394,mapped_primary_link
corridor-8b33aa82f0f5466f95ae415cbd5e22c7,daily,state_transition,US1_NB,US1_NB::110+05655,34,PM,sensor_period,4.432934755878292,1.0000062316942886,0.0386895461441745,1.0026166625684836,0.0918281585722241,1.0026229105690134,4,,-0.0001866957821863,0.2645798265834773,0.4109747888658962,True,False,low,110+05655,27558,32011,32394,mapped_primary_link
corridor-8b33aa82f0f5466f95ae415cbd5e22c7,daily,state_transition,US1_NB,US1_NB::110+05653,36,AM,sensor_period,3.2096731021938862,1.0000000000000002,0.0357153109801102,1.003408073028221,0.061381856852582,1.0034080730282215,10,,-0.0001126941222397,0.1886430605946721,0.8959544928516463,True,False,low,110+05653,28347,32292,32293,mapped_primary_link
corridor-8b33aa82f0f5466f95ae415cbd5e22c7,daily,state_transition,US1_NB,US1_NB::110+05653,36,MD,sensor_period,6.460733511774964,1.0000000000000002,0.0340730037948071,1.0101259422822528,0.1196453555111959,1.010125942282253,5,,-0.02111879382681,0.3184615254348886,2.335234823033576,True,False,low,110+05653,28347,32292,32293,mapped_primary_link
corridor-8b33aa82f0f5466f95ae415cbd5e22c7,daily,state_transition,US1_NB,US1_NB::110+05653,36,PM,sensor_period,4.314323004229472,1.0000000000000002,0.0334449708256187,0.9997413701825754,0.076926858753489,0.9997413701825756,5,,-3.0979243151207925e-05,0.3575929122049985,1.1471637925549902,True,False,low,110+05653,28347,32292,32293,mapped_primary_link
corridor-8b33aa82f0f5466f95ae415cbd5e22c7,daily,state_transition,US1_NB,US1_NB::110+05649,37,AM,corridor_period,3.134122526250522,1.0074336048122676,0.1536617114007099,0.5695326480373244,0.1570791839530746,0.5737663286705181,143,0.997132765822894,0.3152419725332442,0.5045553460374451,4.957220363291264,False,False,high,110+05649,29074,34142,32237,mapped_primary_link
corridor-8b33aa82f0f5466f95ae415cbd5e22c7,daily,state_transition,US1_NB,US1_NB::110+05649,37,MD,corridor_period,6.192894388713062,1.0384890613081208,0.0261667680858542,1.1286192139731028,0.1092685622995571,1.1720587080932368,143,0.9948095857337864,0.6753492096889562,0.6056777846077331,3.355346245322837,False,False,high,110+05649,29074,34142,32237,mapped_primary_link
corridor-8b33aa82f0f5466f95ae415cbd5e22c7,daily,state_transition,US1_NB,US1_NB::110+05649,37,PM,sensor_period,4.283310301886631,1.0000000000000002,0.4853130078569624,0.4160938693537445,0.4741330749699862,0.4160938693537446,23,0.9882735950841064,0.2284440333864021,0.2687489704282744,2.202583185277096,True,False,low,110+05649,29074,34142,32237,mapped_primary_link
corridor-8b33aa82f0f5466f95ae415cbd5e22c7,daily,state_transition,US1_NB,US1_NB::110+05648,38,AM,corridor_period,3.134122526250522,1.0074336048122676,0.1536617114007099,0.5695326480373244,0.1570791839530746,0.5737663286705181,143,0.997132765822894,0.3152419725332442,0.5045553460374451,4.957220363291264,False,False,high,110+05648,29080,34144,34143,mapped_primary_link
corridor-8b33aa82f0f5466f95ae415cbd5e22c7,daily,state_transition,US1_NB,US1_NB::110+05648,38,PM,sensor_period,4.5465465531841405,1.000000000379884,2.2602716059273327,0.0500000799668117,1.3002997887696317,0.0500000799858059,21,0.8989159287146843,-0.0553613914612682,0.5692569963074078,2.172075939877678,True,True,low,110+05648,29080,34144,34143,mapped_primary_link
corridor-8b33aa82f0f5466f95ae415cbd5e22c7,daily,state_transition,US1_NB,US1_NB::110+05647,39,AM,sensor_period,3.112857828141848,1.0563957953928689,0.0145197156664602,3.999999999998347,0.7270997296030763,4.225583181569729,4,0.9942970402322132,0.4744977932466983,0.0094397429187275,1.9045373611905605,False,True,low,110+05647,29086,34145,36618,mapped_primary_link
corridor-8b33aa82f0f5466f95ae415cbd5e22c7,daily,state_transition,US1_NB,US1_NB::110+05647,39,MD,corridor_period,6.192894388713062,1.0384890613081208,0.0261667680858542,1.1286192139731028,0.1092685622995571,1.1720587080932368,143,0.9948095857337864,0.6753492096889562,0.6056777846077331,3.355346245322837,False,False,high,110+05647,29086,34145,36618,mapped_primary_link
corridor-8b33aa82f0f5466f95ae415cbd5e22c7,daily,state_transition,US1_NB,US1_NB::110+05647,39,PM,sensor_period,3.9313281390326873,1.0451605232010912,0.0029030432230613,2.125208021614802,0.0284035032517542,2.2211835277820824,18,0.9784381357305676,0.4265509944834579,0.3371186629662233,3.999595356545672,False,False,high,110+05647,29086,34145,36618,mapped_primary_link
corridor-8b33aa82f0f5466f95ae415cbd5e22c7,daily,state_transition,US1_NB,US1_NB::110+05641,41,MD,corridor_period,6.192894388713062,1.0384890613081208,0.0261667680858542,1.1286192139731028,0.1092685622995571,1.1720587080932368,143,0.9948095857337864,0.6753492096889562,0.6056777846077331,3.355346245322837,False,False,high,110+05641,29116,34153,36370,mapped_primary_link
corridor-8b33aa82f0f5466f95ae415cbd5e22c7,daily,state_transition,US1_NB,US1_NB::110+05641,41,PM,sensor_period,4.0871417688796585,1.0000000000000002,0.016346164750961,1.0963516561358655,0.0408080274626651,1.0963516561358655,21,0.9640151018561676,0.0030166049002892,0.2245840961589227,1.9461381137963705,True,False,low,110+05641,29116,34153,36370,mapped_primary_link
corridor-8b33aa82f0f5466f95ae415cbd5e22c7,daily,state_transition,US1_NB,US1_NB::110+05645,43,AM,sensor_period,3.13372626598023,1.0000000000000002,0.6105778815654337,0.0500000224203825,0.3447806306394266,0.0500000224203825,16,0.796297544896979,-0.0055586029285352,0.3655543791512484,2.8334839465633395,True,True,low,110+05645,34928,36381,34999,mapped_primary_link
corridor-8b33aa82f0f5466f95ae415cbd5e22c7,daily,state_transition,US1_NB,US1_NB::110+05645,43,MD,sensor_period,6.22903209523597,1.0000000000000002,0.4649252260839861,0.0500000000000007,0.27170827627713,0.0500000000000007,6,0.7427647548478343,-0.0108886988726262,0.1993650372752148,0.5112691672292751,True,True,low,110+05645,34928,36381,34999,mapped_primary_link
corridor-8b33aa82f0f5466f95ae415cbd5e22c7,daily,state_transition,US1_NB,US1_NB::110+05644,44,MD,sensor_period,6.176996480797047,1.0000000000000002,0.0091346680244718,1.2965730454108175,0.051640697388207,1.2965730454108175,6,0.8084195246431646,-0.1024398817613578,0.2188495347018331,3.150528969411868,True,False,low,110+05644,34385,36208,34147,mapped_primary_link
corridor-8b33aa82f0f5466f95ae415cbd5e22c7,daily,state_transition,US1_NB,US1_NB::110+05644,44,PM,sensor_period,4.1099952887769255,1.0000000000000002,0.0347108161382463,0.8541226727453775,0.0619097920733999,0.8541226727453777,16,0.908218469762176,0.134141408496499,0.2145870879619787,0.5981430745158992,True,False,low,110+05644,34385,36208,34147,mapped_primary_link
corridor-8b33aa82f0f5466f95ae415cbd5e22c7,daily,state_transition,US1_NB,US1_NB::110+05643,45,AM,corridor_period,3.134122526250522,1.0074336048122676,0.1536617114007099,0.5695326480373244,0.1570791839530746,0.5737663286705181,143,0.997132765822894,0.3152419725332442,0.5045553460374451,4.957220363291264,False,False,high,110+05643,29109,34151,36642,mapped_primary_link
corridor-8b33aa82f0f5466f95ae415cbd5e22c7,daily,state_transition,US1_NB,US1_NB::110+05643,45,MD,corridor_period,6.192894388713062,1.0384890613081208,0.0261667680858542,1.1286192139731028,0.1092685622995571,1.1720587080932368,143,0.9948095857337864,0.6753492096889562,0.6056777846077331,3.355346245322837,False,False,high,110+05643,29109,34151,36642,mapped_primary_link
corridor-8b33aa82f0f5466f95ae415cbd5e22c7,daily,state_transition,US1_NB,US1_NB::110+05643,45,PM,sensor_period,4.164515941575148,1.0000000000000002,0.5481002520155712,0.05,0.3139329897976862,0.05,19,0.9881052146262482,-0.0197092124208377,0.1756505884886746,1.286800823034851,True,True,low,110+05643,29109,34151,36642,mapped_primary_link
corridor-8b33aa82f0f5466f95ae415cbd5e22c7,daily,state_transition,US1_NB,US1_NB::110+05642,46,MD,sensor_period,6.596344153053015,1.0000000000000002,0.0004787650976042,2.721825443406744,0.0433632470576837,2.721825443406744,9,0.9336006131940854,0.4929397907255214,0.3551595997482466,1.442753790185625,True,False,low,110+05642,29110,34152,34151,mapped_primary_link
corridor-8b33aa82f0f5466f95ae415cbd5e22c7,daily,state_transition,US1_NB,US1_NB::110+05642,46,PM,sensor_period,4.397720601306306,1.0000000000000002,0.0189358342395508,1.4470770531293982,0.0861158554898481,1.4470770531293984,14,0.9665439145962156,0.2194150922463068,0.3454359468563246,1.7812594677909972,True,False,low,110+05642,29110,34152,34151,mapped_primary_link
corridor-8b33aa82f0f5466f95ae415cbd5e22c7,daily,state_transition,US1_NB,US1_NB::110+05638,47,AM,sensor_period,3.0332223977531947,1.0040605221733665,0.2024157987816426,0.0578692770736437,0.1151146468262824,0.0581042565563579,11,0.9999034581105568,-0.0039422582149788,0.0117274165575201,1.2429812623100531,False,False,high,110+05638,29321,34216,34215,mapped_primary_link
corridor-8b33aa82f0f5466f95ae415cbd5e22c7,daily,state_transition,US1_NB,US1_NB::110+05638,47,MD,sensor_period,6.175234330445865,1.012029473376279,0.126015897321691,0.2160994230481434,0.0996056139931266,0.2186989853043302,4,0.998631698133584,0.3706677905708861,0.0668457985404797,0.6776720789036982,False,False,low,110+05638,29321,34216,34215,mapped_primary_link
corridor-8b33aa82f0f5466f95ae415cbd5e22c7,daily,state_transition,US1_NB,US1_NB::110+05638,47,PM,sensor_period,4.062521147844384,1.0014306732220062,0.1332628247273939,0.4932379130152475,0.1419021027114709,0.4939435752894766,13,0.9995190869855588,0.3747718901008606,0.033185273039093,1.2077668795654015,False,False,high,110+05638,29321,34216,34215,mapped_primary_link
corridor-8b33aa82f0f5466f95ae415cbd5e22c7,daily,state_transition,US1_NB,US1_NB::110+05637,48,AM,corridor_period,3.134122526250522,1.0074336048122676,0.1536617114007099,0.5695326480373244,0.1570791839530746,0.5737663286705181,143,0.997132765822894,0.3152419725332442,0.5045553460374451,4.957220363291264,False,False,high,110+05637,35047,36419,34216,mapped_primary_link
corridor-8b33aa82f0f5466f95ae415cbd5e22c7,daily,state_transition,US1_NB,US1_NB::110+05636,49,AM,sensor_period,3.031521054374537,1.018574022605088,0.0393746310051489,0.05,0.0221972030225809,0.0509287011302544,3,0.999983877537532,-0.3260948367416139,0.0037856409958327,1.3749582786517534,False,True,low,110+05636,35072,36427,34218,mapped_primary_link
corridor-8b33aa82f0f5466f95ae415cbd5e22c7,daily,state_transition,US1_NB,US1_NB::110+05636,49,MD,sensor_period,6.610438016031148,1.0705013099553409,0.0368091354633826,1.7797972865391627,0.5659758442676334,1.9052753266951343,5,0.9835049491688446,0.9439503669169264,0.3534826870527081,1.8391762692938751,False,False,medium,110+05636,35072,36427,34218,mapped_primary_link
corridor-8b33aa82f0f5466f95ae415cbd5e22c7,daily,state_transition,US1_NB,US1_NB::110+05635,50,AM,sensor_period,3.3092981388946665,1.0014279738091878,0.8919448312833786,0.3009408053327736,0.6819404626857286,0.3013705409209047,13,0.9234585998390256,-0.0197390832869666,0.1170489543785897,2.9574823017970755,False,False,high,110+05635,35088,36432,36433,mapped_primary_link
corridor-8b33aa82f0f5466f95ae415cbd5e22c7,daily,state_transition,US1_NB,US1_NB::110+05634,52,AM,sensor_period,3.203488507189746,1.0000000001591374,0.64796669009554,0.0500000000000004,0.3662963298300805,0.0500000000079572,6,0.9626235916406244,-0.0537766666588277,0.0608169966146789,2.933773227314331,True,True,low,110+05634,29993,34413,34222,mapped_primary_link
corridor-6b28060a6925413ca20f8a8fae3a474c,daily,state_transition,US1_SB,US1_SB::110N09528,4,AM,corridor_period,3.03933580102203,1.0134634602817942,0.0894034936218034,0.595287551890802,0.0924156154212117,0.6033021822019303,49,0.9987785166592626,0.5182140468904322,0.2609287893218969,2.697735996588404,False,False,high,110N09528,38535,40124,40123,mapped_primary_link
corridor-6b28060a6925413ca20f8a8fae3a474c,daily,state_transition,US1_SB,US1_SB::110N09528,4,MD,corridor_period,6.156890651389472,1.029211830600726,0.1090302870477037,0.6515489132310351,0.1900436977539387,0.6705818497124273,168,0.9804574503633272,0.2661801130444671,0.7582660311847054,3.431335871321482,False,False,high,110N09528,38535,40124,40123,mapped_primary_link
corridor-6b28060a6925413ca20f8a8fae3a474c,daily,state_transition,US1_SB,US1_SB::110N09528,4,PM,sensor_period,4.097925122908212,1.0000000000000002,0.183523956796987,0.299189831238973,0.149267210707521,0.2991898312389731,18,0.9877161446513556,0.002230013770436,0.4204176848549896,2.744149485371139,True,False,low,110N09528,38535,40124,40123,mapped_primary_link
corridor-6b28060a6925413ca20f8a8fae3a474c,daily,state_transition,US1_SB,US1_SB::110N09526,6,PM,corridor_period,4.33247131127308,1.0024193214381287,0.3156904393605854,0.4391312883048998,0.3205315058073525,0.4401936880448489,392,0.9761825127374076,0.077629170591433,1.121888624072328,5.842176785259428,False,False,high,110N09526,38697,40173,51027,mapped_primary_link
corridor-6b28060a6925413ca20f8a8fae3a474c,daily,state_transition,US1_SB,US1_SB::110-05650,7,MD,corridor_period,6.156890651389472,1.029211830600726,0.1090302870477037,0.6515489132310351,0.1900436977539387,0.6705818497124273,168,0.9804574503633272,0.2661801130444671,0.7582660311847054,3.431335871321482,False,False,high,110-05650,28337,32289,32288,mapped_primary_link
corridor-6b28060a6925413ca20f8a8fae3a474c,daily,state_transition,US1_SB,US1_SB::110-05650,7,PM,sensor_period,4.872422791383116,1.0000000000077935,0.1393387337067722,1.000293277794564,0.362257389900125,1.00029327780236,22,,-0.0068971267740709,0.547350585175475,0.9879147773275156,True,False,low,110-05650,28337,32289,32288,mapped_primary_link
corridor-6b28060a6925413ca20f8a8fae3a474c,daily,state_transition,US1_SB,US1_SB::110-05656,8,AM,sensor_period,3.164151164271056,1.0000000000000002,0.4647871529990482,0.0500000000000086,0.2625824550384684,0.0500000000000086,3,-1.3045641791496343,-0.0028286719702259,0.3578146772927164,0.41413281443096,True,True,low,110-05656,26226,30186,30185,mapped_primary_link
corridor-6b28060a6925413ca20f8a8fae3a474c,daily,state_transition,US1_SB,US1_SB::110-05656,8,MD,sensor_period,6.192607261733901,1.0000000000000002,4.539992976249373e-05,2.9514174401638797,0.0052626353484332,2.95141744016388,6,-4.203578597856379,0.0330195173022923,0.2125322401575633,0.7169855738139171,True,False,low,110-05656,26226,30186,30185,mapped_primary_link
corridor-6b28060a6925413ca20f8a8fae3a474c,daily,state_transition,US1_SB,US1_SB::110-05656,8,PM,sensor_period,4.148112197399584,1.0000000000000002,0.4540770169930192,0.050000000000253,0.2600283938357547,0.050000000000253,9,0.9864411048556636,-0.001427521132665,0.2078665826007676,0.478379771931731,True,True,low,110-05656,26226,30186,30185,mapped_primary_link
corridor-6b28060a6925413ca20f8a8fae3a474c,daily,state_transition,US1_SB,US1_SB::110-05655,9,MD,corridor_period,6.156890651389472,1.029211830600726,0.1090302870477037,0.6515489132310351,0.1900436977539387,0.6705818497124273,168,0.9804574503633272,0.2661801130444671,0.7582660311847054,3.431335871321482,False,False,high,110-05655,28584,32371,32005,mapped_primary_link
corridor-6b28060a6925413ca20f8a8fae3a474c,daily,state_transition,US1_SB,US1_SB::110-05655,9,PM,sensor_period,4.449484852055327,1.0000000000000002,0.0740986173312291,0.9984497821516004,0.1754339102123508,0.9984497821516006,21,,-0.0051356821931751,0.5620011598617008,1.1452814939345572,True,False,low,110-05655,28584,32371,32005,mapped_primary_link
corridor-6b28060a6925413ca20f8a8fae3a474c,daily,state_transition,US1_SB,US1_SB::110-05658,10,MD,corridor_period,6.156890651389472,1.029211830600726,0.1090302870477037,0.6515489132310351,0.1900436977539387,0.6705818497124273,168,0.9804574503633272,0.2661801130444671,0.7582660311847054,3.431335871321482,False,False,high,110-05658,26432,30252,30276,mapped_primary_link
corridor-6b28060a6925413ca20f8a8fae3a474c,daily,state_transition,US1_SB,US1_SB::110-05658,10,PM,sensor_period,4.380136585749076,1.000000000137967,1.1750109594368252,0.050000000000046,0.6747067079361728,0.0500000000069443,21,0.7399374883120786,-0.0031447025086952,0.4068017015195925,2.1645059733608485,True,True,low,110-05658,26432,30252,30276,mapped_primary_link
corridor-6b28060a6925413ca20f8a8fae3a474c,daily,state_transition,US1_SB,US1_SB::110-05652,12,MD,sensor_period,6.998053054773541,1.0000006486600397,0.0587209616267818,0.99594052306366,0.2174397560391124,0.9959411690904788,10,,-0.0062082406835615,0.3656606286730505,1.0682235363620485,True,False,low,110-05652,28349,32293,32292,mapped_primary_link
corridor-6b28060a6925413ca20f8a8fae3a474c,daily,state_transition,US1_SB,US1_SB::110-05652,12,PM,sensor_period,4.645630212027738,1.000001670024988,0.0690735497515123,0.997695851084346,0.1705368239571079,0.9976975172613476,13,,-0.0025677787626976,0.3586933695756081,2.403370147981722,True,False,low,110-05652,28349,32293,32292,mapped_primary_link
corridor-6b28060a6925413ca20f8a8fae3a474c,daily,state_transition,US1_SB,US1_SB::110-05651,13,MD,corridor_period,6.156890651389472,1.029211830600726,0.1090302870477037,0.6515489132310351,0.1900436977539387,0.6705818497124273,168,0.9804574503633272,0.2661801130444671,0.7582660311847054,3.431335871321482,False,False,high,110-05651,28343,32291,32290,mapped_primary_link
corridor-6b28060a6925413ca20f8a8fae3a474c,daily,state_transition,US1_SB,US1_SB::110-05651,13,PM,sensor_period,4.764939198628529,1.0000000000000002,3.0583219836146784,0.0500000000000006,1.7635379208091744,0.0500000000000006,21,-29.68859066456524,-0.0165878101905625,0.5898671077570481,1.5177718258756965,True,True,low,110-05651,28343,32291,32290,mapped_primary_link
corridor-6b28060a6925413ca20f8a8fae3a474c,daily,state_transition,US1_SB,US1_SB::110-05654,14,MD,sensor_period,6.595471545007603,1.0000000000000002,0.767462142538674,0.0500000003360441,0.4497984789806096,0.0500000003360441,16,-15.284472409976663,-0.0019257633513265,0.2442038473888247,0.8394033780256067,True,True,low,110-05654,28656,32394,32011,mapped_primary_link
corridor-6b28060a6925413ca20f8a8fae3a474c,daily,state_transition,US1_SB,US1_SB::110-05654,14,PM,sensor_period,4.408439945787298,1.0000000000000002,0.0346874241227071,1.0114832381754986,0.0829572190046211,1.0114832381754988,6,,-0.0504306119970796,0.387784432508516,2.03495015858594,True,False,low,110-05654,28656,32394,32011,mapped_primary_link
corridor-6b28060a6925413ca20f8a8fae3a474c,daily,state_transition,US1_SB,US1_SB::110-05653,15,MD,sensor_period,6.246959221109142,1.0000000000000002,0.4274386368858685,0.0762338922095398,0.2621376633189698,0.0762338922095398,17,0.9888804259460138,0.0006043472522957,0.2466581237460381,0.7027663785990631,True,False,low,110-05653,28593,32374,32233,mapped_primary_link
corridor-6b28060a6925413ca20f8a8fae3a474c,daily,state_transition,US1_SB,US1_SB::110-05653,15,PM,corridor_period,4.33247131127308,1.0024193214381287,0.3156904393605854,0.4391312883048998,0.3205315058073525,0.4401936880448489,392,0.9761825127374076,0.077629170591433,1.121888624072328,5.842176785259428,False,False,high,110-05653,28593,32374,32233,mapped_primary_link
corridor-6b28060a6925413ca20f8a8fae3a474c,daily,state_transition,US1_SB,US1_SB::110-05644,18,AM,sensor_period,3.052608225175902,1.0000000000000002,0.0014390565093213,1.906035926696928,0.0064398692284791,1.906035926696928,7,0.9802559267110976,0.5619057707237765,0.1900355803698021,0.732441481372293,True,False,low,110-05644,31631,34999,36381,mapped_primary_link
corridor-6b28060a6925413ca20f8a8fae3a474c,daily,state_transition,US1_SB,US1_SB::110-05644,18,MD,corridor_period,6.156890651389472,1.029211830600726,0.1090302870477037,0.6515489132310351,0.1900436977539387,0.6705818497124273,168,0.9804574503633272,0.2661801130444671,0.7582660311847054,3.431335871321482,False,False,high,110-05644,31631,34999,36381,mapped_primary_link
corridor-6b28060a6925413ca20f8a8fae3a474c,daily,state_transition,US1_SB,US1_SB::110-05644,18,PM,sensor_period,3.92332633311709,1.0321351348108505,0.0106426441035523,1.2462778418899731,0.0311821914123109,1.286327148350883,11,0.989050073763057,0.2500026406548771,0.2256182233620804,1.6291456191978846,False,False,high,110-05644,31631,34999,36381,mapped_primary_link
corridor-6b28060a6925413ca20f8a8fae3a474c,daily,state_transition,US1_SB,US1_SB::110-05647,19,AM,corridor_period,3.03933580102203,1.0134634602817942,0.0894034936218034,0.595287551890802,0.0924156154212117,0.6033021822019303,49,0.9987785166592626,0.5182140468904322,0.2609287893218969,2.697735996588404,False,False,high,110-05647,29078,34143,34144,mapped_primary_link
corridor-6b28060a6925413ca20f8a8fae3a474c,daily,state_transition,US1_SB,US1_SB::110-05647,19,MD,sensor_period,6.2707666669568205,1.0000000000000002,0.6242252387472214,0.0500001602807977,0.3649271806962707,0.0500001602807977,20,0.9682586163752558,-0.0233915391461914,0.2404659512283173,0.8720004442059823,True,True,low,110-05647,29078,34143,34144,mapped_primary_link
corridor-6b28060a6925413ca20f8a8fae3a474c,daily,state_transition,US1_SB,US1_SB::110-05647,19,PM,corridor_period,4.33247131127308,1.0024193214381287,0.3156904393605854,0.4391312883048998,0.3205315058073525,0.4401936880448489,392,0.9761825127374076,0.077629170591433,1.121888624072328,5.842176785259428,False,False,high,110-05647,29078,34143,34144,mapped_primary_link
corridor-6b28060a6925413ca20f8a8fae3a474c,daily,state_transition,US1_SB,US1_SB::110-05646,20,MD,sensor_period,6.248018077140682,1.0000000000000002,0.065354448557792,0.8560040616354979,0.1672755644240676,0.8560040616354981,11,-0.214465583703707,0.0054247737457919,0.4882381685182362,2.9037120272380537,True,False,low,110-05646,35654,36618,34145,mapped_primary_link
corridor-6b28060a6925413ca20f8a8fae3a474c,daily,state_transition,US1_SB,US1_SB::110-05646,20,PM,sensor_period,4.097250022795509,1.0000000000000002,0.1233601344558624,0.5756297163415425,0.1481639087256232,0.5756297163415426,10,0.9917897614181116,0.0174380212675766,0.1882892362202819,2.860233869008165,True,False,low,110-05646,35654,36618,34145,mapped_primary_link
corridor-6b28060a6925413ca20f8a8fae3a474c,daily,state_transition,US1_SB,US1_SB::110-05641,21,AM,sensor_period,3.199114086348743,1.0000000125092443,0.7077041300449183,0.0500000029975155,0.4000386434916087,0.0500000036229778,3,0.991899323586607,-0.0354792854968681,0.106070445756798,1.3362130917847108,True,True,low,110-05641,29106,34151,34152,mapped_primary_link
corridor-6b28060a6925413ca20f8a8fae3a474c,daily,state_transition,US1_SB,US1_SB::110-05641,21,MD,sensor_period,6.432476869751161,1.0000000000000002,0.2166070964705792,0.4983097512860123,0.2920748518894913,0.4983097512860124,7,0.9482028121347306,-0.1079779581601323,0.4686251227730713,3.8048110004592304,True,False,low,110-05641,29106,34151,34152,mapped_primary_link
corridor-6b28060a6925413ca20f8a8fae3a474c,daily,state_transition,US1_SB,US1_SB::110-05641,21,PM,sensor_period,4.260267976007045,1.0000000000000002,0.5911066386562565,0.1364404433444414,0.3841892572742698,0.1364404433444414,13,0.9603941478299964,0.0086639285941471,0.3674469859233592,1.014207743395508,True,False,low,110-05641,29106,34151,34152,mapped_primary_link
corridor-6b28060a6925413ca20f8a8fae3a474c,daily,state_transition,US1_SB,US1_SB::110-05640,22,AM,corridor_period,3.03933580102203,1.0134634602817942,0.0894034936218034,0.595287551890802,0.0924156154212117,0.6033021822019303,49,0.9987785166592626,0.5182140468904322,0.2609287893218969,2.697735996588404,False,False,high,110-05640,34892,36370,34153,mapped_primary_link
corridor-6b28060a6925413ca20f8a8fae3a474c,daily,state_transition,US1_SB,US1_SB::110-05640,22,MD,sensor_period,6.073826655457792,1.0000000000000002,0.0956452879802641,0.256104877511286,0.0809675218774622,0.2561048775112861,5,0.9885437173449424,0.4474127583721087,0.2106966902643424,0.1874452111195904,True,False,low,110-05640,34892,36370,34153,mapped_primary_link
corridor-6b28060a6925413ca20f8a8fae3a474c,daily,state_transition,US1_SB,US1_SB::110-05640,22,PM,sensor_period,4.025489761356066,1.0068471963526746,0.0863648403862388,0.418005966731525,0.0824429529662852,0.4208681356623253,16,0.9814370892477836,0.0266686472393248,0.271950483668865,1.8099019716232736,False,False,high,110-05640,34892,36370,34153,mapped_primary_link
corridor-6b28060a6925413ca20f8a8fae3a474c,daily,state_transition,US1_SB,US1_SB::110-05643,23,MD,sensor_period,5.707291158333023,1.086997488269619,0.2915758260873303,0.0500000000000003,0.1696569847209373,0.0543498744134813,8,0.9668707049642316,-0.025807106406392,0.1976103803202772,1.3706100005936233,False,True,low,110-05643,29093,34147,36208,mapped_primary_link
corridor-6b28060a6925413ca20f8a8fae3a474c,daily,state_transition,US1_SB,US1_SB::110-05643,23,PM,sensor_period,4.102907456964612,1.0000000000000002,0.0124288179708073,1.2692392464341289,0.0397730256096993,1.2692392464341289,15,0.9362218317319236,0.2067706600159583,0.285906194984039,1.1504368372471565,True,False,low,110-05643,29093,34147,36208,mapped_primary_link
corridor-6b28060a6925413ca20f8a8fae3a474c,daily,state_transition,US1_SB,US1_SB::110-05642,24,AM,corridor_period,3.03933580102203,1.0134634602817942,0.0894034936218034,0.595287551890802,0.0924156154212117,0.6033021822019303,49,0.9987785166592626,0.5182140468904322,0.2609287893218969,2.697735996588404,False,False,high,110-05642,35726,36642,34151,mapped_primary_link
corridor-6b28060a6925413ca20f8a8fae3a474c,daily,state_transition,US1_SB,US1_SB::110-05642,24,MD,sensor_period,6.390085263071403,1.0000000000000002,0.0240664168546905,1.3013668668581118,0.1434398531826621,1.301366866858112,8,0.9873151703101536,0.3474770094183231,0.179981633283192,1.7079624222967384,True,False,low,110-05642,35726,36642,34151,mapped_primary_link
corridor-6b28060a6925413ca20f8a8fae3a474c,daily,state_transition,US1_SB,US1_SB::110-05642,24,PM,sensor_period,4.2735374170259215,1.003407573318958,0.0027713298313526,2.191885952106282,0.0356698455000505,2.199354964194878,14,0.9836286928601938,0.4358442926719479,0.172621797021015,1.7113442730133996,False,False,high,110-05642,35726,36642,34151,mapped_primary_link
corridor-6b28060a6925413ca20f8a8fae3a474c,daily,state_transition,US1_SB,US1_SB::110-05649,25,MD,corridor_period,6.156890651389472,1.029211830600726,0.1090302870477037,0.6515489132310351,0.1900436977539387,0.6705818497124273,168,0.9804574503633272,0.2661801130444671,0.7582660311847054,3.431335871321482,False,False,high,110-05649,28328,32286,32285,mapped_primary_link
corridor-6b28060a6925413ca20f8a8fae3a474c,daily,state_transition,US1_SB,US1_SB::110-05649,25,PM,sensor_period,4.298606953416269,1.0000000000000002,0.8979928826053634,0.0799672081247829,0.5381670120963065,0.079967208124783,18,0.95922101716498,-0.0006065136691946,0.4468188709791907,2.3395262557951173,True,False,low,110-05649,28328,32286,32285,mapped_primary_link
corridor-6b28060a6925413ca20f8a8fae3a474c,daily,state_transition,US1_SB,US1_SB::110-05648,26,MD,sensor_period,6.095480847096234,1.01121826744282,0.2488899823969125,0.2709327720479736,0.2166159993178827,0.2739721683438323,13,0.9986086233645464,0.1908693477808691,0.1326187831415255,1.232270743805856,False,False,high,110-05648,28268,32237,34142,mapped_primary_link
corridor-6b28060a6925413ca20f8a8fae3a474c,daily,state_transition,US1_SB,US1_SB::110-05648,26,PM,sensor_period,4.0593678192306175,1.0010875863107522,0.2714313682254894,0.1700002834737274,0.1836948010651733,0.1701851734548575,8,0.9999334976443792,0.2515419801889814,0.0369922808576472,1.739345696067237,False,False,medium,110-05648,28268,32237,34142,mapped_primary_link
corridor-6b28060a6925413ca20f8a8fae3a474c,daily,state_transition,US1_SB,US1_SB::110-05634,27,MD,corridor_period,6.156890651389472,1.029211830600726,0.1090302870477037,0.6515489132310351,0.1900436977539387,0.6705818497124273,168,0.9804574503633272,0.2661801130444671,0.7582660311847054,3.431335871321482,False,False,high,110-05634,35091,36433,36432,mapped_primary_link
corridor-6b28060a6925413ca20f8a8fae3a474c,daily,state_transition,US1_SB,US1_SB::110-05634,27,PM,sensor_period,5.058628164410518,1.0000000000166631,2.074486385688363,0.1875241603600203,1.499451657782852,0.187524160363145,17,0.9465817962847362,0.0632357443782134,0.3398539277434989,1.4066372220605583,True,False,low,110-05634,35091,36433,36432,mapped_primary_link
corridor-6b28060a6925413ca20f8a8fae3a474c,daily,state_transition,US1_SB,US1_SB::110-05635,29,AM,sensor_period,3.031356717506821,1.0118912496731205,0.0543099244599103,0.7418137058456576,0.0659421173897714,0.7506347978328112,6,0.9982827006931702,0.0681080837507465,0.0336591817328122,2.044411426111413,False,False,medium,110-05635,29330,34218,36427,mapped_primary_link
corridor-6b28060a6925413ca20f8a8fae3a474c,daily,state_transition,US1_SB,US1_SB::110-05635,29,MD,sensor_period,6.307913761060584,1.0000000035613088,0.0942464056149121,1.3020896762404464,0.5530781449898511,1.3020896808775897,3,0.9982198419965066,0.922824729456442,0.1340695750419922,1.1382817432954464,True,False,low,110-05635,29330,34218,36427,mapped_primary_link
corridor-6b28060a6925413ca20f8a8fae3a474c,daily,state_transition,US1_SB,US1_SB::110-05635,29,PM,sensor_period,4.271187136269691,1.0280241619452926,0.5484327380768554,0.4192816696243653,0.5376498998983641,0.4310316870346112,16,0.9865756974354306,0.0981600547121891,0.2346220499378064,4.580890242834089,False,False,high,110-05635,29330,34218,36427,mapped_primary_link
corridor-6b28060a6925413ca20f8a8fae3a474c,daily,state_transition,US1_SB,US1_SB::110-05637,31,AM,sensor_period,3.0821975855457198,1.0412087306168063,0.0890843898617623,0.6672970350885759,0.1006967569718753,0.6947954988489345,7,0.986314639650784,0.4181837232567191,0.1543040313049279,1.9889269995014167,False,False,medium,110-05637,29317,34215,34216,mapped_primary_link
corridor-6b28060a6925413ca20f8a8fae3a474c,daily,state_transition,US1_SB,US1_SB::110-05637,31,PM,corridor_period,4.33247131127308,1.0024193214381287,0.3156904393605854,0.4391312883048998,0.3205315058073525,0.4401936880448489,392,0.9761825127374076,0.077629170591433,1.121888624072328,5.842176785259428,False,False,high,110-05637,29317,34215,34216,mapped_primary_link
corridor-6b28060a6925413ca20f8a8fae3a474c,daily,state_transition,US1_SB,US1_SB::110N05650,40,PM,sensor_period,4.593930872975927,1.0000000000046405,0.1210740874574458,1.0045611524715268,0.2987134051089267,1.0045611524761884,21,,-0.0226223381560788,0.4460966931775227,1.7402536702680995,True,False,low,110N05650,28334,32288,32287,mapped_primary_link
corridor-6b28060a6925413ca20f8a8fae3a474c,daily,state_transition,US1_SB,US1_SB::110N05648,41,MD,sensor_period,6.265396377474905,1.0000000000000002,0.1353665641213824,0.6032098570144611,0.2183923168454653,0.6032098570144612,20,0.9819623950304632,0.0975793656303738,0.1853080960475157,1.1397102804675008,True,False,low,110N05648,29075,34142,34143,mapped_primary_link
corridor-6b28060a6925413ca20f8a8fae3a474c,daily,state_transition,US1_SB,US1_SB::110N05648,41,PM,corridor_period,4.33247131127308,1.0024193214381287,0.3156904393605854,0.4391312883048998,0.3205315058073525,0.4401936880448489,392,0.9761825127374076,0.077629170591433,1.121888624072328,5.842176785259428,False,False,high,110N05648,29075,34142,34143,mapped_primary_link
corridor-6b28060a6925413ca20f8a8fae3a474c,daily,state_transition,US1_SB,US1_SB::110-09532,45,MD,corridor_period,6.156890651389472,1.029211830600726,0.1090302870477037,0.6515489132310351,0.1900436977539387,0.6705818497124273,168,0.9804574503633272,0.2661801130444671,0.7582660311847054,3.431335871321482,False,False,high,110-09532,40623,40886,40224,mapped_primary_link
corridor-6b28060a6925413ca20f8a8fae3a474c,daily,state_transition,US1_SB,US1_SB::110-09532,45,PM,sensor_period,4.500722713480033,1.0000000000000056,0.8743786144198912,0.2184997178484717,0.6477989561873079,0.2184997178484729,21,0.9691811296721023,0.0228157884110682,0.3403550564645038,2.622146116172544,True,False,low,110-09532,40623,40886,40224,mapped_primary_link
corridor-6b28060a6925413ca20f8a8fae3a474c,daily,state_transition,US1_SB,US1_SB::110-09531,46,AM,corridor_period,3.03933580102203,1.0134634602817942,0.0894034936218034,0.595287551890802,0.0924156154212117,0.6033021822019303,49,0.9987785166592626,0.5182140468904322,0.2609287893218969,2.697735996588404,False,False,high,110-09531,38222,40030,40599,mapped_primary_link
corridor-6b28060a6925413ca20f8a8fae3a474c,daily,state_transition,US1_SB,US1_SB::110-09531,46,PM,sensor_period,4.128582557367407,1.0000000000000002,0.4789590911113399,0.0500000001081341,0.2742124680667631,0.0500000001081342,18,0.99359086907591,-0.0287757008617017,0.1612413351836783,2.163346040949706,True,True,low,110-09531,38222,40030,40599,mapped_primary_link
corridor-6b28060a6925413ca20f8a8fae3a474c,daily,state_transition,US1_SB,US1_SB::110-09530,47,MD,corridor_period,6.156890651389472,1.029211830600726,0.1090302870477037,0.6515489132310351,0.1900436977539387,0.6705818497124273,168,0.9804574503633272,0.2661801130444671,0.7582660311847054,3.431335871321482,False,False,high,110-09530,39786,40607,40026,mapped_primary_link
corridor-6b28060a6925413ca20f8a8fae3a474c,daily,state_transition,US1_SB,US1_SB::110-09529,48,MD,corridor_period,6.156890651389472,1.029211830600726,0.1090302870477037,0.6515489132310351,0.1900436977539387,0.6705818497124273,168,0.9804574503633272,0.2661801130444671,0.7582660311847054,3.431335871321482,False,False,high,110-09529,38197,40022,40025,mapped_primary_link
corridor-6b28060a6925413ca20f8a8fae3a474c,daily,state_transition,US1_SB,US1_SB::110-09529,48,PM,sensor_period,4.218883210422475,1.0000000000000002,0.0248521874486332,1.8076151473729731,0.178846244632993,1.8076151473729736,21,0.9421093803834796,0.2292334212429989,0.3415179385244127,4.284233139494965,True,False,low,110-09529,38197,40022,40025,mapped_primary_link
corridor-6b28060a6925413ca20f8a8fae3a474c,daily,state_transition,US1_SB,US1_SB::110-09528,49,AM,sensor_period,3.032246488534641,1.0229842638151814,0.1348248239693915,0.5277282022831933,0.1291246936998633,0.5398576465071816,15,0.9905341249799804,0.1412573579487775,0.1188936781185722,2.4591781708854703,False,False,high,110-09528,38540,40125,40824,mapped_primary_link
corridor-6b28060a6925413ca20f8a8fae3a474c,daily,state_transition,US1_SB,US1_SB::110-09528,49,MD,sensor_period,6.091052748116021,1.042610720153183,0.0090441471592752,1.719710143129014,0.1078474199122311,1.7929882307824745,3,0.9976187602924528,0.9829883017645324,0.2571234618974843,0.7831791833053887,False,False,low,110-09528,38540,40125,40824,mapped_primary_link
corridor-6b28060a6925413ca20f8a8fae3a474c,daily,state_transition,US1_SB,US1_SB::110-09528,49,PM,sensor_period,4.044187989383782,1.0388432376353112,0.0089925494064715,1.9427000791689597,0.0724057144446949,2.018160839998257,19,0.9742454203529144,0.23716100299995,0.478250454061893,4.315463497954681,False,False,high,110-09528,38540,40125,40824,mapped_primary_link
corridor-6b28060a6925413ca20f8a8fae3a474c,daily,state_transition,US1_SB,US1_SB::110-09527,50,AM,corridor_period,3.03933580102203,1.0134634602817942,0.0894034936218034,0.595287551890802,0.0924156154212117,0.6033021822019303,49,0.9987785166592626,0.5182140468904322,0.2609287893218969,2.697735996588404,False,False,high,110-09527,40659,40897,40310,mapped_primary_link
corridor-6b28060a6925413ca20f8a8fae3a474c,daily,state_transition,US1_SB,US1_SB::110-09527,50,MD,sensor_period,6.049006874403622,1.0103240056304252,0.0195206073540022,1.1623988335583189,0.0843569199685307,1.1743994456607747,6,0.9982484050956862,0.318427270302998,0.190708998139872,4.625391047780145,False,False,medium,110-09527,40659,40897,40310,mapped_primary_link
corridor-6b28060a6925413ca20f8a8fae3a474c,daily,state_transition,US1_SB,US1_SB::110-09527,50,PM,sensor_period,4.025601810154549,1.0046529806336029,0.1324483759760125,0.1664856993695995,0.0890719677381263,0.167260354104538,14,0.9962123061760148,-0.1447450783925969,0.1758716005451922,4.748141763253464,False,False,high,110-09527,40659,40897,40310,mapped_primary_link
corridor-c4eb48e095194fb69d360d9059534ac1,daily,state_transition,US29_NB,US29_NB::110N17125,12,AM,sensor_period,3.689843313945604,1.0000000000000002,0.0767486497858731,1.0030765381470537,0.1516428080417322,1.003076538147054,4,,-9.270749849399353e-05,0.2220280621217355,0.3877678926528064,True,False,low,110N17125,25807,30063,30043,mapped_primary_link
corridor-c4eb48e095194fb69d360d9059534ac1,daily,state_transition,US29_NB,US29_NB::110N17125,12,MD,corridor_period,6.144295788857729,1.0381975196148352,0.0281551881522062,1.0740489583881043,0.1055394472589016,1.1150749645434272,186,0.985358639528066,0.6101993398856724,0.962075718553736,3.490431251716864,False,False,high,110N17125,25807,30063,30043,mapped_primary_link
corridor-c4eb48e095194fb69d360d9059534ac1,daily,state_transition,US29_NB,US29_NB::110-05737,16,AM,sensor_period,2.922959296796935,1.0393866069925708,0.2652945004361067,0.05,0.149285667201504,0.0519693303496285,3,0.995845412201871,-0.3205431871088504,0.3008909975958539,0.7546563843855091,False,True,low,110-05737,31274,34802,36293,mapped_primary_link
corridor-c4eb48e095194fb69d360d9059534ac1,daily,state_transition,US29_NB,US29_NB::110-05737,16,MD,sensor_period,6.0377605654038975,1.002120952937568,0.2104908514072904,0.0500000045826619,0.122821882800817,0.0501060522392599,6,0.9996672552809172,-0.1030538055507792,0.0294073062440749,0.1834874747117323,False,True,low,110-05737,31274,34802,36293,mapped_primary_link
corridor-c4eb48e095194fb69d360d9059534ac1,daily,state_transition,US29_NB,US29_NB::110-05737,16,PM,sensor_period,4.08319483167208,1.0000000000000002,0.248723294295304,0.0500000470469929,0.1423197666689057,0.0500000470469929,9,0.991785149931224,-0.0033440346527784,0.2691896934111157,1.3247079655533092,True,True,low,110-05737,31274,34802,36293,mapped_primary_link
corridor-c4eb48e095194fb69d360d9059534ac1,daily,state_transition,US29_NB,US29_NB::110-05739,17,AM,sensor_period,3.119885483690228,1.0000000000000002,0.0625303841341972,0.8328239783082387,0.0860241408204224,0.832823978308239,6,0.9863403145866868,-0.0194104073188678,0.2681916870532682,4.26696892848565,True,False,low,110-05739,29781,34352,34353,mapped_primary_link
corridor-c4eb48e095194fb69d360d9059534ac1,daily,state_transition,US29_NB,US29_NB::110-05739,17,MD,sensor_period,6.240042982931173,1.0000000000000002,0.1924709888337696,0.3288184713271054,0.1874288197214247,0.3288184713271055,9,0.9858122219621226,0.0550453795405437,0.3553404643342359,1.6811661443868031,True,False,low,110-05739,29781,34352,34353,mapped_primary_link
corridor-c4eb48e095194fb69d360d9059534ac1,daily,state_transition,US29_NB,US29_NB::110-05739,17,PM,corridor_period,4.036690112899046,1.0285060059507791,0.0366628118316236,0.9710405212398866,0.0758053275607608,0.9987210081167984,342,0.989644009392333,0.5117428541879504,0.7055441841156967,3.178907321444885,False,False,high,110-05739,29781,34352,34353,mapped_primary_link
corridor-c4eb48e095194fb69d360d9059534ac1,daily,state_transition,US29_NB,US29_NB::110-05738,18,AM,sensor_period,3.153720497142115,1.000000025744553,0.3813825788986761,0.397650220161814,0.3211565135811179,0.3976502303991412,14,0.9953630637446568,-0.0113666174831437,0.1889905314481777,2.824859230635084,True,False,low,110-05738,29796,34356,36312,mapped_primary_link
corridor-c4eb48e095194fb69d360d9059534ac1,daily,state_transition,US29_NB,US29_NB::110-05738,18,MD,sensor_period,6.254837632630303,1.0000000000000002,0.1441877987631684,0.6138503629884926,0.2369652947371621,0.6138503629884927,7,0.9750050258396302,-0.0597019215297629,0.400772022546547,2.797105810158792,True,False,low,110-05738,29796,34356,36312,mapped_primary_link
corridor-c4eb48e095194fb69d360d9059534ac1,daily,state_transition,US29_NB,US29_NB::110N06797,23,AM,sensor_period,3.0687323224701246,1.007985841495212,0.2668243322181767,0.3482074673348506,0.2102746515136957,0.3509881969764359,4,0.9999978264939372,0.9399321644962588,0.0089145283342904,0.5373901122567624,False,False,low,110N06797,35442,36548,34342,mapped_primary_link
corridor-c4eb48e095194fb69d360d9059534ac1,daily,state_transition,US29_NB,US29_NB::110N06797,23,MD,sensor_period,6.1128845052128336,1.015224710016091,0.1113913482226494,0.6223845649661278,0.1833148642675547,0.631860189486228,4,0.9996919082911508,0.9743240790009756,0.1001129781971396,0.4184964856752014,False,False,low,110N06797,35442,36548,34342,mapped_primary_link
corridor-c4eb48e095194fb69d360d9059534ac1,daily,state_transition,US29_NB,US29_NB::110N06797,23,PM,sensor_period,4.175188249315598,1.001962513750021,0.4874019961081889,0.077310720851583,0.2903159823855634,0.0774624442042783,18,0.9784199433818672,0.0012806885699023,0.2773981247858038,1.0706912035588676,False,False,high,110N06797,35442,36548,34342,mapped_primary_link
corridor-c4eb48e095194fb69d360d9059534ac1,daily,state_transition,US29_NB,US29_NB::110N06798,24,AM,sensor_period,3.0567514095647588,1.0000000248409582,0.3448843801055863,0.050000002278198,0.1945070112401192,0.050000003520246,11,0.9996703714193708,0.0016829623272108,0.0524379876633914,2.0170592590316314,True,True,low,110N06798,31826,35079,35081,mapped_primary_link
corridor-c4eb48e095194fb69d360d9059534ac1,daily,state_transition,US29_NB,US29_NB::110N06798,24,MD,sensor_period,6.083539677928856,1.0048566125165717,0.0845930697111706,0.6253316172289608,0.139537606170674,0.6283686105882029,6,0.9998946094549372,0.8570669026550963,0.0374470259481809,0.9067990847768176,False,False,medium,110N06798,31826,35079,35081,mapped_primary_link
corridor-c4eb48e095194fb69d360d9059534ac1,daily,state_transition,US29_NB,US29_NB::110N06798,24,PM,sensor_period,4.064059426759783,1.00147662139171,0.2649881976145279,0.1887844690248766,0.1841566723484675,0.1890632322102614,17,0.9996510669454308,0.0197030647173779,0.057669146393115,2.165417815931824,False,False,high,110N06798,31826,35079,35081,mapped_primary_link
corridor-c4eb48e095194fb69d360d9059534ac1,daily,state_transition,US29_NB,US29_NB::110-06800,27,AM,sensor_period,3.0455379287877125,1.0063205171937823,0.0195468266839517,1.9524550759921373,0.0917080051061247,1.9647956018700328,8,0.9883155791521973,-0.1145352748899868,0.0448136121420278,5.634356836042285,False,False,medium,110-06800,29772,34350,34414,mapped_primary_link
corridor-c4eb48e095194fb69d360d9059534ac1,daily,state_transition,US29_NB,US29_NB::110-06800,27,MD,corridor_period,6.144295788857729,1.0381975196148352,0.0281551881522062,1.0740489583881043,0.1055394472589016,1.1150749645434272,186,0.985358639528066,0.6101993398856724,0.962075718553736,3.490431251716864,False,False,high,110-06800,29772,34350,34414,mapped_primary_link
corridor-c4eb48e095194fb69d360d9059534ac1,daily,state_transition,US29_NB,US29_NB::110-06802,28,AM,sensor_period,3.317844623888175,1.0174349919096384,0.0706113172625409,2.5122031053738083,0.7662477502654019,2.556003346191369,13,0.8970987674512487,0.5511766698403856,0.1584816238696303,3.006311028869143,False,False,high,110-06802,39922,40651,40300,mapped_primary_link
corridor-c4eb48e095194fb69d360d9059534ac1,daily,state_transition,US29_NB,US29_NB::110-06803,30,AM,sensor_period,3.475610629897313,1.158339511035791,0.0541716125192115,3.999999999520818,4.215945210878946,4.6333580435881085,3,0.9999746157618314,0.9688903430076824,0.0011875333485043,0.7707073479232092,False,True,low,110-06803,39257,40435,40420,mapped_primary_link
corridor-c4eb48e095194fb69d360d9059534ac1,daily,state_transition,US29_NB,US29_NB::110-06803,30,MD,corridor_period,6.144295788857729,1.0381975196148352,0.0281551881522062,1.0740489583881043,0.1055394472589016,1.1150749645434272,186,0.985358639528066,0.6101993398856724,0.962075718553736,3.490431251716864,False,False,high,110-06803,39257,40435,40420,mapped_primary_link
corridor-c4eb48e095194fb69d360d9059534ac1,daily,state_transition,US29_NB,US29_NB::110-06803,30,PM,sensor_period,4.0234633418984,1.000401682148398,0.1483992796893913,0.1283248082059559,0.0946271382473312,0.1283763539906089,6,0.999987778296281,0.0351847937548843,0.0052540388793433,1.49132552207848,True,False,low,110-06803,39257,40435,40420,mapped_primary_link
corridor-c4eb48e095194fb69d360d9059534ac1,daily,state_transition,US29_NB,US29_NB::110-06792,34,AM,sensor_period,3.316091848157891,1.0000000000000002,0.0431818871512158,1.0047312935972046,0.0768051132965369,1.0047312935972048,5,,-0.0012680695872182,0.3161251594559687,0.685141227380281,True,False,low,110-06792,29854,34373,34686,mapped_primary_link
corridor-c4eb48e095194fb69d360d9059534ac1,daily,state_transition,US29_NB,US29_NB::110-06792,34,MD,corridor_period,6.144295788857729,1.0381975196148352,0.0281551881522062,1.0740489583881043,0.1055394472589016,1.1150749645434272,186,0.985358639528066,0.6101993398856724,0.962075718553736,3.490431251716864,False,False,high,110-06792,29854,34373,34686,mapped_primary_link
corridor-c4eb48e095194fb69d360d9059534ac1,daily,state_transition,US29_NB,US29_NB::110-06792,34,PM,sensor_period,4.45952049610216,1.0000000000000002,0.0454566109284367,1.0054200086214171,0.1089941259289091,1.0054200086214171,5,,-0.0003603220092052,0.3788902926202901,0.9233217598331565,True,False,low,110-06792,29854,34373,34686,mapped_primary_link
corridor-c4eb48e095194fb69d360d9059534ac1,daily,state_transition,US29_NB,US29_NB::110-06791,35,AM,sensor_period,3.055164119103718,1.0000001976184227,0.4053926019107079,0.0500000001477732,0.2286263453825656,0.0500000100286944,6,0.9997405308137652,-0.0652738851858349,0.0559450360528584,0.7684894310076906,True,True,low,110-06791,34639,36290,36291,mapped_primary_link
corridor-c4eb48e095194fb69d360d9059534ac1,daily,state_transition,US29_NB,US29_NB::110-06791,35,MD,sensor_period,5.6770232819368704,1.0661410261575368,0.0168052109220632,1.0527223794188407,0.0557599540600014,1.1223505178526068,6,0.9840112215716588,0.2466323218468926,0.2267953312357657,1.1371368795276997,False,False,medium,110-06791,34639,36290,36291,mapped_primary_link
corridor-c4eb48e095194fb69d360d9059534ac1,daily,state_transition,US29_NB,US29_NB::110-06791,35,PM,sensor_period,4.001118501737072,1.018627497121415,0.1173236521573252,0.4453552201872687,0.1160296381495208,0.4536510732693143,4,0.9991324056874826,0.8415673244121653,0.1797246308658207,0.4816924579138135,False,False,low,110-06791,34639,36290,36291,mapped_primary_link
corridor-c4eb48e095194fb69d360d9059534ac1,daily,state_transition,US29_NB,US29_NB::110-06793,37,AM,corridor_period,3.100990996326788,1.0141999048314545,0.1538225664268547,0.5128405794801397,0.1465818453672317,0.5201228669024656,216,0.9891347768655706,0.2773118619342293,0.9307393848753304,4.400470305945996,False,False,high,110-06793,35399,36535,34352,mapped_primary_link
corridor-c4eb48e095194fb69d360d9059534ac1,daily,state_transition,US29_NB,US29_NB::110-06793,37,MD,sensor_period,6.216751900902672,1.0000000000000002,0.4259787552069548,0.0500000000431291,0.248922895945017,0.0500000000431291,8,0.8538094229527291,-0.018041335206701,0.3131757169996381,1.1935618038724063,True,True,low,110-06793,35399,36535,34352,mapped_primary_link
corridor-c4eb48e095194fb69d360d9059534ac1,daily,state_transition,US29_NB,US29_NB::110-06793,37,PM,sensor_period,4.140998053445768,1.0000000000000002,0.13111030283742,0.4947787532849128,0.141242697750791,0.4947787532849129,14,0.9624333364416946,0.0670144049943957,0.3507165139479878,1.1922624343468426,True,False,low,110-06793,35399,36535,34352,mapped_primary_link
corridor-c4eb48e095194fb69d360d9059534ac1,daily,state_transition,US29_NB,US29_NB::110-06790,38,AM,sensor_period,2.9084537204650363,1.0533731694872883,0.0284567294629664,0.7713729181316792,0.0345812067657547,0.8125435356290256,3,0.9997519989897614,-0.3664545976223941,0.0434857183805091,6.590818860224291,False,False,low,110-06790,30911,34689,34690,mapped_primary_link
corridor-c4eb48e095194fb69d360d9059534ac1,daily,state_transition,US29_NB,US29_NB::110-06790,38,MD,sensor_period,6.068166758563089,1.000592487442225,0.1476819273564631,0.0974174162461229,0.0938878769470161,0.0974751348419027,14,0.9972539175999644,0.0371837566622286,0.1704256442902743,0.6433284344147342,True,False,low,110-06790,30911,34689,34690,mapped_primary_link
corridor-c4eb48e095194fb69d360d9059534ac1,daily,state_transition,US29_NB,US29_NB::110-06790,38,PM,sensor_period,4.016908534914987,1.0000829060696104,0.0689352868497294,0.5229578176337643,0.0760764655790973,0.5230011740109963,10,0.999994463083866,0.5605781730786621,0.0083475798616916,1.078587016523868,True,False,low,110-06790,30911,34689,34690,mapped_primary_link
corridor-c4eb48e095194fb69d360d9059534ac1,daily,state_transition,US29_NB,US29_NB::110-06799,39,AM,corridor_period,3.100990996326788,1.0141999048314545,0.1538225664268547,0.5128405794801397,0.1465818453672317,0.5201228669024656,216,0.9891347768655706,0.2773118619342293,0.9307393848753304,4.400470305945996,False,False,high,110-06799,35455,36554,34747,mapped_primary_link
corridor-c4eb48e095194fb69d360d9059534ac1,daily,state_transition,US29_NB,US29_NB::110-06796,40,AM,corridor_period,3.100990996326788,1.0141999048314545,0.1538225664268547,0.5128405794801397,0.1465818453672317,0.5201228669024656,216,0.9891347768655706,0.2773118619342293,0.9307393848753304,4.400470305945996,False,False,high,110-06796,29759,34346,34347,mapped_primary_link
corridor-c4eb48e095194fb69d360d9059534ac1,daily,state_transition,US29_NB,US29_NB::110-06796,40,MD,sensor_period,6.359947231844691,1.0000000000000002,0.7656249041746469,0.0500012414897912,0.4479076218630297,0.0500012414897912,14,0.9089194312388154,-0.0117426587553961,0.550543798765916,2.914072558861254,True,True,low,110-06796,29759,34346,34347,mapped_primary_link
corridor-c4eb48e095194fb69d360d9059534ac1,daily,state_transition,US29_NB,US29_NB::110-06796,40,PM,sensor_period,4.244875177220184,1.0000000000126668,0.6804093585196955,0.0500000000337436,0.3900876963279183,0.050000000034377,3,0.989128712816649,-0.0159457250883725,0.3258006140838907,2.529060288500067,True,True,low,110-06796,29759,34346,34347,mapped_primary_link
corridor-c4eb48e095194fb69d360d9059534ac1,daily,state_transition,US29_NB,US29_NB::110-06795,41,MD,sensor_period,6.053322630902581,1.0091138002851827,0.0030786147734135,2.5387790322631743,0.1587316733945961,2.56191695733143,7,0.9997556818624712,0.3683168130700402,0.0126561432756811,1.5213065936120824,False,False,medium,110-06795,35415,36540,34338,mapped_primary_link
corridor-c4eb48e095194fb69d360d9059534ac1,daily,state_transition,US29_NB,US29_NB::110-06798,42,AM,corridor_period,3.100990996326788,1.0141999048314545,0.1538225664268547,0.5128405794801397,0.1465818453672317,0.5201228669024656,216,0.9891347768655706,0.2773118619342293,0.9307393848753304,4.400470305945996,False,False,high,110-06798,29753,34344,36552,mapped_primary_link
corridor-c4eb48e095194fb69d360d9059534ac1,daily,state_transition,US29_NB,US29_NB::110-06798,42,MD,corridor_period,6.144295788857729,1.0381975196148352,0.0281551881522062,1.0740489583881043,0.1055394472589016,1.1150749645434272,186,0.985358639528066,0.6101993398856724,0.962075718553736,3.490431251716864,False,False,high,110-06798,29753,34344,36552,mapped_primary_link
corridor-c4eb48e095194fb69d360d9059534ac1,daily,state_transition,US29_NB,US29_NB::110-06798,42,PM,sensor_period,4.322791878043618,1.1212656313184224,0.0058005070732357,3.999999999999991,1.0802443311199892,4.48506252527368,3,0.9978688890213367,0.9185126686689128,0.0339757528262329,2.082442663595713,False,True,low,110-06798,29753,34344,36552,mapped_primary_link
corridor-c4eb48e095194fb69d360d9059534ac1,daily,state_transition,US29_NB,US29_NB::110-06797,43,MD,corridor_period,6.144295788857729,1.0381975196148352,0.0281551881522062,1.0740489583881043,0.1055394472589016,1.1150749645434272,186,0.985358639528066,0.6101993398856724,0.962075718553736,3.490431251716864,False,False,high,110-06797,29739,34341,36548,mapped_primary_link
corridor-c4eb48e095194fb69d360d9059534ac1,daily,state_transition,US29_NB,US29_NB::110-06797,43,PM,sensor_period,4.173354259326546,1.0000000000000002,0.1164787328305228,0.6257439820695816,0.1518833884622218,0.6257439820695817,21,0.962732855002228,0.1513665919800096,0.208767737756324,0.7933742826228423,True,False,low,110-06797,29739,34341,36548,mapped_primary_link
corridor-c4eb48e095194fb69d360d9059534ac1,daily,state_transition,US29_NB,US29_NB::110-06783,44,MD,sensor_period,6.478653854146758,1.0000007919630964,0.0279898078995512,1.0026576861484604,0.0971941429155592,1.0026584802163463,5,,-0.0029726979571793,0.1706199318474305,0.8902522260156178,True,False,low,110-06783,27053,30526,30108,mapped_primary_link
corridor-c4eb48e095194fb69d360d9059534ac1,daily,state_transition,US29_NB,US29_NB::110-06783,44,PM,sensor_period,4.290843940218218,1.0000000000000002,4.5399929762484935e-05,3.039919185312105,0.0020273683252687,3.039919185312106,15,-19.920159418158157,0.0634709894448828,0.2852300396435471,0.8853049733081031,True,False,low,110-06783,27053,30526,30108,mapped_primary_link
corridor-c4eb48e095194fb69d360d9059534ac1,daily,state_transition,US29_NB,US29_NB::110-06789,45,AM,sensor_period,3.043794017021626,1.005058887181337,0.0977786527567628,0.4890633946355862,0.0898800870946318,0.4915375111735694,13,0.9954604325869773,0.2579940539883727,0.3420594450327326,3.1301299426150635,False,False,high,110-06789,33499,35915,34691,mapped_primary_link
corridor-c4eb48e095194fb69d360d9059534ac1,daily,state_transition,US29_NB,US29_NB::110-06789,45,MD,sensor_period,6.078658950271441,1.0151024216626372,0.2484510572751913,0.0511044855604008,0.1453100560845647,0.0518762870501862,4,0.997764313588218,0.0242144329560209,0.1837691247951434,1.2753456270386625,False,False,low,110-06789,33499,35915,34691,mapped_primary_link
corridor-c4eb48e095194fb69d360d9059534ac1,daily,state_transition,US29_NB,US29_NB::110-06789,45,PM,sensor_period,4.069994418969849,1.0000000000000016,0.2612278338141348,0.1229294040370156,0.1655599098637462,0.1229294040370158,11,0.9971983989632448,0.0299228360417843,0.1652130460851481,1.4575943295037592,True,False,low,110-06789,33499,35915,34691,mapped_primary_link
corridor-c4eb48e095194fb69d360d9059534ac1,daily,state_transition,US29_NB,US29_NB::110-06788,46,AM,sensor_period,3.050026816821928,1.0000007044211534,0.2551574809361348,0.211972293229854,0.1723717103025324,0.2119724425476213,15,0.9998396870611304,0.1285972572178583,0.0826710156886023,3.176566539848067,True,False,low,110-06788,30086,34441,34442,mapped_primary_link
corridor-c4eb48e095194fb69d360d9059534ac1,daily,state_transition,US29_NB,US29_NB::110-06788,46,MD,corridor_period,6.144295788857729,1.0381975196148352,0.0281551881522062,1.0740489583881043,0.1055394472589016,1.1150749645434272,186,0.985358639528066,0.6101993398856724,0.962075718553736,3.490431251716864,False,False,high,110-06788,30086,34441,34442,mapped_primary_link
corridor-c4eb48e095194fb69d360d9059534ac1,daily,state_transition,US29_NB,US29_NB::110-06788,46,PM,sensor_period,4.073070252712499,1.0000000000000002,0.2682398144977367,0.0951189689328747,0.1635072861757277,0.0951189689328747,7,0.996097860730595,0.0561455397141893,0.1851300253528474,0.7346295464536449,True,False,low,110-06788,30086,34441,34442,mapped_primary_link
corridor-c4eb48e095194fb69d360d9059534ac1,daily,state_transition,US29_NB,US29_NB::110-06785,47,AM,sensor_period,3.208072818768934,1.0000223280943417,0.035142628911658,1.0052321422626918,0.060495898855091,1.0052545871807994,4,,-0.0432494495258231,0.1294202507122994,3.4511580768834262,True,False,low,110-06785,26886,30472,30036,mapped_primary_link
corridor-c4eb48e095194fb69d360d9059534ac1,daily,state_transition,US29_NB,US29_NB::110-06785,47,MD,sensor_period,6.4813972312275165,1.0000000000000002,4.5399929762484935e-05,3.0987016518960577,0.0079281683249045,3.0987016518960586,5,-2.5349719340839063,0.1043514223265507,0.1880152103975608,1.285930813063804,True,False,low,110-06785,26886,30472,30036,mapped_primary_link
corridor-c4eb48e095194fb69d360d9059534ac1,daily,state_transition,US29_NB,US29_NB::110-06785,47,PM,sensor_period,4.288503415060634,1.0000000000000002,0.4763118101861316,0.1384627572355698,0.3107712802631119,0.1384627572355698,14,-5.231409512702806,-0.002798738132959,0.3214450862129163,1.0158191764694011,True,False,low,110-06785,26886,30472,30036,mapped_primary_link
corridor-c4eb48e095194fb69d360d9059534ac1,daily,state_transition,US29_NB,US29_NB::110-06784,48,AM,sensor_period,3.232019401051076,1.0000000000000002,0.0335364219570711,1.0072112452673807,0.0582993018517951,1.007211245267381,5,,-0.016239453852654,0.4372920647786668,0.9980041201133246,True,False,low,110-06784,26902,30478,30293,mapped_primary_link
corridor-c4eb48e095194fb69d360d9059534ac1,daily,state_transition,US29_NB,US29_NB::110-06784,48,MD,corridor_period,6.144295788857729,1.0381975196148352,0.0281551881522062,1.0740489583881043,0.1055394472589016,1.1150749645434272,186,0.985358639528066,0.6101993398856724,0.962075718553736,3.490431251716864,False,False,high,110-06784,26902,30478,30293,mapped_primary_link
corridor-c4eb48e095194fb69d360d9059534ac1,daily,state_transition,US29_NB,US29_NB::110-06784,48,PM,sensor_period,4.302295135922581,1.000000000049197,0.0320053187973269,1.002044727637163,0.0736574753722435,1.0020447276864606,16,,-0.0002976386099957,0.332999032895867,0.6603527003552611,True,False,low,110-06784,26902,30478,30293,mapped_primary_link
corridor-c4eb48e095194fb69d360d9059534ac1,daily,state_transition,US29_NB,US29_NB::110-06787,49,AM,sensor_period,3.2166265051955905,1.0000000000000002,4.539992976248784e-05,3.040815768388734,0.000845212214252,3.0408157683887347,7,-29.041350545654325,0.0856231411121571,0.479487533719337,0.6244747134905536,True,False,low,110-06787,27281,30598,30042,mapped_primary_link
corridor-c4eb48e095194fb69d360d9059534ac1,daily,state_transition,US29_NB,US29_NB::110-06787,49,MD,sensor_period,6.431410908211442,1.0000000000000002,0.0111317156187189,1.3477304957036875,0.0729356444188656,1.3477304957036875,6,0.1182804062891931,0.0072124823082568,0.3433202078693874,1.1816749314568022,True,False,low,110-06787,27281,30598,30042,mapped_primary_link
corridor-c4eb48e095194fb69d360d9059534ac1,daily,state_transition,US29_NB,US29_NB::110-06787,49,PM,sensor_period,4.23865070007475,1.0000000000000002,0.6056634346927822,0.05,0.3472093921140844,0.05,8,0.8795372688509566,-0.011249925424978,0.4238340975553705,0.7814922723599634,True,True,low,110-06787,27281,30598,30042,mapped_primary_link
corridor-c4eb48e095194fb69d360d9059534ac1,daily,state_transition,US29_NB,US29_NB::110-06786,50,AM,sensor_period,2.96494272508327,1.0172846767321324,0.081335724946401,0.4159542289622313,0.0681737603211426,0.4231438633452068,5,0.9978394671692096,0.4536957037486658,0.2302595832263996,0.7545207233113816,False,False,medium,110-06786,26568,30304,30051,mapped_primary_link
corridor-c4eb48e095194fb69d360d9059534ac1,daily,state_transition,US29_NB,US29_NB::110-06786,50,MD,sensor_period,6.078645649577,1.000000236027188,0.3110952160490677,0.05,0.1815860166972476,0.0500000118013594,3,0.9997620429421108,-0.1571817884362241,0.0446418005889226,0.3277379824154278,True,True,low,110-06786,26568,30304,30051,mapped_primary_link
corridor-c4eb48e095194fb69d360d9059534ac1,daily,state_transition,US29_NB,US29_NB::110-06786,50,PM,sensor_period,4.013603876807185,1.0054595908861883,0.2619479311966537,0.0500000066262343,0.1497581374736998,0.0502729862067203,12,0.99862970633571,-0.0597487555212798,0.1271400343141635,0.6439351352271074,False,True,low,110-06786,26568,30304,30051,mapped_primary_link
corridor-c4eb48e095194fb69d360d9059534ac1,daily,state_transition,US29_NB,US29_NB::110-07974,51,AM,sensor_period,3.035610628259169,1.0024918606385056,0.171912560215418,0.050000000000954,0.0969211680215829,0.0501245930328816,7,0.9996826091084536,-0.0968727722576909,0.0154286476614044,3.00493374110492,False,True,low,110-07974,27031,30519,30129,mapped_primary_link
corridor-c4eb48e095194fb69d360d9059534ac1,daily,state_transition,US29_NB,US29_NB::110-07974,51,PM,corridor_period,4.036690112899046,1.0285060059507791,0.0366628118316236,0.9710405212398866,0.0758053275607608,0.9987210081167984,342,0.989644009392333,0.5117428541879504,0.7055441841156967,3.178907321444885,False,False,high,110-07974,27031,30519,30129,mapped_primary_link
corridor-c4eb48e095194fb69d360d9059534ac1,daily,state_transition,US29_NB,US29_NB::110-07975,52,AM,corridor_period,3.100990996326788,1.0141999048314545,0.1538225664268547,0.5128405794801397,0.1465818453672317,0.5201228669024656,216,0.9891347768655706,0.2773118619342293,0.9307393848753304,4.400470305945996,False,False,high,110-07975,25976,30114,30210,mapped_primary_link
corridor-c4eb48e095194fb69d360d9059534ac1,daily,state_transition,US29_NB,US29_NB::110-07975,52,MD,corridor_period,6.144295788857729,1.0381975196148352,0.0281551881522062,1.0740489583881043,0.1055394472589016,1.1150749645434272,186,0.985358639528066,0.6101993398856724,0.962075718553736,3.490431251716864,False,False,high,110-07975,25976,30114,30210,mapped_primary_link
corridor-c4eb48e095194fb69d360d9059534ac1,daily,state_transition,US29_NB,US29_NB::110-07975,52,PM,sensor_period,4.741022936759848,1.0000000000000002,0.0641939660532359,0.997765008761388,0.161753774801666,0.9977650087613882,7,,-0.0025358287154848,0.7240842647088787,0.560326313564578,True,False,low,110-07975,25976,30114,30210,mapped_primary_link
corridor-c4eb48e095194fb69d360d9059534ac1,daily,state_transition,US29_NB,US29_NB::110-07954,53,AM,sensor_period,3.5873835398807783,1.0000000000000002,4.539993000014978e-05,3.3150209426382884,0.001671683183136,3.3150209426382893,10,-10.64423095184438,0.0435298182228985,0.5118546633728157,0.9974113586766856,True,False,low,110-07954,30020,34421,34422,mapped_primary_link
corridor-c4eb48e095194fb69d360d9059534ac1,daily,state_transition,US29_NB,US29_NB::110-07954,53,MD,sensor_period,7.164942569706486,1.0000000000000002,0.0622445431708714,1.0057612368332944,0.2405690806342254,1.0057612368332949,4,,-0.0084814005401154,0.4891816130713173,1.474244611769113,True,False,low,110-07954,30020,34421,34422,mapped_primary_link
corridor-c4eb48e095194fb69d360d9059534ac1,daily,state_transition,US29_NB,US29_NB::110-07954,53,PM,corridor_period,4.036690112899046,1.0285060059507791,0.0366628118316236,0.9710405212398866,0.0758053275607608,0.9987210081167984,342,0.989644009392333,0.5117428541879504,0.7055441841156967,3.178907321444885,False,False,high,110-07954,30020,34421,34422,mapped_primary_link
corridor-c4eb48e095194fb69d360d9059534ac1,daily,state_transition,US29_NB,US29_NB::110-07955,54,MD,sensor_period,6.29113375330992,1.0000000000000002,0.0004979785611896,2.288041618478684,0.0178539527766946,2.288041618478684,5,0.8075493505184794,0.5609219350718648,0.5910143219998648,1.030634327392886,True,False,low,110-07955,34629,36287,34693,mapped_primary_link
corridor-c4eb48e095194fb69d360d9059534ac1,daily,state_transition,US29_NB,US29_NB::110-07955,54,PM,sensor_period,3.932844834330216,1.0387616675915992,0.4110873186083217,0.1472289729585155,0.268219828690743,0.1529358134681861,17,0.9813111806306766,-0.0818578492706496,0.3213619618034317,3.186991172675485,False,False,high,110-07955,34629,36287,34693,mapped_primary_link
corridor-c4eb48e095194fb69d360d9059534ac1,daily,state_transition,US29_NB,US29_NB::110-07953,55,AM,corridor_period,3.100990996326788,1.0141999048314545,0.1538225664268547,0.5128405794801397,0.1465818453672317,0.5201228669024656,216,0.9891347768655706,0.2773118619342293,0.9307393848753304,4.400470305945996,False,False,high,110-07953,26532,30293,30102,mapped_primary_link
corridor-c4eb48e095194fb69d360d9059534ac1,daily,state_transition,US29_NB,US29_NB::110-07953,55,MD,sensor_period,6.723390043988252,1.0000000000000002,0.0500083391290877,1.0008699516923734,0.1796178226632961,1.0008699516923736,4,,-2.4208929898517084e-06,0.4223936202593403,0.1863466770981147,True,False,low,110-07953,26532,30293,30102,mapped_primary_link
corridor-c4eb48e095194fb69d360d9059534ac1,daily,state_transition,US29_NB,US29_NB::110-07953,55,PM,sensor_period,4.520048034524716,1.0000000000000002,4.5399929762484935e-05,3.2907782057576256,0.0034672437961896,3.2907782057576265,17,-13.96563279362914,0.0677499349025049,0.455122825258184,1.159630395698483,True,False,low,110-07953,26532,30293,30102,mapped_primary_link
corridor-c4eb48e095194fb69d360d9059534ac1,daily,state_transition,US29_NB,US29_NB::110-17131,56,MD,sensor_period,6.051771385326127,1.0057222827578418,0.0790697476644436,0.5004706628440043,0.1038289209475078,0.5033344974888022,14,0.999560311772556,0.188016735145866,0.0735937824438443,2.9161329075081244,False,False,high,110-17131,29747,34343,34345,mapped_primary_link
corridor-c4eb48e095194fb69d360d9059534ac1,daily,state_transition,US29_NB,US29_NB::110-17131,56,PM,sensor_period,4.015201373916941,1.0005606724379752,0.0979523546497672,0.1219918375373283,0.0618957706996183,0.1220602349982934,9,0.99997587774159,0.0491553712969153,0.0099209258854859,0.5855368846022377,True,False,low,110-17131,29747,34343,34345,mapped_primary_link
corridor-c4eb48e095194fb69d360d9059534ac1,daily,state_transition,US29_NB,US29_NB::110-17130,57,MD,sensor_period,6.198966880916493,1.0273463429482714,0.0339033728206327,0.0500000000015265,0.0198087740929936,0.0513673171489818,3,0.9998408897187546,-0.1648489092919467,0.0053598736202317,0.4332688231516623,False,True,low,110-17130,35740,36648,34360,mapped_primary_link
corridor-c4eb48e095194fb69d360d9059534ac1,daily,state_transition,US29_NB,US29_NB::110-17130,57,PM,sensor_period,4.00799326386607,1.0002060979288023,0.0222917118050617,1.506210342721378,0.0962225817475963,1.5065207695533536,4,0.999936222611607,-0.0669974901844716,0.0021756557735077,1.356499362955114,True,False,low,110-17130,35740,36648,34360,mapped_primary_link
corridor-c4eb48e095194fb69d360d9059534ac1,daily,state_transition,US29_NB,US29_NB::110-17128,58,AM,corridor_period,3.100990996326788,1.0141999048314545,0.1538225664268547,0.5128405794801397,0.1465818453672317,0.5201228669024656,216,0.9891347768655706,0.2773118619342293,0.9307393848753304,4.400470305945996,False,False,high,110-17128,30078,34439,34805,mapped_primary_link
corridor-c4eb48e095194fb69d360d9059534ac1,daily,state_transition,US29_NB,US29_NB::110-17128,58,MD,corridor_period,6.144295788857729,1.0381975196148352,0.0281551881522062,1.0740489583881043,0.1055394472589016,1.1150749645434272,186,0.985358639528066,0.6101993398856724,0.962075718553736,3.490431251716864,False,False,high,110-17128,30078,34439,34805,mapped_primary_link
corridor-c4eb48e095194fb69d360d9059534ac1,daily,state_transition,US29_NB,US29_NB::110-17128,58,PM,sensor_period,4.158803604560688,1.0000000000000002,0.6820007137419536,0.0500000000000034,0.3905997650202015,0.0500000000000034,18,0.9868921203899677,-0.0048195392369436,0.2451541112880132,2.130687509012595,True,True,low,110-17128,30078,34439,34805,mapped_primary_link
corridor-c4eb48e095194fb69d360d9059534ac1,daily,state_transition,US29_NB,US29_NB::110-17129,59,AM,sensor_period,3.059327672403895,1.0179964208885868,0.6524335847626928,0.0500015494636478,0.367973962002832,0.0509013983928771,7,0.9844244673264944,-0.0004681875501226,0.2919389682542928,0.6825444971918018,False,True,low,110-17129,34614,36282,35919,mapped_primary_link
corridor-c4eb48e095194fb69d360d9059534ac1,daily,state_transition,US29_NB,US29_NB::110-17129,59,MD,corridor_period,6.144295788857729,1.0381975196148352,0.0281551881522062,1.0740489583881043,0.1055394472589016,1.1150749645434272,186,0.985358639528066,0.6101993398856724,0.962075718553736,3.490431251716864,False,False,high,110-17129,34614,36282,35919,mapped_primary_link
corridor-c4eb48e095194fb69d360d9059534ac1,daily,state_transition,US29_NB,US29_NB::110-17129,59,PM,sensor_period,4.163290068009473,1.0000000000000002,0.5659538419075952,0.0500000000000008,0.3241541409148232,0.0500000000000009,13,0.9641172788373074,-0.0448376235217746,0.2789088201836255,1.992345542515211,True,True,low,110-17129,34614,36282,35919,mapped_primary_link
corridor-c4eb48e095194fb69d360d9059534ac1,daily,state_transition,US29_NB,US29_NB::110-17124,60,AM,corridor_period,3.100990996326788,1.0141999048314545,0.1538225664268547,0.5128405794801397,0.1465818453672317,0.5201228669024656,216,0.9891347768655706,0.2773118619342293,0.9307393848753304,4.400470305945996,False,False,high,110-17124,26557,30301,30510,mapped_primary_link
corridor-c4eb48e095194fb69d360d9059534ac1,daily,state_transition,US29_NB,US29_NB::110-17124,60,MD,corridor_period,6.144295788857729,1.0381975196148352,0.0281551881522062,1.0740489583881043,0.1055394472589016,1.1150749645434272,186,0.985358639528066,0.6101993398856724,0.962075718553736,3.490431251716864,False,False,high,110-17124,26557,30301,30510,mapped_primary_link
corridor-c4eb48e095194fb69d360d9059534ac1,daily,state_transition,US29_NB,US29_NB::110-17124,60,PM,sensor_period,4.259834000391177,1.0000000000000002,0.0100308552849899,1.4839464648815708,0.0459538316417798,1.483946464881571,21,0.7867688511990103,0.0457678893042942,0.5054487874673419,2.53244746322355,True,False,low,110-17124,26557,30301,30510,mapped_primary_link
corridor-c4eb48e095194fb69d360d9059534ac1,daily,state_transition,US29_NB,US29_NB::110-17125,61,AM,sensor_period,3.465791609265332,1.0000163731822869,0.0605734023417807,1.0006349742560658,0.1120536229261214,1.000651357834902,5,,-0.0005413832736391,0.2544168252898079,0.949530331951298,True,False,low,110-17125,30027,34423,34008,mapped_primary_link
corridor-c4eb48e095194fb69d360d9059534ac1,daily,state_transition,US29_NB,US29_NB::110-17125,61,MD,sensor_period,7.024138034324057,1.0000000000000002,0.0724299316787498,0.9948956805037176,0.2686510607065859,0.9948956805037178,18,,-0.0128596964395817,0.5393832501990464,1.859623193299168,True,False,low,110-17125,30027,34423,34008,mapped_primary_link
corridor-c4eb48e095194fb69d360d9059534ac1,daily,state_transition,US29_NB,US29_NB::110-17126,62,AM,sensor_period,3.1543447971643355,1.0000000000000002,0.0116675100840545,1.207478810511353,0.0249114585773207,1.2074788105113532,17,-5.823886115367685,0.0013888851665067,0.5459874461670627,1.098992517150486,True,False,low,110-17126,30094,34443,34426,mapped_primary_link
corridor-c4eb48e095194fb69d360d9059534ac1,daily,state_transition,US29_NB,US29_NB::110-17126,62,MD,corridor_period,6.144295788857729,1.0381975196148352,0.0281551881522062,1.0740489583881043,0.1055394472589016,1.1150749645434272,186,0.985358639528066,0.6101993398856724,0.962075718553736,3.490431251716864,False,False,high,110-17126,30094,34443,34426,mapped_primary_link
corridor-c4eb48e095194fb69d360d9059534ac1,daily,state_transition,US29_NB,US29_NB::110-17126,62,PM,sensor_period,4.18703398509573,1.0000000000000002,0.0204776010233899,0.9986598939170204,0.0456405501105403,0.9986598939170208,5,,-0.0003757057636339,0.3740300558089445,0.5071652605078009,True,False,low,110-17126,30094,34443,34426,mapped_primary_link
corridor-c4eb48e095194fb69d360d9059534ac1,daily,state_transition,US29_NB,US29_NB::110-17127,63,AM,sensor_period,3.036170209030216,1.0004742850958852,0.2766112292085503,0.05,0.1559498065115206,0.0500237142547942,12,0.9995176646834292,-0.0333724562365169,0.1469480067278094,1.4896629107928383,True,True,low,110-17127,30084,34440,36098,mapped_primary_link
corridor-c4eb48e095194fb69d360d9059534ac1,daily,state_transition,US29_NB,US29_NB::110-17127,63,MD,corridor_period,6.144295788857729,1.0381975196148352,0.0281551881522062,1.0740489583881043,0.1055394472589016,1.1150749645434272,186,0.985358639528066,0.6101993398856724,0.962075718553736,3.490431251716864,False,False,high,110-17127,30084,34440,36098,mapped_primary_link
corridor-c4eb48e095194fb69d360d9059534ac1,daily,state_transition,US29_NB,US29_NB::110-17127,63,PM,sensor_period,4.019640165832561,1.005474748615732,0.1235767191830784,0.3132640437439205,0.1019073497500123,0.3149790856337661,14,0.9992875702902604,0.2066650807332318,0.1271276194105337,1.0697217715366605,False,False,high,110-17127,30084,34440,36098,mapped_primary_link
corridor-c4eb48e095194fb69d360d9059534ac1,daily,state_transition,US29_NB,US29_NB::110-17121,64,AM,corridor_period,3.100990996326788,1.0141999048314545,0.1538225664268547,0.5128405794801397,0.1465818453672317,0.5201228669024656,216,0.9891347768655706,0.2773118619342293,0.9307393848753304,4.400470305945996,False,False,high,110-17121,25959,30108,30109,mapped_primary_link
corridor-c4eb48e095194fb69d360d9059534ac1,daily,state_transition,US29_NB,US29_NB::110-17122,65,AM,sensor_period,3.147546107090609,1.0000000000000002,0.0277222862127407,1.1816730140121083,0.0573149560824327,1.1816730140121086,12,0.9815875895539804,0.1550522144673155,0.3313535655172855,2.8700131093033816,True,False,low,110-17122,26629,30323,30027,mapped_primary_link
corridor-c4eb48e095194fb69d360d9059534ac1,daily,state_transition,US29_NB,US29_NB::110-17122,65,PM,sensor_period,3.9727703250213167,1.028433661618715,0.8460763003746199,0.050000542728773,0.4834630150071841,0.0514222412414751,10,0.8301571893392777,-0.0006451343357998,0.1559126430916231,2.7673536840126505,False,True,low,110-17122,26629,30323,30027,mapped_primary_link
corridor-c4eb48e095194fb69d360d9059534ac1,daily,state_transition,US29_NB,US29_NB::110-17123,66,AM,sensor_period,3.1883341206027294,1.0000000000000002,0.0307332932951623,1.0005301921180507,0.0522924079918896,1.000530192118051,5,,-0.0076930078190409,0.166143081048676,0.9327086385480784,True,False,low,110-17123,25662,30020,30619,mapped_primary_link
corridor-c4eb48e095194fb69d360d9059534ac1,daily,state_transition,US29_NB,US29_NB::110-17123,66,MD,sensor_period,6.490258379249428,1.0000000000000002,0.031938129546943,1.0058854027920847,0.1117765450228379,1.005885402792085,9,,-0.0027305359080167,0.3102759462118071,1.237933466597817,True,False,low,110-17123,25662,30020,30619,mapped_primary_link
corridor-c4eb48e095194fb69d360d9059534ac1,daily,state_transition,US29_NB,US29_NB::110-17123,66,PM,sensor_period,4.266454518260347,1.0000000000000002,0.0261974213366713,1.0078986598872772,0.0602977461476912,1.0078986598872774,7,,-0.0167156623833317,0.2314696279921259,1.1869124743629351,True,False,low,110-17123,25662,30020,30619,mapped_primary_link
corridor-c4eb48e095194fb69d360d9059534ac1,daily,state_transition,US29_NB,US29_NB::110-06534,69,AM,sensor_period,3.0523192828916894,1.0000000005259273,0.2299733134600399,0.3677976175418057,0.1848936156614479,0.3677976177352405,5,0.9999560765575104,0.2991869479713407,0.024274121631821,2.3374489306115334,True,False,low,110-06534,38627,40152,40551,mapped_primary_link
corridor-c4eb48e095194fb69d360d9059534ac1,daily,state_transition,US29_NB,US29_NB::110-06534,69,MD,sensor_period,6.093919780346127,1.0039272358516935,0.1548626820479495,0.1660401654992788,0.1114987215721473,0.1666922443900488,15,0.9955202520228652,-0.1032590335604717,0.1714921148912994,5.4470000786151695,False,False,high,110-06534,38627,40152,40551,mapped_primary_link
corridor-c4eb48e095194fb69d360d9059534ac1,daily,state_transition,US29_NB,US29_NB::110-06534,69,PM,sensor_period,4.080010671774523,1.031626829078934,0.0110901999862303,1.9785945363089,0.0955408752369552,2.0411712075252537,4,0.9903910339814056,0.2364147919841472,0.2963645643691487,7.164035607508197,False,False,low,110-06534,38627,40152,40551,mapped_primary_link
corridor-1fd88393b10242679e8b74191855a49e,daily,state_transition,US29_SB,US29_SB::110+07953,5,AM,sensor_period,3.278659323316039,1.0000000001869482,0.033192507856357,0.9973616203967276,0.0578594744736934,0.9973616205831826,9,,-0.0002354542191298,0.2596688629460721,0.994512465777284,True,False,low,110+07953,25960,30108,30526,mapped_primary_link
corridor-1fd88393b10242679e8b74191855a49e,daily,state_transition,US29_SB,US29_SB::110+07953,5,MD,sensor_period,6.516683316447142,1.0000000000000002,0.0142042425579054,1.281673847152666,0.0837015370529824,1.2816738471526663,6,0.9430987536155496,0.1504695210123412,0.2000217209806644,0.7971400627459179,True,False,low,110+07953,25960,30108,30526,mapped_primary_link
corridor-1fd88393b10242679e8b74191855a49e,daily,state_transition,US29_SB,US29_SB::110+07954,6,AM,corridor_period,3.014890769923647,1.0345747113157742,0.0884530080164347,0.749100224907072,0.1078285547912718,0.7750001489298155,122,0.990922909084584,0.5685833586771893,0.8326344018150553,3.524646158847592,False,False,high,110+07954,28684,34008,34423,mapped_primary_link
corridor-1fd88393b10242679e8b74191855a49e,daily,state_transition,US29_SB,US29_SB::110+07954,6,MD,corridor_period,6.159290435504469,1.0212273886839924,0.0696423223771319,0.7355759800042645,0.1414593894357789,0.7511903372384237,237,0.992553808855651,0.5155054200931894,0.6386078613196374,2.767346337016954,False,False,high,110+07954,28684,34008,34423,mapped_primary_link
corridor-1fd88393b10242679e8b74191855a49e,daily,state_transition,US29_SB,US29_SB::110+07954,6,PM,sensor_period,4.605167240585988,1.0000000000000002,0.0119976212856699,1.4778260383145347,0.0611301144040901,1.477826038314535,20,-16.906662029797943,0.0031058960706672,0.4611307966335046,0.9602966538302504,True,False,low,110+07954,28684,34008,34423,mapped_primary_link
corridor-1fd88393b10242679e8b74191855a49e,daily,state_transition,US29_SB,US29_SB::110+07955,7,MD,corridor_period,6.159290435504469,1.0212273886839924,0.0696423223771319,0.7355759800042645,0.1414593894357789,0.7511903372384237,237,0.992553808855651,0.5155054200931894,0.6386078613196374,2.767346337016954,False,False,high,110+07955,33513,35919,36282,mapped_primary_link
corridor-1fd88393b10242679e8b74191855a49e,daily,state_transition,US29_SB,US29_SB::110+07955,7,PM,sensor_period,4.225630544788578,1.0000000008994918,0.6724350275393154,0.0500000008221866,0.3854283294128546,0.0500000008671612,19,0.9285241286727732,-0.0048179121097862,0.3502600409965827,1.4008709588627004,True,True,low,110+07955,33513,35919,36282,mapped_primary_link
corridor-1fd88393b10242679e8b74191855a49e,daily,state_transition,US29_SB,US29_SB::110+06786,8,AM,corridor_period,3.014890769923647,1.0345747113157742,0.0884530080164347,0.749100224907072,0.1078285547912718,0.7750001489298155,122,0.990922909084584,0.5685833586771893,0.8326344018150553,3.524646158847592,False,False,high,110+06786,27003,30510,30301,mapped_primary_link
corridor-1fd88393b10242679e8b74191855a49e,daily,state_transition,US29_SB,US29_SB::110+06786,8,MD,corridor_period,6.159290435504469,1.0212273886839924,0.0696423223771319,0.7355759800042645,0.1414593894357789,0.7511903372384237,237,0.992553808855651,0.5155054200931894,0.6386078613196374,2.767346337016954,False,False,high,110+06786,27003,30510,30301,mapped_primary_link
corridor-1fd88393b10242679e8b74191855a49e,daily,state_transition,US29_SB,US29_SB::110+06786,8,PM,sensor_period,4.201563225488896,1.0000000000000002,0.6008920468001513,0.0500000000000007,0.3443227585121401,0.0500000000000007,19,0.9631829108345988,-0.0136570044331572,0.2772584469808258,1.439912328878203,True,True,low,110+06786,27003,30510,30301,mapped_primary_link
corridor-1fd88393b10242679e8b74191855a49e,daily,state_transition,US29_SB,US29_SB::110+06787,9,AM,sensor_period,3.028097024469035,1.0041095389296255,0.1429912715312253,0.379548059348918,0.1161275636571341,0.3811078268744762,8,0.9989368186974622,0.2349190578724832,0.1657481183467836,2.973127275291858,False,False,medium,110+06787,25768,30051,30304,mapped_primary_link
corridor-1fd88393b10242679e8b74191855a49e,daily,state_transition,US29_SB,US29_SB::110+06787,9,MD,corridor_period,6.159290435504469,1.0212273886839924,0.0696423223771319,0.7355759800042645,0.1414593894357789,0.7511903372384237,237,0.992553808855651,0.5155054200931894,0.6386078613196374,2.767346337016954,False,False,high,110+06787,25768,30051,30304,mapped_primary_link
corridor-1fd88393b10242679e8b74191855a49e,daily,state_transition,US29_SB,US29_SB::110+06787,9,PM,sensor_period,4.071259642886608,1.0000000000000002,0.0359466865220534,0.7674639398718444,0.0563121954497119,0.7674639398718446,12,0.9762873331639904,-0.0621985635183219,0.2202874780232988,1.86207391918182,True,False,low,110+06787,25768,30051,30304,mapped_primary_link
corridor-1fd88393b10242679e8b74191855a49e,daily,state_transition,US29_SB,US29_SB::110+06788,10,MD,sensor_period,6.33507624149212,1.0000000000000002,0.0266224870646092,1.0018685033519887,0.0902604043079774,1.001868503351989,5,,-0.0006809317943257,0.2434896295628726,0.660145849848881,True,False,low,110+06788,30040,34426,34443,mapped_primary_link
corridor-1fd88393b10242679e8b74191855a49e,daily,state_transition,US29_SB,US29_SB::110+06788,10,PM,sensor_period,4.263302616959269,1.0000000000000002,0.4954216183631921,0.0908079182393417,0.3014113620208992,0.0908079182393417,18,0.8555751053084254,0.002745642615999,0.4998739965630899,0.8482042092956436,True,False,low,110+06788,30040,34426,34443,mapped_primary_link
corridor-1fd88393b10242679e8b74191855a49e,daily,state_transition,US29_SB,US29_SB::110+06789,11,MD,sensor_period,5.08695782950649,1.1893373417433295,0.5610110653629756,0.0500000000000081,0.3245585557630954,0.0594668670871761,3,0.8939627366714351,-0.0284075921879616,0.2334338695064079,0.2296647180744528,False,True,low,110+06789,30926,34693,36287,mapped_primary_link
corridor-1fd88393b10242679e8b74191855a49e,daily,state_transition,US29_SB,US29_SB::110+06789,11,PM,sensor_period,4.211734404988176,1.0069333259986124,0.4383157167198727,0.2359726959722792,0.3282022178800012,0.2376087716002264,18,0.9565059741362067,0.0106456207255106,0.4171848797181609,1.7999002513845914,False,False,high,110+06789,30926,34693,36287,mapped_primary_link
corridor-1fd88393b10242679e8b74191855a49e,daily,state_transition,US29_SB,US29_SB::110+06783,12,AM,sensor_period,3.0618599457478792,1.0003135047830591,0.4557717374523947,0.05,0.2570664410156181,0.0500156752391529,4,0.985506188756137,-0.0217054348121401,0.0499111591484202,1.710222702127587,True,True,low,110+06783,25962,30109,30108,mapped_primary_link
corridor-1fd88393b10242679e8b74191855a49e,daily,state_transition,US29_SB,US29_SB::110+06783,12,MD,sensor_period,6.036771672736919,1.0170959200732297,0.0950012714127067,0.5150350614149858,0.1278998301744826,0.5238400596598473,13,0.9979314514835492,0.5813171026691126,0.20834440002993,0.7090629581087485,False,False,high,110+06783,25962,30109,30108,mapped_primary_link
corridor-1fd88393b10242679e8b74191855a49e,daily,state_transition,US29_SB,US29_SB::110+06784,13,AM,sensor_period,3.285405876900666,1.0000130813936294,4.5399929762484935e-05,3.19505033451855,0.0010828838106165,3.1950921302296416,6,-0.0196242370474677,0.2437773826428712,0.238003762464129,0.7309170745625585,True,False,low,110+06784,26603,30314,30221,mapped_primary_link
corridor-1fd88393b10242679e8b74191855a49e,daily,state_transition,US29_SB,US29_SB::110+06784,13,MD,sensor_period,6.566161245808604,1.0000000000000002,4.5399929762484935e-05,3.1695610125179146,0.0094313250353064,3.1695610125179154,14,-53.65648722630697,0.0271958562819979,0.4759973196598263,0.8279767526806632,True,False,low,110+06784,26603,30314,30221,mapped_primary_link
corridor-1fd88393b10242679e8b74191855a49e,daily,state_transition,US29_SB,US29_SB::110+06785,14,MD,sensor_period,6.508140989294575,1.0000000000000002,4.5399932426794965e-05,3.1178789119996333,0.0083236577191173,3.117878911999634,11,-40.004409544072416,0.0128070762825758,0.4602169445758752,1.831506116319116,True,False,low,110+06785,27347,30619,30020,mapped_primary_link
corridor-1fd88393b10242679e8b74191855a49e,daily,state_transition,US29_SB,US29_SB::110+06785,14,PM,sensor_period,4.296156867163963,1.000000252799319,0.036348756179859,0.998940151228536,0.0831567377524629,0.998940403759926,8,,-0.0059510803008957,0.2671553202451498,1.105181343355627,True,False,low,110+06785,27347,30619,30020,mapped_primary_link
corridor-1fd88393b10242679e8b74191855a49e,daily,state_transition,US29_SB,US29_SB::110+06797,16,AM,corridor_period,3.014890769923647,1.0345747113157742,0.0884530080164347,0.749100224907072,0.1078285547912718,0.7750001489298155,122,0.990922909084584,0.5685833586771893,0.8326344018150553,3.524646158847592,False,False,high,110+06797,29755,34345,34343,mapped_primary_link
corridor-1fd88393b10242679e8b74191855a49e,daily,state_transition,US29_SB,US29_SB::110+06797,16,MD,sensor_period,6.030637017933895,1.0000133795744808,0.0851148884163709,0.2382071150101361,0.0696453821971511,0.2382103021199732,8,0.9999778503145738,0.1846552570051303,0.0073418891313982,1.1370267077492415,True,False,low,110+06797,29755,34345,34343,mapped_primary_link
corridor-1fd88393b10242679e8b74191855a49e,daily,state_transition,US29_SB,US29_SB::110+06797,16,PM,sensor_period,4.147191299505059,1.005157492382415,0.2373707615687963,0.05,0.1359294796977196,0.0502578746191207,13,0.98558906257007,-0.0421874662030872,0.1649617206327602,3.7585780652005103,False,True,low,110+06797,29755,34345,34343,mapped_primary_link
corridor-1fd88393b10242679e8b74191855a49e,daily,state_transition,US29_SB,US29_SB::110+06798,17,AM,sensor_period,3.021817750853353,1.0033957396126665,0.0575129045803185,0.7892484872034687,0.0734201104143837,0.7919285695557025,4,0.9999063122550716,0.8708069830882472,0.0179049644561808,0.5061072366407009,False,False,low,110+06798,35441,36548,34341,mapped_primary_link
corridor-1fd88393b10242679e8b74191855a49e,daily,state_transition,US29_SB,US29_SB::110+06798,17,MD,corridor_period,6.159290435504469,1.0212273886839924,0.0696423223771319,0.7355759800042645,0.1414593894357789,0.7511903372384237,237,0.992553808855651,0.5155054200931894,0.6386078613196374,2.767346337016954,False,False,high,110+06798,35441,36548,34341,mapped_primary_link
corridor-1fd88393b10242679e8b74191855a49e,daily,state_transition,US29_SB,US29_SB::110+06798,17,PM,sensor_period,4.169729314807184,1.0000000000000002,0.2494509804282715,0.5549490216058384,0.2938408657794552,0.5549490216058385,23,0.9925421353125014,0.0440763044851409,0.2780406771926048,3.878436212808153,True,False,low,110+06798,35441,36548,34341,mapped_primary_link
corridor-1fd88393b10242679e8b74191855a49e,daily,state_transition,US29_SB,US29_SB::110+06799,18,AM,corridor_period,3.014890769923647,1.0345747113157742,0.0884530080164347,0.749100224907072,0.1078285547912718,0.7750001489298155,122,0.990922909084584,0.5685833586771893,0.8326344018150553,3.524646158847592,False,False,high,110+06799,35451,36552,34344,mapped_primary_link
corridor-1fd88393b10242679e8b74191855a49e,daily,state_transition,US29_SB,US29_SB::110+06799,18,PM,sensor_period,4.095800323123602,1.0061339217953795,0.1883799267964829,0.4876802372081131,0.1998291638855751,0.4906716296442998,16,0.9947644203606124,0.0237854012960871,0.0768796369481367,5.318576071779352,False,False,high,110+06799,35451,36552,34344,mapped_primary_link
corridor-1fd88393b10242679e8b74191855a49e,daily,state_transition,US29_SB,US29_SB::110+06793,19,MD,sensor_period,6.198361416554436,1.0000000000000002,0.0601554247508036,0.7241801659631841,0.1202332922964857,0.7241801659631842,11,0.9886786400633866,0.3300544676403897,0.2019470874642674,0.7004256779137953,True,False,low,110+06793,29784,34353,34352,mapped_primary_link
corridor-1fd88393b10242679e8b74191855a49e,daily,state_transition,US29_SB,US29_SB::110+06793,19,PM,sensor_period,4.180533956219703,1.0000000000000002,0.0001031509960178,2.950472470074648,0.0037445475117618,2.9504724700746485,5,0.9889336011958624,0.4416072936909246,0.2966106378619859,4.187499024881372,True,False,low,110+06793,29784,34353,34352,mapped_primary_link
corridor-1fd88393b10242679e8b74191855a49e,daily,state_transition,US29_SB,US29_SB::110+06796,22,MD,sensor_period,6.161624821353997,1.02859080803171,0.0235086441594923,1.5255001115244011,0.2008660333737619,1.5691153923653478,16,0.9954528594750794,0.6797790646141678,0.1550774009675753,2.337300373370459,False,False,high,110+06796,29731,34338,36540,mapped_primary_link
corridor-1fd88393b10242679e8b74191855a49e,daily,state_transition,US29_SB,US29_SB::110+06796,22,PM,sensor_period,4.165289318516723,1.028676589692441,0.7931667188203299,0.0500000641941388,0.45430290022508,0.0514338955196298,4,0.9626745605914768,-0.0008134857908539,0.4931516664740764,3.593426571063282,False,True,low,110+06796,29731,34338,36540,mapped_primary_link
corridor-1fd88393b10242679e8b74191855a49e,daily,state_transition,US29_SB,US29_SB::110+06790,23,AM,sensor_period,3.0367796020388176,1.0000000110506042,0.3349380741446338,0.05,0.1888356165007378,0.0500000005525302,6,0.9988740396560896,-0.0438203691073888,0.0404253179638822,0.9743081335878736,True,True,low,110+06790,30917,34691,35915,mapped_primary_link
corridor-1fd88393b10242679e8b74191855a49e,daily,state_transition,US29_SB,US29_SB::110+06790,23,MD,sensor_period,6.148386952557257,1.0000000000000002,0.0742041174307057,0.5426272323178092,0.1060303108661558,0.5426272323178093,6,0.9750596004790624,0.1916342822465099,0.2605634467975066,0.7129786365305445,True,False,low,110+06790,30917,34691,35915,mapped_primary_link
corridor-1fd88393b10242679e8b74191855a49e,daily,state_transition,US29_SB,US29_SB::110+06790,23,PM,sensor_period,4.03022619571907,1.007217865889521,0.3164180163233005,0.05,0.1809365905748967,0.050360893294476,10,0.9918808642527916,-0.0175999281495313,0.1416847314814583,1.1025394907075468,False,True,low,110+06790,30917,34691,35915,mapped_primary_link
corridor-1fd88393b10242679e8b74191855a49e,daily,state_transition,US29_SB,US29_SB::110+06791,24,MD,sensor_period,6.241901330359092,1.0000000000000002,0.1605882777659885,0.371342394707285,0.1690625636785709,0.371342394707285,3,0.9659048462598672,0.8903503229758053,0.2423209265444068,0.0757678675764926,True,False,low,110+06791,30914,34690,34689,mapped_primary_link
corridor-1fd88393b10242679e8b74191855a49e,daily,state_transition,US29_SB,US29_SB::110+06791,24,PM,sensor_period,4.146868842878082,1.0000000000000002,0.0205027614372421,1.2758923288541948,0.0671360333875919,1.275892328854195,19,0.9834294805499842,0.0209716804001199,0.187817647442099,3.615940578033465,True,False,low,110+06791,30914,34690,34689,mapped_primary_link
corridor-1fd88393b10242679e8b74191855a49e,daily,state_transition,US29_SB,US29_SB::110+06792,25,MD,sensor_period,6.13780943767224,1.0000006156474024,0.0958999316873928,0.5304797919572577,0.133919003971277,0.5304801185457636,12,0.9988750281105148,0.0362166778361993,0.077089056282278,1.4374967668518082,True,False,low,110+06792,34642,36291,36290,mapped_primary_link
corridor-1fd88393b10242679e8b74191855a49e,daily,state_transition,US29_SB,US29_SB::110+06792,25,PM,sensor_period,4.115347573025238,1.0000002446107663,0.5225509248305819,0.050000000000378,0.2991215307691245,0.0500000122309163,10,0.9980874902728936,-0.0583989842361514,0.1260672670928256,2.063050638659233,True,True,low,110+06792,34642,36291,36290,mapped_primary_link
corridor-1fd88393b10242679e8b74191855a49e,daily,state_transition,US29_SB,US29_SB::110+17121,26,AM,corridor_period,3.014890769923647,1.0345747113157742,0.0884530080164347,0.749100224907072,0.1078285547912718,0.7750001489298155,122,0.990922909084584,0.5685833586771893,0.8326344018150553,3.524646158847592,False,False,high,110+17121,25975,30114,30129,mapped_primary_link
corridor-1fd88393b10242679e8b74191855a49e,daily,state_transition,US29_SB,US29_SB::110+17121,26,MD,sensor_period,6.158403081038396,1.0000000000000009,0.1134067853063128,0.3642220993130028,0.1172679951902717,0.3642220993130032,12,0.99487896155388,0.1673288109023887,0.3534666440329889,1.506667990717847,True,False,low,110+17121,25975,30114,30129,mapped_primary_link
corridor-1fd88393b10242679e8b74191855a49e,daily,state_transition,US29_SB,US29_SB::110+17121,26,PM,corridor_period,4.135079270634481,1.016280936390841,0.1544694784482278,0.5334850709610507,0.1756816222188578,0.5421707074668308,441,0.9889631065374012,0.2551832380207952,0.7574328517221776,3.7614573144339927,False,False,high,110+17121,25975,30114,30129,mapped_primary_link
corridor-1fd88393b10242679e8b74191855a49e,daily,state_transition,US29_SB,US29_SB::110+17124,27,AM,sensor_period,3.222429249250621,1.0000000000000002,0.0261047529354704,1.0136503378139392,0.0455867447226485,1.0136503378139394,3,,-0.0125843015570243,0.460620273817812,1.0888531608454226,True,False,low,110+17124,25715,30036,30472,mapped_primary_link
corridor-1fd88393b10242679e8b74191855a49e,daily,state_transition,US29_SB,US29_SB::110+17124,27,MD,sensor_period,6.387931304432243,1.0000000000000002,0.0312234481713164,1.0019975799136025,0.1067698418156547,1.0019975799136027,3,,-2.214579678638806e-05,0.3043442574959238,0.1913714535935627,True,False,low,110+17124,25715,30036,30472,mapped_primary_link
corridor-1fd88393b10242679e8b74191855a49e,daily,state_transition,US29_SB,US29_SB::110+17124,27,PM,sensor_period,4.272917824155591,1.0000000000000002,0.0309804002805206,0.9989289202541928,0.0704911729313957,0.998928920254193,15,,-0.0002281964071892,0.342506783054994,0.5971141798719007,True,False,low,110+17124,25715,30036,30472,mapped_primary_link
corridor-1fd88393b10242679e8b74191855a49e,daily,state_transition,US29_SB,US29_SB::110+17125,28,AM,sensor_period,3.2819774280260545,1.0000000000000002,0.075194697462247,0.9980265910487356,0.1313115680665093,0.998026591048736,19,,-0.0105934803080065,0.3606593310540082,1.5906105034421594,True,False,low,110+17125,25737,30042,30598,mapped_primary_link
corridor-1fd88393b10242679e8b74191855a49e,daily,state_transition,US29_SB,US29_SB::110+17125,28,MD,sensor_period,6.474945530421863,1.0000033092027565,0.0457195465673722,0.996689196354127,0.156910106908541,0.9966924946007628,4,,-0.0092743380804678,0.2927431639105041,1.0981347381047473,True,False,low,110+17125,25737,30042,30598,mapped_primary_link
corridor-1fd88393b10242679e8b74191855a49e,daily,state_transition,US29_SB,US29_SB::110+17122,29,MD,corridor_period,6.159290435504469,1.0212273886839924,0.0696423223771319,0.7355759800042645,0.1414593894357789,0.7511903372384237,237,0.992553808855651,0.5155054200931894,0.6386078613196374,2.767346337016954,False,False,high,110+17122,26535,30293,30478,mapped_primary_link
corridor-1fd88393b10242679e8b74191855a49e,daily,state_transition,US29_SB,US29_SB::110+17122,29,PM,sensor_period,4.270782862314631,1.0000000000000002,0.7795809124539395,0.0500000072225441,0.4470800637709128,0.0500000072225441,21,-3.0788355790228907,-0.0003109987889471,0.3225708108870024,1.188519225321666,True,True,low,110+17122,26535,30293,30478,mapped_primary_link
corridor-1fd88393b10242679e8b74191855a49e,daily,state_transition,US29_SB,US29_SB::110+17123,30,AM,sensor_period,3.054338414203019,1.001194753527866,0.4829718619523572,0.0500000004708326,0.2723744807195102,0.0500597381477884,6,0.9995124084517332,-0.1086196401716736,0.1532392688654835,1.6067461895304982,False,True,low,110+17123,25684,30027,30323,mapped_primary_link
corridor-1fd88393b10242679e8b74191855a49e,daily,state_transition,US29_SB,US29_SB::110+17123,30,MD,sensor_period,6.109583872658592,1.00418081482728,0.3681758979498437,0.1255194982751241,0.2464415140164242,0.1260442720546255,11,0.9957430340711062,0.0720799640108205,0.3039228921119234,1.0325466158064276,False,False,high,110+17123,25684,30027,30323,mapped_primary_link
corridor-1fd88393b10242679e8b74191855a49e,daily,state_transition,US29_SB,US29_SB::110+17123,30,PM,sensor_period,4.184790041354356,1.0000000012744423,0.0301674642720553,0.9439855389083736,0.0621424673375525,0.9439855401114288,8,0.9948740886452307,0.7003603777834632,0.4625167033998725,1.5962668725543452,True,False,low,110+17123,25684,30027,30323,mapped_primary_link
corridor-1fd88393b10242679e8b74191855a49e,daily,state_transition,US29_SB,US29_SB::110+17128,31,MD,corridor_period,6.159290435504469,1.0212273886839924,0.0696423223771319,0.7355759800042645,0.1414593894357789,0.7511903372384237,237,0.992553808855651,0.5155054200931894,0.6386078613196374,2.767346337016954,False,False,high,110+17128,34057,36098,34440,mapped_primary_link
corridor-1fd88393b10242679e8b74191855a49e,daily,state_transition,US29_SB,US29_SB::110+17128,31,PM,sensor_period,4.0820388804301,1.0000000000000002,0.3730200363558216,0.05000000000176,0.2134394754259817,0.05000000000176,21,0.991647879710884,-0.0357077111907662,0.1327508358525545,2.133130197460579,True,True,low,110+17128,34057,36098,34440,mapped_primary_link
corridor-1fd88393b10242679e8b74191855a49e,daily,state_transition,US29_SB,US29_SB::110+17129,32,AM,corridor_period,3.014890769923647,1.0345747113157742,0.0884530080164347,0.749100224907072,0.1078285547912718,0.7750001489298155,122,0.990922909084584,0.5685833586771893,0.8326344018150553,3.524646158847592,False,False,high,110+17129,31282,34805,34439,mapped_primary_link
corridor-1fd88393b10242679e8b74191855a49e,daily,state_transition,US29_SB,US29_SB::110+17129,32,PM,sensor_period,4.218115288246282,1.0000000011765693,0.5639779990107723,0.3254125344224865,0.4804876925910195,0.3254125348053569,19,0.9859851526837828,-0.0385452329970392,0.2654933585436119,3.0020906825260574,True,False,low,110+17129,31282,34805,34439,mapped_primary_link
corridor-1fd88393b10242679e8b74191855a49e,daily,state_transition,US29_SB,US29_SB::110+17126,33,AM,corridor_period,3.014890769923647,1.0345747113157742,0.0884530080164347,0.749100224907072,0.1078285547912718,0.7750001489298155,122,0.990922909084584,0.5685833586771893,0.8326344018150553,3.524646158847592,False,False,high,110+17126,30023,34422,34421,mapped_primary_link
corridor-1fd88393b10242679e8b74191855a49e,daily,state_transition,US29_SB,US29_SB::110+17126,33,MD,corridor_period,6.159290435504469,1.0212273886839924,0.0696423223771319,0.7355759800042645,0.1414593894357789,0.7511903372384237,237,0.992553808855651,0.5155054200931894,0.6386078613196374,2.767346337016954,False,False,high,110+17126,30023,34422,34421,mapped_primary_link
corridor-1fd88393b10242679e8b74191855a49e,daily,state_transition,US29_SB,US29_SB::110+17126,33,PM,sensor_period,4.751633175438249,1.0000000000000002,0.0563855719984097,1.0007063360801884,0.1430499475242728,1.0007063360801889,5,,-0.0001352787116621,0.3397321592937781,0.6495545159710748,True,False,low,110+17126,30023,34422,34421,mapped_primary_link
corridor-1fd88393b10242679e8b74191855a49e,daily,state_transition,US29_SB,US29_SB::110+17127,34,AM,corridor_period,3.014890769923647,1.0345747113157742,0.0884530080164347,0.749100224907072,0.1078285547912718,0.7750001489298155,122,0.990922909084584,0.5685833586771893,0.8326344018150553,3.524646158847592,False,False,high,110+17127,30091,34442,34441,mapped_primary_link
corridor-1fd88393b10242679e8b74191855a49e,daily,state_transition,US29_SB,US29_SB::110+17127,34,MD,sensor_period,6.252570475166147,1.0000015545755827,0.4515740649950701,0.0500000000000227,0.2639554594778696,0.0500000777288019,4,-0.4528584924986691,-0.0149673932288691,0.328373782814852,0.8659836540753958,True,True,low,110+17127,30091,34442,34441,mapped_primary_link
corridor-1fd88393b10242679e8b74191855a49e,daily,state_transition,US29_SB,US29_SB::110+17127,34,PM,sensor_period,4.183098132843406,1.0000000000000002,0.1221467524366544,0.5167506944644956,0.1364709463421658,0.5167506944644957,15,0.8607490983829764,0.0675634693145937,0.4047862327649387,0.9741752020464144,True,False,low,110+17127,30091,34442,34441,mapped_primary_link
corridor-1fd88393b10242679e8b74191855a49e,daily,state_transition,US29_SB,US29_SB::110+17131,35,AM,sensor_period,3.0223812473575937,1.0017962809196497,0.0559854054175081,0.7519132465196366,0.0685890071639683,0.7532638939375917,5,0.9999760072975676,0.7371226906885611,0.0163119302957874,1.0506812926665272,False,False,medium,110+17131,29760,34347,34346,mapped_primary_link
corridor-1fd88393b10242679e8b74191855a49e,daily,state_transition,US29_SB,US29_SB::110+17131,35,MD,sensor_period,6.265181846914286,1.0000000000000002,0.0809820343992284,0.7056508274182507,0.15766827712345,0.7056508274182508,15,0.974731716467456,0.2744775082825249,0.3269968702427424,1.7989942802399017,True,False,low,110+17131,29760,34347,34346,mapped_primary_link
corridor-1fd88393b10242679e8b74191855a49e,daily,state_transition,US29_SB,US29_SB::110+17131,35,PM,sensor_period,4.076040321643924,1.017982721410931,0.0418205343336793,0.7583918985626912,0.0647423140908753,0.772029848794851,5,0.998177976771164,0.3044329905779143,0.2100266230031761,5.156771190546335,False,False,medium,110+17131,29760,34347,34346,mapped_primary_link
corridor-1fd88393b10242679e8b74191855a49e,daily,state_transition,US29_SB,US29_SB::110+17130,36,AM,sensor_period,3.0422093428225354,1.0100579553712206,0.2946273392787474,0.0561902740769344,0.1672716340230048,0.0567554333458969,3,0.9989346410111356,0.142399273621255,0.1811192393575161,0.6920697051493946,False,False,low,110+17130,29782,34352,36535,mapped_primary_link
corridor-1fd88393b10242679e8b74191855a49e,daily,state_transition,US29_SB,US29_SB::110+17130,36,MD,sensor_period,6.023566164205525,1.0120946352954896,0.2870818652452732,0.0500000000000119,0.1674931967329032,0.0506047317647865,8,0.995550719156753,0.0046751410939346,0.1588576872008143,0.7329224182384598,False,True,low,110+17130,29782,34352,36535,mapped_primary_link
corridor-1fd88393b10242679e8b74191855a49e,daily,state_transition,US29_SB,US29_SB::110+17130,36,PM,corridor_period,4.135079270634481,1.016280936390841,0.1544694784482278,0.5334850709610507,0.1756816222188578,0.5421707074668308,441,0.9889631065374012,0.2551832380207952,0.7574328517221776,3.7614573144339927,False,False,high,110+17130,29782,34352,36535,mapped_primary_link
corridor-1fd88393b10242679e8b74191855a49e,daily,state_transition,US29_SB,US29_SB::110+06533,38,MD,sensor_period,5.9013830034962735,1.1089548828353228,0.0054376355383487,2.132649611381121,0.1278153896992931,2.365012199917948,7,0.9922912289367964,0.2682057983139073,0.0794514919281768,3.218116975714814,False,False,medium,110+06533,39619,40551,40152,mapped_primary_link
corridor-1fd88393b10242679e8b74191855a49e,daily,state_transition,US29_SB,US29_SB::110+06533,38,PM,sensor_period,4.076514459614412,1.0083099470802737,0.2089500217945084,0.4582944523288804,0.2121940518937556,0.4621028549749164,14,0.9982420700354264,0.4391821390194576,0.0857459194144012,1.805143142150765,False,False,high,110+06533,39619,40551,40152,mapped_primary_link
corridor-1fd88393b10242679e8b74191855a49e,daily,state_transition,US29_SB,US29_SB::110+06535,40,MD,corridor_period,6.159290435504469,1.0212273886839924,0.0696423223771319,0.7355759800042645,0.1414593894357789,0.7511903372384237,237,0.992553808855651,0.5155054200931894,0.6386078613196374,2.767346337016954,False,False,high,110+06535,39222,40420,40435,mapped_primary_link
corridor-1fd88393b10242679e8b74191855a49e,daily,state_transition,US29_SB,US29_SB::110+06535,40,PM,sensor_period,4.112035049767377,1.019935581473887,0.0425142946624445,2.7008709393884613,1.0328134703369845,2.754714372051094,3,0.9853032974738308,0.4904949071789292,0.0142870874715253,0.8586414802742095,False,False,low,110+06535,39222,40420,40435,mapped_primary_link
corridor-1fd88393b10242679e8b74191855a49e,daily,state_transition,US29_SB,US29_SB::110+05737,43,AM,sensor_period,3.1777891995070053,1.0000000001674008,0.0252188095629059,1.0886479146845958,0.0473544434078889,1.0886479148668362,4,0.6408159829240865,0.0206634789100803,0.3243912645289775,1.5528177005480273,True,False,low,110+05737,30898,34686,34373,mapped_primary_link
corridor-1fd88393b10242679e8b74191855a49e,daily,state_transition,US29_SB,US29_SB::110+05737,43,MD,sensor_period,6.323964964659765,1.0000000000000002,0.0290798418595824,0.9980371113302282,0.0977255156076208,0.9980371113302284,11,,-0.0031150852345069,0.3016523701577636,1.114769198925888,True,False,low,110+05737,30898,34686,34373,mapped_primary_link
corridor-1fd88393b10242679e8b74191855a49e,daily,state_transition,US29_SB,US29_SB::110+05737,43,PM,sensor_period,4.279034822939092,1.0000000398008229,0.5385210565716385,0.0500000001900356,0.3088650075676301,0.0500000021800767,6,-6.359457834801959,-0.0025576436397503,0.5055064098258972,0.4550187664518093,True,True,low,110+05737,30898,34686,34373,mapped_primary_link
corridor-1fd88393b10242679e8b74191855a49e,daily,state_transition,US29_SB,US29_SB::110+05739,44,MD,sensor_period,5.638545625523025,1.0957886407026471,0.9117119748470706,0.0500000002549263,0.5301695029914322,0.0547894323144777,4,0.887087912154373,-0.0160945805740315,0.2089622489148484,1.8734630385255089,False,True,low,110+05739,34709,36312,34356,mapped_primary_link
corridor-1fd88393b10242679e8b74191855a49e,daily,state_transition,US29_SB,US29_SB::110+05739,44,PM,sensor_period,4.2522006862562565,1.0000000000000002,0.1223806343148185,0.7171653180082975,0.184302577972849,0.7171653180082976,19,0.9716853114835624,0.0394321448979213,0.2423173195492079,2.197726263336978,True,False,low,110+05739,34709,36312,34356,mapped_primary_link
corridor-1fd88393b10242679e8b74191855a49e,daily,state_transition,US29_SB,US29_SB::110+05738,45,AM,corridor_period,3.014890769923647,1.0345747113157742,0.0884530080164347,0.749100224907072,0.1078285547912718,0.7750001489298155,122,0.990922909084584,0.5685833586771893,0.8326344018150553,3.524646158847592,False,False,high,110+05738,34648,36293,34802,mapped_primary_link
corridor-1fd88393b10242679e8b74191855a49e,daily,state_transition,US29_SB,US29_SB::110+05738,45,MD,corridor_period,6.159290435504469,1.0212273886839924,0.0696423223771319,0.7355759800042645,0.1414593894357789,0.7511903372384237,237,0.992553808855651,0.5155054200931894,0.6386078613196374,2.767346337016954,False,False,high,110+05738,34648,36293,34802,mapped_primary_link
corridor-1fd88393b10242679e8b74191855a49e,daily,state_transition,US29_SB,US29_SB::110+05738,45,PM,sensor_period,4.109257340247872,1.0000000000000002,0.4021706643880618,0.1094232543764772,0.2503623956583776,0.1094232543764772,17,0.9635098708119408,-6.229304772231714e-06,0.2943339786126323,1.601317813979046,True,False,low,110+05738,34648,36293,34802,mapped_primary_link
corridor-1fd88393b10242679e8b74191855a49e,daily,state_transition,US29_SB,US29_SB::110P06798,47,AM,sensor_period,3.06450867523441,1.0000000000000002,0.3443359412759658,0.0500000000002697,0.1942223152065376,0.0500000000002697,19,0.9993534847932324,-0.0323964412381889,0.0400636354641926,1.8371384933376704,True,True,low,110P06798,31831,35081,35079,mapped_primary_link
corridor-1fd88393b10242679e8b74191855a49e,daily,state_transition,US29_SB,US29_SB::110P06798,47,MD,sensor_period,6.172655152347512,1.0203248354839267,0.0594046013540073,1.232693628963047,0.2986954660424736,1.2577479241738057,3,0.9999185799033962,0.903021257303149,0.0120779829889678,0.777285826987113,False,False,low,110P06798,31831,35081,35079,mapped_primary_link
corridor-1fd88393b10242679e8b74191855a49e,daily,state_transition,US29_SB,US29_SB::110P06798,47,PM,sensor_period,4.201865934836758,1.0000000000000002,0.3866314365542417,0.2642422738686585,0.3013253525742084,0.2642422738686585,21,0.982413642469001,0.0466661464204564,0.1595379716113084,1.6676476414323975,True,False,low,110P06798,31831,35081,35079,mapped_primary_link
corridor-1fd88393b10242679e8b74191855a49e,daily,state_transition,US29_SB,US29_SB::110+06801,55,PM,corridor_period,4.135079270634481,1.016280936390841,0.1544694784482278,0.5334850709610507,0.1756816222188578,0.5421707074668308,441,0.9889631065374012,0.2551832380207952,0.7574328517221776,3.7614573144339927,False,False,high,110+06801,29996,34414,34350,mapped_primary_link
corridor-1fd88393b10242679e8b74191855a49e,daily,state_transition,US29_SB,US29_SB::110+06802,56,MD,corridor_period,6.159290435504469,1.0212273886839924,0.0696423223771319,0.7355759800042645,0.1414593894357789,0.7511903372384237,237,0.992553808855651,0.5155054200931894,0.6386078613196374,2.767346337016954,False,False,high,110+06802,38152,40004,40946,mapped_primary_link
corridor-1fd88393b10242679e8b74191855a49e,daily,state_transition,US29_SB,US29_SB::110+06802,56,PM,sensor_period,4.434514254406103,1.0000000000000018,0.7509072662477466,0.1480828248551627,0.4993117956806011,0.148082824855163,7,0.7186435651811445,-0.0727411831963591,0.3863821547324867,4.0188571941388505,True,False,low,110+06802,38152,40004,40946,mapped_primary_link
corridor-1fd88393b10242679e8b74191855a49e,daily,state_transition,US29_SB,US29_SB::110+06800,58,PM,corridor_period,4.135079270634481,1.016280936390841,0.1544694784482278,0.5334850709610507,0.1756816222188578,0.5421707074668308,441,0.9889631065374012,0.2551832380207952,0.7574328517221776,3.7614573144339927,False,False,high,110+06800,31103,34747,36554,mapped_primary_link
corridor-1fd88393b10242679e8b74191855a49e,daily,state_transition,US29_SB,US29_SB::110P17123,62,AM,corridor_period,3.014890769923647,1.0345747113157742,0.0884530080164347,0.749100224907072,0.1078285547912718,0.7750001489298155,122,0.990922909084584,0.5685833586771893,0.8326344018150553,3.524646158847592,False,False,high,110P17123,26631,30323,30619,mapped_primary_link
corridor-1fd88393b10242679e8b74191855a49e,daily,state_transition,US29_SB,US29_SB::110P17123,62,MD,sensor_period,6.340805769929792,1.0000000090583174,0.3584345074223644,0.2607450949421281,0.3094309654921648,0.26074509730404,9,0.8193876227295503,0.0070335980369288,0.3978876134237822,0.9742739258117123,True,False,low,110P17123,26631,30323,30619,mapped_primary_link
corridor-1fd88393b10242679e8b74191855a49e,daily,state_transition,US29_SB,US29_SB::110P17123,62,PM,sensor_period,4.192578900247252,1.0000000000000002,0.7448716537821642,0.0500000000047007,0.4267801754247516,0.0500000000047007,4,0.959056659786124,-0.1025410358061902,0.3493284214433114,0.3343100456513064,True,True,low,110P17123,26631,30323,30619,mapped_primary_link
corridor-1fd88393b10242679e8b74191855a49e,daily,state_transition,US29_SB,US29_SB::110P17125,63,AM,sensor_period,3.5953554915676764,1.000000000000006,0.0625521923348775,1.0010877321089413,0.1201123321444333,1.0010877321089473,6,,-0.0009348263191353,0.3243580250951981,0.8975767936955138,True,False,low,110P17125,25739,30043,30063,mapped_primary_link
corridor-1fd88393b10242679e8b74191855a49e,daily,state_transition,US29_SB,US29_SB::110P17125,63,PM,sensor_period,4.74016219064368,1.0000000000534282,1.2672639773901129,0.05,0.7305593073256174,0.0500000000026714,11,-4.73253102285778,-0.0020092554670334,0.3441521808920641,0.9617392173137572,True,True,low,110P17125,25739,30043,30063,mapped_primary_link
corridor-1fd88393b10242679e8b74191855a49e,daily,state_transition,US29_SB,US29_SB::110P17122,64,AM,corridor_period,3.014890769923647,1.0345747113157742,0.0884530080164347,0.749100224907072,0.1078285547912718,0.7750001489298155,122,0.990922909084584,0.5685833586771893,0.8326344018150553,3.524646158847592,False,False,high,110P17122,26908,30480,30027,mapped_primary_link
corridor-1fd88393b10242679e8b74191855a49e,daily,state_transition,US29_SB,US29_SB::110P17122,64,MD,sensor_period,6.558483198610907,1.0000000000000002,0.9823232479534684,0.0500000000741962,0.5755636006595929,0.0500000000741962,15,0.7634069432326864,-0.0019391495511518,0.3639946590125953,1.15282133269506,True,True,low,110P17122,26908,30480,30027,mapped_primary_link
corridor-1fd88393b10242679e8b74191855a49e,daily,state_transition,US29_SB,US29_SB::110P17122,64,PM,sensor_period,4.423313808102293,1.00000559764535,0.0448497787449684,1.002789468130161,0.1062448962391251,1.0027950813899644,4,,-0.000137538962136,0.4273002448876586,0.4962951464682081,True,False,low,110P17122,26908,30480,30027,mapped_primary_link
corridor-1fd88393b10242679e8b74191855a49e,daily,state_transition,US29_SB,US29_SB::110P06541,69,AM,sensor_period,3.0483843112734856,1.0000000000012317,0.2844510017557906,0.0500000000047389,0.1604019639307706,0.0500000000048005,7,0.9991567973404164,-0.0736894964769792,0.0502095993807951,3.111937237395604,True,True,low,110P06541,26305,30210,30114,mapped_primary_link
corridor-1fd88393b10242679e8b74191855a49e,daily,state_transition,US29_SB,US29_SB::110P06541,69,MD,sensor_period,6.068201863573735,1.0009206653692069,0.1562245749429273,0.480302124701926,0.1980858579306945,0.4807443222348955,5,0.9999988311027418,0.5782442049209682,0.0023993371994438,1.0709416235468667,True,False,low,110P06541,26305,30210,30114,mapped_primary_link
corridor-1fd88393b10242679e8b74191855a49e,daily,state_transition,US29_SB,US29_SB::110P06541,69,PM,sensor_period,4.055618075160749,1.0241507809401027,0.071277283740577,0.5919230308145763,0.0870708613920148,0.6062184342651808,7,0.9989682542663648,0.1029941187747259,0.0525199070336277,4.251966968335572,False,False,medium,110P06541,26305,30210,30114,mapped_primary_link
corridor-e45aa79c14e94962a567e13ac975a4ab,daily,state_transition,US50_EB,US50_EB::110+06660,1,AM,sensor_period,3.05515197097933,1.0000000000000002,0.0983515961150663,0.3794856597956524,0.0801388561378251,0.3794856597956525,18,0.9599816275875124,-0.0639401062090316,0.2481360056652096,2.7566215454782355,True,False,low,110+06660,36426,38204,38246,mapped_primary_link
corridor-e45aa79c14e94962a567e13ac975a4ab,daily,state_transition,US50_EB,US50_EB::110+06660,1,MD,sensor_period,6.121813214235291,1.0000000000000002,0.2591045990261917,0.0500000000000327,0.1512926581447793,0.0500000000000327,3,0.9845407573454508,-0.0591174652101704,0.2575770106054516,1.5789975050441831,True,True,low,110+06660,36426,38204,38246,mapped_primary_link
corridor-e45aa79c14e94962a567e13ac975a4ab,daily,state_transition,US50_EB,US50_EB::110+06660,1,PM,corridor_period,4.097388626651951,1.0256686317113113,0.0885744623008886,0.801326792630011,0.1462600267762392,0.8218957549504371,317,0.9950118390058068,0.2971368931778561,0.536206429355239,4.48097207415272,False,False,high,110+06660,36426,38204,38246,mapped_primary_link
corridor-e45aa79c14e94962a567e13ac975a4ab,daily,state_transition,US50_EB,US50_EB::110N06628,7,AM,sensor_period,4.047897215363327,1.386337738795694,0.132767700608257,2.927616508202634,4.244496706139831,4.058665250042585,3,0.9779389753087532,0.9669105155463612,0.0700174973230848,1.0700023298845749,False,False,low,110N06628,25995,30119,30203,mapped_primary_link
corridor-e45aa79c14e94962a567e13ac975a4ab,daily,state_transition,US50_EB,US50_EB::110N06628,7,PM,corridor_period,4.097388626651951,1.0256686317113113,0.0885744623008886,0.801326792630011,0.1462600267762392,0.8218957549504371,317,0.9950118390058068,0.2971368931778561,0.536206429355239,4.48097207415272,False,False,high,110N06628,25995,30119,30203,mapped_primary_link
corridor-e45aa79c14e94962a567e13ac975a4ab,daily,state_transition,US50_EB,US50_EB::110+07948,8,AM,sensor_period,3.0822003786068333,1.0000000000000002,0.0066046178441957,1.5200352419200085,0.0194954009494597,1.520035241920009,20,0.9685364585112332,-0.053604650382687,0.2399854776012837,3.787107301580346,True,False,low,110+07948,36886,38371,38458,mapped_primary_link
corridor-e45aa79c14e94962a567e13ac975a4ab,daily,state_transition,US50_EB,US50_EB::110+07948,8,PM,corridor_period,4.097388626651951,1.0256686317113113,0.0885744623008886,0.801326792630011,0.1462600267762392,0.8218957549504371,317,0.9950118390058068,0.2971368931778561,0.536206429355239,4.48097207415272,False,False,high,110+07948,36886,38371,38458,mapped_primary_link
corridor-e45aa79c14e94962a567e13ac975a4ab,daily,state_transition,US50_EB,US50_EB::110-05752,11,AM,sensor_period,3.069824973980215,1.009888710079016,0.0408321838554101,1.6646201593535206,0.1408836125726439,1.6810811055010528,22,0.994301691127316,0.0971188822939195,0.1157246870263695,4.999951560573568,False,False,high,110-05752,36138,38113,38111,mapped_primary_link
corridor-e45aa79c14e94962a567e13ac975a4ab,daily,state_transition,US50_EB,US50_EB::110-05752,11,MD,sensor_period,6.015706313505487,1.000000604769921,0.0659303043851129,0.05,0.0384634415054682,0.050000030238496,3,0.9999977426839202,-0.0399320065908863,0.0020875521786514,0.7412983082961752,True,True,low,110-05752,36138,38113,38111,mapped_primary_link
corridor-e45aa79c14e94962a567e13ac975a4ab,daily,state_transition,US50_EB,US50_EB::110-05752,11,PM,sensor_period,4.009309969965959,1.0017056241250315,0.0249622385173678,0.8629596654205447,0.0441272665556202,0.8644315502448153,8,0.9999956662633384,0.4738215756222328,0.0033872405472595,0.8325076973396617,False,False,medium,110-05752,36138,38113,38111,mapped_primary_link
corridor-e45aa79c14e94962a567e13ac975a4ab,daily,state_transition,US50_EB,US50_EB::110-05744,12,AM,corridor_period,3.133119127255146,1.0000000000178746,0.2419233634263937,0.3693187898803696,0.1967207317395356,0.3693187898869711,227,0.9959615973470802,0.0710548938524856,0.4353401580679683,5.299787801390093,True,False,low,110-05744,31083,34741,34653,mapped_primary_link
corridor-e45aa79c14e94962a567e13ac975a4ab,daily,state_transition,US50_EB,US50_EB::110-05744,12,MD,sensor_period,6.092232123265654,1.000000001361414,0.2470527081133507,0.0500000000000007,0.1442205571210599,0.0500000000680714,4,0.9995019986341436,-0.1448954116270908,0.0487164013362991,3.1278409316685387,True,True,low,110-05744,31083,34741,34653,mapped_primary_link
corridor-e45aa79c14e94962a567e13ac975a4ab,daily,state_transition,US50_EB,US50_EB::110-05744,12,PM,sensor_period,4.041502536398617,1.00005276334662,0.0906662655665661,0.5521198236054371,0.1045511442962305,0.5521489552950657,11,0.9980279146043464,-0.0957878978928405,0.0385908076910367,3.761560418240789,True,False,low,110-05744,31083,34741,34653,mapped_primary_link
corridor-e45aa79c14e94962a567e13ac975a4ab,daily,state_transition,US50_EB,US50_EB::110-05743,13,AM,sensor_period,3.0613209487905264,1.0159159191783629,0.0830214712576162,0.0500000000000201,0.0468257343019132,0.0507957959589385,4,0.999900942320052,-0.1024660617187185,0.008686431496756,1.636954354143417,False,True,low,110-05743,31089,34743,35849,mapped_primary_link
corridor-e45aa79c14e94962a567e13ac975a4ab,daily,state_transition,US50_EB,US50_EB::110-05743,13,PM,sensor_period,4.042217911407376,1.0055507323747934,0.2348746661291909,0.0500006083743636,0.1343279103775726,0.0502781483700265,16,0.9991659760199672,-0.0536876900258465,0.0258904267035052,3.263615347916994,False,True,low,110-05743,31089,34743,35849,mapped_primary_link
corridor-e45aa79c14e94962a567e13ac975a4ab,daily,state_transition,US50_EB,US50_EB::110-05746,14,MD,sensor_period,6.092142196556046,1.0068569843245705,0.053318795248101,0.801641738475802,0.1210552052119203,0.8071385833104519,9,0.9917501212106384,0.4243256350671247,0.1679280118326901,1.2677299648016138,False,False,medium,110-05746,33256,35838,35839,mapped_primary_link
corridor-e45aa79c14e94962a567e13ac975a4ab,daily,state_transition,US50_EB,US50_EB::110-05746,14,PM,sensor_period,4.042249710644248,1.0153157452491444,0.0465797614677967,0.9830457479420692,0.0980695731819703,0.9981018261858046,14,0.991302536226108,0.1816209940488544,0.1673418112727958,2.489169454498588,False,False,high,110-05746,33256,35838,35839,mapped_primary_link
corridor-e45aa79c14e94962a567e13ac975a4ab,daily,state_transition,US50_EB,US50_EB::110-05745,15,AM,sensor_period,3.774689172759969,1.2895886887257844,0.0669526077516378,4.0,7.249215438163442,5.1583547549031366,5,0.9408858333950256,0.8360447936974684,0.0297777181643358,1.2800657529156465,False,True,low,110-05745,30830,34665,34744,mapped_primary_link
corridor-e45aa79c14e94962a567e13ac975a4ab,daily,state_transition,US50_EB,US50_EB::110-05745,15,MD,sensor_period,6.152358635111379,1.004898256487717,0.1091568757938642,0.9246183694302056,0.3123289368867073,0.9291473873569294,5,0.9997521077540128,0.0779793819417667,0.0303262301088074,3.458332043154524,False,False,medium,110-05745,30830,34665,34744,mapped_primary_link
corridor-e45aa79c14e94962a567e13ac975a4ab,daily,state_transition,US50_EB,US50_EB::110-05745,15,PM,sensor_period,4.112036843253428,1.0104045184097257,0.265597651019768,0.3793032209546155,0.2421791522373995,0.383249688299906,16,0.985644281018396,0.1493533700120192,0.1287819118341613,1.8993155696597448,False,False,high,110-05745,30830,34665,34744,mapped_primary_link
corridor-e45aa79c14e94962a567e13ac975a4ab,daily,state_transition,US50_EB,US50_EB::110-05740,16,AM,corridor_period,3.133119127255146,1.0000000000178746,0.2419233634263937,0.3693187898803696,0.1967207317395356,0.3693187898869711,227,0.9959615973470802,0.0710548938524856,0.4353401580679683,5.299787801390093,True,False,low,110-05740,30889,34683,36315,mapped_primary_link
corridor-e45aa79c14e94962a567e13ac975a4ab,daily,state_transition,US50_EB,US50_EB::110-05740,16,PM,sensor_period,4.283416474798012,1.0000000000000002,0.0579612862642545,0.9602848761162082,0.124978530866155,0.9602848761162084,22,0.2387265471788159,0.0103319219928893,0.3313708158752055,1.2767445987392585,True,False,low,110-05740,30889,34683,36315,mapped_primary_link
corridor-e45aa79c14e94962a567e13ac975a4ab,daily,state_transition,US50_EB,US50_EB::110-05742,17,AM,corridor_period,3.133119127255146,1.0000000000178746,0.2419233634263937,0.3693187898803696,0.1967207317395356,0.3693187898869711,227,0.9959615973470802,0.0710548938524856,0.4353401580679683,5.299787801390093,True,False,low,110-05742,30802,34655,36605,mapped_primary_link
corridor-e45aa79c14e94962a567e13ac975a4ab,daily,state_transition,US50_EB,US50_EB::110-05741,18,AM,sensor_period,3.2065221737010017,1.0000000000000002,1.0602602412754747,0.1385984700253895,0.6645792488236891,0.1385984700253895,11,0.9981220350966103,0.2630214626768326,0.1923906053652788,1.0213405288032045,True,False,low,110-05741,29812,34361,34682,mapped_primary_link
corridor-e45aa79c14e94962a567e13ac975a4ab,daily,state_transition,US50_EB,US50_EB::110-05741,18,MD,sensor_period,6.151392096696529,1.0219111474943874,0.0897748411956598,1.0108022565700407,0.3003651050394939,1.0329500939014065,8,0.9992745705942434,0.9496882994798836,0.1011664326478514,0.8632801842846574,False,False,medium,110-05741,29812,34361,34682,mapped_primary_link
corridor-e45aa79c14e94962a567e13ac975a4ab,daily,state_transition,US50_EB,US50_EB::110-05741,18,PM,sensor_period,4.13352003682953,1.0135058797691,0.0626085161018861,1.1355855533853063,0.1673078353772576,1.1509226353368551,7,0.99433042744357,0.6053031292960068,0.2313930616711506,2.446647481886921,False,False,medium,110-05741,29812,34361,34682,mapped_primary_link
corridor-e45aa79c14e94962a567e13ac975a4ab,daily,state_transition,US50_EB,US50_EB::110-05748,19,AM,sensor_period,3.125069075899533,1.000000002829836,0.4534825439548604,0.1431173840998834,0.2846966236813003,0.1431173845048821,8,0.999264222916344,0.1405551193915839,0.0824240436679671,1.6358040158043947,True,False,low,110-05748,30853,34672,36576,mapped_primary_link
corridor-e45aa79c14e94962a567e13ac975a4ab,daily,state_transition,US50_EB,US50_EB::110-05748,19,MD,sensor_period,6.252131052389,1.0000000802630518,0.7707349079459377,0.0500000090360455,0.4505107600367523,0.0500000130491988,14,0.995311362722593,-0.0329747806872666,0.1586789174669176,2.986381942653635,True,True,low,110-05748,30853,34672,36576,mapped_primary_link
corridor-e45aa79c14e94962a567e13ac975a4ab,daily,state_transition,US50_EB,US50_EB::110-05748,19,PM,sensor_period,4.170891606820156,1.0000000000000002,0.3074547269193755,0.3527220173195639,0.2713615382398006,0.3527220173195639,6,0.9883896394244956,0.0593817846523982,0.1584149949308102,1.3165209993319067,True,False,low,110-05748,30853,34672,36576,mapped_primary_link
corridor-e45aa79c14e94962a567e13ac975a4ab,daily,state_transition,US50_EB,US50_EB::110-05747,20,MD,sensor_period,6.694785831861952,1.000000000087376,0.4509253817766256,0.3553193702046361,0.4726108085262029,0.3553193702356825,3,0.9721709672836976,0.321666328325958,0.806777636084968,1.0514361939419663,True,False,low,110-05747,31902,35111,34664,mapped_primary_link
corridor-e45aa79c14e94962a567e13ac975a4ab,daily,state_transition,US50_EB,US50_EB::110-05747,20,PM,sensor_period,4.308820309298428,1.0000000000000002,0.0969058174057026,0.8165317223075486,0.1703422267900759,0.8165317223075488,20,0.9738334042000412,0.2371668903868699,0.3350138106539101,1.1496297672952278,True,False,low,110-05747,31902,35111,34664,mapped_primary_link
corridor-e45aa79c14e94962a567e13ac975a4ab,daily,state_transition,US50_EB,US50_EB::110-05749,21,AM,sensor_period,3.635303754803616,1.2303319242702564,0.0723690703708371,3.0635186767536897,2.012698118971341,3.769144828608237,11,0.9359329687014302,0.538468684813503,0.1244478936227271,4.213510071637596,False,False,high,110-05749,36122,38108,38733,mapped_primary_link
corridor-e45aa79c14e94962a567e13ac975a4ab,daily,state_transition,US50_EB,US50_EB::110-05733,22,AM,sensor_period,3.1665067251456174,1.197865450414902,0.0053969182337452,4.0,0.2893784760510434,4.791461801659607,3,0.9993034490657065,0.9518456584768302,0.0173177329488456,1.5103821186873014,False,True,low,110-05733,29864,34376,36274,mapped_primary_link
corridor-e45aa79c14e94962a567e13ac975a4ab,daily,state_transition,US50_EB,US50_EB::110-05733,22,MD,corridor_period,6.197968306084022,1.0211500617349505,0.07316675976348,0.8185089427640808,0.1736903655408011,0.8358204574341502,108,0.9900280905959752,0.360741063179275,0.6350438653779713,4.330197174070967,False,False,high,110-05733,29864,34376,36274,mapped_primary_link
corridor-e45aa79c14e94962a567e13ac975a4ab,daily,state_transition,US50_EB,US50_EB::110-05733,22,PM,sensor_period,4.033128398444995,1.0069470498697652,0.0466662651484227,0.9710301013044882,0.096404749799943,0.9777758958432936,10,0.9995982720001432,0.2284457584244605,0.0261330748240009,3.308333211519365,False,False,high,110-05733,29864,34376,36274,mapped_primary_link
corridor-e45aa79c14e94962a567e13ac975a4ab,daily,state_transition,US50_EB,US50_EB::110-05732,23,AM,sensor_period,3.0326355872409727,1.0059692380166447,0.1472315219498313,0.5367354620708693,0.1424326424706734,0.5399393637959441,5,0.999963670399278,0.2492632616103192,0.02157692826268,2.0689738604309875,False,False,medium,110-05732,29866,34377,34378,mapped_primary_link
corridor-e45aa79c14e94962a567e13ac975a4ab,daily,state_transition,US50_EB,US50_EB::110-05732,23,MD,sensor_period,6.086142522866768,1.0124152033779286,0.0456259754706816,1.2409471878880547,0.2288432129493494,1.2563537996069534,4,0.9999438960379604,0.9770660446666656,0.0298877946760471,0.6981879265283621,False,False,low,110-05732,29866,34377,34378,mapped_primary_link
corridor-e45aa79c14e94962a567e13ac975a4ab,daily,state_transition,US50_EB,US50_EB::110-05732,23,PM,sensor_period,4.103226238083079,1.0043089362243165,0.3668316358330696,0.168120506184342,0.2480529941776549,0.1688449267234901,16,0.9964965194037572,-0.049027110515563,0.220292261431026,4.196127609659223,False,False,high,110-05732,29866,34377,34378,mapped_primary_link
corridor-e45aa79c14e94962a567e13ac975a4ab,daily,state_transition,US50_EB,US50_EB::110-05735,24,AM,corridor_period,3.133119127255146,1.0000000000178746,0.2419233634263937,0.3693187898803696,0.1967207317395356,0.3693187898869711,227,0.9959615973470802,0.0710548938524856,0.4353401580679683,5.299787801390093,True,False,low,110-05735,29853,34373,34375,mapped_primary_link
corridor-e45aa79c14e94962a567e13ac975a4ab,daily,state_transition,US50_EB,US50_EB::110-05735,24,PM,sensor_period,4.37693941991697,1.0000000000000002,1.024104272597646,0.0500000000000613,0.5880326394223997,0.0500000000000613,16,0.9117749203181946,-0.023681565551783,0.3894057725600675,1.420686790203681,True,True,low,110-05735,29853,34373,34375,mapped_primary_link
corridor-e45aa79c14e94962a567e13ac975a4ab,daily,state_transition,US50_EB,US50_EB::110-05734,25,AM,sensor_period,3.108384559876162,1.0000000000000002,0.5015604867756738,0.0500000054126838,0.2831058104887451,0.0500000054126838,15,0.9972570703993744,-0.0210692001339507,0.1900280721163008,1.55167483325981,True,True,low,110-05734,29863,34375,36288,mapped_primary_link
corridor-e45aa79c14e94962a567e13ac975a4ab,daily,state_transition,US50_EB,US50_EB::110-05734,25,MD,corridor_period,6.197968306084022,1.0211500617349505,0.07316675976348,0.8185089427640808,0.1736903655408011,0.8358204574341502,108,0.9900280905959752,0.360741063179275,0.6350438653779713,4.330197174070967,False,False,high,110-05734,29863,34375,36288,mapped_primary_link
corridor-e45aa79c14e94962a567e13ac975a4ab,daily,state_transition,US50_EB,US50_EB::110-05734,25,PM,sensor_period,4.154836382566648,1.0000000000000002,0.1299084954651299,0.4704609738897981,0.1354072017703728,0.4704609738897982,9,0.9887574348899748,0.4335333606399421,0.276827290753343,0.7051555970353343,True,False,low,110-05734,29863,34375,36288,mapped_primary_link
corridor-e45aa79c14e94962a567e13ac975a4ab,daily,state_transition,US50_EB,US50_EB::110-05731,26,MD,sensor_period,5.969234293111111,1.0288905892814983,0.3715956484648972,0.0500000000000174,0.2167031772013688,0.0514445294640928,15,0.9967736747545184,-0.0083878260317327,0.0862153981896917,1.4496467665353718,False,True,low,110-05731,29871,34378,34379,mapped_primary_link
corridor-e45aa79c14e94962a567e13ac975a4ab,daily,state_transition,US50_EB,US50_EB::110-05731,26,PM,sensor_period,4.059509659884193,1.0063506871989003,0.3099874603614632,0.1315988361228134,0.1988004068425542,0.1324345791667688,8,0.998670351201882,-0.0617139448852055,0.1453401406768912,5.205820488393577,False,False,medium,110-05731,29871,34378,34379,mapped_primary_link
corridor-e45aa79c14e94962a567e13ac975a4ab,daily,state_transition,US50_EB,US50_EB::110-05722,28,AM,sensor_period,3.5256949331101186,1.0000000000125444,1.916363955650351,0.0500000000000982,1.088526379485494,0.0500000000007254,3,0.4986405737993593,-0.0713532811551342,0.1668930839058082,3.5584561433549853,True,True,low,110-05722,25848,30075,30147,mapped_primary_link
corridor-e45aa79c14e94962a567e13ac975a4ab,daily,state_transition,US50_EB,US50_EB::110-05721,29,AM,sensor_period,3.163805577784707,1.00000002862306,0.95586807781446,0.0500000000000139,0.5400166811923806,0.0500000014311669,14,0.99871557796149,-0.0926854244356958,0.1158645149641664,3.718753430965757,True,True,low,110-05721,26099,30149,30591,mapped_primary_link
corridor-e45aa79c14e94962a567e13ac975a4ab,daily,state_transition,US50_EB,US50_EB::110-05721,29,MD,corridor_period,6.197968306084022,1.0211500617349505,0.07316675976348,0.8185089427640808,0.1736903655408011,0.8358204574341502,108,0.9900280905959752,0.360741063179275,0.6350438653779713,4.330197174070967,False,False,high,110-05721,26099,30149,30591,mapped_primary_link
corridor-e45aa79c14e94962a567e13ac975a4ab,daily,state_transition,US50_EB,US50_EB::110-05721,29,PM,sensor_period,4.243184575195027,1.0000000025144256,1.0049043600103156,0.0589507447292165,0.5836148915059831,0.0589507448774437,18,0.9918138369416226,0.0084290894149782,0.2685781924656386,3.225187545215788,True,False,low,110-05721,26099,30149,30591,mapped_primary_link
corridor-e45aa79c14e94962a567e13ac975a4ab,daily,state_transition,US50_EB,US50_EB::110-05724,30,AM,sensor_period,3.0180208939826665,1.0012536794815745,0.1083866149599183,0.0500000728006876,0.0610886500270703,0.050062756866035,5,0.9999963736105096,-0.0233301859541734,0.0017711089489949,0.5135490780092099,False,True,low,110-05724,34112,36115,34011,mapped_primary_link
corridor-e45aa79c14e94962a567e13ac975a4ab,daily,state_transition,US50_EB,US50_EB::110-05724,30,MD,corridor_period,6.197968306084022,1.0211500617349505,0.07316675976348,0.8185089427640808,0.1736903655408011,0.8358204574341502,108,0.9900280905959752,0.360741063179275,0.6350438653779713,4.330197174070967,False,False,high,110-05724,34112,36115,34011,mapped_primary_link
corridor-e45aa79c14e94962a567e13ac975a4ab,daily,state_transition,US50_EB,US50_EB::110-05724,30,PM,sensor_period,4.06548890487858,1.0014028466084943,0.341617865174075,0.050000000000511,0.1954316691709931,0.0500701423309365,20,0.995752401515717,-0.0142170753839405,0.1090410808809075,1.3894744630582674,False,True,low,110-05724,34112,36115,34011,mapped_primary_link
corridor-e45aa79c14e94962a567e13ac975a4ab,daily,state_transition,US50_EB,US50_EB::110-05723,31,MD,sensor_period,6.246571792038753,1.0106141895869458,0.0749671012945327,0.2963857577702982,0.0688155088010895,0.2995316523941427,5,0.9417735942324796,-0.1532704633914163,0.2040389181596907,1.2846624893738583,False,False,medium,110-05723,25853,30077,30076,mapped_primary_link
corridor-e45aa79c14e94962a567e13ac975a4ab,daily,state_transition,US50_EB,US50_EB::110-05720,32,AM,sensor_period,3.017183310322044,1.0015047027677595,0.0712155695663597,0.9708680046089048,0.1109694982263929,0.972328872382569,7,0.9999702745421948,0.5149553330117707,0.0040844405847942,1.1933686597134645,False,False,medium,110-05720,26082,30143,30333,mapped_primary_link
corridor-e45aa79c14e94962a567e13ac975a4ab,daily,state_transition,US50_EB,US50_EB::110-05720,32,MD,sensor_period,6.198805002745555,1.0231038312391914,0.0637515944250438,0.5587375341286186,0.0942284360516956,0.5716465118241281,4,0.9994509494486556,-0.1665973244935839,0.0823636869579443,4.319841355424023,False,False,low,110-05720,26082,30143,30333,mapped_primary_link
corridor-e45aa79c14e94962a567e13ac975a4ab,daily,state_transition,US50_EB,US50_EB::110-05720,32,PM,sensor_period,4.058037047673715,1.000000003149967,0.2638719768965118,0.05,0.150941200248675,0.0500000001574984,16,0.9942892772737772,-0.0484569019025409,0.1262431072950703,3.1824747737680754,True,True,low,110-05720,26082,30143,30333,mapped_primary_link
corridor-e45aa79c14e94962a567e13ac975a4ab,daily,state_transition,US50_EB,US50_EB::110-05726,34,AM,sensor_period,3.225440191016941,1.0000000000000002,0.3618481550691515,0.5060390238076821,0.3490526730992244,0.5060390238076822,18,0.9844475347837276,0.1441019495970468,0.2838492735216082,3.54587138953354,True,False,low,110-05726,34259,36163,34102,mapped_primary_link
corridor-e45aa79c14e94962a567e13ac975a4ab,daily,state_transition,US50_EB,US50_EB::110-05726,34,MD,sensor_period,6.343883415840397,1.042975058816555,0.04052997861229,1.7250245915160989,0.523428712290919,1.7991576247965069,5,0.9958666974943828,0.7986023940976892,0.1110761359575819,2.3533765090494105,False,False,medium,110-05726,34259,36163,34102,mapped_primary_link
corridor-e45aa79c14e94962a567e13ac975a4ab,daily,state_transition,US50_EB,US50_EB::110-05726,34,PM,sensor_period,4.150398242541637,1.0000000000000002,0.3554027408133016,0.3371745847762168,0.3062835430796243,0.3371745847762169,20,0.9831312040240324,0.0382787064086889,0.1713849205535694,3.7024114059656097,True,False,low,110-05726,34259,36163,34102,mapped_primary_link
corridor-e45aa79c14e94962a567e13ac975a4ab,daily,state_transition,US50_EB,US50_EB::110-05725,35,AM,sensor_period,3.0135782406741023,1.00536800065835,0.0626696690934135,0.6250239375159462,0.0666030537718664,0.6283790664240163,15,0.9999655418672008,0.3637931452714892,0.0087045738174695,1.1345599594497917,False,False,high,110-05725,34078,36104,34100,mapped_primary_link
corridor-e45aa79c14e94962a567e13ac975a4ab,daily,state_transition,US50_EB,US50_EB::110-05725,35,MD,sensor_period,6.053847625938552,1.006661830972236,0.0177593232110255,1.7908108820818331,0.2381747038266654,1.802740961481503,6,0.999883797419418,0.3872802547870457,0.0068560599304662,1.26481559635109,False,False,medium,110-05725,34078,36104,34100,mapped_primary_link
corridor-e45aa79c14e94962a567e13ac975a4ab,daily,state_transition,US50_EB,US50_EB::110-05725,35,PM,sensor_period,4.042356249038157,1.002816728904463,0.103668651719839,0.1015475140689027,0.0637159865996279,0.1018335458869569,13,0.9881288160129434,-0.0422094128537851,0.1413969974973939,1.9514306260652732,False,False,high,110-05725,34078,36104,34100,mapped_primary_link
corridor-e45aa79c14e94962a567e13ac975a4ab,daily,state_transition,US50_EB,US50_EB::110-05727,37,AM,sensor_period,3.0979700226976408,1.0000002559497916,0.1166965197037718,0.6828166666383906,0.1347014703351153,0.6828168414051741,8,0.9973012734578286,0.2251040846224182,0.1328326242100505,1.490531279714154,True,False,low,110-05727,28956,34097,36101,mapped_primary_link
corridor-e45aa79c14e94962a567e13ac975a4ab,daily,state_transition,US50_EB,US50_EB::110-05727,37,MD,sensor_period,6.231966248241493,1.0000000013596784,0.1217470209974166,0.6899888567135357,0.2294771938159829,0.6899888576516986,4,0.9989702196228016,0.5960817300765178,0.1072406409525474,0.7751442591057982,True,False,low,110-05727,28956,34097,36101,mapped_primary_link
corridor-e45aa79c14e94962a567e13ac975a4ab,daily,state_transition,US50_EB,US50_EB::110-05727,37,PM,sensor_period,4.160043241441627,1.000000026403444,0.927771244093244,0.0500000000033539,0.5313669367284856,0.0500000013235261,11,0.9839639895343448,-0.0176568913712427,0.2564194925010361,1.6934607359743716,True,True,low,110-05727,28956,34097,36101,mapped_primary_link
corridor-e45aa79c14e94962a567e13ac975a4ab,daily,state_transition,US50_EB,US50_EB::110+10658,38,AM,corridor_period,3.133119127255146,1.0000000000178746,0.2419233634263937,0.3693187898803696,0.1967207317395356,0.3693187898869711,227,0.9959615973470802,0.0710548938524856,0.4353401580679683,5.299787801390093,True,False,low,110+10658,27233,30583,30341,mapped_primary_link
corridor-e45aa79c14e94962a567e13ac975a4ab,daily,state_transition,US50_EB,US50_EB::110+10658,38,MD,sensor_period,7.098595914934253,1.0000026734687626,0.0400326524428132,1.0,0.1515603323170862,1.0000026734687626,4,,-6.818485109860717e-09,0.3424627779141469,0.0650000002216002,True,False,low,110+10658,27233,30583,30341,mapped_primary_link
corridor-e45aa79c14e94962a567e13ac975a4ab,daily,state_transition,US50_EB,US50_EB::110+10658,38,PM,sensor_period,4.629640048966139,1.0000000000000002,0.0422122447369401,1.00664380262875,0.1052946162249936,1.00664380262875,15,,-0.0023938103309428,0.2554326151628314,0.7361061174036346,True,False,low,110+10658,27233,30583,30341,mapped_primary_link
corridor-e45aa79c14e94962a567e13ac975a4ab,daily,state_transition,US50_EB,US50_EB::110N05722,46,AM,sensor_period,3.4603174958421468,1.0000000000335203,0.1031236102955535,2.402343726636452,1.0851721863963035,2.4023437267169787,4,-1.3111532066130955,-0.032808670443251,0.2687443724185852,5.588684364836774,True,False,low,110N05722,26661,30337,30335,mapped_primary_link
corridor-e45aa79c14e94962a567e13ac975a4ab,daily,state_transition,US50_EB,US50_EB::110N05722,46,PM,corridor_period,4.097388626651951,1.0256686317113113,0.0885744623008886,0.801326792630011,0.1462600267762392,0.8218957549504371,317,0.9950118390058068,0.2971368931778561,0.536206429355239,4.48097207415272,False,False,high,110N05722,26661,30337,30335,mapped_primary_link
corridor-e45aa79c14e94962a567e13ac975a4ab,daily,state_transition,US50_EB,US50_EB::110N05725,47,AM,corridor_period,3.133119127255146,1.0000000000178746,0.2419233634263937,0.3693187898803696,0.1967207317395356,0.3693187898869711,227,0.9959615973470802,0.0710548938524856,0.4353401580679683,5.299787801390093,True,False,low,110N05725,34093,36109,34095,mapped_primary_link
corridor-e45aa79c14e94962a567e13ac975a4ab,daily,state_transition,US50_EB,US50_EB::110N05729,50,AM,sensor_period,3.170723180259432,1.0491695172382516,0.1368648041087016,1.05376691280436,0.2462603950493532,1.105580123188593,11,0.9637027537738612,-0.0719022416847352,0.0624476111632652,7.027944539403212,False,False,high,110N05729,31145,34762,34932,mapped_primary_link
corridor-e45aa79c14e94962a567e13ac975a4ab,daily,state_transition,US50_EB,US50_EB::110N05742,59,AM,sensor_period,3.249582965176713,1.0000000026140867,0.6315752223908468,0.1445340447265261,0.3993928898210823,0.1445340451043506,7,0.9960830131734884,-0.0415052556119854,0.04380096071919,4.064314942001106,True,False,low,110N05742,35770,36680,35070,mapped_primary_link
corridor-e45aa79c14e94962a567e13ac975a4ab,daily,state_transition,US50_EB,US50_EB::110N05742,59,MD,corridor_period,6.197968306084022,1.0211500617349505,0.07316675976348,0.8185089427640808,0.1736903655408011,0.8358204574341502,108,0.9900280905959752,0.360741063179275,0.6350438653779713,4.330197174070967,False,False,high,110N05742,35770,36680,35070,mapped_primary_link
corridor-e45aa79c14e94962a567e13ac975a4ab,daily,state_transition,US50_EB,US50_EB::110N05742,59,PM,corridor_period,4.097388626651951,1.0256686317113113,0.0885744623008886,0.801326792630011,0.1462600267762392,0.8218957549504371,317,0.9950118390058068,0.2971368931778561,0.536206429355239,4.48097207415272,False,False,high,110N05742,35770,36680,35070,mapped_primary_link
corridor-e45aa79c14e94962a567e13ac975a4ab,daily,state_transition,US50_EB,US50_EB::110N05748,60,MD,sensor_period,6.725415570022493,1.1165971275057074,0.0812473603930034,1.8322636580298983,1.4236645138940145,2.045900337389284,3,0.9939354061083768,0.8914777305310974,0.1082036756753723,1.8391368917002195,False,False,low,110N05748,32916,35724,35722,mapped_primary_link
corridor-e45aa79c14e94962a567e13ac975a4ab,daily,state_transition,US50_EB,US50_EB::110N05748,60,PM,sensor_period,4.351138313673505,1.0000000000000078,0.4510925414177926,0.7317553560206094,0.705611188465518,0.731755356020615,17,0.8740140820758124,-0.0324728603501767,0.2016213420215802,3.86558187046785,True,False,low,110N05748,32916,35724,35722,mapped_primary_link
corridor-e45aa79c14e94962a567e13ac975a4ab,daily,state_transition,US50_EB,US50_EB::110P10657,66,AM,sensor_period,3.410765236704807,1.0000000000000002,0.0408609691460511,1.0037759148854926,0.074674310637221,1.0037759148854928,4,,-0.0008335118465825,0.1744299092885095,0.4943971727576234,True,False,low,110P10657,28946,34094,35342,mapped_primary_link
corridor-e45aa79c14e94962a567e13ac975a4ab,daily,state_transition,US50_EB,US50_EB::110P10657,66,MD,corridor_period,6.197968306084022,1.0211500617349505,0.07316675976348,0.8185089427640808,0.1736903655408011,0.8358204574341502,108,0.9900280905959752,0.360741063179275,0.6350438653779713,4.330197174070967,False,False,high,110P10657,28946,34094,35342,mapped_primary_link
corridor-e45aa79c14e94962a567e13ac975a4ab,daily,state_transition,US50_EB,US50_EB::110P10657,66,PM,corridor_period,4.097388626651951,1.0256686317113113,0.0885744623008886,0.801326792630011,0.1462600267762392,0.8218957549504371,317,0.9950118390058068,0.2971368931778561,0.536206429355239,4.48097207415272,False,False,high,110P10657,28946,34094,35342,mapped_primary_link
corridor-2d9deb01548d4bcd913db504e17e9ded,daily,state_transition,US50_WB,US50_WB::110P05748,1,PM,sensor_period,4.406184702663993,1.0000002157375836,0.5213213644235789,0.821451698043728,0.940092630908958,0.8214518752617324,16,0.9365950446540334,0.1215386156304989,0.2445366625306882,4.652101551058474,True,False,low,110P05748,32911,35722,35724,mapped_primary_link
corridor-2d9deb01548d4bcd913db504e17e9ded,daily,state_transition,US50_WB,US50_WB::110P05744,2,PM,sensor_period,4.022124609319869,1.0000027591402685,0.1026741137898471,0.0500000002635432,0.058705996883419,0.0500001382205574,4,0.9999626094489008,-0.0299290763428783,0.0027558947171513,1.266719386639514,True,True,low,110P05744,32899,35718,35720,mapped_primary_link
corridor-2d9deb01548d4bcd913db504e17e9ded,daily,state_transition,US50_WB,US50_WB::110+16036,9,AM,sensor_period,3.0084557316841813,1.000036366976835,0.0802975757854149,0.1688007655003971,0.0515757951226024,0.1688069042739258,13,0.9999952920205796,0.1417281355419744,0.0049322288904334,0.8243384956995415,True,False,low,110+16036,36132,38111,38113,mapped_primary_link
corridor-2d9deb01548d4bcd913db504e17e9ded,daily,state_transition,US50_WB,US50_WB::110+16036,9,MD,sensor_period,6.039054891693807,1.0057105346928936,0.0283243747497313,0.9117207564311473,0.0778367485976211,0.9169271694409784,6,0.999962777582931,-0.0597461128757774,0.0037013399456764,1.7247237500457508,False,False,medium,110+16036,36132,38111,38113,mapped_primary_link
corridor-2d9deb01548d4bcd913db504e17e9ded,daily,state_transition,US50_WB,US50_WB::110+16036,9,PM,sensor_period,4.077050016356203,1.012313604471709,0.0745633356283467,0.7285930365790588,0.1107179230394602,0.7375646430523347,13,0.9874573242975432,0.0444439059664151,0.1663261636381842,4.590005626233493,False,False,high,110+16036,36132,38111,38113,mapped_primary_link
corridor-2d9deb01548d4bcd913db504e17e9ded,daily,state_transition,US50_WB,US50_WB::110P05724,11,PM,sensor_period,4.278041924130469,1.053193906904337,0.0958295610209095,1.9116829880201265,0.8226945565818514,2.013372874915474,12,0.958325324177528,0.3278886448216943,0.1038288413416749,4.933049808302165,False,False,high,110P05724,26679,30346,30347,mapped_primary_link
corridor-2d9deb01548d4bcd913db504e17e9ded,daily,state_transition,US50_WB,US50_WB::110P05725,12,PM,sensor_period,4.047777747412502,1.0033979342925865,0.0636309441386251,0.6584977153305915,0.0852153589154652,0.6607352472991033,9,0.99938657956444,0.0529805226241053,0.0167675589447311,2.5573034308816003,False,False,medium,110P05725,32394,35342,34094,mapped_primary_link
corridor-2d9deb01548d4bcd913db504e17e9ded,daily,state_transition,US50_WB,US50_WB::110P05720,15,PM,sensor_period,4.37288578464418,1.000000000675072,0.2603171894457234,1.3627196250696214,1.0367854318160872,1.362719625989555,16,0.9050886115467772,0.1027171014516705,0.1790153530800659,3.694576201892832,True,False,low,110P05720,26673,30342,30343,mapped_primary_link
corridor-2d9deb01548d4bcd913db504e17e9ded,daily,state_transition,US50_WB,US50_WB::110P05731,17,AM,corridor_period,3.055774276971828,1.004573453461384,0.0774886630946712,0.7157662337358075,0.0919327647085508,0.7190397572950282,110,0.9992985042347258,0.1184245414520251,0.1685659066855968,5.04451182587115,False,False,high,110P05731,29877,34380,34379,mapped_primary_link
corridor-2d9deb01548d4bcd913db504e17e9ded,daily,state_transition,US50_WB,US50_WB::110P05731,17,MD,sensor_period,6.558850798959932,1.0632835548674977,0.415156028814004,0.3952709429627522,0.4656700991503618,0.420285093369263,5,0.99895074515338,0.1319979179113448,0.0705228188105022,6.9792166122043655,False,False,medium,110P05731,29877,34380,34379,mapped_primary_link
corridor-2d9deb01548d4bcd913db504e17e9ded,daily,state_transition,US50_WB,US50_WB::110P05731,17,PM,sensor_period,4.205617848953182,1.0154841882309351,0.0396392652397944,1.8469637391284348,0.3001341110301672,1.875562473320812,10,0.9671750267052128,0.3270939106513969,0.3227030024305824,4.805124074363203,False,False,high,110P05731,29877,34380,34379,mapped_primary_link
corridor-2d9deb01548d4bcd913db504e17e9ded,daily,state_transition,US50_WB,US50_WB::110P05730,18,PM,sensor_period,5.545875489519192,1.375765048499546,0.0180504698047972,3.999999998983004,9.106839804134056,5.503060192599037,3,0.999811335132778,0.8769673940195255,0.0058364792396687,2.969644515204569,False,True,low,110P05730,31710,35030,35032,mapped_primary_link
corridor-2d9deb01548d4bcd913db504e17e9ded,daily,state_transition,US50_WB,US50_WB::110P06630,23,AM,corridor_period,3.055774276971828,1.004573453461384,0.0774886630946712,0.7157662337358075,0.0919327647085508,0.7190397572950282,110,0.9992985042347258,0.1184245414520251,0.1685659066855968,5.04451182587115,False,False,high,110P06630,8253,20001,30203,mapped_primary_link
corridor-2d9deb01548d4bcd913db504e17e9ded,daily,state_transition,US50_WB,US50_WB::110P06630,23,MD,corridor_period,6.124534761390241,1.0070275720399695,0.0574126032716072,0.6688227426344582,0.1029007072141997,0.6735229426402918,75,0.9980339419609136,0.2867813760413604,0.3153766984769796,3.891845877414733,False,False,high,110P06630,8253,20001,30203,mapped_primary_link
corridor-2d9deb01548d4bcd913db504e17e9ded,daily,state_transition,US50_WB,US50_WB::110P06630,23,PM,sensor_period,4.044788273431671,1.0000002906376333,0.1070024763436111,0.0982386251120207,0.0654656018496089,0.0982386536638622,12,0.994149128855428,-0.0858585435275771,0.1415671756539614,1.934925762083961,True,False,low,110P06630,8253,20001,30203,mapped_primary_link
corridor-2d9deb01548d4bcd913db504e17e9ded,daily,state_transition,US50_WB,US50_WB::110+05736,26,MD,sensor_period,6.403273215348327,1.0000000000000002,0.1404918160497525,0.6031044779153363,0.2296119205973901,0.6031044779153364,5,0.9942056598598992,0.2412278902827678,0.2024721128728923,1.1691841995651544,True,False,low,110+05736,29861,34375,34373,mapped_primary_link
corridor-2d9deb01548d4bcd913db504e17e9ded,daily,state_transition,US50_WB,US50_WB::110+05736,26,PM,corridor_period,4.145000795895206,1.006005174797905,0.0963258701902465,0.8407180592550669,0.1697875210703167,0.8457667181566492,348,0.9962230836918204,0.1097528087755382,0.3006647844922293,5.957660298077956,False,False,high,110+05736,29861,34375,34373,mapped_primary_link
corridor-2d9deb01548d4bcd913db504e17e9ded,daily,state_transition,US50_WB,US50_WB::110+05735,27,AM,corridor_period,3.055774276971828,1.004573453461384,0.0774886630946712,0.7157662337358075,0.0919327647085508,0.7190397572950282,110,0.9992985042347258,0.1184245414520251,0.1685659066855968,5.04451182587115,False,False,high,110+05735,34632,36288,34375,mapped_primary_link
corridor-2d9deb01548d4bcd913db504e17e9ded,daily,state_transition,US50_WB,US50_WB::110+05735,27,MD,sensor_period,6.051436331470995,1.0042309984109452,0.0892145883458405,0.4896191513876934,0.1148808085674091,0.4916907292391831,3,0.999921668751928,0.7568694251254797,0.0441417013241502,0.8397571839949036,False,False,low,110+05735,34632,36288,34375,mapped_primary_link
corridor-2d9deb01548d4bcd913db504e17e9ded,daily,state_transition,US50_WB,US50_WB::110+05735,27,PM,sensor_period,4.08754416889305,1.0000116904570608,0.5839339399294239,0.0500000000163432,0.3341454634817261,0.0500005845391965,20,0.995971456959267,-0.0154876805661092,0.1199455473713694,2.4962817059023976,True,True,low,110+05735,34632,36288,34375,mapped_primary_link
corridor-2d9deb01548d4bcd913db504e17e9ded,daily,state_transition,US50_WB,US50_WB::110+05734,28,AM,corridor_period,3.055774276971828,1.004573453461384,0.0774886630946712,0.7157662337358075,0.0919327647085508,0.7190397572950282,110,0.9992985042347258,0.1184245414520251,0.1685659066855968,5.04451182587115,False,False,high,110+05734,34587,36274,34376,mapped_primary_link
corridor-2d9deb01548d4bcd913db504e17e9ded,daily,state_transition,US50_WB,US50_WB::110+05734,28,MD,corridor_period,6.124534761390241,1.0070275720399695,0.0574126032716072,0.6688227426344582,0.1029007072141997,0.6735229426402918,75,0.9980339419609136,0.2867813760413604,0.3153766984769796,3.891845877414733,False,False,high,110+05734,34587,36274,34376,mapped_primary_link
corridor-2d9deb01548d4bcd913db504e17e9ded,daily,state_transition,US50_WB,US50_WB::110+05734,28,PM,sensor_period,4.099653169254447,1.0124711107010842,0.0982566529545236,1.5083038007440102,0.4401183736247816,1.5271140244139547,6,0.9978181396067198,0.2518416585949483,0.0293879749615395,4.100336030967723,False,False,medium,110+05734,34587,36274,34376,mapped_primary_link
corridor-2d9deb01548d4bcd913db504e17e9ded,daily,state_transition,US50_WB,US50_WB::110+05733,29,AM,sensor_period,3.108550053322594,1.0670071655755358,0.0861520537233219,0.050000003701434,0.0486286550007207,0.0533503622282334,3,0.999997855623161,-0.1800194198536613,0.0001725775525723,1.5773495531367754,False,True,low,110+05733,29870,34378,34377,mapped_primary_link
corridor-2d9deb01548d4bcd913db504e17e9ded,daily,state_transition,US50_WB,US50_WB::110+05733,29,MD,sensor_period,6.032083316768438,1.0000016905439466,0.0925237559245435,0.1826782904037774,0.0685214303473901,0.1826785992294555,5,0.9999712212527032,0.0928365136476725,0.0082847638652197,1.243138332686507,True,False,low,110+05733,29870,34378,34377,mapped_primary_link
corridor-2d9deb01548d4bcd913db504e17e9ded,daily,state_transition,US50_WB,US50_WB::110+05733,29,PM,sensor_period,4.022163412075908,1.003335712601326,0.0707960884113696,0.465868027278018,0.0722115129132367,0.4674220291271642,12,0.9996257840822724,-0.0115849058326671,0.0288485807050595,2.575098628177197,False,False,high,110+05733,29870,34378,34377,mapped_primary_link
corridor-2d9deb01548d4bcd913db504e17e9ded,daily,state_transition,US50_WB,US50_WB::110+05732,30,MD,sensor_period,6.094035169394847,1.046339171282578,0.0001455077337594,3.2073620108132466,0.0255481315368355,3.355988508397556,4,0.9469996973997372,0.510048575258139,0.3004432398408599,1.7616369016061644,False,False,low,110+05732,29875,34379,34378,mapped_primary_link
corridor-2d9deb01548d4bcd913db504e17e9ded,daily,state_transition,US50_WB,US50_WB::110+05732,30,PM,sensor_period,4.327561214955884,1.00000000000766,0.0841821880264112,0.998238019235097,0.1937943490218612,0.9982380192427436,17,0.9262589328520638,0.2133427682442188,0.3637747171097779,1.308910994549824,True,False,low,110+05732,29875,34379,34378,mapped_primary_link
corridor-2d9deb01548d4bcd913db504e17e9ded,daily,state_transition,US50_WB,US50_WB::110+05731,31,MD,corridor_period,6.124534761390241,1.0070275720399695,0.0574126032716072,0.6688227426344582,0.1029007072141997,0.6735229426402918,75,0.9980339419609136,0.2867813760413604,0.3153766984769796,3.891845877414733,False,False,high,110+05731,31713,35032,34380,mapped_primary_link
corridor-2d9deb01548d4bcd913db504e17e9ded,daily,state_transition,US50_WB,US50_WB::110+05726,33,AM,sensor_period,3.0608588783854143,1.0000000000000002,0.3118811949967253,0.05,0.1759057690251924,0.05,5,0.9994278632394332,-0.0200468096713184,0.0119596902193015,1.567166738322779,True,True,low,110+05726,28964,34100,36104,mapped_primary_link
corridor-2d9deb01548d4bcd913db504e17e9ded,daily,state_transition,US50_WB,US50_WB::110+05726,33,MD,corridor_period,6.124534761390241,1.0070275720399695,0.0574126032716072,0.6688227426344582,0.1029007072141997,0.6735229426402918,75,0.9980339419609136,0.2867813760413604,0.3153766984769796,3.891845877414733,False,False,high,110+05726,28964,34100,36104,mapped_primary_link
corridor-2d9deb01548d4bcd913db504e17e9ded,daily,state_transition,US50_WB,US50_WB::110+05726,33,PM,sensor_period,4.279782392584976,1.0000000000000129,1.0711571716058157,0.0500000000057452,0.6143601137741068,0.0500000000057459,21,0.971004365271026,-0.0327935257032347,0.4058464166979095,1.639398829332011,True,True,low,110+05726,28964,34100,36104,mapped_primary_link
corridor-2d9deb01548d4bcd913db504e17e9ded,daily,state_transition,US50_WB,US50_WB::110+05725,34,AM,sensor_period,3.0222612872347847,1.0041751591366412,0.1313135516075615,0.1005622331238767,0.0782729198992981,0.1009820964503049,8,0.9998026667632822,-0.0836619929436817,0.0109306499426611,1.5530090391231886,False,False,medium,110+05725,26680,30347,30599,mapped_primary_link
corridor-2d9deb01548d4bcd913db504e17e9ded,daily,state_transition,US50_WB,US50_WB::110+05725,34,MD,sensor_period,6.051751164261435,1.00642984605972,0.052739639383986,0.8239076612719697,0.1239748756532593,0.8292052607013725,3,0.9998749364287308,0.6172403824627917,0.0419058585391616,1.836055566686001,False,False,low,110+05725,26680,30347,30599,mapped_primary_link
corridor-2d9deb01548d4bcd913db504e17e9ded,daily,state_transition,US50_WB,US50_WB::110+05725,34,PM,sensor_period,4.108571388221018,1.0000000000000002,0.1879726874630418,0.5011162899726416,0.2035279012289202,0.5011162899726417,21,0.9939585961464408,0.0528246659285129,0.1465098470764089,2.2708137750575186,True,False,low,110+05725,26680,30347,30599,mapped_primary_link
corridor-2d9deb01548d4bcd913db504e17e9ded,daily,state_transition,US50_WB,US50_WB::110+05724,35,PM,sensor_period,4.03942397053443,1.00002617388506,0.0269650023753426,1.6239302625725842,0.1388096552126634,1.6239727671366222,4,0.9994684523091174,0.8720343933380439,0.0201218747303648,0.731918587360693,True,False,low,110+05724,27246,30587,30068,mapped_primary_link
corridor-2d9deb01548d4bcd913db504e17e9ded,daily,state_transition,US50_WB,US50_WB::110+05728,38,AM,sensor_period,3.1110915639688463,1.0000000000000002,0.7953048852755192,0.05,0.4489293688547628,0.05,20,0.972305590912934,-0.0124097270949419,0.2295777042611552,2.006179176867685,True,True,low,110+05728,34069,36101,34097,mapped_primary_link
corridor-2d9deb01548d4bcd913db504e17e9ded,daily,state_transition,US50_WB,US50_WB::110+05728,38,MD,corridor_period,6.124534761390241,1.0070275720399695,0.0574126032716072,0.6688227426344582,0.1029007072141997,0.6735229426402918,75,0.9980339419609136,0.2867813760413604,0.3153766984769796,3.891845877414733,False,False,high,110+05728,34069,36101,34097,mapped_primary_link
corridor-2d9deb01548d4bcd913db504e17e9ded,daily,state_transition,US50_WB,US50_WB::110+05728,38,PM,corridor_period,4.145000795895206,1.006005174797905,0.0963258701902465,0.8407180592550669,0.1697875210703167,0.8457667181566492,348,0.9962230836918204,0.1097528087755382,0.3006647844922293,5.957660298077956,False,False,high,110+05728,34069,36101,34097,mapped_primary_link
corridor-2d9deb01548d4bcd913db504e17e9ded,daily,state_transition,US50_WB,US50_WB::110+05727,39,AM,sensor_period,3.191520160176433,1.020655163529657,0.6333568880056079,0.2546417477552589,0.453927039657676,0.2599014146966215,14,0.9845627760613348,0.0195203302606029,0.0573435804744432,4.007201232865015,False,False,high,110+05727,28972,34102,36163,mapped_primary_link
corridor-2d9deb01548d4bcd913db504e17e9ded,daily,state_transition,US50_WB,US50_WB::110+05727,39,PM,sensor_period,4.266292626360598,1.0139661825816615,0.0644271275733536,1.54953244796965,0.3253504475212413,1.5711735010542034,22,0.9773934284392995,0.2672361279189206,0.2305313647468475,3.9064577323817873,False,False,high,110+05727,28972,34102,36163,mapped_primary_link
corridor-2d9deb01548d4bcd913db504e17e9ded,daily,state_transition,US50_WB,US50_WB::110+05722,40,PM,sensor_period,4.052374504608134,1.0000002473503302,0.1547533247029711,0.0500000000000018,0.0885164921471469,0.0500000123675183,9,0.9907906638604757,-0.0829412308669519,0.0756796618004397,4.66270242560731,True,True,low,110+05722,27260,30591,30149,mapped_primary_link
corridor-2d9deb01548d4bcd913db504e17e9ded,daily,state_transition,US50_WB,US50_WB::110+05721,41,AM,sensor_period,3.036416836195414,1.000000313181426,0.2247986466595438,0.0500000000927737,0.1267390623791265,0.050000015751845,7,0.9996979203585538,-0.0795777700541719,0.0165398616145388,0.8912279319050166,True,True,low,110+05721,26674,30343,30143,mapped_primary_link
corridor-2d9deb01548d4bcd913db504e17e9ded,daily,state_transition,US50_WB,US50_WB::110+05721,41,PM,sensor_period,4.255390098150257,1.0000000000000002,1.2139794821846082,0.0587754832795623,0.7049791788369989,0.0587754832795623,22,0.9864807282615942,-0.0010192802106818,0.3210051311266441,2.7033147897201646,True,False,low,110+05721,26674,30343,30143,mapped_primary_link
corridor-2d9deb01548d4bcd913db504e17e9ded,daily,state_transition,US50_WB,US50_WB::110+05720,42,PM,sensor_period,4.049136004535981,1.0068368541927997,0.0262726397062906,2.2770865909078872,0.3384691834424404,2.292654699914304,9,0.9996876549335244,0.2689255021284096,0.0101563277898826,2.399051493055703,False,False,medium,110+05720,26017,30125,30139,mapped_primary_link
corridor-2d9deb01548d4bcd913db504e17e9ded,daily,state_transition,US50_WB,US50_WB::110+05751,44,AM,corridor_period,3.055774276971828,1.004573453461384,0.0774886630946712,0.7157662337358075,0.0919327647085508,0.7190397572950282,110,0.9992985042347258,0.1184245414520251,0.1685659066855968,5.04451182587115,False,False,high,110+05751,35839,38014,38512,mapped_primary_link
corridor-2d9deb01548d4bcd913db504e17e9ded,daily,state_transition,US50_WB,US50_WB::110+05751,44,PM,sensor_period,4.16092070525499,1.045649438200206,0.0111868622656432,2.805592791287442,0.3257620181763763,2.933666526028261,7,0.9982867058847896,0.9787329506058218,0.0365707309941282,0.5583702067932169,False,False,medium,110+05751,35839,38014,38512,mapped_primary_link
corridor-2d9deb01548d4bcd913db504e17e9ded,daily,state_transition,US50_WB,US50_WB::110+05750,45,AM,sensor_period,3.014984420569985,1.0022152611115709,0.005630645186316,3.4865361007311195,0.1407996568702839,3.4942596885691573,3,0.9999909460814592,0.6121196551323003,0.0009382121723458,1.3828132643740392,False,False,low,110+05750,38038,38733,38108,mapped_primary_link
corridor-2d9deb01548d4bcd913db504e17e9ded,daily,state_transition,US50_WB,US50_WB::110+05750,45,MD,corridor_period,6.124534761390241,1.0070275720399695,0.0574126032716072,0.6688227426344582,0.1029007072141997,0.6735229426402918,75,0.9980339419609136,0.2867813760413604,0.3153766984769796,3.891845877414733,False,False,high,110+05750,38038,38733,38108,mapped_primary_link
corridor-2d9deb01548d4bcd913db504e17e9ded,daily,state_transition,US50_WB,US50_WB::110+05750,45,PM,sensor_period,4.032972493327135,1.0056448535372329,0.0110395213925447,2.498767502564312,0.191984289815744,2.512872679139884,4,0.999637366108008,-0.0050896179153743,0.0108430949073265,2.939476657203511,False,False,low,110+05750,38038,38733,38108,mapped_primary_link
corridor-2d9deb01548d4bcd913db504e17e9ded,daily,state_transition,US50_WB,US50_WB::110+05752,47,PM,sensor_period,4.296526381035875,1.0783357550770722,0.0215334204526743,3.2537481823675223,1.3186107346715568,3.5086330030639337,3,0.9969097688024572,0.8123077498133684,0.0398501628166688,2.962845613754709,False,False,low,110+05752,37483,38555,38319,mapped_primary_link
corridor-2d9deb01548d4bcd913db504e17e9ded,daily,state_transition,US50_WB,US50_WB::110+05748,48,MD,sensor_period,6.05354602898344,1.0004016274816188,0.0621083060277449,0.6669647790582846,0.1100832995608389,0.6672326504428261,11,0.9999815103522778,0.7839547723321365,0.0130558881413137,0.8406819107267968,True,False,low,110+05748,31903,35111,35722,mapped_primary_link
corridor-2d9deb01548d4bcd913db504e17e9ded,daily,state_transition,US50_WB,US50_WB::110+05748,48,PM,sensor_period,4.063104260800827,1.007247361504532,0.0234918469592022,1.8546485997876496,0.1687071411653302,1.868089908654185,8,0.999676993901604,0.6798092287133652,0.0280537328923893,2.483979913442593,False,False,medium,110+05748,31903,35111,35722,mapped_primary_link
corridor-2d9deb01548d4bcd913db504e17e9ded,daily,state_transition,US50_WB,US50_WB::110+05747,49,AM,sensor_period,3.0677697248923024,1.0000012648770435,0.4944733520696029,0.05,0.2789219916020056,0.0500000632438522,4,0.9999436835253268,-0.0393592009732,0.0347713145514874,2.9141582330703577,True,True,low,110+05747,33260,35839,35838,mapped_primary_link
corridor-2d9deb01548d4bcd913db504e17e9ded,daily,state_transition,US50_WB,US50_WB::110+05747,49,MD,sensor_period,6.232623158853027,1.000000000188621,0.0338875712213,0.9474366750544586,0.1023150444441764,0.9474366752331648,3,0.9930813252728936,0.7637695940612699,0.3430941023470838,1.180778177904285,True,False,low,110+05747,33260,35839,35838,mapped_primary_link
corridor-2d9deb01548d4bcd913db504e17e9ded,daily,state_transition,US50_WB,US50_WB::110+05747,49,PM,sensor_period,4.099496452713415,1.0000000000000002,0.3043134817754675,0.127973984957315,0.1944166639385721,0.127973984957315,16,0.996357768891896,-0.0574635551200746,0.2116907147743697,2.4720167221688807,True,False,low,110+05747,33260,35839,35838,mapped_primary_link
corridor-2d9deb01548d4bcd913db504e17e9ded,daily,state_transition,US50_WB,US50_WB::110+05746,50,AM,sensor_period,3.027419807702881,1.0030633554492874,0.090062984019493,0.5720095135705411,0.0905155493457444,0.5737617820309816,3,0.9996979560229172,-0.0579775706357388,0.007384830267811,2.1710004735045207,False,False,low,110+05746,31092,34744,34665,mapped_primary_link
corridor-2d9deb01548d4bcd913db504e17e9ded,daily,state_transition,US50_WB,US50_WB::110+05746,50,PM,sensor_period,4.183487542412134,1.0444372976571816,0.0049648943225023,3.8502255222244113,0.6545940538613848,4.021319139802775,5,0.9993030287881448,0.9877717539885682,0.0310693599615369,0.857069342265328,False,False,medium,110+05746,31092,34744,34665,mapped_primary_link
corridor-2d9deb01548d4bcd913db504e17e9ded,daily,state_transition,US50_WB,US50_WB::110+05745,51,AM,sensor_period,3.028101320393623,1.0104499091141244,0.0424484168407635,1.3269761978280348,0.0984831421853639,1.340842978491944,10,0.9999729108938872,0.6110423183732716,0.0063264645958019,1.7861909981264434,False,False,high,110+05745,31762,35053,34653,mapped_primary_link
corridor-2d9deb01548d4bcd913db504e17e9ded,daily,state_transition,US50_WB,US50_WB::110+05745,51,MD,corridor_period,6.124534761390241,1.0070275720399695,0.0574126032716072,0.6688227426344582,0.1029007072141997,0.6735229426402918,75,0.9980339419609136,0.2867813760413604,0.3153766984769796,3.891845877414733,False,False,high,110+05745,31762,35053,34653,mapped_primary_link
corridor-2d9deb01548d4bcd913db504e17e9ded,daily,state_transition,US50_WB,US50_WB::110+05745,51,PM,sensor_period,4.045314221947483,1.005949202913333,0.0316575602637626,1.1084441504456757,0.0794783520952862,1.115038509614774,19,0.996302290451023,0.1012942776255168,0.1159422624641891,3.663451572041863,False,False,high,110+05745,31762,35053,34653,mapped_primary_link
corridor-2d9deb01548d4bcd913db504e17e9ded,daily,state_transition,US50_WB,US50_WB::110+05749,52,MD,corridor_period,6.124534761390241,1.0070275720399695,0.0574126032716072,0.6688227426344582,0.1029007072141997,0.6735229426402918,75,0.9980339419609136,0.2867813760413604,0.3153766984769796,3.891845877414733,False,False,high,110+05749,35527,36576,34672,mapped_primary_link
corridor-2d9deb01548d4bcd913db504e17e9ded,daily,state_transition,US50_WB,US50_WB::110+05749,52,PM,sensor_period,4.162179739088813,1.0065304127105097,0.1250024664634271,0.8128787301121774,0.2124956483731089,0.8181871637034049,22,0.9739016425131416,0.1333042767832439,0.1625481185499651,3.365408042828751,False,False,high,110+05749,35527,36576,34672,mapped_primary_link
corridor-2d9deb01548d4bcd913db504e17e9ded,daily,state_transition,US50_WB,US50_WB::110+05741,56,MD,sensor_period,5.841526028100455,1.0507240314566084,0.1999947624611963,0.2914250675906702,0.1784030742001735,0.3062073218863836,7,0.98970050079236,0.0802329020077171,0.3127602408233932,1.0877739725841116,False,False,medium,110+05741,34719,36315,34683,mapped_primary_link
corridor-2d9deb01548d4bcd913db504e17e9ded,daily,state_transition,US50_WB,US50_WB::110+05741,56,PM,corridor_period,4.145000795895206,1.006005174797905,0.0963258701902465,0.8407180592550669,0.1697875210703167,0.8457667181566492,348,0.9962230836918204,0.1097528087755382,0.3006647844922293,5.957660298077956,False,False,high,110+05741,34719,36315,34683,mapped_primary_link
corridor-2d9deb01548d4bcd913db504e17e9ded,daily,state_transition,US50_WB,US50_WB::110-06659,59,AM,sensor_period,3.050536306219216,1.0000000000000002,0.1548956357220791,0.05000000788425,0.087348755766739,0.05000000788425,12,0.9663635247153896,-0.0528554069445894,0.2429794676994517,1.2470785429072753,True,True,low,110-06659,36559,38246,38204,mapped_primary_link
corridor-2d9deb01548d4bcd913db504e17e9ded,daily,state_transition,US50_WB,US50_WB::110-06659,59,MD,sensor_period,6.029980403650551,1.0000410380887672,0.15251125162205,0.05,0.088984918745687,0.0500020519044383,6,0.9999321580413422,-0.0511070667411441,0.0077958378615957,0.7592510469555304,True,True,low,110-06659,36559,38246,38204,mapped_primary_link
corridor-2d9deb01548d4bcd913db504e17e9ded,daily,state_transition,US50_WB,US50_WB::110-06659,59,PM,sensor_period,4.058894383341338,1.0000000000000002,0.1647521538986492,0.0500000000000006,0.0942432417769085,0.0500000000000007,4,0.9742656424339934,-0.1201770614699067,0.2166681739229681,2.010907302070415,True,True,low,110-06659,36559,38246,38204,mapped_primary_link
corridor-2d9deb01548d4bcd913db504e17e9ded,daily,state_transition,US50_WB,US50_WB::110-06658,60,AM,sensor_period,3.019167262812952,1.005853773252381,0.0857331863514429,0.1348628141668471,0.0530721434012735,0.1356522705011578,5,0.9988985085323612,0.3662295595101602,0.1984397136867647,0.4431164889628919,False,False,medium,110-06658,36437,38207,38458,mapped_primary_link
corridor-2d9deb01548d4bcd913db504e17e9ded,daily,state_transition,US50_WB,US50_WB::110-06658,60,MD,sensor_period,5.945051531513388,1.0239795048910303,0.0749031062737485,0.3069640386500419,0.0690456771400255,0.314324884316221,10,0.9957847905471048,0.2096306437110946,0.1336880251940167,0.4118182790929128,False,False,high,110-06658,36437,38207,38458,mapped_primary_link
corridor-2d9deb01548d4bcd913db504e17e9ded,daily,state_transition,US50_WB,US50_WB::110-06658,60,PM,sensor_period,4.067654921232388,1.0000000000000002,0.0706055167190201,0.3520273334550134,0.0617082376232442,0.3520273334550134,10,0.9688778941886534,-0.0848027058392326,0.2348700333176027,1.6706646405344885,True,False,low,110-06658,36437,38207,38458,mapped_primary_link
corridor-2d9deb01548d4bcd913db504e17e9ded,daily,state_transition,US50_WB,US50_WB::110-06652,62,MD,corridor_period,6.124534761390241,1.0070275720399695,0.0574126032716072,0.6688227426344582,0.1029007072141997,0.6735229426402918,75,0.9980339419609136,0.2867813760413604,0.3153766984769796,3.891845877414733,False,False,high,110-06652,36892,38373,38265,mapped_primary_link
corridor-2d9deb01548d4bcd913db504e17e9ded,daily,state_transition,US50_WB,US50_WB::110-07948,63,PM,sensor_period,4.042009866670591,1.003443460133134,0.0978480398056235,0.7573725183596945,0.1503041718308554,0.7599805004325976,4,0.999759922210066,0.2348058628302778,0.0079856535706988,2.067496514252823,False,False,low,110-07948,36430,38205,38586,mapped_primary_link
corridor-ba901a6a4fec471f826aa4a528bc1056,daily,state_transition,VA120_NB,VA120_NB::110+10785,1,AM,sensor_period,3.690079572547172,1.0001003911102526,0.0707353992595581,1.0033446297367952,0.1398195155562467,1.0034453566181405,4,,-9.438500744929355e-05,0.0958881539005334,0.3943851914414171,True,False,low,110+10785,25883,30086,30088,mapped_primary_link
corridor-ba901a6a4fec471f826aa4a528bc1056,daily,state_transition,VA120_NB,VA120_NB::110+10785,1,MD,sensor_period,7.381959189496873,1.0000017460814716,0.0684430445180295,1.006792868046675,0.2731473950165975,1.0067946259890472,8,,-0.0019880162405547,0.4651049064820156,0.9350913333018588,True,False,low,110+10785,25883,30086,30088,mapped_primary_link
corridor-ba901a6a4fec471f826aa4a528bc1056,daily,state_transition,VA120_NB,VA120_NB::110+10784,2,AM,sensor_period,3.2735533481065344,1.0000000000000002,0.9532426687345582,0.0500000000000093,0.5394524538363046,0.0500000000000093,15,0.7033019516936249,-0.0076569017623997,0.5159496896311134,1.9404954215338055,True,True,low,110+10784,26166,30169,30569,mapped_primary_link
corridor-ba901a6a4fec471f826aa4a528bc1056,daily,state_transition,VA120_NB,VA120_NB::110+10784,2,MD,sensor_period,6.583776455052976,1.0000000000000002,0.0396233474591052,0.9991826476064996,0.1389171883283713,0.9991826476064998,3,,-4.135233520918824e-05,0.6831035367940579,0.5696315336434863,True,False,low,110+10784,26166,30169,30569,mapped_primary_link
corridor-ba901a6a4fec471f826aa4a528bc1056,daily,state_transition,VA120_NB,VA120_NB::110+10784,2,PM,sensor_period,4.303877424349575,1.0000000000000002,4.5399929762484935e-05,3.12033998434858,0.0023009770161647,3.120339984348581,4,-5.034713698771852,0.0357458537554351,0.5318620165324185,1.8266320143631585,True,False,low,110+10784,26166,30169,30569,mapped_primary_link
corridor-ba901a6a4fec471f826aa4a528bc1056,daily,state_transition,VA120_NB,VA120_NB::110P10229,3,AM,sensor_period,3.3045993538228435,1.0000000000000002,0.03942342421747,0.9998996539135704,0.0694735983122127,0.9998996539135704,6,,-8.458768174790522e-08,0.4194532919492544,0.4210469932813991,True,False,low,110P10229,26179,30173,30417,mapped_primary_link
corridor-ba901a6a4fec471f826aa4a528bc1056,daily,state_transition,VA120_NB,VA120_NB::110P10229,3,MD,sensor_period,6.641105678168974,1.0000000000000002,0.8420806580609727,0.0500000000000003,0.4937014918451354,0.0500000000000003,6,-4.267341813709449,-0.0029943791180542,0.4276608621045683,0.6957735330352285,True,True,low,110P10229,26179,30173,30417,mapped_primary_link
corridor-ba901a6a4fec471f826aa4a528bc1056,daily,state_transition,VA120_NB,VA120_NB::110P10229,3,PM,sensor_period,4.421350242241,1.0000021672857602,0.0440662974023266,0.9987873976180356,0.1037235582943883,0.9987895622757398,11,,-8.946147776134339e-06,0.253828838427438,0.7412319137097216,True,False,low,110P10229,26179,30173,30417,mapped_primary_link
corridor-ba901a6a4fec471f826aa4a528bc1056,daily,state_transition,VA120_NB,VA120_NB::110P10233,6,AM,sensor_period,3.2591401879670108,1.0000287737853355,0.044621041037344,0.998761889654107,0.0774472835757322,0.9987906278143212,5,,-2.5527069158481908e-06,0.1430710852229551,1.0599070089922746,True,False,low,110P10233,25896,30090,30091,mapped_primary_link
corridor-ba901a6a4fec471f826aa4a528bc1056,daily,state_transition,VA120_NB,VA120_NB::110P10233,6,MD,sensor_period,6.570046796766329,1.0000022096909993,0.019244166090213,1.2407601783689004,0.1060972717532159,1.2407629200654988,11,-6.479781585590194,0.0041361117801921,0.2637108716624453,0.6117750354314847,True,False,low,110P10233,25896,30090,30091,mapped_primary_link
corridor-ba901a6a4fec471f826aa4a528bc1056,daily,state_transition,VA120_NB,VA120_NB::110P10233,6,PM,sensor_period,4.380829797884845,1.0000020016506883,0.9326269943265036,0.0500000496994781,0.5355309320155507,0.0500001497821119,3,0.8472990485264411,-0.02618662419159,0.3684211979346573,1.1609254514906746,True,True,low,110P10233,25896,30090,30091,mapped_primary_link
corridor-ba901a6a4fec471f826aa4a528bc1056,daily,state_transition,VA120_NB,VA120_NB::110P10230,7,AM,sensor_period,3.301590352678647,1.0000000000000002,0.2788455708368255,0.4158097702119587,0.2443726777184993,0.4158097702119588,6,0.9783879236809384,0.1319235071510621,0.3510788697104221,0.8865364128624739,True,False,low,110P10230,26131,30159,30625,mapped_primary_link
corridor-ba901a6a4fec471f826aa4a528bc1056,daily,state_transition,VA120_NB,VA120_NB::110P10230,7,MD,sensor_period,6.710988696693593,1.0000000000044174,0.0045195394015333,1.697347110243765,0.0610149969493599,1.6973471102512627,3,-12.777559075034503,0.0245030562716518,0.4374414099662457,0.4164132576842138,True,False,low,110P10230,26131,30159,30625,mapped_primary_link
corridor-ba901a6a4fec471f826aa4a528bc1056,daily,state_transition,VA120_NB,VA120_NB::110P10230,7,PM,sensor_period,4.428199499336936,1.0000000032608296,0.8995463264380359,0.0715497788635004,0.5336538832101073,0.0715497790968121,13,0.979286862500081,0.0011800903553668,0.2653533704427852,0.9864906646156468,True,False,low,110P10230,26131,30159,30625,mapped_primary_link
corridor-ba901a6a4fec471f826aa4a528bc1056,daily,state_transition,VA120_NB,VA120_NB::110P10231,8,AM,sensor_period,3.3804277352059278,1.0000000000000002,0.0638828067073209,1.0033398995973966,0.1156434621499805,1.0033398995973968,9,,-0.0030464445138045,0.361747787757649,0.6173154751525672,True,False,low,110P10231,26659,30336,30334,mapped_primary_link
corridor-ba901a6a4fec471f826aa4a528bc1056,daily,state_transition,VA120_NB,VA120_NB::110P10231,8,MD,sensor_period,6.760988066295319,1.0000000000000002,0.0504458708295425,0.9958532966239512,0.1804648873881063,0.9958532966239516,4,,-0.0087823344310806,0.2573991663950892,0.9723423874837396,True,False,low,110P10231,26659,30336,30334,mapped_primary_link
corridor-ba901a6a4fec471f826aa4a528bc1056,daily,state_transition,VA120_NB,VA120_NB::110P10231,8,PM,sensor_period,4.503291969432076,1.000000530603537,0.0587095964359574,0.9958232666558392,0.1401226387577902,0.9958237950431869,8,,-0.0109393293548454,0.3322782366119964,1.1422198439469493,True,False,low,110P10231,26659,30336,30334,mapped_primary_link
corridor-ba901a6a4fec471f826aa4a528bc1056,daily,state_transition,VA120_NB,VA120_NB::110+10229,12,MD,corridor_period,6.094153538683525,1.0594823342608577,0.013280083202976,1.3428006478185528,0.0802013603958876,1.422673564797792,81,0.966802904640192,0.6594554332976974,1.1794232171982617,3.0464631149436263,False,False,high,110+10229,26188,30176,30177,mapped_primary_link
corridor-ba901a6a4fec471f826aa4a528bc1056,daily,state_transition,VA120_NB,VA120_NB::110+10229,12,PM,sensor_period,4.305844694399964,1.0000000000000002,0.2347090669968063,0.5275701407100446,0.2704200283207327,0.5275701407100447,22,0.6640271000241573,0.0085800529682202,0.4049630062159968,1.7489034484945694,True,False,low,110+10229,26188,30176,30177,mapped_primary_link
corridor-ba901a6a4fec471f826aa4a528bc1056,daily,state_transition,VA120_NB,VA120_NB::110+10228,13,MD,corridor_period,6.094153538683525,1.0594823342608577,0.013280083202976,1.3428006478185528,0.0802013603958876,1.422673564797792,81,0.966802904640192,0.6594554332976974,1.1794232171982617,3.0464631149436263,False,False,high,110+10228,27359,30623,30235,mapped_primary_link
corridor-ba901a6a4fec471f826aa4a528bc1056,daily,state_transition,VA120_NB,VA120_NB::110+10228,13,PM,sensor_period,4.151205123064302,1.0000000000000002,0.4361441728769364,0.0500000000000001,0.2497684116576142,0.0500000000000001,18,0.9482689024571757,-0.0120363238491176,0.3097064363134659,1.15659667127377,True,True,low,110+10228,27359,30623,30235,mapped_primary_link
corridor-ba901a6a4fec471f826aa4a528bc1056,daily,state_transition,VA120_NB,VA120_NB::110+10232,14,AM,sensor_period,3.442317896743269,1.0000000000000002,0.0619348034553631,0.99889246096546,0.1135507175701757,0.9988924609654604,16,,-0.0016970071370256,0.3462256546705718,0.9315879993963836,True,False,low,110+10232,27415,30640,30326,mapped_primary_link
corridor-ba901a6a4fec471f826aa4a528bc1056,daily,state_transition,VA120_NB,VA120_NB::110+10232,14,MD,sensor_period,6.898531961544269,1.0000000000000002,0.0672416329530014,0.995081374578707,0.2450575743565693,0.9950813745787072,3,,-0.0040041446408576,0.1907403344627047,0.7714894478515666,True,False,low,110+10232,27415,30640,30326,mapped_primary_link
corridor-ba901a6a4fec471f826aa4a528bc1056,daily,state_transition,VA120_NB,VA120_NB::110+10232,14,PM,sensor_period,4.532962920894739,1.0000054069925792,0.0488200479013612,1.0031080316875851,0.1185821041506893,1.0031134554852688,3,,-0.000329212436388,0.1826413198067197,0.787713841255353,True,False,low,110+10232,27415,30640,30326,mapped_primary_link
corridor-ba901a6a4fec471f826aa4a528bc1056,daily,state_transition,VA120_NB,VA120_NB::110+10231,15,AM,sensor_period,3.1802472406015414,1.0000000000000002,4.5399929762484935e-05,3.137429954633708,0.000913039862516,3.137429954633709,16,-0.3286713614368211,0.0834768443866074,0.2640876202497366,1.3837039289542934,True,False,low,110+10231,26623,30321,30336,mapped_primary_link
corridor-ba901a6a4fec471f826aa4a528bc1056,daily,state_transition,VA120_NB,VA120_NB::110+10231,15,MD,corridor_period,6.094153538683525,1.0594823342608577,0.013280083202976,1.3428006478185528,0.0802013603958876,1.422673564797792,81,0.966802904640192,0.6594554332976974,1.1794232171982617,3.0464631149436263,False,False,high,110+10231,26623,30321,30336,mapped_primary_link
corridor-ba901a6a4fec471f826aa4a528bc1056,daily,state_transition,VA120_NB,VA120_NB::110+10231,15,PM,sensor_period,4.277653466061488,1.0000000000000002,0.0262462254196373,0.9998806073544614,0.0598681475690739,0.9998806073544616,4,,-1.8606447865110454e-05,0.336947682369752,0.3619684900561659,True,False,low,110+10231,26623,30321,30336,mapped_primary_link
corridor-ba901a6a4fec471f826aa4a528bc1056,daily,state_transition,VA120_NB,VA120_NB::110+10230,16,AM,sensor_period,3.129455946108399,1.0000000000000002,0.1975685049916879,0.3425768569236751,0.1557588027066128,0.3425768569236752,12,0.981775151431088,-0.0282500406924739,0.2958732360942276,1.750468955294366,True,False,low,110+10230,27166,30562,30160,mapped_primary_link
corridor-ba901a6a4fec471f826aa4a528bc1056,daily,state_transition,VA120_NB,VA120_NB::110+10230,16,MD,sensor_period,6.182787376896178,1.0000000000000002,0.448044122221537,0.0500000030857446,0.2617452024800076,0.0500000030857446,5,0.9977051464812626,-0.0546448923128566,0.1142703658942943,0.897432950077089,True,True,low,110+10230,27166,30562,30160,mapped_primary_link
corridor-ba901a6a4fec471f826aa4a528bc1056,daily,state_transition,VA120_NB,VA120_NB::110+10230,16,PM,sensor_period,4.161416731922392,1.0000000000000002,0.0436068643955153,0.8401701149401783,0.0770586763902541,0.8401701149401786,6,0.9923626637507432,0.1909210073660643,0.2320471340269561,2.225831426838716,True,False,low,110+10230,27166,30562,30160,mapped_primary_link
corridor-ba901a6a4fec471f826aa4a528bc1056,daily,state_transition,VA120_NB,VA120_NB::110+10237,17,AM,sensor_period,3.109884704479786,1.0000000027709255,4.5399929762484935e-05,3.3131109304408897,0.0010388919868975,3.313110939621273,9,0.8630020211696943,0.1059662530534663,0.3286851076222711,4.138159534302398,True,False,low,110+10237,25602,30003,30464,mapped_primary_link
corridor-ba901a6a4fec471f826aa4a528bc1056,daily,state_transition,VA120_NB,VA120_NB::110+10237,17,MD,sensor_period,6.137975500598648,1.0205612368552872,0.1096458617449904,0.7703520258128296,0.2366179809891354,0.7861914162775175,3,0.999982410805204,0.4897090429823739,0.0280076637552974,3.6219756128937033,False,False,low,110+10237,25602,30003,30464,mapped_primary_link
corridor-ba901a6a4fec471f826aa4a528bc1056,daily,state_transition,VA120_NB,VA120_NB::110+10237,17,PM,sensor_period,4.163493451945017,1.0000000000000002,0.8416133360673315,0.0500000000000009,0.4820412798478548,0.0500000000000009,11,0.9377171362985468,-0.0547720789576193,0.4619062818995688,5.333648488090555,True,True,low,110+10237,25602,30003,30464,mapped_primary_link
corridor-ba901a6a4fec471f826aa4a528bc1056,daily,state_transition,VA120_NB,VA120_NB::110+10236,18,AM,corridor_period,3.125529661890042,1.0202571668413654,0.0002411663670835,2.6349318417984726,0.0025906305785338,2.6883080957334102,123,0.8198619972779965,0.2858065066195392,0.9968666696924988,3.0346952238854707,False,False,high,110+10236,26864,30465,30006,mapped_primary_link
corridor-ba901a6a4fec471f826aa4a528bc1056,daily,state_transition,VA120_NB,VA120_NB::110+10236,18,MD,sensor_period,6.041266274138168,1.0075517467533976,0.0788903751778052,0.3252857006912513,0.0755287871919603,0.3277421759253732,16,0.9985498914980012,0.3536282772757202,0.1566117040153379,0.7208299080789626,False,False,high,110+10236,26864,30465,30006,mapped_primary_link
corridor-ba901a6a4fec471f826aa4a528bc1056,daily,state_transition,VA120_NB,VA120_NB::110+10236,18,PM,corridor_period,4.11741261177102,1.0284878056638045,0.0352816933352977,1.0555695056467331,0.0838159964914787,1.0856403645882355,131,0.9090067092140748,0.0431468578695311,0.8641705898019966,3.530150545982325,False,False,high,110+10236,26864,30465,30006,mapped_primary_link
corridor-ba901a6a4fec471f826aa4a528bc1056,daily,state_transition,VA120_NB,VA120_NB::110+10235,19,AM,sensor_period,3.007616173456315,1.0186505272605997,0.0250978494243628,0.9713469526643208,0.0390081289432778,0.9894630854844872,10,0.9765566759642336,0.3348222411056197,0.3491703553618325,1.1042288646666845,False,False,high,110+10235,27299,30604,30303,mapped_primary_link
corridor-ba901a6a4fec471f826aa4a528bc1056,daily,state_transition,VA120_NB,VA120_NB::110+10235,19,MD,sensor_period,5.970460156794123,1.0387384595191775,0.0364406555857021,0.8618596158211256,0.0906556127571141,0.8952467296598262,6,0.9808930328717074,0.0829971619562758,0.2639333583600859,2.006289284660478,False,False,medium,110+10235,27299,30604,30303,mapped_primary_link
corridor-ba901a6a4fec471f826aa4a528bc1056,daily,state_transition,VA120_NB,VA120_NB::110+10235,19,PM,sensor_period,4.189999878396351,1.0000000000000002,0.4738293970774774,0.0500000000000004,0.271475992745294,0.0500000000000004,5,-18.67496198092801,-0.0030930884897946,0.4435646737616513,0.7486683802685762,True,True,low,110+10235,27299,30604,30303,mapped_primary_link
corridor-ba901a6a4fec471f826aa4a528bc1056,daily,state_transition,VA120_NB,VA120_NB::110+10234,20,AM,sensor_period,3.167366425706219,1.0000000000000002,0.5798009252954602,0.0500000000328521,0.3275763560328381,0.0500000000328522,12,-19.03256927323266,-0.0005568684729391,0.3092597723164883,0.914483092950797,True,True,low,110+10234,25700,30032,30483,mapped_primary_link
corridor-ba901a6a4fec471f826aa4a528bc1056,daily,state_transition,VA120_NB,VA120_NB::110+10234,20,MD,sensor_period,6.279832183790059,1.0000000000000002,0.5628599788975231,0.0500000000999379,0.3290762199537086,0.0500000000999379,3,0.9972826900012944,-0.1883499217637447,0.1044364898465628,0.2876379014156443,True,True,low,110+10234,25700,30032,30483,mapped_primary_link
corridor-ba901a6a4fec471f826aa4a528bc1056,daily,state_transition,VA120_NB,VA120_NB::110+10234,20,PM,sensor_period,4.190067887791531,1.0000000000000002,0.0242876114501661,0.9963271549291162,0.0539907390542101,0.9963271549291164,8,,-0.0029653956670259,0.2145470906342625,0.955296783718916,True,False,low,110+10234,25700,30032,30483,mapped_primary_link
corridor-ba901a6a4fec471f826aa4a528bc1056,daily,state_transition,VA120_NB,VA120_NB::110+10233,21,AM,corridor_period,3.125529661890042,1.0202571668413654,0.0002411663670835,2.6349318417984726,0.0025906305785338,2.6883080957334102,123,0.8198619972779965,0.2858065066195392,0.9968666696924988,3.0346952238854707,False,False,high,110+10233,26583,30308,30090,mapped_primary_link
corridor-ba901a6a4fec471f826aa4a528bc1056,daily,state_transition,VA120_NB,VA120_NB::110+10233,21,MD,sensor_period,6.797443461236751,1.0000000000000002,0.047725765837506,1.0061103488332486,0.1750584827101001,1.0061103488332488,5,,-0.0003091337063545,0.2397618022088882,0.4740521582504762,True,False,low,110+10233,26583,30308,30090,mapped_primary_link
corridor-ba901a6a4fec471f826aa4a528bc1056,daily,state_transition,VA120_NB,VA120_NB::110+10233,21,PM,sensor_period,4.5969096466830965,1.000000000065025,0.0561724320669455,0.9981848093031148,0.1373363248010546,0.998184809368022,13,,-0.0006152694027223,0.2806875641644565,0.8334983410336076,True,False,low,110+10233,26583,30308,30090,mapped_primary_link
corridor-2a1f7d7fcf454e508dbd61fb04593674,daily,state_transition,VA120_SB,VA120_SB::110-10230,1,MD,corridor_period,6.875726906854405,1.0000000000000069,0.0040959154491606,1.8190138893565015,0.0728524075575315,1.8190138893565144,69,-1.4279778877558669,0.0281538398476094,1.7504037491241735,3.589034662946581,True,False,low,110-10230,26111,30153,30570,mapped_primary_link
corridor-2a1f7d7fcf454e508dbd61fb04593674,daily,state_transition,VA120_SB,VA120_SB::110-10230,1,PM,sensor_period,4.278383991428698,1.0000000000000002,0.6900071231906675,0.0500000302733804,0.3957457952315643,0.0500000302733804,22,0.6825233118453921,-0.0040811908520903,0.375099847889467,1.1156489271906724,True,True,low,110-10230,26111,30153,30570,mapped_primary_link
corridor-2a1f7d7fcf454e508dbd61fb04593674,daily,state_transition,VA120_SB,VA120_SB::110-10232,2,AM,corridor_period,3.272333197274666,1.0000000000000002,0.6942693726189366,0.0500000000793779,0.3928887658186987,0.0500000000793779,15,-48.07773458991811,-0.0248352867625325,1.3106184458671155,3.595411455092852,True,True,low,110-10232,25889,30088,30086,mapped_primary_link
corridor-2a1f7d7fcf454e508dbd61fb04593674,daily,state_transition,VA120_SB,VA120_SB::110-10232,2,MD,sensor_period,7.6655326047262,1.0000000898351835,1.7600037775722284,0.0500002683534086,1.039297020004166,0.0500002728451919,10,-4.843237042149202,-0.0018250704761499,0.3625918276083412,0.7240518296916924,True,True,low,110-10232,25889,30088,30086,mapped_primary_link
corridor-2a1f7d7fcf454e508dbd61fb04593674,daily,state_transition,VA120_SB,VA120_SB::110-10232,2,PM,sensor_period,5.174054015087835,1.0000000001167226,0.1062031061167315,1.007668944517785,0.2967845132545932,1.0076689446354028,8,,-0.0001398805889425,0.2485882227304688,1.140649801936666,True,False,low,110-10232,25889,30088,30086,mapped_primary_link
corridor-2a1f7d7fcf454e508dbd61fb04593674,daily,state_transition,VA120_SB,VA120_SB::110-10231,3,MD,corridor_period,6.875726906854405,1.0000000000000069,0.0040959154491606,1.8190138893565015,0.0728524075575315,1.8190138893565144,69,-1.4279778877558669,0.0281538398476094,1.7504037491241735,3.589034662946581,True,False,low,110-10231,26640,30326,30640,mapped_primary_link
corridor-2a1f7d7fcf454e508dbd61fb04593674,daily,state_transition,VA120_SB,VA120_SB::110-10231,3,PM,sensor_period,4.571142042622865,1.0000000000000002,0.0486584252040814,1.0018688310267767,0.1189638384244451,1.001868831026777,21,,-0.002364372664904,0.3392236491791153,0.7566070031519482,True,False,low,110-10231,26640,30326,30640,mapped_primary_link
corridor-2a1f7d7fcf454e508dbd61fb04593674,daily,state_transition,VA120_SB,VA120_SB::110-10234,4,AM,corridor_period,3.272333197274666,1.0000000000000002,0.6942693726189366,0.0500000000793779,0.3928887658186987,0.0500000000793779,15,-48.07773458991811,-0.0248352867625325,1.3106184458671155,3.595411455092852,True,True,low,110-10234,26564,30303,30604,mapped_primary_link
corridor-2a1f7d7fcf454e508dbd61fb04593674,daily,state_transition,VA120_SB,VA120_SB::110-10234,4,MD,sensor_period,6.171750330254301,1.0161862784537783,0.2561468401337288,0.3566696526210023,0.2614582812386012,0.3624428069343383,4,0.995582384576824,0.1383538656484924,0.1942666994358781,1.1037481271586544,False,False,low,110-10234,26564,30303,30604,mapped_primary_link
corridor-2a1f7d7fcf454e508dbd61fb04593674,daily,state_transition,VA120_SB,VA120_SB::110-10234,4,PM,sensor_period,4.189315463954704,1.0024817821679612,0.6680853320098028,0.0500012134251973,0.3827705999932679,0.0501253055450524,16,0.9563590243026217,-0.0233869834321456,0.4226636839451205,2.277850738491048,False,True,low,110-10234,26564,30303,30604,mapped_primary_link
corridor-2a1f7d7fcf454e508dbd61fb04593674,daily,state_transition,VA120_SB,VA120_SB::110-10233,5,AM,sensor_period,3.123177362607081,1.0000000000000002,0.0224866193080096,1.000056521381932,0.0374582512934745,1.000056521381932,3,,-1.834695064473202e-05,0.2276337733189804,0.2000573830378618,True,False,low,110-10233,26918,30483,30032,mapped_primary_link
corridor-2a1f7d7fcf454e508dbd61fb04593674,daily,state_transition,VA120_SB,VA120_SB::110-10233,5,PM,sensor_period,4.159430006605449,1.0000000000000002,0.4542255884323681,0.0500000000241539,0.2601489127547866,0.0500000000241539,19,0.8226569533752163,-0.0024275981795394,0.3534141732463323,0.8467674294386504,True,True,low,110-10233,26918,30483,30032,mapped_primary_link
corridor-2a1f7d7fcf454e508dbd61fb04593674,daily,state_transition,VA120_SB,VA120_SB::110-10235,7,MD,corridor_period,6.875726906854405,1.0000000000000069,0.0040959154491606,1.8190138893565015,0.0728524075575315,1.8190138893565144,69,-1.4279778877558669,0.0281538398476094,1.7504037491241735,3.589034662946581,True,False,low,110-10235,25611,30006,30465,mapped_primary_link
corridor-2a1f7d7fcf454e508dbd61fb04593674,daily,state_transition,VA120_SB,VA120_SB::110-10235,7,PM,corridor_period,4.393074583472883,1.0000000000000002,0.0363933074276383,1.065908312748458,0.0940053613121068,1.065908312748458,207,0.4171208141561492,0.0151231205207722,1.268962227521977,3.756912131816286,True,False,low,110-10235,25611,30006,30465,mapped_primary_link
corridor-2a1f7d7fcf454e508dbd61fb04593674,daily,state_transition,VA120_SB,VA120_SB::110-10227,8,AM,corridor_period,3.272333197274666,1.0000000000000002,0.6942693726189366,0.0500000000793779,0.3928887658186987,0.0500000000793779,15,-48.07773458991811,-0.0248352867625325,1.3106184458671155,3.595411455092852,True,True,low,110-10227,26189,30176,30235,mapped_primary_link
corridor-2a1f7d7fcf454e508dbd61fb04593674,daily,state_transition,VA120_SB,VA120_SB::110-10227,8,MD,corridor_period,6.875726906854405,1.0000000000000069,0.0040959154491606,1.8190138893565015,0.0728524075575315,1.8190138893565144,69,-1.4279778877558669,0.0281538398476094,1.7504037491241735,3.589034662946581,True,False,low,110-10227,26189,30176,30235,mapped_primary_link
corridor-2a1f7d7fcf454e508dbd61fb04593674,daily,state_transition,VA120_SB,VA120_SB::110-10227,8,PM,corridor_period,4.393074583472883,1.0000000000000002,0.0363933074276383,1.065908312748458,0.0940053613121068,1.065908312748458,207,0.4171208141561492,0.0151231205207722,1.268962227521977,3.756912131816286,True,False,low,110-10227,26189,30176,30235,mapped_primary_link
corridor-2a1f7d7fcf454e508dbd61fb04593674,daily,state_transition,VA120_SB,VA120_SB::110-10229,9,MD,corridor_period,6.875726906854405,1.0000000000000069,0.0040959154491606,1.8190138893565015,0.0728524075575315,1.8190138893565144,69,-1.4279778877558669,0.0281538398476094,1.7504037491241735,3.589034662946581,True,False,low,110-10229,26133,30160,30562,mapped_primary_link
corridor-2a1f7d7fcf454e508dbd61fb04593674,daily,state_transition,VA120_SB,VA120_SB::110-10229,9,PM,sensor_period,4.177544845066547,1.0000001074814324,0.0848820405071512,0.7834883072954238,0.1387710827610479,0.7834883915058694,20,0.9923640024775996,0.0160261835323552,0.2231614244026156,3.3631503094969446,True,False,low,110-10229,26133,30160,30562,mapped_primary_link
corridor-2a1f7d7fcf454e508dbd61fb04593674,daily,state_transition,VA120_SB,VA120_SB::110-10228,10,AM,corridor_period,3.272333197274666,1.0000000000000002,0.6942693726189366,0.0500000000793779,0.3928887658186987,0.0500000000793779,15,-48.07773458991811,-0.0248352867625325,1.3106184458671155,3.595411455092852,True,True,low,110-10228,26193,30177,30176,mapped_primary_link
corridor-2a1f7d7fcf454e508dbd61fb04593674,daily,state_transition,VA120_SB,VA120_SB::110-10228,10,MD,sensor_period,6.440295946537286,1.0000000001582987,0.5436143925288317,0.137329737201255,0.3744350529433454,0.1373297372229941,5,0.9764397420953904,0.0259957716266604,0.3121244406251472,0.5850875337255167,True,False,low,110-10228,26193,30177,30176,mapped_primary_link
corridor-2a1f7d7fcf454e508dbd61fb04593674,daily,state_transition,VA120_SB,VA120_SB::110-10228,10,PM,sensor_period,4.279882089708822,1.0000000000105222,0.0357189431535261,0.9085742240339084,0.0713838537542531,0.9085742240434684,14,-10.167460841887886,-0.0025627534914105,0.3774150269598451,1.1197711073631942,True,False,low,110-10228,26193,30177,30176,mapped_primary_link
corridor-2a1f7d7fcf454e508dbd61fb04593674,daily,state_transition,VA120_SB,VA120_SB::110N10231,11,MD,sensor_period,6.756682820067676,1.0000000000000002,0.964974284887695,0.083419961970129,0.6035743951562114,0.083419961970129,15,0.4894080917579464,-0.000955962255388,0.3119232673867657,0.9587610713520316,True,False,low,110N10231,26654,30334,30336,mapped_primary_link
corridor-2a1f7d7fcf454e508dbd61fb04593674,daily,state_transition,VA120_SB,VA120_SB::110N10231,11,PM,sensor_period,4.550498670040945,1.000000002717121,0.997119300586896,0.0500000001083674,0.5736523807120454,0.0500000002442235,6,0.867157832072156,-0.0231629131770283,0.2716637708719324,0.6191119157549307,True,True,low,110N10231,26654,30334,30336,mapped_primary_link
corridor-2a1f7d7fcf454e508dbd61fb04593674,daily,state_transition,VA120_SB,VA120_SB::110N10233,13,AM,sensor_period,3.4639937129789957,1.000000800140061,0.0556427254221119,0.9976141363011984,0.1024936264170298,0.9976149345322344,3,,-0.0007767767738422,0.405574340579359,0.6071586988552725,True,False,low,110N10233,26994,30507,30091,mapped_primary_link
corridor-2a1f7d7fcf454e508dbd61fb04593674,daily,state_transition,VA120_SB,VA120_SB::110N10233,13,MD,corridor_period,6.875726906854405,1.0000000000000069,0.0040959154491606,1.8190138893565015,0.0728524075575315,1.8190138893565144,69,-1.4279778877558669,0.0281538398476094,1.7504037491241735,3.589034662946581,True,False,low,110N10233,26994,30507,30091,mapped_primary_link
corridor-2a1f7d7fcf454e508dbd61fb04593674,daily,state_transition,VA120_SB,VA120_SB::110N10233,13,PM,sensor_period,4.488639914592861,1.0000000000000002,1.2380639062757222,0.0500000000445701,0.711782865140879,0.0500000000445701,16,0.8958982940546966,-0.0085633406301963,0.3311994960246393,1.180553637262252,True,True,low,110N10233,26994,30507,30091,mapped_primary_link
corridor-2a1f7d7fcf454e508dbd61fb04593674,daily,state_transition,VA120_SB,VA120_SB::110N10234,16,AM,corridor_period,3.272333197274666,1.0000000000000002,0.6942693726189366,0.0500000000793779,0.3928887658186987,0.0500000000793779,15,-48.07773458991811,-0.0248352867625325,1.3106184458671155,3.595411455092852,True,True,low,110N10234,25657,30019,30474,mapped_primary_link
corridor-2a1f7d7fcf454e508dbd61fb04593674,daily,state_transition,VA120_SB,VA120_SB::110N10234,16,MD,sensor_period,6.5613576026160665,1.0000000000000002,0.2840587517032048,0.3876805350584492,0.314151733137764,0.3876805350584493,7,0.9194968868222732,0.0292448748995426,0.2730339277878338,0.7058801691874281,True,False,low,110N10234,25657,30019,30474,mapped_primary_link
corridor-2a1f7d7fcf454e508dbd61fb04593674,daily,state_transition,VA120_SB,VA120_SB::110N10234,16,PM,sensor_period,4.37638547979498,1.0000000000000002,0.0406858335079236,1.0001121660953924,0.0949794007935353,1.0001121660953929,7,,-0.0002047342257347,0.2815272083433602,0.6645088555115709,True,False,low,110N10234,25657,30019,30474,mapped_primary_link
corridor-2a1f7d7fcf454e508dbd61fb04593674,daily,state_transition,VA120_SB,VA120_SB::110-10784,18,AM,corridor_period,3.272333197274666,1.0000000000000002,0.6942693726189366,0.0500000000793779,0.3928887658186987,0.0500000000793779,15,-48.07773458991811,-0.0248352867625325,1.3106184458671155,3.595411455092852,True,True,low,110-10784,26658,30336,30321,mapped_primary_link
corridor-2a1f7d7fcf454e508dbd61fb04593674,daily,state_transition,VA120_SB,VA120_SB::110-10784,18,MD,corridor_period,6.875726906854405,1.0000000000000069,0.0040959154491606,1.8190138893565015,0.0728524075575315,1.8190138893565144,69,-1.4279778877558669,0.0281538398476094,1.7504037491241735,3.589034662946581,True,False,low,110-10784,26658,30336,30321,mapped_primary_link
corridor-2a1f7d7fcf454e508dbd61fb04593674,daily,state_transition,VA120_SB,VA120_SB::110-10784,18,PM,sensor_period,4.283459546498355,1.0000000000000002,0.8948038236181385,0.0500000091333523,0.5132350390542495,0.0500000091333523,19,0.0158072237992349,-0.0117766518545052,0.4495405149868372,1.992697636927603,True,True,low,110-10784,26658,30336,30321,mapped_primary_link
corridor-2a1f7d7fcf454e508dbd61fb04593674,daily,state_transition,VA120_SB,VA120_SB::110-10785,19,MD,sensor_period,7.036152528567334,1.0000000000000002,0.0622164840216894,1.000793863818899,0.2338363948976759,1.000793863818899,6,,-0.0001344484225418,0.5470013318900497,0.4572688217560937,True,False,low,110-10785,25900,30091,30090,mapped_primary_link
corridor-2a1f7d7fcf454e508dbd61fb04593674,daily,state_transition,VA120_SB,VA120_SB::110-10785,19,PM,sensor_period,4.751633248485047,1.0000003673366216,0.0698317872889355,1.0046878438547802,0.1782656766496746,1.0046882129134185,17,,-0.0010799506435235,0.3544888697544932,1.1483439677394778,True,False,low,110-10785,25900,30091,30090,mapped_primary_link
corridor-2a1f7d7fcf454e508dbd61fb04593674,daily,state_transition,VA120_SB,VA120_SB::110N10227,20,MD,sensor_period,7.843994350061744,1.0000008968505512,0.1026991211100064,0.998258105748178,0.4280993197510549,0.9982590010365104,7,,-0.0041475263266572,0.2436771339548561,0.4415895730781075,True,False,low,110N10227,27124,30549,30179,mapped_primary_link
corridor-2a1f7d7fcf454e508dbd61fb04593674,daily,state_transition,VA120_SB,VA120_SB::110N10227,20,PM,corridor_period,4.393074583472883,1.0000000000000002,0.0363933074276383,1.065908312748458,0.0940053613121068,1.065908312748458,207,0.4171208141561492,0.0151231205207722,1.268962227521977,3.756912131816286,True,False,low,110N10227,27124,30549,30179,mapped_primary_link
corridor-2a1f7d7fcf454e508dbd61fb04593674,daily,state_transition,VA120_SB,VA120_SB::110N10229,21,MD,sensor_period,6.832391156150767,1.0000000000000002,0.0676518768389973,1.002134342729686,0.2475326912153513,1.0021343427296865,4,,-2.1021508847640646e-05,0.6827279105430573,2.909492515270571,True,False,low,110N10229,26782,30417,30173,mapped_primary_link
corridor-2a1f7d7fcf454e508dbd61fb04593674,daily,state_transition,VA120_SB,VA120_SB::110N10229,21,PM,sensor_period,4.513523755971954,1.0000000000347913,4.5399929762484935e-05,3.3773418724361277,0.0039316721739893,3.3773418725536293,18,-3.313060635156231,0.0178672078856908,0.3923251501474928,2.0396371237244177,True,False,low,110N10229,26782,30417,30173,mapped_primary_link
corridor-065422cc388b4280b9a4373e1b53d187,daily,state_transition,VA123_NB,VA123_NB::110N10014,1,AM,sensor_period,3.1248292513455294,1.0414627059137171,0.4051641925495586,0.630883882629174,0.4434122798935233,0.6570420355203316,11,0.9973468731831396,0.4920092189414107,0.1484001249326792,1.811720627671929,False,False,high,110N10014,31840,35085,35083,mapped_primary_link
corridor-065422cc388b4280b9a4373e1b53d187,daily,state_transition,VA123_NB,VA123_NB::110N10014,1,MD,corridor_period,6.157725788215785,1.021389292187578,0.0521741282694758,0.8186531800111037,0.1232297040654655,0.8361635920786511,130,0.9917353602224812,0.2131409779593618,0.6785774381738506,4.88678469557179,False,False,high,110N10014,31840,35085,35083,mapped_primary_link
corridor-065422cc388b4280b9a4373e1b53d187,daily,state_transition,VA123_NB,VA123_NB::110N10014,1,PM,sensor_period,4.08142143613065,1.0631867107133637,0.2388429397431888,0.8352377406849554,0.4123670006828707,0.8880136661824989,20,0.9870682740607052,0.5644362496896899,0.3866194345875847,2.7116870153852006,False,False,high,110N10014,31840,35085,35083,mapped_primary_link
corridor-065422cc388b4280b9a4373e1b53d187,daily,state_transition,VA123_NB,VA123_NB::110N10015,2,PM,sensor_period,4.2321016920711285,1.0000000062106429,0.2072142096889841,0.1686142665934884,0.1409498305533933,0.1686142676406913,7,0.943071823405512,-0.0325508182459797,0.2463818683306092,2.723281961779432,True,False,low,110N10015,31743,35044,35754,mapped_primary_link
corridor-065422cc388b4280b9a4373e1b53d187,daily,state_transition,VA123_NB,VA123_NB::110N10016,3,AM,sensor_period,3.0584675730106614,1.0000000000000002,0.1020913112794206,0.4972508364923253,0.0949302709742015,0.4972508364923254,13,0.9982639500773194,0.4963383311936949,0.1545304981581748,1.4759859775617514,True,False,low,110N10016,30573,34588,36012,mapped_primary_link
corridor-065422cc388b4280b9a4373e1b53d187,daily,state_transition,VA123_NB,VA123_NB::110N10016,3,MD,sensor_period,6.033954708457735,1.0030733925255115,0.0446473936874958,0.8302643009999483,0.1059011928223636,0.8328160290968406,11,0.999961153319602,0.1925421442164413,0.0085462377738654,1.185084017129014,False,False,high,110N10016,30573,34588,36012,mapped_primary_link
corridor-065422cc388b4280b9a4373e1b53d187,daily,state_transition,VA123_NB,VA123_NB::110N10016,3,PM,sensor_period,4.058820300981695,1.0244590680026242,0.0690907875918205,0.5186081868875031,0.0761973733802839,0.5312928597973022,8,0.9921385224033938,0.4193772016739694,0.2073462215870838,1.0796817879850906,False,False,medium,110N10016,30573,34588,36012,mapped_primary_link
corridor-065422cc388b4280b9a4373e1b53d187,daily,state_transition,VA123_NB,VA123_NB::110N10021,5,AM,sensor_period,3.054843612939255,1.00516419595509,0.2292511323454081,0.2230008378721787,0.1568422871636252,0.2241524578970998,15,0.994236679306695,0.0388952698350242,0.2716838766969606,1.4179241617290346,False,False,high,110N10021,32864,35702,35064,mapped_primary_link
corridor-065422cc388b4280b9a4373e1b53d187,daily,state_transition,VA123_NB,VA123_NB::110N10021,5,MD,sensor_period,6.157165954135256,1.0000000000000002,0.1631488591683202,0.3121708798552614,0.1534632836729492,0.3121708798552615,7,0.9908867553115212,0.0876549320851227,0.2585308693494302,1.109774216789849,True,False,low,110N10021,32864,35702,35064,mapped_primary_link
corridor-065422cc388b4280b9a4373e1b53d187,daily,state_transition,VA123_NB,VA123_NB::110N10021,5,PM,corridor_period,4.099700606668074,1.0270681243318207,0.0612160188463595,0.8855582118730273,0.1138915494340319,0.9095286116550712,280,0.991335100114248,0.1957767754950041,0.7025099787960843,5.672876882718171,False,False,high,110N10021,32864,35702,35064,mapped_primary_link
corridor-065422cc388b4280b9a4373e1b53d187,daily,state_transition,VA123_NB,VA123_NB::110N10023,7,MD,sensor_period,7.063894983530603,1.0000000000000002,0.0649844543413202,0.998048068562052,0.2438906563966049,0.9980480685620522,6,,-0.001952647150734,0.6368056630481373,0.9507470379824636,True,False,low,110N10023,29845,34370,36620,mapped_primary_link
corridor-065422cc388b4280b9a4373e1b53d187,daily,state_transition,VA123_NB,VA123_NB::110N10023,7,PM,sensor_period,4.679771317001202,1.0000033349335693,1.3214675679440893,0.05,0.7613186493378461,0.0500001667466784,17,-6.345214236784911,-0.0023172203998638,0.3188477142289016,0.7496233076040231,True,True,low,110N10023,29845,34370,36620,mapped_primary_link
corridor-065422cc388b4280b9a4373e1b53d187,daily,state_transition,VA123_NB,VA123_NB::110N10027,10,AM,corridor_period,3.111909543277336,1.0018052745475907,0.2175635736657688,0.3520624273449791,0.1730458472826055,0.3526979966842281,238,0.9973555605615052,0.0350896865030185,0.3412475492585172,5.234393813916621,False,False,high,110N10027,32877,35711,35709,mapped_primary_link
corridor-065422cc388b4280b9a4373e1b53d187,daily,state_transition,VA123_NB,VA123_NB::110N10027,10,MD,sensor_period,6.033722599545738,1.0000801395054204,0.0544681735810968,0.5474829754222241,0.0777139037361379,0.5475268504371006,7,0.999956721411118,0.2479298619368719,0.0101165720647436,0.9842069234420556,True,False,low,110N10027,32877,35711,35709,mapped_primary_link
corridor-065422cc388b4280b9a4373e1b53d187,daily,state_transition,VA123_NB,VA123_NB::110N10027,10,PM,sensor_period,4.019524748106147,1.0003157810526668,0.0813932385670675,0.2992712628309636,0.0658262605557639,0.2993657670253734,10,0.999944254297574,0.1282508247025715,0.0148401605667314,0.9981423416675574,True,False,low,110N10027,32877,35711,35709,mapped_primary_link
corridor-065422cc388b4280b9a4373e1b53d187,daily,state_transition,VA123_NB,VA123_NB::110N10033,11,AM,sensor_period,3.180172673279905,1.0000000000000002,0.2694627226436397,0.745576276532645,0.3404965725295877,0.7455762765326451,17,0.9947019827921568,0.2012463304925305,0.2133946645354266,5.601290663388583,True,False,low,110N10033,35218,36475,36647,mapped_primary_link
corridor-065422cc388b4280b9a4373e1b53d187,daily,state_transition,VA123_NB,VA123_NB::110N10033,11,MD,sensor_period,6.077441686760801,1.0015028868850324,0.1363331426626647,0.3411894246230468,0.1345852367481936,0.3417021937346245,5,0.9999853072815836,0.2031684078608588,0.0158089575956331,4.842632056908439,False,False,medium,110N10033,35218,36475,36647,mapped_primary_link
corridor-065422cc388b4280b9a4373e1b53d187,daily,state_transition,VA123_NB,VA123_NB::110N10033,11,PM,sensor_period,4.039757861404311,1.0009890531826988,0.1174721079468596,0.3827234344748257,0.1069054598779425,0.3831019683057865,11,0.999912159422357,0.1181688863533009,0.0185671206569374,2.172389778849994,True,False,low,110N10033,35218,36475,36647,mapped_primary_link
corridor-065422cc388b4280b9a4373e1b53d187,daily,state_transition,VA123_NB,VA123_NB::110N10035,12,AM,sensor_period,3.052403340531318,1.000000000827934,0.2136902651482378,0.2497542432895928,0.1505999549374857,0.2497542434963728,16,0.997966606918844,-0.0059110519114757,0.0271789179376904,2.097194941474329,True,False,low,110N10035,38518,40120,40172,mapped_primary_link
corridor-065422cc388b4280b9a4373e1b53d187,daily,state_transition,VA123_NB,VA123_NB::110N10035,12,PM,corridor_period,4.099700606668074,1.0270681243318207,0.0612160188463595,0.8855582118730273,0.1138915494340319,0.9095286116550712,280,0.991335100114248,0.1957767754950041,0.7025099787960843,5.672876882718171,False,False,high,110N10035,38518,40120,40172,mapped_primary_link
corridor-065422cc388b4280b9a4373e1b53d187,daily,state_transition,VA123_NB,VA123_NB::110-06994,14,AM,sensor_period,3.1749566121599777,1.0000000000000002,1.0027842337799906,0.05,0.5666215853120379,0.05,9,0.979242570386807,-0.0843410888937501,0.4424410617898737,4.568440977607613,True,True,low,110-06994,31771,35057,34002,mapped_primary_link
corridor-065422cc388b4280b9a4373e1b53d187,daily,state_transition,VA123_NB,VA123_NB::110-06994,14,PM,sensor_period,4.157685643515865,1.0292989655366789,0.0150713642330728,1.8164584819190128,0.1069718784186645,1.8696788363795656,15,0.9516929382382884,0.0294485611099966,0.6240691202307105,5.010929891993586,False,False,high,110-06994,31771,35057,34002,mapped_primary_link
corridor-065422cc388b4280b9a4373e1b53d187,daily,state_transition,VA123_NB,VA123_NB::110-06996,15,AM,corridor_period,3.111909543277336,1.0018052745475907,0.2175635736657688,0.3520624273449791,0.1730458472826055,0.3526979966842281,238,0.9973555605615052,0.0350896865030185,0.3412475492585172,5.234393813916621,False,False,high,110-06996,30223,34483,35972,mapped_primary_link
corridor-065422cc388b4280b9a4373e1b53d187,daily,state_transition,VA123_NB,VA123_NB::110-06995,16,AM,sensor_period,3.1784060564395897,1.000000000708863,0.4001847491696167,0.8767296613322493,0.588248896438006,0.8767296619537305,9,0.9750040302271707,-0.076526953648184,0.1129955887563983,5.568885658121348,True,False,low,110-06995,30240,34488,35059,mapped_primary_link
corridor-065422cc388b4280b9a4373e1b53d187,daily,state_transition,VA123_NB,VA123_NB::110-06995,16,MD,sensor_period,7.061214824420756,1.2378621614980074,0.0052702264635046,3.211581582569711,1.4964890046980697,3.975495319626934,4,0.989564844749961,0.9166105943632996,0.2077674237747516,2.590123592712668,False,False,low,110-06995,30240,34488,35059,mapped_primary_link
corridor-065422cc388b4280b9a4373e1b53d187,daily,state_transition,VA123_NB,VA123_NB::110-06995,16,PM,sensor_period,4.3548254934279065,1.0067523611849003,1.4620749785096876,0.2174626706754112,1.0737932261384135,0.2189310571720446,16,0.9813403816496236,0.0223238080143578,0.3306289143257013,2.481671607526619,False,False,high,110-06995,30240,34488,35059,mapped_primary_link
corridor-065422cc388b4280b9a4373e1b53d187,daily,state_transition,VA123_NB,VA123_NB::110-10021,17,AM,sensor_period,3.0310784983328927,1.0034214974906182,0.1564220530293926,0.2725813318272262,0.1128680732574387,0.2735139681700624,3,0.9999997099984244,0.7692279655250847,0.0051406608106327,0.802350793380711,False,False,low,110-10021,29837,34368,35066,mapped_primary_link
corridor-065422cc388b4280b9a4373e1b53d187,daily,state_transition,VA123_NB,VA123_NB::110-10021,17,MD,sensor_period,6.100718551145585,1.0038363288787684,0.2726176209245545,0.140317565623294,0.1873938785396805,0.1408558699524931,9,0.9993986085590016,0.1030237980946533,0.1557020501748208,1.5447001137617895,False,False,medium,110-10021,29837,34368,35066,mapped_primary_link
corridor-065422cc388b4280b9a4373e1b53d187,daily,state_transition,VA123_NB,VA123_NB::110-10021,17,PM,corridor_period,4.099700606668074,1.0270681243318207,0.0612160188463595,0.8855582118730273,0.1138915494340319,0.9095286116550712,280,0.991335100114248,0.1957767754950041,0.7025099787960843,5.672876882718171,False,False,high,110-10021,29837,34368,35066,mapped_primary_link
corridor-065422cc388b4280b9a4373e1b53d187,daily,state_transition,VA123_NB,VA123_NB::110-10020,18,AM,corridor_period,3.111909543277336,1.0018052745475907,0.2175635736657688,0.3520624273449791,0.1730458472826055,0.3526979966842281,238,0.9973555605615052,0.0350896865030185,0.3412475492585172,5.234393813916621,False,False,high,110-10020,30700,34626,35863,mapped_primary_link
corridor-065422cc388b4280b9a4373e1b53d187,daily,state_transition,VA123_NB,VA123_NB::110-10020,18,MD,sensor_period,6.198797585155022,1.0000000000000002,0.4294357951074412,0.0500000000000761,0.2509067484720869,0.0500000000000762,4,0.983737833662933,-0.0647929890064475,0.2869271982252667,0.8171607236489563,True,True,low,110-10020,30700,34626,35863,mapped_primary_link
corridor-065422cc388b4280b9a4373e1b53d187,daily,state_transition,VA123_NB,VA123_NB::110-10020,18,PM,sensor_period,4.145356672295071,1.0000000000000002,0.2738641706395943,0.2720273774615354,0.2150441787694656,0.2720273774615355,17,0.9857247241550876,0.0722382255070368,0.2655408808582282,0.8504639074303814,True,False,low,110-10020,30700,34626,35863,mapped_primary_link
corridor-065422cc388b4280b9a4373e1b53d187,daily,state_transition,VA123_NB,VA123_NB::110-10023,19,AM,corridor_period,3.111909543277336,1.0018052745475907,0.2175635736657688,0.3520624273449791,0.1730458472826055,0.3526979966842281,238,0.9973555605615052,0.0350896865030185,0.3412475492585172,5.234393813916621,False,False,high,110-10023,29823,34364,36308,mapped_primary_link
corridor-065422cc388b4280b9a4373e1b53d187,daily,state_transition,VA123_NB,VA123_NB::110-10023,19,MD,sensor_period,6.221238508861126,1.0000000000000002,0.3216710317900224,0.096678056716757,0.2047204140860074,0.096678056716757,8,0.9936311062192604,0.0117249646680359,0.2067997258170631,0.7779655782202016,True,False,low,110-10023,29823,34364,36308,mapped_primary_link
corridor-065422cc388b4280b9a4373e1b53d187,daily,state_transition,VA123_NB,VA123_NB::110-10023,19,PM,sensor_period,4.155367845254519,1.0000000000000002,0.3632325777821591,0.0697273631342217,0.2139525801677747,0.0697273631342217,13,0.9820667973006226,-0.0011479879023599,0.3408730260036906,0.6728282053393116,True,False,low,110-10023,29823,34364,36308,mapped_primary_link
corridor-065422cc388b4280b9a4373e1b53d187,daily,state_transition,VA123_NB,VA123_NB::110-10022,20,AM,sensor_period,3.2861020055338432,1.0000000000000002,0.060592115597404,0.9997382098598622,0.1061599298110695,0.9997382098598624,5,,-0.0003124551825557,0.2350745233205539,1.0517725694927038,True,False,low,110-10022,34712,36313,34357,mapped_primary_link
corridor-065422cc388b4280b9a4373e1b53d187,daily,state_transition,VA123_NB,VA123_NB::110-10022,20,PM,sensor_period,4.431969032908397,1.0000000000000002,0.0125366219205526,1.4821774701482362,0.0607505680379176,1.4821774701482364,18,-5.953720472606297,0.0018239672424285,0.4143631279358096,1.3812845259204374,True,False,low,110-10022,34712,36313,34357,mapped_primary_link
corridor-065422cc388b4280b9a4373e1b53d187,daily,state_transition,VA123_NB,VA123_NB::110-10024,22,AM,sensor_period,3.287311615592509,1.0000000012447914,0.1409246235394767,2.142242273002296,0.9620197334861208,2.1422422756689405,13,0.8737214926289917,0.6380208376425915,0.1537222153777386,2.4118547354058184,True,False,low,110-10024,29644,34313,36254,mapped_primary_link
corridor-065422cc388b4280b9a4373e1b53d187,daily,state_transition,VA123_NB,VA123_NB::110-10024,22,PM,corridor_period,4.099700606668074,1.0270681243318207,0.0612160188463595,0.8855582118730273,0.1138915494340319,0.9095286116550712,280,0.991335100114248,0.1957767754950041,0.7025099787960843,5.672876882718171,False,False,high,110-10024,29644,34313,36254,mapped_primary_link
corridor-065422cc388b4280b9a4373e1b53d187,daily,state_transition,VA123_NB,VA123_NB::110-10027,23,AM,sensor_period,3.20320135612176,1.0000000000000002,1.0728240350695215,0.1396008939497522,0.6731428458082832,0.1396008939497522,13,0.997568920086073,0.0222823060033346,0.1847685327234516,3.543849354154241,True,False,low,110-10027,29508,34271,36500,mapped_primary_link
corridor-065422cc388b4280b9a4373e1b53d187,daily,state_transition,VA123_NB,VA123_NB::110-10027,23,MD,sensor_period,6.248352156255646,1.0510122780173017,0.1961808368553157,0.8636774345932416,0.5092605266862825,0.907735588003982,11,0.992104117882542,0.283341289144229,0.2881477325583501,4.777169155397689,False,False,high,110-10027,29508,34271,36500,mapped_primary_link
corridor-065422cc388b4280b9a4373e1b53d187,daily,state_transition,VA123_NB,VA123_NB::110-10027,23,PM,sensor_period,4.0788056892376,1.0172565073134183,0.1329902896542305,0.8695483600306317,0.2408278136784817,0.8845537276648713,8,0.9992754388829678,0.5464757547477568,0.0397762130757125,2.119408888878198,False,False,medium,110-10027,29508,34271,36500,mapped_primary_link
corridor-065422cc388b4280b9a4373e1b53d187,daily,state_transition,VA123_NB,VA123_NB::110-10026,24,AM,sensor_period,3.1353131029657617,1.0823783726437788,0.0106589386633558,3.355943891146768,0.2631501392788266,3.632401087583269,13,0.9836464759449632,0.3497159183716175,0.0509960526943893,3.829356432136438,False,False,high,110-10026,32870,35709,34781,mapped_primary_link
corridor-065422cc388b4280b9a4373e1b53d187,daily,state_transition,VA123_NB,VA123_NB::110-10026,24,MD,sensor_period,6.161891982928303,1.0105276981467022,0.1920302690800111,0.0500000000004808,0.1121641636669352,0.050526384907821,3,0.9998979422081204,-0.1596254932924596,0.0066288422278347,1.9264845540775573,False,True,low,110-10026,32870,35709,34781,mapped_primary_link
corridor-065422cc388b4280b9a4373e1b53d187,daily,state_transition,VA123_NB,VA123_NB::110-10026,24,PM,corridor_period,4.099700606668074,1.0270681243318207,0.0612160188463595,0.8855582118730273,0.1138915494340319,0.9095286116550712,280,0.991335100114248,0.1957767754950041,0.7025099787960843,5.672876882718171,False,False,high,110-10026,32870,35709,34781,mapped_primary_link
corridor-065422cc388b4280b9a4373e1b53d187,daily,state_transition,VA123_NB,VA123_NB::110-10028,26,AM,sensor_period,3.0572986425807938,1.018706269957791,0.0602424259995923,1.5430267260974038,0.1802148087677745,1.571891000587868,15,0.9945625891274554,0.1781190722463317,0.0433465977309173,4.557303725945036,False,False,high,110-10028,35246,36484,36514,mapped_primary_link
corridor-065422cc388b4280b9a4373e1b53d187,daily,state_transition,VA123_NB,VA123_NB::110-10028,26,MD,corridor_period,6.157725788215785,1.021389292187578,0.0521741282694758,0.8186531800111037,0.1232297040654655,0.8361635920786511,130,0.9917353602224812,0.2131409779593618,0.6785774381738506,4.88678469557179,False,False,high,110-10028,35246,36484,36514,mapped_primary_link
corridor-065422cc388b4280b9a4373e1b53d187,daily,state_transition,VA123_NB,VA123_NB::110-10028,26,PM,sensor_period,4.040694102936122,1.0000000172634629,0.0871695416024838,0.2387084501984959,0.0648828107957759,0.2387084543194303,9,0.999926026626446,0.0736949400028783,0.0090344814504766,1.5273176375483688,True,False,low,110-10028,35246,36484,36514,mapped_primary_link
corridor-065422cc388b4280b9a4373e1b53d187,daily,state_transition,VA123_NB,VA123_NB::110-10012,27,AM,sensor_period,3.040621718989265,1.0000000000000002,0.3749525125590064,0.0500000000202147,0.2114088266218421,0.0500000000202147,16,0.997395924782082,-0.0167889017115248,0.1528244077714757,2.689433650827807,True,True,low,110-10012,30212,34477,35973,mapped_primary_link
corridor-065422cc388b4280b9a4373e1b53d187,daily,state_transition,VA123_NB,VA123_NB::110-10012,27,MD,corridor_period,6.157725788215785,1.021389292187578,0.0521741282694758,0.8186531800111037,0.1232297040654655,0.8361635920786511,130,0.9917353602224812,0.2131409779593618,0.6785774381738506,4.88678469557179,False,False,high,110-10012,30212,34477,35973,mapped_primary_link
corridor-065422cc388b4280b9a4373e1b53d187,daily,state_transition,VA123_NB,VA123_NB::110-10012,27,PM,sensor_period,4.027835982865146,1.0122809138562403,0.0112086675063006,1.248050680734346,0.0340183275142518,1.263377883632667,8,0.9993933635807394,0.2224851659012152,0.092230881446218,1.2017016291243727,False,False,medium,110-10012,30212,34477,35973,mapped_primary_link
corridor-065422cc388b4280b9a4373e1b53d187,daily,state_transition,VA123_NB,VA123_NB::110-10014,28,AM,sensor_period,3.243765511987879,1.0000000000000002,4.5399929762484935e-05,3.519141327717928,0.0015223312272686,3.519141327717929,3,-1.8757670199721308,0.1747211055235743,0.3997059349608111,1.7531097003961766,True,False,low,110-10014,34031,36089,35300,mapped_primary_link
corridor-065422cc388b4280b9a4373e1b53d187,daily,state_transition,VA123_NB,VA123_NB::110-10014,28,MD,corridor_period,6.157725788215785,1.021389292187578,0.0521741282694758,0.8186531800111037,0.1232297040654655,0.8361635920786511,130,0.9917353602224812,0.2131409779593618,0.6785774381738506,4.88678469557179,False,False,high,110-10014,34031,36089,35300,mapped_primary_link
corridor-065422cc388b4280b9a4373e1b53d187,daily,state_transition,VA123_NB,VA123_NB::110-10014,28,PM,sensor_period,4.254525532250759,1.0000000000000002,0.9896764145666016,0.05,0.5674590219216832,0.05,17,0.632203661375597,-0.0001368104657013,0.3785926526886174,2.917121874253599,True,True,low,110-10014,34031,36089,35300,mapped_primary_link
corridor-065422cc388b4280b9a4373e1b53d187,daily,state_transition,VA123_NB,VA123_NB::110-10013,29,AM,sensor_period,3.116017234703325,1.0000000000000002,0.3453889143355114,0.2237990228515754,0.2375605305635879,0.2237990228515755,18,0.9822210102697834,0.0177846474420722,0.1725861554657147,3.807957754326642,True,False,low,110-10013,30196,34472,35976,mapped_primary_link
corridor-065422cc388b4280b9a4373e1b53d187,daily,state_transition,VA123_NB,VA123_NB::110-10013,29,MD,sensor_period,6.08634507278888,1.0084382497321798,0.0446634458563213,1.075854259637606,0.1662663309129631,1.0849325865558574,3,0.9998761161218448,0.7635530793485366,0.047998916777395,2.395800354935815,False,False,low,110-10013,30196,34472,35976,mapped_primary_link
corridor-065422cc388b4280b9a4373e1b53d187,daily,state_transition,VA123_NB,VA123_NB::110-10013,29,PM,sensor_period,4.001651810862914,1.0483689177351847,0.0038605803458863,2.593681410256204,0.0751048863850567,2.7191349730201635,14,0.9983801592908008,0.4011974247477712,0.0435985491190351,2.9455134171793325,False,False,high,110-10013,30196,34472,35976,mapped_primary_link
corridor-065422cc388b4280b9a4373e1b53d187,daily,state_transition,VA123_NB,VA123_NB::110-10016,30,AM,sensor_period,3.081344405825595,1.0000000000000002,0.3796912340451031,0.0500000000004695,0.2142231054716748,0.0500000000004695,4,0.960029317417226,-0.1086939424513908,0.2900982990198326,3.542886368877461,True,True,low,110-10016,30579,34589,36622,mapped_primary_link
corridor-065422cc388b4280b9a4373e1b53d187,daily,state_transition,VA123_NB,VA123_NB::110-10016,30,MD,sensor_period,6.166651222056705,1.0000000000000002,0.0141536055595142,1.3062119838221906,0.081252698248975,1.3062119838221908,7,0.8775610934017595,-0.0678368260863524,0.3061098574786382,6.48511515142713,True,False,low,110-10016,30579,34589,36622,mapped_primary_link
corridor-065422cc388b4280b9a4373e1b53d187,daily,state_transition,VA123_NB,VA123_NB::110-10016,30,PM,sensor_period,4.108642334197896,1.0000000000000002,9.826479107020402e-05,2.8122469256924942,0.0027878405044391,2.8122469256924947,8,0.195318550369784,0.0689314178424729,0.5464542585603236,2.0143791718983515,True,False,low,110-10016,30579,34589,36622,mapped_primary_link
corridor-065422cc388b4280b9a4373e1b53d187,daily,state_transition,VA123_NB,VA123_NB::110-10015,31,AM,corridor_period,3.111909543277336,1.0018052745475907,0.2175635736657688,0.3520624273449791,0.1730458472826055,0.3526979966842281,238,0.9973555605615052,0.0350896865030185,0.3412475492585172,5.234393813916621,False,False,high,110-10015,30568,34587,34444,mapped_primary_link
corridor-065422cc388b4280b9a4373e1b53d187,daily,state_transition,VA123_NB,VA123_NB::110-10015,31,MD,corridor_period,6.157725788215785,1.021389292187578,0.0521741282694758,0.8186531800111037,0.1232297040654655,0.8361635920786511,130,0.9917353602224812,0.2131409779593618,0.6785774381738506,4.88678469557179,False,False,high,110-10015,30568,34587,34444,mapped_primary_link
corridor-065422cc388b4280b9a4373e1b53d187,daily,state_transition,VA123_NB,VA123_NB::110-10015,31,PM,sensor_period,4.096562709906547,1.008567227191013,0.2784996153932249,0.3138600888961376,0.2312263906668037,0.3165489995839025,22,0.9898863908887792,-0.0104632777695838,0.1399685667364427,2.100108996499423,False,False,high,110-10015,30568,34587,34444,mapped_primary_link
corridor-065422cc388b4280b9a4373e1b53d187,daily,state_transition,VA123_NB,VA123_NB::110-10018,32,AM,sensor_period,3.262403826952485,1.0002884490652342,0.0379295263839718,1.0073942159753042,0.0665749845663753,1.0076847978952246,3,,-0.0022950443332694,0.0496776018498646,0.7956581069932608,True,False,low,110-10018,33578,35940,34708,mapped_primary_link
corridor-065422cc388b4280b9a4373e1b53d187,daily,state_transition,VA123_NB,VA123_NB::110-10018,32,MD,sensor_period,6.562249017666347,1.0000000000000002,4.539993206671658e-05,3.152961860729716,0.0091240982429533,3.1529618607297167,8,-12.821379536841672,-0.0232970441021698,0.3073793855768936,2.140292404109071,True,False,low,110-10018,33578,35940,34708,mapped_primary_link
corridor-065422cc388b4280b9a4373e1b53d187,daily,state_transition,VA123_NB,VA123_NB::110-10018,32,PM,sensor_period,4.420511491159718,1.0000000000000002,0.0381436557260164,1.0034487254004316,0.0903898411573516,1.0034487254004318,11,,-0.0302533494896168,0.4622574407261811,1.8248722069850176,True,False,low,110-10018,33578,35940,34708,mapped_primary_link
corridor-065422cc388b4280b9a4373e1b53d187,daily,state_transition,VA123_NB,VA123_NB::110-10017,33,AM,sensor_period,3.1861733167706165,1.0000000000000002,0.0007147384115009,2.1567485564301507,0.0046405707075911,2.156748556430151,8,0.4947459945421857,0.1257675574123332,0.5289278486123381,1.461864874744526,True,False,low,110-10017,30613,34600,36632,mapped_primary_link
corridor-065422cc388b4280b9a4373e1b53d187,daily,state_transition,VA123_NB,VA123_NB::110-10017,33,MD,sensor_period,6.361656604800229,1.0000000000000002,0.0381213457940578,0.9072633048421688,0.1089473642602111,0.907263304842169,9,0.4572888615118372,0.011732508444456,0.2368832025802403,0.996276600741718,True,False,low,110-10017,30613,34600,36632,mapped_primary_link
corridor-065422cc388b4280b9a4373e1b53d187,daily,state_transition,VA123_NB,VA123_NB::110-10017,33,PM,sensor_period,4.221637672127956,1.0000361521780563,0.056777287293132,0.7763598885769217,0.0926342719776822,0.7763879556778495,5,-1.0187759446586775,0.0013283498909463,0.1420836353933371,0.6570857680101949,True,False,low,110-10017,30613,34600,36632,mapped_primary_link
corridor-065422cc388b4280b9a4373e1b53d187,daily,state_transition,VA123_NB,VA123_NB::110-10019,34,AM,sensor_period,3.158321207074831,1.0000000000000002,0.0179162858857015,1.138379590584492,0.035384866869912,1.1383795905844922,4,0.9897693865848624,0.7992095016924983,0.5403814199263356,1.4394521211026994,True,False,low,110-10019,30698,34625,35907,mapped_primary_link
corridor-065422cc388b4280b9a4373e1b53d187,daily,state_transition,VA123_NB,VA123_NB::110-10019,34,MD,sensor_period,6.13758308113191,1.0000000000000002,0.0038297277490091,1.7323489984360745,0.0473427093612422,1.7323489984360747,8,0.9902508660037332,0.6351088381750678,0.2483055698437972,1.4964201295646524,True,False,low,110-10019,30698,34625,35907,mapped_primary_link
corridor-065422cc388b4280b9a4373e1b53d187,daily,state_transition,VA123_NB,VA123_NB::110-10019,34,PM,sensor_period,4.058822111155939,1.0000000000000002,0.2695014138954348,0.05,0.154162866435732,0.05,12,0.995512934933722,-0.0334461487103865,0.1328910405367944,1.0951592679907989,True,True,low,110-10019,30698,34625,35907,mapped_primary_link
corridor-065422cc388b4280b9a4373e1b53d187,daily,state_transition,VA123_NB,VA123_NB::110-10030,35,AM,sensor_period,3.068588426848668,1.0293528770772655,0.0441718308729868,1.8604068354950585,0.1896916036488975,1.9150151286510493,17,0.9824062538125016,0.2563761948589708,0.0744816022274362,4.538396799655602,False,False,high,110-10030,29441,34252,34253,mapped_primary_link
corridor-065422cc388b4280b9a4373e1b53d187,daily,state_transition,VA123_NB,VA123_NB::110-10030,35,MD,corridor_period,6.157725788215785,1.021389292187578,0.0521741282694758,0.8186531800111037,0.1232297040654655,0.8361635920786511,130,0.9917353602224812,0.2131409779593618,0.6785774381738506,4.88678469557179,False,False,high,110-10030,29441,34252,34253,mapped_primary_link
corridor-065422cc388b4280b9a4373e1b53d187,daily,state_transition,VA123_NB,VA123_NB::110-10030,35,PM,corridor_period,4.099700606668074,1.0270681243318207,0.0612160188463595,0.8855582118730273,0.1138915494340319,0.9095286116550712,280,0.991335100114248,0.1957767754950041,0.7025099787960843,5.672876882718171,False,False,high,110-10030,29441,34252,34253,mapped_primary_link
corridor-065422cc388b4280b9a4373e1b53d187,daily,state_transition,VA123_NB,VA123_NB::110-10032,36,AM,sensor_period,3.024741567203918,1.000001050626711,0.1314223284867012,0.05,0.0740802261095299,0.0500000525313355,5,0.999364895453118,-0.0570386976543413,0.0123460556961199,1.0880912349338774,True,True,low,110-10032,35739,36647,36477,mapped_primary_link
corridor-065422cc388b4280b9a4373e1b53d187,daily,state_transition,VA123_NB,VA123_NB::110-10031,37,AM,corridor_period,3.111909543277336,1.0018052745475907,0.2175635736657688,0.3520624273449791,0.1730458472826055,0.3526979966842281,238,0.9973555605615052,0.0350896865030185,0.3412475492585172,5.234393813916621,False,False,high,110-10031,35231,36479,34252,mapped_primary_link
corridor-065422cc388b4280b9a4373e1b53d187,daily,state_transition,VA123_NB,VA123_NB::110-10034,38,AM,sensor_period,3.0316784438483477,1.0099813392164785,0.0713391920793219,1.0900691859694067,0.1274661469904974,1.1009495362839976,3,0.9998602895732244,0.1897234758774052,0.0027859810438007,1.2154036893375846,False,False,low,110-10034,35097,36435,34249,mapped_primary_link
corridor-065422cc388b4280b9a4373e1b53d187,daily,state_transition,VA123_NB,VA123_NB::110-10033,39,AM,sensor_period,3.024347862364871,1.0121533298852154,0.0152178140423157,2.0251208472707187,0.0763287872962638,2.049732808985026,6,0.9996882713531928,0.3728347151654737,0.0162012298970224,4.910677051028535,False,False,medium,110-10033,29433,34249,34250,mapped_primary_link
corridor-065422cc388b4280b9a4373e1b53d187,daily,state_transition,VA123_NB,VA123_NB::110-10033,39,MD,sensor_period,6.04516735140569,1.0000000455581382,0.1108505035307542,0.0500000000008004,0.064685481394701,0.0500000022787073,7,0.9998867504250648,-0.1143127863653183,0.0135976933779403,2.881848454801786,True,True,low,110-10033,29433,34249,34250,mapped_primary_link
corridor-065422cc388b4280b9a4373e1b53d187,daily,state_transition,VA123_NB,VA123_NB::110-10033,39,PM,sensor_period,4.039106851132234,1.007431826066865,0.0269419271317151,1.1467620170997712,0.0712348291623748,1.155284552950944,4,0.9999845098455696,0.926219062994654,0.0111753912725756,0.7281578071578598,False,False,low,110-10033,29433,34249,34250,mapped_primary_link
corridor-065422cc388b4280b9a4373e1b53d187,daily,state_transition,VA123_NB,VA123_NB::110-10035,40,AM,sensor_period,3.035446075336096,1.0000000000000002,0.2657347453795871,0.0500000395902868,0.1498160064487975,0.0500000395902868,9,0.999831254126332,-0.0357512340894565,0.0496492083432064,1.3548796974744048,True,True,low,110-10035,38242,40035,40885,mapped_primary_link
corridor-065422cc388b4280b9a4373e1b53d187,daily,state_transition,VA123_NB,VA123_NB::110-10035,40,MD,sensor_period,6.075842826956246,1.006488505001697,0.1456140190395392,0.3690103615152688,0.1511335368822684,0.3714046870916386,6,0.999685759986439,0.7708973955211931,0.1468418833586149,0.9589591132425646,False,False,medium,110-10035,38242,40035,40885,mapped_primary_link
corridor-065422cc388b4280b9a4373e1b53d187,daily,state_transition,VA123_NB,VA123_NB::110-10035,40,PM,sensor_period,4.071417107592413,1.0095045277025496,0.3196182626703361,0.05,0.1828595279475856,0.0504752263851274,12,0.997733100467366,-0.0498640954036646,0.2185549115289645,1.4273662050558449,False,True,low,110-10035,38242,40035,40885,mapped_primary_link
corridor-065422cc388b4280b9a4373e1b53d187,daily,state_transition,VA123_NB,VA123_NB::110N06995,41,AM,sensor_period,3.018045288884005,1.0092819501154202,0.0992757322770373,0.5930442674367185,0.1019390154129758,0.598548874743302,4,0.9998654856362575,0.937542009558626,0.0624236571714688,0.516583013619122,False,False,low,110N06995,31776,35059,35057,mapped_primary_link
corridor-065422cc388b4280b9a4373e1b53d187,daily,state_transition,VA123_NB,VA123_NB::110N06995,41,MD,sensor_period,6.204388411082495,1.003172754717416,0.1455543822468742,0.5337441747986582,0.2056470458549061,0.535437614147144,8,0.9963508617722284,-0.0797859087381658,0.1203285241741061,4.328666787566947,False,False,medium,110N06995,31776,35059,35057,mapped_primary_link
corridor-065422cc388b4280b9a4373e1b53d187,daily,state_transition,VA123_NB,VA123_NB::110N06995,41,PM,sensor_period,3.989923367234281,1.0270163145965208,0.0589787233989128,0.812760940887842,0.0968578027293829,0.8347187461586322,10,0.9968987960736,0.22393286393484,0.2250263214842835,4.685021461887744,False,False,high,110N06995,31776,35059,35057,mapped_primary_link
corridor-50aa7f5b132e4193b035ecbdb46d829c,daily,state_transition,VA123_SB,VA123_SB::110P06996,1,AM,sensor_period,3.064677594221253,1.0000000000000002,0.3387236032938172,0.0500000000793182,0.191057208604138,0.0500000000793182,14,0.9991739550366502,-0.0026325102191546,0.0856851722570646,2.189627818812551,True,True,low,110P06996,30231,34485,35972,mapped_primary_link
corridor-50aa7f5b132e4193b035ecbdb46d829c,daily,state_transition,VA123_SB,VA123_SB::110P06996,1,MD,sensor_period,6.076449118128024,1.0065309562859823,0.1006044487858041,0.6447943583773943,0.1717548170396435,0.6490054821454051,6,0.9999756831342754,0.6096323785416823,0.0153427758109024,1.293065450320381,False,False,medium,110P06996,30231,34485,35972,mapped_primary_link
corridor-50aa7f5b132e4193b035ecbdb46d829c,daily,state_transition,VA123_SB,VA123_SB::110P06996,1,PM,sensor_period,4.056159312069905,1.0048360510521317,0.0631294648511996,0.7026720565668638,0.0900608945627649,0.7060702145053276,5,0.9999941577525212,0.7081366139009423,0.0090680556496498,1.4972494683535829,False,False,medium,110P06996,30231,34485,35972,mapped_primary_link
corridor-50aa7f5b132e4193b035ecbdb46d829c,daily,state_transition,VA123_SB,VA123_SB::110P06995,2,AM,sensor_period,2.9865673029751267,1.0249039478573243,0.059108585118649,0.9433729173716324,0.0884940306421929,0.9668666273158674,10,0.9949573356928992,0.3796352098351048,0.2358468549133388,3.553556112182092,False,False,high,110P06995,31772,35057,35059,mapped_primary_link
corridor-50aa7f5b132e4193b035ecbdb46d829c,daily,state_transition,VA123_SB,VA123_SB::110P06995,2,MD,sensor_period,6.0237286165965855,1.022154683509455,0.1444628771453928,0.3420958153268139,0.1424110462476778,0.3496748398452884,7,0.9960170362527134,0.2734693717981262,0.2163326698180777,1.4412448269474498,False,False,medium,110P06995,31772,35057,35059,mapped_primary_link
corridor-50aa7f5b132e4193b035ecbdb46d829c,daily,state_transition,VA123_SB,VA123_SB::110P06995,2,PM,sensor_period,4.037986257894299,1.0000058654170134,0.1792434101875598,0.2649685028803347,0.1383746435524815,0.2649700570310995,6,0.9999168106152714,0.4339412256291175,0.028104552600542,0.5283289160832522,True,False,low,110P06995,31772,35057,35059,mapped_primary_link
corridor-50aa7f5b132e4193b035ecbdb46d829c,daily,state_transition,VA123_SB,VA123_SB::110P10023,4,AM,sensor_period,3.448256252593172,1.0000000000000002,0.0563000248293847,0.9931375539958603,0.1026638623415166,0.9931375539958608,3,,-0.007172802743409,0.153125282946788,0.9606916223213268,True,False,low,110P10023,35657,36620,34370,mapped_primary_link
corridor-50aa7f5b132e4193b035ecbdb46d829c,daily,state_transition,VA123_SB,VA123_SB::110P10023,4,MD,sensor_period,6.874033001881698,1.0000000000000002,0.0620901493934414,1.0020469735657809,0.22853188171692,1.002046973565781,7,,-0.0004303747133123,0.3808243906903605,0.6467945826934131,True,False,low,110P10023,35657,36620,34370,mapped_primary_link
corridor-50aa7f5b132e4193b035ecbdb46d829c,daily,state_transition,VA123_SB,VA123_SB::110P10023,4,PM,sensor_period,4.620047198986325,1.0000026536210458,0.0600166130393679,0.9974381503143442,0.1473037825506963,0.9974407971372118,10,,-0.0004536220584159,0.4126936913570024,0.8547205637429162,True,False,low,110P10023,35657,36620,34370,mapped_primary_link
corridor-50aa7f5b132e4193b035ecbdb46d829c,daily,state_transition,VA123_SB,VA123_SB::110P10021,6,AM,sensor_period,3.03207353710806,1.0000001024143814,0.2567995244366619,0.0755137215487564,0.1489261296040683,0.0755137292824475,6,0.9999720245143864,0.2298056298852114,0.0167432875730336,0.3335965650230371,True,False,low,110P10021,32865,35702,35066,mapped_primary_link
corridor-50aa7f5b132e4193b035ecbdb46d829c,daily,state_transition,VA123_SB,VA123_SB::110P10021,6,MD,sensor_period,6.045492149151617,1.0000000000000002,0.2009864723729573,0.05,0.1172835596611281,0.05,13,0.9999241527077168,-0.0277097883084547,0.0335982971810004,1.2434769740259075,True,True,low,110P10021,32865,35702,35066,mapped_primary_link
corridor-50aa7f5b132e4193b035ecbdb46d829c,daily,state_transition,VA123_SB,VA123_SB::110P10021,6,PM,sensor_period,4.038464483454414,1.0000004302165857,0.2584906962232765,0.0500000000000017,0.1478272362899814,0.050000021510831,6,0.9999936271628738,-0.1120891363798219,0.0126051352223723,1.0081360333494285,True,True,low,110P10021,32865,35702,35066,mapped_primary_link
corridor-50aa7f5b132e4193b035ecbdb46d829c,daily,state_transition,VA123_SB,VA123_SB::110P10027,8,PM,sensor_period,4.17021264959923,1.0265193493046891,0.219082738801965,0.8744147409396356,0.4072699453882071,0.8976036508917831,10,0.9852054212694678,0.1574666296349277,0.1079385508069017,3.792889679620649,False,False,high,110P10027,32871,35709,35711,mapped_primary_link
corridor-50aa7f5b132e4193b035ecbdb46d829c,daily,state_transition,VA123_SB,VA123_SB::110P10016,11,PM,sensor_period,4.228352435327421,1.0206946922284603,0.0283512298009353,2.053769894844649,0.2921340275237992,2.096272030726537,19,0.8956649727742199,0.1673003021538958,0.2844091204050447,5.5861046310718,False,False,high,110P10016,33793,36012,34588,mapped_primary_link
corridor-50aa7f5b132e4193b035ecbdb46d829c,daily,state_transition,VA123_SB,VA123_SB::110P10014,12,AM,sensor_period,3.1080007716758846,1.0000000639525677,0.0936297272933011,0.933736966416897,0.1439661237330373,0.9337370261317732,8,0.9974675886864198,0.4981309583886127,0.206908447658114,3.332654639736669,True,False,low,110P10014,31836,35083,35085,mapped_primary_link
corridor-50aa7f5b132e4193b035ecbdb46d829c,daily,state_transition,VA123_SB,VA123_SB::110P10014,12,MD,corridor_period,6.070290402858005,1.0307699132996773,0.0549960842618261,0.7308615242354218,0.1095842557362218,0.7533500699702157,72,0.9865027478464052,0.186010113467587,0.7363472840454324,4.810035476856964,False,False,high,110P10014,31836,35083,35085,mapped_primary_link
corridor-50aa7f5b132e4193b035ecbdb46d829c,daily,state_transition,VA123_SB,VA123_SB::110P10014,12,PM,sensor_period,4.032403354351138,1.002288865778992,0.086565131712454,0.6436451218983857,0.1132687259740131,0.6451183391917141,8,0.9999528013806748,0.6393295008836231,0.0126139197165735,0.6865962247711972,False,False,medium,110P10014,31836,35083,35085,mapped_primary_link
corridor-50aa7f5b132e4193b035ecbdb46d829c,daily,state_transition,VA123_SB,VA123_SB::110P10015,13,AM,sensor_period,3.045435274929409,1.000002384203464,0.2495891851321685,0.0500000076668127,0.1407365703846656,0.0500001268770042,4,0.9984997810666324,-0.0700459328632767,0.0108261075262225,1.1214000373025526,True,True,low,110P10015,33001,35753,35754,mapped_primary_link
corridor-50aa7f5b132e4193b035ecbdb46d829c,daily,state_transition,VA123_SB,VA123_SB::110P10015,13,PM,corridor_period,4.16695680180596,1.011845156831089,0.1531551250765313,0.5683730495129771,0.1838309689909599,0.5751055174230227,385,0.9930586850392518,0.1319649895141644,0.661936706189655,5.149715969096437,False,False,high,110P10015,33001,35753,35754,mapped_primary_link
corridor-50aa7f5b132e4193b035ecbdb46d829c,daily,state_transition,VA123_SB,VA123_SB::110P10035,14,PM,corridor_period,4.16695680180596,1.011845156831089,0.1531551250765313,0.5683730495129771,0.1838309689909599,0.5751055174230227,385,0.9930586850392518,0.1319649895141644,0.661936706189655,5.149715969096437,False,False,high,110P10035,38692,40172,40120,mapped_primary_link
corridor-50aa7f5b132e4193b035ecbdb46d829c,daily,state_transition,VA123_SB,VA123_SB::110P10033,15,PM,corridor_period,4.16695680180596,1.011845156831089,0.1531551250765313,0.5683730495129771,0.1838309689909599,0.5751055174230227,385,0.9930586850392518,0.1319649895141644,0.661936706189655,5.149715969096437,False,False,high,110P10033,35738,36647,36475,mapped_primary_link
corridor-50aa7f5b132e4193b035ecbdb46d829c,daily,state_transition,VA123_SB,VA123_SB::110+10012,17,PM,corridor_period,4.16695680180596,1.011845156831089,0.1531551250765313,0.5683730495129771,0.1838309689909599,0.5751055174230227,385,0.9930586850392518,0.1319649895141644,0.661936706189655,5.149715969096437,False,False,high,110+10012,33676,35972,34483,mapped_primary_link
corridor-50aa7f5b132e4193b035ecbdb46d829c,daily,state_transition,VA123_SB,VA123_SB::110+10019,18,MD,corridor_period,6.070290402858005,1.0307699132996773,0.0549960842618261,0.7308615242354218,0.1095842557362218,0.7533500699702157,72,0.9865027478464052,0.186010113467587,0.7363472840454324,4.810035476856964,False,False,high,110+10019,30970,34708,35940,mapped_primary_link
corridor-50aa7f5b132e4193b035ecbdb46d829c,daily,state_transition,VA123_SB,VA123_SB::110+10019,18,PM,sensor_period,4.411239537900568,1.0000000000000002,1.0838857986227308,0.05,0.6226016769203819,0.05,21,-11.433788615324293,-0.0011021675828049,0.3754632605697799,1.2652324749226185,True,True,low,110+10019,30970,34708,35940,mapped_primary_link
corridor-50aa7f5b132e4193b035ecbdb46d829c,daily,state_transition,VA123_SB,VA123_SB::110+10018,19,MD,corridor_period,6.070290402858005,1.0307699132996773,0.0549960842618261,0.7308615242354218,0.1095842557362218,0.7533500699702157,72,0.9865027478464052,0.186010113467587,0.7363472840454324,4.810035476856964,False,False,high,110+10018,35695,36632,34600,mapped_primary_link
corridor-50aa7f5b132e4193b035ecbdb46d829c,daily,state_transition,VA123_SB,VA123_SB::110+10018,19,PM,sensor_period,4.400869891091226,1.0000000000000002,0.571747879020745,0.3454164479318159,0.5087355455028238,0.345416447931816,20,0.788219363585116,-0.0050351539547763,0.558432616455125,2.334089535202019,True,False,low,110+10018,35695,36632,34600,mapped_primary_link
corridor-50aa7f5b132e4193b035ecbdb46d829c,daily,state_transition,VA123_SB,VA123_SB::110+10017,20,MD,sensor_period,5.801168907030235,1.051945805265114,0.0676757071098047,0.549302503612317,0.0948052770360826,0.5778364644966021,4,0.9980634380033908,0.2592863761324904,0.1167867527785402,0.7602370175565127,False,False,low,110+10017,35664,36622,34589,mapped_primary_link
corridor-50aa7f5b132e4193b035ecbdb46d829c,daily,state_transition,VA123_SB,VA123_SB::110+10017,20,PM,sensor_period,3.8445695632496704,1.0427116087282156,0.0313175653227749,0.924643260019292,0.0580179294323219,0.9641362611544176,19,0.989561464236625,0.1869904764718966,0.1732779504884261,1.3258454737684342,False,False,high,110+10017,35664,36622,34589,mapped_primary_link
corridor-50aa7f5b132e4193b035ecbdb46d829c,daily,state_transition,VA123_SB,VA123_SB::110+10016,21,PM,sensor_period,4.148778453942809,1.0000000000000002,0.4839477684692733,0.0500000000361382,0.2771361834174963,0.0500000000361382,23,0.9816183920650252,-0.0370357195675834,0.3894594585120418,1.6119459190192489,True,True,low,110+10016,30098,34444,34587,mapped_primary_link
corridor-50aa7f5b132e4193b035ecbdb46d829c,daily,state_transition,VA123_SB,VA123_SB::110+10015,22,AM,sensor_period,3.1705904523027404,1.0000000000000002,0.8455198668352822,0.05,0.4777267409820438,0.05,3,0.9908604077351488,-0.1093081522550463,0.1682478774450004,0.6448586274075958,True,True,low,110+10015,32319,35300,36089,mapped_primary_link
corridor-50aa7f5b132e4193b035ecbdb46d829c,daily,state_transition,VA123_SB,VA123_SB::110+10015,22,MD,sensor_period,6.22770643391712,1.0000672078241228,0.4811726039163698,0.0500000000000041,0.2812004600708924,0.0500033603912103,3,0.8946607688582814,-0.1231943562880337,0.2508205129363177,3.0125918935863725,True,True,low,110+10015,32319,35300,36089,mapped_primary_link
corridor-50aa7f5b132e4193b035ecbdb46d829c,daily,state_transition,VA123_SB,VA123_SB::110+10015,22,PM,sensor_period,4.273801390670696,1.0000000000000002,0.6708092257271686,0.0500000411835805,0.3847144488895451,0.0500000411835805,14,0.9456186583679016,-0.0058785880555198,0.5236370104508313,1.6178275191680953,True,True,low,110+10015,32319,35300,36089,mapped_primary_link
corridor-50aa7f5b132e4193b035ecbdb46d829c,daily,state_transition,VA123_SB,VA123_SB::110+10014,23,AM,sensor_period,3.013040653086,1.003818806856858,0.0649177188454106,0.0500000000001695,0.0365857723895422,0.050190940343013,5,0.9977777693290116,-0.164706809630829,0.0074535740939975,1.1530632040953943,False,True,low,110+10014,33692,35976,34472,mapped_primary_link
corridor-50aa7f5b132e4193b035ecbdb46d829c,daily,state_transition,VA123_SB,VA123_SB::110+10014,23,MD,corridor_period,6.070290402858005,1.0307699132996773,0.0549960842618261,0.7308615242354218,0.1095842557362218,0.7533500699702157,72,0.9865027478464052,0.186010113467587,0.7363472840454324,4.810035476856964,False,False,high,110+10014,33692,35976,34472,mapped_primary_link
corridor-50aa7f5b132e4193b035ecbdb46d829c,daily,state_transition,VA123_SB,VA123_SB::110+10014,23,PM,sensor_period,4.257545479934199,1.0000000000000002,1.1122890492831752,0.0500000006429851,0.6377850789469758,0.0500000006429851,22,0.9670743988048418,-0.0753402519698991,0.3054304931308658,4.371707739462174,True,True,low,110+10014,33692,35976,34472,mapped_primary_link
corridor-50aa7f5b132e4193b035ecbdb46d829c,daily,state_transition,VA123_SB,VA123_SB::110+10013,24,MD,corridor_period,6.070290402858005,1.0307699132996773,0.0549960842618261,0.7308615242354218,0.1095842557362218,0.7533500699702157,72,0.9865027478464052,0.186010113467587,0.7363472840454324,4.810035476856964,False,False,high,110+10013,33679,35973,34477,mapped_primary_link
corridor-50aa7f5b132e4193b035ecbdb46d829c,daily,state_transition,VA123_SB,VA123_SB::110+10013,24,PM,sensor_period,4.11868381353852,1.0000000000000002,4.5399929762484935e-05,3.918625108059121,0.0062095741588604,3.9186251080591217,20,0.950503118348828,0.0852500334855731,0.2810861030639603,5.702762327636464,True,False,low,110+10013,33679,35973,34477,mapped_primary_link
corridor-50aa7f5b132e4193b035ecbdb46d829c,daily,state_transition,VA123_SB,VA123_SB::110+10023,25,PM,sensor_period,4.3857221800026815,1.0000000000000002,0.0485755065848889,1.001469816825506,0.1138677833661482,1.0014698168255065,22,,-0.001005377987107,0.3987344324118395,1.4743691028578456,True,False,low,110+10023,29801,34357,36313,mapped_primary_link
corridor-50aa7f5b132e4193b035ecbdb46d829c,daily,state_transition,VA123_SB,VA123_SB::110+10022,26,AM,sensor_period,3.278608183188525,1.000001002388729,0.0496791793698174,0.9984647687769896,0.0867103535679425,0.9984657696268198,5,,-0.0044280604796913,0.2370501937651244,1.7078461746497444,True,False,low,110+10022,31792,35066,34368,mapped_primary_link
corridor-50aa7f5b132e4193b035ecbdb46d829c,daily,state_transition,VA123_SB,VA123_SB::110+10022,26,MD,corridor_period,6.070290402858005,1.0307699132996773,0.0549960842618261,0.7308615242354218,0.1095842557362218,0.7533500699702157,72,0.9865027478464052,0.186010113467587,0.7363472840454324,4.810035476856964,False,False,high,110+10022,31792,35066,34368,mapped_primary_link
corridor-50aa7f5b132e4193b035ecbdb46d829c,daily,state_transition,VA123_SB,VA123_SB::110+10022,26,PM,sensor_period,4.39757373187266,1.0000000000000002,4.540019101519232e-05,3.2582138894874357,0.0030184387068982,3.258213889487436,16,-44.933769129136216,0.0063921394190621,0.4101395939883094,1.990238276770769,True,False,low,110+10022,31792,35066,34368,mapped_primary_link
corridor-50aa7f5b132e4193b035ecbdb46d829c,daily,state_transition,VA123_SB,VA123_SB::110+10021,27,AM,corridor_period,3.0409034515985227,1.0220999126182315,0.0707445178593852,0.8579574473495276,0.0979686726330696,0.8769182319661132,63,0.9949748201505708,0.6189373680481514,0.5198079819512187,3.1716371692471315,False,False,high,110+10021,33338,35863,34626,mapped_primary_link
corridor-50aa7f5b132e4193b035ecbdb46d829c,daily,state_transition,VA123_SB,VA123_SB::110+10021,27,MD,sensor_period,6.032068943550801,1.0065086249865534,0.0365420530443266,0.7694556951791254,0.0776829855957004,0.774463793742814,5,0.9995119580935194,0.8627335101168434,0.0448139760026652,0.2180651427699591,False,False,medium,110+10021,33338,35863,34626,mapped_primary_link
corridor-50aa7f5b132e4193b035ecbdb46d829c,daily,state_transition,VA123_SB,VA123_SB::110+10021,27,PM,sensor_period,4.096853043517787,1.0000000000000002,0.0592204903149992,0.6926128779666897,0.0838806430247655,0.6926128779666898,16,0.9151751490248852,0.0526549511351434,0.28651568476021,2.197977027766852,True,False,low,110+10021,33338,35863,34626,mapped_primary_link
corridor-50aa7f5b132e4193b035ecbdb46d829c,daily,state_transition,VA123_SB,VA123_SB::110+10020,28,MD,corridor_period,6.070290402858005,1.0307699132996773,0.0549960842618261,0.7308615242354218,0.1095842557362218,0.7533500699702157,72,0.9865027478464052,0.186010113467587,0.7363472840454324,4.810035476856964,False,False,high,110+10020,33469,35907,34625,mapped_primary_link
corridor-50aa7f5b132e4193b035ecbdb46d829c,daily,state_transition,VA123_SB,VA123_SB::110+10020,28,PM,sensor_period,4.0544731565461785,1.0000000005814582,0.192878300199969,0.2189339568258546,0.13975893678418,0.2189339569531555,22,0.9909694740957906,-0.0440202468639243,0.1482736856505993,2.548904946357934,True,False,low,110+10020,33469,35907,34625,mapped_primary_link
corridor-50aa7f5b132e4193b035ecbdb46d829c,daily,state_transition,VA123_SB,VA123_SB::110+10029,29,PM,sensor_period,4.053053610115818,1.0212052582385769,0.1059165864627652,0.4893905286640607,0.1120483919775099,0.4997681812038958,20,0.9294116739652774,-0.0211570594814907,0.111934926949381,1.5433077478405468,False,False,high,110+10029,35335,36514,36484,mapped_primary_link
corridor-50aa7f5b132e4193b035ecbdb46d829c,daily,state_transition,VA123_SB,VA123_SB::110+10028,30,PM,sensor_period,4.250569917862087,1.0000000000000002,0.3607117410761924,0.5890854671257771,0.4511989683832157,0.5890854671257773,19,0.9171233465999812,0.0566786279400629,0.2146125064986837,4.597840829252048,True,False,low,110+10028,35291,36500,34271,mapped_primary_link
corridor-50aa7f5b132e4193b035ecbdb46d829c,daily,state_transition,VA123_SB,VA123_SB::110+10027,31,AM,corridor_period,3.0409034515985227,1.0220999126182315,0.0707445178593852,0.8579574473495276,0.0979686726330696,0.8769182319661132,63,0.9949748201505708,0.6189373680481514,0.5198079819512187,3.1716371692471315,False,False,high,110+10027,31208,34781,35709,mapped_primary_link
corridor-50aa7f5b132e4193b035ecbdb46d829c,daily,state_transition,VA123_SB,VA123_SB::110+10027,31,MD,sensor_period,6.449098191697376,1.0000000054977929,1.1206827923723754,0.1093254675035887,0.7327912703012481,0.1093254681046374,3,0.9655621984504658,0.617842329750611,0.1894009238294035,0.143121106498543,True,False,low,110+10027,31208,34781,35709,mapped_primary_link
corridor-50aa7f5b132e4193b035ecbdb46d829c,daily,state_transition,VA123_SB,VA123_SB::110+10024,34,PM,sensor_period,4.123344097633462,1.0000000000000002,0.4429067932552932,0.1812549398008072,0.3053712134065204,0.1812549398008072,21,0.9880322078352892,-0.046131646366859,0.3008400440931291,2.678454928302557,True,False,low,110+10024,34697,36308,34364,mapped_primary_link
corridor-50aa7f5b132e4193b035ecbdb46d829c,daily,state_transition,VA123_SB,VA123_SB::110+10033,36,PM,sensor_period,4.092914488119366,1.0000000032488232,0.3554832504702116,0.05,0.2034321102281906,0.0500000001624411,13,0.99799283417904,-0.0043494607068628,0.048155267031287,5.0341561902259135,True,True,low,110+10033,35224,36477,36647,mapped_primary_link
corridor-50aa7f5b132e4193b035ecbdb46d829c,daily,state_transition,VA123_SB,VA123_SB::110+10032,37,PM,corridor_period,4.16695680180596,1.011845156831089,0.1531551250765313,0.5683730495129771,0.1838309689909599,0.5751055174230227,385,0.9930586850392518,0.1319649895141644,0.661936706189655,5.149715969096437,False,False,high,110+10032,29443,34252,36479,mapped_primary_link
corridor-50aa7f5b132e4193b035ecbdb46d829c,daily,state_transition,VA123_SB,VA123_SB::110+10030,39,PM,sensor_period,4.02161335449374,1.000000192510545,0.0258045022040683,1.7283604460350224,0.1525161417892138,1.7283607787626338,3,0.9999337905197264,0.115976643846092,0.002876835941482,1.3053449933030925,True,False,low,110+10030,29501,34269,34253,mapped_primary_link
corridor-50aa7f5b132e4193b035ecbdb46d829c,daily,state_transition,VA123_SB,VA123_SB::110+10036,40,AM,corridor_period,3.0409034515985227,1.0220999126182315,0.0707445178593852,0.8579574473495276,0.0979686726330696,0.8769182319661132,63,0.9949748201505708,0.6189373680481514,0.5198079819512187,3.1716371692471315,False,False,high,110+10036,40619,40885,40035,mapped_primary_link
corridor-50aa7f5b132e4193b035ecbdb46d829c,daily,state_transition,VA123_SB,VA123_SB::110+10036,40,MD,sensor_period,6.370209931295603,1.0000000000000002,0.6382543762426028,0.0500000000000002,0.3734222715321956,0.0500000000000002,3,0.6046127570021345,-0.0081439573535777,0.3921246046989159,0.8609224340475462,True,True,low,110+10036,40619,40885,40035,mapped_primary_link
corridor-50aa7f5b132e4193b035ecbdb46d829c,daily,state_transition,VA123_SB,VA123_SB::110+10036,40,PM,sensor_period,4.208249326663885,1.0000000000000002,0.0819510214125873,0.7254236920390982,0.1239627168617372,0.7254236920390983,14,0.9031213619007592,0.1790747757631692,0.4276845049489997,0.760546535898411,True,False,low,110+10036,40619,40885,40035,mapped_primary_link
corridor-50aa7f5b132e4193b035ecbdb46d829c,daily,state_transition,VA123_SB,VA123_SB::110+10035,41,PM,sensor_period,4.506835122924289,1.0172662129767465,0.5216167530532054,0.6202688588506702,0.7078259721358052,0.6309785530704294,21,0.9832838822226628,0.2439861894473275,0.2242871186147965,2.997693215247613,False,False,high,110+10035,29434,34249,36435,mapped_primary_link
corridor-50aa7f5b132e4193b035ecbdb46d829c,daily,state_transition,VA123_SB,VA123_SB::110+06995,42,AM,sensor_period,3.0217040318651143,1.0242021933360987,0.013607339472627,1.4158756146821665,0.0347335309931841,1.450142910048572,3,0.9950504529445504,0.627786350139623,0.3944198444565696,3.790760100247366,False,False,low,110+06995,28669,34002,35057,mapped_primary_link
corridor-50aa7f5b132e4193b035ecbdb46d829c,daily,state_transition,VA123_SB,VA123_SB::110+06995,42,MD,sensor_period,6.048977627260279,1.0000000000000002,0.1489909553249222,0.05,0.0869446236033839,0.05,10,0.981602041878019,-0.0309900078456171,0.151989921267538,0.4074483219051618,True,True,low,110+06995,28669,34002,35057,mapped_primary_link
corridor-50aa7f5b132e4193b035ecbdb46d829c,daily,state_transition,VA123_SB,VA123_SB::110+06995,42,PM,sensor_period,4.0146271895616685,1.000445571270584,0.1152043720644079,0.1769453554637373,0.0785741890322622,0.1770241972305952,8,0.9999841325185904,0.0431489231230435,0.0134716115822685,0.7741715655845114,True,False,low,110+06995,28669,34002,35057,mapped_primary_link
corridor-50aa7f5b132e4193b035ecbdb46d829c,daily,state_transition,VA123_SB,VA123_SB::110+06996,43,MD,corridor_period,6.070290402858005,1.0307699132996773,0.0549960842618261,0.7308615242354218,0.1095842557362218,0.7533500699702157,72,0.9865027478464052,0.186010113467587,0.7363472840454324,4.810035476856964,False,False,high,110+06996,32183,35254,34485,mapped_primary_link
corridor-5935408de3b74fd0b8529de5a5a4926b,daily,state_transition,VA234_NB,VA234_NB::110P10058,5,MD,corridor_period,6.2082697573691314,1.0415183845334708,0.0131100593415364,1.5614250540700294,0.1209950254146248,1.6262528998851042,48,0.9936087657380198,0.7575535734051573,0.5422699995258751,3.433977499394673,False,False,high,110P10058,38980,40279,40281,mapped_primary_link
corridor-5935408de3b74fd0b8529de5a5a4926b,daily,state_transition,VA234_NB,VA234_NB::110P13272,9,AM,corridor_period,3.0993580105821645,1.0085443245707124,0.1509055981331574,0.691903996091703,0.1760422710332356,0.6978158484060835,66,0.9959021725552736,0.3317325407031904,0.3757249395641485,5.315590377668964,False,False,high,110P13272,38164,40009,40007,mapped_primary_link
corridor-5935408de3b74fd0b8529de5a5a4926b,daily,state_transition,VA234_NB,VA234_NB::110P13272,9,MD,sensor_period,6.303314780758414,1.0000000000000002,0.0002988457442784,2.592965658983536,0.0188669088739266,2.592965658983536,3,0.995086154193544,0.9328144581178494,0.1582623266644373,0.5671419886190542,True,False,low,110P13272,38164,40009,40007,mapped_primary_link
corridor-5935408de3b74fd0b8529de5a5a4926b,daily,state_transition,VA234_NB,VA234_NB::110P13272,9,PM,sensor_period,4.236856627830722,1.0000000000000002,0.10257540993475,0.725125298986511,0.1558573504320909,0.7251252989865111,15,0.9687510219522648,0.1585637320051294,0.452838534321653,1.528526503881828,True,False,low,110P13272,38164,40009,40007,mapped_primary_link
corridor-5935408de3b74fd0b8529de5a5a4926b,daily,state_transition,VA234_NB,VA234_NB::110+17245,10,AM,sensor_period,3.151686699794857,1.0372424486191807,0.2963347615512485,0.8312412759678426,0.4103844336892995,0.8621987364782172,8,0.9901772566640384,0.208825327006734,0.1079579324953266,5.123858287042567,False,False,medium,110+17245,39228,40422,40921,mapped_primary_link
corridor-5935408de3b74fd0b8529de5a5a4926b,daily,state_transition,VA234_NB,VA234_NB::110+17245,10,MD,sensor_period,6.489988145152967,1.079187797111282,0.1309300599224435,1.0871741870719192,0.5334438346445064,1.1732651160223933,4,0.9942773569994922,0.8575738705276226,0.4094576371927894,3.504699349711106,False,False,low,110+17245,39228,40422,40921,mapped_primary_link
corridor-5935408de3b74fd0b8529de5a5a4926b,daily,state_transition,VA234_NB,VA234_NB::110+17245,10,PM,sensor_period,4.5108231379983135,1.000000077935557,0.5652457787652674,0.5315505640558433,0.6714382758536032,0.5315506054825325,19,0.9952503628470484,0.592654616004199,0.2564976150895656,1.5608118705812064,True,False,low,110+17245,39228,40422,40921,mapped_primary_link
corridor-5935408de3b74fd0b8529de5a5a4926b,daily,state_transition,VA234_NB,VA234_NB::110+17247,12,PM,corridor_period,4.141500777637207,1.0210449539158026,0.0744075439054805,0.9675135332955436,0.1569365748444051,0.9878748110166636,73,0.995039521442401,0.4449342186712125,0.4746355682405411,5.5809878878824914,False,False,high,110+17247,39205,40413,40418,mapped_primary_link
corridor-5935408de3b74fd0b8529de5a5a4926b,daily,state_transition,VA234_NB,VA234_NB::110+10059,13,AM,sensor_period,3.0154411995059665,1.0000151124554717,0.1464900157685179,0.0500000000000224,0.0825608768697443,0.050000755622796,4,0.9997898348939744,-0.032780286948632,0.0044388037453687,0.9064478594560014,True,True,low,110+10059,40636,40890,40193,mapped_primary_link
corridor-5935408de3b74fd0b8529de5a5a4926b,daily,state_transition,VA234_NB,VA234_NB::110+10059,13,MD,corridor_period,6.2082697573691314,1.0415183845334708,0.0131100593415364,1.5614250540700294,0.1209950254146248,1.6262528998851042,48,0.9936087657380198,0.7575535734051573,0.5422699995258751,3.433977499394673,False,False,high,110+10059,40636,40890,40193,mapped_primary_link
corridor-5935408de3b74fd0b8529de5a5a4926b,daily,state_transition,VA234_NB,VA234_NB::110+10059,13,PM,sensor_period,4.029252588903809,1.0010322756317895,0.1651363997756596,0.121064728205528,0.1042588376604412,0.1211897003743238,17,0.9997785445998,-0.0007214686635508,0.0081649558822141,1.291631300785606,False,False,high,110+10059,40636,40890,40193,mapped_primary_link
corridor-5935408de3b74fd0b8529de5a5a4926b,daily,state_transition,VA234_NB,VA234_NB::110+10058,14,AM,sensor_period,3.0928541642014244,1.0000000000000002,0.2306020237688462,0.3343946303813723,0.179405356984605,0.3343946303813724,9,0.9987527874327152,0.2332364101327436,0.1736669729210634,2.3487026144109837,True,False,low,110+10058,38536,40124,40279,mapped_primary_link
corridor-5935408de3b74fd0b8529de5a5a4926b,daily,state_transition,VA234_NB,VA234_NB::110+10058,14,MD,sensor_period,6.024234017523552,1.0180603674423427,0.507398308628198,0.0500000012385954,0.2960348469022575,0.050903019633082,4,0.9990416430823654,-0.0531114116223994,0.0591945308293028,1.187203185467343,False,True,low,110+10058,38536,40124,40279,mapped_primary_link
corridor-5935408de3b74fd0b8529de5a5a4926b,daily,state_transition,VA234_NB,VA234_NB::110+10058,14,PM,sensor_period,4.048082128183129,1.003478241716416,0.2762873039443063,0.1771404798875339,0.1887678770043174,0.1777566172943446,3,0.9999734277574702,0.0944439579268704,0.0206996959106238,1.1206988816895598,False,False,low,110+10058,38536,40124,40279,mapped_primary_link
corridor-5935408de3b74fd0b8529de5a5a4926b,daily,state_transition,VA234_NB,VA234_NB::110+10066,16,MD,corridor_period,6.2082697573691314,1.0415183845334708,0.0131100593415364,1.5614250540700294,0.1209950254146248,1.6262528998851042,48,0.9936087657380198,0.7575535734051573,0.5422699995258751,3.433977499394673,False,False,high,110+10066,38376,40076,40411,mapped_primary_link
corridor-5935408de3b74fd0b8529de5a5a4926b,daily,state_transition,VA234_NB,VA234_NB::110+10062,20,AM,sensor_period,3.0711320397829738,1.0000000000000002,0.4400770418837708,0.0500000000000094,0.2482517765427392,0.0500000000000094,18,0.9995034406564158,-0.0240225169145962,0.0835199734432479,3.775338240603859,True,True,low,110+10062,40850,40964,40523,mapped_primary_link
corridor-5935408de3b74fd0b8529de5a5a4926b,daily,state_transition,VA234_NB,VA234_NB::110+10062,20,MD,sensor_period,6.103818827173129,1.014138604777025,0.0313233008861076,1.4866675790032955,0.2459204983041713,1.50768698433764,11,0.999331634987862,0.7416104449768685,0.066282691701899,2.787248852123164,False,False,high,110+10062,40850,40964,40523,mapped_primary_link
corridor-5935408de3b74fd0b8529de5a5a4926b,daily,state_transition,VA234_NB,VA234_NB::110+10062,20,PM,sensor_period,4.017347510890005,1.001500768360308,0.0485717373327949,0.6663856065954318,0.0654393368682149,0.667385697029575,4,0.999956476949826,0.0432835225783722,0.0061018529422302,2.1365950590308693,False,False,low,110+10062,40850,40964,40523,mapped_primary_link
corridor-5935408de3b74fd0b8529de5a5a4926b,daily,state_transition,VA234_NB,VA234_NB::110+10061,21,AM,sensor_period,3.0942647942405936,1.0000000000000002,0.1018517882698375,0.256125218068141,0.0725456751804815,0.256125218068141,6,0.958276254048032,0.0094126986393884,0.1999631379462294,1.3250772618299096,True,False,low,110+10061,40828,40955,40923,mapped_primary_link
corridor-5935408de3b74fd0b8529de5a5a4926b,daily,state_transition,VA234_NB,VA234_NB::110+10061,21,MD,sensor_period,6.033356559584687,1.0001757089437329,0.112068433575176,0.2571345705795007,0.0948835075483743,0.2571797514232944,13,0.999994952164094,0.1759922846677859,0.0075340572534673,1.810390994851361,True,False,low,110+10061,40828,40955,40923,mapped_primary_link
corridor-5935408de3b74fd0b8529de5a5a4926b,daily,state_transition,VA234_NB,VA234_NB::110+10061,21,PM,sensor_period,4.02305710122732,1.0034103111548056,0.0580204410088313,0.6970197054418114,0.0816520956510333,0.6993967595183989,8,0.999986619016222,0.8206996301447963,0.0125301402288463,1.1022814857442451,False,False,medium,110+10061,40828,40955,40923,mapped_primary_link
corridor-5935408de3b74fd0b8529de5a5a4926b,daily,state_transition,VA234_NB,VA234_NB::110+13273,23,AM,sensor_period,3.1165709887259245,1.0000000000000002,0.1815231619898345,0.5246687031975974,0.1757711765417461,0.5246687031975975,16,0.9971772976912155,0.1911259612583563,0.2433988101973534,3.4578607551528537,True,False,low,110+13273,38499,40112,40945,mapped_primary_link
corridor-5935408de3b74fd0b8529de5a5a4926b,daily,state_transition,VA234_NB,VA234_NB::110+13273,23,MD,corridor_period,6.2082697573691314,1.0415183845334708,0.0131100593415364,1.5614250540700294,0.1209950254146248,1.6262528998851042,48,0.9936087657380198,0.7575535734051573,0.5422699995258751,3.433977499394673,False,False,high,110+13273,38499,40112,40945,mapped_primary_link
corridor-5935408de3b74fd0b8529de5a5a4926b,daily,state_transition,VA234_NB,VA234_NB::110+13273,23,PM,sensor_period,4.0673217850511705,1.0083682525998785,0.2346573760820062,0.2753388090056919,0.1841616612102327,0.2776429137100012,13,0.9969467842381736,-0.0012768525935391,0.186348632137219,4.173872306810534,False,False,high,110+13273,38499,40112,40945,mapped_primary_link
corridor-5935408de3b74fd0b8529de5a5a4926b,daily,state_transition,VA234_NB,VA234_NB::110+13274,24,AM,corridor_period,3.0993580105821645,1.0085443245707124,0.1509055981331574,0.691903996091703,0.1760422710332356,0.6978158484060835,66,0.9959021725552736,0.3317325407031904,0.3757249395641485,5.315590377668964,False,False,high,110+13274,38359,40070,40855,mapped_primary_link
corridor-5935408de3b74fd0b8529de5a5a4926b,daily,state_transition,VA234_NB,VA234_NB::110+13274,24,MD,sensor_period,6.199917707434229,1.0656101093200232,0.1545281285535494,0.0500000000000717,0.0902870720157865,0.0532805054660776,8,0.984002991298566,-0.0384315787225582,0.1823287791536691,0.9606360877168336,False,True,low,110+13274,38359,40070,40855,mapped_primary_link
corridor-5935408de3b74fd0b8529de5a5a4926b,daily,state_transition,VA234_NB,VA234_NB::110P17245,26,AM,sensor_period,3.312177680732634,1.000004492987178,1.0734415518713316,0.0500000247683479,0.6078309702672235,0.0500002494178181,6,0.8403766880118113,-0.0333220628914101,0.330014629335238,0.607953798030741,True,True,low,110P17245,40579,40873,40174,mapped_primary_link
corridor-5935408de3b74fd0b8529de5a5a4926b,daily,state_transition,VA234_NB,VA234_NB::110P17245,26,MD,sensor_period,6.673138579288752,1.0000000000000002,1.2355269593669111,0.05,0.724548499409556,0.05,17,0.8295391351761583,-0.021364468322111,0.4127797670381634,1.350002931076418,True,True,low,110P17245,40579,40873,40174,mapped_primary_link
corridor-e83865dfeae441df90ae3024f47c2832,daily,state_transition,VA234_SB,VA234_SB::110N17245,1,AM,corridor_period,3.100224349130135,1.003892879669322,0.1945483583950425,0.792486277336144,0.2543598763356038,0.7955713310534026,24,0.9992577246963676,0.4374362902635064,0.1020979457133287,4.566581814463765,False,False,high,110N17245,38698,40174,40873,mapped_primary_link
corridor-e83865dfeae441df90ae3024f47c2832,daily,state_transition,VA234_SB,VA234_SB::110N17245,1,MD,sensor_period,6.267878837295863,1.0139966941396454,0.7041368492050324,0.0867522025504652,0.4403599032694236,0.0879664465955046,17,0.9815822723474396,0.0061603364317115,0.2627747065581938,1.0237980553478854,False,False,high,110N17245,38698,40174,40873,mapped_primary_link
corridor-e83865dfeae441df90ae3024f47c2832,daily,state_transition,VA234_SB,VA234_SB::110N17245,1,PM,sensor_period,4.028215482672901,1.03267817680212,0.0881549292963576,0.8419807218628121,0.1519632428142124,0.8694951167558218,5,0.9466109111102904,-0.0173175189999148,0.1812023445410443,3.549732467574834,False,False,medium,110N17245,38698,40174,40873,mapped_primary_link
corridor-e83865dfeae441df90ae3024f47c2832,daily,state_transition,VA234_SB,VA234_SB::110N10058,5,AM,corridor_period,3.100224349130135,1.003892879669322,0.1945483583950425,0.792486277336144,0.2543598763356038,0.7955713310534026,24,0.9992577246963676,0.4374362902635064,0.1020979457133287,4.566581814463765,False,False,high,110N10058,38983,40281,40279,mapped_primary_link
corridor-e83865dfeae441df90ae3024f47c2832,daily,state_transition,VA234_SB,VA234_SB::110N10058,5,PM,sensor_period,4.6531379503417325,1.0993905614298132,0.309356462341624,1.3272721177354194,1.269809210211116,1.4591904386872798,13,0.975679616874338,0.3754585939441994,0.1406673166133003,4.379786086854116,False,False,high,110N10058,38983,40281,40279,mapped_primary_link
corridor-e83865dfeae441df90ae3024f47c2832,daily,state_transition,VA234_SB,VA234_SB::110-13274,9,AM,sensor_period,3.480773218613655,1.143669162786781,0.1336177105718886,2.012562081954598,0.8770387591109021,2.301705191325437,3,0.9986818800497718,0.9682883755685616,0.0267204348712168,1.0027090849453488,False,False,low,110-13274,38938,40259,40659,mapped_primary_link
corridor-e83865dfeae441df90ae3024f47c2832,daily,state_transition,VA234_SB,VA234_SB::110-13272,10,MD,corridor_period,6.259899039437186,1.027917716957512,0.0635537852527361,0.9977171480652294,0.2112949092793823,1.0255711330085706,26,0.9959864124768776,0.5482977387021322,0.4312832117204381,3.0604912032658245,False,False,high,110-13272,40796,40945,40112,mapped_primary_link
corridor-e83865dfeae441df90ae3024f47c2832,daily,state_transition,VA234_SB,VA234_SB::110-13272,10,PM,sensor_period,4.14278670809307,1.0000000000013065,0.4624208929778811,0.0500000000014098,0.2647895275245086,0.0500000000014752,11,0.9315180523500084,-0.0047753929893226,0.1744153086338562,4.932365524031101,True,True,low,110-13272,40796,40945,40112,mapped_primary_link
corridor-e83865dfeae441df90ae3024f47c2832,daily,state_transition,VA234_SB,VA234_SB::110-13273,11,AM,sensor_period,3.0293338898040454,1.006307376300482,0.1176267901952452,0.594184166302222,0.1212031271570996,0.5979319094308783,3,0.9999997742243096,0.9294146258140128,0.002328465661983,0.7261430472822967,False,False,low,110-13273,40530,40855,40070,mapped_primary_link
corridor-e83865dfeae441df90ae3024f47c2832,daily,state_transition,VA234_SB,VA234_SB::110-13273,11,PM,sensor_period,4.127119098551965,1.0000000108664762,0.1041560491727666,0.6760899310364189,0.1448491546064025,0.676089938383134,19,0.9936423761092772,-0.000404494671315,0.2374398508476884,3.874716829395233,True,False,low,110-13273,40530,40855,40070,mapped_primary_link
corridor-e83865dfeae441df90ae3024f47c2832,daily,state_transition,VA234_SB,VA234_SB::110-10063,12,PM,corridor_period,4.283418931821579,1.0012928800259775,0.3115043040421802,0.640146740572966,0.4216008153321886,0.6409743735075475,130,0.9959439089002076,0.2318566656191553,0.3799913300421469,5.845331954220197,False,False,high,110-10063,39339,40461,40075,mapped_primary_link
corridor-e83865dfeae441df90ae3024f47c2832,daily,state_transition,VA234_SB,VA234_SB::110-10062,13,AM,corridor_period,3.100224349130135,1.003892879669322,0.1945483583950425,0.792486277336144,0.2543598763356038,0.7955713310534026,24,0.9992577246963676,0.4374362902635064,0.1020979457133287,4.566581814463765,False,False,high,110-10062,40348,40794,40241,mapped_primary_link
corridor-e83865dfeae441df90ae3024f47c2832,daily,state_transition,VA234_SB,VA234_SB::110-10062,13,PM,sensor_period,4.245171909800491,1.047468028116146,0.0255023439742456,3.510841918982537,2.177809577399868,3.677494661904144,7,0.972044060013208,0.369399513200111,0.0492417495303893,4.574106927121019,False,False,medium,110-10062,40348,40794,40241,mapped_primary_link
corridor-e83865dfeae441df90ae3024f47c2832,daily,state_transition,VA234_SB,VA234_SB::110-10064,15,PM,sensor_period,4.062777875062536,1.0000000000000002,0.0165702514585054,3.506388433845004,1.2053079703583298,3.5063884338450046,4,0.999515281361276,0.935390456351409,0.0098267513099857,1.0299521755042509,True,False,low,110-10064,38374,40076,40074,mapped_primary_link
corridor-e83865dfeae441df90ae3024f47c2832,daily,state_transition,VA234_SB,VA234_SB::110-10067,16,PM,corridor_period,4.283418931821579,1.0012928800259775,0.3115043040421802,0.640146740572966,0.4216008153321886,0.6409743735075475,130,0.9959439089002076,0.2318566656191553,0.3799913300421469,5.845331954220197,False,False,high,110-10067,40726,40921,40422,mapped_primary_link
corridor-e83865dfeae441df90ae3024f47c2832,daily,state_transition,VA234_SB,VA234_SB::110-10066,17,PM,sensor_period,4.660170751618109,1.0000000215319669,0.741564780902307,0.8262259332995554,1.4105833370087415,0.8262259510898247,12,0.9449102865293976,0.3266525382358702,0.1696003847195525,3.0521540422627638,True,False,low,110-10066,39278,40442,40411,mapped_primary_link
corridor-e83865dfeae441df90ae3024f47c2832,daily,state_transition,VA234_SB,VA234_SB::110-10061,18,AM,sensor_period,3.053378619783277,1.0000000000000002,0.1536021574962678,0.8109803733770024,0.2025553155613021,0.8109803733770026,9,0.9988517922262852,0.1999482707412369,0.0080969899554498,1.371694518972723,True,False,low,110-10061,39530,40523,40964,mapped_primary_link
corridor-e83865dfeae441df90ae3024f47c2832,daily,state_transition,VA234_SB,VA234_SB::110-10061,18,MD,sensor_period,6.415956300415006,1.040617221978293,0.0664814193466686,1.5166822199994123,0.5943715574974899,1.5782856383996586,4,0.9904736027842754,0.9622691862590682,0.261100134191902,1.7459228900535733,False,False,low,110-10061,39530,40523,40964,mapped_primary_link
corridor-e83865dfeae441df90ae3024f47c2832,daily,state_transition,VA234_SB,VA234_SB::110-10061,18,PM,corridor_period,4.283418931821579,1.0012928800259775,0.3115043040421802,0.640146740572966,0.4216008153321886,0.6409743735075475,130,0.9959439089002076,0.2318566656191553,0.3799913300421469,5.845331954220197,False,False,high,110-10061,39530,40523,40964,mapped_primary_link
corridor-e83865dfeae441df90ae3024f47c2832,daily,state_transition,VA234_SB,VA234_SB::110-10060,19,PM,corridor_period,4.283418931821579,1.0012928800259775,0.3115043040421802,0.640146740572966,0.4216008153321886,0.6409743735075475,130,0.9959439089002076,0.2318566656191553,0.3799913300421469,5.845331954220197,False,False,high,110-10060,40733,40923,40955,mapped_primary_link
corridor-e83865dfeae441df90ae3024f47c2832,daily,state_transition,VA234_SB,VA234_SB::110-10058,20,AM,corridor_period,3.100224349130135,1.003892879669322,0.1945483583950425,0.792486277336144,0.2543598763356038,0.7955713310534026,24,0.9992577246963676,0.4374362902635064,0.1020979457133287,4.566581814463765,False,False,high,110-10058,38758,40193,40890,mapped_primary_link
corridor-e83865dfeae441df90ae3024f47c2832,daily,state_transition,VA234_SB,VA234_SB::110-10058,20,MD,sensor_period,6.033858863973635,1.002049295071501,0.0434538935057183,0.9483432593701704,0.1274381828093675,0.950286694537689,8,0.9999769686746884,0.6306056667828266,0.0034688568454261,0.6473390593385431,False,False,medium,110-10058,38758,40193,40890,mapped_primary_link
corridor-e83865dfeae441df90ae3024f47c2832,daily,state_transition,VA234_SB,VA234_SB::110-10058,20,PM,sensor_period,4.032744167350935,1.000024375460135,0.0523043792304559,0.8286738698713929,0.0885894962738877,0.8286940691782729,15,0.995650086173428,-0.0504058288274322,0.0460366667022875,4.188684847423834,True,False,low,110-10058,38758,40193,40890,mapped_primary_link
corridor-e83865dfeae441df90ae3024f47c2832,daily,state_transition,VA234_SB,VA234_SB::110-10057,21,MD,sensor_period,6.681324334420699,1.01528124915298,0.0263344734955111,1.596815343398233,0.2915255013868201,1.6212166765120026,4,0.9830438297722344,0.9978519501239872,0.6681002426567004,0.2329043185245957,False,False,low,110-10057,38979,40279,40124,mapped_primary_link
corridor-e83865dfeae441df90ae3024f47c2832,daily,state_transition,VA234_SB,VA234_SB::110-10057,21,PM,sensor_period,4.323105889772138,1.000000000000017,1.4900605828455389,0.125190932946386,0.954549672067441,0.1251909329463882,18,0.9473509204274098,-0.0662566725963929,0.6004164784788857,2.503185563226641,True,False,low,110-10057,38979,40279,40124,mapped_primary_link
corridor-e83865dfeae441df90ae3024f47c2832,daily,state_transition,VA234_SB,VA234_SB::110-17245,23,AM,sensor_period,3.176146040765854,1.000000000079336,0.7931541410559992,0.0500000005633209,0.44817883917332,0.0500000005672877,3,0.9910259551222376,-0.1509470048422829,0.0590754292523722,5.091270978965412,True,True,low,110-17245,40921,40994,40174,mapped_primary_link
corridor-e83865dfeae441df90ae3024f47c2832,daily,state_transition,VA234_SB,VA234_SB::110-17245,23,PM,sensor_period,4.540428184802914,1.011439532287334,0.6013015406174527,0.6209360854127278,0.8205521089139685,0.6280393038101775,22,0.957951013084404,0.2858320550874567,0.2128542097794482,2.671069502115842,False,False,high,110-17245,40921,40994,40174,mapped_primary_link
corridor-e83865dfeae441df90ae3024f47c2832,daily,state_transition,VA234_SB,VA234_SB::110N13272,25,MD,corridor_period,6.259899039437186,1.027917716957512,0.0635537852527361,0.9977171480652294,0.2112949092793823,1.0255711330085706,26,0.9959864124768776,0.5482977387021322,0.4312832117204381,3.0604912032658245,False,False,high,110N13272,40364,40799,40007,mapped_primary_link
corridor-e83865dfeae441df90ae3024f47c2832,daily,state_transition,VA234_SB,VA234_SB::110N13272,25,PM,sensor_period,4.375074344939588,1.0001986227525423,1.4068187454043868,0.1979716868955444,1.0049254448365956,0.198011008576921,14,0.933807458311514,-0.0682909063967034,0.3751862039920708,2.5831193851648417,True,False,low,110N13272,40364,40799,40007,mapped_primary_link
corridor-71f1bf98cb7c48dc9601c8cca9a69feb,daily,state_transition,VA236_EB,VA236_EB::110+06694,1,MD,corridor_period,6.1405150834619935,1.025551220962855,0.1160598135149475,0.5601508490177256,0.1710780083495879,0.5744633871335083,71,0.9871227925745354,0.2451762005180732,0.7610666180520015,3.719256374228137,False,False,high,110+06694,28518,32349,32348,mapped_primary_link
corridor-71f1bf98cb7c48dc9601c8cca9a69feb,daily,state_transition,VA236_EB,VA236_EB::110+06694,1,PM,sensor_period,4.446136346384845,1.0000000019895725,0.966402120774387,0.2268035912467125,0.7229719089261487,0.2268035916979547,20,0.968056695056712,0.0155745157986797,0.3929706284637667,1.2357184968842478,True,False,low,110+06694,28518,32349,32348,mapped_primary_link
corridor-71f1bf98cb7c48dc9601c8cca9a69feb,daily,state_transition,VA236_EB,VA236_EB::110+06695,2,AM,sensor_period,3.184834431540925,1.0000002162487376,0.4533071063953051,0.2574435997494255,0.3257674944163615,0.257443655421279,16,0.9901366972801146,0.0370223519068168,0.2393925119198985,1.2988612480532504,True,False,low,110+06695,27855,32105,32090,mapped_primary_link
corridor-71f1bf98cb7c48dc9601c8cca9a69feb,daily,state_transition,VA236_EB,VA236_EB::110+06695,2,MD,corridor_period,6.1405150834619935,1.025551220962855,0.1160598135149475,0.5601508490177256,0.1710780083495879,0.5744633871335083,71,0.9871227925745354,0.2451762005180732,0.7610666180520015,3.719256374228137,False,False,high,110+06695,27855,32105,32090,mapped_primary_link
corridor-71f1bf98cb7c48dc9601c8cca9a69feb,daily,state_transition,VA236_EB,VA236_EB::110+06695,2,PM,corridor_period,4.124644698456275,1.0264820912492367,0.1168038364933749,0.7064787159153473,0.1695170284991659,0.7251877497358611,273,0.9828801714778704,0.2658065500441046,0.9156208615129496,4.622055840782416,False,False,high,110+06695,27855,32105,32090,mapped_primary_link
corridor-71f1bf98cb7c48dc9601c8cca9a69feb,daily,state_transition,VA236_EB,VA236_EB::110+06696,3,PM,sensor_period,4.61478740040573,1.0000000000000002,0.071552477780613,1.0014723258911833,0.1765033494909057,1.0014723258911835,23,,-0.0038341386532771,0.303704042677113,1.2867390806980925,True,False,low,110+06696,28071,32168,32089,mapped_primary_link
corridor-71f1bf98cb7c48dc9601c8cca9a69feb,daily,state_transition,VA236_EB,VA236_EB::110+06697,4,AM,sensor_period,4.135684338560647,1.0000000000250902,0.1218014553963204,0.994557543321778,0.2665895100285746,0.9945575433467316,5,,-0.0038544772980577,0.4559754085867767,0.7261685351946614,True,False,low,110+06697,27776,32078,32063,mapped_primary_link
corridor-71f1bf98cb7c48dc9601c8cca9a69feb,daily,state_transition,VA236_EB,VA236_EB::110+06690,5,MD,corridor_period,6.1405150834619935,1.025551220962855,0.1160598135149475,0.5601508490177256,0.1710780083495879,0.5744633871335083,71,0.9871227925745354,0.2451762005180732,0.7610666180520015,3.719256374228137,False,False,high,110+06690,34436,36224,36223,mapped_primary_link
corridor-71f1bf98cb7c48dc9601c8cca9a69feb,daily,state_transition,VA236_EB,VA236_EB::110+06690,5,PM,sensor_period,4.214009459882781,1.0000000000000002,0.1193502052522762,0.6157835682196615,0.1543473317211157,0.6157835682196616,21,0.9622315223605266,0.0463911341203233,0.4109854316137692,2.000750844134062,True,False,low,110+06690,34436,36224,36223,mapped_primary_link
corridor-71f1bf98cb7c48dc9601c8cca9a69feb,daily,state_transition,VA236_EB,VA236_EB::110+06691,6,AM,corridor_period,3.0133182812640573,1.0362695203125605,0.070868759404915,0.8516954399748067,0.0967061303808695,0.8825860250350881,69,0.9685852178314378,0.5569022385269896,1.5099406354716771,3.962400745235147,False,False,high,110+06691,28774,34044,34045,mapped_primary_link
corridor-71f1bf98cb7c48dc9601c8cca9a69feb,daily,state_transition,VA236_EB,VA236_EB::110+06691,6,MD,corridor_period,6.1405150834619935,1.025551220962855,0.1160598135149475,0.5601508490177256,0.1710780083495879,0.5744633871335083,71,0.9871227925745354,0.2451762005180732,0.7610666180520015,3.719256374228137,False,False,high,110+06691,28774,34044,34045,mapped_primary_link
corridor-71f1bf98cb7c48dc9601c8cca9a69feb,daily,state_transition,VA236_EB,VA236_EB::110+06691,6,PM,sensor_period,3.900587283142785,1.0370356866984212,0.0026608368067372,1.8173876485912157,0.0168395053028855,1.88469584815402,19,0.9578319302024494,0.0070700296719303,0.2739255708816354,3.1587823545239715,False,False,high,110+06691,28774,34044,34045,mapped_primary_link
corridor-71f1bf98cb7c48dc9601c8cca9a69feb,daily,state_transition,VA236_EB,VA236_EB::110+06692,7,MD,sensor_period,7.10523347629757,1.0000000000000016,1.4647788122180403,0.0500000682555649,0.8616874209033863,0.050000068255565,4,0.9214360528773564,-0.0256109435848137,0.5158236062786056,1.1607188185631354,True,True,low,110+06692,27978,32142,32148,mapped_primary_link
corridor-71f1bf98cb7c48dc9601c8cca9a69feb,daily,state_transition,VA236_EB,VA236_EB::110+06692,7,PM,sensor_period,4.6835540334596,1.0000000000476443,1.4592653560457267,0.0500000026380317,0.8407401320352079,0.0500000026404139,19,0.6484839304302692,-0.0057559937808195,0.5597295928663791,1.3875504070376634,True,True,low,110+06692,27978,32142,32148,mapped_primary_link
corridor-71f1bf98cb7c48dc9601c8cca9a69feb,daily,state_transition,VA236_EB,VA236_EB::110+06693,8,AM,corridor_period,3.0133182812640573,1.0362695203125605,0.070868759404915,0.8516954399748067,0.0967061303808695,0.8825860250350881,69,0.9685852178314378,0.5569022385269896,1.5099406354716771,3.962400745235147,False,False,high,110+06693,28402,32311,32116,mapped_primary_link
corridor-71f1bf98cb7c48dc9601c8cca9a69feb,daily,state_transition,VA236_EB,VA236_EB::110+06693,8,MD,corridor_period,6.1405150834619935,1.025551220962855,0.1160598135149475,0.5601508490177256,0.1710780083495879,0.5744633871335083,71,0.9871227925745354,0.2451762005180732,0.7610666180520015,3.719256374228137,False,False,high,110+06693,28402,32311,32116,mapped_primary_link
corridor-71f1bf98cb7c48dc9601c8cca9a69feb,daily,state_transition,VA236_EB,VA236_EB::110+06693,8,PM,sensor_period,4.160311176271671,1.0000000000000002,0.664313407355961,0.050000000726036,0.3804766742135276,0.050000000726036,19,0.9891165115123052,-0.0228622550220773,0.3127309635317145,2.7651998122944166,True,True,low,110+06693,28402,32311,32116,mapped_primary_link
corridor-71f1bf98cb7c48dc9601c8cca9a69feb,daily,state_transition,VA236_EB,VA236_EB::110+06687,9,AM,sensor_period,3.0244672173121816,1.015921738374575,0.0382506937750445,1.3058878598560932,0.0865588710986354,1.3266798647072555,5,0.9996183106309812,0.379498135432837,0.0108776699892848,1.0457116801175028,False,False,medium,110+06687,29596,34298,36237,mapped_primary_link
corridor-71f1bf98cb7c48dc9601c8cca9a69feb,daily,state_transition,VA236_EB,VA236_EB::110+06687,9,MD,sensor_period,6.1629943921956825,1.0272886208316392,0.0421128334669115,1.3417506547142817,0.257701424244447,1.3783651795813834,7,0.9966065299018232,0.7947235059426563,0.185104456504475,2.1873197107211224,False,False,medium,110+06687,29596,34298,36237,mapped_primary_link
corridor-71f1bf98cb7c48dc9601c8cca9a69feb,daily,state_transition,VA236_EB,VA236_EB::110+06687,9,PM,sensor_period,4.099927356846529,1.0000000000000002,0.3098865143170173,0.1509361551960724,0.2044991384960402,0.1509361551960724,17,0.9979724735406004,0.0717776233350196,0.1133000813757248,1.163062978637522,True,False,low,110+06687,29596,34298,36237,mapped_primary_link
corridor-71f1bf98cb7c48dc9601c8cca9a69feb,daily,state_transition,VA236_EB,VA236_EB::110+06689,11,PM,sensor_period,4.368578450986429,1.0000000000000002,1.4903950291596242,0.0503308556133687,0.8561088536559633,0.0503308556133687,22,0.9612252575200158,0.0004679612896615,0.4684760924774802,1.2958680979866375,True,True,low,110+06689,34242,36158,34062,mapped_primary_link
corridor-71f1bf98cb7c48dc9601c8cca9a69feb,daily,state_transition,VA236_EB,VA236_EB::110+06685,12,MD,sensor_period,6.294743878923168,1.0000000000000002,0.3732042497896725,0.0956338550876415,0.237331104783072,0.0956338550876416,9,0.9557901849596936,0.0077807565275983,0.4101742400940376,0.6874003949534341,True,False,low,110+06685,34669,36300,34303,mapped_primary_link
corridor-71f1bf98cb7c48dc9601c8cca9a69feb,daily,state_transition,VA236_EB,VA236_EB::110+06685,12,PM,sensor_period,4.178420153800236,1.0000000000000002,4.5399929763230426e-05,2.9603110240489383,0.0016689483519786,2.9603110240489388,13,-11.315049980414756,0.0451477696472728,0.3165381692032512,0.604226085814461,True,False,low,110+06685,34669,36300,34303,mapped_primary_link
corridor-71f1bf98cb7c48dc9601c8cca9a69feb,daily,state_transition,VA236_EB,VA236_EB::110+06686,13,AM,sensor_period,3.032775387998895,1.032811427546954,0.121550538274591,0.8034360880562202,0.1580823769673615,0.829797973048085,13,0.9951123509294362,0.4885023547282542,0.3008879802884282,3.4131761009056527,False,False,high,110+06686,31551,34972,36270,mapped_primary_link
corridor-71f1bf98cb7c48dc9601c8cca9a69feb,daily,state_transition,VA236_EB,VA236_EB::110+06686,13,MD,corridor_period,6.1405150834619935,1.025551220962855,0.1160598135149475,0.5601508490177256,0.1710780083495879,0.5744633871335083,71,0.9871227925745354,0.2451762005180732,0.7610666180520015,3.719256374228137,False,False,high,110+06686,31551,34972,36270,mapped_primary_link
corridor-71f1bf98cb7c48dc9601c8cca9a69feb,daily,state_transition,VA236_EB,VA236_EB::110+06686,13,PM,sensor_period,4.127162969325756,1.0000000000000002,0.4624311640364675,0.0500000000000005,0.2647453879320593,0.0500000000000005,17,0.9931612317881016,-0.0358066914450756,0.2324176986134218,3.7789599817874944,True,True,low,110+06686,31551,34972,36270,mapped_primary_link
corridor-71f1bf98cb7c48dc9601c8cca9a69feb,daily,state_transition,VA236_EB,VA236_EB::110+07888,15,AM,sensor_period,3.0099726397496367,1.0000366889794954,0.0021617017759949,3.238040426789926,0.0408695056174554,3.2381592271887496,6,0.999211104979917,0.048003686990611,0.0074935963198264,1.1406640681916629,True,False,low,110+07888,34303,36178,34057,mapped_primary_link
corridor-71f1bf98cb7c48dc9601c8cca9a69feb,daily,state_transition,VA236_EB,VA236_EB::110+07888,15,MD,sensor_period,6.029027678014882,1.0053628349323658,0.0184024610906758,1.0547769449434947,0.0652922261017369,1.0604335395896918,4,0.9999922941400332,0.9865224608236292,0.0085137092570614,0.1913901318102867,False,False,low,110+07888,34303,36178,34057,mapped_primary_link
corridor-71f1bf98cb7c48dc9601c8cca9a69feb,daily,state_transition,VA236_EB,VA236_EB::110+07888,15,PM,sensor_period,4.014758956981748,1.0044263812839918,0.1895162363671013,0.0500000263448899,0.1083498066606994,0.050221345525702,16,0.9974206522691188,-0.0512064051589475,0.1210367261009654,1.0862261317195727,False,True,low,110+07888,34303,36178,34057,mapped_primary_link
corridor-71f1bf98cb7c48dc9601c8cca9a69feb,daily,state_transition,VA236_EB,VA236_EB::110+07889,16,MD,sensor_period,6.305151442309672,1.0000000000000002,0.4460230350290674,0.1160635884858582,0.2945584925147976,0.1160635884858583,17,0.9640573514831796,-0.0148866344187952,0.3441146013896272,2.4468901436616752,True,False,low,110+07889,27896,32117,32115,mapped_primary_link
corridor-71f1bf98cb7c48dc9601c8cca9a69feb,daily,state_transition,VA236_EB,VA236_EB::110+07889,16,PM,sensor_period,4.216639814516976,1.0000002502509957,0.6635831323614033,0.05,0.3803140687641101,0.0500000125125498,3,0.993165080688218,-0.1890828220159306,0.2728088652344608,0.6769778014585491,True,True,low,110+07889,27896,32117,32115,mapped_primary_link
corridor-71f1bf98cb7c48dc9601c8cca9a69feb,daily,state_transition,VA236_EB,VA236_EB::110P06688,18,PM,sensor_period,4.254665653069978,1.00000003981232,0.1221510100466034,1.4113622199932494,0.5028665062171882,1.4113622761828537,15,0.9676250150779312,0.3085448929352081,0.1842763195928967,4.076884854858911,True,False,low,110P06688,31696,35024,35022,mapped_primary_link
corridor-71f1bf98cb7c48dc9601c8cca9a69feb,daily,state_transition,VA236_EB,VA236_EB::110P06694,22,AM,sensor_period,3.0373915365553423,1.0000000000000002,0.2191391518513265,0.1896281883290015,0.1442827638123509,0.1896281883290015,19,0.9998700827502056,0.0026783980174353,0.0563108922597622,3.567470353318648,True,False,low,110P06694,28049,32161,32105,mapped_primary_link
corridor-71f1bf98cb7c48dc9601c8cca9a69feb,daily,state_transition,VA236_EB,VA236_EB::110P06694,22,MD,sensor_period,6.0592763897018775,1.0000000000000004,0.201427999338397,0.05,0.1175545938269168,0.05,4,0.9999376705544016,-0.1122024534330949,0.0301720196521945,2.10495789604197,True,True,low,110P06694,28049,32161,32105,mapped_primary_link
corridor-71f1bf98cb7c48dc9601c8cca9a69feb,daily,state_transition,VA236_EB,VA236_EB::110P06694,22,PM,sensor_period,4.073970872999415,1.0000000000059344,0.1065643322234655,0.356582755970092,0.0937848021905099,0.356582755972208,10,0.9965820703834344,0.1522897754826186,0.1624915575898274,2.0208699152274363,True,False,low,110P06694,28049,32161,32105,mapped_primary_link
corridor-71f1bf98cb7c48dc9601c8cca9a69feb,daily,state_transition,VA236_EB,VA236_EB::110P06692,23,AM,corridor_period,3.0133182812640573,1.0362695203125605,0.070868759404915,0.8516954399748067,0.0967061303808695,0.8825860250350881,69,0.9685852178314378,0.5569022385269896,1.5099406354716771,3.962400745235147,False,False,high,110P06692,28004,32148,32146,mapped_primary_link
corridor-71f1bf98cb7c48dc9601c8cca9a69feb,daily,state_transition,VA236_EB,VA236_EB::110P06692,23,MD,sensor_period,6.208273095698629,1.0000000000000002,0.4894559602012456,0.0500000000171719,0.2859966130390554,0.050000000017172,9,0.9592914627074586,-0.0193647891904429,0.4331119312523031,2.51093034971958,True,True,low,110P06692,28004,32148,32146,mapped_primary_link
corridor-71f1bf98cb7c48dc9601c8cca9a69feb,daily,state_transition,VA236_EB,VA236_EB::110P06692,23,PM,sensor_period,4.035894298122545,1.0173431556083672,0.1535988469884603,0.4370114925220945,0.1507264021563851,0.44459065083955,8,0.9976464861067872,0.1926551509457549,0.1915727205848708,1.8830651251684956,False,False,medium,110P06692,28004,32148,32146,mapped_primary_link
corridor-71f1bf98cb7c48dc9601c8cca9a69feb,daily,state_transition,VA236_EB,VA236_EB::110P06691,24,MD,corridor_period,6.1405150834619935,1.025551220962855,0.1160598135149475,0.5601508490177256,0.1710780083495879,0.5744633871335083,71,0.9871227925745354,0.2451762005180732,0.7610666180520015,3.719256374228137,False,False,high,110P06691,28272,32240,32142,mapped_primary_link
corridor-71f1bf98cb7c48dc9601c8cca9a69feb,daily,state_transition,VA236_EB,VA236_EB::110P06691,24,PM,sensor_period,4.332351413807435,1.000000000107902,1.778908547286861,0.0500000002672363,1.0209125292202614,0.0500000002726314,16,0.856363785819076,-0.1592669630344692,0.7242988534695877,5.087744254585063,True,True,low,110P06691,28272,32240,32142,mapped_primary_link
corridor-71f1bf98cb7c48dc9601c8cca9a69feb,daily,state_transition,VA236_EB,VA236_EB::110+10077,25,AM,corridor_period,3.0133182812640573,1.0362695203125605,0.070868759404915,0.8516954399748067,0.0967061303808695,0.8825860250350881,69,0.9685852178314378,0.5569022385269896,1.5099406354716771,3.962400745235147,False,False,high,110+10077,29819,34363,36310,mapped_primary_link
corridor-71f1bf98cb7c48dc9601c8cca9a69feb,daily,state_transition,VA236_EB,VA236_EB::110+10077,25,MD,sensor_period,6.3717280727704,1.0000000000000002,0.0291999723449149,1.0114744586302933,0.1013600503218751,1.0114744586302935,9,,-0.0263341538839418,0.3478280328010109,1.5912225378800189,True,False,low,110+10077,29819,34363,36310,mapped_primary_link
corridor-71f1bf98cb7c48dc9601c8cca9a69feb,daily,state_transition,VA236_EB,VA236_EB::110+10077,25,PM,sensor_period,4.2454610356867,1.0000000000000002,0.2296800691954858,0.3450217716378908,0.201729673532583,0.3450217716378908,13,0.9515338628444554,0.0231110363188222,0.2046219782730193,0.7068259910170372,True,False,low,110+10077,29819,34363,36310,mapped_primary_link
corridor-07f383ff8b624e398c083c85fa4debf3,daily,state_transition,VA236_WB,VA236_WB::110N06688,3,MD,corridor_period,6.1927117392367865,1.0281373576274824,0.0612699607206169,0.8061862290598315,0.1421182261112843,0.8288701793012394,72,0.990089124310126,0.3741376646188782,0.7908787044253549,4.361288209831887,False,False,high,110N06688,31691,35022,35024,mapped_primary_link
corridor-07f383ff8b624e398c083c85fa4debf3,daily,state_transition,VA236_WB,VA236_WB::110N06694,6,AM,sensor_period,3.063267915018899,1.0000000000000002,0.4021240368197846,0.0500000000028336,0.226813035402411,0.0500000000028336,13,0.9914172898312584,-0.0041749161167048,0.2544626019085955,2.038542345347875,True,True,low,110N06694,27816,32090,32105,mapped_primary_link
corridor-07f383ff8b624e398c083c85fa4debf3,daily,state_transition,VA236_WB,VA236_WB::110N06694,6,MD,corridor_period,6.1927117392367865,1.0281373576274824,0.0612699607206169,0.8061862290598315,0.1421182261112843,0.8288701793012394,72,0.990089124310126,0.3741376646188782,0.7908787044253549,4.361288209831887,False,False,high,110N06694,27816,32090,32105,mapped_primary_link
corridor-07f383ff8b624e398c083c85fa4debf3,daily,state_transition,VA236_WB,VA236_WB::110N06694,6,PM,sensor_period,3.810315693238956,1.0552835699995398,0.0337009278158225,1.0484271997928216,0.0730694531947117,1.1063879982819895,7,0.9932694057486346,0.0924517505573523,0.1591940568689225,3.395119038989169,False,False,medium,110N06694,27816,32090,32105,mapped_primary_link
corridor-07f383ff8b624e398c083c85fa4debf3,daily,state_transition,VA236_WB,VA236_WB::110N06692,8,AM,sensor_period,3.1953536032440937,1.0000000000854226,0.7216113669055702,0.05,0.4078758950559345,0.0500000000042711,3,0.969345867223898,-0.183383388667145,0.4759201414815973,4.878327236130642,True,True,low,110N06692,27975,32141,32146,mapped_primary_link
corridor-07f383ff8b624e398c083c85fa4debf3,daily,state_transition,VA236_WB,VA236_WB::110N06692,8,MD,sensor_period,6.538824030721722,1.0000000000000002,1.3007126608473054,0.05,0.7620001871925892,0.05,4,0.8137593084738618,-0.0285696629357652,0.9374557392959758,2.4572053652233428,True,True,low,110N06692,27975,32141,32146,mapped_primary_link
corridor-07f383ff8b624e398c083c85fa4debf3,daily,state_transition,VA236_WB,VA236_WB::110N06692,8,PM,sensor_period,4.268258311379744,1.0000000000000002,0.0125594587501132,1.5572723986132988,0.0641861996808148,1.5572723986132992,16,0.944389977469924,0.1434078604760911,0.5377952291401348,2.9310746423965472,True,False,low,110N06692,27975,32141,32146,mapped_primary_link
corridor-07f383ff8b624e398c083c85fa4debf3,daily,state_transition,VA236_WB,VA236_WB::110N06691,9,AM,corridor_period,3.0554485511842104,1.0106383971752193,0.1441004686014485,0.4576029801791714,0.1281255891378172,0.4624711424308815,89,0.9958562526561616,0.1685130129766746,0.4840963626983387,4.130963072278882,False,False,high,110N06691,27979,32142,32240,mapped_primary_link
corridor-07f383ff8b624e398c083c85fa4debf3,daily,state_transition,VA236_WB,VA236_WB::110N06691,9,MD,corridor_period,6.1927117392367865,1.0281373576274824,0.0612699607206169,0.8061862290598315,0.1421182261112843,0.8288701793012394,72,0.990089124310126,0.3741376646188782,0.7908787044253549,4.361288209831887,False,False,high,110N06691,27979,32142,32240,mapped_primary_link
corridor-07f383ff8b624e398c083c85fa4debf3,daily,state_transition,VA236_WB,VA236_WB::110N06691,9,PM,sensor_period,4.215127886444332,1.0000000000000002,0.6483325032541967,0.0879727753475212,0.3924305951995676,0.0879727753475212,16,0.964514526987198,-0.0362776157846265,0.4488523437527775,3.024101056599489,True,False,low,110N06691,27979,32142,32240,mapped_primary_link
corridor-07f383ff8b624e398c083c85fa4debf3,daily,state_transition,VA236_WB,VA236_WB::110-10076,10,MD,corridor_period,6.1927117392367865,1.0281373576274824,0.0612699607206169,0.8061862290598315,0.1421182261112843,0.8288701793012394,72,0.990089124310126,0.3741376646188782,0.7908787044253549,4.361288209831887,False,False,high,110-10076,34703,36310,34363,mapped_primary_link
corridor-07f383ff8b624e398c083c85fa4debf3,daily,state_transition,VA236_WB,VA236_WB::110-10076,10,PM,sensor_period,4.282048043669761,1.0000000000354672,1.076326050845816,0.0500000000280083,0.6173410504393094,0.0500000000297817,21,-43.66682970931138,-0.0002012212273323,0.3558182965697311,2.5079195301883197,True,True,low,110-10076,34703,36310,34363,mapped_primary_link
corridor-07f383ff8b624e398c083c85fa4debf3,daily,state_transition,VA236_WB,VA236_WB::110-10077,11,MD,sensor_period,6.322349115039875,1.0000000111773748,0.5728728461173573,0.0500000301810449,0.3350432811707757,0.0500000307399139,5,0.955119380315077,-0.0461570035428524,0.3177756980813302,2.036743032765905,True,True,low,110-10077,29612,34303,36300,mapped_primary_link
corridor-07f383ff8b624e398c083c85fa4debf3,daily,state_transition,VA236_WB,VA236_WB::110-10077,11,PM,sensor_period,4.240741713783492,1.0000000000000002,0.7241300218861165,0.05,0.4151331094235954,0.05,17,0.953657867773854,-0.0199260312112687,0.433998975753965,1.4151655665757858,True,True,low,110-10077,29612,34303,36300,mapped_primary_link
corridor-07f383ff8b624e398c083c85fa4debf3,daily,state_transition,VA236_WB,VA236_WB::110-06693,12,MD,sensor_period,6.391524614033073,1.021426055234196,0.000366303736052,2.7443941485150742,0.0317494537718647,2.8031956891255625,3,0.9751202215688458,0.3579959355894617,0.3841235585015223,3.263762507207998,False,False,low,110-06693,28050,32161,32348,mapped_primary_link
corridor-07f383ff8b624e398c083c85fa4debf3,daily,state_transition,VA236_WB,VA236_WB::110-06693,12,PM,sensor_period,4.492167662654631,1.0000000000000002,0.2671652572374256,0.6113877599755905,0.357011573317792,0.6113877599755906,20,0.9447166264446144,0.0524729775501897,0.4651786939808666,2.1978370699240344,True,False,low,110-06693,28050,32161,32348,mapped_primary_link
corridor-07f383ff8b624e398c083c85fa4debf3,daily,state_transition,VA236_WB,VA236_WB::110-06692,13,MD,sensor_period,6.336682131438675,1.0000000000000002,0.6151471786365277,0.0500000000000013,0.3598080374857305,0.0500000000000013,6,0.896897225621114,-0.0255814531529401,0.5684110830155819,1.4666939980911935,True,True,low,110-06692,27889,32115,32117,mapped_primary_link
corridor-07f383ff8b624e398c083c85fa4debf3,daily,state_transition,VA236_WB,VA236_WB::110-06692,13,PM,sensor_period,4.208116093507149,1.0000000000819895,4.539992976250888e-05,3.0269654704911093,0.0018756243643405,3.026965470739289,17,0.1271174144224015,0.1567440744987369,0.359332958210351,1.0684171725346814,True,False,low,110-06692,27889,32115,32117,mapped_primary_link
corridor-07f383ff8b624e398c083c85fa4debf3,daily,state_transition,VA236_WB,VA236_WB::110-06695,14,MD,sensor_period,6.83460434262084,1.0000000000000002,0.0468175427029485,0.9980291958907292,0.1700104687746557,0.9980291958907296,3,,-0.000613761430432,0.2646271592861162,0.7138481875752509,True,False,low,110-06695,28557,32362,32089,mapped_primary_link
corridor-07f383ff8b624e398c083c85fa4debf3,daily,state_transition,VA236_WB,VA236_WB::110-06695,14,PM,sensor_period,4.616336674776759,1.0000000000000002,0.0556510306345132,1.0075269275964398,0.1386020116266739,1.00752692759644,19,,-0.005996036379094,0.3936443542082407,1.1720761706080254,True,False,low,110-06695,28557,32362,32089,mapped_primary_link
corridor-07f383ff8b624e398c083c85fa4debf3,daily,state_transition,VA236_WB,VA236_WB::110-06694,15,MD,corridor_period,6.1927117392367865,1.0281373576274824,0.0612699607206169,0.8061862290598315,0.1421182261112843,0.8288701793012394,72,0.990089124310126,0.3741376646188782,0.7908787044253549,4.361288209831887,False,False,high,110-06694,28548,32360,32090,mapped_primary_link
corridor-07f383ff8b624e398c083c85fa4debf3,daily,state_transition,VA236_WB,VA236_WB::110-06694,15,PM,sensor_period,4.237252824535213,1.0000019306417105,0.0026278944047458,1.7882259493150408,0.0185342576106441,1.788229401738646,22,-1.2354046443110982,0.004785460604169,0.3481930092942964,1.5223905187774465,True,False,low,110-06694,28548,32360,32090,mapped_primary_link
corridor-07f383ff8b624e398c083c85fa4debf3,daily,state_transition,VA236_WB,VA236_WB::110-06691,16,AM,sensor_period,3.3803572749932598,1.000000000000086,1.2236738225948007,0.05,0.6936054990147198,0.0500000000000043,3,-3.852709528081501,-0.0073704000695109,0.4496623514780053,1.3824392756986092,True,True,low,110-06691,27994,32146,32148,mapped_primary_link
corridor-07f383ff8b624e398c083c85fa4debf3,daily,state_transition,VA236_WB,VA236_WB::110-06691,16,MD,sensor_period,6.786094153331773,1.0000000000000004,1.309453109562601,0.0500000070719446,0.7685456683925791,0.0500000070719446,10,0.9482519932038992,-0.0371665264606946,0.412026461280654,0.7099045013520369,True,True,low,110-06691,27994,32146,32148,mapped_primary_link
corridor-07f383ff8b624e398c083c85fa4debf3,daily,state_transition,VA236_WB,VA236_WB::110-06691,16,PM,sensor_period,4.485578909374832,1.0000000000000002,5.55064978643736e-05,3.200368633148866,0.0036091259660236,3.2003686331488668,9,-10.146570311887029,-0.0268075546990944,0.524617916505144,2.011446842153183,True,False,low,110-06691,27994,32146,32148,mapped_primary_link
corridor-07f383ff8b624e398c083c85fa4debf3,daily,state_transition,VA236_WB,VA236_WB::110-06690,17,AM,sensor_period,3.0668689366918818,1.0000000000000002,0.4002229114067224,0.0500000000000121,0.2257539904430075,0.0500000000000121,8,0.9926994320724714,-0.0415626314487087,0.2044505540751143,2.54428956704036,True,True,low,110-06690,28816,34057,36178,mapped_primary_link
corridor-07f383ff8b624e398c083c85fa4debf3,daily,state_transition,VA236_WB,VA236_WB::110-06690,17,MD,sensor_period,6.174427725040792,1.0000000000000002,0.288493526419106,0.05,0.1685251164314161,0.05,7,0.9468081650797612,-0.0386279519561658,0.2994885218162603,1.514630140691029,True,True,low,110-06690,28816,34057,36178,mapped_primary_link
corridor-07f383ff8b624e398c083c85fa4debf3,daily,state_transition,VA236_WB,VA236_WB::110-06690,17,PM,sensor_period,3.999039378951612,1.0121997870233623,0.31281399236713,0.0500000053571629,0.1788062463827758,0.0506099947736873,7,0.9837958111372574,-0.0206813358859032,0.1566981384478876,1.3501386503608397,False,True,low,110-06690,28816,34057,36178,mapped_primary_link
corridor-07f383ff8b624e398c083c85fa4debf3,daily,state_transition,VA236_WB,VA236_WB::110-06696,18,PM,sensor_period,5.544659415882756,1.0000000000007527,0.1343527626061311,0.9981884095154188,0.3960706004432334,0.9981884095161704,19,,-0.004533980251685,0.5377329374317,0.48710006559975,True,False,low,110-06696,27725,32063,32078,mapped_primary_link
corridor-07f383ff8b624e398c083c85fa4debf3,daily,state_transition,VA236_WB,VA236_WB::110-06689,19,AM,sensor_period,3.175483658206508,1.0000000000000002,0.771218449680019,0.0500000000000065,0.4357793357775609,0.0500000000000065,5,-0.1338531145778323,-0.00460279119324,0.3104472817389705,1.8970166169456093,True,True,low,110-06689,34434,36223,36224,mapped_primary_link
corridor-07f383ff8b624e398c083c85fa4debf3,daily,state_transition,VA236_WB,VA236_WB::110-06689,19,MD,sensor_period,6.029379034891673,1.0405691967201725,0.1228732276377136,0.5471168606065167,0.1751282800150033,0.5693129521533856,5,0.9892010124703576,0.1714715783815796,0.221421325496384,1.0501449758538024,False,False,medium,110-06689,34434,36223,36224,mapped_primary_link
corridor-07f383ff8b624e398c083c85fa4debf3,daily,state_transition,VA236_WB,VA236_WB::110-06689,19,PM,sensor_period,4.229872836782989,1.0000000000000002,0.5474570962857092,0.0500000000003805,0.3138088469217588,0.0500000000003806,13,0.9449493531432492,-0.0230855359759316,0.2804764671319578,1.1895468611700724,True,True,low,110-06689,34434,36223,36224,mapped_primary_link
corridor-07f383ff8b624e398c083c85fa4debf3,daily,state_transition,VA236_WB,VA236_WB::110-06686,20,AM,sensor_period,3.15310826684413,1.0000000000000002,0.4718355731100879,0.2409488948314676,0.3318638836301794,0.2409488948314676,15,0.9966461637610928,0.0252518867191764,0.2532739777319475,2.965775837551766,True,False,low,110-06686,29593,34297,36237,mapped_primary_link
corridor-07f383ff8b624e398c083c85fa4debf3,daily,state_transition,VA236_WB,VA236_WB::110-06686,20,MD,sensor_period,6.201985178800436,1.002925736851041,0.2490147429998072,0.4638115237567215,0.3096055028252362,0.465168514223714,5,0.9989228976583884,-0.0619070823289384,0.1225349200924643,4.855382220254692,False,False,medium,110-06686,29593,34297,36237,mapped_primary_link
corridor-07f383ff8b624e398c083c85fa4debf3,daily,state_transition,VA236_WB,VA236_WB::110-06686,20,PM,sensor_period,4.1206140700590215,1.0145836026130002,0.1152995278158121,0.7876442323177285,0.1875847300779027,0.7991309228022718,11,0.9942358559646208,0.3912806506530945,0.2373172944181991,2.086312181329327,False,False,high,110-06686,29593,34297,36237,mapped_primary_link
corridor-07f383ff8b624e398c083c85fa4debf3,daily,state_transition,VA236_WB,VA236_WB::110-06685,21,AM,sensor_period,3.020435403104738,1.0025708082688525,0.1466126192525087,0.2579143684709561,0.1039888836179018,0.2585774168620771,15,0.9998872165876368,0.0984540162045159,0.008551096168449,0.8256800047220046,False,False,high,110-06685,34577,36270,34972,mapped_primary_link
corridor-07f383ff8b624e398c083c85fa4debf3,daily,state_transition,VA236_WB,VA236_WB::110-06685,21,MD,sensor_period,6.018760702520481,1.0000000958836994,0.1058367390710527,0.0500000000000021,0.0617462422040609,0.0500000047941871,7,0.999977495636136,-0.0818023725413468,0.006169459267832,1.0500347508983414,True,True,low,110-06685,34577,36270,34972,mapped_primary_link
corridor-07f383ff8b624e398c083c85fa4debf3,daily,state_transition,VA236_WB,VA236_WB::110-06685,21,PM,sensor_period,4.026685060892742,1.0000000057477647,0.1096099108240439,0.4373375203297119,0.107501583985019,0.4373375228434251,10,0.9999687914015082,0.0774962966800763,0.0162302210904626,2.085786500284217,True,False,low,110-06685,34577,36270,34972,mapped_primary_link
corridor-07f383ff8b624e398c083c85fa4debf3,daily,state_transition,VA236_WB,VA236_WB::110-06688,22,AM,sensor_period,3.052873983581145,1.0000000000000002,0.2684208874082158,0.3856231543462456,0.2201557344835547,0.3856231543462457,6,0.9996875345769878,0.2645916616032702,0.0372948402886869,2.8316134173794176,True,False,low,110-06688,28835,34062,36158,mapped_primary_link
corridor-07f383ff8b624e398c083c85fa4debf3,daily,state_transition,VA236_WB,VA236_WB::110-06688,22,MD,corridor_period,6.1927117392367865,1.0281373576274824,0.0612699607206169,0.8061862290598315,0.1421182261112843,0.8288701793012394,72,0.990089124310126,0.3741376646188782,0.7908787044253549,4.361288209831887,False,False,high,110-06688,28835,34062,36158,mapped_primary_link
corridor-07f383ff8b624e398c083c85fa4debf3,daily,state_transition,VA236_WB,VA236_WB::110-06688,22,PM,corridor_period,4.126760975160133,1.0308924282477754,0.0701322262287021,0.8451075983488738,0.1239288622762063,0.8712150241925162,252,0.91883670389914,0.3256114285155056,1.672216713428255,4.251123645815031,False,False,high,110-06688,28835,34062,36158,mapped_primary_link
corridor-07f383ff8b624e398c083c85fa4debf3,daily,state_transition,VA236_WB,VA236_WB::110-06687,23,MD,corridor_period,6.1927117392367865,1.0281373576274824,0.0612699607206169,0.8061862290598315,0.1421182261112843,0.8288701793012394,72,0.990089124310126,0.3741376646188782,0.7908787044253549,4.361288209831887,False,False,high,110-06687,31562,34976,34296,mapped_primary_link
corridor-07f383ff8b624e398c083c85fa4debf3,daily,state_transition,VA236_WB,VA236_WB::110-06687,23,PM,sensor_period,4.071980408971836,1.0000009586525411,0.0728101764870217,1.6137854473465796,0.3743573320993652,1.6137869944060994,3,0.9964727346392384,-0.0113438004063544,0.0185183308303074,2.19368775542925,True,False,low,110-06687,31562,34976,34296,mapped_primary_link
corridor-07f383ff8b624e398c083c85fa4debf3,daily,state_transition,VA236_WB,VA236_WB::110-07888,24,AM,sensor_period,3.020916213434851,1.0098755336368763,0.2678174434947974,0.050000000076268,0.1509539640423109,0.050493776758865,18,0.9977560947694886,0.0154165339665517,0.2542762574895917,1.2780496481540535,False,True,low,110-07888,28779,34045,34044,mapped_primary_link
corridor-07f383ff8b624e398c083c85fa4debf3,daily,state_transition,VA236_WB,VA236_WB::110-07888,24,MD,corridor_period,6.1927117392367865,1.0281373576274824,0.0612699607206169,0.8061862290598315,0.1421182261112843,0.8288701793012394,72,0.990089124310126,0.3741376646188782,0.7908787044253549,4.361288209831887,False,False,high,110-07888,28779,34045,34044,mapped_primary_link
corridor-07f383ff8b624e398c083c85fa4debf3,daily,state_transition,VA236_WB,VA236_WB::110-07888,24,PM,sensor_period,4.069655193565622,1.0000000000000002,0.0790985939932333,0.398461216526541,0.0737993540305747,0.3984612165265411,10,0.994478267631862,0.1385206309823374,0.2131189804092202,0.7747076873826336,True,False,low,110-07888,28779,34045,34044,mapped_primary_link
corridor-07f383ff8b624e398c083c85fa4debf3,daily,state_transition,VA236_WB,VA236_WB::110-07889,25,AM,corridor_period,3.0554485511842104,1.0106383971752193,0.1441004686014485,0.4576029801791714,0.1281255891378172,0.4624711424308815,89,0.9958562526561616,0.1685130129766746,0.4840963626983387,4.130963072278882,False,False,high,110-07889,27894,32116,32311,mapped_primary_link
corridor-07f383ff8b624e398c083c85fa4debf3,daily,state_transition,VA236_WB,VA236_WB::110-07889,25,MD,sensor_period,5.662104664337416,1.0698793092680383,4.5424198178293286e-05,2.8762620398456638,0.003548523850181,3.0772532444639578,7,0.8732407021626594,0.5505799330622521,0.369842709897428,0.7353118554570254,False,False,medium,110-07889,27894,32116,32311,mapped_primary_link
corridor-07f383ff8b624e398c083c85fa4debf3,daily,state_transition,VA236_WB,VA236_WB::110-07889,25,PM,sensor_period,4.153865235933745,1.0000000000000002,0.3853471547621273,0.0500000000000355,0.220685350451602,0.0500000000000355,13,0.9518176701860976,-0.0222082270406338,0.3816901879991384,1.712455107072014,True,True,low,110-07889,27894,32116,32311,mapped_primary_link
corridor-037aec7f69164feb829ea5aff0921e6e,daily,state_transition,VA237_EB,VA237_EB::110P18840,3,PM,sensor_period,5.12458000913503,1.0000000000005438,4.539992976277389e-05,3.3999839729988346,0.00626441730629,3.399983973000684,19,-96.9677345709004,0.0163550283665417,0.5525405975038622,0.7465884247440274,True,False,low,110P18840,26042,30132,30131,mapped_primary_link
corridor-037aec7f69164feb829ea5aff0921e6e,daily,state_transition,VA237_EB,VA237_EB::110P18838,4,AM,corridor_period,3.5306801831846184,1.0000000000494835,4.539992976248776e-05,3.2950232985493324,0.001546179942865,3.295023298712382,11,-20.985040871433576,-0.0205051609896425,0.3369853044426379,1.2980361617512974,True,False,low,110P18838,26349,30225,30088,mapped_primary_link
corridor-037aec7f69164feb829ea5aff0921e6e,daily,state_transition,VA237_EB,VA237_EB::110P18838,4,MD,sensor_period,7.0734498034934905,1.0000000000000002,4.540004979353232e-05,3.269817012994843,0.014527599475687,3.269817012994844,3,-0.8790612786800553,0.6456467594369459,0.3230979623272222,0.2124725931684672,True,False,low,110P18838,26349,30225,30088,mapped_primary_link
corridor-037aec7f69164feb829ea5aff0921e6e,daily,state_transition,VA237_EB,VA237_EB::110P18838,4,PM,sensor_period,4.764066458900896,1.0000000000000002,4.539992976249316e-05,3.2702952927091675,0.0039924690091131,3.2702952927091684,16,-50.57502188211292,0.0107375425922328,0.4345956409702194,0.8835414839222578,True,False,low,110P18838,26349,30225,30088,mapped_primary_link
corridor-037aec7f69164feb829ea5aff0921e6e,daily,state_transition,VA237_EB,VA237_EB::110+51885,5,MD,corridor_period,6.7001893371525085,1.000000000000017,4.53999299151679e-05,3.151010498650146,0.0097065066780398,3.1510104986502,21,-18.226708270347945,0.0121448607907475,1.0229132272559225,2.459988645081676,True,False,low,110+51885,25738,30043,30047,mapped_primary_link
corridor-037aec7f69164feb829ea5aff0921e6e,daily,state_transition,VA237_EB,VA237_EB::110+51885,5,PM,sensor_period,4.308464462298436,1.0000000000000002,4.53999297624855e-05,3.14626581787032,0.0023977348501375,3.146265817870321,18,-25.38401076566749,-0.0143320151311883,0.4035644483668028,2.4899282196168797,True,False,low,110+51885,25738,30043,30047,mapped_primary_link
corridor-037aec7f69164feb829ea5aff0921e6e,daily,state_transition,VA237_EB,VA237_EB::110+13613,6,AM,corridor_period,3.5306801831846184,1.0000000000494835,4.539992976248776e-05,3.2950232985493324,0.001546179942865,3.295023298712382,11,-20.985040871433576,-0.0205051609896425,0.3369853044426379,1.2980361617512974,True,False,low,110+13613,25757,30047,30499,mapped_primary_link
corridor-037aec7f69164feb829ea5aff0921e6e,daily,state_transition,VA237_EB,VA237_EB::110+13613,6,MD,corridor_period,6.7001893371525085,1.000000000000017,4.53999299151679e-05,3.151010498650146,0.0097065066780398,3.1510104986502,21,-18.226708270347945,0.0121448607907475,1.0229132272559225,2.459988645081676,True,False,low,110+13613,25757,30047,30499,mapped_primary_link
corridor-037aec7f69164feb829ea5aff0921e6e,daily,state_transition,VA237_EB,VA237_EB::110+13613,6,PM,sensor_period,4.469298205878244,1.0000000000626086,4.5399929762484935e-05,3.181316802686493,0.0028357714460835,3.18131680288567,16,-18.414384275580247,0.033365799904229,0.266641329627376,0.9494819142397922,True,False,low,110+13613,25757,30047,30499,mapped_primary_link
corridor-037aec7f69164feb829ea5aff0921e6e,daily,state_transition,VA237_EB,VA237_EB::110+13614,7,MD,corridor_period,6.7001893371525085,1.000000000000017,4.53999299151679e-05,3.151010498650146,0.0097065066780398,3.1510104986502,21,-18.226708270347945,0.0121448607907475,1.0229132272559225,2.459988645081676,True,False,low,110+13614,25776,30054,30305,mapped_primary_link
corridor-037aec7f69164feb829ea5aff0921e6e,daily,state_transition,VA237_EB,VA237_EB::110+13614,7,PM,sensor_period,4.306272193685204,1.0000000000000002,0.0379291978866497,1.0023494552639989,0.0874105105752848,1.0023494552639989,20,,-1.0491156617220554e-05,0.4823748378946459,2.429632262263687,True,False,low,110+13614,25776,30054,30305,mapped_primary_link
corridor-037aec7f69164feb829ea5aff0921e6e,daily,state_transition,VA237_EB,VA237_EB::110+13615,8,MD,corridor_period,6.7001893371525085,1.000000000000017,4.53999299151679e-05,3.151010498650146,0.0097065066780398,3.1510104986502,21,-18.226708270347945,0.0121448607907475,1.0229132272559225,2.459988645081676,True,False,low,110+13615,26575,30306,30506,mapped_primary_link
corridor-037aec7f69164feb829ea5aff0921e6e,daily,state_transition,VA237_EB,VA237_EB::110+13615,8,PM,sensor_period,4.250366678549201,1.0000079852338668,0.0886691489710623,0.6865599748497181,0.1277096398876073,0.6865654571916808,11,0.7562647264690562,0.0060372037646352,0.283854970262035,1.531539275190119,True,False,low,110+13615,26575,30306,30506,mapped_primary_link
corridor-037aec7f69164feb829ea5aff0921e6e,daily,state_transition,VA237_EB,VA237_EB::110+18839,12,MD,corridor_period,6.7001893371525085,1.000000000000017,4.53999299151679e-05,3.151010498650146,0.0097065066780398,3.1510104986502,21,-18.226708270347945,0.0121448607907475,1.0229132272559225,2.459988645081676,True,False,low,110+18839,25911,30093,30489,mapped_primary_link
corridor-037aec7f69164feb829ea5aff0921e6e,daily,state_transition,VA237_EB,VA237_EB::110+18839,12,PM,sensor_period,4.73203722635963,1.0000000000000002,0.4064905509637788,0.4273024201131867,0.4212102120321122,0.4273024201131868,19,-56.9897310343328,4.573429993726119e-05,0.4251069522053997,0.7808223054054158,True,False,low,110+18839,25911,30093,30489,mapped_primary_link
corridor-037aec7f69164feb829ea5aff0921e6e,daily,state_transition,VA237_EB,VA237_EB::110+18841,13,AM,sensor_period,3.5400387185793987,1.0000000000558456,4.539992976269752e-05,3.309303328835526,0.0015881369520085,3.309303329020336,9,-14.27565654698441,0.1412070542487635,0.3070735680841859,0.4428432456685045,True,False,low,110+18841,27068,30531,30128,mapped_primary_link
corridor-037aec7f69164feb829ea5aff0921e6e,daily,state_transition,VA237_EB,VA237_EB::110+18841,13,MD,corridor_period,6.7001893371525085,1.000000000000017,4.53999299151679e-05,3.151010498650146,0.0097065066780398,3.1510104986502,21,-18.226708270347945,0.0121448607907475,1.0229132272559225,2.459988645081676,True,False,low,110+18841,27068,30531,30128,mapped_primary_link
corridor-037aec7f69164feb829ea5aff0921e6e,daily,state_transition,VA237_EB,VA237_EB::110+18841,13,PM,sensor_period,4.739505415766313,1.0000002684310183,0.0751022495300593,1.000245515237907,0.1899112096877802,1.0002457837348295,12,,-0.0001064948932421,0.3665810715460199,0.5984441141390504,True,False,low,110+18841,27068,30531,30128,mapped_primary_link
corridor-037aec7f69164feb829ea5aff0921e6e,daily,state_transition,VA237_EB,VA237_EB::110+18840,14,MD,corridor_period,6.7001893371525085,1.000000000000017,4.53999299151679e-05,3.151010498650146,0.0097065066780398,3.1510104986502,21,-18.226708270347945,0.0121448607907475,1.0229132272559225,2.459988645081676,True,False,low,110+18840,25912,30094,30223,mapped_primary_link
corridor-037aec7f69164feb829ea5aff0921e6e,daily,state_transition,VA237_EB,VA237_EB::110+18840,14,PM,sensor_period,4.690340418277707,1.0000000000000002,0.1221946466931054,0.760609768893646,0.2111424246221212,0.7606097688936462,20,-126.60804063532495,0.0001981629226773,0.6154968485996667,0.9685525632059984,True,False,low,110+18840,25912,30094,30223,mapped_primary_link
corridor-037aec7f69164feb829ea5aff0921e6e,daily,state_transition,VA237_EB,VA237_EB::110+18842,15,MD,sensor_period,6.502360226803749,1.0000027790015464,4.539993032680551e-05,3.0908416408170667,0.0078909210240844,3.090850230270766,7,-0.1119292486494141,0.1370012745253152,0.368991330352677,1.0991454507486509,True,False,low,110+18842,27062,30529,30126,mapped_primary_link
corridor-037aec7f69164feb829ea5aff0921e6e,daily,state_transition,VA237_EB,VA237_EB::110+18842,15,PM,sensor_period,4.302663250250309,1.0000062990261132,0.0343323250050091,0.9978966079675125,0.0785427859965898,0.9979028937443044,6,,-0.0081377870537016,0.2029293444156854,0.996896498036956,True,False,low,110+18842,27062,30529,30126,mapped_primary_link
corridor-2bf2f5c2bf06410182a075bccfb2056e,daily,state_transition,VA237_NB,VA237_NB::110+13630,1,MD,sensor_period,5.993395006756403,1.0121700755977006,0.0493600949717726,0.5287843188334015,0.0678572023178818,0.5352196639684825,9,0.9960860103839893,0.2111183030284895,0.2138731717242936,0.8098943356853687,False,False,medium,110+13630,34663,36298,34317,mapped_primary_link
corridor-2bf2f5c2bf06410182a075bccfb2056e,daily,state_transition,VA237_NB,VA237_NB::110+13630,1,PM,sensor_period,4.005585173508683,1.0106039432827552,0.043545843714419,0.6158644226254334,0.0545891042044603,0.6223950140328203,14,0.9935110818726364,0.3374768971932707,0.2422814331368568,0.8738110248749851,False,False,high,110+13630,34663,36298,34317,mapped_primary_link
corridor-9afd43688f6444c994e4a1466a462189,daily,state_transition,VA237_SB,VA237_SB::110-13629,3,PM,sensor_period,4.02565043927673,1.0116947923861603,0.3490748317279313,0.0500000001679039,0.1995993250722359,0.0505847397891755,20,0.9713577158704044,-0.007241570676203,0.3144851539073264,1.2609304802904695,False,True,low,110-13629,34664,36298,34724,mapped_primary_link
corridor-afa09e76e07f43778e97582d19b8a39b,daily,state_transition,VA237_WB,VA237_WB::110N18838,3,AM,sensor_period,3.3801683404230176,1.000000000176792,1.1440724925176418,0.0500000000000293,0.6484838849715312,0.0500000000088689,9,-2.140604146577623,-0.0476722111275711,0.2784704318181346,2.654427665886329,True,True,low,110N18838,25891,30088,30225,mapped_primary_link
corridor-afa09e76e07f43778e97582d19b8a39b,daily,state_transition,VA237_WB,VA237_WB::110N18838,3,MD,sensor_period,6.6503789278301015,1.0000297545866512,0.0470870097220173,0.9985486419416556,0.1665528182787974,0.9985783533437476,4,,-0.0022435902964279,0.1255556658242781,0.9656279429636866,True,False,low,110N18838,25891,30088,30225,mapped_primary_link
corridor-afa09e76e07f43778e97582d19b8a39b,daily,state_transition,VA237_WB,VA237_WB::110N18838,3,PM,corridor_period,4.426609936315308,1.0000000000000018,0.812363098289451,0.0500000000000722,0.4667157724870212,0.0500000000000723,87,-370.8915250495488,-0.0020832333703462,1.143756819015428,2.548778122115847,True,True,low,110N18838,25891,30088,30225,mapped_primary_link
corridor-afa09e76e07f43778e97582d19b8a39b,daily,state_transition,VA237_WB,VA237_WB::110N18840,4,AM,corridor_period,3.429408329996076,1.0000000000026406,1.1585116602737056,0.050000013448875,0.6571433302297963,0.050000013449007,70,-76.42554188482833,-0.001393305843641,0.8097820301608978,2.2956915074184145,True,True,low,110N18840,26036,30131,30132,mapped_primary_link
corridor-afa09e76e07f43778e97582d19b8a39b,daily,state_transition,VA237_WB,VA237_WB::110N18840,4,MD,sensor_period,7.187503870315851,1.0000012257388406,4.5399932504721725e-05,3.2904165908296856,0.0159423631963254,3.290420624021103,3,-10.252646281995782,0.6112727969970495,0.3953311952232053,0.1997083148697189,True,False,low,110N18840,26036,30131,30132,mapped_primary_link
corridor-afa09e76e07f43778e97582d19b8a39b,daily,state_transition,VA237_WB,VA237_WB::110N18840,4,PM,sensor_period,4.832751989348821,1.0000000000000002,4.539993108731211e-05,3.303570647490756,0.0044089869795172,3.303570647490756,12,-4.636118023672301,0.0587612616165634,0.3280765129794297,0.8061600177564938,True,False,low,110N18840,26036,30131,30132,mapped_primary_link
corridor-afa09e76e07f43778e97582d19b8a39b,daily,state_transition,VA237_WB,VA237_WB::110-18840,7,AM,sensor_period,3.5316964322617506,1.0000000000000002,0.0614857420033251,1.0003037692594252,0.1158571853528229,1.0003037692594254,12,,-2.8749632474234232e-05,0.3575442459316946,0.63974872640195,True,False,low,110-18840,26027,30128,30531,mapped_primary_link
corridor-afa09e76e07f43778e97582d19b8a39b,daily,state_transition,VA237_WB,VA237_WB::110-18840,7,MD,sensor_period,7.052349892867989,1.0000000000000002,0.0647308453555021,0.9965894148180494,0.2418524787940725,0.9965894148180496,10,,-0.0008584303404999,0.3663481424006329,1.2546450197185868,True,False,low,110-18840,26027,30128,30531,mapped_primary_link
corridor-afa09e76e07f43778e97582d19b8a39b,daily,state_transition,VA237_WB,VA237_WB::110-18840,7,PM,corridor_period,4.426609936315308,1.0000000000000018,0.812363098289451,0.0500000000000722,0.4667157724870212,0.0500000000000723,87,-370.8915250495488,-0.0020832333703462,1.143756819015428,2.548778122115847,True,True,low,110-18840,26027,30128,30531,mapped_primary_link
corridor-afa09e76e07f43778e97582d19b8a39b,daily,state_transition,VA237_WB,VA237_WB::110-18841,8,AM,sensor_period,3.3911869375151498,1.0000140877909245,0.0419103891383707,1.0002763702729949,0.075826101063712,1.000290461957366,5,,-1.8763453447201428e-05,0.2815177094646162,0.2664307262779192,True,False,low,110-18841,26020,30126,30529,mapped_primary_link
corridor-afa09e76e07f43778e97582d19b8a39b,daily,state_transition,VA237_WB,VA237_WB::110-18841,8,MD,corridor_period,6.867207369541447,1.0000000000002385,0.00426641450536,1.7882893027217817,0.0713619629463167,1.7882893027222082,47,-35.93320603289674,-0.0135420571815378,0.6887769128424354,2.3249197244409405,True,False,low,110-18841,26020,30126,30529,mapped_primary_link
corridor-afa09e76e07f43778e97582d19b8a39b,daily,state_transition,VA237_WB,VA237_WB::110-18841,8,PM,sensor_period,4.513093028725829,1.0000000000000002,0.043946940959542,1.002080700346398,0.1061117382328705,1.0020807003463983,16,,-0.0088786798563442,0.3284552822391947,1.4094748188891792,True,False,low,110-18841,26020,30126,30529,mapped_primary_link
corridor-afa09e76e07f43778e97582d19b8a39b,daily,state_transition,VA237_WB,VA237_WB::110-18838,9,AM,sensor_period,3.543838101544771,1.0000000000000002,1.2181679760237565,0.0500000000000821,0.6921171326665172,0.0500000000000821,16,-35.68285459799984,-0.001226188423244,0.3665196116514054,0.989876697301288,True,True,low,110-18838,26938,30489,30093,mapped_primary_link
corridor-afa09e76e07f43778e97582d19b8a39b,daily,state_transition,VA237_WB,VA237_WB::110-18838,9,MD,sensor_period,6.9389971198944735,1.0000000000000002,0.049367172237584,0.9983039343696708,0.1820986776946719,0.9983039343696712,5,,-0.0085061110878801,0.5709474493474402,0.8942938455510393,True,False,low,110-18838,26938,30489,30093,mapped_primary_link
corridor-afa09e76e07f43778e97582d19b8a39b,daily,state_transition,VA237_WB,VA237_WB::110-18838,9,PM,corridor_period,4.426609936315308,1.0000000000000018,0.812363098289451,0.0500000000000722,0.4667157724870212,0.0500000000000723,87,-370.8915250495488,-0.0020832333703462,1.143756819015428,2.548778122115847,True,True,low,110-18838,26938,30489,30093,mapped_primary_link
corridor-afa09e76e07f43778e97582d19b8a39b,daily,state_transition,VA237_WB,VA237_WB::110-18839,10,AM,corridor_period,3.429408329996076,1.0000000000026406,1.1585116602737056,0.050000013448875,0.6571433302297963,0.050000013449007,70,-76.42554188482833,-0.001393305843641,0.8097820301608978,2.2956915074184145,True,True,low,110-18839,26344,30223,30094,mapped_primary_link
corridor-afa09e76e07f43778e97582d19b8a39b,daily,state_transition,VA237_WB,VA237_WB::110-18839,10,MD,sensor_period,6.903989806332342,1.0000005334490778,0.0429697010398926,1.000583496961655,0.1583984085652226,1.0005840307219986,8,,-0.0027238711439583,0.415220193936437,0.6315921342431718,True,False,low,110-18839,26344,30223,30094,mapped_primary_link
corridor-afa09e76e07f43778e97582d19b8a39b,daily,state_transition,VA237_WB,VA237_WB::110-18839,10,PM,sensor_period,4.56281748994493,1.000052239892519,0.977864725529912,0.050000000000003,0.5626510879196341,0.050002611994629,8,-0.2955299157459252,-0.0021248421436255,0.0941071810937901,0.770198827892417,True,True,low,110-18839,26344,30223,30094,mapped_primary_link
corridor-afa09e76e07f43778e97582d19b8a39b,daily,state_transition,VA237_WB,VA237_WB::110-13614,11,PM,sensor_period,4.301084869160822,1.0000000000000002,0.0365649845784475,0.9980728804461678,0.0836413731577209,0.998072880446168,21,,-0.0041586189425051,0.4175911950930911,1.3595716781828966,True,False,low,110-13614,26990,30506,30306,mapped_primary_link
corridor-afa09e76e07f43778e97582d19b8a39b,daily,state_transition,VA237_WB,VA237_WB::110-13612,12,AM,sensor_period,3.3385364723129887,1.0000000000000002,0.7730006382854473,0.0500000000000018,0.4378812878526066,0.0500000000000018,10,-86.95261288149176,-0.0396317773370717,0.7033729078222953,2.218405188077448,True,True,low,110-13612,26969,30499,30047,mapped_primary_link
corridor-afa09e76e07f43778e97582d19b8a39b,daily,state_transition,VA237_WB,VA237_WB::110-13612,12,MD,sensor_period,6.6830548704402295,1.0000000000000002,0.0409370057354739,0.9994838993872311,0.1457686254243151,0.9994838993872316,7,,-2.6336918556024717e-05,0.2792815375025152,0.7160672311100227,True,False,low,110-13612,26969,30499,30047,mapped_primary_link
corridor-afa09e76e07f43778e97582d19b8a39b,daily,state_transition,VA237_WB,VA237_WB::110-13612,12,PM,sensor_period,4.334083309113479,1.0000000000000002,0.0328177822532024,0.9993396749061912,0.0757852439341534,0.9993396749061916,4,,-0.0002838120240169,0.286903393000755,1.1921711326968962,True,False,low,110-13612,26969,30499,30047,mapped_primary_link
corridor-afa09e76e07f43778e97582d19b8a39b,daily,state_transition,VA237_WB,VA237_WB::110-13613,13,AM,corridor_period,3.429408329996076,1.0000000000026406,1.1585116602737056,0.050000013448875,0.6571433302297963,0.050000013449007,70,-76.42554188482833,-0.001393305843641,0.8097820301608978,2.2956915074184145,True,True,low,110-13613,27323,30611,30305,mapped_primary_link
corridor-afa09e76e07f43778e97582d19b8a39b,daily,state_transition,VA237_WB,VA237_WB::110-13613,13,MD,corridor_period,6.867207369541447,1.0000000000002385,0.00426641450536,1.7882893027217817,0.0713619629463167,1.7882893027222082,47,-35.93320603289674,-0.0135420571815378,0.6887769128424354,2.3249197244409405,True,False,low,110-13613,27323,30611,30305,mapped_primary_link
corridor-afa09e76e07f43778e97582d19b8a39b,daily,state_transition,VA237_WB,VA237_WB::110-13613,13,PM,sensor_period,4.215496420929491,1.0000000000000002,0.0289566655833018,0.9962681009136954,0.0647536317317612,0.9962681009136956,21,,-0.0050577099234181,0.3269583053899817,1.5771512796753453,True,False,low,110-13613,27323,30611,30305,mapped_primary_link
corridor-afa09e76e07f43778e97582d19b8a39b,daily,state_transition,VA237_WB,VA237_WB::110-51887,14,AM,sensor_period,3.3348249201503712,1.0000007757527791,0.0759990961555992,0.9790648852327504,0.1318043061894152,0.9790656447450562,14,-6.896395874233332,-0.0097201195918781,0.3618496036610865,2.3025476288634223,True,False,low,110-51887,25754,30047,30043,mapped_primary_link
corridor-afa09e76e07f43778e97582d19b8a39b,daily,state_transition,VA237_WB,VA237_WB::110-51887,14,MD,sensor_period,6.790462322355517,1.0000008362211967,0.0946429364181249,0.9996500933842314,0.3425272998757174,0.9996509293128288,7,,-0.0067432763613251,0.3932231535592675,0.7789229913942427,True,False,low,110-51887,25754,30047,30043,mapped_primary_link
corridor-afa09e76e07f43778e97582d19b8a39b,daily,state_transition,VA237_WB,VA237_WB::110-51887,14,PM,corridor_period,4.426609936315308,1.0000000000000018,0.812363098289451,0.0500000000000722,0.4667157724870212,0.0500000000000723,87,-370.8915250495488,-0.0020832333703462,1.143756819015428,2.548778122115847,True,True,low,110-51887,25754,30047,30043,mapped_primary_link
corridor-d04770d2dbb04da4b61cf4d50778831b,daily,state_transition,VA244_EB,VA244_EB::110P10952,4,AM,sensor_period,3.4473444111312923,1.0000000000000002,0.0519329001968245,0.9996100294419272,0.095436911308206,0.9996100294419272,5,,-0.0001685190081062,0.5502624488390796,1.551870412194763,True,False,low,110P10952,27077,30533,30459,mapped_primary_link
corridor-d04770d2dbb04da4b61cf4d50778831b,daily,state_transition,VA244_EB,VA244_EB::110P10952,4,MD,sensor_period,6.942436304930157,1.0000000000000002,0.0461289109149402,1.0014415424868002,0.1712761563195587,1.0014415424868004,15,,-3.447321721417041e-07,0.345408448086308,0.8177596818134542,True,False,low,110P10952,27077,30533,30459,mapped_primary_link
corridor-d04770d2dbb04da4b61cf4d50778831b,daily,state_transition,VA244_EB,VA244_EB::110P10950,5,AM,sensor_period,3.632528304767308,1.0000000000000002,0.0566774489271704,0.9973157487228308,0.1094244286027488,0.9973157487228308,5,,-5.58560358170368e-05,0.5591986241987091,0.5819647037651975,True,False,low,110P10950,26853,30462,30460,mapped_primary_link
corridor-d04770d2dbb04da4b61cf4d50778831b,daily,state_transition,VA244_EB,VA244_EB::110P10950,5,MD,sensor_period,7.070428015821637,1.0000000000000002,0.0596112145196005,0.9982770345047214,0.2240313715026926,0.9982770345047216,5,,-0.0099367524627187,0.4897922521985279,0.996235436721744,True,False,low,110P10950,26853,30462,30460,mapped_primary_link
corridor-d04770d2dbb04da4b61cf4d50778831b,daily,state_transition,VA244_EB,VA244_EB::110P10950,5,PM,sensor_period,4.7900158678402445,1.0000022209236092,0.0587108916587773,1.009183699464481,0.1521606540299047,1.009185940784385,5,,-0.0011921324085806,0.6271480708037972,1.0717984109203964,True,False,low,110P10950,26853,30462,30460,mapped_primary_link
corridor-d04770d2dbb04da4b61cf4d50778831b,daily,state_transition,VA244_EB,VA244_EB::110P18847,6,AM,corridor_period,3.04961795509215,1.0496743383189486,0.0408777350148313,1.013574625078953,0.0675001034123745,1.0639232739166264,43,0.9764115558386438,0.7844932644542346,1.3464572140253994,2.770090988835132,False,False,high,110P18847,28822,34059,36232,mapped_primary_link
corridor-d04770d2dbb04da4b61cf4d50778831b,daily,state_transition,VA244_EB,VA244_EB::110P18847,6,MD,sensor_period,6.197622475385737,1.0000000000000002,0.4121815891369702,0.0500000000000096,0.2408233387596679,0.0500000000000096,13,0.958953322889724,-0.0076755136485449,0.3110582242897,1.2790388295078847,True,True,low,110P18847,28822,34059,36232,mapped_primary_link
corridor-d04770d2dbb04da4b61cf4d50778831b,daily,state_transition,VA244_EB,VA244_EB::110P18847,6,PM,sensor_period,4.153972165168478,1.0000000000000002,0.0166271307699793,1.007200257289434,0.0372162593391992,1.0072002572894343,6,,-0.0104622426860592,0.3906758569923333,1.0245605470120045,True,False,low,110P18847,28822,34059,36232,mapped_primary_link
corridor-d04770d2dbb04da4b61cf4d50778831b,daily,state_transition,VA244_EB,VA244_EB::110+13705,7,AM,corridor_period,3.04961795509215,1.0496743383189486,0.0408777350148313,1.013574625078953,0.0675001034123745,1.0639232739166264,43,0.9764115558386438,0.7844932644542346,1.3464572140253994,2.770090988835132,False,False,high,110+13705,34309,36180,34058,mapped_primary_link
corridor-d04770d2dbb04da4b61cf4d50778831b,daily,state_transition,VA244_EB,VA244_EB::110+13705,7,MD,sensor_period,5.014402267314977,1.1907035663087884,0.7039190514426017,0.05,0.4069418976541463,0.0595351783154394,3,0.9066590102324572,-0.0250411057941701,0.1800279586383956,1.0999914999538305,False,True,low,110+13705,34309,36180,34058,mapped_primary_link
corridor-d04770d2dbb04da4b61cf4d50778831b,daily,state_transition,VA244_EB,VA244_EB::110+13705,7,PM,sensor_period,4.329890716622287,1.0000000002611982,0.6560864134492664,0.0500000000055489,0.3765161584412017,0.0500000000186088,15,0.932518910793456,-0.0033282406074619,0.4049895508107652,1.418615046526663,True,True,low,110+13705,34309,36180,34058,mapped_primary_link
corridor-d04770d2dbb04da4b61cf4d50778831b,daily,state_transition,VA244_EB,VA244_EB::110+13706,8,AM,sensor_period,3.012012574707955,1.0012418063844697,0.0540795404638874,0.5472296527680156,0.05273225582025,0.5479092060445939,4,0.9999870072757708,0.3300168994924845,0.0033109833989943,0.5619689463016193,False,False,low,110+13706,34282,36171,34054,mapped_primary_link
corridor-d04770d2dbb04da4b61cf4d50778831b,daily,state_transition,VA244_EB,VA244_EB::110+13706,8,MD,sensor_period,6.025847336399076,1.0009109266758778,0.0694602106922099,0.05,0.0405261857329451,0.0500455463337939,5,0.999971382056624,-0.0068812581789972,0.0088873800255008,1.1458750132609892,True,True,low,110+13706,34282,36171,34054,mapped_primary_link
corridor-d04770d2dbb04da4b61cf4d50778831b,daily,state_transition,VA244_EB,VA244_EB::110+13706,8,PM,sensor_period,4.009278319540053,1.0000001377083372,0.0716307558957258,0.0500000000002037,0.0409497799507477,0.0500000068856206,6,0.999998404716822,-0.0174215140748723,0.0030582513875711,0.4441980927802218,True,True,low,110+13706,34282,36171,34054,mapped_primary_link
corridor-d04770d2dbb04da4b61cf4d50778831b,daily,state_transition,VA244_EB,VA244_EB::110+10944,9,AM,sensor_period,2.5256101761642067,1.1195359453576603,0.010472113404546,1.3474376876332383,0.0194624095249079,1.5085049254350176,3,0.5910041443373678,0.0411533497733134,0.199407838279242,0.8376785101333499,False,False,low,110+10944,34292,36174,34085,mapped_primary_link
corridor-d04770d2dbb04da4b61cf4d50778831b,daily,state_transition,VA244_EB,VA244_EB::110+10944,9,MD,sensor_period,6.002291725138292,1.0296653280414645,0.0319622506576995,0.9207702427341764,0.0887743100036888,0.9480851940357048,4,0.9911341133190018,0.5262884308207466,0.2214484944728035,0.8171052125586209,False,False,low,110+10944,34292,36174,34085,mapped_primary_link
corridor-d04770d2dbb04da4b61cf4d50778831b,daily,state_transition,VA244_EB,VA244_EB::110+10944,9,PM,sensor_period,3.9609375628864743,1.0247424380609411,0.2961052551336964,0.1324478394985785,0.1895055336746713,0.1357249219636775,16,0.978652486651068,-0.0167638593529428,0.1620562750121626,1.4508152274821933,False,False,high,110+10944,34292,36174,34085,mapped_primary_link
corridor-d04770d2dbb04da4b61cf4d50778831b,daily,state_transition,VA244_EB,VA244_EB::110+10943,10,AM,sensor_period,3.0133056090874475,1.0029851102569642,0.0619706437325986,0.6584741610508239,0.0683317103803902,0.6604397790229226,6,0.9999934337337388,0.4912719000425187,0.0034892623899402,0.7662109977147215,False,False,medium,110+10943,28808,34054,36175,mapped_primary_link
corridor-d04770d2dbb04da4b61cf4d50778831b,daily,state_transition,VA244_EB,VA244_EB::110+10943,10,MD,sensor_period,6.037788427532058,1.0035407538782193,0.0430608187029965,0.9024158537150272,0.1163476454951606,0.9056110861488352,7,0.9999925365467548,0.8085829883481492,0.0100368112162524,1.184387350719391,False,False,medium,110+10943,28808,34054,36175,mapped_primary_link
corridor-d04770d2dbb04da4b61cf4d50778831b,daily,state_transition,VA244_EB,VA244_EB::110+10943,10,PM,sensor_period,4.033049802523137,1.0000001196249997,0.1445657007593847,0.2638124036487385,0.1113878048944825,0.2638124352072972,22,0.9999364122331924,0.0595804842799353,0.0257616861081182,1.4995267794495606,True,False,low,110+10943,28808,34054,36175,mapped_primary_link
corridor-d04770d2dbb04da4b61cf4d50778831b,daily,state_transition,VA244_EB,VA244_EB::110+10949,11,MD,sensor_period,7.113842811642559,1.0000000000000002,0.0627363916218153,0.9992736329236336,0.2376859924272158,0.999273632923634,12,,-0.0001082793087749,0.6064397027811711,0.6650480116269851,True,False,low,110+10949,26110,30153,30155,mapped_primary_link
corridor-d04770d2dbb04da4b61cf4d50778831b,daily,state_transition,VA244_EB,VA244_EB::110+10949,11,PM,sensor_period,4.636211352154357,1.0000002546638584,0.0568970299833868,1.0036726120477213,0.1414809964674653,1.0036728676468614,6,,-2.9634974782144496e-05,0.3498995342360566,0.9105337945489697,True,False,low,110+10949,26110,30153,30155,mapped_primary_link
corridor-d04770d2dbb04da4b61cf4d50778831b,daily,state_transition,VA244_EB,VA244_EB::110+10948,12,AM,sensor_period,3.242788052345832,1.0000555106776323,0.0330402100572914,1.0018971126864682,0.0572702873295776,1.0019527286741114,3,,-0.0018107052254237,0.1345140199380465,1.532078570048966,True,False,low,110+10948,27205,30574,30154,mapped_primary_link
corridor-d04770d2dbb04da4b61cf4d50778831b,daily,state_transition,VA244_EB,VA244_EB::110+10948,12,MD,sensor_period,6.586073998528462,1.0000000000000002,0.035834761466712,1.0013821237138192,0.1262005637912783,1.0013821237138194,6,,-0.0005559321161963,0.4828526509077653,0.5276696510637141,True,False,low,110+10948,27205,30574,30154,mapped_primary_link
corridor-d04770d2dbb04da4b61cf4d50778831b,daily,state_transition,VA244_EB,VA244_EB::110+10948,12,PM,sensor_period,4.402602647012982,1.0000000000000002,0.0325654801656314,0.998587289638124,0.0763055855381255,0.9985872896381242,6,,-0.0004747804739893,0.2341388636594073,0.6502825082585316,True,False,low,110+10948,27205,30574,30154,mapped_primary_link
corridor-d04770d2dbb04da4b61cf4d50778831b,daily,state_transition,VA244_EB,VA244_EB::110+10947,13,AM,corridor_period,3.04961795509215,1.0496743383189486,0.0408777350148313,1.013574625078953,0.0675001034123745,1.0639232739166264,43,0.9764115558386438,0.7844932644542346,1.3464572140253994,2.770090988835132,False,False,high,110+10947,27214,30577,30576,mapped_primary_link
corridor-d04770d2dbb04da4b61cf4d50778831b,daily,state_transition,VA244_EB,VA244_EB::110+10947,13,MD,sensor_period,6.441222004193003,1.0000000000000002,0.0311100147579899,1.0052971646617863,0.1079325533051467,1.0052971646617868,9,,-0.0037862540444055,0.2265581320310331,0.8722842968344496,True,False,low,110+10947,27214,30577,30576,mapped_primary_link
corridor-d04770d2dbb04da4b61cf4d50778831b,daily,state_transition,VA244_EB,VA244_EB::110+10947,13,PM,sensor_period,4.304888150354798,1.0000000000000002,0.6603997691544308,0.0500030850959769,0.3788834978729021,0.0500030850959769,8,-2.315702900468505,-0.0056465943761176,0.3011042198055113,1.2619888268228825,True,True,low,110+10947,27214,30577,30576,mapped_primary_link
corridor-d04770d2dbb04da4b61cf4d50778831b,daily,state_transition,VA244_EB,VA244_EB::110+10946,14,AM,corridor_period,3.04961795509215,1.0496743383189486,0.0408777350148313,1.013574625078953,0.0675001034123745,1.0639232739166264,43,0.9764115558386438,0.7844932644542346,1.3464572140253994,2.770090988835132,False,False,high,110+10946,26103,30151,30582,mapped_primary_link
corridor-d04770d2dbb04da4b61cf4d50778831b,daily,state_transition,VA244_EB,VA244_EB::110+10946,14,MD,sensor_period,6.583040229250189,1.0000000737592565,0.0320935911030658,1.0016463176148886,0.1130292750386125,1.0016463914955762,5,,-0.0006029333643069,0.3224641131701868,0.3916074667050503,True,False,low,110+10946,26103,30151,30582,mapped_primary_link
corridor-d04770d2dbb04da4b61cf4d50778831b,daily,state_transition,VA244_EB,VA244_EB::110+10946,14,PM,sensor_period,4.368473296012387,1.000000650157172,0.032644231600322,1.0035659921742888,0.0764571797348976,1.0035666446499163,13,,-0.0012469351589317,0.3566787840677198,0.8844965055183993,True,False,low,110+10946,26103,30151,30582,mapped_primary_link
corridor-d04770d2dbb04da4b61cf4d50778831b,daily,state_transition,VA244_EB,VA244_EB::110+10945,15,AM,corridor_period,3.04961795509215,1.0496743383189486,0.0408777350148313,1.013574625078953,0.0675001034123745,1.0639232739166264,43,0.9764115558386438,0.7844932644542346,1.3464572140253994,2.770090988835132,False,False,high,110+10945,34144,36125,34088,mapped_primary_link
corridor-d04770d2dbb04da4b61cf4d50778831b,daily,state_transition,VA244_EB,VA244_EB::110+10945,15,MD,sensor_period,6.419167947853356,1.0000000000000002,0.281868836265103,0.30486433957213,0.2649825424297647,0.3048643395721301,6,0.9953836894246982,0.0280416193185372,0.1851424016999671,1.4756939899304384,True,False,low,110+10945,34144,36125,34088,mapped_primary_link
corridor-d04770d2dbb04da4b61cf4d50778831b,daily,state_transition,VA244_EB,VA244_EB::110+10945,15,PM,sensor_period,4.199592286680132,1.0000000000000002,0.5640962681717638,0.050000055719933,0.32323050872975,0.050000055719933,10,-2.9147172101646346,-0.0142959143443535,0.3167248466894707,1.8261484977722915,True,True,low,110+10945,34144,36125,34088,mapped_primary_link
corridor-d04770d2dbb04da4b61cf4d50778831b,daily,state_transition,VA244_EB,VA244_EB::110+10952,16,AM,sensor_period,3.196347721272677,1.0047430325737463,0.7917435527122364,0.0500000000000005,0.4475236224511633,0.0502371516286878,5,0.99237361448023,-0.0160065145667287,0.2532546193483261,1.9549200926300825,False,True,low,110+10952,26537,30294,30533,mapped_primary_link
corridor-d04770d2dbb04da4b61cf4d50778831b,daily,state_transition,VA244_EB,VA244_EB::110+10952,16,MD,sensor_period,6.408701127402162,1.0000000000000002,0.0395546539536995,0.9971683833151636,0.1344874851126283,0.9971683833151638,15,,-0.0006049819165157,0.1388437787041168,0.9884882387200238,True,False,low,110+10952,26537,30294,30533,mapped_primary_link
corridor-d04770d2dbb04da4b61cf4d50778831b,daily,state_transition,VA244_EB,VA244_EB::110+10952,16,PM,corridor_period,4.0014380110991095,1.047675347801453,0.0286066519378034,1.0343206689789688,0.0640251069112642,1.083632266610773,123,0.967435394229687,0.5910915639909847,1.1804528800148828,3.0069334737197853,False,False,high,110+10952,26537,30294,30533,mapped_primary_link
corridor-d04770d2dbb04da4b61cf4d50778831b,daily,state_transition,VA244_EB,VA244_EB::110+10951,17,AM,corridor_period,3.04961795509215,1.0496743383189486,0.0408777350148313,1.013574625078953,0.0675001034123745,1.0639232739166264,43,0.9764115558386438,0.7844932644542346,1.3464572140253994,2.770090988835132,False,False,high,110+10951,26849,30460,30538,mapped_primary_link
corridor-d04770d2dbb04da4b61cf4d50778831b,daily,state_transition,VA244_EB,VA244_EB::110+10951,17,MD,sensor_period,6.554019584154661,1.0000000000000002,4.5399929762484935e-05,3.1145345644267195,0.008454646832524,3.1145345644267204,22,-4.292143437232386,0.0391827583734815,0.2395922545514645,1.4027735957605454,True,False,low,110+10951,26849,30460,30538,mapped_primary_link
corridor-d04770d2dbb04da4b61cf4d50778831b,daily,state_transition,VA244_EB,VA244_EB::110+10950,18,AM,sensor_period,3.7069221193372,1.0000020049826075,0.071611158504457,0.9986541730157338,0.1413276363929698,0.9986561752999816,5,,-6.275768087227185e-05,0.3962821000647806,0.2646590175073734,True,False,low,110+10950,26218,30184,30157,mapped_primary_link
corridor-d04770d2dbb04da4b61cf4d50778831b,daily,state_transition,VA244_EB,VA244_EB::110+10950,18,MD,sensor_period,7.309966722358214,1.0000000000000002,0.0649331873502378,0.9989146717202916,0.2526057415031839,0.9989146717202918,9,,-0.0003118094906415,0.3458240070870639,0.7835350477911578,True,False,low,110+10950,26218,30184,30157,mapped_primary_link
corridor-d04770d2dbb04da4b61cf4d50778831b,daily,state_transition,VA244_EB,VA244_EB::110+10950,18,PM,sensor_period,4.943134584657197,1.000002333085664,0.070006782304664,1.0019635261248394,0.1851415825317364,1.001965863791578,9,,-0.0020755410671202,0.4664325983079627,0.497307468067754,True,False,low,110+10950,26218,30184,30157,mapped_primary_link
corridor-04b8a6d715a048fc872917f4e021b358,daily,state_transition,VA244_WB,VA244_WB::110-10951,2,AM,sensor_period,3.208886027871287,1.0000007738001662,0.0412316612982703,1.0005827112153287,0.0706120649763957,1.0005834854663969,4,,-0.0009705638198944,0.2722802050787483,2.426690893419863,True,False,low,110-10951,27076,30533,30294,mapped_primary_link
corridor-04b8a6d715a048fc872917f4e021b358,daily,state_transition,VA244_WB,VA244_WB::110-10951,2,MD,sensor_period,6.454170430756324,1.0000000000000002,0.0369586377507198,0.9955463520470555,0.1261677529645153,0.995546352047056,8,,-0.0067813768197033,0.173073113227079,1.0464949174124318,True,False,low,110-10951,27076,30533,30294,mapped_primary_link
corridor-04b8a6d715a048fc872917f4e021b358,daily,state_transition,VA244_WB,VA244_WB::110-10950,3,MD,sensor_period,6.711569339119927,1.0000000000751774,4.5399929762484935e-05,3.1399972826416023,0.0095560690150602,3.1399972828776592,21,-5.218152569955146,0.0938938188826583,0.2655194833364164,1.1655915626515996,True,False,low,110-10950,27094,30538,30460,mapped_primary_link
corridor-04b8a6d715a048fc872917f4e021b358,daily,state_transition,VA244_WB,VA244_WB::110-10948,4,AM,sensor_period,3.581492684902585,1.0000000000032208,4.5399929762484935e-05,3.249905981531569,0.0015300655577188,3.249905981542036,3,-1.9801752755297617,0.2275220205528941,0.4068971529575831,0.7590557131091336,True,False,low,110-10948,26116,30155,30153,mapped_primary_link
corridor-04b8a6d715a048fc872917f4e021b358,daily,state_transition,VA244_WB,VA244_WB::110N18846,5,AM,sensor_period,4.1754949033484925,1.000000000032184,0.0012654489867265,2.493693210094096,0.0238286034796362,2.493693210174353,6,-4.05404303459685,1.0,0.418912407751246,2.432376777795247e-15,True,False,low,110N18846,34460,36232,34059,mapped_primary_link
corridor-04b8a6d715a048fc872917f4e021b358,daily,state_transition,VA244_WB,VA244_WB::110N18846,5,MD,sensor_period,8.140071390049203,1.0000000000000002,0.1406088825061641,0.995782022793372,0.6050603431201097,0.9957820227933722,7,,-0.0042122293304962,0.5121468428607932,0.4465143518003076,True,False,low,110N18846,34460,36232,34059,mapped_primary_link
corridor-04b8a6d715a048fc872917f4e021b358,daily,state_transition,VA244_WB,VA244_WB::110N18846,5,PM,sensor_period,5.353108080447889,1.0000000000000002,0.1458333333333333,1.0,0.4163528507015023,1.0000000000000002,3,,,0.6903389573243726,8.881784197001252e-16,True,False,low,110N18846,34460,36232,34059,mapped_primary_link
corridor-04b8a6d715a048fc872917f4e021b358,daily,state_transition,VA244_WB,VA244_WB::110-10947,6,AM,sensor_period,3.3098409015530987,1.0000000000000002,0.0321166303457208,1.0000652553664464,0.0566982611240119,1.0000652553664466,3,,-3.266025688364316e-05,0.3718353532105754,0.6368951797181363,True,False,low,110-10947,26115,30154,30574,mapped_primary_link
corridor-04b8a6d715a048fc872917f4e021b358,daily,state_transition,VA244_WB,VA244_WB::110-10947,6,MD,sensor_period,6.553078465698643,1.0000094810600266,0.0375235575552954,0.9996821050664878,0.1310655513457457,0.9996915831125336,4,,-4.043327919145412e-07,0.1237829648697329,0.865776560710224,True,False,low,110-10947,26115,30154,30574,mapped_primary_link
corridor-04b8a6d715a048fc872917f4e021b358,daily,state_transition,VA244_WB,VA244_WB::110-10947,6,PM,sensor_period,4.405610863292861,1.0000000000000002,0.0360380153758212,1.0043272575373217,0.0852221544080292,1.004327257537322,12,,-0.0037824151938476,0.3533374517468668,1.0413664100771691,True,False,low,110-10947,26115,30154,30574,mapped_primary_link
corridor-04b8a6d715a048fc872917f4e021b358,daily,state_transition,VA244_WB,VA244_WB::110-10949,8,MD,sensor_period,7.447150233057553,1.0000000000000002,0.0702280329985665,0.998422638327252,0.2780506429994899,0.998422638327252,3,,-0.0005886638752456,0.5947054862364632,0.54806634351632,True,False,low,110-10949,26123,30157,30184,mapped_primary_link
corridor-04b8a6d715a048fc872917f4e021b358,daily,state_transition,VA244_WB,VA244_WB::110-10949,8,PM,sensor_period,4.974405501899852,1.0000000000000002,0.0782748710430859,1.0009530493428005,0.2079822645167795,1.0009530493428005,20,,-9.905771652163332e-05,0.4301939070422134,0.77480462741089,True,False,low,110-10949,26123,30157,30184,mapped_primary_link
corridor-04b8a6d715a048fc872917f4e021b358,daily,state_transition,VA244_WB,VA244_WB::110-10944,9,MD,sensor_period,6.365360093638218,1.0000000000000002,0.4102423506866655,0.0777283768343905,0.2526498677382497,0.0777283768343905,5,0.9749163076122732,0.0347482481570793,0.7127024420131208,0.8053156815983543,True,False,low,110-10944,28926,34088,36125,mapped_primary_link
corridor-04b8a6d715a048fc872917f4e021b358,daily,state_transition,VA244_WB,VA244_WB::110-10944,9,PM,sensor_period,4.16574507763557,1.0000000000000002,0.3129184061624329,0.1775175982929914,0.2149988789561903,0.1775175982929914,16,0.9632759440088308,0.0124238092567824,0.3582039225351065,1.0932754085563858,True,False,low,110-10944,28926,34088,36125,mapped_primary_link
corridor-04b8a6d715a048fc872917f4e021b358,daily,state_transition,VA244_WB,VA244_WB::110-10943,10,MD,corridor_period,6.152115796165473,1.07748442326615,0.0075830885821299,1.5471959361853016,0.0672388627013829,1.6670795209803508,92,0.8963856137873588,0.5108970824993782,1.6395949711949285,3.5875991746701845,False,False,high,110-10943,34161,36131,34085,mapped_primary_link
corridor-04b8a6d715a048fc872917f4e021b358,daily,state_transition,VA244_WB,VA244_WB::110-10943,10,PM,sensor_period,4.122689741832857,1.0000000000000002,0.1795079558663307,0.4659075891982012,0.1852250685522396,0.4659075891982013,20,0.9844235212317602,0.0492312624643993,0.2760005120486467,2.485523705477597,True,False,low,110-10943,34161,36131,34085,mapped_primary_link
corridor-04b8a6d715a048fc872917f4e021b358,daily,state_transition,VA244_WB,VA244_WB::110-10946,11,MD,sensor_period,6.57267339759976,1.0000000000000002,0.6981685194250103,0.0500000000000005,0.4091156500450376,0.0500000000000005,6,-0.828783893664583,-0.0065218989784554,0.2519909537111253,0.6696058208117187,True,True,low,110-10946,27212,30576,30577,mapped_primary_link
corridor-04b8a6d715a048fc872917f4e021b358,daily,state_transition,VA244_WB,VA244_WB::110-10946,11,PM,sensor_period,4.376825351923919,1.0000000000000002,0.7207050710461753,0.0500000000288141,0.4138226587764108,0.0500000000288141,11,-28.432748278791685,-0.000960763530996,0.389908525765766,0.877310835685905,True,True,low,110-10946,27212,30576,30577,mapped_primary_link
corridor-04b8a6d715a048fc872917f4e021b358,daily,state_transition,VA244_WB,VA244_WB::110-10945,12,PM,sensor_period,4.488812513136875,1.0000000000202696,0.0443777435272026,1.003109478407577,0.1067390170007276,1.0031094784279095,21,,-0.0057921043564443,0.4296927252570049,1.208829242601982,True,False,low,110-10945,25833,30071,30582,mapped_primary_link
corridor-04b8a6d715a048fc872917f4e021b358,daily,state_transition,VA244_WB,VA244_WB::110-18847,14,MD,sensor_period,6.713360828074789,1.0000000000000002,0.0397662228971474,0.9947301496234624,0.1409597791292838,0.9947301496234624,4,,-0.0190542214791353,0.5475556958966384,1.1930989047601144,True,False,low,110-18847,34311,36180,36232,mapped_primary_link
corridor-04b8a6d715a048fc872917f4e021b358,daily,state_transition,VA244_WB,VA244_WB::110-18847,14,PM,sensor_period,4.368518999268093,1.0000000000000002,0.0416070698741947,0.9982122011888668,0.0966841537330487,0.9982122011888668,18,,-0.0003075840926647,0.3069822225770126,0.924248618049912,True,False,low,110-18847,34311,36180,36232,mapped_primary_link
corridor-04b8a6d715a048fc872917f4e021b358,daily,state_transition,VA244_WB,VA244_WB::110-13706,15,AM,sensor_period,3.0267955833718463,1.000001260603733,0.2209188563681269,0.0723133007028511,0.1276476986096938,0.0723133918612679,7,0.9999908775699524,0.1200637638771789,0.0161184082438529,1.098123578069489,True,False,low,110-13706,34289,36173,36175,mapped_primary_link
corridor-04b8a6d715a048fc872917f4e021b358,daily,state_transition,VA244_WB,VA244_WB::110-13706,15,MD,sensor_period,6.038093600972024,1.0071180152512254,0.0584929695616256,0.5994773714010968,0.091671467161499,0.6037444604734943,5,0.9999360182721736,0.9585360715188485,0.0342179137181507,0.2843337903410244,False,False,medium,110-13706,34289,36173,36175,mapped_primary_link
corridor-04b8a6d715a048fc872917f4e021b358,daily,state_transition,VA244_WB,VA244_WB::110-13706,15,PM,sensor_period,4.066459874595628,1.0000000000000002,0.0416025400455747,0.7099941935832782,0.0600701541893171,0.7099941935832783,11,0.9735160920147972,0.1248829303575177,0.2052644391424368,0.857117221508324,True,False,low,110-13706,34289,36173,36175,mapped_primary_link
corridor-04b8a6d715a048fc872917f4e021b358,daily,state_transition,VA244_WB,VA244_WB::110-13705,16,AM,corridor_period,3.019337562903978,1.070382566313497,0.0107539547331911,1.484584008066581,0.0295825851028684,1.5890728404622845,27,0.8852092497279459,0.5996631791456082,2.3945128290233413,4.599892283722609,False,False,high,110-13705,28806,34054,36171,mapped_primary_link
corridor-04b8a6d715a048fc872917f4e021b358,daily,state_transition,VA244_WB,VA244_WB::110-13705,16,MD,sensor_period,6.060462436489807,1.013852189476479,0.1144572919806604,0.3117329226913471,0.1070471238511444,0.3160511062025242,10,0.997321634817792,-0.0559171694931088,0.1652045435413272,3.830503187895926,False,False,high,110-13705,28806,34054,36171,mapped_primary_link
corridor-04b8a6d715a048fc872917f4e021b358,daily,state_transition,VA244_WB,VA244_WB::110-13705,16,PM,sensor_period,4.055960613549986,1.0000000000000002,0.0177461452390198,1.0461830514823651,0.040952471100967,1.0461830514823656,13,0.9939384429446124,0.5023748192845534,0.1950311954600959,1.1316281023782493,True,False,low,110-13705,28806,34054,36171,mapped_primary_link
corridor-04b8a6d715a048fc872917f4e021b358,daily,state_transition,VA244_WB,VA244_WB::110N10950,20,MD,corridor_period,6.152115796165473,1.07748442326615,0.0075830885821299,1.5471959361853016,0.0672388627013829,1.6670795209803508,92,0.8963856137873588,0.5108970824993782,1.6395949711949285,3.5875991746701845,False,False,high,110N10950,26847,30460,30462,mapped_primary_link
corridor-04b8a6d715a048fc872917f4e021b358,daily,state_transition,VA244_WB,VA244_WB::110N10950,20,PM,sensor_period,5.012546407891719,1.0000000000000002,1.830005343992204,0.05,1.0579228711793611,0.05,22,-29.528388708291715,-0.0027662508999652,0.5754517462206288,1.544431173613498,True,True,low,110N10950,26847,30460,30462,mapped_primary_link
corridor-04b8a6d715a048fc872917f4e021b358,daily,state_transition,VA244_WB,VA244_WB::110N10952,21,AM,corridor_period,3.019337562903978,1.070382566313497,0.0107539547331911,1.484584008066581,0.0295825851028684,1.5890728404622845,27,0.8852092497279459,0.5996631791456082,2.3945128290233413,4.599892283722609,False,False,high,110N10952,26838,30457,30459,mapped_primary_link
corridor-04b8a6d715a048fc872917f4e021b358,daily,state_transition,VA244_WB,VA244_WB::110N10952,21,MD,sensor_period,7.150035626679833,1.0000000000000002,0.0658199443301253,0.9963812723484784,0.2492142867777289,0.9963812723484788,16,,-0.0013883270368182,0.5522416061053718,1.1260252505986903,True,False,low,110N10952,26838,30457,30459,mapped_primary_link
corridor-04b8a6d715a048fc872917f4e021b358,daily,state_transition,VA244_WB,VA244_WB::110N10952,21,PM,corridor_period,3.827036261948277,1.095424904575212,0.0010251774808445,2.203520859578835,0.0105231953615065,2.4137916273336346,168,0.8343780984663812,0.55416564983177,1.7428454425427815,3.4079435728633785,False,False,high,110N10952,26838,30457,30459,mapped_primary_link
corridor-7378b67352544025b1b5dd08d81c7ab9,daily,state_transition,VA267_EB,VA267_EB::110N04227,2,AM,corridor_period,3.534453002293241,1.0000000018243498,0.2567604752515188,1.4336368537726074,0.8368003025458308,1.4336368563880626,9,0.873682632259647,0.2639712968647657,0.2094282624959367,6.62445234370903,True,False,low,110N04227,31843,35086,35084,mapped_primary_link
corridor-7378b67352544025b1b5dd08d81c7ab9,daily,state_transition,VA267_EB,VA267_EB::110N04227,2,PM,corridor_period,4.952428954112161,1.0914554105466163,0.1481315829893249,2.3037871770751024,3.150357034663672,2.514480979166537,14,0.741123836264097,0.4703859486717817,0.2174880082759435,3.606450143161581,False,False,high,110N04227,31843,35086,35084,mapped_primary_link
corridor-7378b67352544025b1b5dd08d81c7ab9,daily,state_transition,VA267_EB,VA267_EB::110N04228,3,AM,corridor_period,3.534453002293241,1.0000000018243498,0.2567604752515188,1.4336368537726074,0.8368003025458308,1.4336368563880626,9,0.873682632259647,0.2639712968647657,0.2094282624959367,6.62445234370903,True,False,low,110N04228,31967,35142,35151,mapped_primary_link
corridor-7378b67352544025b1b5dd08d81c7ab9,daily,state_transition,VA267_EB,VA267_EB::110N04228,3,MD,corridor_period,6.494921605663574,1.0000000143809262,0.4337693661932625,0.0500000000000022,0.2540307564645601,0.0500000007190485,5,0.8907816708509627,-0.0157528555805739,0.1854825427956678,7.0211120040646025,True,True,low,110N04228,31967,35142,35151,mapped_primary_link
corridor-7378b67352544025b1b5dd08d81c7ab9,daily,state_transition,VA267_EB,VA267_EB::110-04231,10,AM,corridor_period,3.534453002293241,1.0000000018243498,0.2567604752515188,1.4336368537726074,0.8368003025458308,1.4336368563880626,9,0.873682632259647,0.2639712968647657,0.2094282624959367,6.62445234370903,True,False,low,110-04231,31863,35096,35416,mapped_primary_link
corridor-7378b67352544025b1b5dd08d81c7ab9,daily,state_transition,VA267_EB,VA267_EB::110-04232,15,AM,corridor_period,3.534453002293241,1.0000000018243498,0.2567604752515188,1.4336368537726074,0.8368003025458308,1.4336368563880626,9,0.873682632259647,0.2639712968647657,0.2094282624959367,6.62445234370903,True,False,low,110-04232,31874,35100,35410,mapped_primary_link
corridor-7378b67352544025b1b5dd08d81c7ab9,daily,state_transition,VA267_EB,VA267_EB::110-04226,19,PM,sensor_period,4.773533690886084,1.0000000211189255,0.1097760184547264,2.5630794053532955,3.216821821769596,2.5630794594827786,12,0.6654644199639468,0.7652316078276729,0.215553415665369,2.1403659856304897,True,False,low,110-04226,30304,34509,35239,mapped_primary_link
corridor-7378b67352544025b1b5dd08d81c7ab9,daily,state_transition,VA267_EB,VA267_EB::110-04227,20,AM,corridor_period,3.534453002293241,1.0000000018243498,0.2567604752515188,1.4336368537726074,0.8368003025458308,1.4336368563880626,9,0.873682632259647,0.2639712968647657,0.2094282624959367,6.62445234370903,True,False,low,110-04227,31980,35151,35011,mapped_primary_link
corridor-7378b67352544025b1b5dd08d81c7ab9,daily,state_transition,VA267_EB,VA267_EB::110-04227,20,MD,corridor_period,6.494921605663574,1.0000000143809262,0.4337693661932625,0.0500000000000022,0.2540307564645601,0.0500000007190485,5,0.8907816708509627,-0.0157528555805739,0.1854825427956678,7.0211120040646025,True,True,low,110-04227,31980,35151,35011,mapped_primary_link
corridor-7378b67352544025b1b5dd08d81c7ab9,daily,state_transition,VA267_EB,VA267_EB::110-04227,20,PM,corridor_period,4.952428954112161,1.0914554105466163,0.1481315829893249,2.3037871770751024,3.150357034663672,2.514480979166537,14,0.741123836264097,0.4703859486717817,0.2174880082759435,3.606450143161581,False,False,high,110-04227,31980,35151,35011,mapped_primary_link
corridor-7378b67352544025b1b5dd08d81c7ab9,daily,state_transition,VA267_EB,VA267_EB::110-04228,21,AM,corridor_period,3.534453002293241,1.0000000018243498,0.2567604752515188,1.4336368537726074,0.8368003025458308,1.4336368563880626,9,0.873682632259647,0.2639712968647657,0.2094282624959367,6.62445234370903,True,False,low,110-04228,32515,35432,35435,mapped_primary_link
corridor-7378b67352544025b1b5dd08d81c7ab9,daily,state_transition,VA267_EB,VA267_EB::110N04233,31,AM,corridor_period,3.534453002293241,1.0000000018243498,0.2567604752515188,1.4336368537726074,0.8368003025458308,1.4336368563880626,9,0.873682632259647,0.2639712968647657,0.2094282624959367,6.62445234370903,True,False,low,110N04233,31878,35102,35100,mapped_primary_link
corridor-7378b67352544025b1b5dd08d81c7ab9,daily,state_transition,VA267_EB,VA267_EB::110N04230,35,MD,corridor_period,6.494921605663574,1.0000000143809262,0.4337693661932625,0.0500000000000022,0.2540307564645601,0.0500000007190485,5,0.8907816708509627,-0.0157528555805739,0.1854825427956678,7.0211120040646025,True,True,low,110N04230,31851,35090,35088,mapped_primary_link
corridor-7378b67352544025b1b5dd08d81c7ab9,daily,state_transition,VA267_EB,VA267_EB::110N04232,37,AM,corridor_period,3.534453002293241,1.0000000018243498,0.2567604752515188,1.4336368537726074,0.8368003025458308,1.4336368563880626,9,0.873682632259647,0.2639712968647657,0.2094282624959367,6.62445234370903,True,False,low,110N04232,31867,35098,35096,mapped_primary_link
corridor-7378b67352544025b1b5dd08d81c7ab9,daily,state_transition,VA267_EB,VA267_EB::110N04232,37,MD,corridor_period,6.494921605663574,1.0000000143809262,0.4337693661932625,0.0500000000000022,0.2540307564645601,0.0500000007190485,5,0.8907816708509627,-0.0157528555805739,0.1854825427956678,7.0211120040646025,True,True,low,110N04232,31867,35098,35096,mapped_primary_link
corridor-d9f4a81897d54ca59ea25c52254a59d1,daily,state_transition,VA267_WB,VA267_WB::110P17099,2,PM,sensor_period,4.922536065891149,1.100509671562815,0.1482923295100452,2.494106807038486,4.21221450751332,2.744788663056507,12,0.8708294093199296,0.3630001889220706,0.2361848985540318,8.148143972258362,False,False,high,110P17099,36688,38302,38304,mapped_primary_link
corridor-d9f4a81897d54ca59ea25c52254a59d1,daily,state_transition,VA267_WB,VA267_WB::110P04226,5,MD,corridor_period,7.216193161900067,1.0154258480113028,0.7699968424620166,0.5792320481744629,1.2901709525386336,0.5881671937128778,5,0.990557661408275,0.3552021822202718,0.2101021963624236,6.563864505036089,False,False,medium,110P04226,32546,35462,35167,mapped_primary_link
corridor-d9f4a81897d54ca59ea25c52254a59d1,daily,state_transition,VA267_WB,VA267_WB::110P04233,12,PM,corridor_period,4.921162870656323,1.0985676899306525,0.1071305441697308,2.740073976868936,4.500169167565683,3.010156739008003,13,0.876162843810718,0.3990209528409399,0.2266828007947978,7.624959177599057,False,False,high,110P04233,32061,35196,35197,mapped_primary_link
corridor-d9f4a81897d54ca59ea25c52254a59d1,daily,state_transition,VA267_WB,VA267_WB::110+04228,41,MD,corridor_period,7.216193161900067,1.0154258480113028,0.7699968424620166,0.5792320481744629,1.2901709525386336,0.5881671937128778,5,0.990557661408275,0.3552021822202718,0.2101021963624236,6.563864505036089,False,False,medium,110+04228,32048,35189,35046,mapped_primary_link
corridor-d9f4a81897d54ca59ea25c52254a59d1,daily,state_transition,VA267_WB,VA267_WB::110+04227,42,MD,sensor_period,7.1930237183485,1.0000004377116771,0.8686278228672664,0.4960370833988794,1.2327991929290396,0.4960373005201032,3,0.997655382320881,0.997606804529268,0.105685846309935,0.1588536786758756,True,False,low,110+04227,32011,35167,35165,mapped_primary_link
corridor-50bc495d79624c068a5c9e1defc7ddd6,daily,state_transition,VA286_NB,VA286_NB::110P05629,1,AM,sensor_period,3.0291803494526457,1.0086428186245875,0.1682214283434104,0.0500000990310094,0.0948301305260255,0.0504322408181459,9,0.9990663233985428,-0.018189589903103,0.013686185146804,1.289559051495468,False,True,low,110P05629,32276,35286,34566,mapped_primary_link
corridor-50bc495d79624c068a5c9e1defc7ddd6,daily,state_transition,VA286_NB,VA286_NB::110P05629,1,MD,corridor_period,6.389623793730075,1.0118849208390128,0.2269929833278179,0.6595660010960251,0.4114104093054828,0.6674048908071557,55,0.9929456884441002,0.2858672997189959,0.4094861965688157,6.862192264748418,False,False,high,110P05629,32276,35286,34566,mapped_primary_link
corridor-50bc495d79624c068a5c9e1defc7ddd6,daily,state_transition,VA286_NB,VA286_NB::110P05628,3,AM,sensor_period,3.254599684632029,1.0000000000000002,0.7537908431605717,0.05,0.4264562309778923,0.05,3,0.7652340509650142,-0.0337048121088776,0.2616742283868835,1.55749272774125,True,True,low,110P05628,32280,35287,35286,mapped_primary_link
corridor-50bc495d79624c068a5c9e1defc7ddd6,daily,state_transition,VA286_NB,VA286_NB::110P05628,3,MD,sensor_period,6.302632043297907,1.0128840100571803,0.4854145570369439,0.2314169480603259,0.3964007380627995,0.2343985263465372,10,0.9999117437997616,0.5708886905131125,0.0360526446881736,0.6966714195512461,False,False,high,110P05628,32280,35287,35286,mapped_primary_link
corridor-50bc495d79624c068a5c9e1defc7ddd6,daily,state_transition,VA286_NB,VA286_NB::110P05628,3,PM,sensor_period,4.24056439895562,1.0000000097600137,0.6104701116579386,0.064134333479727,0.3571926652445984,0.0641343341056789,8,0.9926961821982436,0.0172280975011998,0.2199722549246525,0.9626734045492736,True,False,low,110P05628,32280,35287,35286,mapped_primary_link
corridor-50bc495d79624c068a5c9e1defc7ddd6,daily,state_transition,VA286_NB,VA286_NB::110P05633,7,AM,sensor_period,3.0472339939249173,1.0239740015159395,0.1159896079665482,0.7529139886515925,0.1431387623997224,0.7709643497568979,3,0.999853160238918,0.7282280013637956,0.0205962072779618,0.9026708855145232,False,False,low,110P05633,32932,35730,35728,mapped_primary_link
corridor-50bc495d79624c068a5c9e1defc7ddd6,daily,state_transition,VA286_NB,VA286_NB::110P05633,7,MD,sensor_period,6.175097904394831,1.013295644539731,0.5908677975390305,0.050000000000131,0.3451606210680285,0.0506647822271193,4,0.9982430188613156,-0.0307861382654734,0.11246729105395,1.0681291436365186,False,True,low,110P05633,32932,35730,35728,mapped_primary_link
corridor-50bc495d79624c068a5c9e1defc7ddd6,daily,state_transition,VA286_NB,VA286_NB::110P05633,7,PM,corridor_period,4.1485823429079804,1.0000000000000184,0.0994297736139046,0.8887779687725834,0.1877979433236402,0.8887779687725998,83,0.9957575851970848,0.2377390595993913,0.2212411161369535,6.059917442845074,True,False,low,110P05633,32932,35730,35728,mapped_primary_link
corridor-50bc495d79624c068a5c9e1defc7ddd6,daily,state_transition,VA286_NB,VA286_NB::110P05602,14,MD,corridor_period,6.389623793730075,1.0118849208390128,0.2269929833278179,0.6595660010960251,0.4114104093054828,0.6674048908071557,55,0.9929456884441002,0.2858672997189959,0.4094861965688157,6.862192264748418,False,False,high,110P05602,32181,35253,34206,mapped_primary_link
corridor-50bc495d79624c068a5c9e1defc7ddd6,daily,state_transition,VA286_NB,VA286_NB::110P05602,14,PM,corridor_period,4.1485823429079804,1.0000000000000184,0.0994297736139046,0.8887779687725834,0.1877979433236402,0.8887779687725998,83,0.9957575851970848,0.2377390595993913,0.2212411161369535,6.059917442845074,True,False,low,110P05602,32181,35253,34206,mapped_primary_link
corridor-50bc495d79624c068a5c9e1defc7ddd6,daily,state_transition,VA286_NB,VA286_NB::110P05619,16,PM,corridor_period,4.1485823429079804,1.0000000000000184,0.0994297736139046,0.8887779687725834,0.1877979433236402,0.8887779687725998,83,0.9957575851970848,0.2377390595993913,0.2212411161369535,6.059917442845074,True,False,low,110P05619,31811,35074,35072,mapped_primary_link
corridor-50bc495d79624c068a5c9e1defc7ddd6,daily,state_transition,VA286_NB,VA286_NB::110P05614,18,AM,sensor_period,3.4160804657737307,1.0000009062627733,1.1784341031903125,0.0500000000034173,0.6683138089611701,0.050000045316556,3,0.8755380225410725,-0.1085980393183905,0.2314903796065217,3.916498007174396,True,True,low,110P05614,32874,35710,35712,mapped_primary_link
corridor-50bc495d79624c068a5c9e1defc7ddd6,daily,state_transition,VA286_NB,VA286_NB::110P05614,18,MD,sensor_period,7.553220304625782,1.1909391727968193,0.9807918380961568,0.5685418409588949,1.651316959702405,0.6770987497719672,5,0.9632156014763162,0.2578126009666693,0.3047631970437071,1.5930548381195753,False,False,medium,110P05614,32874,35710,35712,mapped_primary_link
corridor-50bc495d79624c068a5c9e1defc7ddd6,daily,state_transition,VA286_NB,VA286_NB::110+05616,28,AM,sensor_period,3.263043201040071,1.033158992937638,0.5145894518436982,0.5163301295465054,0.5054271261975749,0.5334511166656276,13,0.98443821283703,0.1522527515487649,0.0656987374471922,2.0928037339724868,False,False,high,110+05616,28855,34068,34403,mapped_primary_link
corridor-50bc495d79624c068a5c9e1defc7ddd6,daily,state_transition,VA286_NB,VA286_NB::110+05616,28,MD,corridor_period,6.389623793730075,1.0118849208390128,0.2269929833278179,0.6595660010960251,0.4114104093054828,0.6674048908071557,55,0.9929456884441002,0.2858672997189959,0.4094861965688157,6.862192264748418,False,False,high,110+05616,28855,34068,34403,mapped_primary_link
corridor-50bc495d79624c068a5c9e1defc7ddd6,daily,state_transition,VA286_NB,VA286_NB::110+05616,28,PM,corridor_period,4.1485823429079804,1.0000000000000184,0.0994297736139046,0.8887779687725834,0.1877979433236402,0.8887779687725998,83,0.9957575851970848,0.2377390595993913,0.2212411161369535,6.059917442845074,True,False,low,110+05616,28855,34068,34403,mapped_primary_link
corridor-50bc495d79624c068a5c9e1defc7ddd6,daily,state_transition,VA286_NB,VA286_NB::110+05615,29,AM,sensor_period,3.14089084949263,1.0000000275754604,0.8441850705756908,0.0500000000019224,0.4767481731338403,0.0500000013806954,9,0.9983101738445948,-0.0164177452723373,0.1266503442327943,4.443638988488842,True,True,low,110+05615,32879,35712,35273,mapped_primary_link
corridor-50bc495d79624c068a5c9e1defc7ddd6,daily,state_transition,VA286_NB,VA286_NB::110+05615,29,MD,sensor_period,6.6770160876618245,1.0571510056290323,0.1788935359862012,1.2767858010763933,1.077478232830222,1.3497553935807791,7,0.9551715553032104,0.1793900801152755,0.5020414755198547,8.131170167924388,False,False,medium,110+05615,32879,35712,35273,mapped_primary_link
corridor-50bc495d79624c068a5c9e1defc7ddd6,daily,state_transition,VA286_NB,VA286_NB::110+05615,29,PM,sensor_period,4.191097306048212,1.066016830038203,0.03676279300255,1.6973789540847573,0.2232200711441097,1.8094345320069931,5,0.9906429696393724,0.8662201884363006,0.3376616871133729,3.1141373740342604,False,False,medium,110+05615,32879,35712,35273,mapped_primary_link
corridor-50bc495d79624c068a5c9e1defc7ddd6,daily,state_transition,VA286_NB,VA286_NB::110+05613,31,AM,sensor_period,3.072786434610049,1.029494096671863,0.1220060603969715,0.9952866159645488,0.1988907481386712,1.024641695632019,8,0.999346627230939,0.22212447149288,0.0165254167744252,3.174402006239558,False,False,medium,110+05613,29495,34267,34287,mapped_primary_link
corridor-50bc495d79624c068a5c9e1defc7ddd6,daily,state_transition,VA286_NB,VA286_NB::110+05613,31,PM,corridor_period,4.1485823429079804,1.0000000000000184,0.0994297736139046,0.8887779687725834,0.1877979433236402,0.8887779687725998,83,0.9957575851970848,0.2377390595993913,0.2212411161369535,6.059917442845074,True,False,low,110+05613,29495,34267,34287,mapped_primary_link
corridor-50bc495d79624c068a5c9e1defc7ddd6,daily,state_transition,VA286_NB,VA286_NB::110+05619,32,AM,corridor_period,3.146315799914229,1.015609771882314,0.1628985207028499,0.9769331624085852,0.2662167973814934,0.992182866218051,103,0.9917485975996234,0.1716786138737245,0.1664896154426141,6.0380480394004,False,False,high,110+05619,29770,34349,35074,mapped_primary_link
corridor-50bc495d79624c068a5c9e1defc7ddd6,daily,state_transition,VA286_NB,VA286_NB::110+05619,32,MD,corridor_period,6.389623793730075,1.0118849208390128,0.2269929833278179,0.6595660010960251,0.4114104093054828,0.6674048908071557,55,0.9929456884441002,0.2858672997189959,0.4094861965688157,6.862192264748418,False,False,high,110+05619,29770,34349,35074,mapped_primary_link
corridor-50bc495d79624c068a5c9e1defc7ddd6,daily,state_transition,VA286_NB,VA286_NB::110+05618,33,MD,corridor_period,6.389623793730075,1.0118849208390128,0.2269929833278179,0.6595660010960251,0.4114104093054828,0.6674048908071557,55,0.9929456884441002,0.2858672997189959,0.4094861965688157,6.862192264748418,False,False,high,110+05618,29805,34359,34349,mapped_primary_link
corridor-50bc495d79624c068a5c9e1defc7ddd6,daily,state_transition,VA286_NB,VA286_NB::110+05618,33,PM,corridor_period,4.1485823429079804,1.0000000000000184,0.0994297736139046,0.8887779687725834,0.1877979433236402,0.8887779687725998,83,0.9957575851970848,0.2377390595993913,0.2212411161369535,6.059917442845074,True,False,low,110+05618,29805,34359,34349,mapped_primary_link
corridor-50bc495d79624c068a5c9e1defc7ddd6,daily,state_transition,VA286_NB,VA286_NB::110+05617,34,MD,corridor_period,6.389623793730075,1.0118849208390128,0.2269929833278179,0.6595660010960251,0.4114104093054828,0.6674048908071557,55,0.9929456884441002,0.2858672997189959,0.4094861965688157,6.862192264748418,False,False,high,110+05617,29963,34403,34359,mapped_primary_link
corridor-50bc495d79624c068a5c9e1defc7ddd6,daily,state_transition,VA286_NB,VA286_NB::110+05612,35,AM,sensor_period,3.289827205824724,1.0546565871968503,0.3766075120393237,1.173609832644082,0.8125444483624242,1.2377553407970745,12,0.935648130917064,0.2985763549097016,0.1910632404342199,4.98773760064118,False,False,high,110+05612,29499,34268,34267,mapped_primary_link
corridor-50bc495d79624c068a5c9e1defc7ddd6,daily,state_transition,VA286_NB,VA286_NB::110+05612,35,MD,sensor_period,6.20725370063522,1.0000000020472295,0.5154643532685411,0.0500000046012489,0.301191244934589,0.0500000047036104,3,0.996022815570094,-0.0997110229052293,0.0647930483960771,6.304553365414856,True,True,low,110+05612,29499,34268,34267,mapped_primary_link
corridor-50bc495d79624c068a5c9e1defc7ddd6,daily,state_transition,VA286_NB,VA286_NB::110+05612,35,PM,sensor_period,4.057308931596164,1.0000003323936668,0.2022367926451542,0.0500000010824297,0.1156833353130248,0.0500000177021134,10,0.9995129875052128,-0.04810732292851,0.0248207736766183,3.5763923033956107,True,True,low,110+05612,29499,34268,34267,mapped_primary_link
corridor-50bc495d79624c068a5c9e1defc7ddd6,daily,state_transition,VA286_NB,VA286_NB::110+05610,37,AM,corridor_period,3.146315799914229,1.015609771882314,0.1628985207028499,0.9769331624085852,0.2662167973814934,0.992182866218051,103,0.9917485975996234,0.1716786138737245,0.1664896154426141,6.0380480394004,False,False,high,110+05610,35149,36452,36486,mapped_primary_link
corridor-50bc495d79624c068a5c9e1defc7ddd6,daily,state_transition,VA286_NB,VA286_NB::110+05610,37,PM,sensor_period,4.261954317000732,1.0364337715857488,0.2260506315369435,1.159642977509291,0.6476283695177554,1.201893144872882,8,0.9892740392612088,0.265955824568106,0.051376958848903,3.74298523356592,False,False,medium,110+05610,35149,36452,36486,mapped_primary_link
corridor-50bc495d79624c068a5c9e1defc7ddd6,daily,state_transition,VA286_NB,VA286_NB::110+05603,39,AM,corridor_period,3.146315799914229,1.015609771882314,0.1628985207028499,0.9769331624085852,0.2662167973814934,0.992182866218051,103,0.9917485975996234,0.1716786138737245,0.1664896154426141,6.0380480394004,False,False,high,110+05603,34977,36397,34204,mapped_primary_link
corridor-50bc495d79624c068a5c9e1defc7ddd6,daily,state_transition,VA286_NB,VA286_NB::110+05603,39,MD,corridor_period,6.389623793730075,1.0118849208390128,0.2269929833278179,0.6595660010960251,0.4114104093054828,0.6674048908071557,55,0.9929456884441002,0.2858672997189959,0.4094861965688157,6.862192264748418,False,False,high,110+05603,34977,36397,34204,mapped_primary_link
corridor-50bc495d79624c068a5c9e1defc7ddd6,daily,state_transition,VA286_NB,VA286_NB::110+05603,39,PM,sensor_period,4.209826806889485,1.0000000000000002,1.319681850765995,0.0500000016154832,0.7562775078497981,0.0500000016154832,6,0.9797471772015528,-0.0959382282219263,0.2247029425560579,2.636821950298418,True,True,low,110+05603,34977,36397,34204,mapped_primary_link
corridor-50bc495d79624c068a5c9e1defc7ddd6,daily,state_transition,VA286_NB,VA286_NB::110+05609,41,PM,sensor_period,4.318901269736427,1.0000000009222976,0.1333123191764366,1.5722431955464806,0.7093005910648422,1.572243196996557,7,0.8998703605706855,0.0276685327751887,0.1829253692839065,5.460731856074431,True,False,low,110+05609,32323,35301,36452,mapped_primary_link
corridor-50bc495d79624c068a5c9e1defc7ddd6,daily,state_transition,VA286_NB,VA286_NB::110+05630,45,AM,sensor_period,3.071177623857397,1.047492128101681,0.0443112424005891,1.0803608018613269,0.0794287641183536,1.1316694354593595,3,0.99967974520787,0.5868837461377611,0.013170852126458,0.9590566034820256,False,False,low,110+05630,30500,34566,36627,mapped_primary_link
corridor-50bc495d79624c068a5c9e1defc7ddd6,daily,state_transition,VA286_NB,VA286_NB::110+05630,45,PM,corridor_period,4.1485823429079804,1.0000000000000184,0.0994297736139046,0.8887779687725834,0.1877979433236402,0.8887779687725998,83,0.9957575851970848,0.2377390595993913,0.2212411161369535,6.059917442845074,True,False,low,110+05630,30500,34566,36627,mapped_primary_link
corridor-50bc495d79624c068a5c9e1defc7ddd6,daily,state_transition,VA286_NB,VA286_NB::110+05631,48,PM,corridor_period,4.1485823429079804,1.0000000000000184,0.0994297736139046,0.8887779687725834,0.1877979433236402,0.8887779687725998,83,0.9957575851970848,0.2377390595993913,0.2212411161369535,6.059917442845074,True,False,low,110+05631,31016,34721,34406,mapped_primary_link
corridor-50bc495d79624c068a5c9e1defc7ddd6,daily,state_transition,VA286_NB,VA286_NB::110+05627,49,AM,sensor_period,3.219767004576416,1.048294250756845,0.1957642329668317,1.3604599839304057,0.5123973936750983,1.4261623795389933,15,0.9815528867929472,0.3251089259806881,0.1217761443765779,4.984760918174923,False,False,high,110+05627,32247,35274,35275,mapped_primary_link
corridor-50bc495d79624c068a5c9e1defc7ddd6,daily,state_transition,VA286_NB,VA286_NB::110+05627,49,MD,sensor_period,6.24344800868024,1.0000000007700076,0.4927007192166995,0.05,0.2879739139973331,0.0500000000385003,3,0.9954500643884784,-0.0347533903164369,0.1743447665603155,7.038930651742999,True,True,low,110+05627,32247,35274,35275,mapped_primary_link
corridor-50bc495d79624c068a5c9e1defc7ddd6,daily,state_transition,VA286_NB,VA286_NB::110+05627,49,PM,sensor_period,4.073108067847905,1.0000000427467586,0.1177199025483164,0.0500000000270217,0.0673511349480364,0.0500000021643596,13,0.9824653925517992,-0.0955538827336472,0.1466398275217862,6.267079962399856,True,True,low,110+05627,32247,35274,35275,mapped_primary_link
corridor-50bc495d79624c068a5c9e1defc7ddd6,daily,state_transition,VA286_NB,VA286_NB::110+05625,51,AM,sensor_period,3.0227299716506004,1.0054840456716552,0.0516061137265942,1.1212852397689987,0.0951403152067679,1.1274344192348449,7,0.9998388271570856,0.299332101156058,0.0053263223329643,1.4699892447367229,False,False,medium,110+05625,32074,35202,35249,mapped_primary_link
corridor-50bc495d79624c068a5c9e1defc7ddd6,daily,state_transition,VA286_NB,VA286_NB::110+05624,52,MD,sensor_period,6.022335778705521,1.000002350377341,0.0723334224709656,0.0500000000000349,0.0422013156512329,0.050000117518902,3,0.9999617751765952,-0.1648736642861537,0.007286290723463,0.8934478681004042,True,True,low,110+05624,32174,35250,35202,mapped_primary_link
corridor-50bc495d79624c068a5c9e1defc7ddd6,daily,state_transition,VA286_NB,VA286_NB::110+05628,54,AM,sensor_period,3.0005779735012377,1.0589008679695058,0.0044820037810633,3.014602447840732,0.065622694249668,3.192165148601548,3,0.9993606112841824,0.9345660225522602,0.0206460442670838,0.985184248674265,False,False,low,110+05628,32252,35275,35287,mapped_primary_link
corridor-50bc495d79624c068a5c9e1defc7ddd6,daily,state_transition,VA286_NB,VA286_NB::110+05628,54,MD,sensor_period,6.226752597940449,1.0215932888651011,0.081893697766957,1.0387142474202815,0.2919174525385326,1.061143504213124,8,0.9988253156994245,0.2922383742329703,0.1782167642742766,5.663235352675717,False,False,medium,110+05628,32252,35275,35287,mapped_primary_link
corridor-50bc495d79624c068a5c9e1defc7ddd6,daily,state_transition,VA286_NB,VA286_NB::110+05628,54,PM,sensor_period,4.090490808915913,1.0024363358618502,0.1642883054637184,0.4927079331651132,0.1754009662197788,0.4939083351721015,14,0.9993315550112284,0.2134456587174905,0.0498704192342522,1.377845003349667,False,False,high,110+05628,32252,35275,35287,mapped_primary_link
corridor-50bc495d79624c068a5c9e1defc7ddd6,daily,state_transition,VA286_NB,VA286_NB::110+05622,56,AM,sensor_period,3.040076600138604,1.0076787846835942,0.1768019097425029,0.0500000000000137,0.0996850213091443,0.0503839392341936,11,0.9995661270788476,-0.0518819576496465,0.0160258437916963,1.6759841816930685,False,True,low,110+05622,32241,35272,35244,mapped_primary_link
corridor-50bc495d79624c068a5c9e1defc7ddd6,daily,state_transition,VA286_NB,VA286_NB::110+05622,56,MD,corridor_period,6.389623793730075,1.0118849208390128,0.2269929833278179,0.6595660010960251,0.4114104093054828,0.6674048908071557,55,0.9929456884441002,0.2858672997189959,0.4094861965688157,6.862192264748418,False,False,high,110+05622,32241,35272,35244,mapped_primary_link
corridor-50bc495d79624c068a5c9e1defc7ddd6,daily,state_transition,VA286_NB,VA286_NB::110+05622,56,PM,sensor_period,4.101618538528348,1.0042259600609675,0.0949295375669309,0.5930595623220272,0.1169281492845578,0.5955658083461749,3,0.9997985071465872,0.9811347363602668,0.0093141756179292,0.1019793655719795,False,False,low,110+05622,32241,35272,35244,mapped_primary_link
corridor-dabf9b8792dc4020bf3889d7468da2d0,daily,state_transition,VA286_SB,VA286_SB::110-18170,1,AM,corridor_period,3.068802992429398,1.007297816104362,0.1478877313306665,0.4892442043668498,0.1365141407824427,0.4928146186004439,53,0.9950739537266856,-0.0863363109648793,0.0929537127435429,5.231967858062032,False,False,high,110-18170,32349,35313,34227,mapped_primary_link
corridor-dabf9b8792dc4020bf3889d7468da2d0,daily,state_transition,VA286_SB,VA286_SB::110-05623,7,AM,corridor_period,3.068802992429398,1.007297816104362,0.1478877313306665,0.4892442043668498,0.1365141407824427,0.4928146186004439,53,0.9950739537266856,-0.0863363109648793,0.0929537127435429,5.231967858062032,False,False,high,110-05623,32075,35202,35250,mapped_primary_link
corridor-dabf9b8792dc4020bf3889d7468da2d0,daily,state_transition,VA286_SB,VA286_SB::110-05625,9,PM,sensor_period,4.204878345395567,1.0551058676446197,0.0502010415551271,2.4139534238964675,0.8578733899897483,2.5469764217739828,8,0.9965071351928332,0.2845629427963344,0.0290261467421613,5.459182250633203,False,False,medium,110-05625,32298,35294,35314,mapped_primary_link
corridor-dabf9b8792dc4020bf3889d7468da2d0,daily,state_transition,VA286_SB,VA286_SB::110-05624,10,MD,corridor_period,6.2444058532620055,1.0068309120958825,0.1025528520700138,0.8099219572542152,0.2411194239883976,0.8154544629487437,57,0.996612937701504,0.3912847793269765,0.2810588090900812,5.056203664600229,False,False,high,110-05624,32169,35249,35202,mapped_primary_link
corridor-dabf9b8792dc4020bf3889d7468da2d0,daily,state_transition,VA286_SB,VA286_SB::110-05624,10,PM,sensor_period,4.32736884629062,1.074248415834609,0.0302428973477156,2.560175452658716,0.6862256871238316,2.7502644242772787,14,0.9499508067709702,0.7193961955733896,0.1865257351814382,3.275440659297012,False,False,high,110-05624,32169,35249,35202,mapped_primary_link
corridor-dabf9b8792dc4020bf3889d7468da2d0,daily,state_transition,VA286_SB,VA286_SB::110-05621,11,MD,sensor_period,6.135938033220256,1.0135348865020375,0.0702779912344854,0.5313797234856411,0.0982838220145134,0.5385718877325033,3,0.9998774983446636,0.8979538638998974,0.006777766649213,0.1794280415476511,False,False,low,110-05621,32150,35244,35272,mapped_primary_link
corridor-dabf9b8792dc4020bf3889d7468da2d0,daily,state_transition,VA286_SB,VA286_SB::110-05627,13,AM,sensor_period,3.0471132451249123,1.0291370851344954,0.0267370847141062,1.953928055583304,0.1257755663242375,2.010859823685513,7,0.9984674672030855,0.2524009919165078,0.0360272320675332,2.4437434204640622,False,False,medium,110-05627,32279,35287,35275,mapped_primary_link
corridor-dabf9b8792dc4020bf3889d7468da2d0,daily,state_transition,VA286_SB,VA286_SB::110-05627,13,MD,sensor_period,6.42629579689602,1.0000000000000029,0.1186172666420454,0.6414974176232665,0.2086658363158064,0.6414974176232682,3,0.9767534944620626,0.7541868025486423,0.4323663362253278,1.0319774630217264,True,False,low,110-05627,32279,35287,35275,mapped_primary_link
corridor-dabf9b8792dc4020bf3889d7468da2d0,daily,state_transition,VA286_SB,VA286_SB::110-05627,13,PM,sensor_period,4.1199018048908735,1.0000000000485254,0.3755128365044765,0.2485573205723674,0.2847463376973383,0.2485573205844287,10,0.9718217182336728,-0.0136498167398797,0.164097137430689,1.751324672036836,True,False,low,110-05627,32279,35287,35275,mapped_primary_link
corridor-dabf9b8792dc4020bf3889d7468da2d0,daily,state_transition,VA286_SB,VA286_SB::110-05626,14,AM,corridor_period,3.068802992429398,1.007297816104362,0.1478877313306665,0.4892442043668498,0.1365141407824427,0.4928146186004439,53,0.9950739537266856,-0.0863363109648793,0.0929537127435429,5.231967858062032,False,False,high,110-05626,32251,35275,35274,mapped_primary_link
corridor-dabf9b8792dc4020bf3889d7468da2d0,daily,state_transition,VA286_SB,VA286_SB::110-05626,14,PM,sensor_period,4.058170342234804,1.0206326989691026,0.0019724743611567,3.183230462895895,0.0908794207283235,3.248909098786103,13,0.9678657971674762,-0.2257159185863084,0.1309070547522647,2.177562178714241,False,False,high,110-05626,32251,35275,35274,mapped_primary_link
corridor-dabf9b8792dc4020bf3889d7468da2d0,daily,state_transition,VA286_SB,VA286_SB::110-05629,15,AM,sensor_period,3.0546519298845216,1.0192560386217318,0.1455729620156916,0.537636146621188,0.1415182347998003,0.5479888890249646,11,0.9971425984272906,0.1387915861308606,0.0567752794152929,2.3068492383011328,False,False,high,110-05629,35679,36627,34566,mapped_primary_link
corridor-dabf9b8792dc4020bf3889d7468da2d0,daily,state_transition,VA286_SB,VA286_SB::110-05629,15,MD,corridor_period,6.2444058532620055,1.0068309120958825,0.1025528520700138,0.8099219572542152,0.2411194239883976,0.8154544629487437,57,0.996612937701504,0.3912847793269765,0.2810588090900812,5.056203664600229,False,False,high,110-05629,35679,36627,34566,mapped_primary_link
corridor-dabf9b8792dc4020bf3889d7468da2d0,daily,state_transition,VA286_SB,VA286_SB::110-05629,15,PM,sensor_period,4.12211925970242,1.000000182684402,0.0534327713529964,0.9838443923893904,0.1148125424158871,0.9838445721224148,19,0.9733144765096168,0.0972346463603256,0.2534328533225947,3.799756290327696,True,False,low,110-05629,35679,36627,34566,mapped_primary_link
corridor-dabf9b8792dc4020bf3889d7468da2d0,daily,state_transition,VA286_SB,VA286_SB::110-05612,17,AM,corridor_period,3.068802992429398,1.007297816104362,0.1478877313306665,0.4892442043668498,0.1365141407824427,0.4928146186004439,53,0.9950739537266856,-0.0863363109648793,0.0929537127435429,5.231967858062032,False,False,high,110-05612,29559,34287,34267,mapped_primary_link
corridor-dabf9b8792dc4020bf3889d7468da2d0,daily,state_transition,VA286_SB,VA286_SB::110-05612,17,MD,sensor_period,6.11015077569922,1.0000001685563769,0.1926341717568247,0.050000000000075,0.1124694714740821,0.0500000084278939,5,0.997656589742579,-0.10549708728223,0.0437021665343737,5.291924971405666,True,True,low,110-05612,29559,34287,34267,mapped_primary_link
corridor-dabf9b8792dc4020bf3889d7468da2d0,daily,state_transition,VA286_SB,VA286_SB::110-05612,17,PM,sensor_period,4.08924579015337,1.0000000014521004,0.0790106780409151,0.9688655828283878,0.1649242724613779,0.968865584235278,16,0.995089803177688,-0.0014598474091704,0.1000370086213671,5.546364943506749,True,False,low,110-05612,29559,34287,34267,mapped_primary_link
corridor-dabf9b8792dc4020bf3889d7468da2d0,daily,state_transition,VA286_SB,VA286_SB::110-05611,18,AM,sensor_period,3.0095522221627866,1.000753687573296,0.0696452101691644,0.05,0.0392477780976314,0.0500376843786648,3,0.9999981768934472,-0.8311514119074119,0.0008420129937265,0.1217044794148978,True,True,low,110-05611,29494,34267,34268,mapped_primary_link
corridor-dabf9b8792dc4020bf3889d7468da2d0,daily,state_transition,VA286_SB,VA286_SB::110-05611,18,MD,corridor_period,6.2444058532620055,1.0068309120958825,0.1025528520700138,0.8099219572542152,0.2411194239883976,0.8154544629487437,57,0.996612937701504,0.3912847793269765,0.2810588090900812,5.056203664600229,False,False,high,110-05611,29494,34267,34268,mapped_primary_link
corridor-dabf9b8792dc4020bf3889d7468da2d0,daily,state_transition,VA286_SB,VA286_SB::110-05611,18,PM,sensor_period,4.124868046777329,1.000000000018347,0.303662453756484,0.0500000000000117,0.1738442489077868,0.0500000000009291,18,0.9369575091142396,-0.0342657454885175,0.1815050397056946,5.14112259616343,True,True,low,110-05611,29494,34267,34268,mapped_primary_link
corridor-dabf9b8792dc4020bf3889d7468da2d0,daily,state_transition,VA286_SB,VA286_SB::110-05614,19,MD,sensor_period,6.79792437303849,1.000000000997986,0.099606692161278,1.4286302494769474,0.821193017533906,1.4286302509027002,5,0.899842035763428,0.6141016619308184,0.3164774308486656,2.1524518900681677,True,False,low,110-05614,32244,35273,35712,mapped_primary_link
corridor-dabf9b8792dc4020bf3889d7468da2d0,daily,state_transition,VA286_SB,VA286_SB::110-05610,21,PM,sensor_period,4.046213072088686,1.0014073638667609,0.2051213522508457,0.0500000889041644,0.1173173083489997,0.0500704572226229,8,0.9998520059585434,-0.0567791235167582,0.0081890048256818,2.044048221171567,False,True,low,110-05610,29498,34268,34117,mapped_primary_link
corridor-dabf9b8792dc4020bf3889d7468da2d0,daily,state_transition,VA286_SB,VA286_SB::110-05616,23,PM,sensor_period,4.408882495557983,1.000000000005694,0.4916132519329877,0.2759314882549719,0.3948324491476156,0.275931488256543,19,0.9268329284362016,0.0776967472675436,0.129505507127945,0.8105350589787078,True,False,low,110-05616,29806,34359,34403,mapped_primary_link
corridor-dabf9b8792dc4020bf3889d7468da2d0,daily,state_transition,VA286_SB,VA286_SB::110-05615,24,MD,sensor_period,6.501881444804352,1.0612464289627934,0.0516283764306295,1.9560356012459408,1.072063513756533,2.075835796746345,3,0.999912946759852,0.9591252327892724,0.0268666419479682,1.8846066027634727,False,False,low,110-05615,29962,34403,34068,mapped_primary_link
corridor-dabf9b8792dc4020bf3889d7468da2d0,daily,state_transition,VA286_SB,VA286_SB::110-05615,24,PM,sensor_period,4.1163640325830055,1.0457836965941052,0.0393102990576414,1.2125933405799638,0.1165897542161236,1.2681103461771093,4,0.9921365111343756,0.132557377919814,0.0607125226436975,4.626575828355594,False,False,low,110-05615,29962,34403,34068,mapped_primary_link
corridor-dabf9b8792dc4020bf3889d7468da2d0,daily,state_transition,VA286_SB,VA286_SB::110-05618,25,MD,corridor_period,6.2444058532620055,1.0068309120958825,0.1025528520700138,0.8099219572542152,0.2411194239883976,0.8154544629487437,57,0.996612937701504,0.3912847793269765,0.2810588090900812,5.056203664600229,False,False,high,110-05618,31810,35074,34349,mapped_primary_link
corridor-dabf9b8792dc4020bf3889d7468da2d0,daily,state_transition,VA286_SB,VA286_SB::110-05618,25,PM,sensor_period,4.661735726273327,1.0000000011774608,1.344245764914892,0.05,0.7742920270449926,0.050000000058873,6,0.971153723530653,-0.0337736406972477,0.1539090684034164,2.221699886901201,True,True,low,110-05618,31810,35074,34349,mapped_primary_link
corridor-dabf9b8792dc4020bf3889d7468da2d0,daily,state_transition,VA286_SB,VA286_SB::110-05617,26,PM,sensor_period,4.850975565343883,1.0000000735285524,0.7266860113440595,0.6935990678208852,1.1588732640912425,0.6935991188202206,20,0.8743659671150663,0.1981232409980968,0.2352400166261804,3.606137414087165,True,False,low,110-05617,29768,34349,34359,mapped_primary_link
corridor-dabf9b8792dc4020bf3889d7468da2d0,daily,state_transition,VA286_SB,VA286_SB::110-05602,28,PM,corridor_period,4.224927620168778,1.0000000066964116,0.1940256873129621,0.6786016991274051,0.2751312875794144,0.6786017036716014,218,0.98245466141979,0.0323288865014748,0.2827557849839046,6.889433349943973,True,False,low,110-05602,29283,34204,36397,mapped_primary_link
corridor-dabf9b8792dc4020bf3889d7468da2d0,daily,state_transition,VA286_SB,VA286_SB::110-05609,29,AM,sensor_period,3.0120309883164,1.006816549533296,0.0076666080318921,1.996128752561968,0.036937464060993,2.0097354630786426,3,0.999991736955585,0.8530166896902225,0.0059934372695882,1.42393779234549,False,False,low,110-05609,35252,36486,36452,mapped_primary_link
corridor-dabf9b8792dc4020bf3889d7468da2d0,daily,state_transition,VA286_SB,VA286_SB::110-05609,29,MD,sensor_period,6.046487744345883,1.0000007341538435,0.1877539564464437,0.050000000000001,0.1095627650907172,0.0500000367076932,12,0.9999881463300312,-0.0388747805842275,0.0104029482123312,1.6171713490844988,True,True,low,110-05609,35252,36486,36452,mapped_primary_link
corridor-dabf9b8792dc4020bf3889d7468da2d0,daily,state_transition,VA286_SB,VA286_SB::110-05609,29,PM,sensor_period,4.051851893363136,1.0000000232605577,0.1443064717431167,0.1862684294494227,0.0998783159422116,0.1862684337821303,14,0.9955017166533048,-0.0389066323669387,0.1343521843881838,2.2861251561004003,True,False,low,110-05609,35252,36486,36452,mapped_primary_link
corridor-dabf9b8792dc4020bf3889d7468da2d0,daily,state_transition,VA286_SB,VA286_SB::110-05604,32,AM,corridor_period,3.068802992429398,1.007297816104362,0.1478877313306665,0.4892442043668498,0.1365141407824427,0.4928146186004439,53,0.9950739537266856,-0.0863363109648793,0.0929537127435429,5.231967858062032,False,False,high,110-05604,32167,35248,35716,mapped_primary_link
corridor-dabf9b8792dc4020bf3889d7468da2d0,daily,state_transition,VA286_SB,VA286_SB::110N18170,35,AM,sensor_period,3.138904859367708,1.0000000148453492,0.4256724539006528,0.05,0.2403882205184772,0.0500000007422674,10,0.9532742564031368,-0.0979285054759038,0.1209586642773792,6.05159533049371,True,True,low,110N18170,29358,34227,35120,mapped_primary_link
corridor-dabf9b8792dc4020bf3889d7468da2d0,daily,state_transition,VA286_SB,VA286_SB::110N18170,35,MD,sensor_period,6.341931285820854,1.031180204944364,0.033715386119736,2.019179901399311,0.7493012548503117,2.082138344544482,3,0.999814947092819,0.8166852025972569,0.0139761806029585,2.1597948702632976,False,False,low,110N18170,29358,34227,35120,mapped_primary_link
corridor-dabf9b8792dc4020bf3889d7468da2d0,daily,state_transition,VA286_SB,VA286_SB::110N18170,35,PM,sensor_period,8.036931555982367,1.8408867174177663,0.0371179437291126,4.0,82.59309034803353,7.363546869671064,3,0.881488817390379,0.7333408412652074,0.1073402092949838,4.567965660510351,False,True,low,110N18170,29358,34227,35120,mapped_primary_link
corridor-dabf9b8792dc4020bf3889d7468da2d0,daily,state_transition,VA286_SB,VA286_SB::110N05603,47,MD,sensor_period,6.135791384555609,1.0152990461280391,0.6760962194576774,0.0500000535142653,0.3948215115540621,0.0507650066393845,9,0.9757424998614448,-0.0052917363393543,0.1709861900071646,1.75971275085962,False,True,low,110N05603,31919,35118,34204,mapped_primary_link
corridor-dabf9b8792dc4020bf3889d7468da2d0,daily,state_transition,VA286_SB,VA286_SB::110N05633,50,AM,corridor_period,3.068802992429398,1.007297816104362,0.1478877313306665,0.4892442043668498,0.1365141407824427,0.4928146186004439,53,0.9950739537266856,-0.0863363109648793,0.0929537127435429,5.231967858062032,False,False,high,110N05633,32925,35728,35730,mapped_primary_link
corridor-dabf9b8792dc4020bf3889d7468da2d0,daily,state_transition,VA286_SB,VA286_SB::110N05633,50,MD,sensor_period,6.114640082143403,1.005953144246063,0.0187641174325329,2.142162709245324,0.4840177464635927,2.1549153128519984,5,0.9993875027475096,0.064940109833944,0.0149519730189355,1.544761405739417,False,False,medium,110N05633,32925,35728,35730,mapped_primary_link
corridor-dabf9b8792dc4020bf3889d7468da2d0,daily,state_transition,VA286_SB,VA286_SB::110N05633,50,PM,sensor_period,4.066689191738197,1.0177641152986592,0.0815766427484552,0.5382767139073327,0.092577359486827,0.5478387235157659,8,0.9990828226438934,0.3667489990106906,0.0535283434903545,1.1967749551640467,False,False,medium,110N05633,32925,35728,35730,mapped_primary_link
corridor-dabf9b8792dc4020bf3889d7468da2d0,daily,state_transition,VA286_SB,VA286_SB::110N05628,54,AM,sensor_period,3.0322036796520453,1.012901833432153,0.0510118398870807,0.9622272980790768,0.0791098882307233,0.9746417944027636,8,0.9998890079967792,0.5572139530557745,0.013870593533001,1.1801926840742964,False,False,medium,110N05628,32277,35286,35287,mapped_primary_link
corridor-dabf9b8792dc4020bf3889d7468da2d0,daily,state_transition,VA286_SB,VA286_SB::110N05628,54,MD,sensor_period,6.038376409344758,1.0000000312484327,0.1160995739837638,0.3156316128463139,0.1092225849182011,0.3156316227093071,3,0.9999751629274118,0.1455057391045151,0.0082226535214847,1.1391711634523127,True,False,low,110N05628,32277,35286,35287,mapped_primary_link
corridor-dabf9b8792dc4020bf3889d7468da2d0,daily,state_transition,VA286_SB,VA286_SB::110N05628,54,PM,sensor_period,4.230705612798173,1.0053244532797192,0.3028458776933561,0.6246935538787279,0.3976824601635013,0.628019705520497,17,0.984297667717228,0.113518996054421,0.2506314441511689,3.8724431212947343,False,False,high,110N05628,32277,35286,35287,mapped_primary_link
corridor-dabf9b8792dc4020bf3889d7468da2d0,daily,state_transition,VA286_SB,VA286_SB::110N05629,56,AM,sensor_period,3.0277846164019118,1.009392573472565,0.1024815672486139,0.0500000135697627,0.0577697837455357,0.050469642370846,8,0.9999373042727132,-0.0165960839542296,0.0060559517345273,1.0086041276491482,False,True,low,110N05629,30498,34566,35286,mapped_primary_link
corridor-dabf9b8792dc4020bf3889d7468da2d0,daily,state_transition,VA286_SB,VA286_SB::110N05629,56,PM,sensor_period,4.22897356629357,1.0000000000000246,1.323348541720021,0.0500000000197784,0.7585508854083506,0.0500000000197797,20,0.9797663014796524,-0.0909052270652577,0.2512740016986747,6.940007227629878,True,True,low,110N05629,30498,34566,35286,mapped_primary_link
corridor-44540118cdcf4214a66ca868f7e592fa,daily,state_transition,VA28_NB,VA28_NB::110+07952,1,AM,sensor_period,3.156027496960736,1.0000000000000002,0.2840486104531698,0.4321956748316571,0.2489532971984036,0.4321956748316573,19,0.9248017295654256,0.020876793312708,0.2036635077217312,3.753190351695084,True,False,low,110+07952,29735,34340,36545,mapped_primary_link
corridor-44540118cdcf4214a66ca868f7e592fa,daily,state_transition,VA28_NB,VA28_NB::110+07950,2,MD,corridor_period,6.900072305125811,1.000000000231048,1.2891774212881673,0.0500000177600206,0.7572758647328711,0.050000017771573,10,0.9707123368829716,0.013748188099295,0.6512324214318717,3.655273656146546,True,True,low,110+07950,40543,40860,40066,mapped_primary_link
corridor-44540118cdcf4214a66ca868f7e592fa,daily,state_transition,VA28_NB,VA28_NB::110+07951,3,MD,corridor_period,6.900072305125811,1.000000000231048,1.2891774212881673,0.0500000177600206,0.7572758647328711,0.050000017771573,10,0.9707123368829716,0.013748188099295,0.6512324214318717,3.655273656146546,True,True,low,110+07951,38346,40066,40003,mapped_primary_link
corridor-44540118cdcf4214a66ca868f7e592fa,daily,state_transition,VA28_NB,VA28_NB::110+07184,8,AM,sensor_period,3.0395144717846727,1.004472819583725,0.1254027115054792,0.0500000000000042,0.0707043063240963,0.0502236409791905,3,0.9997743635387284,-0.1540125208065004,0.0077164081707632,1.2992156448497398,False,True,low,110+07184,35444,36550,34342,mapped_primary_link
corridor-44540118cdcf4214a66ca868f7e592fa,daily,state_transition,VA28_NB,VA28_NB::110+07184,8,PM,sensor_period,4.03413195947049,1.000396859583181,0.1473993973722476,0.0500000000000037,0.0842911425984927,0.0500198429791628,6,0.9997591920754204,-0.0876532185735612,0.014758526767155,1.6884453947946196,True,True,low,110+07184,35444,36550,34342,mapped_primary_link
corridor-44540118cdcf4214a66ca868f7e592fa,daily,state_transition,VA28_NB,VA28_NB::110P05668,10,AM,sensor_period,3.429095496942085,1.000000000267463,0.0350496953278027,3.999999999999054,2.5846473424801144,4.000000001068906,4,-0.6861314008664288,0.0870679831178884,0.1405679634692893,10.07740405872624,True,True,low,110P05668,31821,35077,35075,mapped_primary_link
corridor-44540118cdcf4214a66ca868f7e592fa,daily,state_transition,VA28_NB,VA28_NB::110P05678,11,AM,corridor_period,3.297556541239848,1.0000000000472262,0.6110685288838011,0.2882892155536415,0.4597035767360577,0.2882892155672563,96,0.9292106043972732,0.0164823423922979,0.2416086741732271,9.03288560650406,True,False,low,110P05678,36748,38325,38324,mapped_primary_link
corridor-44540118cdcf4214a66ca868f7e592fa,daily,state_transition,VA28_NB,VA28_NB::110P05678,11,MD,sensor_period,6.60208578105055,1.0017285965188971,0.872429366265186,0.0500000010334227,0.5113438801141676,0.050086430861154,3,0.9967592588436252,-0.0223212604489881,0.0241895394726933,3.733136233877734,False,True,low,110P05678,36748,38325,38324,mapped_primary_link
corridor-44540118cdcf4214a66ca868f7e592fa,daily,state_transition,VA28_NB,VA28_NB::110P05678,11,PM,sensor_period,4.377894964451164,1.0395690645301234,0.4424354386256124,0.2920616525676107,0.3631931495809586,0.3036182589448329,18,0.9968425808424493,0.1536092815304781,0.0480328779359416,1.8727444346728253,False,False,high,110P05678,36748,38325,38324,mapped_primary_link
corridor-44540118cdcf4214a66ca868f7e592fa,daily,state_transition,VA28_NB,VA28_NB::110P05676,13,AM,corridor_period,3.297556541239848,1.0000000000472262,0.6110685288838011,0.2882892155536415,0.4597035767360577,0.2882892155672563,96,0.9292106043972732,0.0164823423922979,0.2416086741732271,9.03288560650406,True,False,low,110P05676,35854,38018,38064,mapped_primary_link
corridor-44540118cdcf4214a66ca868f7e592fa,daily,state_transition,VA28_NB,VA28_NB::110P05676,13,PM,sensor_period,4.961578674348119,1.000971746951397,1.6347834824592131,0.1360727164538147,1.0842111168534343,0.136204944701197,12,0.8907653146622452,-0.0292582520893636,0.1084338515311677,3.4842683737174536,True,False,low,110P05676,35854,38018,38064,mapped_primary_link
corridor-44540118cdcf4214a66ca868f7e592fa,daily,state_transition,VA28_NB,VA28_NB::110P05677,14,AM,corridor_period,3.297556541239848,1.0000000000472262,0.6110685288838011,0.2882892155536415,0.4597035767360577,0.2882892155672563,96,0.9292106043972732,0.0164823423922979,0.2416086741732271,9.03288560650406,True,False,low,110P05677,36738,38322,38320,mapped_primary_link
corridor-44540118cdcf4214a66ca868f7e592fa,daily,state_transition,VA28_NB,VA28_NB::110P05677,14,MD,corridor_period,6.900072305125811,1.000000000231048,1.2891774212881673,0.0500000177600206,0.7572758647328711,0.050000017771573,10,0.9707123368829716,0.013748188099295,0.6512324214318717,3.655273656146546,True,True,low,110P05677,36738,38322,38320,mapped_primary_link
corridor-44540118cdcf4214a66ca868f7e592fa,daily,state_transition,VA28_NB,VA28_NB::110P05677,14,PM,sensor_period,5.008999167548403,1.0949840967441231,0.8318799213255769,0.4808083924604513,0.9627322139593468,0.5264775433253013,19,0.9710265660445232,0.4506158148124043,0.1467974561155944,1.7228109101073907,False,False,high,110P05677,36738,38322,38320,mapped_primary_link
corridor-44540118cdcf4214a66ca868f7e592fa,daily,state_transition,VA28_NB,VA28_NB::110P05670,19,AM,sensor_period,3.1607037778533504,1.0000039191233587,0.4159798912768391,0.0500000200906793,0.2349958890012836,0.050000216046926,11,0.9976737358204396,-0.0158895850172737,0.0301794584930072,4.561891507940833,True,True,low,110P05670,32956,35738,35736,mapped_primary_link
corridor-44540118cdcf4214a66ca868f7e592fa,daily,state_transition,VA28_NB,VA28_NB::110P05671,20,AM,sensor_period,3.2253612645202643,1.0000004071775666,0.427218278010286,0.1942934429330398,0.2860632015348695,0.1942935220449711,12,0.9172976509153066,-0.0333833388046802,0.1934905858490575,5.8038487152734985,True,False,low,110P05671,32943,35734,35732,mapped_primary_link
corridor-44540118cdcf4214a66ca868f7e592fa,daily,state_transition,VA28_NB,VA28_NB::110P05680,21,MD,corridor_period,6.900072305125811,1.000000000231048,1.2891774212881673,0.0500000177600206,0.7572758647328711,0.050000017771573,10,0.9707123368829716,0.013748188099295,0.6512324214318717,3.655273656146546,True,True,low,110P05680,37842,38668,38335,mapped_primary_link
corridor-44540118cdcf4214a66ca868f7e592fa,daily,state_transition,VA28_NB,VA28_NB::110P05680,21,PM,corridor_period,4.72288137573434,1.0000000000000002,1.2501748750653945,0.0633179993194673,0.7356291585122887,0.0633179993194673,105,0.9103724919677528,-0.0328528674728161,0.2553258893693134,5.749393198925104,True,False,low,110P05680,37842,38668,38335,mapped_primary_link
corridor-44540118cdcf4214a66ca868f7e592fa,daily,state_transition,VA28_NB,VA28_NB::110+05674,27,PM,corridor_period,4.72288137573434,1.0000000000000002,1.2501748750653945,0.0633179993194673,0.7356291585122887,0.0633179993194673,105,0.9103724919677528,-0.0328528674728161,0.2553258893693134,5.749393198925104,True,False,low,110+05674,32918,35725,35284,mapped_primary_link
corridor-44540118cdcf4214a66ca868f7e592fa,daily,state_transition,VA28_NB,VA28_NB::110+05672,29,AM,sensor_period,3.259165998106629,1.1553638813813667,0.0121199288671134,3.1634318802547305,0.2714414697904667,3.654914935656661,10,0.9404069826615978,0.7006382439714227,0.1708817675933189,4.980669356877545,False,False,high,110+05672,32937,35732,35723,mapped_primary_link
corridor-44540118cdcf4214a66ca868f7e592fa,daily,state_transition,VA28_NB,VA28_NB::110+05671,30,AM,sensor_period,3.3005134114881782,1.0000000000000002,0.6450549918124038,0.058757341538607,0.369033624547892,0.058757341538607,10,0.9085084518414592,-0.0248949204617128,0.2041710964601382,6.092543952317471,True,False,low,110+05671,32949,35736,35734,mapped_primary_link
corridor-44540118cdcf4214a66ca868f7e592fa,daily,state_transition,VA28_NB,VA28_NB::110+05678,31,AM,corridor_period,3.297556541239848,1.0000000000472262,0.6110685288838011,0.2882892155536415,0.4597035767360577,0.2882892155672563,96,0.9292106043972732,0.0164823423922979,0.2416086741732271,9.03288560650406,True,False,low,110+05678,36732,38320,38016,mapped_primary_link
corridor-44540118cdcf4214a66ca868f7e592fa,daily,state_transition,VA28_NB,VA28_NB::110+05678,31,MD,corridor_period,6.900072305125811,1.000000000231048,1.2891774212881673,0.0500000177600206,0.7572758647328711,0.050000017771573,10,0.9707123368829716,0.013748188099295,0.6512324214318717,3.655273656146546,True,True,low,110+05678,36732,38320,38016,mapped_primary_link
corridor-44540118cdcf4214a66ca868f7e592fa,daily,state_transition,VA28_NB,VA28_NB::110+05678,31,PM,sensor_period,4.777722775120892,1.02283283161867,1.143721104818805,0.1018942427238875,0.7153648007282085,0.1042207768109139,21,0.9549449538261796,0.0291324880863301,0.1582105597224092,1.3060183340310645,False,False,high,110+05678,36732,38320,38016,mapped_primary_link
corridor-44540118cdcf4214a66ca868f7e592fa,daily,state_transition,VA28_NB,VA28_NB::110+05677,32,AM,corridor_period,3.297556541239848,1.0000000000472262,0.6110685288838011,0.2882892155536415,0.4597035767360577,0.2882892155672563,96,0.9292106043972732,0.0164823423922979,0.2416086741732271,9.03288560650406,True,False,low,110+05677,36881,38369,38367,mapped_primary_link
corridor-44540118cdcf4214a66ca868f7e592fa,daily,state_transition,VA28_NB,VA28_NB::110+05677,32,PM,sensor_period,5.079536528807025,1.0000001734808337,1.3670297933237716,0.2243988192564741,1.049935933862857,0.2243988581853684,13,0.8524072590510804,0.0120787880888206,0.2125907302875198,2.132797266221011,True,False,low,110+05677,36881,38369,38367,mapped_primary_link
corridor-44540118cdcf4214a66ca868f7e592fa,daily,state_transition,VA28_NB,VA28_NB::110+05676,33,AM,corridor_period,3.297556541239848,1.0000000000472262,0.6110685288838011,0.2882892155536415,0.4597035767360577,0.2882892155672563,96,0.9292106043972732,0.0164823423922979,0.2416086741732271,9.03288560650406,True,False,low,110+05676,35872,38025,38018,mapped_primary_link
corridor-44540118cdcf4214a66ca868f7e592fa,daily,state_transition,VA28_NB,VA28_NB::110+05676,33,PM,sensor_period,5.029873098914921,1.0765971248763713,0.0536411114313152,3.803742889901669,13.336413529969404,4.095098659037077,10,0.9396379475868184,0.673250537568931,0.1098745215354148,5.271657126177148,False,False,high,110+05676,35872,38025,38018,mapped_primary_link
corridor-44540118cdcf4214a66ca868f7e592fa,daily,state_transition,VA28_NB,VA28_NB::110+05675,34,PM,sensor_period,5.258564668165803,1.1039206802188708,1.1380802305448752,0.5297877326626633,1.4624405375956822,0.5848436342125806,3,0.9228252434076308,0.0679340242335302,0.1309578020181134,4.28608725915381,False,False,low,110+05675,31294,34809,38025,mapped_primary_link
corridor-44540118cdcf4214a66ca868f7e592fa,daily,state_transition,VA28_NB,VA28_NB::110+05670,35,AM,sensor_period,3.5459389221719206,1.119617453739936,0.2191788811193766,1.84409777657576,1.206578578713883,2.06468405705723,11,0.9620685583984574,0.4552343581199733,0.1767222190998748,4.290863774527231,False,False,high,110+05670,32961,35740,34742,mapped_primary_link
corridor-44540118cdcf4214a66ca868f7e592fa,daily,state_transition,VA28_NB,VA28_NB::110+05670,35,MD,corridor_period,6.900072305125811,1.000000000231048,1.2891774212881673,0.0500000177600206,0.7572758647328711,0.050000017771573,10,0.9707123368829716,0.013748188099295,0.6512324214318717,3.655273656146546,True,True,low,110+05670,32961,35740,34742,mapped_primary_link
corridor-44540118cdcf4214a66ca868f7e592fa,daily,state_transition,VA28_NB,VA28_NB::110+05669,36,AM,sensor_period,3.674303498058777,1.0000000146630268,2.252414414052467,0.2444951633067379,1.6513137082180145,0.244495166891777,9,0.9396908147266207,0.0458295131472928,0.108290285923435,1.8073644192869147,True,False,low,110+05669,32969,35742,35740,mapped_primary_link
corridor-375abbf2fd004d78b4334494d536dcd9,daily,state_transition,VA28_SB,VA28_SB::110N07952,1,PM,sensor_period,4.304107020903301,1.000000001512153,0.3367237502769221,0.9071523568400892,0.6749956761127821,0.9071523582118426,11,0.9572921857222636,0.1063591708612751,0.2283624703128803,5.730719446645315,True,False,low,110N07952,35445,36550,35270,mapped_primary_link
corridor-375abbf2fd004d78b4334494d536dcd9,daily,state_transition,VA28_SB,VA28_SB::110N07944,2,PM,sensor_period,6.17662676192187,1.4156108629973556,0.0613455961304693,3.648385005119954,25.104265497741608,5.1646934456444695,4,0.9292449384207137,0.9400872746172596,0.1198837849056015,1.4766468164042936,False,False,low,110N07944,39277,40441,40443,mapped_primary_link
corridor-375abbf2fd004d78b4334494d536dcd9,daily,state_transition,VA28_SB,VA28_SB::110-05670,6,MD,corridor_period,6.726887700087501,1.01902530933098,0.1373375795327418,1.3870804665022525,1.0304643999127716,1.4134701014444178,14,0.9790041715672696,0.5277313708620015,0.2702532662613974,6.8812913380605005,False,False,high,110-05670,32945,35734,35736,mapped_primary_link
corridor-375abbf2fd004d78b4334494d536dcd9,daily,state_transition,VA28_SB,VA28_SB::110-05670,6,PM,sensor_period,4.673853394003711,1.1090282215295275,0.1256067713855659,1.474761253221707,0.6510624513790924,1.6355518498411268,19,0.7516588243731559,0.238942547584447,0.285515664665665,3.2677251013354223,False,False,high,110-05670,32945,35734,35736,mapped_primary_link
corridor-375abbf2fd004d78b4334494d536dcd9,daily,state_transition,VA28_SB,VA28_SB::110-05672,7,MD,corridor_period,6.726887700087501,1.01902530933098,0.1373375795327418,1.3870804665022525,1.0304643999127716,1.4134701014444178,14,0.9790041715672696,0.5277313708620015,0.2702532662613974,6.8812913380605005,False,False,high,110-05672,32924,35727,35744,mapped_primary_link
corridor-375abbf2fd004d78b4334494d536dcd9,daily,state_transition,VA28_SB,VA28_SB::110-05672,7,PM,sensor_period,4.722113064928149,1.0000000001138156,0.2354865192569314,1.372553102072487,1.0574327574505475,1.372553102228705,13,0.8810856374243612,0.6671074755293973,0.2911838790563019,2.6035554503653477,True,False,low,110-05672,32924,35727,35744,mapped_primary_link
corridor-375abbf2fd004d78b4334494d536dcd9,daily,state_transition,VA28_SB,VA28_SB::110-05671,8,PM,sensor_period,4.792776682374148,1.1362732226290484,0.2204631051440268,1.1846514552552954,0.7526503316826092,1.3460877267551263,21,0.7400778447532296,0.1557283701014941,0.2762722338123014,3.480108643697307,False,False,high,110-05671,32914,35723,35732,mapped_primary_link
corridor-375abbf2fd004d78b4334494d536dcd9,daily,state_transition,VA28_SB,VA28_SB::110-05677,10,AM,corridor_period,3.1332388438545484,1.0000000000769207,0.2756522418084154,0.1803318723399655,0.1806357446095428,0.1803318723538368,8,0.9291799103656516,-0.0545998979953763,0.0700740844294919,3.4306404163537576,True,False,low,110-05677,36747,38325,38016,mapped_primary_link
corridor-375abbf2fd004d78b4334494d536dcd9,daily,state_transition,VA28_SB,VA28_SB::110-05674,12,PM,corridor_period,4.574930948725264,1.0000000000000002,0.4620196546856625,0.8190517702886102,0.8561469394830536,0.8190517702886104,214,0.9185064211585442,0.1249854168422668,0.437653828298397,6.314343908809019,True,False,low,110-05674,31293,34809,35284,mapped_primary_link
corridor-375abbf2fd004d78b4334494d536dcd9,daily,state_transition,VA28_SB,VA28_SB::110-05673,13,PM,corridor_period,4.574930948725264,1.0000000000000002,0.4620196546856625,0.8190517702886102,0.8561469394830536,0.8190517702886104,214,0.9185064211585442,0.1249854168422668,0.437653828298397,6.314343908809019,True,False,low,110-05673,32272,35284,35725,mapped_primary_link
corridor-375abbf2fd004d78b4334494d536dcd9,daily,state_transition,VA28_SB,VA28_SB::110-05676,14,AM,corridor_period,3.1332388438545484,1.0000000000769207,0.2756522418084154,0.1803318723399655,0.1806357446095428,0.1803318723538368,8,0.9291799103656516,-0.0545998979953763,0.0700740844294919,3.4306404163537576,True,False,low,110-05676,36740,38322,38367,mapped_primary_link
corridor-375abbf2fd004d78b4334494d536dcd9,daily,state_transition,VA28_SB,VA28_SB::110-05669,16,MD,corridor_period,6.726887700087501,1.01902530933098,0.1373375795327418,1.3870804665022525,1.0304643999127716,1.4134701014444178,14,0.9790041715672696,0.5277313708620015,0.2702532662613974,6.8812913380605005,False,False,high,110-05669,31085,34742,35740,mapped_primary_link
corridor-375abbf2fd004d78b4334494d536dcd9,daily,state_transition,VA28_SB,VA28_SB::110-05669,16,PM,sensor_period,4.180203197773805,1.0106565363756408,0.1060447432150276,1.0793242009023016,0.2648263852742102,1.0908260585103264,7,0.996753013125836,-0.0991483061169178,0.0699666327658357,7.560089828592257,False,False,medium,110-05669,31085,34742,35740,mapped_primary_link
corridor-375abbf2fd004d78b4334494d536dcd9,daily,state_transition,VA28_SB,VA28_SB::110-05668,17,PM,corridor_period,4.574930948725264,1.0000000000000002,0.4620196546856625,0.8190517702886102,0.8561469394830536,0.8190517702886104,214,0.9185064211585442,0.1249854168422668,0.437653828298397,6.314343908809019,True,False,low,110-05668,32962,35740,35742,mapped_primary_link
corridor-375abbf2fd004d78b4334494d536dcd9,daily,state_transition,VA28_SB,VA28_SB::110N05678,23,MD,corridor_period,6.726887700087501,1.01902530933098,0.1373375795327418,1.3870804665022525,1.0304643999127716,1.4134701014444178,14,0.9790041715672696,0.5277313708620015,0.2702532662613974,6.8812913380605005,False,False,high,110N05678,36018,38073,38324,mapped_primary_link
corridor-375abbf2fd004d78b4334494d536dcd9,daily,state_transition,VA28_SB,VA28_SB::110N05675,24,PM,corridor_period,4.574930948725264,1.0000000000000002,0.4620196546856625,0.8190517702886102,0.8561469394830536,0.8190517702886104,214,0.9185064211585442,0.1249854168422668,0.437653828298397,6.314343908809019,True,False,low,110N05675,35852,38018,38025,mapped_primary_link
corridor-375abbf2fd004d78b4334494d536dcd9,daily,state_transition,VA28_SB,VA28_SB::110N05677,25,AM,corridor_period,3.1332388438545484,1.0000000000769207,0.2756522418084154,0.1803318723399655,0.1806357446095428,0.1803318723538368,8,0.9291799103656516,-0.0545998979953763,0.0700740844294919,3.4306404163537576,True,False,low,110N05677,36733,38320,38322,mapped_primary_link
corridor-375abbf2fd004d78b4334494d536dcd9,daily,state_transition,VA28_SB,VA28_SB::110N05676,26,MD,corridor_period,6.726887700087501,1.01902530933098,0.1373375795327418,1.3870804665022525,1.0304643999127716,1.4134701014444178,14,0.9790041715672696,0.5277313708620015,0.2702532662613974,6.8812913380605005,False,False,high,110N05676,36880,38369,38064,mapped_primary_link
corridor-375abbf2fd004d78b4334494d536dcd9,daily,state_transition,VA28_SB,VA28_SB::110N05671,27,MD,corridor_period,6.726887700087501,1.01902530933098,0.1373375795327418,1.3870804665022525,1.0304643999127716,1.4134701014444178,14,0.9790041715672696,0.5277313708620015,0.2702532662613974,6.8812913380605005,False,False,high,110N05671,32938,35732,35734,mapped_primary_link
corridor-375abbf2fd004d78b4334494d536dcd9,daily,state_transition,VA28_SB,VA28_SB::110N05671,27,PM,sensor_period,4.621904784587711,1.2171234487118376,0.2512041741069241,1.1100068211776783,0.7327931788629147,1.35101533028544,16,0.7000925040559594,0.1329178151178209,0.2841851907870381,3.913063304815022,False,False,high,110N05671,32938,35732,35734,mapped_primary_link
corridor-375abbf2fd004d78b4334494d536dcd9,daily,state_transition,VA28_SB,VA28_SB::110N05670,28,MD,sensor_period,6.322679576843525,1.000000001422079,0.1401879684953477,0.98859816525959,0.4628911743536741,0.9885981666654544,3,0.997803757291921,0.5798634419881683,0.1007850312539784,4.695265435352118,True,False,low,110N05670,32950,35736,35738,mapped_primary_link
corridor-375abbf2fd004d78b4334494d536dcd9,daily,state_transition,VA28_SB,VA28_SB::110N05670,28,PM,sensor_period,4.235831142708998,1.0000000000000016,0.0260758297731956,1.9266658309337847,0.2244595661406556,1.926665830933788,18,0.7551675280262948,0.124096297161851,0.2220507588248788,4.368721008441584,True,False,low,110N05670,32950,35736,35738,mapped_primary_link
corridor-375abbf2fd004d78b4334494d536dcd9,daily,state_transition,VA28_SB,VA28_SB::110N05672,30,MD,corridor_period,6.726887700087501,1.01902530933098,0.1373375795327418,1.3870804665022525,1.0304643999127716,1.4134701014444178,14,0.9790041715672696,0.5277313708620015,0.2702532662613974,6.8812913380605005,False,False,high,110N05672,32906,35721,35723,mapped_primary_link
corridor-375abbf2fd004d78b4334494d536dcd9,daily,state_transition,VA28_SB,VA28_SB::110N05672,30,PM,sensor_period,5.36768276626064,1.0000000000000244,0.5220842212450806,1.009418399114287,1.5184467290700967,1.009418399114312,17,0.8271930508289675,0.3546477528708601,0.2519071716265167,1.9248152268470329,True,False,low,110N05672,32906,35721,35723,mapped_primary_link
corridor-375abbf2fd004d78b4334494d536dcd9,daily,state_transition,VA28_SB,VA28_SB::110N05668,31,PM,corridor_period,4.574930948725264,1.0000000000000002,0.4620196546856625,0.8190517702886102,0.8561469394830536,0.8190517702886104,214,0.9185064211585442,0.1249854168422668,0.437653828298397,6.314343908809019,True,False,low,110N05668,31815,35075,35077,mapped_primary_link
corridor-375abbf2fd004d78b4334494d536dcd9,daily,state_transition,VA28_SB,VA28_SB::110-07952,32,AM,corridor_period,3.1332388438545484,1.0000000000769207,0.2756522418084154,0.1803318723399655,0.1806357446095428,0.1803318723538368,8,0.9291799103656516,-0.0545998979953763,0.0700740844294919,3.4306404163537576,True,False,low,110-07952,29743,34342,36550,mapped_primary_link
corridor-375abbf2fd004d78b4334494d536dcd9,daily,state_transition,VA28_SB,VA28_SB::110-07952,32,PM,sensor_period,4.204063985278669,1.0000000000000002,0.277704365937116,0.473464681341607,0.2923255867729197,0.4734646813416071,19,0.954655522334704,-0.0371926031428537,0.2567959987427874,4.826577502190607,True,False,low,110-07952,29743,34342,36550,mapped_primary_link
corridor-375abbf2fd004d78b4334494d536dcd9,daily,state_transition,VA28_SB,VA28_SB::110-07950,33,AM,corridor_period,3.1332388438545484,1.0000000000769207,0.2756522418084154,0.1803318723399655,0.1806357446095428,0.1803318723538368,8,0.9291799103656516,-0.0545998979953763,0.0700740844294919,3.4306404163537576,True,False,low,110-07950,38150,40003,40066,mapped_primary_link
corridor-375abbf2fd004d78b4334494d536dcd9,daily,state_transition,VA28_SB,VA28_SB::110-07950,33,MD,corridor_period,6.726887700087501,1.01902530933098,0.1373375795327418,1.3870804665022525,1.0304643999127716,1.4134701014444178,14,0.9790041715672696,0.5277313708620015,0.2702532662613974,6.8812913380605005,False,False,high,110-07950,38150,40003,40066,mapped_primary_link
corridor-375abbf2fd004d78b4334494d536dcd9,daily,state_transition,VA28_SB,VA28_SB::110-07950,33,PM,sensor_period,4.721197659950112,1.0000000000000002,1.6012042122723396,0.1016108920360597,0.9998537861255602,0.1016108920360597,22,0.9487087414277752,0.0009601946874233,0.2377332231886065,0.8450486696213179,True,False,low,110-07950,38150,40003,40066,mapped_primary_link
corridor-375abbf2fd004d78b4334494d536dcd9,daily,state_transition,VA28_SB,VA28_SB::110-07951,34,PM,sensor_period,4.693791830653407,1.0000000050734088,0.2037900502284517,1.4441473747609035,1.013820509938021,1.4441473820876538,20,0.6852642203319252,0.1323415986481207,0.3068792051810561,3.694991854739842,True,False,low,110-07951,35431,36545,34340,mapped_primary_link
corridor-375abbf2fd004d78b4334494d536dcd9,daily,state_transition,VA28_SB,VA28_SB::110-07943,36,PM,sensor_period,4.19405970453734,1.0290625583111646,0.1513420166200119,1.1502221956976018,0.419881162690383,1.1836505953308591,19,0.9771025698267588,0.1441346995429507,0.092234763427076,3.552388233216579,False,False,high,110-07943,38447,40096,40557,mapped_primary_link
corridor-375abbf2fd004d78b4334494d536dcd9,daily,state_transition,VA28_SB,VA28_SB::110-07941,38,PM,corridor_period,4.574930948725264,1.0000000000000002,0.4620196546856625,0.8190517702886102,0.8561469394830536,0.8190517702886104,214,0.9185064211585442,0.1249854168422668,0.437653828298397,6.314343908809019,True,False,low,110-07941,38578,40136,40869,mapped_primary_link
corridor-c2455a8fa3d3441aaf2940757cc4de00,daily,state_transition,VA294_EB,VA294_EB::110-13200,1,PM,sensor_period,4.0191196176114365,1.0000000843332235,0.1064583762685824,0.0500000000425484,0.0608674506734669,0.0500000042592096,5,0.9999232059916898,-0.0103508351662915,0.0091280610765127,0.8123650147012587,True,True,low,110-13200,38947,40263,40974,mapped_primary_link
corridor-c2455a8fa3d3441aaf2940757cc4de00,daily,state_transition,VA294_EB,VA294_EB::110-13203,2,PM,corridor_period,4.06957580111071,1.0019406859553412,0.1007953369180869,0.5430652666909409,0.1152030921985708,0.5441191858268417,87,0.9951256230362704,0.0254178679489696,0.1421403770910055,3.272693952091648,False,False,high,110-13203,39191,40409,40064,mapped_primary_link
corridor-c2455a8fa3d3441aaf2940757cc4de00,daily,state_transition,VA294_EB,VA294_EB::110-13201,4,AM,sensor_period,3.0447551489128832,1.001550755533613,0.1423751387940504,0.236775623734577,0.0988385358322168,0.2371428048433081,7,0.9980806855013086,-0.0254067637592474,0.0148434992677954,2.041613679749253,False,False,medium,110-13201,38182,40016,40055,mapped_primary_link
corridor-c2455a8fa3d3441aaf2940757cc4de00,daily,state_transition,VA294_EB,VA294_EB::110-13201,4,PM,sensor_period,4.168271983965391,1.0000000000000002,0.0652223906707652,1.3748980833393016,0.2476120783313466,1.374898083339302,14,0.914100099510986,0.0573675291926659,0.1777145380537594,3.773762854058656,True,False,low,110-13201,38182,40016,40055,mapped_primary_link
corridor-c2455a8fa3d3441aaf2940757cc4de00,daily,state_transition,VA294_EB,VA294_EB::110-13202,5,AM,corridor_period,3.0585360428018715,1.0028761528399446,0.0903930915819795,0.7081748116565018,0.1064051068809388,0.7102116306522248,43,0.993346280754336,0.1384568466256596,0.1113438598201182,2.609782173680089,False,False,high,110-13202,38339,40064,40016,mapped_primary_link
corridor-c2455a8fa3d3441aaf2940757cc4de00,daily,state_transition,VA294_EB,VA294_EB::110-13202,5,MD,corridor_period,6.088923812861003,1.0147262894805626,0.0863142466654502,0.6025369087171067,0.1367086026153328,0.6114100416575982,35,0.997718267909106,0.5368695175768551,0.2117710522873916,1.7613506879783916,False,False,high,110-13202,38339,40064,40016,mapped_primary_link
corridor-c2455a8fa3d3441aaf2940757cc4de00,daily,state_transition,VA294_EB,VA294_EB::110-13202,5,PM,sensor_period,4.055422113005831,1.0000042489532257,0.069494716290166,1.1085952891481563,0.1749912894793689,1.1085999995176858,3,0.9997633158327622,0.7411099189366361,0.0095939482391092,0.6124705880570832,True,False,low,110-13202,38339,40064,40016,mapped_primary_link
corridor-c2455a8fa3d3441aaf2940757cc4de00,daily,state_transition,VA294_EB,VA294_EB::110-13207,6,AM,sensor_period,3.0525609043899022,1.000001108545112,0.0823692770219338,0.7440888695842348,0.1007853297750312,0.744089694440314,15,0.9900892855991696,0.1854696146936019,0.1207238838079092,1.775372854514839,True,False,low,110-13207,39200,40412,40080,mapped_primary_link
corridor-c2455a8fa3d3441aaf2940757cc4de00,daily,state_transition,VA294_EB,VA294_EB::110-13207,6,MD,corridor_period,6.088923812861003,1.0147262894805626,0.0863142466654502,0.6025369087171067,0.1367086026153328,0.6114100416575982,35,0.997718267909106,0.5368695175768551,0.2117710522873916,1.7613506879783916,False,False,high,110-13207,39200,40412,40080,mapped_primary_link
corridor-c2455a8fa3d3441aaf2940757cc4de00,daily,state_transition,VA294_EB,VA294_EB::110-13207,6,PM,sensor_period,4.029481855840297,1.0083383092889884,0.2161509757829134,0.0500000000000989,0.1235999766189813,0.0504169154645491,19,0.9968824839213236,-0.0196610816879099,0.104735847640594,1.423890896262676,False,True,low,110-13207,39200,40412,40080,mapped_primary_link
corridor-c2455a8fa3d3441aaf2940757cc4de00,daily,state_transition,VA294_EB,VA294_EB::110-13199,10,PM,corridor_period,4.06957580111071,1.0019406859553412,0.1007953369180869,0.5430652666909409,0.1152030921985708,0.5441191858268417,87,0.9951256230362704,0.0254178679489696,0.1421403770910055,3.272693952091648,False,False,high,110-13199,38949,40264,40317,mapped_primary_link
corridor-c2455a8fa3d3441aaf2940757cc4de00,daily,state_transition,VA294_EB,VA294_EB::110-13197,11,MD,sensor_period,6.200182681427598,1.0000000000000002,0.4130646434466293,0.0500000000000094,0.2413442604429595,0.0500000000000094,16,0.9553775544205791,-0.003357986661685,0.2566862477828987,1.3307853156433758,True,True,low,110-13197,38855,40233,40408,mapped_primary_link
corridor-c2455a8fa3d3441aaf2940757cc4de00,daily,state_transition,VA294_EB,VA294_EB::110-13197,11,PM,corridor_period,4.06957580111071,1.0019406859553412,0.1007953369180869,0.5430652666909409,0.1152030921985708,0.5441191858268417,87,0.9951256230362704,0.0254178679489696,0.1421403770910055,3.272693952091648,False,False,high,110-13197,38855,40233,40408,mapped_primary_link
corridor-c2455a8fa3d3441aaf2940757cc4de00,daily,state_transition,VA294_EB,VA294_EB::110-13198,12,MD,corridor_period,6.088923812861003,1.0147262894805626,0.0863142466654502,0.6025369087171067,0.1367086026153328,0.6114100416575982,35,0.997718267909106,0.5368695175768551,0.2117710522873916,1.7613506879783916,False,False,high,110-13198,40112,40715,40233,mapped_primary_link
corridor-c2455a8fa3d3441aaf2940757cc4de00,daily,state_transition,VA294_EB,VA294_EB::110-13198,12,PM,sensor_period,4.023749829111979,1.0019483658933783,0.0946933492997289,0.5079747827953589,0.1024366794348407,0.5089645035368536,16,0.9999589409457798,0.2854612707888457,0.0104510047221845,1.0105491284137431,False,False,high,110-13198,40112,40715,40233,mapped_primary_link
corridor-c2455a8fa3d3441aaf2940757cc4de00,daily,state_transition,VA294_EB,VA294_EB::110-13196,14,AM,corridor_period,3.0585360428018715,1.0028761528399446,0.0903930915819795,0.7081748116565018,0.1064051068809388,0.7102116306522248,43,0.993346280754336,0.1384568466256596,0.1113438598201182,2.609782173680089,False,False,high,110-13196,39187,40408,40216,mapped_primary_link
corridor-c2455a8fa3d3441aaf2940757cc4de00,daily,state_transition,VA294_EB,VA294_EB::110-13196,14,MD,sensor_period,6.0484051673197445,1.0002046917380982,0.1618853619960818,0.2206763691307364,0.1284387230442344,0.220721539760291,10,0.9999503426213516,0.1326649222983836,0.0278041773475047,1.6281324829194903,True,False,low,110-13196,39187,40408,40216,mapped_primary_link
corridor-c2455a8fa3d3441aaf2940757cc4de00,daily,state_transition,VA294_EB,VA294_EB::110-13196,14,PM,sensor_period,4.025392146398567,1.00090637928789,0.1297554389565874,0.1764876513955401,0.0884841487196459,0.1766476161473334,6,0.9999680260683418,0.0691742549660043,0.0135345477744384,1.4284016412439728,True,False,low,110-13196,39187,40408,40216,mapped_primary_link
corridor-c2455a8fa3d3441aaf2940757cc4de00,daily,state_transition,VA294_EB,VA294_EB::110N13195,20,AM,sensor_period,3.0816951438743363,1.000000004333402,0.0822420680145887,0.7919667966876381,0.1069542243857095,0.7919668001195487,17,0.980948485272272,-0.1295893596504833,0.1329178265156484,3.453608353212332,True,False,low,110N13195,38817,40217,40220,mapped_primary_link
corridor-c2455a8fa3d3441aaf2940757cc4de00,daily,state_transition,VA294_EB,VA294_EB::110N13195,20,PM,sensor_period,4.053631458376739,1.0317689580253728,0.0981146584245766,0.6108242358543264,0.123032154931114,0.630229485364063,19,0.9709189196343062,0.2352525954019871,0.1536005667487829,0.966241970017639,False,False,high,110N13195,38817,40217,40220,mapped_primary_link
corridor-c2455a8fa3d3441aaf2940757cc4de00,daily,state_transition,VA294_EB,VA294_EB::110N13199,22,AM,corridor_period,3.0585360428018715,1.0028761528399446,0.0903930915819795,0.7081748116565018,0.1064051068809388,0.7102116306522248,43,0.993346280754336,0.1384568466256596,0.1113438598201182,2.609782173680089,False,False,high,110N13199,39075,40317,40716,mapped_primary_link
corridor-c2455a8fa3d3441aaf2940757cc4de00,daily,state_transition,VA294_EB,VA294_EB::110N13199,22,MD,sensor_period,5.819285336234612,1.0609916383379083,0.2336462567559914,0.2092402575837896,0.1801354042972974,0.2220021637000709,5,0.989805207621416,0.0500228518007864,0.1663696526048405,0.8078108086928549,False,False,medium,110N13199,39075,40317,40716,mapped_primary_link
corridor-c2455a8fa3d3441aaf2940757cc4de00,daily,state_transition,VA294_EB,VA294_EB::110N13199,22,PM,corridor_period,4.06957580111071,1.0019406859553412,0.1007953369180869,0.5430652666909409,0.1152030921985708,0.5441191858268417,87,0.9951256230362704,0.0254178679489696,0.1421403770910055,3.272693952091648,False,False,high,110N13199,39075,40317,40716,mapped_primary_link
corridor-cda791c8754d4d61886156e024daa3b8,daily,state_transition,VA294_WB,VA294_WB::110P13195,1,MD,corridor_period,6.060679781583076,1.0023931624325817,0.1013265696951694,0.5278170347018326,0.1398782404864791,0.5290801866005577,22,0.9998833615019708,0.3353609048656668,0.0279808305978672,1.6570798756746674,False,False,high,110P13195,38823,40220,40217,mapped_primary_link
corridor-cda791c8754d4d61886156e024daa3b8,daily,state_transition,VA294_WB,VA294_WB::110P13195,1,PM,sensor_period,4.039047744943848,1.0000000671731406,0.0884524898938378,0.280773844777221,0.0698129633187737,0.280773863637682,9,0.9995948199452273,-0.0614592783072727,0.0138323904609757,1.875199580689521,True,False,low,110P13195,38823,40220,40217,mapped_primary_link
corridor-cda791c8754d4d61886156e024daa3b8,daily,state_transition,VA294_WB,VA294_WB::110+13196,6,AM,sensor_period,3.044677593826475,1.020894594759846,0.0330681537113048,1.7799456061589574,0.1279634403985753,1.8171368482942167,8,0.9995647498102448,0.1841196756888808,0.0108898427329205,1.6762610306605823,False,False,medium,110+13196,38815,40217,40216,mapped_primary_link
corridor-cda791c8754d4d61886156e024daa3b8,daily,state_transition,VA294_WB,VA294_WB::110+13196,6,MD,corridor_period,6.060679781583076,1.0023931624325817,0.1013265696951694,0.5278170347018326,0.1398782404864791,0.5290801866005577,22,0.9998833615019708,0.3353609048656668,0.0279808305978672,1.6570798756746674,False,False,high,110+13196,38815,40217,40216,mapped_primary_link
corridor-cda791c8754d4d61886156e024daa3b8,daily,state_transition,VA294_WB,VA294_WB::110+13196,6,PM,sensor_period,4.088333015871124,1.000000659247755,0.1492335218360453,0.3860909039913709,0.1370810953817575,0.3860911585209327,19,0.9810225563366018,0.0418756759289568,0.1485901084480633,1.7023964182454367,True,False,low,110+13196,38815,40217,40216,mapped_primary_link
corridor-cda791c8754d4d61886156e024daa3b8,daily,state_transition,VA294_WB,VA294_WB::110+13197,7,AM,corridor_period,3.0266930222327426,1.006451636724094,0.0393063875854271,1.233121182423543,0.0821398966587575,1.2410768323293249,26,0.9995989264267588,0.0051309517259348,0.0142810463625601,1.950205807655748,False,False,high,110+13197,38814,40216,40408,mapped_primary_link
corridor-cda791c8754d4d61886156e024daa3b8,daily,state_transition,VA294_WB,VA294_WB::110+13197,7,MD,corridor_period,6.060679781583076,1.0023931624325817,0.1013265696951694,0.5278170347018326,0.1398782404864791,0.5290801866005577,22,0.9998833615019708,0.3353609048656668,0.0279808305978672,1.6570798756746674,False,False,high,110+13197,38814,40216,40408,mapped_primary_link
corridor-cda791c8754d4d61886156e024daa3b8,daily,state_transition,VA294_WB,VA294_WB::110+13197,7,PM,sensor_period,4.145187510893256,1.0000000000000002,0.1145482377521771,0.7379746551288678,0.1744693303577284,0.737974655128868,8,0.858928909606631,-0.1376082731085384,0.2382416242503753,3.7914660125579593,True,False,low,110+13197,38814,40216,40408,mapped_primary_link
corridor-cda791c8754d4d61886156e024daa3b8,daily,state_transition,VA294_WB,VA294_WB::110+13198,8,AM,corridor_period,3.0266930222327426,1.006451636724094,0.0393063875854271,1.233121182423543,0.0821398966587575,1.2410768323293249,26,0.9995989264267588,0.0051309517259348,0.0142810463625601,1.950205807655748,False,False,high,110+13198,39188,40408,40233,mapped_primary_link
corridor-cda791c8754d4d61886156e024daa3b8,daily,state_transition,VA294_WB,VA294_WB::110+13198,8,MD,sensor_period,6.054342692714807,1.0000005293560932,0.1492851359439576,0.3196858466183827,0.1415894995572755,0.3196860158460335,12,0.9999521273897236,0.1986480233751003,0.0143654975425711,1.6121040973652334,True,False,low,110+13198,39188,40408,40233,mapped_primary_link
corridor-cda791c8754d4d61886156e024daa3b8,daily,state_transition,VA294_WB,VA294_WB::110+13198,8,PM,sensor_period,4.023471637077971,1.0069051529172603,0.0194493527770523,1.467655916242706,0.0800294872459156,1.4777903047742835,8,0.9999473343701948,0.7577648120218982,0.021809091434044,1.7522315741450132,False,False,medium,110+13198,39188,40408,40233,mapped_primary_link
corridor-cda791c8754d4d61886156e024daa3b8,daily,state_transition,VA294_WB,VA294_WB::110+13199,9,MD,sensor_period,6.030837348679675,1.000253489191186,0.047382917773128,0.910891128759244,0.1298552688233971,0.9111220298147318,5,0.9994300791807816,0.0061594720953893,0.0044662320442006,0.8458638618885939,True,False,low,110+13199,38856,40233,40715,mapped_primary_link
corridor-cda791c8754d4d61886156e024daa3b8,daily,state_transition,VA294_WB,VA294_WB::110+13203,10,AM,sensor_period,3.01899987651566,1.0038862476235006,0.0420956465058307,0.7119459009660466,0.0493029011558448,0.714712699031737,3,0.999999912162403,0.9958647626677376,0.0004117952899969,0.0487227042682105,False,False,low,110+13203,38183,40016,40064,mapped_primary_link
corridor-cda791c8754d4d61886156e024daa3b8,daily,state_transition,VA294_WB,VA294_WB::110+13203,10,PM,sensor_period,4.0602477242497885,1.0000000000001048,0.1595792371839571,0.05,0.0912856977041061,0.0500000000000052,14,0.9894548210041966,-0.0360942523692664,0.1328421402939409,1.8179144426946283,True,True,low,110+13203,38183,40016,40064,mapped_primary_link
corridor-cda791c8754d4d61886156e024daa3b8,daily,state_transition,VA294_WB,VA294_WB::110+13207,14,PM,sensor_period,4.0273079224586,1.0000003011102967,0.1502343913194302,0.05,0.0859050770159841,0.0500000150555148,5,0.9997943381474288,-0.0264171908908643,0.0099872918500013,1.5288283652552508,True,True,low,110+13207,40138,40723,40080,mapped_primary_link
corridor-cda791c8754d4d61886156e024daa3b8,daily,state_transition,VA294_WB,VA294_WB::110+13208,15,AM,sensor_period,3.0170434960693,1.0000029042084149,0.0372471835870994,1.2831382860638152,0.081933525600696,1.283142012564823,8,0.9996309784777576,0.0065155628842967,0.008636962667812,1.6016615216769678,True,False,low,110+13208,38390,40080,40412,mapped_primary_link
corridor-cda791c8754d4d61886156e024daa3b8,daily,state_transition,VA294_WB,VA294_WB::110+13200,17,PM,corridor_period,4.059035116458045,1.0068777498468164,0.0381091080840244,1.1316783207859535,0.0992125049192001,1.1394617211833846,84,0.9975366928099164,0.5426312468092989,0.129133906922938,2.4614982214863463,False,False,high,110+13200,39074,40317,40264,mapped_primary_link
corridor-cda791c8754d4d61886156e024daa3b8,daily,state_transition,VA294_WB,VA294_WB::110+13201,18,AM,sensor_period,3.015953234666996,1.000002535197635,0.0519445777153054,0.6195169840128113,0.054897255370376,0.619518554610804,5,0.9998578120057314,0.1439030139133171,0.0062531350876066,1.09804665150294,True,False,low,110+13201,38950,40264,40974,mapped_primary_link
corridor-cda791c8754d4d61886156e024daa3b8,daily,state_transition,VA294_WB,VA294_WB::110+13201,18,MD,corridor_period,6.060679781583076,1.0023931624325817,0.1013265696951694,0.5278170347018326,0.1398782404864791,0.5290801866005577,22,0.9998833615019708,0.3353609048656668,0.0279808305978672,1.6570798756746674,False,False,high,110+13201,38950,40264,40974,mapped_primary_link
corridor-cda791c8754d4d61886156e024daa3b8,daily,state_transition,VA294_WB,VA294_WB::110+13201,18,PM,sensor_period,4.05147658411241,1.0000000738563573,0.2500541643324975,0.1808790359548649,0.1717660519313292,0.1808790493139316,16,0.9995907650456934,0.0182966996601902,0.0303377488235301,1.6858174383388391,True,False,low,110+13201,38950,40264,40974,mapped_primary_link
corridor-cda791c8754d4d61886156e024daa3b8,daily,state_transition,VA294_WB,VA294_WB::110+13202,19,PM,sensor_period,4.020730674826641,1.000000010036769,0.024260913843041,0.9838913224590478,0.0508717072310887,0.9838913323341376,3,,-0.0469033170202677,0.0084228958045644,0.5209866920815938,True,False,low,110+13202,38305,40055,40016,mapped_primary_link
corridor-f9d36c4256b34ed4a1e099e242dbe4b7,daily,state_transition,VA606_EB,VA606_EB::110P18882,2,AM,sensor_period,3.173699250589711,1.0000000000000002,0.8021176247083391,0.0500000000041717,0.4532262709268538,0.0500000000041717,15,0.9318272935749086,-0.0137385848488249,0.2786415939392768,1.4529390065014094,True,True,low,110P18882,30481,34561,34540,mapped_primary_link
corridor-f9d36c4256b34ed4a1e099e242dbe4b7,daily,state_transition,VA606_EB,VA606_EB::110P18882,2,MD,sensor_period,6.078569790477049,1.040083054513539,0.1876989874790476,0.471544855907381,0.2344542876917335,0.4904458140722956,3,0.9867727973759812,0.1524992140210218,0.2666387333155107,1.3171167154802066,False,False,low,110P18882,30481,34561,34540,mapped_primary_link
corridor-f9d36c4256b34ed4a1e099e242dbe4b7,daily,state_transition,VA606_EB,VA606_EB::110P18882,2,PM,sensor_period,3.679264807248906,1.0964307098329305,0.1630440739774305,0.5787066124646907,0.184804867206647,0.6345117018896714,4,0.9738638860584702,0.0366897289402533,0.2481185193324206,1.412473645398692,False,False,low,110P18882,30481,34561,34540,mapped_primary_link
corridor-f9d36c4256b34ed4a1e099e242dbe4b7,daily,state_transition,VA606_EB,VA606_EB::110P10089,9,AM,sensor_period,3.0332714117862243,1.0287669339690102,0.5310017498127232,0.0500000000000558,0.2993575692520979,0.0514383466985079,5,0.9999020784960828,-0.062161250229318,0.0262930754696782,2.498851546154377,False,True,low,110P10089,36742,38323,38321,mapped_primary_link
corridor-f9d36c4256b34ed4a1e099e242dbe4b7,daily,state_transition,VA606_EB,VA606_EB::110P10089,9,MD,sensor_period,6.215881554722642,1.0000000000000002,0.1820022934795324,0.4566828125856677,0.2235911693842096,0.4566828125856678,13,0.8919272602938682,-0.056299561842021,0.4918990063654923,4.092058091814416,True,False,low,110P10089,36742,38323,38321,mapped_primary_link
corridor-f9d36c4256b34ed4a1e099e242dbe4b7,daily,state_transition,VA606_EB,VA606_EB::110P10089,9,PM,corridor_period,3.9205752785442742,1.0565182553990975,0.4117415266353116,0.2390249770870862,0.3044029241569033,0.2525342517888577,63,0.976551231893672,0.036332759950682,0.7519815748214986,2.615693175703968,False,False,high,110P10089,36742,38323,38321,mapped_primary_link
corridor-f9d36c4256b34ed4a1e099e242dbe4b7,daily,state_transition,VA606_EB,VA606_EB::110+18876,13,AM,corridor_period,3.0883214206484357,1.016751234696997,0.2138262477490543,0.4218183202683851,0.1834989834141223,0.4288842979506937,65,0.9943427150680656,0.3764775865453734,0.5284034999203088,2.6164615577502186,False,False,high,110+18876,33132,35799,34714,mapped_primary_link
corridor-f9d36c4256b34ed4a1e099e242dbe4b7,daily,state_transition,VA606_EB,VA606_EB::110+18876,13,MD,sensor_period,6.524269838024389,1.0000000000000002,4.539992994791102e-05,3.1769249609394934,0.0093704550609722,3.1769249609394943,10,-44.56091934500474,0.0106494182927736,0.5062412185071972,2.4546807689353063,True,False,low,110+18876,33132,35799,34714,mapped_primary_link
corridor-f9d36c4256b34ed4a1e099e242dbe4b7,daily,state_transition,VA606_EB,VA606_EB::110+18876,13,PM,sensor_period,4.333895498183925,1.0000047774518248,0.7023534072515715,0.0500000000000012,0.4030865836331946,0.0500002388725924,10,-2.406420342198364,-0.0026310976351151,0.2954480009558925,0.7103726096882123,True,True,low,110+18876,33132,35799,34714,mapped_primary_link
corridor-f9d36c4256b34ed4a1e099e242dbe4b7,daily,state_transition,VA606_EB,VA606_EB::110+18875,14,AM,sensor_period,3.4017126998255107,1.0000000000000002,0.0474689415366644,1.010660489340011,0.0872517334981973,1.0106604893400113,5,,-0.0024163148180167,0.2026608153794405,1.2506263096326142,True,False,low,110+18875,35700,36634,34568,mapped_primary_link
corridor-f9d36c4256b34ed4a1e099e242dbe4b7,daily,state_transition,VA606_EB,VA606_EB::110+18875,14,MD,sensor_period,6.868054628875426,1.0000000000000002,0.0479941410394897,0.9988084126881446,0.1753975536627648,0.9988084126881448,7,,-1.5985708490262598e-07,0.3789140699837023,0.977904960645296,True,False,low,110+18875,35700,36634,34568,mapped_primary_link
corridor-f9d36c4256b34ed4a1e099e242dbe4b7,daily,state_transition,VA606_EB,VA606_EB::110+18875,14,PM,sensor_period,4.586833959113101,1.0000013842910656,0.0473433447028529,0.9988593378834404,0.1156155157613137,0.9988607205954976,9,,-3.90573447937026e-05,0.413269944993708,0.4319806570907294,True,False,low,110+18875,35700,36634,34568,mapped_primary_link
corridor-f9d36c4256b34ed4a1e099e242dbe4b7,daily,state_transition,VA606_EB,VA606_EB::110+18880,16,AM,sensor_period,3.1324147075825333,1.0000000000000002,0.460256475789851,0.1453342414313471,0.2897789743551778,0.1453342414313471,14,0.9908346750922729,0.0153912852822358,0.2204743869799757,1.2696669384651056,True,False,low,110+18880,32781,35650,34560,mapped_primary_link
corridor-f9d36c4256b34ed4a1e099e242dbe4b7,daily,state_transition,VA606_EB,VA606_EB::110+18880,16,MD,sensor_period,6.128628155188891,1.0196138196591782,0.2926606235842655,0.2825611052902027,0.2605201130591527,0.2881032078520628,5,0.9976746315114404,0.1221023141136319,0.1389264498036426,0.8249182387650394,False,False,medium,110+18880,32781,35650,34560,mapped_primary_link
corridor-f9d36c4256b34ed4a1e099e242dbe4b7,daily,state_transition,VA606_EB,VA606_EB::110+18880,16,PM,sensor_period,4.172890727251565,1.000000127132724,0.154169071992504,0.5125252138773418,0.1709958611016806,0.5125252790360684,4,0.9961076310935654,0.2094098004360536,0.1220675006705099,0.8832495134365864,True,False,low,110+18880,32781,35650,34560,mapped_primary_link
corridor-f9d36c4256b34ed4a1e099e242dbe4b7,daily,state_transition,VA606_EB,VA606_EB::110+10091,18,AM,sensor_period,3.177285049586346,1.0000000000000002,0.0252977585059209,0.9998001436549516,0.0428584648051171,0.999800143654952,14,,-0.0102859184610064,0.4560300832269383,1.1717638942382669,True,False,low,110+10091,30532,34575,34572,mapped_primary_link
corridor-f9d36c4256b34ed4a1e099e242dbe4b7,daily,state_transition,VA606_EB,VA606_EB::110+10091,18,PM,sensor_period,4.254445811496257,1.0000000000000002,0.0236352453759264,1.006901071174015,0.0541678415093895,1.0069010711740152,8,,-0.0052778783252336,0.6755463374886004,1.054791452776193,True,False,low,110+10091,30532,34575,34572,mapped_primary_link
corridor-f9d36c4256b34ed4a1e099e242dbe4b7,daily,state_transition,VA606_EB,VA606_EB::110+10090,19,AM,corridor_period,3.0883214206484357,1.016751234696997,0.2138262477490543,0.4218183202683851,0.1834989834141223,0.4288842979506937,65,0.9943427150680656,0.3764775865453734,0.5284034999203088,2.6164615577502186,False,False,high,110+10090,36028,38077,38474,mapped_primary_link
corridor-f9d36c4256b34ed4a1e099e242dbe4b7,daily,state_transition,VA606_EB,VA606_EB::110+10090,19,MD,corridor_period,6.181079614416461,1.0331254604009894,0.0882581503347017,0.7647316799410443,0.1895420219569136,0.7900637689223134,55,0.987928458817588,0.4347800423960022,0.7291163972321507,2.993100056492508,False,False,high,110+10090,36028,38077,38474,mapped_primary_link
corridor-f9d36c4256b34ed4a1e099e242dbe4b7,daily,state_transition,VA606_EB,VA606_EB::110+10090,19,PM,sensor_period,4.173303923889748,1.0000000000000002,0.8065839099407116,0.0500000001560817,0.4620322420054338,0.0500000001560818,20,0.9242293412983172,-0.0050877025582805,0.3696267968795986,2.791033259691716,True,True,low,110+10090,36028,38077,38474,mapped_primary_link
corridor-f9d36c4256b34ed4a1e099e242dbe4b7,daily,state_transition,VA606_EB,VA606_EB::110+10089,20,AM,sensor_period,3.040226076927917,1.0006364375761816,0.1727387903494907,0.4479826135338053,0.1516079725770483,0.4482677265025343,6,0.9996526796322072,0.1479562048869772,0.015137204658171,1.776532368244313,True,False,low,110+10089,35865,38023,38323,mapped_primary_link
corridor-f9d36c4256b34ed4a1e099e242dbe4b7,daily,state_transition,VA606_EB,VA606_EB::110+10089,20,MD,sensor_period,6.183317428994421,1.0074840324357353,0.0775791511635563,0.9138606690178503,0.2186804703056264,0.9207000319065226,16,0.9905891818782684,0.4916184237814117,0.2895996250793252,2.9189626851615724,False,False,high,110+10089,35865,38023,38323,mapped_primary_link
corridor-f9d36c4256b34ed4a1e099e242dbe4b7,daily,state_transition,VA606_EB,VA606_EB::110+10089,20,PM,sensor_period,4.1114631411720834,1.0000001406177133,0.0789555929213035,1.0102347887386345,0.1756556614536006,1.01023493079554,7,0.9988459150845328,0.2198550679982343,0.0721875798502378,2.559994312929817,True,False,low,110+10089,35865,38023,38323,mapped_primary_link
corridor-f9d36c4256b34ed4a1e099e242dbe4b7,daily,state_transition,VA606_EB,VA606_EB::110+10088,21,AM,sensor_period,3.434890977956318,1.144507014697044,0.0716199538592607,3.4699104223089443,2.764411689541054,3.971336818702969,3,0.9753910334108752,0.7445602597259012,0.0489135811241328,2.951142261972487,False,False,low,110+10088,37478,38553,38273,mapped_primary_link
corridor-ca0e6f640015490e96d56a09bc4b2808,daily,state_transition,VA606_SB,VA606_SB::110-58067,3,PM,sensor_period,4.144385172185741,1.0000002452650096,0.3606298813761287,0.0500000039378523,0.2065063663287586,0.0500000162011038,14,0.9521393705188552,-0.0234988952711392,0.1713577338033584,2.345244737846749,True,True,low,110-58067,36304,38161,38770,mapped_primary_link
corridor-e0c6f6cb75fd47ad8bb351b3d1a6a346,daily,state_transition,VA606_WB,VA606_WB::110N10089,5,AM,sensor_period,3.0347596486091666,1.0000000000000002,0.3206993452902757,0.0675395829356402,0.1843568485059311,0.0675395829356403,15,0.9998825244743068,-0.0203434196155043,0.0453864885514179,2.644338979794379,True,False,low,110N10089,36737,38321,38323,mapped_primary_link
corridor-e0c6f6cb75fd47ad8bb351b3d1a6a346,daily,state_transition,VA606_WB,VA606_WB::110N10089,5,MD,sensor_period,6.021319214206924,1.0024437514116251,0.0035076713177433,1.9388500864317908,0.0607747030309803,1.9435881540674385,4,0.999988335213177,0.9609555947417622,0.0030187935844448,0.1839453223020061,False,False,low,110N10089,36737,38321,38323,mapped_primary_link
corridor-e0c6f6cb75fd47ad8bb351b3d1a6a346,daily,state_transition,VA606_WB,VA606_WB::110N10089,5,PM,sensor_period,4.01925651755014,1.0005658624840157,0.0687377631160297,0.5334593971749828,0.0769983355261489,0.5337612618345897,9,0.9999930436574213,0.3470600594937908,0.0081970097868339,1.1859250069350586,True,False,low,110N10089,36737,38321,38323,mapped_primary_link
corridor-e0c6f6cb75fd47ad8bb351b3d1a6a346,daily,state_transition,VA606_WB,VA606_WB::110-18880,6,PM,sensor_period,4.022399532020104,1.0014605710675168,0.0920888707872798,0.5112503776789892,0.100057388853088,0.5119970951888841,10,0.9999447510558592,0.0976119563317813,0.0053888984276962,1.6650968617761188,False,False,high,110-18880,30536,34576,34560,mapped_primary_link
corridor-e0c6f6cb75fd47ad8bb351b3d1a6a346,daily,state_transition,VA606_WB,VA606_WB::110-18881,7,PM,sensor_period,4.038945200134824,1.0000000000000002,0.1758576618831442,0.05,0.1005711510396308,0.05,7,0.9989281837752504,-0.0238684363827863,0.0122630493137933,2.2184702391618387,True,True,low,110-18881,30482,34561,34717,mapped_primary_link
corridor-e0c6f6cb75fd47ad8bb351b3d1a6a346,daily,state_transition,VA606_WB,VA606_WB::110-18879,8,AM,sensor_period,3.115995687660001,1.0000000000000002,0.0307609188908002,0.9920724322503894,0.0506619448753332,0.9920724322503895,4,0.9843652812104569,0.5128245844707131,0.2952140623812634,0.9197254228131836,True,False,low,110-18879,30477,34560,35650,mapped_primary_link
corridor-e0c6f6cb75fd47ad8bb351b3d1a6a346,daily,state_transition,VA606_WB,VA606_WB::110-18879,8,MD,sensor_period,6.173957736716972,1.0000000000000002,0.4281597143818204,0.05,0.250110953905938,0.05,5,0.995674639432054,-0.0660745644910882,0.0838374076585861,1.1520134130485045,True,True,low,110-18879,30477,34560,35650,mapped_primary_link
corridor-e0c6f6cb75fd47ad8bb351b3d1a6a346,daily,state_transition,VA606_WB,VA606_WB::110-18879,8,PM,sensor_period,4.149107519152274,1.0000000000000002,0.5107977078886056,0.05,0.292513155053719,0.05,13,0.942525812691956,-0.0247876724486166,0.3219325757455923,1.0934653487674575,True,True,low,110-18879,30477,34560,35650,mapped_primary_link
corridor-e0c6f6cb75fd47ad8bb351b3d1a6a346,daily,state_transition,VA606_WB,VA606_WB::110-18874,9,MD,corridor_period,6.103987533701276,1.0328422283542285,0.0456757952243654,0.9089177645484826,0.1261081157789683,0.9387686493269988,34,0.991776610853692,0.6259740078094281,0.6871692181903644,3.110175260089718,False,False,high,110-18874,33131,35799,34568,mapped_primary_link
corridor-e0c6f6cb75fd47ad8bb351b3d1a6a346,daily,state_transition,VA606_WB,VA606_WB::110-18874,9,PM,sensor_period,4.729336488595297,1.0000000000000002,0.0859981271608112,1.001114091881528,0.2172899928490257,1.0011140918815282,21,,-0.0025136485820691,0.4534566815648272,1.0909595968853452,True,False,low,110-18874,33131,35799,34568,mapped_primary_link
corridor-e0c6f6cb75fd47ad8bb351b3d1a6a346,daily,state_transition,VA606_WB,VA606_WB::110-18875,10,MD,sensor_period,6.502771266317019,1.0000000000000002,0.0365349095432099,1.002929072097338,0.1274051156660612,1.0029290720973385,4,,-0.0048874977643711,0.269557959093869,1.5491257776732257,True,False,low,110-18875,30992,34714,35799,mapped_primary_link
corridor-e0c6f6cb75fd47ad8bb351b3d1a6a346,daily,state_transition,VA606_WB,VA606_WB::110-18875,10,PM,sensor_period,4.374850729280025,1.0000000000170823,0.7989217141243016,0.0500000911261651,0.4587236945870383,0.0500000911270192,18,-27.4918560196877,-0.0010739365220344,0.4193753145364146,0.6634174961054213,True,True,low,110-18875,30992,34714,35799,mapped_primary_link
corridor-e0c6f6cb75fd47ad8bb351b3d1a6a346,daily,state_transition,VA606_WB,VA606_WB::110-10090,12,PM,sensor_period,4.195517968607359,1.0000000000000002,0.0143844205437622,1.124450471688829,0.0384753558194327,1.1244504716888293,18,-8.331988808320204,-0.0015868027704184,0.3498719008761903,0.7879264022268306,True,False,low,110-10090,30523,34572,34575,mapped_primary_link
corridor-e0c6f6cb75fd47ad8bb351b3d1a6a346,daily,state_transition,VA606_WB,VA606_WB::110-10087,13,PM,sensor_period,4.454340783391744,1.0856859380968806,0.1672677041905563,1.4433539765225163,0.7706106063372122,1.5670291160067114,11,0.9968257181889362,0.6599085227393645,0.0324947348430989,2.3342857574292952,False,False,high,110-10087,36636,38273,38553,mapped_primary_link
corridor-e0c6f6cb75fd47ad8bb351b3d1a6a346,daily,state_transition,VA606_WB,VA606_WB::110-10089,14,AM,sensor_period,3.1026823896753064,1.0123098516366569,0.1878657616646518,0.2367467027263364,0.1309976650875648,0.2396610195123652,4,0.9982458161373686,0.2069457582284919,0.1992195017864308,1.2942581037941432,False,False,low,110-10089,37221,38474,38077,mapped_primary_link
corridor-e0c6f6cb75fd47ad8bb351b3d1a6a346,daily,state_transition,VA606_WB,VA606_WB::110-10089,14,MD,sensor_period,6.129266212895688,1.0000000000000002,0.4957091828380713,0.05,0.2894650378463206,0.05,4,0.9610872347767698,-0.0087059249851222,0.1685958450604771,3.688078125949884,True,True,low,110-10089,37221,38474,38077,mapped_primary_link
corridor-e0c6f6cb75fd47ad8bb351b3d1a6a346,daily,state_transition,VA606_WB,VA606_WB::110-10089,14,PM,sensor_period,4.0673833705819975,1.0016474352089102,0.3464620278037713,0.0500000000000014,0.1982075194045123,0.050082371760447,17,0.9945077865178816,-0.0158268083104009,0.1912546256509818,1.3439859518984452,False,True,low,110-10089,37221,38474,38077,mapped_primary_link
corridor-e0c6f6cb75fd47ad8bb351b3d1a6a346,daily,state_transition,VA606_WB,VA606_WB::110-10088,15,AM,sensor_period,3.0151011206881133,1.0000000164118372,0.1171089592945544,0.2001856198691314,0.0779001320559484,0.2001856231545452,14,0.999983120289023,0.0925993501476628,0.0075120415638748,0.631338447549767,True,False,low,110-10088,36741,38323,38023,mapped_primary_link
corridor-e0c6f6cb75fd47ad8bb351b3d1a6a346,daily,state_transition,VA606_WB,VA606_WB::110-10088,15,MD,sensor_period,6.041775937913127,1.0031414106031336,0.038264370446126,1.0366370919358945,0.1316974952993277,1.0398935946881032,8,0.9999484470201646,0.5243289975687127,0.0164132424116607,2.9216441576116803,False,False,medium,110-10088,36741,38323,38023,mapped_primary_link
corridor-e0c6f6cb75fd47ad8bb351b3d1a6a346,daily,state_transition,VA606_WB,VA606_WB::110N18882,20,AM,sensor_period,3.013229245402508,1.036219217260766,0.0016104527988651,3.9999999605940215,0.0708068713415189,4.144876828209832,5,0.9880036846377196,0.6748078617088976,0.0204907549319152,0.7770096005455417,False,True,low,110N18882,30412,34540,34561,mapped_primary_link
corridor-e0c6f6cb75fd47ad8bb351b3d1a6a346,daily,state_transition,VA606_WB,VA606_WB::110N18882,20,MD,sensor_period,6.100380994305325,1.0000108985542695,0.1252911158911805,0.5535399549991246,0.1818215941241792,0.5535459877843646,7,0.9999246811587726,0.2872691405434325,0.0320706234821791,2.186462993401286,True,False,low,110N18882,30412,34540,34561,mapped_primary_link
corridor-e0c6f6cb75fd47ad8bb351b3d1a6a346,daily,state_transition,VA606_WB,VA606_WB::110N18882,20,PM,sensor_period,4.103261475978786,1.0003428495036766,0.447864357547117,0.0500000689627334,0.2563313537579575,0.050017211461561,18,0.9959195718421197,0.0053073620815299,0.1899431897304125,1.6175203163863547,True,True,low,110N18882,30412,34540,34561,mapped_primary_link
corridor-1b61529ea0b8451eb0f3082e9c54d70f,daily,state_transition,VA611_NB,VA611_NB::110P10084,8,AM,corridor_period,3.0693572763888053,1.00265951008204,0.0650785621522743,0.7220658236263955,0.0780040210044586,0.7239861649642263,73,0.9981340485687352,0.1633171771915861,0.2063274627159987,3.7480660747549495,False,False,high,110P10084,29183,34173,35242,mapped_primary_link
corridor-1b61529ea0b8451eb0f3082e9c54d70f,daily,state_transition,VA611_NB,VA611_NB::110P10084,8,MD,sensor_period,6.11915595867264,1.0202351934433698,0.2476629805820503,0.4446411980315561,0.2955665512260678,0.4536385986866164,11,0.9957981388586582,0.0867139641461649,0.1220731274629303,1.4881398229862377,False,False,high,110P10084,29183,34173,35242,mapped_primary_link
corridor-1b61529ea0b8451eb0f3082e9c54d70f,daily,state_transition,VA611_NB,VA611_NB::110P10084,8,PM,sensor_period,4.16053321987095,1.0000000358074643,0.8686727922058562,0.0500000015548118,0.4975221238392185,0.0500000033451851,7,0.9926405499531424,-0.0052783896766022,0.2139860921017394,4.4714291068038285,True,True,low,110P10084,29183,34173,35242,mapped_primary_link
corridor-1b61529ea0b8451eb0f3082e9c54d70f,daily,state_transition,VA611_NB,VA611_NB::110P10079,9,AM,sensor_period,3.056439029454169,1.0146555217247608,0.3149269679328091,0.3765355394503902,0.2558053062985382,0.38205386422895,5,0.9981552944640384,0.8988861061543085,0.2996823134892893,0.7314342342760596,False,False,medium,110P10079,32178,35252,34206,mapped_primary_link
corridor-1b61529ea0b8451eb0f3082e9c54d70f,daily,state_transition,VA611_NB,VA611_NB::110P10079,9,MD,corridor_period,6.0973706191191495,1.0172039194290503,0.0207755344210532,1.2138160141073575,0.0994419394193382,1.2346984070157518,49,0.9984895373964284,0.712822036047531,0.2152663959968622,2.6428348041215357,False,False,high,110P10079,32178,35252,34206,mapped_primary_link
corridor-1b61529ea0b8451eb0f3082e9c54d70f,daily,state_transition,VA611_NB,VA611_NB::110P10079,9,PM,sensor_period,4.186119860109418,1.0000000000000002,0.6463702216738866,0.0500000001797154,0.3703144434499553,0.0500000001797154,16,0.9938777295585336,-0.0983308989574958,0.3410946478792053,1.380434804100392,True,True,low,110P10079,32178,35252,34206,mapped_primary_link
corridor-1b61529ea0b8451eb0f3082e9c54d70f,daily,state_transition,VA611_NB,VA611_NB::110+10096,11,AM,sensor_period,3.035872409941802,1.0070956464358896,0.0354015119885222,0.6863995446989793,0.0404631532889831,0.6912699931819188,8,0.9904728994386988,0.5479230358970256,0.1702664655360748,0.6918881715136014,False,False,medium,110+10096,35016,36410,36409,mapped_primary_link
corridor-1b61529ea0b8451eb0f3082e9c54d70f,daily,state_transition,VA611_NB,VA611_NB::110+10096,11,MD,sensor_period,6.015555989442035,1.0000344778766566,0.0705229276385299,0.3172953247114187,0.0664644814027137,0.3173062643804878,12,0.9999961190559516,0.0951415063571444,0.0058796012827446,0.8248671594862591,True,False,low,110+10096,35016,36410,36409,mapped_primary_link
corridor-1b61529ea0b8451eb0f3082e9c54d70f,daily,state_transition,VA611_NB,VA611_NB::110+10096,11,PM,sensor_period,4.034270243995277,1.0142791460212748,0.120284868662197,0.0500000000133426,0.0687856705995325,0.0507139573145969,8,0.9961254317202506,-0.0079616993243463,0.1574401448785339,0.8825687521068095,False,True,low,110+10096,35016,36410,36409,mapped_primary_link
corridor-1b61529ea0b8451eb0f3082e9c54d70f,daily,state_transition,VA611_NB,VA611_NB::110+10095,12,AM,sensor_period,3.0151233319437987,1.0085289120901468,0.0365439536039824,0.7942255295626011,0.0468263806205645,0.8009994092839908,9,0.9980133496239336,0.2773229300403202,0.1563940531032969,2.203261864953303,False,False,medium,110+10095,35020,36411,36410,mapped_primary_link
corridor-1b61529ea0b8451eb0f3082e9c54d70f,daily,state_transition,VA611_NB,VA611_NB::110+10095,12,MD,sensor_period,6.084821141003693,1.012410590306413,0.0485005792164323,0.671734862871584,0.0870066110312228,0.6800714890492177,14,0.996707854085666,0.3208556932920943,0.1857229035665971,2.26965522955357,False,False,high,110+10095,35020,36411,36410,mapped_primary_link
corridor-1b61529ea0b8451eb0f3082e9c54d70f,daily,state_transition,VA611_NB,VA611_NB::110+10095,12,PM,sensor_period,4.07588041218602,1.0145958240981148,0.1578650774504029,0.05,0.0903224827080657,0.0507297912049057,11,0.9773313582363607,-0.0620759260014063,0.3078898151682023,4.780509258375211,False,True,low,110+10095,35020,36411,36410,mapped_primary_link
corridor-1b61529ea0b8451eb0f3082e9c54d70f,daily,state_transition,VA611_NB,VA611_NB::110+10094,13,AM,sensor_period,3.007618711721872,1.0000002889681312,0.0454565274734008,0.0500000000000084,0.0256156937730624,0.0500000144484149,5,0.9993043804362988,-0.0443382007029982,0.0032302156979866,0.4649943882172651,True,True,low,110+10094,29422,34246,34222,mapped_primary_link
corridor-1b61529ea0b8451eb0f3082e9c54d70f,daily,state_transition,VA611_NB,VA611_NB::110+10094,13,MD,corridor_period,6.0973706191191495,1.0172039194290503,0.0207755344210532,1.2138160141073575,0.0994419394193382,1.2346984070157518,49,0.9984895373964284,0.712822036047531,0.2152663959968622,2.6428348041215357,False,False,high,110+10094,29422,34246,34222,mapped_primary_link
corridor-1b61529ea0b8451eb0f3082e9c54d70f,daily,state_transition,VA611_NB,VA611_NB::110+10094,13,PM,sensor_period,4.140607972140037,1.0000000010585424,0.0094908549632449,2.837773444802358,0.2853594248182025,2.8377734478062613,12,0.9407121433591212,0.1845745753178239,0.1580706549100864,4.962602574713807,True,False,low,110+10094,29422,34246,34222,mapped_primary_link
corridor-1b61529ea0b8451eb0f3082e9c54d70f,daily,state_transition,VA611_NB,VA611_NB::110+10079,15,AM,sensor_period,3.0265957716336795,1.0000002285246874,0.0097386454903421,3.015842360104092,0.1465480354380414,3.015843049298524,5,0.9967263128666942,-0.2773565864586367,0.0194029384457655,4.228740502108686,True,False,low,110+10079,35036,36415,35252,mapped_primary_link
corridor-1b61529ea0b8451eb0f3082e9c54d70f,daily,state_transition,VA611_NB,VA611_NB::110+10079,15,MD,corridor_period,6.0973706191191495,1.0172039194290503,0.0207755344210532,1.2138160141073575,0.0994419394193382,1.2346984070157518,49,0.9984895373964284,0.712822036047531,0.2152663959968622,2.6428348041215357,False,False,high,110+10079,35036,36415,35252,mapped_primary_link
corridor-1b61529ea0b8451eb0f3082e9c54d70f,daily,state_transition,VA611_NB,VA611_NB::110+10079,15,PM,corridor_period,4.1212078222250295,1.0018726134719236,0.0858654766275293,0.7215529719935905,0.1272301619214511,0.7229041618096522,139,0.996557126678806,0.14663493721053,0.2773188532151632,4.237067819972844,False,False,high,110+10079,35036,36415,35252,mapped_primary_link
corridor-1b61529ea0b8451eb0f3082e9c54d70f,daily,state_transition,VA611_NB,VA611_NB::110+10081,16,AM,sensor_period,3.1097398887851213,1.0000000000419105,0.1856875567061836,0.663774771554942,0.2103000292048117,0.6637747715827611,18,0.9485841533917686,0.0024503636036807,0.1586266793081359,2.8609821150049046,True,False,low,110+10081,29266,34199,34256,mapped_primary_link
corridor-1b61529ea0b8451eb0f3082e9c54d70f,daily,state_transition,VA611_NB,VA611_NB::110+10081,16,MD,corridor_period,6.0973706191191495,1.0172039194290503,0.0207755344210532,1.2138160141073575,0.0994419394193382,1.2346984070157518,49,0.9984895373964284,0.712822036047531,0.2152663959968622,2.6428348041215357,False,False,high,110+10081,29266,34199,34256,mapped_primary_link
corridor-1b61529ea0b8451eb0f3082e9c54d70f,daily,state_transition,VA611_NB,VA611_NB::110+10081,16,PM,sensor_period,4.161463303770815,1.0238427108652683,0.060900246951403,1.1796981513675948,0.1746389955681015,1.207825353298944,22,0.9742808824833458,0.2728770476927108,0.3011551583210342,3.419270909962716,False,False,high,110+10081,29266,34199,34256,mapped_primary_link
corridor-1b61529ea0b8451eb0f3082e9c54d70f,daily,state_transition,VA611_NB,VA611_NB::110+10080,17,MD,corridor_period,6.0973706191191495,1.0172039194290503,0.0207755344210532,1.2138160141073575,0.0994419394193382,1.2346984070157518,49,0.9984895373964284,0.712822036047531,0.2152663959968622,2.6428348041215357,False,False,high,110+10080,29295,34208,34202,mapped_primary_link
corridor-1b61529ea0b8451eb0f3082e9c54d70f,daily,state_transition,VA611_NB,VA611_NB::110+10084,18,AM,sensor_period,3.161389012983976,1.0000000000000002,0.1201826481915805,0.382719564607764,0.0995757450722167,0.3827195646077641,7,0.9930505064321388,0.5861365976955482,0.3862888820687437,1.050751848007971,True,False,low,110+10084,32335,35305,36349,mapped_primary_link
corridor-1b61529ea0b8451eb0f3082e9c54d70f,daily,state_transition,VA611_NB,VA611_NB::110+10084,18,MD,corridor_period,6.0973706191191495,1.0172039194290503,0.0207755344210532,1.2138160141073575,0.0994419394193382,1.2346984070157518,49,0.9984895373964284,0.712822036047531,0.2152663959968622,2.6428348041215357,False,False,high,110+10084,32335,35305,36349,mapped_primary_link
corridor-1b61529ea0b8451eb0f3082e9c54d70f,daily,state_transition,VA611_NB,VA611_NB::110+10084,18,PM,sensor_period,4.0082703903810994,1.0184952980436413,0.1194296394179583,0.5523700329484298,0.1371406592377611,0.5625862813381869,20,0.9948535625944716,0.2071117201310045,0.2144599444850533,2.456593029776659,False,False,high,110+10084,32335,35305,36349,mapped_primary_link
corridor-1b61529ea0b8451eb0f3082e9c54d70f,daily,state_transition,VA611_NB,VA611_NB::110+10083,19,AM,sensor_period,3.020488543940887,1.0268169148193975,0.0564812918278014,0.6556106580876712,0.0621794782497436,0.6731921132602975,9,0.988167343072768,0.2292457936838855,0.15741407341674,1.0387743174765869,False,False,medium,110+10083,34808,36342,34189,mapped_primary_link
corridor-1b61529ea0b8451eb0f3082e9c54d70f,daily,state_transition,VA611_NB,VA611_NB::110+10083,19,MD,corridor_period,6.0973706191191495,1.0172039194290503,0.0207755344210532,1.2138160141073575,0.0994419394193382,1.2346984070157518,49,0.9984895373964284,0.712822036047531,0.2152663959968622,2.6428348041215357,False,False,high,110+10083,34808,36342,34189,mapped_primary_link
corridor-1b61529ea0b8451eb0f3082e9c54d70f,daily,state_transition,VA611_NB,VA611_NB::110+10083,19,PM,sensor_period,4.105492463560822,1.0000000000000002,0.2313142647191476,0.1711870665086177,0.157109100838828,0.1711870665086178,21,0.9923477717305418,-0.0018774650979995,0.2476370471150323,2.8372884659661795,True,False,low,110+10083,34808,36342,34189,mapped_primary_link
corridor-1b61529ea0b8451eb0f3082e9c54d70f,daily,state_transition,VA611_NB,VA611_NB::110+10082,20,AM,sensor_period,3.0126352777816696,1.0214430497431577,0.1526329871531223,0.2341885601488633,0.1053927984729154,0.2392102770934139,5,0.9999488176219326,0.2063912149456648,0.0339088797114376,1.39360400276604,False,False,medium,110+10082,29271,34200,34226,mapped_primary_link
corridor-1b61529ea0b8451eb0f3082e9c54d70f,daily,state_transition,VA611_NB,VA611_NB::110+10082,20,MD,corridor_period,6.0973706191191495,1.0172039194290503,0.0207755344210532,1.2138160141073575,0.0994419394193382,1.2346984070157518,49,0.9984895373964284,0.712822036047531,0.2152663959968622,2.6428348041215357,False,False,high,110+10082,29271,34200,34226,mapped_primary_link
corridor-1b61529ea0b8451eb0f3082e9c54d70f,daily,state_transition,VA611_NB,VA611_NB::110+10082,20,PM,sensor_period,4.017884162584267,1.017269689649824,0.0337796738143812,1.0981484222037996,0.0829722723441904,1.117113104644703,21,0.9941019739346192,0.1923652766625709,0.2126968098581406,3.6295692303531286,False,False,high,110+10082,29271,34200,34226,mapped_primary_link
corridor-9e6a4e6b3979452486fcc6de507fa561,daily,state_transition,VA611_SB,VA611_SB::110N10092,4,AM,sensor_period,3.068900988185264,1.0000000000000002,0.0653988411000396,0.906301166658391,0.0963655778604813,0.9063011666583912,13,0.9988353453105824,0.5329758694428219,0.1643555681266285,2.3821973835401606,True,False,low,110N10092,29420,34245,36475,mapped_primary_link
corridor-9e6a4e6b3979452486fcc6de507fa561,daily,state_transition,VA611_SB,VA611_SB::110N10092,4,MD,sensor_period,6.052350998583299,1.0014496618620516,0.0724727765017213,0.7172560202069062,0.1406090909537912,0.7182957989047271,10,0.9999629474740832,0.3566514743282449,0.0185662134042191,1.8968547316330069,False,False,high,110N10092,29420,34245,36475,mapped_primary_link
corridor-9e6a4e6b3979452486fcc6de507fa561,daily,state_transition,VA611_SB,VA611_SB::110N10092,4,PM,sensor_period,4.040853929165798,1.0055184877671275,0.0576336576631021,0.8424090389365345,0.0996720464619645,0.8470578629128236,7,0.9999728764187404,0.4216952661336841,0.0091197454362432,1.797194990186202,False,False,medium,110N10092,29420,34245,36475,mapped_primary_link
corridor-9e6a4e6b3979452486fcc6de507fa561,daily,state_transition,VA611_SB,VA611_SB::110N10084,12,AM,sensor_period,3.1655377965876763,1.0000021211196457,0.7046676667465839,0.0500000000001304,0.3981121643747375,0.0500001060561127,3,0.9330667170637044,-0.0317193382007849,0.2134287177346754,1.3447241429067565,True,True,low,110N10084,31668,35012,35242,mapped_primary_link
corridor-9e6a4e6b3979452486fcc6de507fa561,daily,state_transition,VA611_SB,VA611_SB::110N10084,12,MD,sensor_period,6.306898708037212,1.0000000000000002,0.059997091087837,0.9180722169541312,0.173547210928317,0.9180722169541315,6,0.8905540059058593,0.0407634114662781,0.2049202279360676,0.9544633627651048,True,False,low,110N10084,31668,35012,35242,mapped_primary_link
corridor-9e6a4e6b3979452486fcc6de507fa561,daily,state_transition,VA611_SB,VA611_SB::110N10084,12,PM,sensor_period,4.256566940835648,1.0000000000000002,0.7163195950928827,0.05,0.4107319933365775,0.05,9,0.9510600298345908,-0.0709108880094997,0.5290504092662285,0.5696460093466277,True,True,low,110N10084,31668,35012,35242,mapped_primary_link
corridor-9e6a4e6b3979452486fcc6de507fa561,daily,state_transition,VA611_SB,VA611_SB::110-10096,13,AM,corridor_period,3.0380018935912574,1.004624707180484,0.0551858709284823,0.8149097434866733,0.0727934536674297,0.8186784624288225,74,0.9986403021568648,0.5295842819624761,0.1667489972167548,2.378723929074012,False,False,high,110-10096,35035,36415,34215,mapped_primary_link
corridor-9e6a4e6b3979452486fcc6de507fa561,daily,state_transition,VA611_SB,VA611_SB::110-10096,13,MD,sensor_period,6.023145049306652,1.0022421870216698,0.0414124459890349,0.4825151971668118,0.0525298564950547,0.4835970864796577,5,0.999983239509452,0.7960588518191212,0.0048180161279518,0.1960790280857674,False,False,medium,110-10096,35035,36415,34215,mapped_primary_link
corridor-9e6a4e6b3979452486fcc6de507fa561,daily,state_transition,VA611_SB,VA611_SB::110-10096,13,PM,sensor_period,4.073901448195122,1.0000000240575957,0.0517579678767624,0.7966205454508828,0.0845128712714798,0.7966205646156577,19,0.9922305603421778,0.5623413565822006,0.1628593465365667,1.183510980297491,True,False,low,110-10096,35035,36415,34215,mapped_primary_link
corridor-9e6a4e6b3979452486fcc6de507fa561,daily,state_transition,VA611_SB,VA611_SB::110-10095,14,AM,sensor_period,3.0195692226019446,1.0000000000000002,0.1748517765217739,0.0500000000000001,0.0985521326138297,0.0500000000000001,17,0.9998870938903132,-0.0501375323294985,0.0201667152015621,1.701356622118755,True,True,low,110-10095,35014,36409,36410,mapped_primary_link
corridor-9e6a4e6b3979452486fcc6de507fa561,daily,state_transition,VA611_SB,VA611_SB::110-10095,14,MD,sensor_period,6.027246984921815,1.000000252818758,0.1193280762420886,0.1843835734307471,0.0886303560303012,0.1843836200463731,7,0.9999977862271872,0.3549074578128232,0.0062455144755918,0.893551894973787,True,False,low,110-10095,35014,36409,36410,mapped_primary_link
corridor-9e6a4e6b3979452486fcc6de507fa561,daily,state_transition,VA611_SB,VA611_SB::110-10095,14,PM,sensor_period,4.024104092922568,1.0239918728566877,0.0358188428396948,1.0648892469565376,0.0841426169595757,1.0904379343759725,17,0.993845007657444,0.6058358500372154,0.2767994599192269,2.6021969813002253,False,False,high,110-10095,35014,36409,36410,mapped_primary_link
corridor-9e6a4e6b3979452486fcc6de507fa561,daily,state_transition,VA611_SB,VA611_SB::110-10092,15,AM,sensor_period,3.1347249536685067,1.0670266774537702,0.1028959890061154,0.05,0.0581041491316367,0.0533513338726885,4,0.995734528052155,-0.0608038225912901,0.0346361658578341,1.416644525549488,False,True,low,110-10092,29424,34247,34245,mapped_primary_link
corridor-9e6a4e6b3979452486fcc6de507fa561,daily,state_transition,VA611_SB,VA611_SB::110-10092,15,MD,corridor_period,6.09379650405917,1.0110439463774392,0.0406324308431695,0.862772261401283,0.1030507322372191,0.8723006719921408,55,0.9986109540500824,0.6514897251623142,0.2154595879132205,2.3622279853381967,False,False,high,110-10092,29424,34247,34245,mapped_primary_link
corridor-9e6a4e6b3979452486fcc6de507fa561,daily,state_transition,VA611_SB,VA611_SB::110-10092,15,PM,corridor_period,4.067982678476069,1.0104639698350402,0.0662060579751842,0.6728408580965894,0.0907635786724153,0.6798814445394947,143,0.9960087167360128,0.3807511151961062,0.3099566575535021,2.602669837906387,False,False,high,110-10092,29424,34247,34245,mapped_primary_link
corridor-9e6a4e6b3979452486fcc6de507fa561,daily,state_transition,VA611_SB,VA611_SB::110-10094,16,AM,corridor_period,3.0380018935912574,1.004624707180484,0.0551858709284823,0.8149097434866733,0.0727934536674297,0.8186784624288225,74,0.9986403021568648,0.5295842819624761,0.1667489972167548,2.378723929074012,False,False,high,110-10094,35017,36410,36411,mapped_primary_link
corridor-9e6a4e6b3979452486fcc6de507fa561,daily,state_transition,VA611_SB,VA611_SB::110-10094,16,MD,sensor_period,6.141280805516307,1.0000000000000004,0.3190204795140484,0.0500000003194228,0.1863074576283846,0.0500000003194228,8,0.9914659988158284,-0.0273577508865672,0.2596894509221191,1.27466257408799,True,True,low,110-10094,35017,36410,36411,mapped_primary_link
corridor-9e6a4e6b3979452486fcc6de507fa561,daily,state_transition,VA611_SB,VA611_SB::110-10094,16,PM,sensor_period,4.075852963586772,1.0074086533714084,0.3350343401567152,0.0757643647280148,0.198756284225355,0.0763256766441897,12,0.9959316435481038,-0.0056645964755466,0.2407303975473186,2.8960674058005065,False,False,high,110-10094,35017,36410,36411,mapped_primary_link
corridor-9e6a4e6b3979452486fcc6de507fa561,daily,state_transition,VA611_SB,VA611_SB::110-10093,17,AM,corridor_period,3.0380018935912574,1.004624707180484,0.0551858709284823,0.8149097434866733,0.0727934536674297,0.8186784624288225,74,0.9986403021568648,0.5295842819624761,0.1667489972167548,2.378723929074012,False,False,high,110-10093,29339,34222,34246,mapped_primary_link
corridor-9e6a4e6b3979452486fcc6de507fa561,daily,state_transition,VA611_SB,VA611_SB::110-10093,17,MD,corridor_period,6.09379650405917,1.0110439463774392,0.0406324308431695,0.862772261401283,0.1030507322372191,0.8723006719921408,55,0.9986109540500824,0.6514897251623142,0.2154595879132205,2.3622279853381967,False,False,high,110-10093,29339,34222,34246,mapped_primary_link
corridor-9e6a4e6b3979452486fcc6de507fa561,daily,state_transition,VA611_SB,VA611_SB::110-10093,17,PM,corridor_period,4.067982678476069,1.0104639698350402,0.0662060579751842,0.6728408580965894,0.0907635786724153,0.6798814445394947,143,0.9960087167360128,0.3807511151961062,0.3099566575535021,2.602669837906387,False,False,high,110-10093,29339,34222,34246,mapped_primary_link
corridor-9e6a4e6b3979452486fcc6de507fa561,daily,state_transition,VA611_SB,VA611_SB::110-10081,18,AM,sensor_period,3.0675559955526466,1.0000000000000002,0.2169917422149768,0.0901415216196252,0.1280330676629036,0.0901415216196252,3,0.9634696180064204,-0.0008145651708373,0.2822348798477374,1.172664254110444,True,False,low,110-10081,29355,34226,34200,mapped_primary_link
corridor-9e6a4e6b3979452486fcc6de507fa561,daily,state_transition,VA611_SB,VA611_SB::110-10081,18,MD,corridor_period,6.09379650405917,1.0110439463774392,0.0406324308431695,0.862772261401283,0.1030507322372191,0.8723006719921408,55,0.9986109540500824,0.6514897251623142,0.2154595879132205,2.3622279853381967,False,False,high,110-10081,29355,34226,34200,mapped_primary_link
corridor-9e6a4e6b3979452486fcc6de507fa561,daily,state_transition,VA611_SB,VA611_SB::110-10081,18,PM,sensor_period,4.101507566752241,1.0000000000000002,0.0083012252184753,1.3891412145323574,0.0314489410526699,1.3891412145323576,17,0.9546596702552168,-0.0076272685619114,0.3234259987523831,2.590159185715552,True,False,low,110-10081,29355,34226,34200,mapped_primary_link
corridor-9e6a4e6b3979452486fcc6de507fa561,daily,state_transition,VA611_SB,VA611_SB::110-10080,19,AM,sensor_period,3.061248592803831,1.0000000085257463,0.1231251211593186,0.1831478837592373,0.0806003075267655,0.1831478853207097,12,0.917489402481559,-0.0163347472205284,0.1389338310207437,1.6959560309050328,True,False,low,110-10080,29458,34256,34199,mapped_primary_link
corridor-9e6a4e6b3979452486fcc6de507fa561,daily,state_transition,VA611_SB,VA611_SB::110-10080,19,MD,sensor_period,6.149867908516819,1.0196783799056748,0.0334985470685366,0.8450406222852589,0.0829179077193733,0.861669652686316,5,0.9940413426279276,0.2934611877867035,0.1661877760834293,1.532249622878498,False,False,medium,110-10080,29458,34256,34199,mapped_primary_link
corridor-9e6a4e6b3979452486fcc6de507fa561,daily,state_transition,VA611_SB,VA611_SB::110-10080,19,PM,sensor_period,4.0932976980044655,1.0000000000000002,0.2171793895464646,0.0500000001615496,0.1242856542052816,0.0500000001615496,19,0.9865947462716264,-0.0135677960630893,0.2685656458366996,1.6261746105921118,True,True,low,110-10080,29458,34256,34199,mapped_primary_link
corridor-9e6a4e6b3979452486fcc6de507fa561,daily,state_transition,VA611_SB,VA611_SB::110-10083,20,AM,sensor_period,3.014708097235046,1.0005151322788686,0.024869460424778,1.703397985744709,0.086898146639556,1.704275461030926,8,0.999783476718142,-0.1448306311371772,0.0087730986742386,1.5496204022795503,True,False,low,110-10083,34829,36349,35305,mapped_primary_link
corridor-9e6a4e6b3979452486fcc6de507fa561,daily,state_transition,VA611_SB,VA611_SB::110-10083,20,PM,sensor_period,4.043724959785063,1.0209621342484911,0.2854014731616865,0.0500000000016032,0.1632277592809892,0.0510481067140614,22,0.9955025733980608,-0.0013433988803221,0.2173993357537762,1.8759919284829625,False,True,low,110-10083,34829,36349,35305,mapped_primary_link
corridor-9e6a4e6b3979452486fcc6de507fa561,daily,state_transition,VA611_SB,VA611_SB::110-10082,21,AM,sensor_period,3.007449457678217,1.001173599306324,0.0692898216921597,0.2835544804855056,0.0504967529350987,0.2838872598271084,9,0.9999796810060252,-0.0113542586344648,0.0037563828988042,1.2114505246538547,False,False,medium,110-10082,29237,34189,36342,mapped_primary_link
corridor-9e6a4e6b3979452486fcc6de507fa561,daily,state_transition,VA611_SB,VA611_SB::110-10082,21,MD,sensor_period,6.092637985580304,1.002625106484781,0.0385800131685676,0.7836180136433818,0.0847907989803153,0.7856750943725885,9,0.9979314963542772,0.5536060724337526,0.1653307418326841,2.1646116395326738,False,False,medium,110-10082,29237,34189,36342,mapped_primary_link
corridor-9e6a4e6b3979452486fcc6de507fa561,daily,state_transition,VA611_SB,VA611_SB::110-10082,21,PM,sensor_period,4.095159190864727,1.0000000000000002,0.2235240412627738,0.05,0.1279194278204589,0.05,19,0.9912928663751264,-0.0211106518298762,0.2899768096550396,1.8058755296300315,True,True,low,110-10082,29237,34189,36342,mapped_primary_link
corridor-96d192a858c64138a6d209ce35217822,daily,state_transition,VA619_EB,VA619_EB::110P18118,4,AM,sensor_period,3.109345600948096,1.0088878079630093,0.1894348228545042,0.5216588719943082,0.182584411871534,0.5262952758707936,10,0.9985038228321004,0.1805622167533238,0.2453160943269797,4.613324907377948,False,False,high,110P18118,40466,40833,40059,mapped_primary_link
corridor-96d192a858c64138a6d209ce35217822,daily,state_transition,VA619_EB,VA619_EB::110P18118,4,MD,sensor_period,6.182797228688273,1.0000000000000002,0.4749608915431522,0.1324005243622976,0.3224110280519915,0.1324005243622976,4,0.9983556913452406,0.0186351216002095,0.1284308031317081,1.6276195565906415,True,False,low,110P18118,40466,40833,40059,mapped_primary_link
corridor-96d192a858c64138a6d209ce35217822,daily,state_transition,VA619_EB,VA619_EB::110P18118,4,PM,sensor_period,4.213283309981506,1.0000000746280913,0.7411417900243243,0.050000000000291,0.4247477267207421,0.0500000037316955,15,0.9952978879578326,-0.0556672626569576,0.2904453516945165,4.463692354333753,True,True,low,110P18118,40466,40833,40059,mapped_primary_link
corridor-96d192a858c64138a6d209ce35217822,daily,state_transition,VA619_EB,VA619_EB::110+18120,7,AM,sensor_period,3.028702431464585,1.0009602748544717,0.2274665966545598,0.050000000005573,0.1282269133101652,0.050048013748302,3,0.9999791472384826,-0.0089615227379351,0.0010763302239403,2.2925466750778694,True,True,low,110+18120,38988,40283,40121,mapped_primary_link
corridor-96d192a858c64138a6d209ce35217822,daily,state_transition,VA619_EB,VA619_EB::110+18120,7,MD,sensor_period,6.056521434895978,1.0000025715201368,0.1490586426407212,0.1554472712706423,0.1051841643882751,0.1554476710064306,4,0.999815045754339,-0.069759559193848,0.01672120812196,1.752056448604247,True,False,low,110+18120,38988,40283,40121,mapped_primary_link
corridor-96d192a858c64138a6d209ce35217822,daily,state_transition,VA619_EB,VA619_EB::110+18120,7,PM,corridor_period,4.179356209163719,1.005811947388649,0.2697069654865816,0.4025229946022248,0.2558006840285209,0.4048624370695744,16,0.9963271860912816,-0.0124580391677624,0.2907425165584915,5.063214974387691,False,False,high,110+18120,38988,40283,40121,mapped_primary_link
corridor-3e04e627a96e469887afe14e97fb13e8,daily,state_transition,VA619_NB,VA619_NB::110P57955,2,PM,sensor_period,4.3481354581118055,1.0230809584322011,0.6063150762761647,0.4021455568845749,0.5839663694402522,0.4114274617667221,9,0.9527375886684728,0.023214390898322,0.3944262972549842,1.666899002510062,False,False,medium,110P57955,40350,40795,40151,mapped_primary_link
corridor-3e04e627a96e469887afe14e97fb13e8,daily,state_transition,VA619_NB,VA619_NB::110P13237,5,AM,sensor_period,4.22857583858535,1.000007920690581,3.0190820894667425,0.0500176137914404,1.7305907796671616,0.0500180099654829,6,0.1324892883393957,,0.3405426755711902,0.0052198784856074,True,True,low,110P13237,38321,40059,40514,mapped_primary_link
corridor-3e04e627a96e469887afe14e97fb13e8,daily,state_transition,VA619_NB,VA619_NB::110+57954,6,MD,corridor_period,6.170063070656044,1.0142136699946498,0.046466473724616,0.9509171411417584,0.1398422406896476,0.9644331635782032,11,0.998997952676363,0.7993063081558632,0.2059896485902163,2.019295284924227,False,False,high,110+57954,39383,40474,40872,mapped_primary_link
corridor-3e04e627a96e469887afe14e97fb13e8,daily,state_transition,VA619_NB,VA619_NB::110+57954,6,PM,sensor_period,4.040152638776739,1.0054114447083529,0.0399675642629098,1.6535928308397856,0.2145069759424124,1.6625411570140038,8,0.999927667390922,0.4954400797343626,0.0030880474947185,0.8515219662703157,False,False,medium,110+57954,39383,40474,40872,mapped_primary_link
corridor-3e04e627a96e469887afe14e97fb13e8,daily,state_transition,VA619_NB,VA619_NB::110+57952,8,AM,sensor_period,3.014504435443396,1.0092822547398814,0.0237449102087487,1.7227658405988084,0.0847512454900989,1.7387569919884125,5,0.999948337464304,0.3243277876855442,0.0020955465955615,1.065482820309812,False,False,medium,110+57952,38608,40146,40466,mapped_primary_link
corridor-3e04e627a96e469887afe14e97fb13e8,daily,state_transition,VA619_NB,VA619_NB::110+57952,8,MD,corridor_period,6.170063070656044,1.0142136699946498,0.046466473724616,0.9509171411417584,0.1398422406896476,0.9644331635782032,11,0.998997952676363,0.7993063081558632,0.2059896485902163,2.019295284924227,False,False,high,110+57952,38608,40146,40466,mapped_primary_link
corridor-3e04e627a96e469887afe14e97fb13e8,daily,state_transition,VA619_NB,VA619_NB::110+57952,8,PM,sensor_period,4.086569300022451,1.0000002106935657,0.18138688928967,0.1161233182773109,0.1139193874958087,0.1161233427437468,16,0.9425036856246932,-0.0326826061506704,0.1688892009858085,1.834177537232478,True,False,low,110+57952,38608,40146,40466,mapped_primary_link
corridor-3e04e627a96e469887afe14e97fb13e8,daily,state_transition,VA619_NB,VA619_NB::110+57955,10,MD,sensor_period,5.494050518734255,1.132237851812952,0.5848443939812112,0.05,0.3396516210648453,0.0566118925906476,8,0.9296482139109116,-0.0050374311566341,0.2192989769055884,1.7695020721697363,False,True,low,110+57955,38957,40267,40795,mapped_primary_link
corridor-3e04e627a96e469887afe14e97fb13e8,daily,state_transition,VA619_NB,VA619_NB::110+57955,10,PM,sensor_period,4.149540560078695,1.0000000000000002,0.5569814516017627,0.0500000479292773,0.3189624003521152,0.0500000479292773,13,0.9974140524431564,-0.0032409659893291,0.0740388396489523,0.9951297048214164,True,True,low,110+57955,38957,40267,40795,mapped_primary_link
corridor-a58d3467f0794127a063c7efc025fc3e,daily,state_transition,VA619_SB,VA619_SB::110-13240,1,PM,corridor_period,4.114966160525267,1.0166547803672974,0.0602515814442817,0.8634780923996285,0.1090081556357546,0.8778591303805172,33,0.9984261372242316,0.7755640752560272,0.3137208958878772,2.45800883387876,False,False,high,110-13240,39625,40553,40139,mapped_primary_link
corridor-a58d3467f0794127a063c7efc025fc3e,daily,state_transition,VA619_SB,VA619_SB::110N13237,6,AM,sensor_period,4.313317260729246,1.0000000000000002,2.7923088737819195,0.0716797876072077,1.6537327647260431,0.0716797876072078,13,0.631843459773016,0.0086299896629717,0.7099554927920982,0.2387853446742878,True,False,low,110N13237,39500,40514,40059,mapped_primary_link
corridor-a58d3467f0794127a063c7efc025fc3e,daily,state_transition,VA619_SB,VA619_SB::110N57955,8,MD,sensor_period,6.517644808345545,1.0000000000000002,0.9482838570943672,0.0500000000000487,0.5554457139136496,0.0500000000000487,11,0.97824270727122,-0.0384518210225339,0.3357043073375461,1.058817125396887,True,True,low,110N57955,38625,40151,40795,mapped_primary_link
corridor-a58d3467f0794127a063c7efc025fc3e,daily,state_transition,VA619_SB,VA619_SB::110N57955,8,PM,sensor_period,4.284988085787775,1.0000000090372478,0.9166518282930048,0.050001654455052,0.5257770960375425,0.0500016549069294,12,0.9912302219283696,-0.0019050216748828,0.2105885068869738,1.2407791191201738,True,True,low,110N57955,38625,40151,40795,mapped_primary_link
corridor-a58d3467f0794127a063c7efc025fc3e,daily,state_transition,VA619_SB,VA619_SB::110N57951,9,MD,corridor_period,5.727434521690353,1.0981694359833372,0.0049198777161863,1.7148815235518546,0.0523317025059648,1.883230475497186,24,0.991149636362038,0.7128160116868335,0.4034922218825073,1.9583575438096703,False,False,high,110N57951,39355,40466,40146,mapped_primary_link
corridor-a58d3467f0794127a063c7efc025fc3e,daily,state_transition,VA619_SB,VA619_SB::110N57951,9,PM,sensor_period,4.182033687103104,1.0023992360469445,0.551864518642303,0.0500001405700326,0.3161554438091493,0.0501201027096405,10,0.9235807223478184,-0.0174920264232978,0.2802156451514022,1.3650306693185876,False,True,low,110N57951,39355,40466,40146,mapped_primary_link
corridor-a58d3467f0794127a063c7efc025fc3e,daily,state_transition,VA619_SB,VA619_SB::110-57953,11,PM,sensor_period,4.4729814699878645,1.0918290991464603,0.0840369256920197,0.0500000001295649,0.0483057399762174,0.0545914550987858,5,0.9972005296557774,-0.0190555616344654,0.0064801277119621,0.7969673459154584,False,True,low,110-57953,39386,40475,40872,mapped_primary_link
corridor-a58d3467f0794127a063c7efc025fc3e,daily,state_transition,VA619_SB,VA619_SB::110-57954,12,MD,sensor_period,6.1543588540157526,1.0000000000000002,0.3248870736400829,0.0896921479658587,0.2039457512220871,0.0896921479658587,11,0.9767308257806476,-0.0050825680555786,0.2183854202743969,1.0408183853357014,True,False,low,110-57954,40351,40795,40267,mapped_primary_link
corridor-a58d3467f0794127a063c7efc025fc3e,daily,state_transition,VA619_SB,VA619_SB::110-57954,12,PM,sensor_period,3.933228012503313,1.025368874037393,4.540332165466124e-05,3.4426120718386857,0.0027013251804977,3.52994726384877,4,0.9961702564054892,0.4629488790727868,0.0400089132946425,1.1348267731843165,False,False,low,110-57954,40351,40795,40267,mapped_primary_link
corridor-446b79d6cae64070abc1c5b6a23e82d0,daily,state_transition,VA619_WB,VA619_WB::110-18119,2,AM,corridor_period,3.1401866382239296,1.0342064532682973,0.3088544097093904,0.4458310192984328,0.2743536195425241,0.461081317225622,6,0.9979169984584942,0.9298452296628184,0.4048220220570895,0.8856182102236697,False,False,medium,110-18119,38523,40121,40283,mapped_primary_link
corridor-446b79d6cae64070abc1c5b6a23e82d0,daily,state_transition,VA619_WB,VA619_WB::110N18118,6,AM,sensor_period,3.176755693948364,1.0279284853534358,0.3098371322636595,0.4447782199659592,0.2763144905256107,0.4572002019678058,5,0.9938201520348564,0.6164249544766561,0.4402272506182525,0.9701631031456416,False,False,medium,110N18118,38322,40059,40833,mapped_primary_link
corridor-446b79d6cae64070abc1c5b6a23e82d0,daily,state_transition,VA619_WB,VA619_WB::110N18118,6,PM,sensor_period,4.39244147592852,1.0000000000000002,0.1118487179997186,0.8151652475209231,0.1993156135652584,0.8151652475209233,16,0.8581014799831865,-0.009710985984773,0.3531508121306356,1.874445976750416,True,False,low,110N18118,38322,40059,40833,mapped_primary_link
corridor-d49a6aa9c2284f1a8c40e5ab14d9fa46,daily,state_transition,VA620_EB,VA620_EB::110+13721,1,AM,sensor_period,3.0233568956036416,1.001500781731738,0.0892520918332187,0.4346671837395788,0.0769963456132396,0.4353195243083212,8,0.99991426743179,-0.0177885557056307,0.0063327259641764,1.2326617315866986,False,False,medium,110+13721,29692,34328,34329,mapped_primary_link
corridor-d49a6aa9c2284f1a8c40e5ab14d9fa46,daily,state_transition,VA620_EB,VA620_EB::110+13721,1,MD,corridor_period,6.104040049000741,1.0132205858616077,0.0366370144556398,0.7097775027611982,0.0705557384948901,0.7191611771790901,49,0.9967093280400154,0.44582326136554,0.2952417429738638,2.592093602718589,False,False,high,110+13721,29692,34328,34329,mapped_primary_link
corridor-d49a6aa9c2284f1a8c40e5ab14d9fa46,daily,state_transition,VA620_EB,VA620_EB::110+13721,1,PM,sensor_period,4.023436617717388,1.0087395499342835,0.0236906290697662,1.3196719892007054,0.0793314264122545,1.3312053284472003,7,0.99999962205382,0.9469022874454396,0.0021160116383101,0.8345342229920348,False,False,medium,110+13721,29692,34328,34329,mapped_primary_link
corridor-d49a6aa9c2284f1a8c40e5ab14d9fa46,daily,state_transition,VA620_EB,VA620_EB::110+13724,4,AM,corridor_period,3.0853978831698297,1.0000003399417776,0.1398662128701464,0.5108948557278089,0.1326472060809018,0.5108950294023143,130,0.9972310707352584,0.0017428934942034,0.1633461426875517,4.716431598679693,True,False,low,110+13724,34535,36256,36303,mapped_primary_link
corridor-d49a6aa9c2284f1a8c40e5ab14d9fa46,daily,state_transition,VA620_EB,VA620_EB::110+13724,4,MD,sensor_period,6.01242522518917,1.000439477049032,0.0181927254951838,0.9101995544947956,0.049657765548757,0.9105995663090352,14,0.9999956198326072,0.6379196605697632,0.004698301007625,0.6069923001931579,True,False,low,110+13724,34535,36256,36303,mapped_primary_link
corridor-d49a6aa9c2284f1a8c40e5ab14d9fa46,daily,state_transition,VA620_EB,VA620_EB::110+13724,4,PM,sensor_period,4.014836410887657,1.0000491897948025,0.0547595163411618,0.3988142543062301,0.050840484032004,0.3988338718975637,11,0.9999434721294272,-0.0585804410505914,0.0206568068113283,2.741069959878454,True,False,low,110+13724,34535,36256,36303,mapped_primary_link
corridor-d49a6aa9c2284f1a8c40e5ab14d9fa46,daily,state_transition,VA620_EB,VA620_EB::110+13725,5,PM,corridor_period,4.0926461850977445,1.0000000000000036,0.101557264653767,0.6136033542287817,0.1285989887471012,0.6136033542287839,160,0.9966317478793236,-0.0149580850533868,0.1593878365425696,4.368147940473162,True,False,low,110+13725,34537,36257,34308,mapped_primary_link
corridor-d49a6aa9c2284f1a8c40e5ab14d9fa46,daily,state_transition,VA620_EB,VA620_EB::110+13726,6,AM,sensor_period,3.121191575175552,1.0706794158497237,0.0533605299455217,2.108925872094729,0.3138368943569936,2.2579835208047534,16,0.9894116945914372,0.4637829587467447,0.0715969649969358,3.1550477731901965,False,False,high,110+13726,34489,36241,34038,mapped_primary_link
corridor-d49a6aa9c2284f1a8c40e5ab14d9fa46,daily,state_transition,VA620_EB,VA620_EB::110+13726,6,PM,sensor_period,4.098652881646134,1.0000000000000002,0.3882462163527109,0.0500000045026376,0.2221969123368072,0.0500000045026376,19,0.9650212532088346,0.0024279567470354,0.1228464326654464,1.3094118534751236,True,True,low,110+13726,34489,36241,34038,mapped_primary_link
corridor-d49a6aa9c2284f1a8c40e5ab14d9fa46,daily,state_transition,VA620_EB,VA620_EB::110P10954,10,AM,sensor_period,3.025493603385653,1.0000038656863517,0.1421729561180569,0.05,0.0801411432279526,0.0500001932843175,3,0.9996933229579664,-0.0547456392323655,0.0074412528313785,1.376659145672849,True,True,low,110P10954,35383,36530,34359,mapped_primary_link
corridor-d49a6aa9c2284f1a8c40e5ab14d9fa46,daily,state_transition,VA620_EB,VA620_EB::110P10954,10,MD,corridor_period,6.104040049000741,1.0132205858616077,0.0366370144556398,0.7097775027611982,0.0705557384948901,0.7191611771790901,49,0.9967093280400154,0.44582326136554,0.2952417429738638,2.592093602718589,False,False,high,110P10954,35383,36530,34359,mapped_primary_link
corridor-d49a6aa9c2284f1a8c40e5ab14d9fa46,daily,state_transition,VA620_EB,VA620_EB::110P10954,10,PM,sensor_period,4.171164990352495,1.0412768880693657,0.0085782928015322,3.999999999812837,1.384933971869876,4.165107552082573,3,0.9935747245370794,0.8989092339526121,0.0188933784152023,0.6446128537522743,False,True,low,110P10954,35383,36530,34359,mapped_primary_link
corridor-d49a6aa9c2284f1a8c40e5ab14d9fa46,daily,state_transition,VA620_EB,VA620_EB::110P10957,12,AM,sensor_period,3.1072475018593235,1.0000000028913936,0.0863964648002991,0.05,0.048765591074244,0.0500000001445696,5,0.961413050326043,-0.2004659804970034,0.1242367895173681,8.692982280653114,True,True,low,110P10957,32993,35750,35749,mapped_primary_link
corridor-d49a6aa9c2284f1a8c40e5ab14d9fa46,daily,state_transition,VA620_EB,VA620_EB::110P10957,12,MD,corridor_period,6.104040049000741,1.0132205858616077,0.0366370144556398,0.7097775027611982,0.0705557384948901,0.7191611771790901,49,0.9967093280400154,0.44582326136554,0.2952417429738638,2.592093602718589,False,False,high,110P10957,32993,35750,35749,mapped_primary_link
corridor-d49a6aa9c2284f1a8c40e5ab14d9fa46,daily,state_transition,VA620_EB,VA620_EB::110P10957,12,PM,sensor_period,4.0276957543878975,1.0000001183993876,0.0863299759849638,0.4698092579457533,0.0885975203645473,0.4698093135708818,7,0.9999757309239644,0.2432722426575277,0.0069268285598233,1.0912289501221395,True,False,low,110P10957,32993,35750,35749,mapped_primary_link
corridor-d49a6aa9c2284f1a8c40e5ab14d9fa46,daily,state_transition,VA620_EB,VA620_EB::110+10955,16,AM,sensor_period,3.116820150146322,1.0482407752453615,0.0141227409051267,3.999999999999989,0.7108282693930601,4.1929631009814345,9,0.9957015440724086,0.6485427348471682,0.0256263252241348,2.643169615882127,False,True,low,110+10955,29682,34325,34324,mapped_primary_link
corridor-d49a6aa9c2284f1a8c40e5ab14d9fa46,daily,state_transition,VA620_EB,VA620_EB::110+10955,16,MD,corridor_period,6.104040049000741,1.0132205858616077,0.0366370144556398,0.7097775027611982,0.0705557384948901,0.7191611771790901,49,0.9967093280400154,0.44582326136554,0.2952417429738638,2.592093602718589,False,False,high,110+10955,29682,34325,34324,mapped_primary_link
corridor-d49a6aa9c2284f1a8c40e5ab14d9fa46,daily,state_transition,VA620_EB,VA620_EB::110+10955,16,PM,sensor_period,4.252951120993453,1.000000000040582,0.0270081732770858,2.4101319216566823,0.4717595715964573,2.4101319217544903,21,0.9114054387532856,0.3187496228144826,0.1943404306377309,3.769483307961447,True,False,low,110+10955,29682,34325,34324,mapped_primary_link
corridor-d49a6aa9c2284f1a8c40e5ab14d9fa46,daily,state_transition,VA620_EB,VA620_EB::110+10954,17,AM,sensor_period,3.0188706211400427,1.0000000021319797,0.0141870557555653,2.396392195666624,0.1068529756095092,2.396392200775683,4,0.9983503580010196,-0.2579919562969834,0.0084192074831119,2.536229252322128,True,False,low,110+10954,29688,34326,36530,mapped_primary_link
corridor-d49a6aa9c2284f1a8c40e5ab14d9fa46,daily,state_transition,VA620_EB,VA620_EB::110+10954,17,MD,sensor_period,6.5021366531552935,1.0535378369776305,0.0973180064135049,0.2138185321002493,0.0774530263716837,0.2252659138146286,5,0.9296019790864352,0.0823190996858578,0.1967712161431661,0.569435720727635,False,False,medium,110+10954,29688,34326,36530,mapped_primary_link
corridor-d49a6aa9c2284f1a8c40e5ab14d9fa46,daily,state_transition,VA620_EB,VA620_EB::110+10959,18,AM,sensor_period,3.0215254927460267,1.0000396673348677,0.1602266760901716,0.2394908968516296,0.1113636276651046,0.2395003968172327,13,0.9999922171133035,0.3003332947997293,0.0143207426381291,1.3624641300911575,True,False,low,110+10959,28769,34042,36193,mapped_primary_link
corridor-d49a6aa9c2284f1a8c40e5ab14d9fa46,daily,state_transition,VA620_EB,VA620_EB::110+10959,18,MD,corridor_period,6.104040049000741,1.0132205858616077,0.0366370144556398,0.7097775027611982,0.0705557384948901,0.7191611771790901,49,0.9967093280400154,0.44582326136554,0.2952417429738638,2.592093602718589,False,False,high,110+10959,28769,34042,36193,mapped_primary_link
corridor-d49a6aa9c2284f1a8c40e5ab14d9fa46,daily,state_transition,VA620_EB,VA620_EB::110+10959,18,PM,sensor_period,4.040590049011374,1.0095595710079404,0.1742827781428447,0.05,0.0996725206920706,0.050477978550397,6,0.9910756447237116,-0.0316381781623698,0.2415236560159762,0.622741615342403,False,True,low,110+10959,28769,34042,36193,mapped_primary_link
corridor-d49a6aa9c2284f1a8c40e5ab14d9fa46,daily,state_transition,VA620_EB,VA620_EB::110+10958,19,AM,sensor_period,3.084306901124414,1.0286795195500409,0.0587923787997015,2.2443207561029754,0.392777211764394,2.3086867971041927,5,0.9995044773725013,0.2673120805581053,0.0066781012627014,1.9964993989158344,False,False,medium,110+10958,28762,34040,36145,mapped_primary_link
corridor-d49a6aa9c2284f1a8c40e5ab14d9fa46,daily,state_transition,VA620_EB,VA620_EB::110+10958,19,PM,sensor_period,4.03306365215411,1.007165978666775,0.0232153875890755,1.5824000951462331,0.1124945982712262,1.5937395404703538,17,0.99930132123856,-0.0166050135534698,0.0218856519975395,2.659645912834433,False,False,high,110+10958,28762,34040,36145,mapped_primary_link
corridor-d49a6aa9c2284f1a8c40e5ab14d9fa46,daily,state_transition,VA620_EB,VA620_EB::110+10957,20,AM,sensor_period,3.05322252395068,1.0000007427606123,0.234303053304916,0.1257328835545511,0.1437893613429066,0.1257329769439847,10,0.9995288497684868,-0.0733653628218624,0.0369201369654317,3.9450055698104727,True,False,low,110+10957,34207,36146,34980,mapped_primary_link
corridor-d49a6aa9c2284f1a8c40e5ab14d9fa46,daily,state_transition,VA620_EB,VA620_EB::110+10957,20,MD,sensor_period,6.024450329779486,1.0004063936484595,0.0807971335172452,0.2903312923970441,0.0725820309370166,0.2904492811902233,10,0.9999931727670726,0.1662383619625762,0.0055539438033296,1.1683615613422196,True,False,low,110+10957,34207,36146,34980,mapped_primary_link
corridor-d49a6aa9c2284f1a8c40e5ab14d9fa46,daily,state_transition,VA620_EB,VA620_EB::110+10957,20,PM,sensor_period,4.017530996428035,1.0000006863581996,0.1291495275476099,0.05,0.0738396299479163,0.0500000343179099,6,0.9999307675136566,-0.0084585998900053,0.0060547141205138,0.686870110221145,True,True,low,110+10957,34207,36146,34980,mapped_primary_link
corridor-d49a6aa9c2284f1a8c40e5ab14d9fa46,daily,state_transition,VA620_EB,VA620_EB::110+10956,21,AM,sensor_period,3.094102469356248,1.0000000000022162,0.1025033255312168,0.6379481597196667,0.1123756942360191,0.6379481597210805,13,0.9806355408263157,-0.1318147414081487,0.1504805172118682,4.639257881300651,True,False,low,110+10956,29627,34308,34309,mapped_primary_link
corridor-d49a6aa9c2284f1a8c40e5ab14d9fa46,daily,state_transition,VA620_EB,VA620_EB::110+10956,21,MD,corridor_period,6.104040049000741,1.0132205858616077,0.0366370144556398,0.7097775027611982,0.0705557384948901,0.7191611771790901,49,0.9967093280400154,0.44582326136554,0.2952417429738638,2.592093602718589,False,False,high,110+10956,29627,34308,34309,mapped_primary_link
corridor-d49a6aa9c2284f1a8c40e5ab14d9fa46,daily,state_transition,VA620_EB,VA620_EB::110+10956,21,PM,sensor_period,4.116167359164245,1.0000000000000002,0.3920439501565117,0.0500000000048912,0.224418231462614,0.0500000000048913,22,0.9828004045730006,-0.022802975134688,0.1649874156050081,2.324913898151994,True,True,low,110+10956,29627,34308,34309,mapped_primary_link
corridor-d49a6aa9c2284f1a8c40e5ab14d9fa46,daily,state_transition,VA620_EB,VA620_EB::110+10960,22,MD,corridor_period,6.104040049000741,1.0132205858616077,0.0366370144556398,0.7097775027611982,0.0705557384948901,0.7191611771790901,49,0.9967093280400154,0.44582326136554,0.2952417429738638,2.592093602718589,False,False,high,110+10960,28776,34044,36188,mapped_primary_link
corridor-d49a6aa9c2284f1a8c40e5ab14d9fa46,daily,state_transition,VA620_EB,VA620_EB::110+58166,23,AM,sensor_period,3.216289876715054,1.0000000000000009,0.2564509574748687,0.3870198674375958,0.2149609579323619,0.3870198674375961,18,0.9882027034185632,0.0070436963095235,0.2878637528492376,4.43474697749596,True,False,low,110+58166,31664,35010,36562,mapped_primary_link
corridor-d49a6aa9c2284f1a8c40e5ab14d9fa46,daily,state_transition,VA620_EB,VA620_EB::110+58166,23,MD,sensor_period,6.0202811326078125,1.0011442942102518,0.0217875469924723,0.915816583354606,0.0601441004124693,0.9168645469685912,5,0.9999973053069507,0.5584441410015839,0.0050702437505885,1.0458629158759865,False,False,medium,110+58166,31664,35010,36562,mapped_primary_link
corridor-d49a6aa9c2284f1a8c40e5ab14d9fa46,daily,state_transition,VA620_EB,VA620_EB::110+58166,23,PM,sensor_period,4.039691793541388,1.0011343433608977,0.0181920573421294,1.0776411802650183,0.04368238765697,1.0788635953832817,11,0.99648172313524,0.0225684824544439,0.1540224878138361,2.652533077413915,False,False,high,110+58166,31664,35010,36562,mapped_primary_link
corridor-d49a6aa9c2284f1a8c40e5ab14d9fa46,daily,state_transition,VA620_EB,VA620_EB::110+58165,24,AM,sensor_period,3.1135631393502456,1.0510599995220968,0.0087130759534777,3.704197506314756,0.3121002275990331,3.8933338292169393,6,0.9629485273256976,0.1465512200916512,0.073507412993537,4.886505111604725,False,False,medium,110+58165,36573,38250,38649,mapped_primary_link
corridor-d49a6aa9c2284f1a8c40e5ab14d9fa46,daily,state_transition,VA620_EB,VA620_EB::110+58165,24,PM,sensor_period,4.21486461890052,1.035748431982647,0.1622153038508907,1.049573702271922,0.3916039102157862,1.087094316378365,11,0.9926260133532572,0.6864812904938293,0.1299266894736597,2.185527890913657,False,False,high,110+58165,36573,38250,38649,mapped_primary_link
corridor-d49a6aa9c2284f1a8c40e5ab14d9fa46,daily,state_transition,VA620_EB,VA620_EB::110+58164,25,AM,sensor_period,3.1162793044253143,1.000000000951339,0.1036588069599015,1.4655776441820296,0.2924606024741716,1.4655776455762908,10,0.7319311271739646,0.0438413696057602,0.1536996077346795,2.209293015566153,True,False,low,110+58164,37771,38646,38641,mapped_primary_link
corridor-d49a6aa9c2284f1a8c40e5ab14d9fa46,daily,state_transition,VA620_EB,VA620_EB::110+58164,25,PM,corridor_period,4.0926461850977445,1.0000000000000036,0.101557264653767,0.6136033542287817,0.1285989887471012,0.6136033542287839,160,0.9966317478793236,-0.0149580850533868,0.1593878365425696,4.368147940473162,True,False,low,110+58164,37771,38646,38641,mapped_primary_link
corridor-d49a6aa9c2284f1a8c40e5ab14d9fa46,daily,state_transition,VA620_EB,VA620_EB::110+58168,27,AM,sensor_period,3.009259926813868,1.000004826969222,0.056902713142041,0.0500000000196658,0.0320667308988335,0.050000241368127,8,0.9997355539572312,-0.1095130289054293,0.0053780838528076,1.7961969450242004,True,True,low,110+58168,30873,34678,36551,mapped_primary_link
corridor-d49a6aa9c2284f1a8c40e5ab14d9fa46,daily,state_transition,VA620_EB,VA620_EB::110+58168,27,MD,corridor_period,6.104040049000741,1.0132205858616077,0.0366370144556398,0.7097775027611982,0.0705557384948901,0.7191611771790901,49,0.9967093280400154,0.44582326136554,0.2952417429738638,2.592093602718589,False,False,high,110+58168,30873,34678,36551,mapped_primary_link
corridor-d49a6aa9c2284f1a8c40e5ab14d9fa46,daily,state_transition,VA620_EB,VA620_EB::110+58168,27,PM,sensor_period,4.043563669616903,1.0000000202386536,0.0250003576159948,1.1984786194400154,0.0711441135782945,1.1984786436956092,16,0.995629456139543,0.513766923649986,0.1233350774387598,1.8054265541494297,True,False,low,110+58168,30873,34678,36551,mapped_primary_link
corridor-d49a6aa9c2284f1a8c40e5ab14d9fa46,daily,state_transition,VA620_EB,VA620_EB::110+58167,28,AM,sensor_period,2.929689516176397,1.0600425525171382,0.5740039565839429,0.1200796146130677,0.3483127494060125,0.1272895011797105,3,0.9957975203229252,0.1125507446521287,0.2143255411316109,0.8203910745832288,False,False,low,110+58167,30867,34677,34678,mapped_primary_link
corridor-d49a6aa9c2284f1a8c40e5ab14d9fa46,daily,state_transition,VA620_EB,VA620_EB::110+58167,28,MD,sensor_period,6.3878596563231165,1.0000000000000002,0.3225749250744998,0.2660577955791273,0.2817736685631596,0.2660577955791273,4,0.3460701557838164,0.0195737113690482,0.4376996790582671,0.4131713928184782,True,False,low,110+58167,30867,34677,34678,mapped_primary_link
corridor-d49a6aa9c2284f1a8c40e5ab14d9fa46,daily,state_transition,VA620_EB,VA620_EB::110+58167,28,PM,corridor_period,4.0926461850977445,1.0000000000000036,0.101557264653767,0.6136033542287817,0.1285989887471012,0.6136033542287839,160,0.9966317478793236,-0.0149580850533868,0.1593878365425696,4.368147940473162,True,False,low,110+58167,30867,34677,34678,mapped_primary_link
corridor-9f4473877ef648d3b429e43562e9b6a7,daily,state_transition,VA620_WB,VA620_WB::110-58164,2,MD,corridor_period,6.134180331577414,1.0118279347979655,0.0542801576831313,0.8000032661013895,0.12355138915046,0.8094656525709962,48,0.9986286148264014,0.3680750553194761,0.1940398151911373,3.0894811120025687,False,False,high,110-58164,37781,38649,38250,mapped_primary_link
corridor-9f4473877ef648d3b429e43562e9b6a7,daily,state_transition,VA620_WB,VA620_WB::110-58164,2,PM,sensor_period,4.060386386932288,1.007270238153535,0.0841500882021357,1.200214346437213,0.2412484786971541,1.208940190571101,7,0.9995569680259566,0.1717588952186574,0.0194579420399467,2.300224783908518,False,False,medium,110-58164,37781,38649,38250,mapped_primary_link
corridor-9f4473877ef648d3b429e43562e9b6a7,daily,state_transition,VA620_WB,VA620_WB::110-58163,3,AM,corridor_period,3.059516701520512,1.0069214613798343,0.0905754215327444,0.6546678141714677,0.1004500985993428,0.6591990721638762,116,0.9985911864563344,0.3833368820250183,0.1783745229992739,2.870130868335407,False,False,high,110-58163,37752,38641,38646,mapped_primary_link
corridor-9f4473877ef648d3b429e43562e9b6a7,daily,state_transition,VA620_WB,VA620_WB::110-58163,3,PM,corridor_period,4.104650434253773,1.0028428368356546,0.1217740862614851,0.5946317486952594,0.1503928166130912,0.5963221897340999,228,0.9963925223542752,0.1008307920768558,0.2220112330041714,3.8828777991251817,False,False,high,110-58163,37752,38641,38646,mapped_primary_link
corridor-9f4473877ef648d3b429e43562e9b6a7,daily,state_transition,VA620_WB,VA620_WB::110-58166,4,AM,sensor_period,3.036082110293433,1.018000130815942,0.3238690594939074,0.2842748971419441,0.2368524122900502,0.2893918824781875,15,0.9921983471624456,0.0713979396647964,0.19061487603312,1.252706309910791,False,False,high,110-58166,30869,34678,34677,mapped_primary_link
corridor-9f4473877ef648d3b429e43562e9b6a7,daily,state_transition,VA620_WB,VA620_WB::110-58166,4,MD,sensor_period,6.291200413422366,1.0000000000000002,0.6708632133053992,0.0500000000000836,0.3922558073171115,0.0500000000000836,3,0.4915641379508421,-0.0231437991414813,0.3029866656086592,0.9464412437568066,True,True,low,110-58166,30869,34678,34677,mapped_primary_link
corridor-9f4473877ef648d3b429e43562e9b6a7,daily,state_transition,VA620_WB,VA620_WB::110-58166,4,PM,sensor_period,4.0620901143333565,1.0134723370352154,0.3468330360781022,0.1670159990645959,0.2337707124590453,0.1692660948942674,4,0.9994744898532244,0.0456614942679649,0.0725486909861301,1.1401832336756932,False,False,low,110-58166,30869,34678,34677,mapped_primary_link
corridor-9f4473877ef648d3b429e43562e9b6a7,daily,state_transition,VA620_WB,VA620_WB::110-58165,5,AM,sensor_period,3.145540397367561,1.0000000000000002,0.0333274156143748,0.916095065330858,0.0507851270896576,0.9160950653308582,8,0.8811213132150475,0.2343855331397327,0.3701204016598485,1.3483777729338848,True,False,low,110-58165,35478,36562,35010,mapped_primary_link
corridor-9f4473877ef648d3b429e43562e9b6a7,daily,state_transition,VA620_WB,VA620_WB::110-58165,5,MD,sensor_period,6.019457266066554,1.000181124967119,0.066004785648224,0.4243970840964397,0.0754077552914239,0.4244739530043421,4,0.9999879958672911,-0.1023945590806383,0.0093691099061197,1.3943272910492153,True,False,low,110-58165,35478,36562,35010,mapped_primary_link
corridor-9f4473877ef648d3b429e43562e9b6a7,daily,state_transition,VA620_WB,VA620_WB::110-58165,5,PM,sensor_period,4.044049051976167,1.025877951533816,0.0893986143669564,0.8613951034617064,0.1588686495071929,0.8836862442005549,21,0.992069730326654,0.3215034566599963,0.3278912898824302,3.1671844784629264,False,False,high,110-58165,35478,36562,35010,mapped_primary_link
corridor-9f4473877ef648d3b429e43562e9b6a7,daily,state_transition,VA620_WB,VA620_WB::110-58167,6,AM,sensor_period,3.135217191752489,1.0000000029786744,0.0120115397804226,1.9893276698021256,0.0622065826268523,1.989327675727685,11,0.9714784253535494,0.6485633706515521,0.2297189717530033,2.643710674731558,True,False,low,110-58167,35447,36551,34678,mapped_primary_link
corridor-9f4473877ef648d3b429e43562e9b6a7,daily,state_transition,VA620_WB,VA620_WB::110-58167,6,MD,sensor_period,6.142384948373249,1.000886526373739,0.0089286922011117,1.6847087808879573,0.1013689381872194,1.686202319654284,6,0.9974059802092522,0.510118863219795,0.1882381198922302,3.3695030113509223,True,False,low,110-58167,35447,36551,34678,mapped_primary_link
corridor-9f4473877ef648d3b429e43562e9b6a7,daily,state_transition,VA620_WB,VA620_WB::110-58167,6,PM,sensor_period,4.068152692374721,1.000000007344384,0.1863789741440232,0.2575538851216737,0.1426751287088705,0.2575538870132483,17,0.9954986128854192,-0.0439030415022203,0.1192666719558112,3.845365805804981,True,False,low,110-58167,35447,36551,34678,mapped_primary_link
corridor-9f4473877ef648d3b429e43562e9b6a7,daily,state_transition,VA620_WB,VA620_WB::110-10959,7,MD,corridor_period,6.134180331577414,1.0118279347979655,0.0542801576831313,0.8000032661013895,0.12355138915046,0.8094656525709962,48,0.9986286148264014,0.3680750553194761,0.1940398151911373,3.0894811120025687,False,False,high,110-10959,34334,36188,34044,mapped_primary_link
corridor-9f4473877ef648d3b429e43562e9b6a7,daily,state_transition,VA620_WB,VA620_WB::110-10958,8,AM,sensor_period,3.059569582525865,1.0000000000000002,0.0513745643005284,0.8114749732490524,0.0678966093287036,0.8114749732490526,12,0.9856283436525464,0.4931387974744134,0.1930065616991772,1.0011245908979949,True,False,low,110-10958,34345,36193,34042,mapped_primary_link
corridor-9f4473877ef648d3b429e43562e9b6a7,daily,state_transition,VA620_WB,VA620_WB::110-10958,8,MD,sensor_period,6.072699433999376,1.0086493095897908,0.0326306720963508,0.6186211160537649,0.0531179446447996,0.6239717616052959,7,0.9984979736489428,0.5758428499404955,0.1948054300152945,1.2482306802983865,False,False,medium,110-10958,34345,36193,34042,mapped_primary_link
corridor-9f4473877ef648d3b429e43562e9b6a7,daily,state_transition,VA620_WB,VA620_WB::110-10958,8,PM,sensor_period,3.885483484062137,1.0484796502304183,0.1721413750645001,0.0879194323682829,0.1034445635167777,0.0921817356979542,18,0.993687423213949,0.0123744018704801,0.2612770480426374,1.395772912997301,False,False,high,110-10958,34345,36193,34042,mapped_primary_link
corridor-9f4473877ef648d3b429e43562e9b6a7,daily,state_transition,VA620_WB,VA620_WB::110-10955,9,AM,sensor_period,3.070989863248456,1.0000000006991312,0.4166516574604528,0.0500000000128493,0.2350367433280033,0.0500000000478059,3,0.9996717612797184,-0.0826346515445737,0.0738712983822744,2.3494204994164605,True,True,low,110-10955,34680,36303,36256,mapped_primary_link
corridor-9f4473877ef648d3b429e43562e9b6a7,daily,state_transition,VA620_WB,VA620_WB::110-10955,9,MD,sensor_period,6.203808819505562,1.0099034599900083,0.3237403551175082,0.05,0.1891596435636791,0.0504951729995004,7,0.9965892362805696,-0.0087327270544466,0.2208363661880519,2.0522170951375323,False,True,low,110-10955,34680,36303,36256,mapped_primary_link
corridor-9f4473877ef648d3b429e43562e9b6a7,daily,state_transition,VA620_WB,VA620_WB::110-10955,9,PM,sensor_period,4.1220466041339145,1.0030122278228992,0.2974151813564473,0.3369656295432837,0.2556429177933626,0.3379806467879547,18,0.9914666208992168,0.0627743947700452,0.2419032580925662,2.9574912149951573,False,False,high,110-10955,34680,36303,36256,mapped_primary_link
corridor-9f4473877ef648d3b429e43562e9b6a7,daily,state_transition,VA620_WB,VA620_WB::110-10957,11,AM,sensor_period,3.0602472551416167,1.0285243777512325,0.1945943146683899,0.4940920776190944,0.180358793850696,0.5081857466849928,9,0.9912898060936198,0.0404964737948186,0.0436888467613461,3.076706518645467,False,False,medium,110-10957,34203,36145,34040,mapped_primary_link
corridor-9f4473877ef648d3b429e43562e9b6a7,daily,state_transition,VA620_WB,VA620_WB::110-10957,11,PM,sensor_period,4.011773891117703,1.0010652815289185,0.0375563931155881,1.1317820142200377,0.0965001401768177,1.1329876806945485,8,0.9999976057958267,0.4578236221178042,0.0012747441150971,0.9172491017140488,False,False,medium,110-10957,34203,36145,34040,mapped_primary_link
corridor-9f4473877ef648d3b429e43562e9b6a7,daily,state_transition,VA620_WB,VA620_WB::110-10956,12,AM,sensor_period,3.041112708681454,1.0141704739370243,0.1407809966464608,0.3669061684678048,0.1129198709378643,0.3721054027654114,14,0.999116524290127,0.0050272633042958,0.0160377953938519,1.3077912795576196,False,False,high,110-10956,28755,34038,36241,mapped_primary_link
corridor-9f4473877ef648d3b429e43562e9b6a7,daily,state_transition,VA620_WB,VA620_WB::110-10956,12,MD,corridor_period,6.134180331577414,1.0118279347979655,0.0542801576831313,0.8000032661013895,0.12355138915046,0.8094656525709962,48,0.9986286148264014,0.3680750553194761,0.1940398151911373,3.0894811120025687,False,False,high,110-10956,28755,34038,36241,mapped_primary_link
corridor-9f4473877ef648d3b429e43562e9b6a7,daily,state_transition,VA620_WB,VA620_WB::110-10956,12,PM,sensor_period,4.208274939760687,1.0000000000000002,0.200987439377221,0.6928857627553253,0.2901352486400951,0.6928857627553254,22,0.9750115916459836,0.1388307844982665,0.1814562159912057,2.766462879376502,True,False,low,110-10956,28755,34038,36241,mapped_primary_link
corridor-9f4473877ef648d3b429e43562e9b6a7,daily,state_transition,VA620_WB,VA620_WB::110-13720,13,MD,corridor_period,6.134180331577414,1.0118279347979655,0.0542801576831313,0.8000032661013895,0.12355138915046,0.8094656525709962,48,0.9986286148264014,0.3680750553194761,0.1940398151911373,3.0894811120025687,False,False,high,110-13720,29697,34329,34328,mapped_primary_link
corridor-9f4473877ef648d3b429e43562e9b6a7,daily,state_transition,VA620_WB,VA620_WB::110-13720,13,PM,sensor_period,4.128448189507719,1.0495766647210378,0.0354042311538801,1.4724913053552369,0.1523332337737141,1.5454925131054769,11,0.9667300235059128,0.3325078214386561,0.2515448687561238,5.076722783323682,False,False,high,110-13720,29697,34329,34328,mapped_primary_link
corridor-9f4473877ef648d3b429e43562e9b6a7,daily,state_transition,VA620_WB,VA620_WB::110-13725,16,AM,sensor_period,3.055116165128493,1.0000000000013267,0.2894658011623258,0.1728184864416882,0.1872482412867803,0.1728184864419175,17,0.9955344532978584,0.0057418860730702,0.0286171467953068,2.493172490875726,True,False,low,110-13725,29630,34309,34308,mapped_primary_link
corridor-9f4473877ef648d3b429e43562e9b6a7,daily,state_transition,VA620_WB,VA620_WB::110-13725,16,MD,sensor_period,6.258896354624955,1.0559512593471017,0.1464242600878759,0.5535567548883409,0.2155353362023072,0.5845289524444385,4,0.990935728232134,-0.2553273605054624,0.1339832339427809,3.307352023057188,False,False,low,110-13725,29630,34309,34308,mapped_primary_link
corridor-9f4473877ef648d3b429e43562e9b6a7,daily,state_transition,VA620_WB,VA620_WB::110-13725,16,PM,sensor_period,3.995744238221288,1.024090780796134,0.234819767439306,0.0500000054115319,0.1342187744268303,0.0512045445817066,19,0.988039663923759,-0.0004075640874168,0.1047008163276912,1.4765301794854733,False,True,low,110-13725,29630,34309,34308,mapped_primary_link
corridor-9f4473877ef648d3b429e43562e9b6a7,daily,state_transition,VA620_WB,VA620_WB::110-13722,17,PM,sensor_period,4.152640768221311,1.0253416312317511,0.0659404841668669,1.7161579748345797,0.4048490706419813,1.7596482173682664,7,0.995546974784058,0.2859468204244376,0.0507805584086368,4.353076514985819,False,False,medium,110-13722,35382,36530,34326,mapped_primary_link
corridor-9f4473877ef648d3b429e43562e9b6a7,daily,state_transition,VA620_WB,VA620_WB::110-13723,18,MD,corridor_period,6.134180331577414,1.0118279347979655,0.0542801576831313,0.8000032661013895,0.12355138915046,0.8094656525709962,48,0.9986286148264014,0.3680750553194761,0.1940398151911373,3.0894811120025687,False,False,high,110-13723,35392,36533,34324,mapped_primary_link
corridor-9f4473877ef648d3b429e43562e9b6a7,daily,state_transition,VA620_WB,VA620_WB::110-13723,18,PM,sensor_period,4.208933392698137,1.0000000143686734,0.1247176846837488,1.1598196476588094,0.352252252029518,1.1598196643238792,15,0.959571045059707,0.2252116815922604,0.1778325813103944,3.595679527459253,True,False,low,110-13723,35392,36533,34324,mapped_primary_link
corridor-9f4473877ef648d3b429e43562e9b6a7,daily,state_transition,VA620_WB,VA620_WB::110-13726,19,PM,sensor_period,4.032362518036423,1.000003914326482,0.1395671072949857,0.0500000024523831,0.0798104547128722,0.0500001981687168,4,0.999909901184306,-0.077053702364439,0.0044394950087889,1.341457292641964,True,True,low,110-13726,31576,34980,36146,mapped_primary_link
corridor-9f4473877ef648d3b429e43562e9b6a7,daily,state_transition,VA620_WB,VA620_WB::110N58168,20,AM,sensor_period,3.01911651175722,1.0001194998000746,0.0878683952190515,0.5017831112409878,0.0815881411495933,0.501843074222462,7,0.9999088919075404,-0.0732690747292337,0.0183956920575979,2.523563212060258,True,False,low,110N58168,32971,35743,34753,mapped_primary_link
corridor-9f4473877ef648d3b429e43562e9b6a7,daily,state_transition,VA620_WB,VA620_WB::110N58168,20,MD,sensor_period,6.035863977801685,1.0022907202776037,0.0853265425014445,0.4512534040822493,0.1024222253998268,0.4522870994053181,5,0.999976539113294,0.2219050883784594,0.0099736733270164,1.9303649865437735,False,False,medium,110N58168,32971,35743,34753,mapped_primary_link
corridor-9f4473877ef648d3b429e43562e9b6a7,daily,state_transition,VA620_WB,VA620_WB::110N58168,20,PM,sensor_period,4.106763958560919,1.0000000000000002,0.4221864207972629,0.0500000000525722,0.2416450902809547,0.0500000000525722,21,0.994805976518228,-0.0175272535371902,0.2043664870801792,2.116054814333483,True,True,low,110N58168,32971,35743,34753,mapped_primary_link
corridor-9f4473877ef648d3b429e43562e9b6a7,daily,state_transition,VA620_WB,VA620_WB::110N10954,22,AM,sensor_period,3.0337065769194567,1.0034490155381923,0.1472972293921137,0.1888533235405696,0.0968758702963702,0.1895046815879003,6,0.9999390388420208,0.0212607410492973,0.0027604609664714,0.948548430957918,False,False,medium,110N10954,29807,34359,36530,mapped_primary_link
corridor-9f4473877ef648d3b429e43562e9b6a7,daily,state_transition,VA620_WB,VA620_WB::110N10954,22,MD,sensor_period,6.2360149724529474,1.0302641030223827,0.0208463201577268,2.04886606430858,0.4728097390550618,2.1108731579578786,4,0.9976434105832688,0.8533000179877991,0.0264501887156229,0.7287973808768283,False,False,low,110N10954,29807,34359,36530,mapped_primary_link
corridor-9f4473877ef648d3b429e43562e9b6a7,daily,state_transition,VA620_WB,VA620_WB::110N10954,22,PM,sensor_period,4.149884637527327,1.0000000046417137,0.3727352914480245,0.05,0.2134524007840116,0.0500000002320856,17,0.9841000026839316,-0.0173515418803658,0.2030143558545642,2.2403002184310683,True,True,low,110N10954,29807,34359,36530,mapped_primary_link
corridor-9f4473877ef648d3b429e43562e9b6a7,daily,state_transition,VA620_WB,VA620_WB::110N10957,24,AM,sensor_period,3.019785035897654,1.0025246060514597,0.0931615171169129,0.418753583862703,0.0789272483926659,0.4198107716945932,13,0.999916714502517,0.6075031766545322,0.0317585362224953,0.8252309629158703,False,False,high,110N10957,32991,35749,35750,mapped_primary_link
corridor-9f4473877ef648d3b429e43562e9b6a7,daily,state_transition,VA620_WB,VA620_WB::110N10957,24,MD,corridor_period,6.134180331577414,1.0118279347979655,0.0542801576831313,0.8000032661013895,0.12355138915046,0.8094656525709962,48,0.9986286148264014,0.3680750553194761,0.1940398151911373,3.0894811120025687,False,False,high,110N10957,32991,35749,35750,mapped_primary_link
corridor-9f4473877ef648d3b429e43562e9b6a7,daily,state_transition,VA620_WB,VA620_WB::110N10957,24,PM,sensor_period,4.107299834024469,1.000000180411427,0.2945411910156951,0.1217789605899671,0.1865791147321936,0.1217789825602831,18,0.9903809350558852,0.0587737292630158,0.2507777132220058,1.1133736159076684,True,False,low,110N10957,32991,35749,35750,mapped_primary_link
corridor-14ad91075e72448b92bf9b08b07ccb70,daily,state_transition,VA640_EB,VA640_EB::110+59140,1,AM,corridor_period,3.0506891655051143,1.0106553582630953,0.0603401732512465,0.9750832708999174,0.0954846647621201,0.9854731324877068,42,0.9928461056156718,0.4046290187810518,0.7840544712718198,5.4104845286344325,False,False,high,110+59140,35154,36454,34259,mapped_primary_link
corridor-14ad91075e72448b92bf9b08b07ccb70,daily,state_transition,VA640_EB,VA640_EB::110+59140,1,MD,sensor_period,6.053820886369808,1.000000048805799,0.2487791000493092,0.0500000000000021,0.1451824425649399,0.0500000024402921,8,0.999635646158746,-0.0215341783243243,0.0536155174771871,0.5777410290262583,True,True,low,110+59140,35154,36454,34259,mapped_primary_link
corridor-14ad91075e72448b92bf9b08b07ccb70,daily,state_transition,VA640_EB,VA640_EB::110+59140,1,PM,sensor_period,4.075460805512758,1.0000000000000002,0.059062724063291,0.4979166788520409,0.0634058556560944,0.497916678852041,11,0.9842864994026144,0.42482091416288,0.3927410596753499,0.4714230495798173,True,False,low,110+59140,35154,36454,34259,mapped_primary_link
corridor-14ad91075e72448b92bf9b08b07ccb70,daily,state_transition,VA640_EB,VA640_EB::110+59139,2,AM,sensor_period,3.0891869006212493,1.000000000078072,0.0125260402219302,0.9982371776693948,0.02059648956509,0.998237177747329,6,,-1.496968269210086e-05,0.330808566897705,0.5446573812379765,True,False,low,110+59139,29017,34118,36488,mapped_primary_link
corridor-14ad91075e72448b92bf9b08b07ccb70,daily,state_transition,VA640_EB,VA640_EB::110+59139,2,MD,corridor_period,6.164436471010761,1.01965061169933,0.0726608245212114,0.7089303455496646,0.1406949266384178,0.7228612604919329,55,0.9568722729403232,0.3439162273256066,1.415736986607677,3.925078100736343,False,False,high,110+59139,29017,34118,36488,mapped_primary_link
corridor-14ad91075e72448b92bf9b08b07ccb70,daily,state_transition,VA640_EB,VA640_EB::110+59139,2,PM,sensor_period,4.077850641898104,1.0000000000000002,0.3052475123554745,0.050000000000023,0.1746515430497503,0.0500000000000231,11,0.7083217945168941,-0.0050214447489265,0.2322420340454281,1.0797875528925596,True,True,low,110+59139,29017,34118,36488,mapped_primary_link
corridor-14ad91075e72448b92bf9b08b07ccb70,daily,state_transition,VA640_EB,VA640_EB::110P13163,3,AM,corridor_period,3.0506891655051143,1.0106553582630953,0.0603401732512465,0.9750832708999174,0.0954846647621201,0.9854731324877068,42,0.9928461056156718,0.4046290187810518,0.7840544712718198,5.4104845286344325,False,False,high,110P13163,40914,40991,40042,mapped_primary_link
corridor-14ad91075e72448b92bf9b08b07ccb70,daily,state_transition,VA640_EB,VA640_EB::110P13163,3,MD,sensor_period,7.946260413873948,1.0000002450760566,0.083978094964563,0.9999779357179576,0.3558833570117957,0.9999781807886066,4,,-2.2174535851515745e-05,0.4825122447246864,0.1895245273879076,True,False,low,110P13163,40914,40991,40042,mapped_primary_link
corridor-14ad91075e72448b92bf9b08b07ccb70,daily,state_transition,VA640_EB,VA640_EB::110P13163,3,PM,corridor_period,4.067693328172726,1.010930435828365,0.0979711794661022,0.4571528453658122,0.099234418544388,0.4621497252058377,74,0.9844956983147622,0.2584336614847811,1.0373026060886412,3.548166094672533,False,False,high,110P13163,40914,40991,40042,mapped_primary_link
corridor-14ad91075e72448b92bf9b08b07ccb70,daily,state_transition,VA640_EB,VA640_EB::110P59138,13,AM,sensor_period,3.1094569173331448,1.0000000015517487,1.2177794634655417,0.0500000000114755,0.6873874536119756,0.0500000000890629,22,0.993810614840564,,0.1895738287072847,0.0438445892251082,True,True,low,110P59138,31510,34958,34257,mapped_primary_link
corridor-14ad91075e72448b92bf9b08b07ccb70,daily,state_transition,VA640_EB,VA640_EB::110+13160,14,MD,sensor_period,6.256584296944917,1.0000000000000002,0.1228821118739094,0.5780336328733415,0.1891459894814579,0.5780336328733416,14,0.9207159482897224,0.0556095007553457,0.3252375860172916,1.3607979311376663,True,False,low,110+13160,38291,40051,40052,mapped_primary_link
corridor-14ad91075e72448b92bf9b08b07ccb70,daily,state_transition,VA640_EB,VA640_EB::110+13160,14,PM,sensor_period,4.137593316664497,1.0000000000000002,0.4523335206876986,0.05,0.2589970937660104,0.05,6,0.98386624594649,-0.0833617887569118,0.1774351385607873,1.1210650943494669,True,True,low,110+13160,38291,40051,40052,mapped_primary_link
corridor-14ad91075e72448b92bf9b08b07ccb70,daily,state_transition,VA640_EB,VA640_EB::110+13161,15,AM,sensor_period,3.032560596742609,1.0035861067174292,0.0658142129058127,0.7840699966627774,0.0837704374139221,0.7868817553447445,3,0.9990427941838612,0.286326199859321,0.0072923316502068,0.5043502768789951,False,False,low,110+13161,38295,40052,40053,mapped_primary_link
corridor-14ad91075e72448b92bf9b08b07ccb70,daily,state_transition,VA640_EB,VA640_EB::110+13161,15,MD,sensor_period,6.130805369648801,1.0000006587920238,0.2153217405106235,0.2818773147857656,0.1914564209694443,0.2818775004842923,13,0.9994394871827954,0.1946096301980341,0.0565735039808999,0.6841229845215309,True,False,low,110+13161,38295,40052,40053,mapped_primary_link
corridor-14ad91075e72448b92bf9b08b07ccb70,daily,state_transition,VA640_EB,VA640_EB::110+13161,15,PM,sensor_period,4.097740834086978,1.0000000000000002,0.3000567396215172,0.1960086388887239,0.2109920662273712,0.1960086388887239,9,0.9993993466436856,0.0367300871169486,0.0496179122246779,0.7936848940413238,True,False,low,110+13161,38295,40052,40053,mapped_primary_link
corridor-14ad91075e72448b92bf9b08b07ccb70,daily,state_transition,VA640_EB,VA640_EB::110+13162,16,AM,corridor_period,3.0506891655051143,1.0106553582630953,0.0603401732512465,0.9750832708999174,0.0954846647621201,0.9854731324877068,42,0.9928461056156718,0.4046290187810518,0.7840544712718198,5.4104845286344325,False,False,high,110+13162,40083,40705,40704,mapped_primary_link
corridor-14ad91075e72448b92bf9b08b07ccb70,daily,state_transition,VA640_EB,VA640_EB::110+13162,16,PM,corridor_period,4.067693328172726,1.010930435828365,0.0979711794661022,0.4571528453658122,0.099234418544388,0.4621497252058377,74,0.9844956983147622,0.2584336614847811,1.0373026060886412,3.548166094672533,False,False,high,110+13162,40083,40705,40704,mapped_primary_link
corridor-14ad91075e72448b92bf9b08b07ccb70,daily,state_transition,VA640_EB,VA640_EB::110+13159,18,AM,corridor_period,3.0506891655051143,1.0106553582630953,0.0603401732512465,0.9750832708999174,0.0954846647621201,0.9854731324877068,42,0.9928461056156718,0.4046290187810518,0.7840544712718198,5.4104845286344325,False,False,high,110+13159,38285,40048,40582,mapped_primary_link
corridor-14ad91075e72448b92bf9b08b07ccb70,daily,state_transition,VA640_EB,VA640_EB::110+13159,18,MD,corridor_period,6.164436471010761,1.01965061169933,0.0726608245212114,0.7089303455496646,0.1406949266384178,0.7228612604919329,55,0.9568722729403232,0.3439162273256066,1.415736986607677,3.925078100736343,False,False,high,110+13159,38285,40048,40582,mapped_primary_link
corridor-14ad91075e72448b92bf9b08b07ccb70,daily,state_transition,VA640_EB,VA640_EB::110+13159,18,PM,corridor_period,4.067693328172726,1.010930435828365,0.0979711794661022,0.4571528453658122,0.099234418544388,0.4621497252058377,74,0.9844956983147622,0.2584336614847811,1.0373026060886412,3.548166094672533,False,False,high,110+13159,38285,40048,40582,mapped_primary_link
corridor-14ad91075e72448b92bf9b08b07ccb70,daily,state_transition,VA640_EB,VA640_EB::110+13157,20,PM,corridor_period,4.067693328172726,1.010930435828365,0.0979711794661022,0.4571528453658122,0.099234418544388,0.4621497252058377,74,0.9844956983147622,0.2584336614847811,1.0373026060886412,3.548166094672533,False,False,high,110+13157,38178,40014,40581,mapped_primary_link
corridor-14ad91075e72448b92bf9b08b07ccb70,daily,state_transition,VA640_EB,VA640_EB::110+13158,21,PM,sensor_period,4.077272297832414,1.0000008522492716,0.0545623175927806,0.6448162073259202,0.0720224387213297,0.6448167568700631,8,0.9847718042283882,0.0930622711339018,0.1646973701009935,1.5805407172592605,True,False,low,110+13158,38313,40057,40067,mapped_primary_link
corridor-14ad91075e72448b92bf9b08b07ccb70,daily,state_transition,VA640_EB,VA640_EB::110+58119,22,PM,sensor_period,4.030456728961922,1.0036415973768498,0.0817760074481553,0.6767554484720726,0.1120215111151677,0.6792199193379973,17,0.9999121077052728,0.1723949976226567,0.0108488064911153,1.6655192642208727,False,False,high,110+58119,35930,38041,38710,mapped_primary_link
corridor-14ad91075e72448b92bf9b08b07ccb70,daily,state_transition,VA640_EB,VA640_EB::110+58118,23,AM,sensor_period,3.020406693772043,1.00000000853865,0.1035355019362177,0.05,0.0583567762327887,0.0500000004269325,6,0.9999312825652344,-0.1129083479746613,0.0098484412952071,1.2991772518925182,True,True,low,110+58118,36954,38391,38041,mapped_primary_link
corridor-14ad91075e72448b92bf9b08b07ccb70,daily,state_transition,VA640_EB,VA640_EB::110+58118,23,MD,sensor_period,6.032493619813457,1.0000029228064706,0.1021670739383013,0.2998944806276905,0.0934063468772446,0.299895357161219,12,0.9999788785478748,0.1666326136467536,0.0067342867409383,1.1224758113481232,True,False,low,110+58118,36954,38391,38041,mapped_primary_link
corridor-14ad91075e72448b92bf9b08b07ccb70,daily,state_transition,VA640_EB,VA640_EB::110+58118,23,PM,sensor_period,4.100867707997794,1.0286080940431717,0.1783596559208748,0.1734227833525508,0.1215015935218344,0.1783840786479291,6,0.997330036682928,0.0322132390848565,0.1112908943503741,2.783384594302737,False,False,medium,110+58118,36954,38391,38041,mapped_primary_link
corridor-2b7d8f4448bb4370b266e8aabbd02e8e,daily,state_transition,VA640_WB,VA640_WB::110N59139,2,AM,sensor_period,3.210339766546773,1.000077592610031,0.0393620507918099,0.9992346716697682,0.0673348296815756,0.9993122048959764,4,,-0.0002846372410905,0.1190467380387325,0.7647983012708175,True,False,low,110N59139,35213,36474,34263,mapped_primary_link
corridor-2b7d8f4448bb4370b266e8aabbd02e8e,daily,state_transition,VA640_WB,VA640_WB::110N59139,2,MD,corridor_period,6.162050016382894,1.0133063942283749,0.0959842065758727,0.6264608340371101,0.159930180216489,0.6347967688634443,59,0.9925058781460896,0.2609682538772463,0.5835470961961929,3.6188375599878366,False,False,high,110N59139,35213,36474,34263,mapped_primary_link
corridor-2b7d8f4448bb4370b266e8aabbd02e8e,daily,state_transition,VA640_WB,VA640_WB::110N59139,2,PM,sensor_period,4.291343820270243,1.0000000000000002,4.539994247347268e-05,3.1420438437500904,0.0023533685759458,3.1420438437500917,16,-15.150757315737938,0.0161779763495441,0.2431991771764734,1.353386016944137,True,False,low,110N59139,35213,36474,34263,mapped_primary_link
corridor-2b7d8f4448bb4370b266e8aabbd02e8e,daily,state_transition,VA640_WB,VA640_WB::110-58117,5,AM,sensor_period,3.039373856418536,1.0000000000000002,0.0474463003633612,1.8698280722905736,0.2022666999189409,1.8698280722905745,5,0.9992770379521754,0.388796107241498,0.0100605510135108,1.430617900079834,True,False,low,110-58117,35927,38041,38391,mapped_primary_link
corridor-2b7d8f4448bb4370b266e8aabbd02e8e,daily,state_transition,VA640_WB,VA640_WB::110-58117,5,MD,sensor_period,6.043676266999938,1.0000036464351356,0.0750892276748913,0.0500000000000005,0.0438168774611156,0.0500001823217573,5,0.999744587962932,-0.0220995978873954,0.0102954356577671,1.081892834760947,True,True,low,110-58117,35927,38041,38391,mapped_primary_link
corridor-2b7d8f4448bb4370b266e8aabbd02e8e,daily,state_transition,VA640_WB,VA640_WB::110N13163,6,AM,sensor_period,3.4522761331644696,1.0000000002071137,1.452794877950372,0.0500000000000055,0.8243436639744397,0.0500000000103612,8,0.9761790540057582,-0.0370151836651537,0.3680782937667612,0.6735682169264705,True,True,low,110N13163,38267,40042,40991,mapped_primary_link
corridor-2b7d8f4448bb4370b266e8aabbd02e8e,daily,state_transition,VA640_WB,VA640_WB::110N13163,6,MD,sensor_period,6.527229252502562,1.0440843274689386,0.2145537603058971,0.6597965390711322,0.3945391864951357,0.6888832257624163,3,0.996669260905483,0.6484062357170279,0.1500957999185559,0.4506792773457549,False,False,low,110N13163,38267,40042,40991,mapped_primary_link
corridor-2b7d8f4448bb4370b266e8aabbd02e8e,daily,state_transition,VA640_WB,VA640_WB::110N13163,6,PM,sensor_period,4.698702572407246,1.00000000192882,0.7711634285518424,0.2812873133243109,0.6355709329240491,0.2812873138668635,6,0.9851268023247172,0.1913807444729718,0.3343372194032514,0.5431411176969105,True,False,low,110N13163,38267,40042,40991,mapped_primary_link
corridor-2b7d8f4448bb4370b266e8aabbd02e8e,daily,state_transition,VA640_WB,VA640_WB::110N13156,7,AM,sensor_period,3.0822470457753037,1.006425913391095,0.2001981047840304,0.4288005252754514,0.1730156174450495,0.4315559603129276,11,0.9989566646338508,0.3426930565960076,0.1469937877657644,1.749193525994973,False,False,high,110N13156,39542,40527,40058,mapped_primary_link
corridor-2b7d8f4448bb4370b266e8aabbd02e8e,daily,state_transition,VA640_WB,VA640_WB::110N13156,7,MD,sensor_period,6.138675074877949,1.0214382455118023,0.2258341519267669,0.4003002624206014,0.2490318155274018,0.4088819977248131,6,0.9988088048662316,0.3288352148074565,0.1458348259189968,1.4438926974734725,False,False,medium,110N13156,39542,40527,40058,mapped_primary_link
corridor-2b7d8f4448bb4370b266e8aabbd02e8e,daily,state_transition,VA640_WB,VA640_WB::110N13156,7,PM,sensor_period,4.053452749378977,1.0316938650305876,0.1535454141424328,0.5487904384581128,0.1765241745536417,0.5661837285446812,5,0.98644885982909,0.3930112578350646,0.551994009698397,1.616411293144147,False,False,medium,110N13156,39542,40527,40058,mapped_primary_link
corridor-2b7d8f4448bb4370b266e8aabbd02e8e,daily,state_transition,VA640_WB,VA640_WB::110-13162,11,AM,corridor_period,3.0726441468466126,1.0253355546967964,0.0952473931794287,0.7762330834914849,0.1214157357173215,0.7958993792357463,42,0.9914957892305872,0.5811043385197303,0.7550203389522673,3.472575111259082,False,False,high,110-13162,40915,40991,40043,mapped_primary_link
corridor-2b7d8f4448bb4370b266e8aabbd02e8e,daily,state_transition,VA640_WB,VA640_WB::110-13162,11,MD,sensor_period,6.123304115036251,1.0000000000000002,0.2777683085795602,0.0500000000000231,0.1621924797174171,0.0500000000000231,4,0.7511864352594966,-0.0146212253276403,0.2394655533657981,0.9579365638361934,True,True,low,110-13162,40915,40991,40043,mapped_primary_link
corridor-2b7d8f4448bb4370b266e8aabbd02e8e,daily,state_transition,VA640_WB,VA640_WB::110-13162,11,PM,sensor_period,4.053950090089775,1.000486343326921,0.3030441223764478,0.0500000000000003,0.1733398885454525,0.0500243171663464,17,0.9956215749161352,-0.0072829216815335,0.1224771447666003,1.3520678427911534,True,True,low,110-13162,40915,40991,40043,mapped_primary_link
corridor-2b7d8f4448bb4370b266e8aabbd02e8e,daily,state_transition,VA640_WB,VA640_WB::110-13160,12,AM,corridor_period,3.0726441468466126,1.0253355546967964,0.0952473931794287,0.7762330834914849,0.1214157357173215,0.7958993792357463,42,0.9914957892305872,0.5811043385197303,0.7550203389522673,3.472575111259082,False,False,high,110-13160,38299,40053,40052,mapped_primary_link
corridor-2b7d8f4448bb4370b266e8aabbd02e8e,daily,state_transition,VA640_WB,VA640_WB::110-13160,12,MD,sensor_period,6.316622216952064,1.0000000000000002,0.0006664628571125,2.591383799271868,0.0421830802332096,2.591383799271868,9,0.9768827896490696,0.3820344578986379,0.3100698893134985,2.973643028874658,True,False,low,110-13160,38299,40053,40052,mapped_primary_link
corridor-2b7d8f4448bb4370b266e8aabbd02e8e,daily,state_transition,VA640_WB,VA640_WB::110-13160,12,PM,sensor_period,4.1893365737403565,1.0000000000000002,0.161524549773859,0.5265236092078726,0.1831519012438776,0.5265236092078727,14,0.9938428365222276,0.1888456897704241,0.214435043689672,1.279325893855531,True,False,low,110-13160,38299,40053,40052,mapped_primary_link
corridor-2b7d8f4448bb4370b266e8aabbd02e8e,daily,state_transition,VA640_WB,VA640_WB::110-13159,16,MD,sensor_period,6.215311220919106,1.0000000000000002,0.3623824655286786,0.1069266929037499,0.2349677537384086,0.1069266929037499,6,0.979840140223942,0.0210611514701414,0.4061020227606008,0.6641282532420116,True,False,low,110-13159,38294,40052,40051,mapped_primary_link
corridor-2b7d8f4448bb4370b266e8aabbd02e8e,daily,state_transition,VA640_WB,VA640_WB::110-13159,16,PM,sensor_period,4.115512464613884,1.0000000000000002,0.1469550722735688,0.4550035185681818,0.1491929683381632,0.4550035185681819,16,0.9932438495328776,0.0653426264975064,0.2362256758586338,1.60368426722016,True,False,low,110-13159,38294,40052,40051,mapped_primary_link
corridor-2b7d8f4448bb4370b266e8aabbd02e8e,daily,state_transition,VA640_WB,VA640_WB::110-13157,17,AM,corridor_period,3.0726441468466126,1.0253355546967964,0.0952473931794287,0.7762330834914849,0.1214157357173215,0.7958993792357463,42,0.9914957892305872,0.5811043385197303,0.7550203389522673,3.472575111259082,False,False,high,110-13157,38351,40067,40057,mapped_primary_link
corridor-2b7d8f4448bb4370b266e8aabbd02e8e,daily,state_transition,VA640_WB,VA640_WB::110-13158,18,MD,corridor_period,6.162050016382894,1.0133063942283749,0.0959842065758727,0.6264608340371101,0.159930180216489,0.6347967688634443,59,0.9925058781460896,0.2609682538772463,0.5835470961961929,3.6188375599878366,False,False,high,110-13158,38864,40235,40582,mapped_primary_link
corridor-2b7d8f4448bb4370b266e8aabbd02e8e,daily,state_transition,VA640_WB,VA640_WB::110-13158,18,PM,sensor_period,4.021726405075584,1.015863347136492,0.0614314201410367,0.920061429923718,0.1178924336545601,0.9346566837734952,15,0.9964246839837836,0.2302328062304481,0.1254010829750862,3.300950613427108,False,False,high,110-13158,38864,40235,40582,mapped_primary_link
corridor-2b7d8f4448bb4370b266e8aabbd02e8e,daily,state_transition,VA640_WB,VA640_WB::110-59138,19,AM,corridor_period,3.0726441468466126,1.0253355546967964,0.0952473931794287,0.7762330834914849,0.1214157357173215,0.7958993792357463,42,0.9914957892305872,0.5811043385197303,0.7550203389522673,3.472575111259082,False,False,high,110-59138,35255,36488,34118,mapped_primary_link
corridor-2b7d8f4448bb4370b266e8aabbd02e8e,daily,state_transition,VA640_WB,VA640_WB::110-59138,19,MD,corridor_period,6.162050016382894,1.0133063942283749,0.0959842065758727,0.6264608340371101,0.159930180216489,0.6347967688634443,59,0.9925058781460896,0.2609682538772463,0.5835470961961929,3.6188375599878366,False,False,high,110-59138,35255,36488,34118,mapped_primary_link
corridor-2b7d8f4448bb4370b266e8aabbd02e8e,daily,state_transition,VA640_WB,VA640_WB::110-59138,19,PM,sensor_period,4.0869697401421385,1.0000000000000002,0.2676737971656763,0.0500000000000605,0.1531703338082821,0.0500000000000605,17,0.9867309382039636,-0.0110794319243363,0.3119704855957777,0.8376797229181177,True,True,low,110-59138,35255,36488,34118,mapped_primary_link
corridor-2b7d8f4448bb4370b266e8aabbd02e8e,daily,state_transition,VA640_WB,VA640_WB::110-59139,20,MD,sensor_period,6.071171448365184,1.0040037538011168,0.3236242073014681,0.05,0.1888875582313638,0.0502001876900558,9,0.9922530732647312,-0.0171402804900557,0.3446190645815879,1.1242234746157374,False,True,low,110-59139,29465,34259,36454,mapped_primary_link
corridor-2b7d8f4448bb4370b266e8aabbd02e8e,daily,state_transition,VA640_WB,VA640_WB::110-59139,20,PM,sensor_period,4.022161663486001,1.0052837282613878,0.3078774264183754,0.0500000142795979,0.1760352171226779,0.0502642007681168,12,0.9968412287432964,-0.0157076968978959,0.1760863734425684,1.1453802077002913,False,True,low,110-59139,29465,34259,36454,mapped_primary_link
corridor-2b7d8f4448bb4370b266e8aabbd02e8e,daily,state_transition,VA640_WB,VA640_WB::110N58117,23,AM,sensor_period,3.0371868659071914,1.0264509526803292,0.5212433348909568,0.0500000000000013,0.2938751192150259,0.0513225476340178,8,0.9909757182408612,-0.0287009089754541,0.1007149651435963,2.155266688765375,False,True,low,110N58117,36953,38391,38007,mapped_primary_link
corridor-2b7d8f4448bb4370b266e8aabbd02e8e,daily,state_transition,VA640_WB,VA640_WB::110N58117,23,MD,sensor_period,6.181738678467959,1.0036109489213088,0.4541770676080365,0.0500000000362908,0.2653257875736358,0.0501805474824873,13,0.9939064527674376,-0.0318370948965049,0.074395373504047,1.7225444255075997,False,True,low,110N58117,36953,38391,38007,mapped_primary_link
corridor-2b7d8f4448bb4370b266e8aabbd02e8e,daily,state_transition,VA640_WB,VA640_WB::110N58117,23,PM,corridor_period,4.043380110156719,1.019020954053344,0.1085470225192265,0.5561162185294617,0.1259033074765411,0.56669407957043,119,0.9868601584945214,0.1299907023495254,0.6986998700368064,3.678416515068323,False,False,high,110N58117,36953,38391,38007,mapped_primary_link
corridor-dd098ca7b3c14e47b83905f2bb273742,daily,state_transition,VA643_EB,VA643_EB::110+59144,1,AM,sensor_period,3.009396865197025,1.0001865792608036,0.0264850322382409,0.8574432140988936,0.0363302347041657,0.8576031952199612,3,0.999967024266956,0.9999717859175744,0.0035810467999999,0.0019593356396249,True,False,low,110+59144,39870,40634,40063,mapped_primary_link
corridor-dd098ca7b3c14e47b83905f2bb273742,daily,state_transition,VA643_EB,VA643_EB::110+59144,1,MD,sensor_period,6.028580216371075,1.0012457773746244,0.0292836735776015,1.0017872880521206,0.0944569238958339,1.0030352919897625,7,0.9999793251889368,0.2350960220866711,0.0044531944965321,1.3647334821935817,False,False,medium,110+59144,39870,40634,40063,mapped_primary_link
corridor-dd098ca7b3c14e47b83905f2bb273742,daily,state_transition,VA643_EB,VA643_EB::110+59144,1,PM,sensor_period,4.0121761193117775,1.0012375166859928,0.0275454105434915,1.5818665717747111,0.1322862214366873,1.5838241580522967,5,0.9999963642161892,0.3398905280738123,0.0012576032592362,0.8707265778210698,False,False,medium,110+59144,39870,40634,40063,mapped_primary_link
corridor-dd098ca7b3c14e47b83905f2bb273742,daily,state_transition,VA643_EB,VA643_EB::110+59143,2,AM,sensor_period,3.046923655149718,1.000000915047624,0.1650610092982951,0.05,0.093075698241759,0.0500000457523812,10,0.972943932699604,-0.0474873020493167,0.1529820192533834,1.7982148207679216,True,True,low,110+59143,40272,40768,40445,mapped_primary_link
corridor-dd098ca7b3c14e47b83905f2bb273742,daily,state_transition,VA643_EB,VA643_EB::110+59143,2,MD,corridor_period,6.071257433856903,1.0045141194435931,0.0389507643465903,0.9176355312096424,0.1087123867931329,0.9217778476032076,39,0.999522712759458,0.5783562545890107,0.0871059537989766,1.9211451322926896,False,False,high,110+59143,40272,40768,40445,mapped_primary_link
corridor-dd098ca7b3c14e47b83905f2bb273742,daily,state_transition,VA643_EB,VA643_EB::110+59143,2,PM,sensor_period,4.068647547915165,1.0000000000000002,0.2986721712571916,0.0500000000043559,0.1708700673450508,0.0500000000043559,22,0.997664693506726,-0.0233086368248733,0.1082044205054101,1.3246656955175795,True,True,low,110+59143,40272,40768,40445,mapped_primary_link
corridor-dd098ca7b3c14e47b83905f2bb273742,daily,state_transition,VA643_EB,VA643_EB::110+56065,4,AM,sensor_period,3.009003994580957,1.008579789236835,0.0015199160613013,3.999999999998492,0.0664522039629343,4.034319156945818,3,0.9999467743348004,0.9131025447795642,0.0017195875668244,0.3213848881474833,False,True,low,110+56065,35233,36480,36481,mapped_primary_link
corridor-dd098ca7b3c14e47b83905f2bb273742,daily,state_transition,VA643_EB,VA643_EB::110+56065,4,MD,sensor_period,6.06318478143979,1.0063399865356504,0.0753475515683727,0.6097854618768992,0.1206000377122522,0.613651493494834,8,0.9999425908340924,0.5789704270108809,0.0361138259441334,2.0053520873399147,False,False,medium,110+56065,35233,36480,36481,mapped_primary_link
corridor-dd098ca7b3c14e47b83905f2bb273742,daily,state_transition,VA643_EB,VA643_EB::110+56065,4,PM,sensor_period,4.017253576521696,1.0076839542868008,0.0208055696396949,1.188020788325716,0.0578973702151268,1.19714948575498,8,0.9999888002017212,0.9762338529356894,0.0154724170126218,0.5285297442313368,False,False,medium,110+56065,35233,36480,36481,mapped_primary_link
corridor-dd098ca7b3c14e47b83905f2bb273742,daily,state_transition,VA643_EB,VA643_EB::110+56063,5,AM,sensor_period,3.032832276853435,1.0000000000280302,0.093036100621119,0.2147295511312937,0.0629676255662498,0.2147295511373126,16,0.9934040713269924,0.0488037058537075,0.125719647109466,1.23242679941187,True,False,low,110+56063,35328,36512,34274,mapped_primary_link
corridor-dd098ca7b3c14e47b83905f2bb273742,daily,state_transition,VA643_EB,VA643_EB::110+56063,5,MD,sensor_period,6.084224344686517,1.0003137507914994,0.0383759578742995,0.8827126497204462,0.1007594582762017,0.8829896015129625,13,0.9988119352159692,0.7664504662231849,0.1436815336597549,1.330555062612331,True,False,low,110+56063,35328,36512,34274,mapped_primary_link
corridor-dd098ca7b3c14e47b83905f2bb273742,daily,state_transition,VA643_EB,VA643_EB::110+56063,5,PM,sensor_period,4.059497469110301,1.0000000005535827,0.1053891785890745,0.2029778524949662,0.0746966531355612,0.2029778526073312,11,0.9932591407767106,0.0843609836719821,0.1500918437396603,1.0572806534651216,True,False,low,110+56063,35328,36512,34274,mapped_primary_link
corridor-dd098ca7b3c14e47b83905f2bb273742,daily,state_transition,VA643_EB,VA643_EB::110P59142,7,AM,sensor_period,3.03515585475769,1.016510226670552,0.0103966047838538,2.5191938819654878,0.0909070742026454,2.560786343983805,4,0.99899906165088,0.2225287970465218,0.0252451225879118,2.3239246898718635,False,False,low,110P59142,38372,40075,40768,mapped_primary_link
corridor-dd098ca7b3c14e47b83905f2bb273742,daily,state_transition,VA643_EB,VA643_EB::110P59142,7,MD,sensor_period,6.079191701334899,1.0067670015176569,0.033212293799058,1.300426414143681,0.1851959274971481,1.3092264016617925,9,0.999910380786191,0.2582188472110345,0.0188382860840197,2.230439967214028,False,False,medium,110P59142,38372,40075,40768,mapped_primary_link
corridor-dd098ca7b3c14e47b83905f2bb273742,daily,state_transition,VA643_EB,VA643_EB::110P59142,7,PM,sensor_period,4.038009901771543,1.0000000000000002,0.225629894817131,0.07926866675401,0.1344142920176312,0.07926866675401,19,0.9998290444397956,0.0153249599433537,0.0310472806627864,2.0920252395798533,True,False,low,110P59142,38372,40075,40768,mapped_primary_link
corridor-37369e2d879c4764894dc5c2f4f04319,daily,state_transition,VA643_NB,VA643_NB::110+59134,1,AM,corridor_period,3.0436496438216265,1.0058544837777212,0.0789190776149326,0.6659970630353356,0.0883324247030388,0.6698961320368859,53,0.9987607063680012,0.0015278827046064,0.1102463345348368,3.856058238010204,False,False,high,110+59134,35282,36497,34281,mapped_primary_link
corridor-37369e2d879c4764894dc5c2f4f04319,daily,state_transition,VA643_NB,VA643_NB::110+59134,1,MD,corridor_period,6.033738955463977,1.002015574170527,0.0389702020027647,0.6998733496959479,0.0731211621437576,0.7012839963422353,29,0.999951842991693,0.3498201927028183,0.0220502932096292,2.195042306833188,False,False,high,110+59134,35282,36497,34281,mapped_primary_link
corridor-37369e2d879c4764894dc5c2f4f04319,daily,state_transition,VA643_NB,VA643_NB::110+59134,1,PM,sensor_period,4.014999607958563,1.0023356179100995,0.0523414881225474,0.6299302988871358,0.0670076806453434,0.631401575375331,9,0.9999711893861692,0.139970683641982,0.007431039172002,1.23230604335079,False,False,medium,110+59134,35282,36497,34281,mapped_primary_link
corridor-37369e2d879c4764894dc5c2f4f04319,daily,state_transition,VA643_NB,VA643_NB::110+59133,2,AM,sensor_period,3.040336825823118,1.009048342484262,0.203883443329682,0.2996952211719315,0.1517434707546849,0.3024069661739917,12,0.9982961564412705,0.2882011447160532,0.1582403001055983,1.4272668699214035,False,False,high,110+59133,31504,34956,34266,mapped_primary_link
corridor-37369e2d879c4764894dc5c2f4f04319,daily,state_transition,VA643_NB,VA643_NB::110+59133,2,MD,sensor_period,6.028433929089371,1.0000000021057942,0.1441073583875108,0.05,0.0840804660861838,0.0500000001052897,4,0.9999068264440296,-0.1667858799660562,0.0123490447428594,1.0857105104358884,True,True,low,110+59133,31504,34956,34266,mapped_primary_link
corridor-37369e2d879c4764894dc5c2f4f04319,daily,state_transition,VA643_NB,VA643_NB::110+59133,2,PM,sensor_period,4.053745230810799,1.0000000062317485,0.0829785458818785,0.4321210737718428,0.0810274422722418,0.4321210764647126,12,0.9979299531644992,0.4297137561313368,0.1509347431324001,0.8961112138602544,True,False,low,110+59133,31504,34956,34266,mapped_primary_link
corridor-37369e2d879c4764894dc5c2f4f04319,daily,state_transition,VA643_NB,VA643_NB::110+59131,4,AM,sensor_period,3.0749635265662056,1.0000000371759263,0.3983052185977716,0.0500000001628103,0.2247018888013375,0.0500000020216066,14,0.9893855991676004,-0.0035364543806588,0.0711582914206409,4.462562277144989,True,True,low,110+59131,35243,36483,34254,mapped_primary_link
corridor-37369e2d879c4764894dc5c2f4f04319,daily,state_transition,VA643_NB,VA643_NB::110+59131,4,PM,sensor_period,4.012196484179809,1.002229267926896,0.0441017069234659,0.5823123060067127,0.0528215332107175,0.5836104361539304,3,0.9999990138014458,0.8207150734569288,0.0004219758616713,0.0912948904896294,False,False,low,110+59131,35243,36483,34254,mapped_primary_link
corridor-37369e2d879c4764894dc5c2f4f04319,daily,state_transition,VA643_NB,VA643_NB::110+59136,5,AM,sensor_period,3.06932175671522,1.010524075598202,0.0844604282829911,0.1486241512957349,0.0532155154667481,0.1501882830996898,5,0.998688288679292,0.0113091797977472,0.0452357122228066,1.3836406168535362,False,False,medium,110+59136,29827,34365,36501,mapped_primary_link
corridor-37369e2d879c4764894dc5c2f4f04319,daily,state_transition,VA643_NB,VA643_NB::110+59136,5,MD,corridor_period,6.033738955463977,1.002015574170527,0.0389702020027647,0.6998733496959479,0.0731211621437576,0.7012839963422353,29,0.999951842991693,0.3498201927028183,0.0220502932096292,2.195042306833188,False,False,high,110+59136,29827,34365,36501,mapped_primary_link
corridor-37369e2d879c4764894dc5c2f4f04319,daily,state_transition,VA643_NB,VA643_NB::110+59136,5,PM,corridor_period,4.02730880277832,1.0126880168095949,0.0448716262122941,0.7224656699496946,0.0654746303085599,0.7316323265143716,50,0.9973453069715956,0.4770880804262354,0.2224877522954205,2.172399191383424,False,False,high,110+59136,29827,34365,36501,mapped_primary_link
corridor-37369e2d879c4764894dc5c2f4f04319,daily,state_transition,VA643_NB,VA643_NB::110+59135,6,AM,sensor_period,3.0170199190543725,1.0038580969457345,0.0480248717745197,0.9544637885352316,0.0734860571345024,0.9581462023625936,9,0.999830914451917,0.2633412575008316,0.0097858549455907,1.2370611627498336,False,False,medium,110+59135,29542,34281,36248,mapped_primary_link
corridor-37369e2d879c4764894dc5c2f4f04319,daily,state_transition,VA643_NB,VA643_NB::110+59135,6,MD,sensor_period,6.02601322278012,1.0015764415297617,0.0347430244587239,0.6044418668244957,0.0548717976013252,0.6053947340856846,8,0.999979874322103,0.2387649423707475,0.0042867789154997,0.4805804064409387,False,False,medium,110+59135,29542,34281,36248,mapped_primary_link
corridor-37369e2d879c4764894dc5c2f4f04319,daily,state_transition,VA643_NB,VA643_NB::110+59135,6,PM,corridor_period,4.02730880277832,1.0126880168095949,0.0448716262122941,0.7224656699496946,0.0654746303085599,0.7316323265143716,50,0.9973453069715956,0.4770880804262354,0.2224877522954205,2.172399191383424,False,False,high,110+59135,29542,34281,36248,mapped_primary_link
corridor-37369e2d879c4764894dc5c2f4f04319,daily,state_transition,VA643_NB,VA643_NB::110+11479,15,AM,sensor_period,3.056984452322228,1.0000000000000002,0.010390251487465,1.1552776505393112,0.0201499146007702,1.1552776505393114,4,0.9548665390521308,0.4746022298074289,0.2268928246852757,0.4752942483372667,True,False,low,110+11479,36912,38379,38136,mapped_primary_link
corridor-37369e2d879c4764894dc5c2f4f04319,daily,state_transition,VA643_NB,VA643_NB::110+11479,15,MD,corridor_period,6.033738955463977,1.002015574170527,0.0389702020027647,0.6998733496959479,0.0731211621437576,0.7012839963422353,29,0.999951842991693,0.3498201927028183,0.0220502932096292,2.195042306833188,False,False,high,110+11479,36912,38379,38136,mapped_primary_link
corridor-37369e2d879c4764894dc5c2f4f04319,daily,state_transition,VA643_NB,VA643_NB::110+11479,15,PM,sensor_period,3.875744950881779,1.0576449641463928,0.3815580201122331,0.0500000000000001,0.2177594816218128,0.0528822482073198,8,0.991825017764915,0.0031465266834356,0.3695992881662864,3.770724608473585,False,True,low,110+11479,36912,38379,38136,mapped_primary_link
corridor-37369e2d879c4764894dc5c2f4f04319,daily,state_transition,VA643_NB,VA643_NB::110+11478,16,AM,sensor_period,3.0098428288585763,1.000372435206787,0.0834085678919796,0.4070718519702713,0.0696644336180352,0.4072234598596371,7,0.9999925312224612,0.2151134296981537,0.0026189848058466,0.6457719779199628,True,False,low,110+11478,36263,38150,38179,mapped_primary_link
corridor-37369e2d879c4764894dc5c2f4f04319,daily,state_transition,VA643_NB,VA643_NB::110+11478,16,MD,sensor_period,6.044426374816637,1.0055010153770527,0.0246041962873433,1.1528069405638102,0.1044141804553276,1.1591485492706248,5,0.9999995752861628,0.9787659068439388,0.0033602109105688,0.6000861438435744,False,False,medium,110+11478,36263,38150,38179,mapped_primary_link
corridor-37369e2d879c4764894dc5c2f4f04319,daily,state_transition,VA643_NB,VA643_NB::110+11478,16,PM,sensor_period,4.017682510949551,1.0000155827658097,0.0740463662616729,0.3664013095606072,0.0657354945975293,0.3664070191064063,16,0.999947508187402,0.0174279817312222,0.0117711482492462,1.2509710772346718,True,False,low,110+11478,36263,38150,38179,mapped_primary_link
corridor-37369e2d879c4764894dc5c2f4f04319,daily,state_transition,VA643_NB,VA643_NB::110+11477,17,MD,sensor_period,6.045733949094848,1.003733943342592,0.0413300813489148,0.9112980006274845,0.1136051260913919,0.9147007357300448,8,0.999918953934161,0.4254955802009645,0.0172852023775447,2.480139020154681,False,False,medium,110+11477,37806,38657,38654,mapped_primary_link
corridor-37369e2d879c4764894dc5c2f4f04319,daily,state_transition,VA643_NB,VA643_NB::110+11476,18,MD,corridor_period,6.033738955463977,1.002015574170527,0.0389702020027647,0.6998733496959479,0.0731211621437576,0.7012839963422353,29,0.999951842991693,0.3498201927028183,0.0220502932096292,2.195042306833188,False,False,high,110+11476,36284,38156,38608,mapped_primary_link
corridor-4621b6cece5e4e0b807e2aa26a62334d,daily,state_transition,VA643_SB,VA643_SB::110-11477,5,AM,sensor_period,3.014801140454369,1.0019622920250868,0.0415599263235614,1.0051251426818189,0.067202965354263,1.0070974917335176,12,0.9998867659683772,0.3060528641244729,0.0100790009495419,1.3046662466412955,False,False,high,110-11477,36360,38179,38150,mapped_primary_link
corridor-4621b6cece5e4e0b807e2aa26a62334d,daily,state_transition,VA643_SB,VA643_SB::110-11477,5,MD,sensor_period,6.024829833363554,1.002552618250458,0.0410207354996391,0.7614754628078579,0.085883747637102,0.7634192189714972,5,0.999993907529405,0.8805181238565051,0.0110274980424502,0.8170069258141426,False,False,medium,110-11477,36360,38179,38150,mapped_primary_link
corridor-4621b6cece5e4e0b807e2aa26a62334d,daily,state_transition,VA643_SB,VA643_SB::110-11477,5,PM,sensor_period,4.015793303945818,1.0001896935470165,0.0845518258396875,0.3159316929195153,0.069963612122925,0.3159916231229601,13,0.99998464552115,0.2794462676087073,0.011857880142754,1.1261424154576314,True,False,low,110-11477,36360,38179,38150,mapped_primary_link
corridor-4621b6cece5e4e0b807e2aa26a62334d,daily,state_transition,VA643_SB,VA643_SB::110-11476,6,MD,sensor_period,6.019182329635399,1.000008700675323,0.008199701394609,2.386915064812668,0.3173120499943679,2.3869358325856704,3,0.9999544669448074,-0.214161789913309,0.0041321780814983,1.7964601356452867,True,False,low,110-11476,37796,38654,38657,mapped_primary_link
corridor-4621b6cece5e4e0b807e2aa26a62334d,daily,state_transition,VA643_SB,VA643_SB::110-11478,7,AM,sensor_period,3.011704253212712,1.0001488051791678,0.1213013589816584,0.0500000000001887,0.0683604653605386,0.0500074402591471,10,0.9999983752688784,-0.0113174703495062,0.0038287251852135,1.0075296416325126,True,True,low,110-11478,36215,38136,38379,mapped_primary_link
corridor-4621b6cece5e4e0b807e2aa26a62334d,daily,state_transition,VA643_SB,VA643_SB::110-11478,7,MD,sensor_period,6.0187587696181,1.000000340697719,0.0725814569770545,0.2325244825969327,0.0587596035625604,0.2325245618174935,12,0.9999689140838788,-0.1040864706332012,0.0075946656231918,1.6812472974221797,True,False,low,110-11478,36215,38136,38379,mapped_primary_link
corridor-4621b6cece5e4e0b807e2aa26a62334d,daily,state_transition,VA643_SB,VA643_SB::110-11478,7,PM,sensor_period,4.014102083718945,1.0010408600967686,0.030878660694502,0.90914328070813,0.0582647024923587,0.9100895716712644,6,0.999996456411146,0.3639674090101,0.0032651993633032,1.0234726220856345,False,False,medium,110-11478,36215,38136,38379,mapped_primary_link
corridor-4621b6cece5e4e0b807e2aa26a62334d,daily,state_transition,VA643_SB,VA643_SB::110-58049,8,AM,sensor_period,3.0164228563359807,1.002042644248044,0.0490014722815022,0.6662747678875589,0.0545357671058003,0.6676357302098014,3,0.9999874148814556,-0.3941817856141312,0.0042430780397217,2.271070237788948,False,False,low,110-58049,37647,38608,38156,mapped_primary_link
corridor-4621b6cece5e4e0b807e2aa26a62334d,daily,state_transition,VA643_SB,VA643_SB::110-58049,8,MD,sensor_period,6.027769103631437,1.000002533339155,0.1098840507275835,0.0500000000000058,0.064112279596038,0.0500001266669635,7,0.9999893963933494,-0.0103350009411584,0.0066401451531112,1.250216723639652,True,True,low,110-58049,37647,38608,38156,mapped_primary_link
corridor-4621b6cece5e4e0b807e2aa26a62334d,daily,state_transition,VA643_SB,VA643_SB::110-58049,8,PM,sensor_period,4.259526653421241,1.0000000000000848,0.0041647194268269,2.8034062153506447,0.1291040806072927,2.8034062153508823,6,0.9549410166619698,0.3452445584785806,0.2557305374049929,4.857921687609307,True,False,low,110-58049,37647,38608,38156,mapped_primary_link
corridor-4621b6cece5e4e0b807e2aa26a62334d,daily,state_transition,VA643_SB,VA643_SB::110-59130,11,AM,sensor_period,3.006018231247946,1.0016806299870142,0.0078351355337212,1.5394155392232738,0.0227443198270528,1.5420027271409682,3,0.999999920947923,-0.021581194723995,0.0001656763044443,0.4348371284070024,False,False,low,110-59130,29450,34254,36483,mapped_primary_link
corridor-4621b6cece5e4e0b807e2aa26a62334d,daily,state_transition,VA643_SB,VA643_SB::110-59130,11,MD,corridor_period,6.055796578745063,1.0016128645411273,0.053623101661975,0.5474055708850649,0.0766506026652434,0.548288461919961,57,0.999069137210066,0.2302238803445278,0.0745394463396111,1.6389088155842095,False,False,high,110-59130,29450,34254,36483,mapped_primary_link
corridor-4621b6cece5e4e0b807e2aa26a62334d,daily,state_transition,VA643_SB,VA643_SB::110-59130,11,PM,sensor_period,4.08340232805524,1.0000000000000002,0.2074741721781434,0.1560198708724337,0.1378143270424213,0.1560198708724337,21,0.9838219319582354,-0.0482164112796028,0.1518134614954945,2.308576688413364,True,False,low,110-59130,29450,34254,36483,mapped_primary_link
corridor-4621b6cece5e4e0b807e2aa26a62334d,daily,state_transition,VA643_SB,VA643_SB::110-59132,12,AM,sensor_period,3.0192846585740445,1.00333869173621,0.0642249505496974,1.1738319811143505,0.1253225549709736,1.1777510442493957,8,0.9999432367215892,0.4836865458579823,0.0052804112722161,1.5824330750196292,False,False,medium,110-59132,29492,34266,34956,mapped_primary_link
corridor-4621b6cece5e4e0b807e2aa26a62334d,daily,state_transition,VA643_SB,VA643_SB::110-59132,12,MD,sensor_period,6.03459603276898,1.0026181532272982,0.0506025390094307,0.6440064869984621,0.0858842530795968,0.6456925946607981,6,0.9999952682979822,0.2791259945341647,0.0070445275116895,1.6679943688107042,False,False,medium,110-59132,29492,34266,34956,mapped_primary_link
corridor-4621b6cece5e4e0b807e2aa26a62334d,daily,state_transition,VA643_SB,VA643_SB::110-59132,12,PM,sensor_period,4.026472299748342,1.000000072515055,0.163438109914988,0.1343404588262835,0.1051036801869668,0.1343404685679893,18,0.9999591755026472,0.0207333948803395,0.0149763349143381,1.1697675525253146,True,False,low,110-59132,29492,34266,34956,mapped_primary_link
corridor-4621b6cece5e4e0b807e2aa26a62334d,daily,state_transition,VA643_SB,VA643_SB::110-59134,14,MD,sensor_period,6.020723841028748,1.00000256886711,0.0452915455250159,0.7096284535398735,0.086352869804127,0.709630276481068,5,0.9999720176909924,0.193779659014355,0.0070773111506637,1.093455127094795,True,False,low,110-59134,34509,36248,34281,mapped_primary_link
corridor-4621b6cece5e4e0b807e2aa26a62334d,daily,state_transition,VA643_SB,VA643_SB::110-59134,14,PM,sensor_period,4.015621711497968,1.0025670494621035,0.0026589322110332,3.4375518456529823,0.1687087172818357,3.44637621126932,4,0.999999818543009,0.8214411149037141,9.222687490272702e-05,0.2913746212320571,False,False,low,110-59134,34509,36248,34281,mapped_primary_link
corridor-4621b6cece5e4e0b807e2aa26a62334d,daily,state_transition,VA643_SB,VA643_SB::110-59133,15,AM,sensor_period,3.028065380369487,1.008160923561464,0.0513397869992647,0.9644057815788922,0.0797060592157721,0.9722762234445914,4,0.999909701352682,0.9088695145328648,0.0050394934823026,0.2228794015339585,False,False,low,110-59133,29543,34281,36497,mapped_primary_link
corridor-4621b6cece5e4e0b807e2aa26a62334d,daily,state_transition,VA643_SB,VA643_SB::110-59133,15,MD,sensor_period,6.020529480258014,1.000009267952073,0.1060539470933194,0.0500000017257955,0.0618738728165238,0.0500004651234151,3,0.9999217424401716,-0.0634231333492663,0.0027583280936454,0.9820781632321394,True,True,low,110-59133,29543,34281,36497,mapped_primary_link
corridor-4621b6cece5e4e0b807e2aa26a62334d,daily,state_transition,VA643_SB,VA643_SB::110-59133,15,PM,sensor_period,4.0104574377918905,1.000002494965762,0.0333642375885153,1.4393932563869118,0.1313751369559919,1.4393968476238046,7,0.99997126442663,0.083464598681301,0.0026527878306265,1.3343758599371731,True,False,low,110-59133,29543,34281,36497,mapped_primary_link
corridor-4621b6cece5e4e0b807e2aa26a62334d,daily,state_transition,VA643_SB,VA643_SB::110-59135,16,AM,sensor_period,3.037219905861243,1.0048953921071275,0.1392399210528337,0.1884016109762457,0.091550726865512,0.1893239107355889,6,0.9998583328541604,-0.0599403597756844,0.0332682217269439,2.4241737775720607,False,False,medium,110-59135,35294,36501,34365,mapped_primary_link
corridor-4621b6cece5e4e0b807e2aa26a62334d,daily,state_transition,VA643_SB,VA643_SB::110-59135,16,MD,sensor_period,6.2098923756025695,1.0170122328104805,0.0694741835496641,0.7535941584494198,0.1467187791434968,0.7664144777175794,16,0.9944344391243738,0.4394010283818637,0.1264466626757285,1.868158367567343,False,False,high,110-59135,35294,36501,34365,mapped_primary_link
corridor-4621b6cece5e4e0b807e2aa26a62334d,daily,state_transition,VA643_SB,VA643_SB::110-59135,16,PM,sensor_period,4.0446219675987525,1.0000000466056815,0.09498391967362,0.4510342970178145,0.0951418471449371,0.4510343180385753,7,0.9998598881696876,0.0944995098193318,0.0187729631281869,1.9865213892976137,True,False,low,110-59135,35294,36501,34365,mapped_primary_link
corridor-51d8c0225c8145f79287020a165e7b39,daily,state_transition,VA643_WB,VA643_WB::110N59142,2,AM,corridor_period,3.01119147710444,1.0104091117563525,0.0331510295666872,0.8602494769057076,0.0456383761253767,0.8692039098491627,19,0.9995311798863636,0.4662588802147052,0.0843827528385134,1.8145632535710872,False,False,high,110N59142,40271,40768,40075,mapped_primary_link
corridor-51d8c0225c8145f79287020a165e7b39,daily,state_transition,VA643_WB,VA643_WB::110-56062,4,AM,sensor_period,3.01350436023469,1.0038568713410694,0.0074931812136655,2.524602577870816,0.0647337737931742,2.534339645200996,7,0.9999599137154384,0.3766322184131536,0.0054080149760546,1.78062749481918,False,False,medium,110-56062,29519,34274,36512,mapped_primary_link
corridor-51d8c0225c8145f79287020a165e7b39,daily,state_transition,VA643_WB,VA643_WB::110-56062,4,MD,sensor_period,6.034160475975266,1.004136478944279,0.0590738048346665,0.6263921487369288,0.0971328074653554,0.6289832066710408,6,0.999968926486546,0.4302463278855339,0.018495361130638,1.4880455613864911,False,False,medium,110-56062,29519,34274,36512,mapped_primary_link
corridor-51d8c0225c8145f79287020a165e7b39,daily,state_transition,VA643_WB,VA643_WB::110-56062,4,PM,sensor_period,4.032640606351403,1.0211911873472317,0.0762644827859854,0.6507413164051874,0.1007866889464504,0.6645312975557139,19,0.993885566848242,-0.0545656289453557,0.1728884954778676,3.898247997864354,False,False,high,110-56062,29519,34274,36512,mapped_primary_link
corridor-51d8c0225c8145f79287020a165e7b39,daily,state_transition,VA643_WB,VA643_WB::110-56064,6,AM,corridor_period,3.01119147710444,1.0104091117563525,0.0331510295666872,0.8602494769057076,0.0456383761253767,0.8692039098491627,19,0.9995311798863636,0.4662588802147052,0.0843827528385134,1.8145632535710872,False,False,high,110-56064,35236,36481,36480,mapped_primary_link
corridor-51d8c0225c8145f79287020a165e7b39,daily,state_transition,VA643_WB,VA643_WB::110-56064,6,MD,sensor_period,6.1009258497046615,1.0182343598832877,0.0695596296498958,0.7880150547800667,0.1542622499321815,0.8023840048823752,9,0.9973938246229892,0.42641617118895,0.1474934745064822,2.6208091989684617,False,False,medium,110-56064,35236,36481,36480,mapped_primary_link
corridor-51d8c0225c8145f79287020a165e7b39,daily,state_transition,VA643_WB,VA643_WB::110-56064,6,PM,sensor_period,4.0326968442933335,1.0076716138296038,0.1115363566766117,0.5114559467150451,0.1213809802581882,0.5153796392290974,4,0.9999822033439968,0.4485531517828969,0.0149243516706233,1.2823727951327684,False,False,low,110-56064,35236,36481,36480,mapped_primary_link
corridor-51d8c0225c8145f79287020a165e7b39,daily,state_transition,VA643_WB,VA643_WB::110-59142,8,AM,sensor_period,3.0045354556540587,1.0014743861777042,0.0358395273388416,0.4985123599328877,0.0330779744457745,0.4992473596657875,9,0.9999954171239076,0.1041010889012405,0.0036945386075225,1.2287436163858951,False,False,medium,110-59142,39291,40445,40768,mapped_primary_link
corridor-51d8c0225c8145f79287020a165e7b39,daily,state_transition,VA643_WB,VA643_WB::110-59142,8,MD,sensor_period,6.0140780674490095,1.0001559169445116,0.0247427194531888,1.1196797888661878,0.0983707559562546,1.1198543659176992,9,0.9999982177165764,0.5217733902596409,0.0021629826599131,1.076170081781218,True,False,low,110-59142,39291,40445,40768,mapped_primary_link
corridor-51d8c0225c8145f79287020a165e7b39,daily,state_transition,VA643_WB,VA643_WB::110-59142,8,PM,sensor_period,4.009413567201372,1.0006213151216203,0.0465926159470833,0.5031452546400074,0.0499750334234627,0.5034578663950867,14,0.9999926625684294,0.1418483087244864,0.0045980333415158,1.0412068902183982,True,False,low,110-59142,39291,40445,40768,mapped_primary_link
corridor-cdc2e7b606214d2d86d4517a5bcc60a1,daily,state_transition,VA644_EB,VA644_EB::110P50127,7,AM,sensor_period,3.0191946686429327,1.000000102870663,0.0620846800403395,0.0500000000489133,0.0349927223637277,0.0500000051924465,3,0.9999865922637244,-0.7986631320807438,0.0059325633349571,0.0632220624655783,True,True,low,110P50127,31915,35116,35114,mapped_primary_link
corridor-cdc2e7b606214d2d86d4517a5bcc60a1,daily,state_transition,VA644_EB,VA644_EB::110P50127,7,MD,sensor_period,6.058947348717433,1.0160335860666685,0.0520872570235992,0.6371305504454159,0.0875425837968921,0.6473460379616863,13,0.999515316472902,0.184406727052229,0.0669522638765223,1.6772706925743537,False,False,high,110P50127,31915,35116,35114,mapped_primary_link
corridor-cdc2e7b606214d2d86d4517a5bcc60a1,daily,state_transition,VA644_EB,VA644_EB::110P50127,7,PM,sensor_period,4.025587825555783,1.0000062526984907,0.1158072563989341,0.1564817753806687,0.0768031909998031,0.1564827538140295,7,0.9999627316293728,-0.0385136071219052,0.0190621775674851,1.7306255416113208,True,False,low,110P50127,31915,35116,35114,mapped_primary_link
corridor-cdc2e7b606214d2d86d4517a5bcc60a1,daily,state_transition,VA644_EB,VA644_EB::110P50126,8,AM,sensor_period,0.8093338178750551,1.7317238092114116,0.0034728760933658,1.7286506671651385,0.0012849105134389,2.9935455181390616,3,0.9774995587667366,0.5894051386304902,0.1446993800680037,0.5265558122245457,False,False,low,110P50126,29368,34230,35116,mapped_primary_link
corridor-cdc2e7b606214d2d86d4517a5bcc60a1,daily,state_transition,VA644_EB,VA644_EB::110P50126,8,MD,sensor_period,5.623122417950353,1.0839746699027333,0.6431558123252259,0.0500000007984483,0.3739502296355607,0.0541987343606344,7,0.9853772624764462,-0.0030077231672445,0.177331176773882,1.0603870918581435,False,True,low,110P50126,29368,34230,35116,mapped_primary_link
corridor-cdc2e7b606214d2d86d4517a5bcc60a1,daily,state_transition,VA644_EB,VA644_EB::110P50126,8,PM,corridor_period,4.049341798731144,1.0118895934860253,0.0514437032087502,0.7865601605503806,0.0824281118618699,0.7959120411116274,129,0.998198780552766,0.492096730202191,0.2722684742757952,3.1939377807563725,False,False,high,110P50126,29368,34230,35116,mapped_primary_link
corridor-cdc2e7b606214d2d86d4517a5bcc60a1,daily,state_transition,VA644_EB,VA644_EB::110+52383,12,AM,sensor_period,3.0667348324223678,1.006792262004855,0.0641118869055629,0.7056737703895138,0.0754001021574975,0.7104668915279534,5,0.9992883882712612,0.2096600226780193,0.0319556384811866,1.1721921782768585,False,False,medium,110+52383,29208,34180,36323,mapped_primary_link
corridor-cdc2e7b606214d2d86d4517a5bcc60a1,daily,state_transition,VA644_EB,VA644_EB::110+52383,12,MD,sensor_period,6.1151620833355285,1.0000003463057447,0.1770215913987526,0.0755316738583103,0.1082489466765144,0.0755317000153629,12,0.9992714582270168,-0.0068699598018866,0.039905141259414,1.8261649614406616,True,False,low,110+52383,29208,34180,36323,mapped_primary_link
corridor-cdc2e7b606214d2d86d4517a5bcc60a1,daily,state_transition,VA644_EB,VA644_EB::110+52383,12,PM,sensor_period,4.071934208764618,1.0000010540928406,0.0732652278957346,0.565770586472129,0.0864776664841882,0.5657711828468536,7,0.9997366037146151,0.7878316346698154,0.0400989627495032,0.5667645358670317,True,False,low,110+52383,29208,34180,36323,mapped_primary_link
corridor-cdc2e7b606214d2d86d4517a5bcc60a1,daily,state_transition,VA644_EB,VA644_EB::110+50132,14,AM,sensor_period,3.00963312573554,1.001269478657041,0.0583114103977536,0.3635225956086393,0.0464197465256503,0.3639840797851167,10,0.9999721079664228,0.0373997087670252,0.0034328390854272,1.142663423073929,False,False,high,110+50132,29191,34175,34174,mapped_primary_link
corridor-cdc2e7b606214d2d86d4517a5bcc60a1,daily,state_transition,VA644_EB,VA644_EB::110+50132,14,MD,sensor_period,6.068888723846099,1.054504678162364,0.000197494604205,4.0,0.1428863231532103,4.218018712649455,3,0.9930372609649254,0.6107639515782366,0.0098338552369088,0.4845752093100743,False,True,low,110+50132,29191,34175,34174,mapped_primary_link
corridor-cdc2e7b606214d2d86d4517a5bcc60a1,daily,state_transition,VA644_EB,VA644_EB::110+50132,14,PM,sensor_period,4.019814661332018,1.0246822403477722,0.1046523146790887,0.1408601847028628,0.0678978682682066,0.1443369296371304,14,0.9949603676706824,-0.0650472583803587,0.1060015240531526,1.7806204763987794,False,False,high,110+50132,29191,34175,34174,mapped_primary_link
corridor-cdc2e7b606214d2d86d4517a5bcc60a1,daily,state_transition,VA644_EB,VA644_EB::110+50131,15,MD,corridor_period,6.091421679743102,1.0096487797153828,0.069273405890297,0.6304419488788157,0.1154210000428931,0.636524944366884,76,0.9992822122932716,0.6021251811844757,0.1698504088828241,2.0237181829100908,False,False,high,110+50131,32333,35304,36345,mapped_primary_link
corridor-cdc2e7b606214d2d86d4517a5bcc60a1,daily,state_transition,VA644_EB,VA644_EB::110+50131,15,PM,sensor_period,4.130695738079012,1.0000003817254703,0.0155326791450169,1.1917052435428417,0.0449120816211762,1.1917056984470862,22,0.9835944268473614,0.1091658510725065,0.2432736900566413,2.304720276112066,True,False,low,110+50131,32333,35304,36345,mapped_primary_link
corridor-cdc2e7b606214d2d86d4517a5bcc60a1,daily,state_transition,VA644_EB,VA644_EB::110+50130,16,AM,corridor_period,3.0250707513863957,1.0090928029583843,0.0558326428588504,0.672256223894292,0.0626706746990169,0.6783689172757104,55,0.9990176370018634,0.5889451278980109,0.1897019735298475,1.845907788557048,False,False,high,110+50130,34773,36332,36346,mapped_primary_link
corridor-cdc2e7b606214d2d86d4517a5bcc60a1,daily,state_transition,VA644_EB,VA644_EB::110+50130,16,MD,corridor_period,6.091421679743102,1.0096487797153828,0.069273405890297,0.6304419488788157,0.1154210000428931,0.636524944366884,76,0.9992822122932716,0.6021251811844757,0.1698504088828241,2.0237181829100908,False,False,high,110+50130,34773,36332,36346,mapped_primary_link
corridor-cdc2e7b606214d2d86d4517a5bcc60a1,daily,state_transition,VA644_EB,VA644_EB::110+50130,16,PM,sensor_period,4.152970033975542,1.0000000000000002,0.7115437664807062,0.0809392603921563,0.4258433307233571,0.0809392603921563,21,0.9844436229947066,-0.0057442062149428,0.3760153407408139,4.101559577106229,True,False,low,110+50130,34773,36332,36346,mapped_primary_link
corridor-cdc2e7b606214d2d86d4517a5bcc60a1,daily,state_transition,VA644_EB,VA644_EB::110+50129,17,AM,sensor_period,3.0765572213579078,1.0000000000000002,0.0684671649597386,0.5415079244552644,0.0671076663704966,0.5415079244552645,5,0.8314557682260724,0.0030717321666954,0.2463248331748423,0.7878524391226084,True,False,low,110+50129,35186,36465,34389,mapped_primary_link
corridor-cdc2e7b606214d2d86d4517a5bcc60a1,daily,state_transition,VA644_EB,VA644_EB::110+50129,17,MD,sensor_period,5.722300358178886,1.0733298905388504,0.2979124729047746,0.05,0.1733668055330967,0.0536664945269425,9,0.9479435547615804,-0.010127169667403,0.2061472697061252,1.039169540092707,False,True,low,110+50129,35186,36465,34389,mapped_primary_link
corridor-cdc2e7b606214d2d86d4517a5bcc60a1,daily,state_transition,VA644_EB,VA644_EB::110+50129,17,PM,sensor_period,4.094987184403713,1.0000000000000002,0.0282026583906985,0.9263785971929018,0.05552216986545,0.926378597192902,8,0.9316529535405724,0.0874016441677389,0.2333753471285179,1.1257833174644325,True,False,low,110+50129,35186,36465,34389,mapped_primary_link
corridor-cdc2e7b606214d2d86d4517a5bcc60a1,daily,state_transition,VA644_EB,VA644_EB::110+50126,20,AM,corridor_period,3.0250707513863957,1.0090928029583843,0.0558326428588504,0.672256223894292,0.0626706746990169,0.6783689172757104,55,0.9990176370018634,0.5889451278980109,0.1897019735298475,1.845907788557048,False,False,high,110+50126,35180,36462,34232,mapped_primary_link
corridor-cdc2e7b606214d2d86d4517a5bcc60a1,daily,state_transition,VA644_EB,VA644_EB::110+50126,20,MD,sensor_period,6.023839912758863,1.0000021244074355,0.1043630000495597,0.0500000000095326,0.0608890157644936,0.0500001062299044,10,0.9999708553646408,-0.0157019382776297,0.0059153848419346,1.0304937613451133,True,True,low,110+50126,35180,36462,34232,mapped_primary_link
corridor-cdc2e7b606214d2d86d4517a5bcc60a1,daily,state_transition,VA644_EB,VA644_EB::110+50125,21,AM,sensor_period,3.0181453693172977,1.000933033653166,0.0768902971495414,0.5978863115834134,0.0793780339979968,0.5984441596328881,7,0.9999889094179438,0.3115360441125721,0.0179607577198109,2.6202088925859863,True,False,low,110+50125,29603,34300,34963,mapped_primary_link
corridor-cdc2e7b606214d2d86d4517a5bcc60a1,daily,state_transition,VA644_EB,VA644_EB::110+50125,21,MD,sensor_period,6.061320007376865,1.0000028794043618,0.1984293625548221,0.1380408380682342,0.1357159525186322,0.1380412355436255,5,0.9998961907305448,0.0914500901660784,0.0396901204833347,0.8994210932136096,True,False,low,110+50125,29603,34300,34963,mapped_primary_link
corridor-cdc2e7b606214d2d86d4517a5bcc60a1,daily,state_transition,VA644_EB,VA644_EB::110+50125,21,PM,sensor_period,4.041555675234791,1.0083109983154348,0.0442725470151936,0.7159623229588361,0.0641799177170897,0.7219126846188618,14,0.987266810462114,0.0073741750974031,0.2967292016469424,2.201430685922668,False,False,high,110+50125,29603,34300,34963,mapped_primary_link
corridor-cdc2e7b606214d2d86d4517a5bcc60a1,daily,state_transition,VA644_EB,VA644_EB::110+50123,23,AM,sensor_period,3.0109844682574867,1.005586707958787,0.1115303995439133,0.3920649762942821,0.0916382587964915,0.3942553288177071,4,0.9999421347248046,0.2932099896895536,0.0365650695027016,1.2590006420263342,False,False,low,110+50123,35271,36493,34257,mapped_primary_link
corridor-cdc2e7b606214d2d86d4517a5bcc60a1,daily,state_transition,VA644_EB,VA644_EB::110+50123,23,MD,sensor_period,6.067624646000448,1.0354771619012095,0.1892213017958605,0.2422241520591167,0.156183372431377,0.2508175775181012,8,0.9982615492171332,0.4245246429943538,0.1616301256158576,0.7524096528709097,False,False,medium,110+50123,35271,36493,34257,mapped_primary_link
corridor-cdc2e7b606214d2d86d4517a5bcc60a1,daily,state_transition,VA644_EB,VA644_EB::110+50123,23,PM,sensor_period,4.053382804856063,1.0099612637127766,0.3331164614924453,0.0500000354728738,0.1905398088201475,0.0504980990118673,15,0.9890432327562816,-0.0112696566918142,0.3341489866906719,1.879501241328894,False,True,low,110+50123,35271,36493,34257,mapped_primary_link
corridor-cdc2e7b606214d2d86d4517a5bcc60a1,daily,state_transition,VA644_EB,VA644_EB::110+50122,24,AM,sensor_period,3.0105082908359613,1.013676532872638,0.1245450759278911,0.2497859746869823,0.0874747692510344,0.2532021807809128,15,0.9981350767806488,0.0190569152711731,0.1393484660384372,1.467985391583151,False,False,high,110+50122,35264,36491,34255,mapped_primary_link
corridor-cdc2e7b606214d2d86d4517a5bcc60a1,daily,state_transition,VA644_EB,VA644_EB::110+50122,24,MD,sensor_period,6.037645186307441,1.0002463765939846,0.1400955405394582,0.1328195655669842,0.0948718857117755,0.1328522891991631,7,0.9999331962448798,-0.031450116991281,0.0183877350814383,1.313878615322353,True,False,low,110+50122,35264,36491,34255,mapped_primary_link
corridor-cdc2e7b606214d2d86d4517a5bcc60a1,daily,state_transition,VA644_EB,VA644_EB::110+50122,24,PM,sensor_period,4.082714120097141,1.0000000000000002,0.2039172050424025,0.0500000041878945,0.116680974857794,0.0500000041878945,20,0.9942226897503956,-0.0166186337745402,0.203622520348078,0.7940847999340117,True,True,low,110+50122,35264,36491,34255,mapped_primary_link
corridor-6400517c10864a07af7594c83d40125e,daily,state_transition,VA644_WB,VA644_WB::110-50122,3,MD,corridor_period,6.074582500526507,1.0180917926429052,0.0312220283943511,0.9863693740354016,0.0986952968297452,1.0042145642197624,55,0.9984036200967712,0.5611198307471454,0.2638830977481745,2.7604369387977385,False,False,high,110-50122,29462,34257,36493,mapped_primary_link
corridor-6400517c10864a07af7594c83d40125e,daily,state_transition,VA644_WB,VA644_WB::110-50122,3,PM,sensor_period,4.264288306743997,1.0000000000000002,0.0012287580484143,2.288054932414432,0.0180962517960475,2.288054932414432,20,0.8822016128840651,0.082450161853766,0.2520299566572802,2.105658370578657,True,False,low,110-50122,29462,34257,36493,mapped_primary_link
corridor-6400517c10864a07af7594c83d40125e,daily,state_transition,VA644_WB,VA644_WB::110-50121,4,AM,sensor_period,3.0113369643278096,1.0000279279842088,0.0709594545652806,0.4587330258101046,0.0627525999591374,0.4587458372988054,7,0.9999529491277904,0.0796445229862194,0.005322268831413,1.09900781604972,True,False,low,110-50121,29454,34255,36491,mapped_primary_link
corridor-6400517c10864a07af7594c83d40125e,daily,state_transition,VA644_WB,VA644_WB::110-50121,4,MD,sensor_period,6.022932700225587,1.0014287440858942,0.0531228535144238,0.5707082119846209,0.078944696334858,0.5715236079672651,10,0.9999938785078418,0.5478728837673523,0.0089335857309683,1.0614379810153094,False,False,high,110-50121,29454,34255,36491,mapped_primary_link
corridor-6400517c10864a07af7594c83d40125e,daily,state_transition,VA644_WB,VA644_WB::110-50121,4,PM,sensor_period,4.012858549855044,1.007531285019153,0.0558683747032395,0.5942951192427727,0.06804472195513,0.5987709251712815,19,0.9988133706489808,0.2261454427776742,0.0973625989677667,1.4072751287059933,False,False,high,110-50121,29454,34255,36491,mapped_primary_link
corridor-6400517c10864a07af7594c83d40125e,daily,state_transition,VA644_WB,VA644_WB::110-50124,5,AM,sensor_period,3.036110731682708,1.0110796402693845,0.1006508734832507,0.195102838298197,0.0666680588641063,0.1972645075620769,10,0.9991363500531362,-0.0183599846390487,0.0240998877438455,1.3968981259942344,False,False,high,110-50124,29381,34234,36455,mapped_primary_link
corridor-6400517c10864a07af7594c83d40125e,daily,state_transition,VA644_WB,VA644_WB::110-50124,5,MD,sensor_period,6.030023706271587,1.0021758916172656,0.069742059673903,0.1559493064170146,0.0492247712864472,0.1562886352055658,4,0.999979551817779,0.071622421134644,0.0052036397166338,0.3286589893810671,False,False,low,110-50124,29381,34234,36455,mapped_primary_link
corridor-6400517c10864a07af7594c83d40125e,daily,state_transition,VA644_WB,VA644_WB::110-50124,5,PM,sensor_period,4.049796777459244,1.000000000777652,0.1347212903008615,0.1125243416353625,0.084098061638799,0.1125243417228673,14,0.9978443910139296,-0.0881438621416148,0.0813682925262967,4.601177185422401,True,False,low,110-50124,29381,34234,36455,mapped_primary_link
corridor-6400517c10864a07af7594c83d40125e,daily,state_transition,VA644_WB,VA644_WB::110-50125,8,AM,sensor_period,3.0530786931551512,1.0000000000168892,0.2046526197171528,0.145123239227022,0.1283402215815621,0.1451232392294731,19,0.9492391344796048,0.0207980611944019,0.1099664319815526,1.469611757708856,True,False,low,110-50125,29376,34232,36462,mapped_primary_link
corridor-6400517c10864a07af7594c83d40125e,daily,state_transition,VA644_WB,VA644_WB::110-50125,8,MD,sensor_period,6.059459363739013,1.0000007744582051,0.2417926397574496,0.0500000003924787,0.1411118542907693,0.0500000391153893,10,0.999586945482291,-0.0507572605588708,0.0226372648752605,0.901241012389032,True,True,low,110-50125,29376,34232,36462,mapped_primary_link
corridor-6400517c10864a07af7594c83d40125e,daily,state_transition,VA644_WB,VA644_WB::110-50125,8,PM,sensor_period,4.052358122374124,1.0000000000000002,0.0618164527613052,0.8973653969065877,0.1157280874598641,0.8973653969065879,9,0.9989688004399688,0.3703914253234519,0.0331606382009968,1.156624339515706,True,False,low,110-50125,29376,34232,36462,mapped_primary_link
corridor-6400517c10864a07af7594c83d40125e,daily,state_transition,VA644_WB,VA644_WB::110-50128,9,AM,sensor_period,3.018480842219205,1.001196136526573,0.117299842932862,0.2978114266301148,0.0869325929337127,0.2981676497555379,10,0.999994286877228,0.4750987197465967,0.0139091405403522,1.0035632064544264,False,False,high,110-50128,34759,36328,34389,mapped_primary_link
corridor-6400517c10864a07af7594c83d40125e,daily,state_transition,VA644_WB,VA644_WB::110-50128,9,MD,sensor_period,5.9519379945349495,1.0372406632646003,0.2251236762900095,0.05,0.1312661718743363,0.05186203316323,8,0.987866761443601,-0.0529224095231493,0.2972091761251705,1.2749180624165868,False,True,low,110-50128,34759,36328,34389,mapped_primary_link
corridor-6400517c10864a07af7594c83d40125e,daily,state_transition,VA644_WB,VA644_WB::110-50128,9,PM,sensor_period,4.012325985234125,1.006459703428242,0.0863242279343798,0.3928360334369513,0.0794634112287343,0.3953736377088809,8,0.9946795394030402,0.0954620834827231,0.1695834435905,0.9295839239984592,False,False,medium,110-50128,34759,36328,34389,mapped_primary_link
corridor-6400517c10864a07af7594c83d40125e,daily,state_transition,VA644_WB,VA644_WB::110-50127,10,PM,corridor_period,4.023286903182643,1.0198254082707583,0.0401584275714848,0.9038428923759588,0.0753740185497314,0.9217619467299352,144,0.9979007581231608,0.411509922332492,0.2889579515035357,3.6919630359781697,False,False,high,110-50127,34744,36323,34180,mapped_primary_link
corridor-6400517c10864a07af7594c83d40125e,daily,state_transition,VA644_WB,VA644_WB::110-50129,11,AM,sensor_period,3.0129437013989846,1.003097747160934,0.0646125643617558,0.6187635368923926,0.0681864187644148,0.6206803098820906,6,0.9999402168706116,0.4482079990787422,0.0405927641799535,1.7461900256723195,False,False,medium,110-50129,34820,36346,36332,mapped_primary_link
corridor-6400517c10864a07af7594c83d40125e,daily,state_transition,VA644_WB,VA644_WB::110-50129,11,MD,sensor_period,6.058046791895502,1.0001362150125148,0.3140158370758161,0.05,0.1832596745400734,0.0500068107506257,4,0.9999367922649736,-0.1657882687707992,0.0236221460875388,0.6583837961521396,True,True,low,110-50129,34820,36346,36332,mapped_primary_link
corridor-6400517c10864a07af7594c83d40125e,daily,state_transition,VA644_WB,VA644_WB::110-50129,11,PM,sensor_period,4.045689540970119,1.0022239823615224,0.0320535114411632,0.8657028431898922,0.0573257202206977,0.8676281510434664,14,0.9969938987208654,0.3372656576268628,0.1869177860564028,1.8934162894573576,False,False,high,110-50129,34820,36346,36332,mapped_primary_link
corridor-6400517c10864a07af7594c83d40125e,daily,state_transition,VA644_WB,VA644_WB::110-50131,12,AM,sensor_period,3.0088125576449576,1.0035370242773158,0.029518624187642,0.9356159546605411,0.0441254308444837,0.9389252510064195,11,0.9999722746340908,0.4874091315202934,0.0037843035641325,0.5197389822090843,False,False,high,110-50131,29186,34174,34175,mapped_primary_link
corridor-6400517c10864a07af7594c83d40125e,daily,state_transition,VA644_WB,VA644_WB::110-50131,12,MD,sensor_period,6.015329628060625,1.0012393486814608,0.0075927234570982,1.6818016816444492,0.0827858536406821,1.683886020341074,3,0.9999999380503322,0.9872620422897268,0.000438031834191,0.1607947151770197,False,False,low,110-50131,29186,34174,34175,mapped_primary_link
corridor-6400517c10864a07af7594c83d40125e,daily,state_transition,VA644_WB,VA644_WB::110-50131,12,PM,sensor_period,4.008936037380422,1.00025537521907,0.0879346163542812,0.0500000000009021,0.0502701356869079,0.0500127687618558,18,0.9999528193485928,-0.0182336458707481,0.0068482489750401,1.2436547386996557,True,True,low,110-50131,29186,34174,34175,mapped_primary_link
corridor-6400517c10864a07af7594c83d40125e,daily,state_transition,VA644_WB,VA644_WB::110-50130,13,AM,sensor_period,3.061202466927418,1.000000050447566,0.0660495898921328,0.6977600519910881,0.0768962070726511,0.6977600871913845,3,0.99946818973334,0.4417548545011326,0.0330630541259321,0.4169829188964225,True,False,low,110-50130,34817,36345,35304,mapped_primary_link
corridor-6400517c10864a07af7594c83d40125e,daily,state_transition,VA644_WB,VA644_WB::110-50130,13,MD,sensor_period,5.049426178641973,1.1947644474730612,4.5399929762484935e-05,3.172622491561757,0.0041226397061707,3.7905365581713895,4,0.8723640419100636,0.5365499746742375,0.2752886668860521,1.7632732919458782,False,False,low,110-50130,34817,36345,35304,mapped_primary_link
corridor-6400517c10864a07af7594c83d40125e,daily,state_transition,VA644_WB,VA644_WB::110-50130,13,PM,sensor_period,4.112103139887698,1.0000000000000002,0.3878648773934897,0.0500001233017343,0.22201507173616,0.0500001233017343,16,0.9861940223810834,-0.0245275430429463,0.2941083268432213,2.2787611147545603,True,True,low,110-50130,34817,36345,35304,mapped_primary_link
corridor-6400517c10864a07af7594c83d40125e,daily,state_transition,VA644_WB,VA644_WB::110N50126,20,MD,sensor_period,6.239396774515859,1.0000000000112168,0.5408821515632009,0.0500000011726132,0.3161247577695068,0.0500000011731741,3,0.978140050623546,-0.0008636437548077,0.2613662981361952,1.6423000909105394,True,True,low,110N50126,31913,35116,34230,mapped_primary_link
corridor-6400517c10864a07af7594c83d40125e,daily,state_transition,VA644_WB,VA644_WB::110N50126,20,PM,sensor_period,4.029600198243305,1.016453676298575,0.0546313066182066,0.977831138278796,0.1138372264929617,0.9939200553027022,17,0.997931606772142,0.0997721874837611,0.0683896574063376,4.639925794624233,False,False,high,110N50126,31913,35116,34230,mapped_primary_link
corridor-6400517c10864a07af7594c83d40125e,daily,state_transition,VA644_WB,VA644_WB::110-52382,23,AM,corridor_period,3.028532502700411,1.0019592555077537,0.0705954357035611,0.6038132543108046,0.0735105640590869,0.6049962787549676,67,0.9997204805046443,0.4411732663063995,0.0914940976180539,1.9954110792444333,False,False,high,110-52382,29225,34186,36323,mapped_primary_link
corridor-6400517c10864a07af7594c83d40125e,daily,state_transition,VA644_WB,VA644_WB::110-52382,23,MD,sensor_period,5.818547557331108,1.0655776444457754,0.0247928586307795,1.129895922300285,0.0967133031975539,1.2039918353536243,7,0.9812092864729434,0.2449703551097171,0.2498239635949589,1.5198965819267627,False,False,medium,110-52382,29225,34186,36323,mapped_primary_link
corridor-6400517c10864a07af7594c83d40125e,daily,state_transition,VA644_WB,VA644_WB::110-52382,23,PM,sensor_period,4.190424722078879,1.0000000076181847,0.7319005286685877,0.0500000000000044,0.4193374896342207,0.0500000003809136,8,0.9836468672617646,-0.0360566734894391,0.2452721921998818,1.2576233925518356,True,True,low,110-52382,29225,34186,36323,mapped_primary_link
corridor-d2e3eed41bd64104ba88398fa20f11a5,daily,state_transition,VA645_NB,VA645_NB::110P57920,10,MD,sensor_period,6.795578657061284,1.000050250769911,0.052685286876327,0.9967017316329786,0.1897446828416508,0.9967518166623648,3,,-0.0068637492524457,0.0733733805164068,1.3062278933950209,True,False,low,110P57920,31076,34739,34652,mapped_primary_link
corridor-d2e3eed41bd64104ba88398fa20f11a5,daily,state_transition,VA645_NB,VA645_NB::110P57920,10,PM,sensor_period,4.458406724174492,1.0000000000000002,0.9888953094916034,0.0500000000002688,0.5683397463914431,0.0500000000002688,9,0.6613869891239232,-0.0383212629689524,0.3657499710646041,2.0141520156459545,True,True,low,110P57920,31076,34739,34652,mapped_primary_link
corridor-d2e3eed41bd64104ba88398fa20f11a5,daily,state_transition,VA645_NB,VA645_NB::110+57903,11,MD,sensor_period,6.641524499466652,1.0000000000000002,0.0489799448574388,0.999838220735496,0.1734410016293998,0.9998382207354964,3,,-3.65072101438102e-08,0.3450089215688886,0.0262466933924689,True,False,low,110+57903,29564,34288,34387,mapped_primary_link
corridor-d2e3eed41bd64104ba88398fa20f11a5,daily,state_transition,VA645_NB,VA645_NB::110+57903,11,PM,sensor_period,4.511678864025527,1.0000000000000002,0.0548363247833737,0.99790992320071,0.1315338797645194,0.9979099232007104,20,,-0.0004805327593624,0.4348232360481166,0.7769613525625402,True,False,low,110+57903,29564,34288,34387,mapped_primary_link
corridor-d2e3eed41bd64104ba88398fa20f11a5,daily,state_transition,VA645_NB,VA645_NB::110+57907,12,AM,sensor_period,3.024038703395291,1.0006756028855015,0.1282676378010861,0.3500634664625462,0.1007747888146184,0.3502999703505969,5,0.999892315248513,0.0530264504103238,0.0105826339607186,1.3525452505088802,True,False,low,110+57907,29497,34267,36499,mapped_primary_link
corridor-d2e3eed41bd64104ba88398fa20f11a5,daily,state_transition,VA645_NB,VA645_NB::110+57907,12,PM,sensor_period,4.138814060670565,1.000000002551108,0.5122206241545149,0.0500000000002926,0.2932915729590631,0.050000000127848,23,0.9905950110948418,-0.0300312061674272,0.1730111093029683,2.913951118494858,True,True,low,110+57907,29497,34267,36499,mapped_primary_link
corridor-d2e3eed41bd64104ba88398fa20f11a5,daily,state_transition,VA645_NB,VA645_NB::110+57905,14,AM,sensor_period,3.054699321160156,1.000000051705458,0.2542192243392606,0.0500000000000021,0.1433690939527283,0.050000002585275,14,0.9981548887273918,-0.0043662085120352,0.1348982119933835,0.7084379694455676,True,True,low,110+57905,35278,36495,34955,mapped_primary_link
corridor-d2e3eed41bd64104ba88398fa20f11a5,daily,state_transition,VA645_NB,VA645_NB::110+57905,14,MD,sensor_period,6.639448131737044,1.152985021384471,0.018141663561364,1.341790275993347,0.1226886919596313,1.5470640900596646,3,0.9709435670311292,0.0276995223326872,0.1594502394095472,2.248695686584947,False,False,low,110+57905,35278,36495,34955,mapped_primary_link
corridor-d2e3eed41bd64104ba88398fa20f11a5,daily,state_transition,VA645_NB,VA645_NB::110+57905,14,PM,sensor_period,4.080058602046924,1.0000000000000002,0.4185484329446272,0.05,0.2394846974911847,0.0500000000000001,19,0.9991541952427324,0.0045912827332929,0.0814101854946535,2.284428136452425,True,True,low,110+57905,35278,36495,34955,mapped_primary_link
corridor-d2e3eed41bd64104ba88398fa20f11a5,daily,state_transition,VA645_NB,VA645_NB::110+57904,15,AM,sensor_period,3.219739456649896,1.100922347850227,0.3008093954080557,0.0500000000000001,0.1700909321440052,0.0550461173925115,10,0.9933584882974236,-0.0047586782588389,0.0624983125378421,2.572560025736958,False,True,low,110+57904,34495,36243,34264,mapped_primary_link
corridor-d2e3eed41bd64104ba88398fa20f11a5,daily,state_transition,VA645_NB,VA645_NB::110+57904,15,MD,sensor_period,6.081524990563168,1.000000025602005,0.2488052557459623,0.2132468657467668,0.195005331598784,0.2132468712063141,6,0.9997350539628695,0.1186018247422182,0.0266582547724154,2.2083340731821663,True,False,low,110+57904,34495,36243,34264,mapped_primary_link
corridor-d2e3eed41bd64104ba88398fa20f11a5,daily,state_transition,VA645_NB,VA645_NB::110+57904,15,PM,sensor_period,4.0931920479429404,1.000000405469764,0.0554302386458856,1.2152668407809597,0.1638944613815366,1.215267333534919,12,0.9808079578373066,0.2483080083397888,0.1593407432027244,3.443119243162855,True,False,low,110+57904,34495,36243,34264,mapped_primary_link
corridor-d2e3eed41bd64104ba88398fa20f11a5,daily,state_transition,VA645_NB,VA645_NB::110+57909,16,AM,corridor_period,3.050978779420857,1.0066957005418866,0.1154778628184172,0.5380259970757677,0.1122375924279254,0.541628458035937,92,0.9991927706037588,0.4307780118070133,0.2425491391496508,3.4370450326009427,False,False,high,110+57909,35307,36505,36508,mapped_primary_link
corridor-d2e3eed41bd64104ba88398fa20f11a5,daily,state_transition,VA645_NB,VA645_NB::110+57909,16,MD,sensor_period,6.023100204395328,1.0014483220155153,0.0564533491242763,0.3748309558303989,0.0590186333752943,0.3753738317558247,5,0.9999744879716174,0.3671678249780276,0.0042709601137917,0.3679890761149046,False,False,medium,110+57909,35307,36505,36508,mapped_primary_link
corridor-d2e3eed41bd64104ba88398fa20f11a5,daily,state_transition,VA645_NB,VA645_NB::110+57909,16,PM,sensor_period,4.008195302332353,1.0009679411147048,0.0640112853463117,0.2900549593719574,0.0510673811941143,0.2903357154926576,15,0.9999683320362212,0.0328125441164427,0.0060927736601745,1.0532443234861697,True,False,low,110+57909,35307,36505,36508,mapped_primary_link
corridor-d2e3eed41bd64104ba88398fa20f11a5,daily,state_transition,VA645_NB,VA645_NB::110+57908,17,AM,sensor_period,3.012656678093192,1.0033097183170567,0.032590719802035,1.0793055806106082,0.0571512458649833,1.0828777780604566,7,0.9999818035264209,0.7626866431289886,0.0056676579127788,0.705587956201769,False,False,medium,110+57908,29513,34272,34273,mapped_primary_link
corridor-d2e3eed41bd64104ba88398fa20f11a5,daily,state_transition,VA645_NB,VA645_NB::110+57908,17,MD,sensor_period,6.18959958862564,1.0192213637850045,0.0769787458492863,0.3224241682823013,0.0738959607613155,0.3286216005139329,6,0.9959480093085668,0.22608688287839,0.1727257606927481,1.0650305439876386,False,False,medium,110+57908,29513,34272,34273,mapped_primary_link
corridor-d2e3eed41bd64104ba88398fa20f11a5,daily,state_transition,VA645_NB,VA645_NB::110+57908,17,PM,sensor_period,4.038990277064395,1.00000000004997,0.141903931538272,0.0500000426920507,0.0811534191539132,0.0500000426945492,15,0.9930761348239108,-0.0016926514850859,0.1287886007707916,1.2316409017182637,True,True,low,110+57908,29513,34272,34273,mapped_primary_link
corridor-d2e3eed41bd64104ba88398fa20f11a5,daily,state_transition,VA645_NB,VA645_NB::110+57910,18,AM,sensor_period,3.081693655183616,1.0000000000000002,0.1066876732031984,0.4939151476697161,0.099204984102342,0.4939151476697163,13,0.9669231768014864,-0.0259365415721,0.3528150491417777,2.6658590503291517,True,False,low,110+57910,29548,34283,34282,mapped_primary_link
corridor-d2e3eed41bd64104ba88398fa20f11a5,daily,state_transition,VA645_NB,VA645_NB::110+57910,18,MD,corridor_period,6.210636303059403,1.0295809216237517,0.0373129406512591,1.00397501838874,0.1244936022190281,1.0336735247199016,47,0.9966659628135488,0.6720416261345313,0.4384431246978512,2.8738415436064138,False,False,high,110+57910,29548,34283,34282,mapped_primary_link
corridor-d2e3eed41bd64104ba88398fa20f11a5,daily,state_transition,VA645_NB,VA645_NB::110+57910,18,PM,sensor_period,3.9512403586760896,1.0173120999010166,0.0176958778526893,0.8994695813755481,0.0324798807086256,0.9150412886262472,6,0.9946389856151848,0.2981150642316733,0.194222950093835,0.9424334433604616,False,False,medium,110+57910,29548,34283,34282,mapped_primary_link
corridor-d2e3eed41bd64104ba88398fa20f11a5,daily,state_transition,VA645_NB,VA645_NB::110+57918,23,AM,corridor_period,3.050978779420857,1.0066957005418866,0.1154778628184172,0.5380259970757677,0.1122375924279254,0.541628458035937,92,0.9991927706037588,0.4307780118070133,0.2425491391496508,3.4370450326009427,False,False,high,110+57918,35756,36673,36586,mapped_primary_link
corridor-d2e3eed41bd64104ba88398fa20f11a5,daily,state_transition,VA645_NB,VA645_NB::110+57918,23,MD,sensor_period,6.041938216444509,1.000000157693142,0.1233700385472696,0.3975111565103069,0.1345038497563278,0.3975112191950902,3,0.9999936365753088,0.3797060747606224,0.0075852465296029,1.786884464092452,True,False,low,110+57918,35756,36673,36586,mapped_primary_link
corridor-d2e3eed41bd64104ba88398fa20f11a5,daily,state_transition,VA645_NB,VA645_NB::110+57918,23,PM,sensor_period,4.035901352121356,1.0000000267208795,0.1388810933143358,0.0500000000005717,0.0794216456894701,0.0500000013366157,5,0.9999008878433024,-0.0892138657017258,0.0183165130530237,2.665248178354928,True,True,low,110+57918,35756,36673,36586,mapped_primary_link
corridor-d2e3eed41bd64104ba88398fa20f11a5,daily,state_transition,VA645_NB,VA645_NB::110+57917,24,MD,sensor_period,6.061465465752476,1.0000011764520194,0.0493346249927626,0.05,0.0287925043447763,0.050000058822601,4,0.9997718132660908,-0.1416097778057723,0.0090062896394289,1.3632281107666682,True,True,low,110+57917,35567,36589,34680,mapped_primary_link
corridor-d2e3eed41bd64104ba88398fa20f11a5,daily,state_transition,VA645_NB,VA645_NB::110+57917,24,PM,corridor_period,4.030196265370131,1.0379747991985544,0.0383391027303443,1.0492613825551118,0.0882645017839314,1.0891068728644395,151,0.99328104763628,0.3996498141588827,0.6416110325223481,4.161593218507923,False,False,high,110+57917,35567,36589,34680,mapped_primary_link
corridor-d2e3eed41bd64104ba88398fa20f11a5,daily,state_transition,VA645_NB,VA645_NB::110+57916,25,AM,sensor_period,3.0145434747903783,1.0001652960793272,0.0911510834081207,0.5150588979924697,0.0858198768770094,0.5151440352089305,6,0.9999655410859876,0.2422615209987063,0.0046214010589042,0.972457947896196,True,False,low,110+57916,35412,36539,34347,mapped_primary_link
corridor-d2e3eed41bd64104ba88398fa20f11a5,daily,state_transition,VA645_NB,VA645_NB::110+57916,25,MD,sensor_period,6.052809544870139,1.0052538228779573,0.0316286508739971,1.027498716814206,0.1072850526041791,1.0328970130796762,11,0.999346470853068,0.4123552708044434,0.0590970825191195,2.3939003725054158,False,False,high,110+57916,35412,36539,34347,mapped_primary_link
corridor-d2e3eed41bd64104ba88398fa20f11a5,daily,state_transition,VA645_NB,VA645_NB::110+57916,25,PM,sensor_period,4.018628092591866,1.0030588551961277,0.0399236614256912,1.0102775476413048,0.0867991248111907,1.0133678403674389,7,0.999895991654726,0.3923319974817524,0.0082576718712527,0.894879710628283,False,False,medium,110+57916,35412,36539,34347,mapped_primary_link
corridor-d2e3eed41bd64104ba88398fa20f11a5,daily,state_transition,VA645_NB,VA645_NB::110+57919,27,AM,sensor_period,3.0232153703554268,1.0000024925124251,0.1302317071160539,0.05,0.073407243409166,0.0500001246256212,5,0.999873948244416,-0.0548271522637719,0.0059937259147734,0.5924419009091582,True,True,low,110+57919,30786,34651,36582,mapped_primary_link
corridor-d2e3eed41bd64104ba88398fa20f11a5,daily,state_transition,VA645_NB,VA645_NB::110+57919,27,PM,corridor_period,4.030196265370131,1.0379747991985544,0.0383391027303443,1.0492613825551118,0.0882645017839314,1.0891068728644395,151,0.99328104763628,0.3996498141588827,0.6416110325223481,4.161593218507923,False,False,high,110+57919,30786,34651,36582,mapped_primary_link
corridor-d2e3eed41bd64104ba88398fa20f11a5,daily,state_transition,VA645_NB,VA645_NB::110+57921,28,AM,sensor_period,3.046663824516493,1.0000000000000002,0.2613994899465623,0.0500000000009181,0.1473990520693109,0.0500000000009182,11,0.9990733870912568,-0.0665299830664336,0.2018233836676949,2.577981924338389,True,True,low,110+57921,33281,35845,36653,mapped_primary_link
corridor-d2e3eed41bd64104ba88398fa20f11a5,daily,state_transition,VA645_NB,VA645_NB::110+57921,28,MD,corridor_period,6.210636303059403,1.0295809216237517,0.0373129406512591,1.00397501838874,0.1244936022190281,1.0336735247199016,47,0.9966659628135488,0.6720416261345313,0.4384431246978512,2.8738415436064138,False,False,high,110+57921,33281,35845,36653,mapped_primary_link
corridor-d2e3eed41bd64104ba88398fa20f11a5,daily,state_transition,VA645_NB,VA645_NB::110+57921,28,PM,sensor_period,4.027033049558104,1.0111190417552405,0.1466828245525809,0.2544493036304736,0.111510574537714,0.2572785360621327,9,0.998044315476372,0.3333885404195305,0.2970593005872271,1.0624044575646363,False,False,medium,110+57921,33281,35845,36653,mapped_primary_link
corridor-d2e3eed41bd64104ba88398fa20f11a5,daily,state_transition,VA645_NB,VA645_NB::110+57920,29,AM,sensor_period,3.132727553969305,1.0000000000000009,0.8274779284682969,0.0500000066025498,0.4672521206352489,0.0500000066025499,18,0.9968583440216298,-0.0105066204461572,0.2552366106975469,2.090993572332542,True,True,low,110+57920,30808,34657,34739,mapped_primary_link
corridor-d2e3eed41bd64104ba88398fa20f11a5,daily,state_transition,VA645_NB,VA645_NB::110+57920,29,PM,sensor_period,4.091847545656195,1.0026597966447466,0.4676574735462528,0.0500000000269049,0.2676224728455917,0.0501329898592138,8,0.9912167658244362,-0.0290771699719545,0.3160300290139211,2.720910659604734,False,True,low,110+57920,30808,34657,34739,mapped_primary_link
corridor-3082fc2395fd453da5bfe89957f9523a,daily,state_transition,VA645_SB,VA645_SB::110-57906,10,AM,sensor_period,3.0166720117451926,1.0034679659337091,0.0640801776385141,0.1948014284153248,0.0423774863449748,0.195476993132907,10,0.9998032973298148,-0.1743038243995758,0.0146635809523541,3.0547647578878907,False,False,high,110-57906,35288,36499,34267,mapped_primary_link
corridor-3082fc2395fd453da5bfe89957f9523a,daily,state_transition,VA645_SB,VA645_SB::110-57906,10,MD,corridor_period,6.115224226123822,1.008232587248111,0.0402561426624145,0.7458670450298927,0.082868593711303,0.752007460553592,66,0.998712675876538,0.2682014820499888,0.2202863916767702,3.3541481017450714,False,False,high,110-57906,35288,36499,34267,mapped_primary_link
corridor-3082fc2395fd453da5bfe89957f9523a,daily,state_transition,VA645_SB,VA645_SB::110-57906,10,PM,sensor_period,4.207817371566539,1.1098878428645906,0.0759876845209305,0.0500000000008107,0.0435456505463613,0.0554943921441294,10,0.9710605960582692,-0.0060771811877824,0.1132421007032253,0.5133300215144048,False,True,low,110-57906,35288,36499,34267,mapped_primary_link
corridor-3082fc2395fd453da5bfe89957f9523a,daily,state_transition,VA645_SB,VA645_SB::110-57907,11,AM,sensor_period,3.009926490149081,1.0464060789145877,0.0329976415245464,0.8313054751631259,0.0439853203139911,0.8698831026456746,10,0.9865915567327884,0.5426947807604259,0.1278012517734937,0.5997391248866605,False,False,high,110-57907,29514,34273,34272,mapped_primary_link
corridor-3082fc2395fd453da5bfe89957f9523a,daily,state_transition,VA645_SB,VA645_SB::110-57907,11,MD,sensor_period,6.102153826034572,1.0000000118283188,0.0401160794131167,0.6978714434784018,0.075593328933113,0.6978714517330477,14,0.9965043611072076,0.6203647663840166,0.1900881159367806,1.01865031370876,True,False,low,110-57907,29514,34273,34272,mapped_primary_link
corridor-3082fc2395fd453da5bfe89957f9523a,daily,state_transition,VA645_SB,VA645_SB::110-57907,11,PM,sensor_period,4.047836021166223,1.0011886527869378,0.0578559718987939,0.4218002008805822,0.0556510890043304,0.4223015748648898,14,0.9968951793789568,0.4876398942900608,0.1747408547481408,0.5739781757857302,False,False,high,110-57907,29514,34273,34272,mapped_primary_link
corridor-3082fc2395fd453da5bfe89957f9523a,daily,state_transition,VA645_SB,VA645_SB::110-57908,12,AM,sensor_period,3.012504277450309,1.0056127560141348,0.0272412997613777,1.5929573236537815,0.08416623417703,1.6018982044523795,5,0.9999719758432188,0.482554601880534,0.0041851042983685,1.850480959940106,False,False,medium,110-57908,35316,36508,36505,mapped_primary_link
corridor-3082fc2395fd453da5bfe89957f9523a,daily,state_transition,VA645_SB,VA645_SB::110-57908,12,MD,sensor_period,6.01795478313161,1.000188957541753,0.0648039181641327,0.2770159953006182,0.0568224311747141,0.2770683395621165,6,0.9999849952373088,-0.1215664708029082,0.0041338550421596,1.5590620362372234,True,False,low,110-57908,35316,36508,36505,mapped_primary_link
corridor-3082fc2395fd453da5bfe89957f9523a,daily,state_transition,VA645_SB,VA645_SB::110-57908,12,PM,sensor_period,4.008071193651862,1.0000016372706408,0.0759551030734248,0.1077759904396734,0.047047618867282,0.1077761668981383,5,0.9999985700221378,0.0173417162822139,0.0018679255830314,0.9016805865434212,True,False,low,110-57908,35316,36508,36505,mapped_primary_link
corridor-3082fc2395fd453da5bfe89957f9523a,daily,state_transition,VA645_SB,VA645_SB::110-57909,13,AM,corridor_period,3.062754144244451,1.004100868278804,0.0531721903019964,0.9124479594166774,0.0787472334452607,0.9161897883095088,74,0.9976970521269668,0.0119233082392371,0.1813872323352093,4.507359503332941,False,False,high,110-57909,29544,34282,34283,mapped_primary_link
corridor-3082fc2395fd453da5bfe89957f9523a,daily,state_transition,VA645_SB,VA645_SB::110-57909,13,MD,sensor_period,6.16377520003819,1.0000000000000002,0.2368569302081666,0.0500000000000007,0.1383493629742454,0.0500000000000007,7,0.9351298667099628,-0.1133024036419891,0.3629408863532905,3.193125515407909,True,True,low,110-57909,29544,34282,34283,mapped_primary_link
corridor-3082fc2395fd453da5bfe89957f9523a,daily,state_transition,VA645_SB,VA645_SB::110-57909,13,PM,corridor_period,4.077878247618584,1.0004804362683193,0.0535973764002888,0.7792238445906874,0.0854687173441504,0.7795982119867679,134,0.9977666913529176,-0.0429000118043048,0.1665322662053686,5.534234825598963,True,False,low,110-57909,29544,34282,34283,mapped_primary_link
corridor-3082fc2395fd453da5bfe89957f9523a,daily,state_transition,VA645_SB,VA645_SB::110-57915,16,AM,corridor_period,3.062754144244451,1.004100868278804,0.0531721903019964,0.9124479594166774,0.0787472334452607,0.9161897883095088,74,0.9976970521269668,0.0119233082392371,0.1813872323352093,4.507359503332941,False,False,high,110-57915,29761,34347,36539,mapped_primary_link
corridor-3082fc2395fd453da5bfe89957f9523a,daily,state_transition,VA645_SB,VA645_SB::110-57915,16,PM,sensor_period,4.015482521434811,1.0016253237591408,0.0439837705625938,0.6854784913784902,0.0608331660870949,0.6865926158569076,8,0.9999958794148556,0.45276812421902,0.0030738205815822,0.6339888112270828,False,False,medium,110-57915,29761,34347,36539,mapped_primary_link
corridor-3082fc2395fd453da5bfe89957f9523a,daily,state_transition,VA645_SB,VA645_SB::110-57916,17,AM,corridor_period,3.062754144244451,1.004100868278804,0.0531721903019964,0.9124479594166774,0.0787472334452607,0.9161897883095088,74,0.9976970521269668,0.0119233082392371,0.1813872323352093,4.507359503332941,False,False,high,110-57916,30878,34680,36589,mapped_primary_link
corridor-3082fc2395fd453da5bfe89957f9523a,daily,state_transition,VA645_SB,VA645_SB::110-57916,17,MD,sensor_period,6.120264175663873,1.0159636960956684,0.0326770358428609,0.9568369407773054,0.0986397910289238,0.9721115949129834,11,0.9973784809350192,0.5449906923466357,0.1944521047948705,3.1503010620707497,False,False,high,110-57916,30878,34680,36589,mapped_primary_link
corridor-3082fc2395fd453da5bfe89957f9523a,daily,state_transition,VA645_SB,VA645_SB::110-57916,17,PM,sensor_period,4.044615614734347,1.0124459607361926,0.1611352812052152,0.0912221158636944,0.097622516006071,0.0923574627360064,13,0.9962817233405604,-0.0382716139865519,0.1230330292328649,4.322881019861635,False,False,high,110-57916,30878,34680,36589,mapped_primary_link
corridor-3082fc2395fd453da5bfe89957f9523a,daily,state_transition,VA645_SB,VA645_SB::110-57911,19,AM,corridor_period,3.062754144244451,1.004100868278804,0.0531721903019964,0.9124479594166774,0.0787472334452607,0.9161897883095088,74,0.9976970521269668,0.0119233082392371,0.1813872323352093,4.507359503332941,False,False,high,110-57911,29710,34332,36521,mapped_primary_link
corridor-3082fc2395fd453da5bfe89957f9523a,daily,state_transition,VA645_SB,VA645_SB::110-57911,19,PM,sensor_period,4.5545979283499145,1.1100957901089004,0.1196158674333769,1.9846214620212863,1.2928901046257937,2.203119929949601,12,0.9645931032320932,0.6798068027734887,0.1464164250603174,2.3831682430002057,False,False,high,110-57911,29710,34332,36521,mapped_primary_link
corridor-3082fc2395fd453da5bfe89957f9523a,daily,state_transition,VA645_SB,VA645_SB::110-57902,21,MD,sensor_period,5.124876237811666,1.1467116206578212,0.0011487587756718,1.9222782196064303,0.014172174071292,2.204298772560121,3,0.8825565209865842,0.1242080606264951,0.2248687224871401,1.0422820077320696,False,False,low,110-57902,29904,34387,34288,mapped_primary_link
corridor-3082fc2395fd453da5bfe89957f9523a,daily,state_transition,VA645_SB,VA645_SB::110-57902,21,PM,corridor_period,4.077878247618584,1.0004804362683193,0.0535973764002888,0.7792238445906874,0.0854687173441504,0.7795982119867679,134,0.9977666913529176,-0.0429000118043048,0.1665322662053686,5.534234825598963,True,False,low,110-57902,29904,34387,34288,mapped_primary_link
corridor-3082fc2395fd453da5bfe89957f9523a,daily,state_transition,VA645_SB,VA645_SB::110-57903,22,AM,sensor_period,3.141963063014478,1.0000000000479234,0.4714887199392353,0.1682569863972343,0.3048790548801453,0.1682569864052978,11,0.970954056137014,-0.0035902200702497,0.1398713820301333,2.12919292935732,True,False,low,110-57903,29485,34264,36243,mapped_primary_link
corridor-3082fc2395fd453da5bfe89957f9523a,daily,state_transition,VA645_SB,VA645_SB::110-57903,22,MD,sensor_period,6.038525699907539,1.002239994985363,0.0693623606931555,0.5805509985295069,0.1050734079355951,0.5818514298549606,8,0.9999566426488916,0.2287348977069908,0.0153860145393761,2.594115928427269,False,False,medium,110-57903,29485,34264,36243,mapped_primary_link
corridor-3082fc2395fd453da5bfe89957f9523a,daily,state_transition,VA645_SB,VA645_SB::110-57903,22,PM,sensor_period,4.018365217521739,1.001782102435559,0.0886430131991544,0.3683484435128403,0.0789121537647018,0.369004878171159,10,0.9999082499282156,0.169459198711542,0.0105364883551984,1.5705119167249937,False,False,high,110-57903,29485,34264,36243,mapped_primary_link
corridor-3082fc2395fd453da5bfe89957f9523a,daily,state_transition,VA645_SB,VA645_SB::110-57904,23,AM,sensor_period,3.145438408845783,1.0000000000000002,0.5145012539563986,0.050000000000028,0.2905823453952672,0.050000000000028,7,0.9939577279133016,-0.0214330814753931,0.3995912980468459,3.165211161932798,True,True,low,110-57904,31501,34955,36495,mapped_primary_link
corridor-3082fc2395fd453da5bfe89957f9523a,daily,state_transition,VA645_SB,VA645_SB::110-57904,23,MD,sensor_period,6.674332322446167,1.0000000000000002,0.3188593868424382,0.05,0.1869899760152333,0.05,3,0.9629602639138504,-0.3420028070868928,0.7495127288044777,6.852542178653964,True,True,low,110-57904,31501,34955,36495,mapped_primary_link
corridor-3082fc2395fd453da5bfe89957f9523a,daily,state_transition,VA645_SB,VA645_SB::110-57904,23,PM,sensor_period,3.962028046609508,1.0265576180190774,0.361680194451449,0.05,0.2066423502887572,0.0513278809009538,14,0.9941111013816856,-0.027782162769379,0.1746312747779059,2.28239409533799,False,True,low,110-57904,31501,34955,36495,mapped_primary_link
corridor-3082fc2395fd453da5bfe89957f9523a,daily,state_transition,VA645_SB,VA645_SB::110-57917,25,MD,sensor_period,6.042612203454869,1.0000589673707072,0.0189954877017981,0.97764388086402,0.0588042542635587,0.9777015299531626,4,0.9998461233392676,-0.319643845963885,0.0173360997053318,3.6145450544139774,True,False,low,110-57917,35558,36586,36673,mapped_primary_link
corridor-3082fc2395fd453da5bfe89957f9523a,daily,state_transition,VA645_SB,VA645_SB::110-57917,25,PM,sensor_period,4.055173475920396,1.002362336211459,0.0947520125648316,0.6340350478580214,0.1227683627518776,0.6355328518109107,13,0.9967926363213024,-0.0178489652715028,0.0648545014834796,4.800868358291168,False,False,high,110-57917,35558,36586,36673,mapped_primary_link
corridor-3082fc2395fd453da5bfe89957f9523a,daily,state_transition,VA645_SB,VA645_SB::110-57919,27,AM,sensor_period,3.087014573194169,1.005502426682217,0.3121479274353855,0.2745760733712172,0.2268688094947477,0.2760869080836333,18,0.9967342059731188,0.189490414807888,0.2123645459701375,2.889680430013178,False,False,high,110-57919,31077,34739,34657,mapped_primary_link
corridor-3082fc2395fd453da5bfe89957f9523a,daily,state_transition,VA645_SB,VA645_SB::110-57919,27,MD,corridor_period,6.115224226123822,1.008232587248111,0.0402561426624145,0.7458670450298927,0.082868593711303,0.752007460553592,66,0.998712675876538,0.2682014820499888,0.2202863916767702,3.3541481017450714,False,False,high,110-57919,31077,34739,34657,mapped_primary_link
corridor-3082fc2395fd453da5bfe89957f9523a,daily,state_transition,VA645_SB,VA645_SB::110-57919,27,PM,sensor_period,4.038213863817843,1.0084217590185225,0.0210700526654779,1.478770379216119,0.0885276942566625,1.4912242269936065,16,0.9996185348059072,0.4601587824676629,0.0412504455505895,2.0789117596654614,False,False,high,110-57919,31077,34739,34657,mapped_primary_link
corridor-3082fc2395fd453da5bfe89957f9523a,daily,state_transition,VA645_SB,VA645_SB::110-57920,28,AM,sensor_period,3.0103871252146366,1.000059899939318,0.1082962280368083,0.05,0.0610299727049026,0.0500029949969659,9,0.9999871971408018,-0.0533174007329531,0.0055052704839987,0.8186009567718433,True,True,low,110-57920,35754,36653,35845,mapped_primary_link
corridor-3082fc2395fd453da5bfe89957f9523a,daily,state_transition,VA645_SB,VA645_SB::110-57920,28,MD,sensor_period,6.022956595602905,1.0011563006017663,0.0386139476281284,0.7505673412211398,0.0792579161074891,0.7514352226894601,7,0.9999785045580688,0.2673444444069479,0.0068552068946734,1.318964817015378,False,False,medium,110-57920,35754,36653,35845,mapped_primary_link
corridor-3082fc2395fd453da5bfe89957f9523a,daily,state_transition,VA645_SB,VA645_SB::110-57920,28,PM,sensor_period,4.0253616563524535,1.013535139305472,0.0514807397528525,0.6664308936825987,0.0694551063142704,0.6754511286660628,17,0.9841988966835375,0.0973444883550996,0.1144618729256975,1.574040612869365,False,False,high,110-57920,35754,36653,35845,mapped_primary_link
corridor-583ff026dd564008926bb60217d27753,daily,state_transition,VA659_NB,VA659_NB::110P13287,3,PM,corridor_period,4.048948564900331,1.0091163096623377,0.0718270033041168,0.6452125848731555,0.0944389924209215,0.6510945425948963,45,0.9979356896157876,0.2657226950702509,0.2384359517357541,2.6681174122723834,False,False,high,110P13287,36675,38296,38070,mapped_primary_link
corridor-583ff026dd564008926bb60217d27753,daily,state_transition,VA659_NB,VA659_NB::110P13280,4,AM,sensor_period,3.0360340639124237,1.0095897317055285,0.1466914862353898,0.4673804349022666,0.1314692919060692,0.4718624878773925,12,0.9992495964199274,0.5063707934708677,0.1852088079451691,1.7045467346349372,False,False,high,110P13280,38062,38746,38162,mapped_primary_link
corridor-583ff026dd564008926bb60217d27753,daily,state_transition,VA659_NB,VA659_NB::110P13280,4,MD,sensor_period,6.214025721058542,1.0000000000000002,0.0945413608659598,0.6918234031191768,0.1784409876577292,0.6918234031191769,7,0.9974182386240604,0.4223479494286871,0.2166092364884838,1.4276072757491187,True,False,low,110P13280,38062,38746,38162,mapped_primary_link
corridor-583ff026dd564008926bb60217d27753,daily,state_transition,VA659_NB,VA659_NB::110P13280,4,PM,sensor_period,4.0638059010230165,1.014128860554735,0.1981375988004564,0.3645878301827251,0.17618753068741,0.3697390407953302,8,0.9980954771770983,0.4208304049598098,0.2321946659187598,1.3885884021103034,False,False,medium,110P13280,38062,38746,38162,mapped_primary_link
corridor-583ff026dd564008926bb60217d27753,daily,state_transition,VA659_NB,VA659_NB::110+13281,10,AM,sensor_period,3.050587075614368,1.0283997682027035,0.1458289029848614,0.3738410186535971,0.1180116085668175,0.3844580169280218,16,0.9888127920435196,-0.0130308591680896,0.1368310347320302,2.058763432017586,False,False,high,110+13281,36305,38162,38163,mapped_primary_link
corridor-583ff026dd564008926bb60217d27753,daily,state_transition,VA659_NB,VA659_NB::110+13281,10,MD,sensor_period,6.065417235682542,1.0085358728709453,0.0588746183120983,0.6465133571009717,0.1007063184344034,0.6520319129265536,10,0.9992137592565072,0.4664530806671958,0.0975473146638162,2.6136479111153395,False,False,high,110+13281,36305,38162,38163,mapped_primary_link
corridor-583ff026dd564008926bb60217d27753,daily,state_transition,VA659_NB,VA659_NB::110+13281,10,PM,sensor_period,4.011475812093973,1.0000060438925902,0.1129119255183719,0.0500000000000236,0.0645511153192342,0.0500003021946531,4,0.9999946046345628,-0.0211046838129911,0.0041164085773797,1.1991834188007504,True,True,low,110+13281,36305,38162,38163,mapped_primary_link
corridor-583ff026dd564008926bb60217d27753,daily,state_transition,VA659_NB,VA659_NB::110+13288,13,AM,corridor_period,3.052061960522827,1.0046030768644612,0.1543376088061634,0.3851903336223207,0.1265118387492736,0.3869633943354317,47,0.9987932760917744,0.2870217539547777,0.2385884071352261,2.3775416366293105,False,False,high,110+13288,36283,38156,38155,mapped_primary_link
corridor-583ff026dd564008926bb60217d27753,daily,state_transition,VA659_NB,VA659_NB::110+13288,13,MD,corridor_period,6.123845664044143,1.0119750106896672,0.0537438720574895,0.82689256370859,0.128266182550047,0.8367946109982067,29,0.998486285091829,0.516422037932875,0.2418097662678459,2.8772781165228656,False,False,high,110+13288,36283,38156,38155,mapped_primary_link
corridor-583ff026dd564008926bb60217d27753,daily,state_transition,VA659_NB,VA659_NB::110+13288,13,PM,sensor_period,4.09940248702742,1.0000000000000002,0.1514673280903599,0.393135245037169,0.1406694339865993,0.3931352450371691,16,0.988391815227712,0.0318415970684499,0.1912929395345443,1.62085111477117,True,False,low,110+13288,36283,38156,38155,mapped_primary_link
corridor-583ff026dd564008926bb60217d27753,daily,state_transition,VA659_NB,VA659_NB::110P13779,15,AM,sensor_period,3.0318207980501555,1.0181506328430765,0.3721491306968955,0.1159465643934714,0.2257187340793527,0.1180510679131934,8,0.9979066538289988,0.1464122769707804,0.2803507851441472,0.936941988690894,False,False,medium,110P13779,36316,38165,38428,mapped_primary_link
corridor-583ff026dd564008926bb60217d27753,daily,state_transition,VA659_NB,VA659_NB::110P13779,15,MD,sensor_period,6.296878240092429,1.0000000011379462,0.1873289463520658,0.4886592968535722,0.2455294683249221,0.4886592974096401,6,0.9985183188212764,0.8357535846654747,0.278004768065716,0.9719012729438508,True,False,low,110P13779,36316,38165,38428,mapped_primary_link
corridor-583ff026dd564008926bb60217d27753,daily,state_transition,VA659_NB,VA659_NB::110P13779,15,PM,sensor_period,4.066336669404581,1.012779944018547,0.1157667925158532,0.5500471139712849,0.1335590323009861,0.5570766852954012,7,0.9979794858844054,0.4978796827922012,0.1953798468139796,1.035452626779079,False,False,medium,110P13779,36316,38165,38428,mapped_primary_link
corridor-583ff026dd564008926bb60217d27753,daily,state_transition,VA659_NB,VA659_NB::110+13279,18,AM,sensor_period,3.023151498828782,1.0015655853156973,0.2228313798875901,0.05,0.1256024391100445,0.0500782792657848,9,0.9980850981755018,-0.0088837007594977,0.1407409127475213,1.0342392776657048,False,True,low,110+13279,38130,38774,38162,mapped_primary_link
corridor-583ff026dd564008926bb60217d27753,daily,state_transition,VA659_NB,VA659_NB::110+13279,18,MD,sensor_period,6.134337814609395,1.0000005037305153,0.1219539637823716,0.2575100997718003,0.1037654525476888,0.2575102294874956,4,0.9759697500507568,0.8613688653573756,0.2556017254431291,0.0534721156492255,True,False,low,110+13279,38130,38774,38162,mapped_primary_link
corridor-583ff026dd564008926bb60217d27753,daily,state_transition,VA659_NB,VA659_NB::110+13279,18,PM,sensor_period,4.048575685979303,1.0000000000000002,0.0435735847726673,0.5475842680691718,0.0499771151380299,0.5475842680691719,9,0.9735798106074848,0.1231518255037421,0.2185037565665551,0.5035674353548645,True,False,low,110+13279,38130,38774,38162,mapped_primary_link
corridor-edeef3354e5246008188e68de95ecb22,daily,state_transition,VA659_SB,VA659_SB::110N13779,1,AM,sensor_period,3.101654540941836,1.0000000000000002,0.2598579946319233,0.1899843139950888,0.1718422103067097,0.1899843139950889,8,0.998279762006404,0.1492781703364339,0.2271979296720908,1.827420224524175,True,False,low,110N13779,37077,38428,38165,mapped_primary_link
corridor-edeef3354e5246008188e68de95ecb22,daily,state_transition,VA659_SB,VA659_SB::110N13779,1,MD,sensor_period,6.210008070084199,1.0000000000013023,0.1809318417618521,0.2454837633490656,0.1510793060096008,0.2454837633493854,9,0.9982526442226296,0.1012709025760378,0.2312641536821956,1.2724200180029388,True,False,low,110N13779,37077,38428,38165,mapped_primary_link
corridor-edeef3354e5246008188e68de95ecb22,daily,state_transition,VA659_SB,VA659_SB::110N13779,1,PM,sensor_period,4.035418719640704,1.0080391504419577,0.2874691952680493,0.05,0.1643934354698597,0.0504019575220979,11,0.997770646457437,-0.0765201137110358,0.1636244785213375,1.191154881250531,False,True,low,110N13779,37077,38428,38165,mapped_primary_link
corridor-edeef3354e5246008188e68de95ecb22,daily,state_transition,VA659_SB,VA659_SB::110-13287,2,AM,sensor_period,3.0170774840431265,1.0136350701904009,0.0716662293244322,0.6774963069781861,0.0807665144563094,0.6867340166775708,7,0.9995111751578342,0.830076351351442,0.1153549302170759,1.0849689027112468,False,False,medium,110-13287,36279,38155,38156,mapped_primary_link
corridor-edeef3354e5246008188e68de95ecb22,daily,state_transition,VA659_SB,VA659_SB::110-13287,2,MD,sensor_period,6.044504610233503,1.0144483528934212,0.0029449950894997,2.224791875846035,0.0859900635006436,2.256936453982675,3,0.9999992199853206,0.5735279895898506,0.0013530956319307,1.4722082383259807,False,False,low,110-13287,36279,38155,38156,mapped_primary_link
corridor-edeef3354e5246008188e68de95ecb22,daily,state_transition,VA659_SB,VA659_SB::110-13287,2,PM,sensor_period,4.049698466904896,1.0000000000000002,0.2711824551062496,0.0500000000000009,0.1551070187586099,0.0500000000000009,14,0.9998037286535176,-0.0759174567345886,0.0363259455561238,0.8299732542298227,True,True,low,110-13287,36279,38155,38156,mapped_primary_link
corridor-edeef3354e5246008188e68de95ecb22,daily,state_transition,VA659_SB,VA659_SB::110-13280,6,AM,sensor_period,3.025030501728617,1.001193694392505,0.1460293609148761,0.3343775533583876,0.1127675520288893,0.334776697968811,10,0.999970033219026,0.3178420677239928,0.0228527038974261,1.6513085470728674,False,False,high,110-13280,36308,38163,38162,mapped_primary_link
corridor-edeef3354e5246008188e68de95ecb22,daily,state_transition,VA659_SB,VA659_SB::110-13280,6,MD,sensor_period,6.047541446187214,1.030562816394568,0.0592899147697395,0.7028816274494901,0.1120306795905466,0.7243636695763441,11,0.9951255453269404,0.4895510328518588,0.2603248348079882,1.6596653081604449,False,False,high,110-13280,36308,38163,38162,mapped_primary_link
corridor-edeef3354e5246008188e68de95ecb22,daily,state_transition,VA659_SB,VA659_SB::110-13280,6,PM,sensor_period,3.994915978759792,1.016334426313645,0.1332685679430521,0.2916461070541262,0.1064519995086726,0.2964099788994632,7,0.998198510606829,0.5227135731192698,0.1555359411647702,0.5524141168404553,False,False,medium,110-13280,36308,38163,38162,mapped_primary_link
corridor-edeef3354e5246008188e68de95ecb22,daily,state_transition,VA659_SB,VA659_SB::110-13277,8,PM,corridor_period,4.03569952641286,1.0055474770878596,0.1485713260935093,0.3098725406641158,0.1220931596654763,0.3115915514836068,41,0.9993668286600248,0.2138274423210091,0.1326418403867283,1.5215055834161406,False,False,high,110-13277,36108,38105,38106,mapped_primary_link
corridor-edeef3354e5246008188e68de95ecb22,daily,state_transition,VA659_SB,VA659_SB::110-13278,9,AM,sensor_period,3.091617195106916,1.0000000003383394,0.3308735463525074,0.0500000349652402,0.1867110739898932,0.0500000349821572,13,0.9408369761566115,-0.0068420494706202,0.3792596916857719,1.0796224798678622,True,True,low,110-13278,36307,38162,38774,mapped_primary_link
corridor-edeef3354e5246008188e68de95ecb22,daily,state_transition,VA659_SB,VA659_SB::110-13278,9,MD,sensor_period,6.165824198967829,1.0000000000000002,0.2739161255139999,0.0500000000494618,0.159998490340312,0.0500000000494618,5,0.421032461313169,-0.0068348954607022,0.6087193316788714,0.6981207107916866,True,True,low,110-13278,36307,38162,38774,mapped_primary_link
corridor-edeef3354e5246008188e68de95ecb22,daily,state_transition,VA659_SB,VA659_SB::110-13278,9,PM,corridor_period,4.03569952641286,1.0055474770878596,0.1485713260935093,0.3098725406641158,0.1220931596654763,0.3115915514836068,41,0.9993668286600248,0.2138274423210091,0.1326418403867283,1.5215055834161406,False,False,high,110-13278,36307,38162,38774,mapped_primary_link
corridor-edeef3354e5246008188e68de95ecb22,daily,state_transition,VA659_SB,VA659_SB::110N13280,11,AM,sensor_period,3.0941398114427296,1.0000000000000002,0.4086909941385443,0.0898981956235573,0.2412639593126614,0.0898981956235573,12,0.994250059087989,0.0363545898168554,0.3986126319822674,1.4741894530173103,True,False,low,110N13280,36306,38162,38746,mapped_primary_link
corridor-edeef3354e5246008188e68de95ecb22,daily,state_transition,VA659_SB,VA659_SB::110N13280,11,MD,sensor_period,6.063689205652296,1.0192354083693214,0.0148524652982488,1.3333030722016337,0.0875836080822645,1.3589497012755027,7,0.9935069277692142,0.2308541889554334,0.1254422647427569,1.5070208277451895,False,False,medium,110N13280,36306,38162,38746,mapped_primary_link
corridor-edeef3354e5246008188e68de95ecb22,daily,state_transition,VA659_SB,VA659_SB::110N13280,11,PM,sensor_period,4.0503963694840825,1.0068056402460035,0.393771184461529,0.1065898716745101,0.2437786923801566,0.1073152839949945,6,0.9997332157212334,0.1905596027316022,0.0866670738047128,0.6111873673454989,False,False,medium,110N13280,36306,38162,38746,mapped_primary_link
corridor-03a0cb3b6e7d4911bd01f9df63036e4d,daily,state_transition,VA7_EB,VA7_EB::110-05711,4,AM,sensor_period,3.216099084089877,1.0023025875575016,0.3973990915533907,0.544988431327582,0.4006030605279077,0.5462433149085392,18,0.9594796037569548,0.259326535458344,0.1128404702936664,1.271363649547361,False,False,high,110-05711,37028,38413,38383,mapped_primary_link
corridor-03a0cb3b6e7d4911bd01f9df63036e4d,daily,state_transition,VA7_EB,VA7_EB::110-05711,4,MD,corridor_period,6.467985268849503,1.0000000000000002,0.3972538089672782,0.2927199291961516,0.3659275000925997,0.2927199291961516,88,0.9800647659975328,0.0814637101601589,0.8944259862658379,4.632209933775231,True,False,low,110-05711,37028,38413,38383,mapped_primary_link
corridor-03a0cb3b6e7d4911bd01f9df63036e4d,daily,state_transition,VA7_EB,VA7_EB::110-05711,4,PM,sensor_period,4.32220592484405,1.0000000000000002,0.3137439159432421,0.5344934036875845,0.3658932627158517,0.5344934036875846,20,0.9784581487406016,0.2542361127706861,0.3429310109993244,1.7108379955328143,True,False,low,110-05711,37028,38413,38383,mapped_primary_link
corridor-03a0cb3b6e7d4911bd01f9df63036e4d,daily,state_transition,VA7_EB,VA7_EB::110-05712,7,AM,sensor_period,3.144913768972908,1.021185826475279,0.5345716206479691,0.3941904493759626,0.4478754326749731,0.4025416998346539,9,0.9992050856843124,0.2113054360442341,0.0880364389213572,4.926447045561082,False,False,medium,110-05712,35912,38036,38035,mapped_primary_link
corridor-03a0cb3b6e7d4911bd01f9df63036e4d,daily,state_transition,VA7_EB,VA7_EB::110-05712,7,MD,sensor_period,6.566417161492517,1.0000000000070444,1.4682352174335862,0.0500000000004922,0.8603215238411815,0.0500000000008444,7,0.9473187668845208,-0.0306540150792971,0.3912431929333218,2.0676280000356964,True,True,low,110-05712,35912,38036,38035,mapped_primary_link
corridor-03a0cb3b6e7d4911bd01f9df63036e4d,daily,state_transition,VA7_EB,VA7_EB::110-05712,7,PM,sensor_period,4.204820611840155,1.0201330734350424,0.479990395122147,0.4455690607244438,0.4854604457732343,0.4545397353443919,14,0.99196434919011,0.0863739943350737,0.2288563392802287,3.1392303586600536,False,False,high,110-05712,35912,38036,38035,mapped_primary_link
corridor-03a0cb3b6e7d4911bd01f9df63036e4d,daily,state_transition,VA7_EB,VA7_EB::110-05715,8,AM,corridor_period,3.383490794218692,1.0152532119569757,0.395076455132026,0.6378706319944342,0.4585073087874085,0.6476002079453753,201,0.9663830758199484,0.2304956438700849,1.37975381412247,7.97914213892532,False,False,high,110-05715,37373,38522,38755,mapped_primary_link
corridor-03a0cb3b6e7d4911bd01f9df63036e4d,daily,state_transition,VA7_EB,VA7_EB::110-05715,8,MD,corridor_period,6.467985268849503,1.0000000000000002,0.3972538089672782,0.2927199291961516,0.3659275000925997,0.2927199291961516,88,0.9800647659975328,0.0814637101601589,0.8944259862658379,4.632209933775231,True,False,low,110-05715,37373,38522,38755,mapped_primary_link
corridor-03a0cb3b6e7d4911bd01f9df63036e4d,daily,state_transition,VA7_EB,VA7_EB::110-05715,8,PM,corridor_period,4.106049238893095,1.0337595302215064,0.0606499349875094,0.9404671852566412,0.1221052547910165,0.9722169156196478,506,0.98521976989425,0.3567434407119795,0.8432000673358097,3.70305872000617,False,False,high,110-05715,37373,38522,38755,mapped_primary_link
corridor-03a0cb3b6e7d4911bd01f9df63036e4d,daily,state_transition,VA7_EB,VA7_EB::110-05717,10,AM,sensor_period,3.4640092641532765,1.0183182420590196,0.4871162011994276,0.2444636611279206,0.3519968450359889,0.248941805647096,4,0.8154724457550486,0.1762312187288111,0.2401350884430414,1.0344520735809482,False,False,low,110-05717,36795,38341,38143,mapped_primary_link
corridor-03a0cb3b6e7d4911bd01f9df63036e4d,daily,state_transition,VA7_EB,VA7_EB::110-05716,11,AM,sensor_period,3.296648617219153,1.1520903236766538,0.0551939225775662,2.2246565800538063,0.418238239629209,2.563005319383587,5,0.997569888718546,0.5306589855930193,0.0228576885426458,3.409845858727648,False,False,medium,110-05716,36248,38146,38248,mapped_primary_link
corridor-03a0cb3b6e7d4911bd01f9df63036e4d,daily,state_transition,VA7_EB,VA7_EB::110-05716,11,PM,corridor_period,4.106049238893095,1.0337595302215064,0.0606499349875094,0.9404671852566412,0.1221052547910165,0.9722169156196478,506,0.98521976989425,0.3567434407119795,0.8432000673358097,3.70305872000617,False,False,high,110-05716,36248,38146,38248,mapped_primary_link
corridor-03a0cb3b6e7d4911bd01f9df63036e4d,daily,state_transition,VA7_EB,VA7_EB::110-05700,12,AM,sensor_period,3.174875364702986,1.000000095700032,0.0063389062415244,3.9999999999870384,0.3434944940162822,4.000000382787166,4,-0.2199599808111769,0.3086386510207861,0.3087221623092084,7.159106616827528,True,True,low,110-05700,30463,34555,34723,mapped_primary_link
corridor-03a0cb3b6e7d4911bd01f9df63036e4d,daily,state_transition,VA7_EB,VA7_EB::110-05700,12,MD,corridor_period,6.467985268849503,1.0000000000000002,0.3972538089672782,0.2927199291961516,0.3659275000925997,0.2927199291961516,88,0.9800647659975328,0.0814637101601589,0.8944259862658379,4.632209933775231,True,False,low,110-05700,30463,34555,34723,mapped_primary_link
corridor-03a0cb3b6e7d4911bd01f9df63036e4d,daily,state_transition,VA7_EB,VA7_EB::110-05700,12,PM,corridor_period,4.106049238893095,1.0337595302215064,0.0606499349875094,0.9404671852566412,0.1221052547910165,0.9722169156196478,506,0.98521976989425,0.3567434407119795,0.8432000673358097,3.70305872000617,False,False,high,110-05700,30463,34555,34723,mapped_primary_link
corridor-03a0cb3b6e7d4911bd01f9df63036e4d,daily,state_transition,VA7_EB,VA7_EB::110-05702,13,AM,sensor_period,3.205948369904386,1.000000000007878,0.5648655936966178,0.2066896840599962,0.383283253550642,0.2066896840616245,10,0.9847047091752676,-0.062747913101345,0.0995173392380153,4.841378701709534,True,False,low,110-05702,33926,36054,34526,mapped_primary_link
corridor-03a0cb3b6e7d4911bd01f9df63036e4d,daily,state_transition,VA7_EB,VA7_EB::110-05702,13,MD,corridor_period,6.467985268849503,1.0000000000000002,0.3972538089672782,0.2927199291961516,0.3659275000925997,0.2927199291961516,88,0.9800647659975328,0.0814637101601589,0.8944259862658379,4.632209933775231,True,False,low,110-05702,33926,36054,34526,mapped_primary_link
corridor-03a0cb3b6e7d4911bd01f9df63036e4d,daily,state_transition,VA7_EB,VA7_EB::110-05702,13,PM,sensor_period,4.071053095945673,1.0000011828483284,0.0517860751876986,1.001971010005151,0.1127509553111559,1.0019721951848857,6,0.9993136503965212,0.0057402772073427,0.0348627416615577,2.644261797403787,True,False,low,110-05702,33926,36054,34526,mapped_primary_link
corridor-03a0cb3b6e7d4911bd01f9df63036e4d,daily,state_transition,VA7_EB,VA7_EB::110-05701,14,AM,corridor_period,3.383490794218692,1.0152532119569757,0.395076455132026,0.6378706319944342,0.4585073087874085,0.6476002079453753,201,0.9663830758199484,0.2304956438700849,1.37975381412247,7.97914213892532,False,False,high,110-05701,30360,34526,36042,mapped_primary_link
corridor-03a0cb3b6e7d4911bd01f9df63036e4d,daily,state_transition,VA7_EB,VA7_EB::110-05701,14,MD,corridor_period,6.467985268849503,1.0000000000000002,0.3972538089672782,0.2927199291961516,0.3659275000925997,0.2927199291961516,88,0.9800647659975328,0.0814637101601589,0.8944259862658379,4.632209933775231,True,False,low,110-05701,30360,34526,36042,mapped_primary_link
corridor-03a0cb3b6e7d4911bd01f9df63036e4d,daily,state_transition,VA7_EB,VA7_EB::110-05701,14,PM,sensor_period,4.0273281275816695,1.0000001570323325,0.0008731576112693,3.716613136962155,0.0825478106251453,3.7166137205905847,3,0.9999461513173116,0.9867539202602504,0.0060536782341796,0.212809205429531,True,False,low,110-05701,30360,34526,36042,mapped_primary_link
corridor-03a0cb3b6e7d4911bd01f9df63036e4d,daily,state_transition,VA7_EB,VA7_EB::110-05708,15,AM,sensor_period,3.1045181409388505,1.0000000000067089,0.1340284073478052,0.1198837510534247,0.0818799738491866,0.119883751054229,10,0.8763683414799371,-0.111374787354979,0.1658554913794354,2.929654639593955,True,False,low,110-05708,30460,34554,34550,mapped_primary_link
corridor-03a0cb3b6e7d4911bd01f9df63036e4d,daily,state_transition,VA7_EB,VA7_EB::110-05708,15,MD,corridor_period,6.467985268849503,1.0000000000000002,0.3972538089672782,0.2927199291961516,0.3659275000925997,0.2927199291961516,88,0.9800647659975328,0.0814637101601589,0.8944259862658379,4.632209933775231,True,False,low,110-05708,30460,34554,34550,mapped_primary_link
corridor-03a0cb3b6e7d4911bd01f9df63036e4d,daily,state_transition,VA7_EB,VA7_EB::110-05708,15,PM,sensor_period,4.117183281843609,1.0000000000000002,0.1051986965465363,0.8288974202459464,0.1813216270634504,0.8288974202459466,15,0.9821742221221764,0.0011663147939084,0.1346212248339286,2.6375230219961545,True,False,low,110-05708,30460,34554,34550,mapped_primary_link
corridor-03a0cb3b6e7d4911bd01f9df63036e4d,daily,state_transition,VA7_EB,VA7_EB::110-05707,16,PM,corridor_period,4.106049238893095,1.0337595302215064,0.0606499349875094,0.9404671852566412,0.1221052547910165,0.9722169156196478,506,0.98521976989425,0.3567434407119795,0.8432000673358097,3.70305872000617,False,False,high,110-05707,33112,35793,36083,mapped_primary_link
corridor-03a0cb3b6e7d4911bd01f9df63036e4d,daily,state_transition,VA7_EB,VA7_EB::110-05709,17,AM,sensor_period,3.0595410359825657,1.0000000000030371,0.1924374494056294,0.05,0.1085353307679735,0.0500000000001518,16,0.9611698297461676,-0.0388979057190828,0.122502550507386,2.1305659823366496,True,True,low,110-05709,33102,35790,34554,mapped_primary_link
corridor-03a0cb3b6e7d4911bd01f9df63036e4d,daily,state_transition,VA7_EB,VA7_EB::110-05709,17,PM,sensor_period,4.131872310191294,1.0264112634914484,0.0987299186490338,0.0500000000000206,0.0565268587120793,0.0513205631745935,5,0.9990947082620224,-0.1821777356978768,0.0240704530972233,3.0244634605013734,False,True,low,110-05709,33102,35790,34554,mapped_primary_link
corridor-03a0cb3b6e7d4911bd01f9df63036e4d,daily,state_transition,VA7_EB,VA7_EB::110-05703,19,AM,sensor_period,4.074343625792582,1.4445130325590787,0.0545568809345484,3.745858328490508,5.610968181394571,5.410941173624506,3,0.8967151395484111,0.9668289305924266,0.0757499029891527,0.7430655797785938,False,False,low,110-05703,30364,34527,36055,mapped_primary_link
corridor-03a0cb3b6e7d4911bd01f9df63036e4d,daily,state_transition,VA7_EB,VA7_EB::110-05705,21,PM,sensor_period,4.018095453800968,1.0011100776609083,0.0289380902597619,1.2624110840353109,0.0893285846501182,1.2638124583785817,10,0.9999771950322096,0.4266939932713058,0.0039882909916222,1.4042949272147929,False,False,high,110-05705,30414,34541,34528,mapped_primary_link
corridor-03a0cb3b6e7d4911bd01f9df63036e4d,daily,state_transition,VA7_EB,VA7_EB::110+06720,22,AM,corridor_period,3.383490794218692,1.0152532119569757,0.395076455132026,0.6378706319944342,0.4585073087874085,0.6476002079453753,201,0.9663830758199484,0.2304956438700849,1.37975381412247,7.97914213892532,False,False,high,110+06720,36578,38252,38564,mapped_primary_link
corridor-03a0cb3b6e7d4911bd01f9df63036e4d,daily,state_transition,VA7_EB,VA7_EB::110P04251,24,AM,sensor_period,3.9714660086541302,1.00730437966548,1.6480233994223497,0.3782023650687734,1.480767008007879,0.3809648987336183,11,0.9413721862568958,0.1259217210753934,0.1755791985223773,1.65893448754467,False,False,high,110P04251,36834,38354,38352,mapped_primary_link
corridor-03a0cb3b6e7d4911bd01f9df63036e4d,daily,state_transition,VA7_EB,VA7_EB::110P04252,25,AM,sensor_period,4.132376255115543,1.0322670755514922,0.8277475628724087,0.9215395211261744,1.6321090020341489,0.9512749064780388,14,0.8585156582511766,0.2860252365744353,0.2573529732370538,2.1366375936161908,False,False,high,110P04252,36823,38350,38348,mapped_primary_link
corridor-03a0cb3b6e7d4911bd01f9df63036e4d,daily,state_transition,VA7_EB,VA7_EB::110P04250,26,AM,sensor_period,4.150296101008846,1.2334608834073784,0.928090078221378,1.0717293565666708,2.27510976793126,1.321936238924347,4,0.7780808916425254,0.6722860424749046,0.1862118704080258,1.1164864378648234,False,False,low,110P04250,36846,38358,38356,mapped_primary_link
corridor-03a0cb3b6e7d4911bd01f9df63036e4d,daily,state_transition,VA7_EB,VA7_EB::110-05691,31,AM,corridor_period,3.383490794218692,1.0152532119569757,0.395076455132026,0.6378706319944342,0.4585073087874085,0.6476002079453753,201,0.9663830758199484,0.2304956438700849,1.37975381412247,7.97914213892532,False,False,high,110-05691,30059,34433,34434,mapped_primary_link
corridor-03a0cb3b6e7d4911bd01f9df63036e4d,daily,state_transition,VA7_EB,VA7_EB::110-05691,31,MD,corridor_period,6.467985268849503,1.0000000000000002,0.3972538089672782,0.2927199291961516,0.3659275000925997,0.2927199291961516,88,0.9800647659975328,0.0814637101601589,0.8944259862658379,4.632209933775231,True,False,low,110-05691,30059,34433,34434,mapped_primary_link
corridor-03a0cb3b6e7d4911bd01f9df63036e4d,daily,state_transition,VA7_EB,VA7_EB::110-05691,31,PM,sensor_period,4.429716743038783,1.0000000000000002,0.941765223271588,0.0500075523686904,0.541084454298569,0.0500075523686905,19,-15.078757705526002,-0.0003407478600401,0.3655386232499565,0.8829114166132417,True,True,low,110-05691,30059,34433,34434,mapped_primary_link
corridor-03a0cb3b6e7d4911bd01f9df63036e4d,daily,state_transition,VA7_EB,VA7_EB::110-05694,32,AM,sensor_period,3.316665146909114,1.0000000000000004,1.7725230354438128,0.0500000001092005,1.003750321202751,0.0500000001092005,8,0.9119005884804678,-0.0490449371364047,0.6446961016837549,1.7135677632055364,True,True,low,110-05694,30141,34456,34458,mapped_primary_link
corridor-03a0cb3b6e7d4911bd01f9df63036e4d,daily,state_transition,VA7_EB,VA7_EB::110-05694,32,MD,corridor_period,6.467985268849503,1.0000000000000002,0.3972538089672782,0.2927199291961516,0.3659275000925997,0.2927199291961516,88,0.9800647659975328,0.0814637101601589,0.8944259862658379,4.632209933775231,True,False,low,110-05694,30141,34456,34458,mapped_primary_link
corridor-03a0cb3b6e7d4911bd01f9df63036e4d,daily,state_transition,VA7_EB,VA7_EB::110-05694,32,PM,sensor_period,4.31448710732889,1.0000000000000002,1.4926110611135754,0.050000000175441,0.8564299421175856,0.050000000175441,13,0.9032522333273052,-0.0405328678998844,0.5838724786483911,2.6388915027189435,True,True,low,110-05694,30141,34456,34458,mapped_primary_link
corridor-03a0cb3b6e7d4911bd01f9df63036e4d,daily,state_transition,VA7_EB,VA7_EB::110-05693,33,AM,corridor_period,3.383490794218692,1.0152532119569757,0.395076455132026,0.6378706319944342,0.4585073087874085,0.6476002079453753,201,0.9663830758199484,0.2304956438700849,1.37975381412247,7.97914213892532,False,False,high,110-05693,30109,34447,34448,mapped_primary_link
corridor-03a0cb3b6e7d4911bd01f9df63036e4d,daily,state_transition,VA7_EB,VA7_EB::110-05693,33,MD,corridor_period,6.467985268849503,1.0000000000000002,0.3972538089672782,0.2927199291961516,0.3659275000925997,0.2927199291961516,88,0.9800647659975328,0.0814637101601589,0.8944259862658379,4.632209933775231,True,False,low,110-05693,30109,34447,34448,mapped_primary_link
corridor-03a0cb3b6e7d4911bd01f9df63036e4d,daily,state_transition,VA7_EB,VA7_EB::110-05693,33,PM,sensor_period,4.217579471718025,1.0000000000000002,0.0488311452695002,1.0246538559730587,0.1138070412766991,1.024653855973059,20,0.8790420216760421,0.0109019442578436,0.363311703425611,1.854903395253809,True,False,low,110-05693,30109,34447,34448,mapped_primary_link
corridor-03a0cb3b6e7d4911bd01f9df63036e4d,daily,state_transition,VA7_EB,VA7_EB::110-05690,34,AM,sensor_period,3.50927757610116,1.000000000000007,0.0508837284796917,1.0042692462459013,0.0957465302288375,1.0042692462459086,3,,-0.000261437344492,0.3994776318575329,0.5617573937797495,True,False,low,110-05690,30041,34427,35924,mapped_primary_link
corridor-03a0cb3b6e7d4911bd01f9df63036e4d,daily,state_transition,VA7_EB,VA7_EB::110-05690,34,MD,corridor_period,6.467985268849503,1.0000000000000002,0.3972538089672782,0.2927199291961516,0.3659275000925997,0.2927199291961516,88,0.9800647659975328,0.0814637101601589,0.8944259862658379,4.632209933775231,True,False,low,110-05690,30041,34427,35924,mapped_primary_link
corridor-03a0cb3b6e7d4911bd01f9df63036e4d,daily,state_transition,VA7_EB,VA7_EB::110-05690,34,PM,sensor_period,4.621702430114278,1.0000000000165024,0.0512931144460188,0.9989770927141433,0.1262349890216022,0.9989770927306288,19,,-5.468315044132588e-05,0.2905889646129962,0.9790394986487382,True,False,low,110-05690,30041,34427,35924,mapped_primary_link
corridor-03a0cb3b6e7d4911bd01f9df63036e4d,daily,state_transition,VA7_EB,VA7_EB::110-05699,35,AM,sensor_period,3.215757351255549,1.0000000001394505,0.2984749181147527,0.46074947022444,0.272669817884458,0.4607494702886918,4,-0.7769356503662219,-0.0712018388037463,0.2356464280950263,5.84385011120346,True,False,low,110-05699,30354,34524,36040,mapped_primary_link
corridor-03a0cb3b6e7d4911bd01f9df63036e4d,daily,state_transition,VA7_EB,VA7_EB::110-05699,35,MD,corridor_period,6.467985268849503,1.0000000000000002,0.3972538089672782,0.2927199291961516,0.3659275000925997,0.2927199291961516,88,0.9800647659975328,0.0814637101601589,0.8944259862658379,4.632209933775231,True,False,low,110-05699,30354,34524,36040,mapped_primary_link
corridor-03a0cb3b6e7d4911bd01f9df63036e4d,daily,state_transition,VA7_EB,VA7_EB::110-05699,35,PM,sensor_period,4.036441270754568,1.0046290048218731,0.0694901174315623,0.7672166310437898,0.1081070476106679,0.7707680805283129,8,0.9999403138658884,0.3203791577897368,0.007845465301856,1.472423818418397,False,False,medium,110-05699,30354,34524,36040,mapped_primary_link
corridor-03a0cb3b6e7d4911bd01f9df63036e4d,daily,state_transition,VA7_EB,VA7_EB::110-05696,36,MD,sensor_period,6.791835783212172,1.0000000000000002,0.000325368101839,2.9889175385347717,0.0532248892032244,2.988917538534772,11,-0.5952927168077697,0.1826415661236883,0.5683430430296924,1.205909804440155,True,False,low,110-05696,33782,36008,34606,mapped_primary_link
corridor-03a0cb3b6e7d4911bd01f9df63036e4d,daily,state_transition,VA7_EB,VA7_EB::110-05696,36,PM,sensor_period,4.5909445451183135,1.000000000005754,2.096417575302985,0.05,1.2066230635772297,0.0500000000002877,12,0.5334247843070204,-0.0459791437386856,0.3644781642923452,2.0739467438675643,True,True,low,110-05696,33782,36008,34606,mapped_primary_link
corridor-03a0cb3b6e7d4911bd01f9df63036e4d,daily,state_transition,VA7_EB,VA7_EB::110-05695,37,MD,sensor_period,6.261088824487027,1.0000000000000002,0.5987794596015363,0.0500000001804326,0.3500242351750924,0.0500000001804326,7,0.7891938231394197,-0.0300344817849982,0.2443206200600798,1.241342654044546,True,True,low,110-05695,33778,36007,36003,mapped_primary_link
corridor-03a0cb3b6e7d4911bd01f9df63036e4d,daily,state_transition,VA7_EB,VA7_EB::110-05695,37,PM,sensor_period,4.179782842652244,1.0000000000000002,0.0629911192510085,0.8725364219624816,0.1170192462741613,0.8725364219624818,12,0.9702911179914816,0.0548199267118465,0.2001578114372981,1.8618906935690291,True,False,low,110-05695,33778,36007,36003,mapped_primary_link
corridor-03a0cb3b6e7d4911bd01f9df63036e4d,daily,state_transition,VA7_EB,VA7_EB::110-05698,38,MD,sensor_period,6.496424582953962,1.0000000000000002,0.0542755212083317,0.9239825377264136,0.1631171730163942,0.9239825377264136,5,-0.3694808155503242,0.1213339230950928,0.4299766390157653,0.3779085464445281,True,False,low,110-05698,30566,34586,36624,mapped_primary_link
corridor-03a0cb3b6e7d4911bd01f9df63036e4d,daily,state_transition,VA7_EB,VA7_EB::110-05698,38,PM,sensor_period,4.325030998254241,1.0000000000000002,0.8867387777132248,0.05000001822505,0.5088548305648299,0.0500000182250501,18,0.8510445760618788,-0.0003971319477487,0.3980060380950521,1.279269286437504,True,True,low,110-05698,30566,34586,36624,mapped_primary_link
corridor-03a0cb3b6e7d4911bd01f9df63036e4d,daily,state_transition,VA7_EB,VA7_EB::110-05697,39,AM,corridor_period,3.383490794218692,1.0152532119569757,0.395076455132026,0.6378706319944342,0.4585073087874085,0.6476002079453753,201,0.9663830758199484,0.2304956438700849,1.37975381412247,7.97914213892532,False,False,high,110-05697,33808,36016,36623,mapped_primary_link
corridor-03a0cb3b6e7d4911bd01f9df63036e4d,daily,state_transition,VA7_EB,VA7_EB::110-05697,39,MD,corridor_period,6.467985268849503,1.0000000000000002,0.3972538089672782,0.2927199291961516,0.3659275000925997,0.2927199291961516,88,0.9800647659975328,0.0814637101601589,0.8944259862658379,4.632209933775231,True,False,low,110-05697,33808,36016,36623,mapped_primary_link
corridor-03a0cb3b6e7d4911bd01f9df63036e4d,daily,state_transition,VA7_EB,VA7_EB::110-05697,39,PM,sensor_period,4.142872659586123,1.0000000000000002,0.1740647056854042,0.4214321732545654,0.1689896849741391,0.4214321732545655,19,0.9673882505270788,-0.010577939507028,0.2551013541802281,1.6367261453614552,True,False,low,110-05697,33808,36016,36623,mapped_primary_link
corridor-03a0cb3b6e7d4911bd01f9df63036e4d,daily,state_transition,VA7_EB,VA7_EB::110-05683,40,MD,sensor_period,6.517691333147307,1.0000000000000002,0.042071757998685,0.9976428268658052,0.1456009527405446,0.9976428268658054,3,,-0.0008840357328094,0.1996691404603151,0.8030307984684757,True,False,low,110-05683,27948,32132,32302,mapped_primary_link
corridor-03a0cb3b6e7d4911bd01f9df63036e4d,daily,state_transition,VA7_EB,VA7_EB::110-05683,40,PM,sensor_period,4.320528628989627,1.000000001520313,0.1487693096721653,0.6027972268615119,0.191695513618762,0.6027972277779524,19,0.9860662666690928,0.208841640906452,0.2122115664385268,0.782233549699779,True,False,low,110-05683,27948,32132,32302,mapped_primary_link
corridor-03a0cb3b6e7d4911bd01f9df63036e4d,daily,state_transition,VA7_EB,VA7_EB::110-05689,41,PM,sensor_period,4.440212086503229,1.0000000000000002,0.923832798303078,0.050000000000003,0.5308383497193789,0.050000000000003,21,-2.2768370881063267,-0.0021438658785455,0.2656867725003553,1.317362906857248,True,True,low,110-05689,34084,36106,34418,mapped_primary_link
corridor-03a0cb3b6e7d4911bd01f9df63036e4d,daily,state_transition,VA7_EB,VA7_EB::110-05685,43,MD,corridor_period,6.467985268849503,1.0000000000000002,0.3972538089672782,0.2927199291961516,0.3659275000925997,0.2927199291961516,88,0.9800647659975328,0.0814637101601589,0.8944259862658379,4.632209933775231,True,False,low,110-05685,34153,36128,34943,mapped_primary_link
corridor-03a0cb3b6e7d4911bd01f9df63036e4d,daily,state_transition,VA7_EB,VA7_EB::110-05685,43,PM,sensor_period,4.236087771796023,1.0000000000000002,0.5594390833138433,0.1493317770726404,0.3701496317949589,0.1493317770726404,19,0.9864647093848328,0.0250743935233118,0.3903885858987216,1.1955283057999644,True,False,low,110-05685,34153,36128,34943,mapped_primary_link
corridor-03a0cb3b6e7d4911bd01f9df63036e4d,daily,state_transition,VA7_EB,VA7_EB::110-05684,44,MD,corridor_period,6.467985268849503,1.0000000000000002,0.3972538089672782,0.2927199291961516,0.3659275000925997,0.2927199291961516,88,0.9800647659975328,0.0814637101601589,0.8944259862658379,4.632209933775231,True,False,low,110-05684,32148,35243,34091,mapped_primary_link
corridor-03a0cb3b6e7d4911bd01f9df63036e4d,daily,state_transition,VA7_EB,VA7_EB::110-05684,44,PM,sensor_period,4.351047622416883,1.0000000000000002,1.4166242382651302,0.05,0.8131732580386232,0.05,22,0.9706001201929698,-0.0216107853509253,0.3923510545442647,2.072810587513817,True,True,low,110-05684,32148,35243,34091,mapped_primary_link
corridor-03a0cb3b6e7d4911bd01f9df63036e4d,daily,state_transition,VA7_EB,VA7_EB::110-05687,45,MD,sensor_period,6.3742638352677,1.0000000000000002,0.8650625940811298,0.0500000000000067,0.5061366227962886,0.0500000000000067,4,0.9807122755762512,-0.0706967041541961,0.4775586589897868,1.738777259767164,True,True,low,110-05687,32393,35341,36111,mapped_primary_link
corridor-03a0cb3b6e7d4911bd01f9df63036e4d,daily,state_transition,VA7_EB,VA7_EB::110-05687,45,PM,sensor_period,4.19927048633754,1.0000000007899172,0.6769082955966237,0.0500000000003705,0.3878709526809392,0.0500000000398663,19,0.9877668642509256,-0.0266386620420258,0.3036753159289317,1.5574933792279224,True,True,low,110-05687,32393,35341,36111,mapped_primary_link
corridor-03a0cb3b6e7d4911bd01f9df63036e4d,daily,state_transition,VA7_EB,VA7_EB::110N05713,50,AM,corridor_period,3.383490794218692,1.0152532119569757,0.395076455132026,0.6378706319944342,0.4585073087874085,0.6476002079453753,201,0.9663830758199484,0.2304956438700849,1.37975381412247,7.97914213892532,False,False,high,110N05713,35867,38024,38026,mapped_primary_link
corridor-03a0cb3b6e7d4911bd01f9df63036e4d,daily,state_transition,VA7_EB,VA7_EB::110N05713,50,PM,corridor_period,4.106049238893095,1.0337595302215064,0.0606499349875094,0.9404671852566412,0.1221052547910165,0.9722169156196478,506,0.98521976989425,0.3567434407119795,0.8432000673358097,3.70305872000617,False,False,high,110N05713,35867,38024,38026,mapped_primary_link
corridor-03a0cb3b6e7d4911bd01f9df63036e4d,daily,state_transition,VA7_EB,VA7_EB::110N05697,56,AM,sensor_period,3.0244590766248685,1.006820802137255,0.0090282702889526,2.0989084124690724,0.0491404136280069,2.1132246514547446,3,0.9989498866232902,0.7976835915728704,0.0202083503600874,0.5553882355687682,False,False,low,110N05697,30572,34588,36008,mapped_primary_link
corridor-03a0cb3b6e7d4911bd01f9df63036e4d,daily,state_transition,VA7_EB,VA7_EB::110N05697,56,MD,sensor_period,6.243269223225609,1.0000000000000002,0.9715330534300668,0.0500000000000073,0.5678412157265785,0.0500000000000073,6,0.9978706154904696,-0.0505000483006188,0.1085783063630097,1.9054258860449595,True,True,low,110N05697,30572,34588,36008,mapped_primary_link
corridor-03a0cb3b6e7d4911bd01f9df63036e4d,daily,state_transition,VA7_EB,VA7_EB::110N05697,56,PM,sensor_period,4.205501553357776,1.0000000000000002,0.5684176727826873,0.3093383256675802,0.4727560041232247,0.3093383256675803,16,0.9776256969298418,-0.0049320626419686,0.3252564821635276,3.898329393784744,True,False,low,110N05697,30572,34588,36008,mapped_primary_link
corridor-03a0cb3b6e7d4911bd01f9df63036e4d,daily,state_transition,VA7_EB,VA7_EB::110N05699,58,AM,sensor_period,3.12110211432129,1.0000000000000002,0.3794666689699123,0.05,0.2142336868414434,0.05,9,0.9943531083550088,-0.3242514187660157,0.2803006957683353,7.217285987335053,True,True,low,110N05699,31844,35087,35089,mapped_primary_link
corridor-03a0cb3b6e7d4911bd01f9df63036e4d,daily,state_transition,VA7_EB,VA7_EB::110N05699,58,MD,sensor_period,6.229604331187463,1.0000000000000002,0.1735553028323961,0.6731460169396557,0.3171206422415707,0.6731460169396558,5,0.9958909535943936,-0.1057886315111082,0.1997469413994558,6.391578970917401,True,False,low,110N05699,31844,35087,35089,mapped_primary_link
corridor-03a0cb3b6e7d4911bd01f9df63036e4d,daily,state_transition,VA7_EB,VA7_EB::110N05699,58,PM,sensor_period,4.024165233413456,1.000736447225607,0.0710194019937526,0.5763699176621473,0.0845069996599829,0.576794383688933,8,0.9999825267331856,0.4597459364731887,0.01101003126814,1.0560710857921385,True,False,low,110N05699,31844,35087,35089,mapped_primary_link
corridor-03a0cb3b6e7d4911bd01f9df63036e4d,daily,state_transition,VA7_EB,VA7_EB::110N05698,59,MD,sensor_period,6.334786985879542,1.0000000000000002,0.5928846416944753,0.0500006180884082,0.3467815829066592,0.0500006180884083,7,0.9796526392280832,-0.0087750681749385,0.2440016247300198,1.3456599335512327,True,True,low,110N05698,30979,34711,36016,mapped_primary_link
corridor-03a0cb3b6e7d4911bd01f9df63036e4d,daily,state_transition,VA7_EB,VA7_EB::110N05698,59,PM,sensor_period,4.205993927240991,1.0000003163982378,0.6262070353100918,0.0500000090331835,0.3588476513719169,0.0500000248530982,12,0.9952460149860092,-0.0175300043960076,0.1284791516538378,1.1293497052768111,True,True,low,110N05698,30979,34711,36016,mapped_primary_link
corridor-03a0cb3b6e7d4911bd01f9df63036e4d,daily,state_transition,VA7_EB,VA7_EB::110N05692,60,AM,sensor_period,3.024961382972284,1.0019158085227258,0.1546763845982075,0.2801207581166286,0.1124818225995523,0.2806574158524209,5,0.99999523872163,0.621768228325788,0.011129449977163,0.8966147524716275,False,False,medium,110N05692,30313,34512,34514,mapped_primary_link
corridor-03a0cb3b6e7d4911bd01f9df63036e4d,daily,state_transition,VA7_EB,VA7_EB::110N05692,60,MD,corridor_period,6.467985268849503,1.0000000000000002,0.3972538089672782,0.2927199291961516,0.3659275000925997,0.2927199291961516,88,0.9800647659975328,0.0814637101601589,0.8944259862658379,4.632209933775231,True,False,low,110N05692,30313,34512,34514,mapped_primary_link
corridor-03a0cb3b6e7d4911bd01f9df63036e4d,daily,state_transition,VA7_EB,VA7_EB::110N05692,60,PM,sensor_period,4.065911937042135,1.0000000000000002,0.3684950704864834,0.0500000036162583,0.2108085936713288,0.0500000036162584,17,0.9995383107639888,-0.0174545970396478,0.0704383542291433,1.6680534935271978,True,True,low,110N05692,30313,34512,34514,mapped_primary_link
corridor-03a0cb3b6e7d4911bd01f9df63036e4d,daily,state_transition,VA7_EB,VA7_EB::110N05695,61,AM,corridor_period,3.383490794218692,1.0152532119569757,0.395076455132026,0.6378706319944342,0.4585073087874085,0.6476002079453753,201,0.9663830758199484,0.2304956438700849,1.37975381412247,7.97914213892532,False,False,high,110N05695,31733,35040,35757,mapped_primary_link
corridor-03a0cb3b6e7d4911bd01f9df63036e4d,daily,state_transition,VA7_EB,VA7_EB::110N05695,61,MD,corridor_period,6.467985268849503,1.0000000000000002,0.3972538089672782,0.2927199291961516,0.3659275000925997,0.2927199291961516,88,0.9800647659975328,0.0814637101601589,0.8944259862658379,4.632209933775231,True,False,low,110N05695,31733,35040,35757,mapped_primary_link
corridor-03a0cb3b6e7d4911bd01f9df63036e4d,daily,state_transition,VA7_EB,VA7_EB::110N05695,61,PM,sensor_period,4.1227252035311945,1.0000000000000002,0.8496245762863904,0.0500000000000007,0.4863904214088393,0.0500000000000007,19,0.9778260691790434,-0.0022682595679131,0.3113671847041728,4.938642896019004,True,True,low,110N05695,31733,35040,35757,mapped_primary_link
corridor-03a0cb3b6e7d4911bd01f9df63036e4d,daily,state_transition,VA7_EB,VA7_EB::110N05685,63,MD,corridor_period,6.467985268849503,1.0000000000000002,0.3972538089672782,0.2927199291961516,0.3659275000925997,0.2927199291961516,88,0.9800647659975328,0.0814637101601589,0.8944259862658379,4.632209933775231,True,False,low,110N05685,34155,36129,34090,mapped_primary_link
corridor-03a0cb3b6e7d4911bd01f9df63036e4d,daily,state_transition,VA7_EB,VA7_EB::110N05685,63,PM,sensor_period,4.287703087760979,1.0000000000000002,0.9261875958173068,0.0500000000077918,0.531262208633492,0.0500000000077918,20,0.9442995361281769,-0.0115175562283473,0.3972375529949037,2.2677416875716503,True,True,low,110N05685,34155,36129,34090,mapped_primary_link
corridor-03a0cb3b6e7d4911bd01f9df63036e4d,daily,state_transition,VA7_EB,VA7_EB::110N05688,64,AM,corridor_period,3.383490794218692,1.0152532119569757,0.395076455132026,0.6378706319944342,0.4585073087874085,0.6476002079453753,201,0.9663830758199484,0.2304956438700849,1.37975381412247,7.97914213892532,False,False,high,110N05688,29998,34415,34095,mapped_primary_link
corridor-03a0cb3b6e7d4911bd01f9df63036e4d,daily,state_transition,VA7_EB,VA7_EB::110N05688,64,PM,sensor_period,4.708449726236376,1.0000000000000002,0.0614125010875013,1.004913612021724,0.1553959556276638,1.0049136120217244,11,,-0.0003048021801135,0.2247045622067298,0.891319438177628,True,False,low,110N05688,29998,34415,34095,mapped_primary_link
corridor-03a0cb3b6e7d4911bd01f9df63036e4d,daily,state_transition,VA7_EB,VA7_EB::110N05687,65,AM,corridor_period,3.383490794218692,1.0152532119569757,0.395076455132026,0.6378706319944342,0.4585073087874085,0.6476002079453753,201,0.9663830758199484,0.2304956438700849,1.37975381412247,7.97914213892532,False,False,high,110N05687,34140,36124,34087,mapped_primary_link
corridor-03a0cb3b6e7d4911bd01f9df63036e4d,daily,state_transition,VA7_EB,VA7_EB::110N05687,65,MD,sensor_period,6.05060875518988,1.000000832577008,0.2309361122259305,0.0500000012385987,0.1347660603569709,0.0500000428674502,3,0.9993931206239784,-0.1413003572923827,0.0219190823869018,0.1664198165392636,True,True,low,110N05687,34140,36124,34087,mapped_primary_link
corridor-03a0cb3b6e7d4911bd01f9df63036e4d,daily,state_transition,VA7_EB,VA7_EB::110N05687,65,PM,sensor_period,4.0368516377489545,1.0084777374277667,0.2474406102700778,0.1847427692280237,0.1707779236696489,0.1863089699172174,18,0.9907731605628078,0.0047350895968487,0.1700986357660364,2.3151056372110275,False,False,high,110N05687,34140,36124,34087,mapped_primary_link
corridor-03a0cb3b6e7d4911bd01f9df63036e4d,daily,state_transition,VA7_EB,VA7_EB::110N05684,66,MD,corridor_period,6.467985268849503,1.0000000000000002,0.3972538089672782,0.2927199291961516,0.3659275000925997,0.2927199291961516,88,0.9800647659975328,0.0814637101601589,0.8944259862658379,4.632209933775231,True,False,low,110N05684,28641,32389,32133,mapped_primary_link
corridor-03a0cb3b6e7d4911bd01f9df63036e4d,daily,state_transition,VA7_EB,VA7_EB::110N05684,66,PM,sensor_period,4.427411584992616,1.0000000000000002,1.184903215913438,0.0500001812482815,0.6807524579442087,0.0500001812482815,21,0.9314449077665872,-0.0058472241531841,0.4292226631010461,1.122906758536957,True,True,low,110N05684,28641,32389,32133,mapped_primary_link
corridor-03a0cb3b6e7d4911bd01f9df63036e4d,daily,state_transition,VA7_EB,VA7_EB::110N05683,67,PM,sensor_period,4.025422425909059,1.0009589882852452,0.1158308826831027,0.0500000000018644,0.0662313590733223,0.0500479494161285,3,0.9999867797400408,-0.0256444590946376,0.0023858030872922,0.5302698619434896,True,True,low,110N05683,28308,32264,32131,mapped_primary_link
corridor-03a0cb3b6e7d4911bd01f9df63036e4d,daily,state_transition,VA7_EB,VA7_EB::110+04248,69,AM,sensor_period,3.426486789505736,1.1471684369880264,0.0936563442210424,2.1566354549644333,0.7112305110679789,2.47402412402451,3,0.9894555064839016,0.9128962504894071,0.0209607704177135,0.639593508502222,False,False,low,110+04248,36198,38131,38138,mapped_primary_link
corridor-03a0cb3b6e7d4911bd01f9df63036e4d,daily,state_transition,VA7_EB,VA7_EB::110+04247,70,AM,sensor_period,3.233834198913644,1.0000000000000002,0.4776992832680745,0.050000000014967,0.2701712953874638,0.050000000014967,9,0.9454953046669468,-0.1006955107975466,0.1650828509159161,8.089441461920643,True,True,low,110+04247,36816,38348,38130,mapped_primary_link
corridor-03a0cb3b6e7d4911bd01f9df63036e4d,daily,state_transition,VA7_EB,VA7_EB::110+04247,70,MD,sensor_period,6.411494940429711,1.000000006893669,0.6457047386064709,0.05,0.377903284618559,0.0500000003446834,3,0.94471811903625,-0.086908926569766,0.2216741972931346,7.472832861962934,True,True,low,110+04247,36816,38348,38130,mapped_primary_link
corridor-03a0cb3b6e7d4911bd01f9df63036e4d,daily,state_transition,VA7_EB,VA7_EB::110+04252,71,AM,sensor_period,4.149685050706967,1.000000000008519,0.3899820050047049,1.515516366241415,1.7974439197558791,1.5155163662543256,10,0.688456101093575,0.0484674850420233,0.1892816641258177,2.769145782387176,True,False,low,110+04252,36828,38352,38124,mapped_primary_link
corridor-03a0cb3b6e7d4911bd01f9df63036e4d,daily,state_transition,VA7_EB,VA7_EB::110+04251,72,AM,sensor_period,4.318708860818604,1.6672595440003524,0.0202259283873774,3.999999999957894,3.752519036308761,6.669038175931208,7,0.5606958777254847,0.7995464932241143,0.1380270056268452,1.2915024347432014,False,True,low,110+04251,36840,38356,38354,mapped_primary_link
corridor-03a0cb3b6e7d4911bd01f9df63036e4d,daily,state_transition,VA7_EB,VA7_EB::110-06552,74,AM,sensor_period,3.194956607526004,1.0000000000000002,0.0264386019023188,0.9981783913607812,0.0449555421890315,0.9981783913607812,3,,-6.886549290352484e-05,0.5877818963378312,0.6122846413592619,True,False,low,110-06552,27867,32108,32351,mapped_primary_link
corridor-03a0cb3b6e7d4911bd01f9df63036e4d,daily,state_transition,VA7_EB,VA7_EB::110-06552,74,MD,corridor_period,6.467985268849503,1.0000000000000002,0.3972538089672782,0.2927199291961516,0.3659275000925997,0.2927199291961516,88,0.9800647659975328,0.0814637101601589,0.8944259862658379,4.632209933775231,True,False,low,110-06552,27867,32108,32351,mapped_primary_link
corridor-03a0cb3b6e7d4911bd01f9df63036e4d,daily,state_transition,VA7_EB,VA7_EB::110-06552,74,PM,sensor_period,4.228479150044034,1.0000000000000002,0.5934275207936195,0.0500000013484551,0.3401540308461815,0.0500000013484551,19,-82.48313530289366,-0.0004484000097484,0.5100609034727127,1.4205688403217267,True,True,low,110-06552,27867,32108,32351,mapped_primary_link
corridor-03a0cb3b6e7d4911bd01f9df63036e4d,daily,state_transition,VA7_EB,VA7_EB::110-06551,75,AM,corridor_period,3.383490794218692,1.0152532119569757,0.395076455132026,0.6378706319944342,0.4585073087874085,0.6476002079453753,201,0.9663830758199484,0.2304956438700849,1.37975381412247,7.97914213892532,False,False,high,110-06551,28021,32152,32150,mapped_primary_link
corridor-03a0cb3b6e7d4911bd01f9df63036e4d,daily,state_transition,VA7_EB,VA7_EB::110-06551,75,PM,sensor_period,4.463962588218284,1.0000000000000002,1.0223365745355857,0.05,0.587595760087115,0.05,22,0.7176844360496091,-0.0050638090690047,0.3618702683695937,1.2757955649074078,True,True,low,110-06551,28021,32152,32150,mapped_primary_link
corridor-03a0cb3b6e7d4911bd01f9df63036e4d,daily,state_transition,VA7_EB,VA7_EB::110-06557,76,AM,sensor_period,4.3971363802923005,1.0000000000000002,2.974434721642776,0.0500000000000013,1.708290268419557,0.0500000000000013,10,-5.817046944899316,-0.0024284528816156,0.3916421277904544,0.3275116092173595,True,True,low,110-06557,27782,32079,32380,mapped_primary_link
corridor-03a0cb3b6e7d4911bd01f9df63036e4d,daily,state_transition,VA7_EB,VA7_EB::110-06554,77,AM,sensor_period,4.122790496876483,1.0000007963579045,0.1032097050655208,0.9988690582132088,0.2265764592647166,0.9988698536704788,3,,-3.238185465037624e-05,0.2264460856179624,0.1178530383013952,True,False,low,110-06554,27807,32086,32085,mapped_primary_link
corridor-03a0cb3b6e7d4911bd01f9df63036e4d,daily,state_transition,VA7_EB,VA7_EB::110-06554,77,MD,corridor_period,6.467985268849503,1.0000000000000002,0.3972538089672782,0.2927199291961516,0.3659275000925997,0.2927199291961516,88,0.9800647659975328,0.0814637101601589,0.8944259862658379,4.632209933775231,True,False,low,110-06554,27807,32086,32085,mapped_primary_link
corridor-03a0cb3b6e7d4911bd01f9df63036e4d,daily,state_transition,VA7_EB,VA7_EB::110-06554,77,PM,sensor_period,5.593255081757922,1.000002320446729,0.0994985983980729,0.9990078791642696,0.2963047019561009,0.9990101973088348,4,,-0.0008219838894671,0.4231456537924553,0.4086406098418974,True,False,low,110-06554,27807,32086,32085,mapped_primary_link
corridor-03a0cb3b6e7d4911bd01f9df63036e4d,daily,state_transition,VA7_EB,VA7_EB::110-06553,78,PM,sensor_period,4.436523312229524,1.0000000000000002,1.5746994058790096,0.05,0.9047915374511962,0.05,23,-95.84968501620924,-0.0171438537366224,0.5017329456654599,2.458071207582843,True,True,low,110-06553,28056,32163,32347,mapped_primary_link
corridor-99c3ead2e0a94500b9c263bddb06be42,daily,state_transition,VA7_WB,VA7_WB::110P05713,6,AM,corridor_period,3.0584924849258104,1.032536951521017,0.0593110280282138,0.8971829236257056,0.0862428587760526,0.9263745209171996,120,0.9832679719309348,0.6274206094572352,1.1867046590866548,3.2256232693037776,False,False,high,110P05713,35873,38026,38024,mapped_primary_link
corridor-99c3ead2e0a94500b9c263bddb06be42,daily,state_transition,VA7_WB,VA7_WB::110P05713,6,MD,sensor_period,6.060409311481459,1.0048419077243724,0.0173957485828259,1.2168674470070515,0.0831080339742699,1.2227594068982524,4,0.9995664930613506,0.048596705786395,0.0390390552035937,5.221621725516438,False,False,low,110P05713,35873,38026,38024,mapped_primary_link
corridor-99c3ead2e0a94500b9c263bddb06be42,daily,state_transition,VA7_WB,VA7_WB::110P05713,6,PM,sensor_period,4.079845392132693,1.0018470815188665,0.1007169793407731,0.5671936952742317,0.1192489819094126,0.5682413482663902,8,0.9978957502615968,0.1120880935698402,0.0947305935745743,4.343412231377976,False,False,medium,110P05713,35873,38026,38024,mapped_primary_link
corridor-99c3ead2e0a94500b9c263bddb06be42,daily,state_transition,VA7_WB,VA7_WB::110P05710,8,PM,sensor_period,4.93703782807255,1.1693201756747909,0.0335624499074557,3.064854210006207,2.389054000791268,3.5837958632620803,15,0.7453200772836572,0.7025582392286821,0.3304986975407321,3.933631273685336,False,False,high,110P05710,32929,35729,35731,mapped_primary_link
corridor-99c3ead2e0a94500b9c263bddb06be42,daily,state_transition,VA7_WB,VA7_WB::110P05687,9,AM,sensor_period,3.0241850953300333,1.0000001105079128,0.1864201198299969,0.0812566329500168,0.108778766181725,0.0812566419295177,3,0.9999991501844296,0.7550927116595573,0.0051372652896854,0.1714953181215001,True,False,low,110P05687,28929,34089,34087,mapped_primary_link
corridor-99c3ead2e0a94500b9c263bddb06be42,daily,state_transition,VA7_WB,VA7_WB::110P05687,9,MD,sensor_period,6.042291909443968,1.0091234189031462,0.0881214545895235,0.4236825936728643,0.1007075310195787,0.4275480274569133,13,0.9984263331319732,0.5320524606943364,0.1319706612609144,0.6943378349621484,False,False,high,110P05687,28929,34089,34087,mapped_primary_link
corridor-99c3ead2e0a94500b9c263bddb06be42,daily,state_transition,VA7_WB,VA7_WB::110P05687,9,PM,sensor_period,3.8157528475035183,1.0554168881082755,0.2914348410111282,0.05,0.1661954807816972,0.0527708444054138,6,0.9757467187168296,-0.0365811828794182,0.1703270485840335,1.2106383314642768,False,True,low,110P05687,28929,34089,34087,mapped_primary_link
corridor-99c3ead2e0a94500b9c263bddb06be42,daily,state_transition,VA7_WB,VA7_WB::110P05684,12,MD,corridor_period,6.201731740940176,1.0375337548666288,0.0282627674953343,1.1274565204303997,0.1179606988426889,1.1697741970910165,163,0.977382283859169,0.5695229295928732,1.1486187177632912,3.5355656923372574,False,False,high,110P05684,27952,32133,32389,mapped_primary_link
corridor-99c3ead2e0a94500b9c263bddb06be42,daily,state_transition,VA7_WB,VA7_WB::110P05684,12,PM,sensor_period,4.464207194476099,1.0000000000000002,0.0583298055514716,0.9895927956297592,0.1367324442782922,0.9895927956297595,16,0.8386722829142716,0.0911009215359691,0.4702723019148919,1.2895911396354545,True,False,low,110P05684,27952,32133,32389,mapped_primary_link
corridor-99c3ead2e0a94500b9c263bddb06be42,daily,state_transition,VA7_WB,VA7_WB::110+06551,13,AM,sensor_period,3.229848398058424,1.0000000000000002,0.6981922774668824,0.0500000000280902,0.3948506667728266,0.0500000000280902,12,-100.53958974625829,-0.0029929087838567,0.6962621829701745,0.6350019902574928,True,True,low,110+06551,28524,32351,32108,mapped_primary_link
corridor-99c3ead2e0a94500b9c263bddb06be42,daily,state_transition,VA7_WB,VA7_WB::110+06551,13,MD,corridor_period,6.201731740940176,1.0375337548666288,0.0282627674953343,1.1274565204303997,0.1179606988426889,1.1697741970910165,163,0.977382283859169,0.5695229295928732,1.1486187177632912,3.5355656923372574,False,False,high,110+06551,28524,32351,32108,mapped_primary_link
corridor-99c3ead2e0a94500b9c263bddb06be42,daily,state_transition,VA7_WB,VA7_WB::110+06551,13,PM,sensor_period,4.263580193406487,1.0000000427727609,0.6084858233210946,0.0500000000001867,0.348929681561009,0.0500000021388248,8,0.9839939341032742,-0.0316726937130689,0.197521607990795,1.3171093266473868,True,True,low,110+06551,28524,32351,32108,mapped_primary_link
corridor-99c3ead2e0a94500b9c263bddb06be42,daily,state_transition,VA7_WB,VA7_WB::110+06552,14,AM,sensor_period,3.263919630563688,1.0000000000000002,0.0379723422500281,1.0050422035562414,0.066496065563906,1.0050422035562416,9,,-0.0005840160279284,0.5069001481750414,1.6182836998894514,True,False,low,110+06552,27821,32091,32347,mapped_primary_link
corridor-99c3ead2e0a94500b9c263bddb06be42,daily,state_transition,VA7_WB,VA7_WB::110+06552,14,MD,corridor_period,6.201731740940176,1.0375337548666288,0.0282627674953343,1.1274565204303997,0.1179606988426889,1.1697741970910165,163,0.977382283859169,0.5695229295928732,1.1486187177632912,3.5355656923372574,False,False,high,110+06552,27821,32091,32347,mapped_primary_link
corridor-99c3ead2e0a94500b9c263bddb06be42,daily,state_transition,VA7_WB,VA7_WB::110+06552,14,PM,sensor_period,4.345936427601773,1.0000000000281355,0.0324873201446423,1.000706140931964,0.0753783387841371,1.0007061409601197,12,,-0.0004527476810711,0.3826184613832887,0.8735194781979793,True,False,low,110+06552,27821,32091,32347,mapped_primary_link
corridor-99c3ead2e0a94500b9c263bddb06be42,daily,state_transition,VA7_WB,VA7_WB::110+06553,15,AM,corridor_period,3.0584924849258104,1.032536951521017,0.0593110280282138,0.8971829236257056,0.0862428587760526,0.9263745209171996,120,0.9832679719309348,0.6274206094572352,1.1867046590866548,3.2256232693037776,False,False,high,110+06553,27805,32085,32086,mapped_primary_link
corridor-99c3ead2e0a94500b9c263bddb06be42,daily,state_transition,VA7_WB,VA7_WB::110+06553,15,MD,sensor_period,7.796059896742789,1.0000000000045817,4.540043154622938e-05,3.336082676917949,0.0228785240667042,3.3360826769332337,4,-3.724892411293939,0.7911134126061181,0.4706159068491027,0.1628920463488251,True,False,low,110+06553,27805,32085,32086,mapped_primary_link
corridor-99c3ead2e0a94500b9c263bddb06be42,daily,state_transition,VA7_WB,VA7_WB::110+06553,15,PM,sensor_period,5.159548968887244,1.000000103280763,0.0812033991185565,0.9987014548191008,0.2229766143777775,0.9987015579657492,8,,-0.0012361537913032,0.2117836009851771,0.7137944265186293,True,False,low,110+06553,27805,32085,32086,mapped_primary_link
corridor-99c3ead2e0a94500b9c263bddb06be42,daily,state_transition,VA7_WB,VA7_WB::110P05698,16,PM,sensor_period,4.333266874926666,1.0000000000000002,0.0001247711484049,3.034322309496572,0.0056939832822611,3.034322309496573,22,0.9646069872992284,0.1597186898858646,0.3507889340979638,3.331994778747456,True,False,low,110P05698,33807,36016,34711,mapped_primary_link
corridor-99c3ead2e0a94500b9c263bddb06be42,daily,state_transition,VA7_WB,VA7_WB::110+06554,17,AM,sensor_period,4.318151910300871,1.0000000000000002,0.13278810357601,0.9992735373437998,0.3054880967642032,0.9992735373438,4,,-0.0008064452092468,0.3143065943949941,0.5576911044383095,True,False,low,110+06554,28612,32380,32079,mapped_primary_link
corridor-99c3ead2e0a94500b9c263bddb06be42,daily,state_transition,VA7_WB,VA7_WB::110+06554,17,MD,sensor_period,8.605260429940628,1.0000000000010671,0.1234873053198246,0.9998558504678564,0.5665657464013167,0.9998558504689234,3,,-0.0013617206415643,0.3316235117971952,0.817542396334418,True,False,low,110+06554,28612,32380,32079,mapped_primary_link
corridor-99c3ead2e0a94500b9c263bddb06be42,daily,state_transition,VA7_WB,VA7_WB::110+06554,17,PM,sensor_period,5.674274202454967,1.0000000000368694,0.1491977434453593,0.9994187853443144,0.4510587557778299,0.9994187853811624,11,,-0.0072380243202734,0.3072182149101726,0.7914641360180547,True,False,low,110+06554,28612,32380,32079,mapped_primary_link
corridor-99c3ead2e0a94500b9c263bddb06be42,daily,state_transition,VA7_WB,VA7_WB::110P05699,18,AM,sensor_period,3.0368436147544857,1.0098554592616504,0.0481040684116433,0.493727247860972,0.0443982276947254,0.4985931566386326,4,0.9999531767859098,0.0733017823093417,0.0040119172278992,0.7488600846857177,False,False,low,110P05699,31848,35089,35087,mapped_primary_link
corridor-99c3ead2e0a94500b9c263bddb06be42,daily,state_transition,VA7_WB,VA7_WB::110P05699,18,MD,corridor_period,6.201731740940176,1.0375337548666288,0.0282627674953343,1.1274565204303997,0.1179606988426889,1.1697741970910165,163,0.977382283859169,0.5695229295928732,1.1486187177632912,3.5355656923372574,False,False,high,110P05699,31848,35089,35087,mapped_primary_link
corridor-99c3ead2e0a94500b9c263bddb06be42,daily,state_transition,VA7_WB,VA7_WB::110P05699,18,PM,sensor_period,4.071978168530033,1.000002489026857,0.0076180711609814,2.2285453573292315,0.0928587508719086,2.228550904238478,5,0.9956067526584752,-0.3249622110134553,0.0548577654388553,7.579739415704735,True,False,low,110P05699,31848,35089,35087,mapped_primary_link
corridor-99c3ead2e0a94500b9c263bddb06be42,daily,state_transition,VA7_WB,VA7_WB::110P05695,21,AM,sensor_period,3.1443234609876978,1.0000000000000002,1.1601906658929362,0.0500000000000031,0.6552461167904792,0.0500000000000032,12,0.8745537388886979,-0.0069115711970153,0.2437249549743937,2.260941661933454,True,True,low,110P05695,33010,35757,35040,mapped_primary_link
corridor-99c3ead2e0a94500b9c263bddb06be42,daily,state_transition,VA7_WB,VA7_WB::110P05695,21,MD,sensor_period,6.19641978903847,1.0000000001488802,0.7325648122810685,0.0500000000000002,0.4280079379741633,0.0500000000074442,11,0.8896273909278581,-0.0063001093332522,0.2089740515215438,3.7755549114353686,True,True,low,110P05695,33010,35757,35040,mapped_primary_link
corridor-99c3ead2e0a94500b9c263bddb06be42,daily,state_transition,VA7_WB,VA7_WB::110P05692,22,AM,sensor_period,3.163551497192147,1.0000000000000002,0.60327582470315,0.05,0.3408186841567102,0.05,3,0.9364882419949196,-0.0539632645067071,0.2357388136358654,0.7461255901739614,True,True,low,110P05692,30318,34514,34512,mapped_primary_link
corridor-99c3ead2e0a94500b9c263bddb06be42,daily,state_transition,VA7_WB,VA7_WB::110P05692,22,MD,sensor_period,6.238601989543641,1.0000426644592986,0.2464401493433153,0.3244906794178673,0.2380721547699893,0.3245045236372521,4,0.9799878525466832,0.0150820635127,0.1031089391593887,0.6477603786547151,True,False,low,110P05692,30318,34514,34512,mapped_primary_link
corridor-99c3ead2e0a94500b9c263bddb06be42,daily,state_transition,VA7_WB,VA7_WB::110P05692,22,PM,sensor_period,4.212029467026862,1.0000000000000002,0.6177556303292113,0.05,0.3540299553433607,0.05,16,0.932833214272711,-0.0272892769210351,0.343226230465422,2.2362329618266616,True,True,low,110P05692,30318,34514,34512,mapped_primary_link
corridor-99c3ead2e0a94500b9c263bddb06be42,daily,state_transition,VA7_WB,VA7_WB::110-04250,23,PM,sensor_period,4.434815783911942,1.1322709201870105,0.0076083840605839,3.6152697675416174,0.884954412791413,4.093464826418627,4,0.9990288091818826,0.918860586506668,0.0129198847465417,1.235887952741637,False,False,low,110-04250,36836,38354,38356,mapped_primary_link
corridor-99c3ead2e0a94500b9c263bddb06be42,daily,state_transition,VA7_WB,VA7_WB::110-04251,24,PM,corridor_period,4.230800687177216,1.017114866374069,0.1588599249897423,0.6068566092733289,0.2033114115523749,0.6172428790492624,413,0.9809442489426132,0.2324929633380439,1.167427878452336,5.224424327593365,False,False,high,110-04251,36176,38124,38352,mapped_primary_link
corridor-99c3ead2e0a94500b9c263bddb06be42,daily,state_transition,VA7_WB,VA7_WB::110-04252,25,MD,corridor_period,6.201731740940176,1.0375337548666288,0.0282627674953343,1.1274565204303997,0.1179606988426889,1.1697741970910165,163,0.977382283859169,0.5695229295928732,1.1486187177632912,3.5355656923372574,False,False,high,110-04252,36195,38130,38348,mapped_primary_link
corridor-99c3ead2e0a94500b9c263bddb06be42,daily,state_transition,VA7_WB,VA7_WB::110+05714,32,AM,corridor_period,3.0584924849258104,1.032536951521017,0.0593110280282138,0.8971829236257056,0.0862428587760526,0.9263745209171996,120,0.9832679719309348,0.6274206094572352,1.1867046590866548,3.2256232693037776,False,False,high,110+05714,35868,38024,38410,mapped_primary_link
corridor-99c3ead2e0a94500b9c263bddb06be42,daily,state_transition,VA7_WB,VA7_WB::110+05714,32,MD,sensor_period,6.04733223574181,1.0142228567541869,0.0194819002593442,1.4136084426214544,0.1322681474109091,1.4337139930073686,6,0.9996443411727984,0.6465494907763855,0.0507548681827108,2.917076910243714,False,False,medium,110+05714,35868,38024,38410,mapped_primary_link
corridor-99c3ead2e0a94500b9c263bddb06be42,daily,state_transition,VA7_WB,VA7_WB::110+05714,32,PM,sensor_period,4.07761347021208,1.0000000014969626,0.382012090210085,0.050000000000233,0.2185728115411293,0.0500000000750812,14,0.9988285969961358,-0.0569273827674088,0.1170347071928743,4.695586201635642,True,True,low,110+05714,35868,38024,38410,mapped_primary_link
corridor-99c3ead2e0a94500b9c263bddb06be42,daily,state_transition,VA7_WB,VA7_WB::110+05713,33,MD,sensor_period,6.125120643883733,1.014934054799735,0.03191097946038,1.054723787077245,0.1151138035486526,1.0704750899120403,11,0.9905665959122718,0.0866889540090792,0.1784313279558345,4.160746614054134,False,False,high,110+05713,35907,38035,38036,mapped_primary_link
corridor-99c3ead2e0a94500b9c263bddb06be42,daily,state_transition,VA7_WB,VA7_WB::110+05713,33,PM,sensor_period,4.0656452054927525,1.0157421631102264,0.0458783131591229,0.9949976085727498,0.0987844399461455,1.0106610232211872,8,0.995249940008178,0.0076811346861868,0.15356856990453,3.5431299929792126,False,False,medium,110+05713,35907,38035,38036,mapped_primary_link
corridor-99c3ead2e0a94500b9c263bddb06be42,daily,state_transition,VA7_WB,VA7_WB::110+05712,34,AM,corridor_period,3.0584924849258104,1.032536951521017,0.0593110280282138,0.8971829236257056,0.0862428587760526,0.9263745209171996,120,0.9832679719309348,0.6274206094572352,1.1867046590866548,3.2256232693037776,False,False,high,110+05712,36927,38383,38413,mapped_primary_link
corridor-99c3ead2e0a94500b9c263bddb06be42,daily,state_transition,VA7_WB,VA7_WB::110+05712,34,PM,sensor_period,3.991485129493192,1.0482341539850597,0.0074372514989743,1.8715524973182704,0.0529012580016107,1.961825248665043,20,0.976739007090705,0.4069566981474498,0.2495840782282867,2.9006587643501245,False,False,high,110+05712,36927,38383,38413,mapped_primary_link
corridor-99c3ead2e0a94500b9c263bddb06be42,daily,state_transition,VA7_WB,VA7_WB::110+05718,35,MD,sensor_period,6.478039961001958,1.0552716800890571,0.056843771982723,0.050000000001604,0.0332854013343413,0.0527635840061455,3,0.9999494669036976,-0.26438041117006,0.0016755280478162,1.6951280245950586,False,True,low,110+05718,36236,38143,38341,mapped_primary_link
corridor-99c3ead2e0a94500b9c263bddb06be42,daily,state_transition,VA7_WB,VA7_WB::110+05718,35,PM,sensor_period,4.07904753580024,1.000000004466216,0.0861665780875374,0.8185096383644588,0.145239855891908,0.8185096420200997,12,0.9934108404336278,-0.2157491663631747,0.065996928917609,6.824226794404796,True,False,low,110+05718,36236,38143,38341,mapped_primary_link
corridor-99c3ead2e0a94500b9c263bddb06be42,daily,state_transition,VA7_WB,VA7_WB::110+05717,36,PM,sensor_period,4.333874751449305,1.0542372201244026,0.1521584255152394,1.012157405910152,0.3580254127518825,1.0670540099350454,3,0.999222922994342,0.8644273380835981,0.0205162548092503,1.2212813960110789,False,False,low,110+05717,36565,38248,38146,mapped_primary_link
corridor-99c3ead2e0a94500b9c263bddb06be42,daily,state_transition,VA7_WB,VA7_WB::110+05716,37,PM,sensor_period,4.26039087260701,1.0859667711578394,0.0164200044963765,2.569501999381372,0.3628637701686397,2.790393789751801,4,0.9968073534233384,0.4500378367311306,0.0307866359390955,3.088157239445945,False,False,low,110+05716,38089,38755,38522,mapped_primary_link
corridor-99c3ead2e0a94500b9c263bddb06be42,daily,state_transition,VA7_WB,VA7_WB::110+05711,38,MD,corridor_period,6.201731740940176,1.0375337548666288,0.0282627674953343,1.1274565204303997,0.1179606988426889,1.1697741970910165,163,0.977382283859169,0.5695229295928732,1.1486187177632912,3.5355656923372574,False,False,high,110+05711,32936,35731,38003,mapped_primary_link
corridor-99c3ead2e0a94500b9c263bddb06be42,daily,state_transition,VA7_WB,VA7_WB::110+05711,38,PM,sensor_period,4.511477209725364,1.0000000000000002,2.1921246996959742,0.05,1.260607602119194,0.05,23,0.9692002896402004,-0.0221860580081461,0.3496361648319598,2.0227364113905937,True,True,low,110+05711,32936,35731,38003,mapped_primary_link
corridor-99c3ead2e0a94500b9c263bddb06be42,daily,state_transition,VA7_WB,VA7_WB::110+05710,39,PM,sensor_period,4.31092007886581,1.0636013891767768,0.096960810066484,1.875451488131693,0.8011247708854516,1.994732808110522,4,0.9999820591412862,0.7696370265989534,0.0021669008091032,1.907656497703058,False,False,low,110+05710,30461,34554,35790,mapped_primary_link
corridor-99c3ead2e0a94500b9c263bddb06be42,daily,state_transition,VA7_WB,VA7_WB::110+05709,40,PM,corridor_period,4.230800687177216,1.017114866374069,0.1588599249897423,0.6068566092733289,0.2033114115523749,0.6172428790492624,413,0.9809442489426132,0.2324929633380439,1.167427878452336,5.224424327593365,False,False,high,110+05709,30446,34550,34554,mapped_primary_link
corridor-99c3ead2e0a94500b9c263bddb06be42,daily,state_transition,VA7_WB,VA7_WB::110+05704,41,PM,corridor_period,4.230800687177216,1.017114866374069,0.1588599249897423,0.6068566092733289,0.2033114115523749,0.6172428790492624,413,0.9809442489426132,0.2324929633380439,1.167427878452336,5.224424327593365,False,False,high,110+05704,33930,36055,34527,mapped_primary_link
corridor-99c3ead2e0a94500b9c263bddb06be42,daily,state_transition,VA7_WB,VA7_WB::110+05703,42,AM,sensor_period,3.029454630946588,1.0087794804304262,0.0290775714369339,1.392094585066516,0.0725540579609182,1.4043164522334095,9,0.9998982077228952,0.7155359794979769,0.0080643632617251,1.0176957802092277,False,False,medium,110+05703,30362,34526,36054,mapped_primary_link
corridor-99c3ead2e0a94500b9c263bddb06be42,daily,state_transition,VA7_WB,VA7_WB::110+05703,42,MD,corridor_period,6.201731740940176,1.0375337548666288,0.0282627674953343,1.1274565204303997,0.1179606988426889,1.1697741970910165,163,0.977382283859169,0.5695229295928732,1.1486187177632912,3.5355656923372574,False,False,high,110+05703,30362,34526,36054,mapped_primary_link
corridor-99c3ead2e0a94500b9c263bddb06be42,daily,state_transition,VA7_WB,VA7_WB::110+05702,43,AM,sensor_period,3.0173019944469024,1.0036053925373576,0.1017621364961759,0.0500000000000277,0.0573542867546312,0.0501802696268957,5,0.9999139120172812,0.0037243639026217,0.0044978523696252,1.5745513630604764,False,True,low,110+05702,33888,36042,34526,mapped_primary_link
corridor-99c3ead2e0a94500b9c263bddb06be42,daily,state_transition,VA7_WB,VA7_WB::110+05702,43,PM,sensor_period,4.015097440538919,1.0000001082604566,0.1252917328493339,0.0500000010576772,0.0716318139167801,0.0500000064707001,6,0.9998602993053995,-0.0398139573767155,0.0052351274939786,1.873539185136606,True,True,low,110+05702,33888,36042,34526,mapped_primary_link
corridor-99c3ead2e0a94500b9c263bddb06be42,daily,state_transition,VA7_WB,VA7_WB::110+05701,44,PM,sensor_period,4.128994135885174,1.0597399038495183,0.0284846416185279,1.4784514081579254,0.1236247168920494,1.566773953127465,19,0.8376496554424616,0.1416984544677001,0.3593424384013688,5.644798419952399,False,False,high,110+05701,31023,34723,34555,mapped_primary_link
corridor-99c3ead2e0a94500b9c263bddb06be42,daily,state_transition,VA7_WB,VA7_WB::110+05708,45,AM,corridor_period,3.0584924849258104,1.032536951521017,0.0593110280282138,0.8971829236257056,0.0862428587760526,0.9263745209171996,120,0.9832679719309348,0.6274206094572352,1.1867046590866548,3.2256232693037776,False,False,high,110+05708,34013,36083,35793,mapped_primary_link
corridor-99c3ead2e0a94500b9c263bddb06be42,daily,state_transition,VA7_WB,VA7_WB::110+05708,45,PM,sensor_period,4.120901683609307,1.004413133961336,0.0445169487030876,1.4529064488301875,0.1858019757409761,1.4593183196221644,21,0.9851336346960484,0.1304619176538316,0.1875777618703732,6.61699419318669,False,False,high,110+05708,34013,36083,35793,mapped_primary_link
corridor-99c3ead2e0a94500b9c263bddb06be42,daily,state_transition,VA7_WB,VA7_WB::110+05707,46,MD,corridor_period,6.201731740940176,1.0375337548666288,0.0282627674953343,1.1274565204303997,0.1179606988426889,1.1697741970910165,163,0.977382283859169,0.5695229295928732,1.1486187177632912,3.5355656923372574,False,False,high,110+05707,30960,34705,36081,mapped_primary_link
corridor-99c3ead2e0a94500b9c263bddb06be42,daily,state_transition,VA7_WB,VA7_WB::110+05706,47,AM,corridor_period,3.0584924849258104,1.032536951521017,0.0593110280282138,0.8971829236257056,0.0862428587760526,0.9263745209171996,120,0.9832679719309348,0.6274206094572352,1.1867046590866548,3.2256232693037776,False,False,high,110+05706,30369,34528,34541,mapped_primary_link
corridor-99c3ead2e0a94500b9c263bddb06be42,daily,state_transition,VA7_WB,VA7_WB::110+05705,48,PM,sensor_period,4.090836144018636,1.0000000544665175,0.2090498288408173,0.0500000000000005,0.1196297371393247,0.0500000027233264,3,0.9997084306996108,-0.254972145102659,0.0106483830351131,3.504058270281088,True,True,low,110+05705,30366,34527,36087,mapped_primary_link
corridor-99c3ead2e0a94500b9c263bddb06be42,daily,state_transition,VA7_WB,VA7_WB::110+05700,49,AM,sensor_period,3.071078129485256,1.0000000090808423,0.2952726833204308,0.05,0.1665660711311232,0.0500000004540421,11,0.9963614245481374,-0.0122441189767019,0.0304085398978173,1.2951676202266107,True,True,low,110+05700,33881,36040,34524,mapped_primary_link
corridor-99c3ead2e0a94500b9c263bddb06be42,daily,state_transition,VA7_WB,VA7_WB::110+05700,49,MD,corridor_period,6.201731740940176,1.0375337548666288,0.0282627674953343,1.1274565204303997,0.1179606988426889,1.1697741970910165,163,0.977382283859169,0.5695229295928732,1.1486187177632912,3.5355656923372574,False,False,high,110+05700,33881,36040,34524,mapped_primary_link
corridor-99c3ead2e0a94500b9c263bddb06be42,daily,state_transition,VA7_WB,VA7_WB::110+05700,49,PM,sensor_period,4.089372555334377,1.0000000002088345,0.2216755292373339,0.2052505332790201,0.157855363004994,0.2052505333218835,17,0.9499261789863884,-0.0718875018375873,0.1593218194100167,5.248325654263374,True,False,low,110+05700,33881,36040,34524,mapped_primary_link
corridor-99c3ead2e0a94500b9c263bddb06be42,daily,state_transition,VA7_WB,VA7_WB::110N04248,50,PM,sensor_period,4.776864908478999,1.0171954642199992,1.3486102770152373,0.0500000000000234,0.7777541565402205,0.0508597732110237,19,0.9746227690214422,-0.0141164084288349,0.1229741861327818,2.094459687248695,False,True,low,110N04248,36806,38344,38346,mapped_primary_link
corridor-99c3ead2e0a94500b9c263bddb06be42,daily,state_transition,VA7_WB,VA7_WB::110N04251,53,PM,corridor_period,4.230800687177216,1.017114866374069,0.1588599249897423,0.6068566092733289,0.2033114115523749,0.6172428790492624,413,0.9809442489426132,0.2324929633380439,1.167427878452336,5.224424327593365,False,False,high,110N04251,36830,38352,38354,mapped_primary_link
corridor-99c3ead2e0a94500b9c263bddb06be42,daily,state_transition,VA7_WB,VA7_WB::110+05696,56,AM,sensor_period,3.2585092914588656,1.0000000000000002,1.1502534903708048,0.0500004564619592,0.6507938947604605,0.0500004564619592,4,0.8618448678563267,-0.0105120643282248,0.1374350645678453,1.1642055527619852,True,True,low,110+05696,33766,36003,36007,mapped_primary_link
corridor-99c3ead2e0a94500b9c263bddb06be42,daily,state_transition,VA7_WB,VA7_WB::110+05696,56,MD,sensor_period,6.532394095038503,1.0000000946231793,1.0463984435114837,0.0500000000355374,0.612984413602576,0.0500000047666964,18,0.8376912587335626,-0.00524261064149,0.3259345416597577,2.07128770154896,True,True,low,110+05696,33766,36003,36007,mapped_primary_link
corridor-99c3ead2e0a94500b9c263bddb06be42,daily,state_transition,VA7_WB,VA7_WB::110+05695,57,AM,sensor_period,2.864414165657736,1.0498076482198715,0.9132409549067232,0.05,0.5133763974675029,0.0524903824109936,4,0.9603298053907824,-0.0342999981138705,0.2240705024145102,0.6934492963606578,False,True,low,110+05695,30142,34456,35038,mapped_primary_link
corridor-99c3ead2e0a94500b9c263bddb06be42,daily,state_transition,VA7_WB,VA7_WB::110+05695,57,MD,sensor_period,6.423948040240743,1.0000000000000002,0.9022548083970012,0.0500000014607154,0.5281022712795119,0.0500000014607154,15,0.952582351906008,-0.0123159353511446,0.4348157083246629,1.7278853678973742,True,True,low,110+05695,30142,34456,35038,mapped_primary_link
corridor-99c3ead2e0a94500b9c263bddb06be42,daily,state_transition,VA7_WB,VA7_WB::110+05694,58,AM,sensor_period,3.006657409422125,1.0165663495337447,4.5399929762484935e-05,3.3711043005396024,0.0009902041773914,3.4269511926970515,6,0.9575171143136252,0.094267684180195,0.1099810057193387,2.5341341411300786,False,False,medium,110+05694,30111,34447,35960,mapped_primary_link
corridor-99c3ead2e0a94500b9c263bddb06be42,daily,state_transition,VA7_WB,VA7_WB::110+05694,58,MD,sensor_period,6.124297730617006,1.0072829284747022,0.0045034941210903,1.7867538118943855,0.0612102515737241,1.799766612108314,5,0.9939206563902389,0.1405297932978352,0.1081791867633986,3.707037110827749,False,False,medium,110+05694,30111,34447,35960,mapped_primary_link
corridor-99c3ead2e0a94500b9c263bddb06be42,daily,state_transition,VA7_WB,VA7_WB::110+05694,58,PM,sensor_period,4.127701731315947,1.0000000000000002,0.4569905935374673,0.05,0.2616323271599863,0.05,11,0.9887458540653236,-0.0483358831617457,0.1972633702309625,2.705042101832913,True,True,low,110+05694,30111,34447,35960,mapped_primary_link
corridor-99c3ead2e0a94500b9c263bddb06be42,daily,state_transition,VA7_WB,VA7_WB::110+05699,60,MD,corridor_period,6.201731740940176,1.0375337548666288,0.0282627674953343,1.1274565204303997,0.1179606988426889,1.1697741970910165,163,0.977382283859169,0.5695229295928732,1.1486187177632912,3.5355656923372574,False,False,high,110+05699,35670,36624,34586,mapped_primary_link
corridor-99c3ead2e0a94500b9c263bddb06be42,daily,state_transition,VA7_WB,VA7_WB::110+05699,60,PM,sensor_period,4.207511482539816,1.0000000002602203,1.143366240091246,0.0500000000009183,0.6552173036319151,0.0500000000139293,21,0.8898447540362197,-0.0523482727125494,0.2032442305120065,2.454713001312685,True,True,low,110+05699,35670,36624,34586,mapped_primary_link
corridor-99c3ead2e0a94500b9c263bddb06be42,daily,state_transition,VA7_WB,VA7_WB::110+05698,62,AM,corridor_period,3.0584924849258104,1.032536951521017,0.0593110280282138,0.8971829236257056,0.0862428587760526,0.9263745209171996,120,0.9832679719309348,0.6274206094572352,1.1867046590866548,3.2256232693037776,False,False,high,110+05698,35667,36623,36016,mapped_primary_link
corridor-99c3ead2e0a94500b9c263bddb06be42,daily,state_transition,VA7_WB,VA7_WB::110+05698,62,MD,corridor_period,6.201731740940176,1.0375337548666288,0.0282627674953343,1.1274565204303997,0.1179606988426889,1.1697741970910165,163,0.977382283859169,0.5695229295928732,1.1486187177632912,3.5355656923372574,False,False,high,110+05698,35667,36623,36016,mapped_primary_link
corridor-99c3ead2e0a94500b9c263bddb06be42,daily,state_transition,VA7_WB,VA7_WB::110+05698,62,PM,sensor_period,4.016497348744956,1.0257748148206698,0.0006914962772809,2.862988098679942,0.0197513477866943,2.936781086757199,22,0.992998414125131,0.4117665499513754,0.1684387490575249,3.711347184346284,False,False,high,110+05698,35667,36623,36016,mapped_primary_link
corridor-99c3ead2e0a94500b9c263bddb06be42,daily,state_transition,VA7_WB,VA7_WB::110+05697,63,AM,sensor_period,3.0218843059166454,1.0180897013493564,0.0861170670800166,0.4897724705310445,0.0789432168257166,0.4986323082520875,4,0.9966424363090112,0.5192402930605877,0.2240378407404663,1.136627257491626,False,False,low,110+05697,30634,34606,36008,mapped_primary_link
corridor-99c3ead2e0a94500b9c263bddb06be42,daily,state_transition,VA7_WB,VA7_WB::110+05697,63,MD,sensor_period,6.0804260371005725,1.0000000182396014,0.1216143436166498,0.4268985398546726,0.1401663655141679,0.4268985476411318,12,0.998030938367116,0.3900972769052162,0.1376298030485024,1.6678337232951594,True,False,low,110+05697,30634,34606,36008,mapped_primary_link
corridor-99c3ead2e0a94500b9c263bddb06be42,daily,state_transition,VA7_WB,VA7_WB::110+05697,63,PM,sensor_period,4.013576430299997,1.004581069821159,0.0082319173004761,1.5936036864239391,0.0402059020187519,1.6009040961787036,8,0.9997929539835124,0.4157479852886174,0.0436864197562654,3.283218345301885,False,False,medium,110+05697,30634,34606,36008,mapped_primary_link
corridor-99c3ead2e0a94500b9c263bddb06be42,daily,state_transition,VA7_WB,VA7_WB::110+05692,66,AM,sensor_period,3.323012062743033,1.0000019099575368,0.9340517974507824,0.0500000000480186,0.5289885653105282,0.0500000955458956,10,-4.196542208177432,-0.0054550686974859,0.3419388829659361,0.9251750792458224,True,True,low,110+05692,30064,34434,34433,mapped_primary_link
corridor-99c3ead2e0a94500b9c263bddb06be42,daily,state_transition,VA7_WB,VA7_WB::110+05692,66,MD,sensor_period,6.633654731090871,1.0000000000000002,0.0392334644609027,1.019622274855729,0.144056517505119,1.0196222748557295,7,,-0.0504553899720678,0.502198620472611,2.6199271982097354,True,False,low,110+05692,30064,34434,34433,mapped_primary_link
corridor-99c3ead2e0a94500b9c263bddb06be42,daily,state_transition,VA7_WB,VA7_WB::110+05692,66,PM,sensor_period,4.466431571789036,1.0000036438973638,0.0450052678017535,0.9954224920772312,0.1064749789263111,0.995426119294626,5,,-0.0012535487910623,0.4334695333228699,0.7423705162112588,True,False,low,110+05692,30064,34434,34433,mapped_primary_link
corridor-99c3ead2e0a94500b9c263bddb06be42,daily,state_transition,VA7_WB,VA7_WB::110+05691,67,AM,sensor_period,3.459459394575548,1.0000003569663505,0.0447852375409992,0.999265810297192,0.0825555192117062,0.9992661670014612,4,,-4.266732692426167e-05,0.3360240197484287,0.3516020825899929,True,False,low,110+05691,33528,35924,34427,mapped_primary_link
corridor-99c3ead2e0a94500b9c263bddb06be42,daily,state_transition,VA7_WB,VA7_WB::110+05691,67,MD,sensor_period,6.85891905751646,1.0000135534351091,0.0425748956539727,1.0013879190904516,0.1561595875072404,1.001401491336632,4,,-7.909395371830108e-05,0.0580698458194662,0.6144752736459187,True,False,low,110+05691,33528,35924,34427,mapped_primary_link
corridor-99c3ead2e0a94500b9c263bddb06be42,daily,state_transition,VA7_WB,VA7_WB::110+05691,67,PM,sensor_period,4.6782823252126775,1.0000000000000002,0.0470036980059729,1.002274832633112,0.1176905295054366,1.0022748326331123,15,,-1.816313147262605e-05,0.6334378716165363,0.9308565733667518,True,False,low,110+05691,33528,35924,34427,mapped_primary_link
corridor-99c3ead2e0a94500b9c263bddb06be42,daily,state_transition,VA7_WB,VA7_WB::110+05690,68,AM,sensor_period,3.212085848838618,1.0000000000000002,0.028565964124105,0.9992666649613738,0.048894849497131,0.999266664961374,9,,-0.0070423910495223,0.2762150381018005,1.143263534231314,True,False,low,110+05690,30007,34418,36106,mapped_primary_link
corridor-99c3ead2e0a94500b9c263bddb06be42,daily,state_transition,VA7_WB,VA7_WB::110+05690,68,MD,sensor_period,6.432149661395073,1.0000000000000002,0.0292723435458898,1.0020059326878048,0.100793811971211,1.002005932687805,8,,-0.0001952994096237,0.2455282854161742,0.7593953868285498,True,False,low,110+05690,30007,34418,36106,mapped_primary_link
corridor-99c3ead2e0a94500b9c263bddb06be42,daily,state_transition,VA7_WB,VA7_WB::110+05690,68,PM,sensor_period,4.294525199858825,1.0000000000000002,4.539992976248655e-05,3.0060052159650392,0.0019346400208654,3.00600521596504,6,-18.94542963713237,0.1806764794686564,0.4160978371063131,0.5653578378802379,True,False,low,110+05690,30007,34418,36106,mapped_primary_link
corridor-99c3ead2e0a94500b9c263bddb06be42,daily,state_transition,VA7_WB,VA7_WB::110+05685,69,MD,sensor_period,6.425139066047929,1.0000177177749507,0.0320420738548945,0.9989431875359224,0.1095842391666055,0.9989608865865076,4,,-0.0008365996145565,0.1491702699144504,1.0354056641545744,True,False,low,110+05685,28937,34091,35243,mapped_primary_link
corridor-99c3ead2e0a94500b9c263bddb06be42,daily,state_transition,VA7_WB,VA7_WB::110+05685,69,PM,sensor_period,4.268363185084021,1.0000000000000002,0.143192761044154,0.5581720466630271,0.1716777715957294,0.5581720466630272,14,0.96557209360273,0.0931884300888032,0.3173386548615062,1.1740190532860006,True,False,low,110+05685,28937,34091,35243,mapped_primary_link
corridor-99c3ead2e0a94500b9c263bddb06be42,daily,state_transition,VA7_WB,VA7_WB::110+05684,70,MD,corridor_period,6.201731740940176,1.0375337548666288,0.0282627674953343,1.1274565204303997,0.1179606988426889,1.1697741970910165,163,0.977382283859169,0.5695229295928732,1.1486187177632912,3.5355656923372574,False,False,high,110+05684,28374,32302,32132,mapped_primary_link
corridor-99c3ead2e0a94500b9c263bddb06be42,daily,state_transition,VA7_WB,VA7_WB::110+05684,70,PM,sensor_period,4.257269946992347,1.0000000105435805,0.8454385212565408,0.0500000000000005,0.4847717677668535,0.0500000005271795,16,0.9878341819987324,-0.0023205538423787,0.2600477646615785,1.6725039747720731,True,True,low,110+05684,28374,32302,32132,mapped_primary_link
corridor-99c3ead2e0a94500b9c263bddb06be42,daily,state_transition,VA7_WB,VA7_WB::110+05683,71,AM,sensor_period,3.316781931069039,1.0000053843902403,0.0468616685623824,1.0044780413779868,0.0833422434342077,1.0044834498797497,9,,-2.7432769689861303e-05,0.3113022524126529,0.5751299904462346,True,False,low,110+05683,28010,32150,32152,mapped_primary_link
corridor-99c3ead2e0a94500b9c263bddb06be42,daily,state_transition,VA7_WB,VA7_WB::110+05683,71,MD,sensor_period,6.677275456220847,1.0000000000000002,0.038737657400533,1.0030602899944143,0.1387569954189943,1.0030602899944143,11,,-0.0002792001605558,0.3509648803008632,0.9235102127956611,True,False,low,110+05683,28010,32150,32152,mapped_primary_link
corridor-99c3ead2e0a94500b9c263bddb06be42,daily,state_transition,VA7_WB,VA7_WB::110+05683,71,PM,corridor_period,4.230800687177216,1.017114866374069,0.1588599249897423,0.6068566092733289,0.2033114115523749,0.6172428790492624,413,0.9809442489426132,0.2324929633380439,1.167427878452336,5.224424327593365,False,False,high,110+05683,28010,32150,32152,mapped_primary_link
corridor-99c3ead2e0a94500b9c263bddb06be42,daily,state_transition,VA7_WB,VA7_WB::110+05689,72,AM,corridor_period,3.0584924849258104,1.032536951521017,0.0593110280282138,0.8971829236257056,0.0862428587760526,0.9263745209171996,120,0.9832679719309348,0.6274206094572352,1.1867046590866548,3.2256232693037776,False,False,high,110+05689,28948,34095,34415,mapped_primary_link
corridor-99c3ead2e0a94500b9c263bddb06be42,daily,state_transition,VA7_WB,VA7_WB::110+05689,72,MD,sensor_period,6.625949380756461,1.0000000000002562,0.0485944193725761,0.9949542874264368,0.1700941812535097,0.9949542874266918,3,,-0.0026917248666487,0.3791027225905926,0.7702043277400089,True,False,low,110+05689,28948,34095,34415,mapped_primary_link
corridor-99c3ead2e0a94500b9c263bddb06be42,daily,state_transition,VA7_WB,VA7_WB::110+05689,72,PM,sensor_period,4.405099888790357,1.0000000000000002,0.0484071688903784,0.9996280379162876,0.1136644474666506,0.999628037916288,16,,-6.0164000743601065e-06,0.3432080070940119,1.2693583542445468,True,False,low,110+05689,28948,34095,34415,mapped_primary_link
corridor-99c3ead2e0a94500b9c263bddb06be42,daily,state_transition,VA7_WB,VA7_WB::110+05688,73,AM,sensor_period,3.1703114270092607,1.0000000000000002,0.672238925048326,0.0500000000006351,0.3798196946638485,0.0500000000006351,10,0.9856459094362182,-0.014373368348244,0.2876809055304234,2.0974860822478623,True,True,low,110+05688,34141,36124,36123,mapped_primary_link
corridor-99c3ead2e0a94500b9c263bddb06be42,daily,state_transition,VA7_WB,VA7_WB::110+05688,73,MD,sensor_period,6.385995983725405,1.0000000000000002,0.0004495866637786,2.3702254420775746,0.0194260973073231,2.370225442077575,6,0.3024937738815224,0.0268415972801669,0.6648278971810793,1.6180473534374775,True,False,low,110+05688,34141,36124,36123,mapped_primary_link
corridor-99c3ead2e0a94500b9c263bddb06be42,daily,state_transition,VA7_WB,VA7_WB::110+05688,73,PM,sensor_period,4.201020981382142,1.0000000017759372,0.6396739450921116,0.0500000000065597,0.3665431704988864,0.0500000000953565,5,0.9903778109626604,-0.0401637386772186,0.2191226215987842,1.4200509275722304,True,True,low,110+05688,34141,36124,36123,mapped_primary_link
corridor-99c3ead2e0a94500b9c263bddb06be42,daily,state_transition,VA7_WB,VA7_WB::110+05686,75,MD,sensor_period,6.402411999212452,1.0000003877372068,0.0003986335241513,2.4091254692484187,0.0186275395287028,2.409126403355999,6,-3.407417183369261,0.0377031389145664,0.3911972889310306,0.7455781783870945,True,False,low,110+05686,31471,34943,36128,mapped_primary_link
corridor-99c3ead2e0a94500b9c263bddb06be42,daily,state_transition,VA7_WB,VA7_WB::110+05686,75,PM,sensor_period,4.301083294087619,1.0000000000000002,0.6689108576963632,0.0500000304575583,0.3837477881713677,0.0500000304575583,15,0.2812134548372085,-0.0063002517095407,0.620121602318524,1.2923711414300525,True,True,low,110+05686,31471,34943,36128,mapped_primary_link
