corridor,period,matched_interval_count,mae_mph,mape_pct,mape_interval_count,rmse_mph,mean_bias_mph,wmape_pct,r_squared,cube_vs_observed_matched_interval_count,cube_vs_observed_mae_mph,cube_vs_observed_mape_pct,cube_vs_observed_mape_interval_count,cube_vs_observed_rmse_mph,cube_vs_observed_mean_bias_mph,cube_vs_observed_wmape_pct,cube_vs_observed_r_squared,taplite_vs_cube_matched_interval_count,taplite_vs_cube_mae_mph,taplite_vs_cube_mape_pct,taplite_vs_cube_mape_interval_count,taplite_vs_cube_rmse_mph,taplite_vs_cube_mean_bias_mph,taplite_vs_cube_wmape_pct,taplite_vs_cube_r_squared,congestion_valid_interval_count,observed_congestion_duration_min,model_congestion_duration_min,congestion_duration_error_min,congestion_duration_absolute_error_min,congestion_duration_ape_pct,congestion_overlap_min,congestion_union_min,congestion_iou_pct,congestion_precision_pct,congestion_recall_pct,congestion_f1_pct,congestion_interval_accuracy_pct,observed_congestion_episode_count,model_congestion_episode_count,observed_first_congestion_start_min,model_first_congestion_start_min,congestion_onset_error_min,observed_last_congestion_end_min,model_last_congestion_end_min,congestion_clearance_error_min,cube_vs_observed_congestion_valid_interval_count,cube_vs_observed_observed_congestion_duration_min,cube_vs_observed_model_congestion_duration_min,cube_vs_observed_congestion_duration_error_min,cube_vs_observed_congestion_duration_absolute_error_min,cube_vs_observed_congestion_duration_ape_pct,cube_vs_observed_congestion_overlap_min,cube_vs_observed_congestion_union_min,cube_vs_observed_congestion_iou_pct,cube_vs_observed_congestion_precision_pct,cube_vs_observed_congestion_recall_pct,cube_vs_observed_congestion_f1_pct,cube_vs_observed_congestion_interval_accuracy_pct,cube_vs_observed_observed_congestion_episode_count,cube_vs_observed_model_congestion_episode_count,cube_vs_observed_observed_first_congestion_start_min,cube_vs_observed_model_first_congestion_start_min,cube_vs_observed_congestion_onset_error_min,cube_vs_observed_observed_last_congestion_end_min,cube_vs_observed_model_last_congestion_end_min,cube_vs_observed_congestion_clearance_error_min,mean_observed_speed_mph,mean_model_speed_mph,mean_cube_qvdf_speed_mph,mean_observed_length_coverage_pct,mean_model_length_coverage_pct,mean_cube_qvdf_length_coverage_pct,cbi_tmc_count,mapped_tmc_count,eligible_tmc_count,qa_matched_tmc_count,gmns_link_count_used,gmns_corridor_length_mi,cube_qvdf_link_count_available,taplite_zero_cube_positive_link_count,tmc_mapping_coverage_pct,tmc_comparison_coverage_pct,qa_matched_share_of_mapped_pct
BROADLANDSBLVD_EB,AM,12,2.531601,6.756980,12,2.638699,2.531601,6.713458,0.546006,12,2.891475,7.704569,12,2.991999,2.000623,7.667795,0.179625,12,1.400304,3.898631,12,2.496268,0.530978,3.526330,0.001722,12,0,0,0,0,,0,0,,,,,100.000000,0,0,,,,,,,12,0,0,0,0,,0,0,,,,,100.000000,0,0,,,,,,,37.709338,40.240939,39.709961,100.000000,100.000000,100.000000,2,2.000000,2.000000,1.000000,2.000000,2.190000,2.000000,0.000000,100.000000,100.000000,50.000000
BROADLANDSBLVD_EB,MD,24,2.286408,6.245535,24,2.408012,2.286408,6.240946,0.262414,24,3.274649,8.948376,24,3.562488,2.061426,8.938434,0.015305,24,1.705837,4.839486,24,2.681096,0.224982,4.408185,0.084990,24,0,0,0,0,,0,0,,,,,100.000000,0,0,,,,,,,24,0,30,30,30,,0,30,0.000000,0.000000,,,91.666667,0,1,,705.000000,,,735.000000,,36.635604,38.922012,38.697030,100.000000,100.000000,100.000000,2,2.000000,2.000000,1.000000,2.000000,2.190000,2.000000,0.000000,100.000000,100.000000,50.000000
BROADLANDSBLVD_EB,PM,16,2.184392,6.073139,16,2.399121,2.184392,6.031406,0.436985,16,3.435062,9.517381,16,3.648182,2.578719,9.484678,0.081321,16,1.730315,4.685682,16,2.352314,-0.394328,4.460073,0.032433,16,0,0,0,0,,0,0,,,,,100.000000,0,0,,,,,,,16,0,0,0,0,,0,0,,,,,100.000000,0,0,,,,,,,36.216957,38.401348,38.795676,100.000000,100.000000,100.000000,2,2.000000,2.000000,1.000000,2.000000,2.190000,2.000000,0.000000,100.000000,100.000000,50.000000
BROADLANDSBLVD_WB,AM,12,1.189003,3.277923,12,1.249287,1.189003,3.265884,0.450494,12,1.879938,5.176381,12,2.020956,1.367711,5.163703,0.019622,12,1.012289,2.777043,12,1.440705,-0.178708,2.679823,0.053443,12,0,0,0,0,,0,0,,,,,100.000000,0,0,,,,,,,12,0,0,0,0,,0,0,,,,,100.000000,0,0,,,,,,,36.406769,37.595772,37.774481,100.000000,100.000000,100.000000,2,2.000000,2.000000,1.000000,2.000000,1.740000,2.000000,0.000000,100.000000,100.000000,50.000000
BROADLANDSBLVD_WB,MD,24,0.581545,1.610611,24,0.671519,0.135643,1.609729,0.045034,24,1.458024,4.040367,24,1.795708,0.466129,4.035844,0.048030,24,1.279208,3.618515,24,1.707540,-0.330486,3.495774,0.111428,24,0,0,0,0,,0,0,,,,,100.000000,0,0,,,,,,,24,0,15,15,15,,0,15,0.000000,0.000000,,,95.833333,0,1,,720.000000,,,735.000000,,36.126858,36.262500,36.592986,100.000000,100.000000,100.000000,2,2.000000,2.000000,1.000000,2.000000,1.740000,2.000000,0.000000,100.000000,100.000000,50.000000
BROADLANDSBLVD_WB,PM,16,0.524063,1.483327,16,0.669397,0.396049,1.474976,0.042989,16,1.688362,4.744871,16,2.069030,0.664100,4.751893,0.174480,16,1.312956,3.765448,16,1.786438,-0.268051,3.627511,0.031594,16,0,0,0,0,,0,0,,,,,100.000000,0,0,,,,,,,16,0,15,15,15,,0,15,0.000000,0.000000,,,93.750000,0,1,,1020.000000,,,1035.000000,,35.530300,35.926349,36.194400,100.000000,100.000000,100.000000,2,2.000000,2.000000,1.000000,2.000000,1.740000,2.000000,0.000000,100.000000,100.000000,50.000000
FAULKNERPKWY_EB,AM,12,0.385262,1.109125,12,0.471115,-0.225408,1.120217,0.790630,12,3.145815,9.182477,12,4.442073,-3.145815,9.147019,0.156209,12,2.922678,10.713628,12,4.394232,2.920406,9.353804,0.057242,12,0,0,0,0,,0,0,,,,,100.000000,0,0,,,,,,,12,0,75,75,75,,0,75,0.000000,0.000000,,,58.333333,0,1,,420.000000,,,495.000000,,34.391691,34.166283,31.245877,100.000000,100.000000,100.000000,2,2.000000,2.000000,0.000000,3.000000,0.670000,3.000000,0.000000,100.000000,100.000000,0.000000
FAULKNERPKWY_EB,MD,24,0.865541,2.534394,24,0.933598,-0.858250,2.545195,0.052462,24,3.927468,11.575467,24,5.208043,-3.927468,11.549045,0.104063,24,3.081471,11.956982,24,4.674098,3.069218,10.244459,0.000034,24,0,0,0,0,,0,0,,,,,100.000000,0,0,,,,,,,24,0,165,165,165,,0,165,0.000000,0.000000,,,54.166667,0,1,,645.000000,,,810.000000,,34.006861,33.148611,30.079393,100.000000,100.000000,100.000000,2,2.000000,2.000000,0.000000,3.000000,0.670000,3.000000,0.000000,100.000000,100.000000,0.000000
FAULKNERPKWY_EB,PM,16,0.427803,1.301540,16,0.527388,0.122465,1.290033,0.264808,16,2.771474,8.410019,16,4.171805,-2.710005,8.357337,0.216594,16,2.845932,10.872395,16,4.408763,2.832469,9.345581,0.796232,16,0,0,0,0,,0,0,,,,,100.000000,0,0,,,,,,,16,0,105,105,105,,0,105,0.000000,0.000000,,,56.250000,0,1,,975.000000,,,1080.000000,,33.162168,33.284632,30.452163,100.000000,100.000000,100.000000,2,2.000000,2.000000,0.000000,3.000000,0.670000,3.000000,0.000000,100.000000,100.000000,0.000000
FAULKNERPKWY_WB,AM,12,0.576473,1.745000,12,0.718591,0.516598,1.730725,0.154593,12,2.513433,7.609145,12,3.696462,-2.186116,7.545994,0.296043,12,2.705985,9.975531,12,4.179558,2.702714,8.694748,0.000009,12,0,0,0,0,,0,0,,,,,100.000000,0,0,,,,,,,12,0,60,60,60,,0,60,0.000000,0.000000,,,66.666667,0,1,,420.000000,,,480.000000,,33.308179,33.824778,31.122064,100.000000,100.000000,100.000000,1,1.000000,1.000000,0.000000,1.000000,0.200000,1.000000,0.000000,100.000000,100.000000,0.000000
FAULKNERPKWY_WB,MD,24,0.450718,1.322647,24,0.531584,-0.201896,1.323999,0.009068,24,4.409207,12.908188,24,5.927555,-4.261973,12.952186,0.066343,24,4.060572,15.888452,24,5.681455,4.060078,13.635134,0.002984,24,0,0,0,0,,0,0,,,,,100.000000,0,0,,,,,,,24,0,180,180,180,,0,180,0.000000,0.000000,,,50.000000,0,1,,630.000000,,,810.000000,,34.042187,33.840292,29.780214,100.000000,100.000000,100.000000,1,1.000000,1.000000,0.000000,1.000000,0.200000,1.000000,0.000000,100.000000,100.000000,0.000000
FAULKNERPKWY_WB,PM,16,0.563449,1.665829,16,0.654461,-0.472183,1.678306,0.571499,16,4.595876,13.675166,16,5.922185,-4.595630,13.689418,0.007743,16,4.123979,16.265494,16,5.546873,4.123447,14.231982,0.013562,16,0,0,0,0,,0,0,,,,,100.000000,0,0,,,,,,,16,0,150,150,150,,0,150,0.000000,0.000000,,,37.500000,0,1,,945.000000,,,1095.000000,,33.572475,33.100292,28.976845,100.000000,100.000000,100.000000,1,1.000000,1.000000,0.000000,1.000000,0.200000,1.000000,0.000000,100.000000,100.000000,0.000000
I395_NB,AM,12,2.393900,6.175951,12,2.989285,0.677560,6.017950,0.960700,12,4.760953,13.283663,12,5.844403,-3.425400,11.968411,0.901914,12,4.108494,13.982090,12,5.621473,4.102960,11.301378,0.911319,12,135,105,-30,30,22.222222,105,135,77.777778,100.000000,77.777778,87.500000,83.333333,1,1,405.000000,435.000000,30.000000,540.000000,540.000000,0.000000,12,135,120,-15,15,11.111111,120,135,88.888889,100.000000,88.888889,94.117647,91.666667,1,1,405.000000,420.000000,15.000000,540.000000,540.000000,0.000000,39.779322,40.456882,36.353922,98.913072,100.000000,100.000000,21,21.000000,21.000000,18.000000,31.000000,10.040000,31.000000,0.000000,100.000000,100.000000,85.714286
I395_NB,MD,24,10.904593,20.236257,24,11.702933,-10.904593,20.756000,0.307616,24,13.719306,25.002526,24,17.288785,-13.719306,26.113577,0.037164,24,6.313250,20.433294,24,8.423283,2.814713,16.263820,0.085126,24,45,315,270,270,600.000000,45,315,14.285714,14.285714,100.000000,25.000000,25.000000,1,1,540.000000,540.000000,0.000000,585.000000,855.000000,270.000000,24,45,255,210,210,466.666667,45,255,17.647059,17.647059,100.000000,30.000000,41.666667,1,1,540.000000,540.000000,0.000000,585.000000,795.000000,210.000000,52.537062,41.632470,38.817756,98.821142,100.000000,100.000000,21,21.000000,21.000000,18.000000,31.000000,10.040000,31.000000,0.000000,100.000000,100.000000,85.714286
I395_NB,PM,16,4.284747,11.772860,16,5.419426,-4.046674,10.826497,0.921685,16,7.766434,21.441838,16,10.241255,-7.567132,19.623860,0.846972,16,3.730668,17.239877,16,4.936267,3.520458,11.654932,0.973420,16,195,210,15,15,7.692308,195,210,92.857143,92.857143,100.000000,96.296296,93.750000,1,1,930.000000,915.000000,-15.000000,1125.000000,1125.000000,0.000000,16,195,195,0,0,0.000000,195,195,100.000000,100.000000,100.000000,100.000000,100.000000,1,1,930.000000,930.000000,0.000000,1125.000000,1125.000000,0.000000,39.576486,35.529812,32.009354,98.555483,100.000000,100.000000,21,21.000000,21.000000,18.000000,31.000000,10.040000,31.000000,0.000000,100.000000,100.000000,85.714286
I395_SB,AM,12,0.722729,1.200335,12,0.838156,0.722729,1.195736,0.419308,12,8.619201,14.337907,12,13.985276,-8.526855,14.260234,0.250164,12,9.258094,25.488988,12,14.627259,9.249584,17.833053,0.004952,12,0,0,0,0,,0,0,,,,,100.000000,0,0,,,,,,,12,0,45,45,45,,0,45,0.000000,0.000000,,,75.000000,0,1,,435.000000,,,480.000000,,60.442214,61.164943,51.915359,98.736667,100.000000,100.000000,20,20.000000,20.000000,18.000000,35.000000,10.190000,35.000000,0.000000,100.000000,100.000000,90.000000
I395_SB,MD,24,4.627987,8.008819,24,5.694340,-4.602006,7.910054,0.577328,24,12.987312,22.050675,24,17.458675,-12.911268,22.197631,0.000462,24,8.822375,28.016670,24,13.632444,8.309262,19.348849,0.127026,24,0,0,0,0,,0,0,,,,,100.000000,0,0,,,,,,,24,0,135,135,135,,0,135,0.000000,0.000000,,,62.500000,0,1,,660.000000,,,795.000000,,58.507651,53.905645,45.596383,99.518400,100.000000,100.000000,20,20.000000,20.000000,18.000000,35.000000,10.190000,35.000000,0.000000,100.000000,100.000000,90.000000
I395_SB,PM,15,5.589108,14.534109,15,6.000555,-1.880879,14.290723,0.732670,15,11.193801,30.350758,15,12.441524,-8.674684,28.621296,0.785329,16,6.905427,32.583800,16,7.873635,6.905427,23.202961,0.989651,15,180,165,-15,15,8.333333,150,195,76.923077,90.909091,83.333333,86.956522,80.000000,2,2,915.000000,900.000000,-15.000000,1110.000000,1080.000000,-30.000000,15,180,180,0,0,0.000000,165,195,84.615385,91.666667,91.666667,91.666667,86.666667,2,2,915.000000,900.000000,-15.000000,1110.000000,1095.000000,-15.000000,39.110043,36.666400,29.760973,94.576068,100.000000,100.000000,20,20.000000,20.000000,18.000000,35.000000,10.190000,35.000000,0.000000,100.000000,100.000000,90.000000
I495_CCW,AM,12,2.039223,3.582202,12,2.337296,1.796337,3.525387,0.735370,12,10.579705,18.673875,12,15.356786,-10.473386,18.290083,0.324491,12,12.284018,37.140495,12,17.453574,12.269722,25.931757,0.032733,12,0,0,0,0,,0,0,,,,,100.000000,0,0,,,,,,,12,0,75,75,75,,0,75,0.000000,0.000000,,,58.333333,0,1,,420.000000,,,495.000000,,57.843942,59.640279,47.370556,95.695778,100.000000,100.000000,29,29.000000,29.000000,29.000000,53.000000,20.900000,53.000000,0.000000,100.000000,100.000000,100.000000
I495_CCW,MD,24,10.533999,18.942250,24,12.022688,-10.533999,18.860155,0.495305,24,17.214921,29.981731,24,21.146636,-17.214921,30.821732,0.008322,24,8.186130,28.774597,24,11.707799,6.680922,21.186585,0.289241,24,45,180,135,135,300.000000,45,180,25.000000,25.000000,100.000000,40.000000,62.500000,1,1,855.000000,720.000000,-135.000000,900.000000,900.000000,0.000000,24,45,255,210,210,466.666667,45,255,17.647059,17.647059,100.000000,30.000000,41.666667,1,1,855.000000,645.000000,-210.000000,900.000000,900.000000,0.000000,55.853192,45.319193,38.638271,98.899474,100.000000,100.000000,29,29.000000,29.000000,29.000000,53.000000,20.900000,53.000000,0.000000,100.000000,100.000000,100.000000
I495_CCW,PM,16,3.551318,11.471313,16,4.371749,1.051716,11.741959,0.730246,16,8.277399,28.822097,16,9.434318,-6.477715,27.368111,0.842347,16,7.529431,43.075337,16,8.440937,7.529431,31.680230,0.945695,16,240,240,0,0,0.000000,240,240,100.000000,100.000000,100.000000,100.000000,100.000000,1,1,900.000000,900.000000,0.000000,1140.000000,1140.000000,0.000000,16,240,240,0,0,0.000000,240,240,100.000000,100.000000,100.000000,100.000000,100.000000,1,1,900.000000,900.000000,0.000000,1140.000000,1140.000000,0.000000,30.244685,31.296401,23.766970,95.699163,100.000000,100.000000,29,29.000000,29.000000,29.000000,53.000000,20.900000,53.000000,0.000000,100.000000,100.000000,100.000000
I495_CW,AM,12,2.944785,6.099451,12,3.622247,1.675252,6.105161,0.886467,12,7.653160,16.952480,12,10.048405,-7.262139,15.866615,0.759528,12,8.937391,27.827307,12,11.883876,8.937391,21.813296,0.572139,12,90,75,-15,15,16.666667,75,90,83.333333,100.000000,83.333333,90.909091,91.666667,1,1,450.000000,465.000000,15.000000,540.000000,540.000000,0.000000,12,90,120,30,30,33.333333,90,120,75.000000,75.000000,100.000000,85.714286,83.333333,1,1,450.000000,420.000000,-30.000000,540.000000,540.000000,0.000000,48.234356,49.909608,40.972217,97.645926,100.000000,100.000000,29,29.000000,29.000000,29.000000,51.000000,20.050000,51.000000,0.000000,100.000000,100.000000,100.000000
I495_CW,MD,24,6.301665,12.876527,24,7.055608,-6.301665,13.022363,0.301384,24,13.142268,26.153465,24,16.459325,-12.978964,27.158440,0.411493,24,7.394393,27.211109,24,10.834562,6.677299,20.880957,0.001618,24,105,360,255,255,242.857143,105,360,29.166667,29.166667,100.000000,45.161290,29.166667,2,1,540.000000,540.000000,0.000000,900.000000,900.000000,0.000000,24,105,330,225,225,214.285714,90,345,26.086957,27.272727,85.714286,41.379310,29.166667,2,2,540.000000,540.000000,0.000000,900.000000,900.000000,0.000000,48.391102,42.089437,35.412138,98.905233,100.000000,100.000000,29,29.000000,29.000000,29.000000,51.000000,20.050000,51.000000,0.000000,100.000000,100.000000,100.000000
I495_CW,PM,16,4.640485,12.439392,16,5.356514,4.405855,12.370728,0.566472,16,7.165397,19.816041,16,8.690428,-4.980811,19.101705,0.814313,16,9.386666,39.339930,16,12.068836,9.386666,28.854521,0.485524,16,225,180,-45,45,20.000000,180,225,80.000000,100.000000,80.000000,88.888889,81.250000,1,1,900.000000,900.000000,0.000000,1125.000000,1080.000000,-45.000000,16,225,195,-30,30,13.333333,195,225,86.666667,100.000000,86.666667,92.857143,87.500000,1,1,900.000000,900.000000,0.000000,1125.000000,1095.000000,-30.000000,37.511819,41.917674,32.531008,99.392989,100.000000,100.000000,29,29.000000,29.000000,29.000000,51.000000,20.050000,51.000000,0.000000,100.000000,100.000000,100.000000
I495_NB,AM,12,0.953125,1.488563,12,1.152382,0.850424,1.486368,0.884812,12,6.268201,9.874112,12,10.361444,-5.182920,9.775061,0.174723,12,6.661408,14.729074,12,11.145495,6.033344,11.301730,0.057611,12,0,0,0,0,,0,0,,,,,100.000000,0,0,,,,,,,12,0,30,30,30,,0,30,0.000000,0.000000,,,83.333333,0,1,,435.000000,,,465.000000,,64.124412,64.974836,58.941492,98.593861,100.000000,100.000000,16,16.000000,16.000000,16.000000,31.000000,10.510000,31.000000,0.000000,100.000000,100.000000,100.000000
I495_NB,MD,24,3.023909,4.882057,24,3.540347,-3.012412,4.869286,0.617992,24,7.644693,12.010092,24,11.915324,-7.396868,12.309960,0.137054,24,6.680531,14.909310,24,9.996174,4.384456,12.211959,0.005110,24,0,0,0,0,,0,0,,,,,100.000000,0,0,,,,,,,24,0,90,90,90,,0,90,0.000000,0.000000,,,75.000000,0,1,,675.000000,,,765.000000,,62.101693,59.089282,54.704825,98.168273,100.000000,100.000000,16,16.000000,16.000000,16.000000,31.000000,10.510000,31.000000,0.000000,100.000000,100.000000,100.000000
I495_NB,PM,16,2.022348,3.600970,16,2.235001,0.406385,3.566703,0.528698,16,7.930864,14.397643,16,10.463380,-7.798573,13.987220,0.734415,16,8.206776,20.557154,16,11.340486,8.204959,16.782015,0.273915,16,0,0,0,0,,0,0,,,,,100.000000,0,0,,,,,,,16,0,105,105,105,,0,105,0.000000,0.000000,,,56.250000,0,1,,960.000000,,,1065.000000,,56.700786,57.107171,48.902212,100.000000,100.000000,100.000000,16,16.000000,16.000000,16.000000,31.000000,10.510000,31.000000,0.000000,100.000000,100.000000,100.000000
I495_SB,AM,12,0.336683,0.492989,12,0.443171,-0.095027,0.494143,0.003083,12,7.830062,11.517414,12,12.748468,-7.702516,11.492041,0.245903,12,7.740088,16.928433,12,12.795420,7.607489,12.807901,0.000200,12,0,0,0,0,,0,0,,,,,100.000000,0,0,,,,,,,12,0,30,30,30,,0,30,0.000000,0.000000,,,83.333333,0,1,,435.000000,,,465.000000,,68.134648,68.039621,60.432133,100.000000,100.000000,100.000000,16,16.000000,16.000000,15.000000,32.000000,10.680000,32.000000,0.000000,100.000000,100.000000,93.750000
I495_SB,MD,22,1.251586,1.824741,22,1.442178,-1.251586,1.824331,0.314313,22,6.397273,9.319332,22,10.440735,-6.354166,9.324764,0.000213,24,5.097739,10.273211,24,9.203644,4.643233,8.143880,0.012426,22,0,0,0,0,,0,0,,,,,100.000000,0,0,,,,,,,22,0,45,45,45,,0,45,0.000000,0.000000,,,86.363636,0,1,,705.000000,,,750.000000,,68.605196,67.239183,62.595949,96.952097,100.000000,100.000000,16,16.000000,16.000000,15.000000,32.000000,10.680000,32.000000,0.000000,100.000000,100.000000,93.750000
I495_SB,PM,16,0.446179,0.681960,16,0.561065,0.295293,0.678535,0.027120,16,7.392893,11.322964,16,11.268803,-7.229178,11.242879,0.694347,16,7.622791,16.205923,16,11.767662,7.524471,13.024390,0.002383,16,0,0,0,0,,0,0,,,,,100.000000,0,0,,,,,,,16,0,60,60,60,,0,60,0.000000,0.000000,,,75.000000,0,1,,990.000000,,,1050.000000,,65.756227,66.051520,58.527049,97.287965,100.000000,100.000000,16,16.000000,16.000000,15.000000,32.000000,10.680000,32.000000,0.000000,100.000000,100.000000,93.750000
I66_EB,AM,12,5.246176,9.840985,12,5.776869,5.229780,9.581539,0.741207,12,6.533794,12.430931,12,9.323738,-5.634129,11.933225,0.602059,12,10.863908,27.509409,12,14.339079,10.863908,22.117603,0.214961,12,0,0,0,0,,0,0,,,,,100.000000,0,0,,,,,,,12,0,90,90,90,,0,90,0.000000,0.000000,,,50.000000,0,1,,420.000000,,,510.000000,,54.752962,59.982742,49.118834,97.457462,100.000000,100.000000,57,56.000000,56.000000,51.000000,105.000000,48.630000,105.000000,0.000000,98.245614,98.245614,91.071429
I66_EB,MD,24,5.165931,8.228478,24,5.649886,-5.165931,8.314003,0.183445,24,12.196412,19.204078,24,16.371014,-12.196412,19.628794,0.271545,24,7.877202,20.671541,24,11.874895,7.030481,15.773679,0.005617,24,0,0,0,0,,0,0,,,,,100.000000,0,0,,,,,,,24,0,120,120,120,,0,120,0.000000,0.000000,,,66.666667,0,1,,660.000000,,,780.000000,,62.135310,56.969379,49.938898,97.724955,100.000000,100.000000,57,40.000000,40.000000,36.000000,83.000000,39.760000,83.000000,0.000000,70.175439,70.175439,90.000000
I66_EB,PM,16,2.477680,4.025684,16,2.865342,-2.156333,4.036911,0.171380,16,11.632598,19.022853,16,15.721274,-11.424773,18.953118,0.105980,16,9.269328,24.823582,16,13.296113,9.268439,18.556890,0.635303,16,0,0,0,0,,0,0,,,,,100.000000,0,0,,,,,,,16,0,105,105,105,,0,105,0.000000,0.000000,,,56.250000,0,1,,975.000000,,,1080.000000,,61.375643,59.219310,49.950870,98.348802,100.000000,100.000000,57,40.000000,40.000000,36.000000,83.000000,39.760000,83.000000,0.000000,70.175439,70.175439,90.000000
I66_WB,AM,12,0.786113,1.189354,12,0.885015,0.786113,1.185511,0.332079,12,6.992111,10.620180,12,11.359861,-6.536915,10.544576,0.579973,12,7.413264,16.049681,12,12.114670,7.323027,12.402338,0.003659,12,0,0,0,0,,0,0,,,,,100.000000,0,0,,,,,,,12,0,30,30,30,,0,30,0.000000,0.000000,,,83.333333,0,1,,435.000000,,,465.000000,,66.310027,67.096139,59.773112,100.000000,100.000000,100.000000,56,39.000000,39.000000,37.000000,91.000000,43.410000,91.000000,0.000000,69.642857,69.642857,94.871795
I66_WB,MD,24,3.021270,4.750532,24,3.781086,-2.906089,4.714575,0.677874,24,9.257223,14.185579,24,13.648871,-9.025742,14.445536,0.000126,24,7.100657,16.470627,24,11.139432,6.119653,12.896714,0.087242,24,0,0,0,0,,0,0,,,,,100.000000,0,0,,,,,,,24,0,90,90,90,,0,90,0.000000,0.000000,,,75.000000,0,1,,675.000000,,,765.000000,,64.083621,61.177532,55.057880,98.316367,100.000000,100.000000,56,39.000000,39.000000,37.000000,91.000000,43.410000,91.000000,0.000000,69.642857,69.642857,94.871795
I66_WB,PM,16,1.451145,2.874437,16,1.872824,-0.564179,2.854161,0.742479,16,9.805996,19.674218,16,12.525441,-9.728577,19.286763,0.651164,16,9.166967,27.354117,16,11.184104,9.164397,22.296156,0.893123,16,0,75,75,75,,0,75,0.000000,0.000000,,,68.750000,0,1,,990.000000,,,1065.000000,,16,0,165,165,165,,0,165,0.000000,0.000000,,,31.250000,0,1,,960.000000,,,1125.000000,,50.843138,50.278959,41.114561,98.705772,100.000000,100.000000,56,56.000000,56.000000,52.000000,113.000000,52.490000,113.000000,0.000000,100.000000,100.000000,92.857143
I95I495_EB,AM,12,3.574984,6.375151,12,4.415131,3.574984,6.094163,0.606361,12,10.040654,17.645522,12,14.659177,-9.396182,17.115986,0.353812,12,12.971166,37.801013,12,18.291008,12.971166,26.328705,0.026158,12,0,0,0,0,,0,0,,,,,100.000000,0,0,,,,,,,12,0,75,75,75,,0,75,0.000000,0.000000,,,58.333333,0,1,,420.000000,,,495.000000,,58.662434,62.237419,49.266252,98.423949,100.000000,100.000000,4,4.000000,4.000000,4.000000,8.000000,2.670000,8.000000,0.000000,100.000000,100.000000,100.000000
I95I495_EB,MD,24,15.910094,29.562387,24,19.268438,-15.910094,29.185212,0.492816,24,16.552024,29.367048,24,21.307743,-16.502676,30.362759,0.272122,24,5.315567,17.359268,24,6.903035,0.592582,13.984083,0.793727,24,75,225,150,150,200.000000,75,225,33.333333,33.333333,100.000000,50.000000,58.333333,1,1,825.000000,675.000000,-150.000000,900.000000,900.000000,0.000000,24,75,240,165,165,220.000000,75,240,31.250000,31.250000,100.000000,47.619048,54.166667,1,1,825.000000,660.000000,-165.000000,900.000000,900.000000,0.000000,54.514230,38.604136,38.011554,99.211975,100.000000,100.000000,4,4.000000,4.000000,4.000000,8.000000,2.670000,8.000000,0.000000,100.000000,100.000000,100.000000
I95I495_EB,PM,16,3.079948,21.117044,16,3.569086,3.079948,21.511115,0.723717,16,2.780510,19.420445,16,3.176187,-0.364923,19.419761,0.793624,16,3.444871,31.169014,16,3.997889,3.444871,24.689078,0.878637,16,240,240,0,0,0.000000,240,240,100.000000,100.000000,100.000000,100.000000,100.000000,1,1,900.000000,900.000000,0.000000,1140.000000,1140.000000,0.000000,16,240,240,0,0,0.000000,240,240,100.000000,100.000000,100.000000,100.000000,100.000000,1,1,900.000000,900.000000,0.000000,1140.000000,1140.000000,0.000000,14.317939,17.397888,13.953017,99.675944,100.000000,100.000000,4,4.000000,4.000000,4.000000,8.000000,2.670000,8.000000,0.000000,100.000000,100.000000,100.000000
I95I495_WB,AM,12,2.112672,3.607775,12,2.642959,1.701113,3.522771,0.036452,12,15.515597,26.550636,12,19.847723,-15.515597,25.871457,0.928498,12,17.216710,57.386846,12,22.369007,17.216710,38.727289,0.001037,12,0,0,0,0,,0,0,,,,,100.000000,0,0,,,,,,,12,0,90,90,90,,0,90,0.000000,0.000000,,,50.000000,0,1,,405.000000,,,495.000000,,59.971872,61.672985,44.456275,100.000000,100.000000,100.000000,3,3.000000,3.000000,3.000000,3.000000,1.120000,3.000000,0.000000,100.000000,100.000000,100.000000
I95I495_WB,MD,24,1.060834,1.692274,24,1.187359,-0.973556,1.697536,0.061706,24,17.171444,27.332762,24,22.863546,-17.084602,27.477559,0.284513,24,16.111046,55.450108,24,21.884395,16.111046,35.480626,0.000480,24,0,0,0,0,,0,0,,,,,100.000000,0,0,,,,,,,24,0,180,180,180,,0,180,0.000000,0.000000,,,50.000000,0,1,,630.000000,,,810.000000,,62.492613,61.519057,45.408010,100.000000,100.000000,100.000000,3,3.000000,3.000000,3.000000,3.000000,1.120000,3.000000,0.000000,100.000000,100.000000,100.000000
I95I495_WB,PM,14,5.516554,10.085122,14,5.908362,5.516554,9.929634,0.222536,14,13.507253,24.859543,14,19.077081,-12.105482,24.312653,0.468671,16,18.766767,71.177200,16,24.310431,18.766767,44.361605,0.027199,14,0,0,0,0,,0,0,,,,,100.000000,0,0,,,,,,,14,0,90,90,90,,0,90,0.000000,0.000000,,,57.142857,0,1,,960.000000,,,1080.000000,,55.556473,61.070843,42.304076,93.194153,100.000000,100.000000,3,3.000000,3.000000,3.000000,3.000000,1.120000,3.000000,0.000000,100.000000,100.000000,100.000000
I95_NB,AM,12,3.944173,8.245917,12,4.441168,-2.849373,7.996643,0.927224,12,9.697185,20.548939,12,12.102187,-9.009119,19.660631,0.887683,12,6.173808,20.497818,12,8.105462,6.159746,15.314403,0.913874,12,90,120,30,30,33.333333,90,120,75.000000,75.000000,100.000000,85.714286,83.333333,1,1,390.000000,375.000000,-15.000000,480.000000,495.000000,15.000000,12,90,135,45,45,50.000000,90,135,66.666667,66.666667,100.000000,80.000000,75.000000,1,1,390.000000,375.000000,-15.000000,480.000000,510.000000,30.000000,49.322857,46.473484,40.313737,99.337454,100.000000,100.000000,25,25.000000,25.000000,25.000000,41.000000,23.190000,41.000000,0.000000,100.000000,100.000000,100.000000
I95_NB,MD,24,6.912824,12.281907,24,7.662978,-6.912824,12.021569,0.773501,24,20.606730,36.064002,24,23.140783,-20.606730,35.835602,0.149061,24,13.694478,46.701314,24,16.579577,13.693906,37.115643,0.329521,24,0,120,120,120,,0,120,0.000000,0.000000,,,66.666667,0,1,,780.000000,,,900.000000,,24,0,270,270,270,,0,270,0.000000,0.000000,,,25.000000,0,1,,630.000000,,,900.000000,,57.503513,50.590689,36.896783,96.768671,100.000000,100.000000,25,25.000000,25.000000,25.000000,41.000000,23.190000,41.000000,0.000000,100.000000,100.000000,100.000000
I95_NB,PM,16,5.981182,11.764181,16,7.471039,-4.846268,11.491337,0.785265,16,13.077560,25.777106,16,16.470546,-12.684973,25.125240,0.666954,16,7.838704,27.383257,16,10.164007,7.838704,19.913121,0.801831,16,0,135,135,135,,0,135,0.000000,0.000000,,,43.750000,0,1,,915.000000,,,1050.000000,,16,0,165,165,165,,0,165,0.000000,0.000000,,,31.250000,0,1,,915.000000,,,1080.000000,,52.049491,47.203223,39.364519,95.584736,100.000000,100.000000,25,25.000000,25.000000,25.000000,41.000000,23.190000,41.000000,0.000000,100.000000,100.000000,100.000000
I95_SB,AM,12,1.269331,2.014622,12,1.482111,1.269331,1.994516,0.783780,12,15.054051,23.825336,12,20.357308,-14.883768,23.654624,0.144250,12,16.153099,48.200202,12,21.644724,16.153099,33.129611,0.003159,12,0,0,0,0,,0,0,,,,,100.000000,0,0,,,,,,,12,0,75,75,75,,0,75,0.000000,0.000000,,,58.333333,0,1,,420.000000,,,495.000000,,63.641052,64.910383,48.757284,97.083377,100.000000,100.000000,24,24.000000,24.000000,24.000000,37.000000,23.180000,37.000000,0.000000,100.000000,100.000000,100.000000
I95_SB,MD,24,4.564888,9.108967,24,5.297465,0.782682,8.812596,0.586155,24,11.382283,22.750886,24,15.070301,-11.189325,21.973697,0.493266,24,12.522141,44.678673,24,17.250420,11.972008,30.834922,0.157974,24,90,120,30,30,33.333333,45,165,27.272727,37.500000,50.000000,42.857143,66.666667,2,1,675.000000,780.000000,105.000000,900.000000,900.000000,0.000000,24,90,270,180,180,200.000000,90,270,33.333333,33.333333,100.000000,50.000000,50.000000,2,1,675.000000,630.000000,-45.000000,900.000000,900.000000,0.000000,51.799582,52.582264,40.610257,97.668952,100.000000,100.000000,24,24.000000,24.000000,24.000000,37.000000,23.180000,37.000000,0.000000,100.000000,100.000000,100.000000
I95_SB,PM,16,2.589284,7.658484,16,3.210199,-0.760728,7.610899,0.564293,16,8.272860,25.307790,16,9.725319,-8.157963,24.317107,0.874924,16,7.397235,35.093809,16,8.591219,7.397235,28.601860,0.718999,16,240,240,0,0,0.000000,240,240,100.000000,100.000000,100.000000,100.000000,100.000000,1,1,900.000000,900.000000,0.000000,1140.000000,1140.000000,0.000000,16,240,240,0,0,0.000000,240,240,100.000000,100.000000,100.000000,100.000000,100.000000,1,1,900.000000,900.000000,0.000000,1140.000000,1140.000000,0.000000,34.020739,33.260011,25.862776,95.163382,100.000000,100.000000,24,24.000000,24.000000,24.000000,37.000000,23.180000,37.000000,0.000000,100.000000,100.000000,100.000000
SHELLHORNRD_EB,AM,12,1.049731,2.568053,12,1.290345,-0.884184,2.608487,0.364407,12,7.495048,18.756759,12,8.704868,-7.495048,18.624523,0.319491,12,6.610865,23.148530,12,8.253015,6.610865,20.187170,0.016208,12,0,0,0,0,,0,0,,,,,100.000000,0,0,,,,,,,12,0,75,75,75,,0,75,0.000000,0.000000,,,58.333333,0,1,,420.000000,,,495.000000,,40.242901,39.358717,32.747852,100.000000,100.000000,100.000000,2,2.000000,2.000000,1.000000,2.000000,0.910000,2.000000,0.000000,100.000000,100.000000,50.000000
SHELLHORNRD_EB,MD,24,2.319087,5.753710,24,2.356001,-2.319087,5.758416,0.246987,24,8.230288,20.442092,24,9.273458,-8.230288,20.436242,0.018232,24,5.911201,20.678995,24,7.303231,5.911201,18.447879,0.009411,24,0,0,0,0,,0,0,,,,,100.000000,0,0,,,,,,,24,0,165,165,165,,0,165,0.000000,0.000000,,,54.166667,0,1,,645.000000,,,810.000000,,40.273002,37.953915,32.042714,100.000000,100.000000,100.000000,2,2.000000,2.000000,1.000000,2.000000,0.910000,2.000000,0.000000,100.000000,100.000000,50.000000
SHELLHORNRD_EB,PM,16,2.354250,5.910140,16,2.469866,-2.354250,5.943010,0.098466,16,7.936845,19.910462,16,9.141671,-7.936845,20.035571,0.260891,16,5.582595,19.733934,16,6.941275,5.582595,17.623538,0.000300,16,0,0,0,0,,0,0,,,,,100.000000,0,0,,,,,,,16,0,120,120,120,,0,120,0.000000,0.000000,,,50.000000,0,1,,960.000000,,,1080.000000,,39.613771,37.259521,31.676926,100.000000,100.000000,100.000000,2,2.000000,2.000000,1.000000,2.000000,0.910000,2.000000,0.000000,100.000000,100.000000,50.000000
SHELLHORNRD_WB,AM,8,1.291003,3.552651,8,1.628545,1.204368,3.470813,0.022590,8,3.683832,10.081510,8,5.067705,-3.683832,9.903847,0.576825,12,4.731288,15.614385,12,6.059329,4.731288,14.051538,0.000191,8,0,0,0,0,,0,0,,,,,100.000000,0,0,,,,,,,8,0,45,45,45,,0,45,0.000000,0.000000,,,62.500000,0,1,,420.000000,,,495.000000,,37.195973,38.402250,33.670962,84.553922,100.000000,100.000000,3,3.000000,3.000000,0.000000,3.000000,1.510000,3.000000,0.000000,100.000000,100.000000,0.000000
SHELLHORNRD_WB,MD,24,1.724524,4.351965,24,1.927329,-1.724524,4.376936,0.111498,24,6.159376,15.593134,24,7.140537,-6.159376,15.632833,0.031149,24,4.434852,14.627653,24,5.614050,4.434852,13.341561,0.017862,24,0,0,0,0,,0,0,,,,,100.000000,0,0,,,,,,,24,0,120,120,120,,0,120,0.000000,0.000000,,,66.666667,0,1,,660.000000,,,780.000000,,39.400258,37.675734,33.240881,100.000000,100.000000,100.000000,3,3.000000,3.000000,0.000000,3.000000,1.510000,3.000000,0.000000,100.000000,100.000000,0.000000
SHELLHORNRD_WB,PM,16,1.350724,3.369822,16,1.560262,-1.333128,3.400967,0.559534,16,6.165802,15.369732,16,7.516649,-6.165802,15.524774,0.052867,16,4.832674,15.940471,16,6.143927,4.832674,14.404356,0.035732,16,0,0,0,0,,0,0,,,,,100.000000,0,0,,,,,,,16,0,90,90,90,,0,90,0.000000,0.000000,,,62.500000,0,1,,975.000000,,,1065.000000,,39.715890,38.382762,33.550088,100.000000,100.000000,100.000000,3,3.000000,3.000000,0.000000,3.000000,1.510000,3.000000,0.000000,100.000000,100.000000,0.000000
US15_NB,AM,12,1.869392,4.369518,12,2.155586,1.869392,4.311172,0.666476,12,2.501342,5.891107,12,3.552737,-1.195148,5.768570,0.546099,12,3.281527,8.945227,12,5.201771,3.064540,7.782326,0.117242,12,0,0,0,0,,0,0,,,,,100.000000,0,0,,,,,,,12,0,30,30,30,,0,30,0.000000,0.000000,,,83.333333,0,1,,435.000000,,,465.000000,,43.361560,45.230951,42.166412,98.071947,100.000000,100.000000,15,15.000000,15.000000,13.000000,55.000000,39.160000,55.000000,0.000000,100.000000,100.000000,86.666667
US15_NB,MD,24,3.195645,7.617537,24,3.682056,-3.187206,7.571001,0.694822,24,3.185694,7.426177,24,4.468604,-3.002277,7.547425,0.226625,24,2.433821,6.477728,24,3.051932,-0.184930,6.207659,0.382659,24,15,90,75,75,500.000000,15,90,16.666667,16.666667,100.000000,28.571429,79.166667,1,1,885.000000,810.000000,-75.000000,900.000000,900.000000,0.000000,24,15,105,90,90,600.000000,15,105,14.285714,14.285714,100.000000,25.000000,75.000000,1,2,885.000000,690.000000,-195.000000,900.000000,900.000000,0.000000,42.209019,39.021813,39.206742,96.849899,100.000000,100.000000,15,15.000000,15.000000,13.000000,55.000000,39.160000,55.000000,0.000000,100.000000,100.000000,86.666667
US15_NB,PM,16,3.144544,9.309409,16,3.450596,1.824474,9.209985,0.476829,16,4.067536,12.125787,16,4.782921,-2.284721,11.913315,0.719192,16,4.110558,14.587436,16,4.850377,4.109195,12.902729,0.897862,16,195,105,-90,90,46.153846,105,195,53.846154,100.000000,53.846154,70.000000,62.500000,1,1,900.000000,900.000000,0.000000,1095.000000,1005.000000,-90.000000,16,195,165,-30,30,15.384615,165,195,84.615385,100.000000,84.615385,91.666667,87.500000,1,1,900.000000,900.000000,0.000000,1095.000000,1065.000000,-30.000000,34.142773,35.967247,31.858053,98.377899,100.000000,100.000000,15,15.000000,15.000000,13.000000,55.000000,39.160000,55.000000,0.000000,100.000000,100.000000,86.666667
US15_SB,AM,12,1.412245,3.325745,12,1.865600,-0.190783,3.348530,0.531257,12,2.994081,7.256422,12,3.758860,-2.336271,7.099171,0.562768,12,2.237756,6.442694,12,3.592927,2.145488,5.617025,0.654730,12,0,0,0,0,,0,0,,,,,100.000000,0,0,,,,,,,12,0,45,45,45,,0,45,0.000000,0.000000,,,75.000000,0,1,,435.000000,,,480.000000,,42.175080,41.984297,39.838809,95.664260,100.000000,100.000000,15,15.000000,15.000000,12.000000,55.000000,39.160000,55.000000,0.000000,100.000000,100.000000,80.000000
US15_SB,MD,24,2.294693,5.237724,24,2.501867,-2.217857,5.301663,0.341861,24,3.655335,8.309728,24,5.095907,-3.541450,8.445293,0.109713,24,2.346118,6.448493,24,3.444847,1.323593,5.903510,0.354765,24,0,0,0,0,,0,0,,,,,100.000000,0,0,,,,,,,24,0,60,60,60,,0,60,0.000000,0.000000,,,83.333333,0,1,,690.000000,,,750.000000,,43.282514,41.064657,39.741065,98.545429,100.000000,100.000000,15,15.000000,15.000000,12.000000,55.000000,39.160000,55.000000,0.000000,100.000000,100.000000,80.000000
US15_SB,PM,16,1.602208,4.177769,16,2.079873,1.583768,4.046481,0.527582,16,1.482225,3.836602,16,1.870407,-0.130404,3.743458,0.776884,16,2.010406,5.643542,16,3.104269,1.714171,5.094192,0.497689,16,0,0,0,0,,0,0,,,,,100.000000,0,0,,,,,,,16,0,60,60,60,,0,60,0.000000,0.000000,,,75.000000,0,1,,990.000000,,,1050.000000,,39.595079,41.178847,39.464676,95.326357,100.000000,100.000000,15,15.000000,15.000000,12.000000,55.000000,39.160000,55.000000,0.000000,100.000000,100.000000,80.000000
US1_NB,AM,12,1.878400,5.995355,12,2.020618,1.878400,5.901754,0.885448,12,2.090326,6.622978,12,2.366750,1.812149,6.567604,0.681727,12,1.359648,4.222857,12,1.661128,0.066251,4.041763,0.624518,12,120,75,-45,45,37.500000,75,120,62.500000,100.000000,62.500000,76.923077,75.000000,1,1,420.000000,465.000000,45.000000,540.000000,540.000000,0.000000,12,120,60,-60,60,50.000000,60,120,50.000000,100.000000,50.000000,66.666667,66.666667,1,2,420.000000,435.000000,15.000000,540.000000,540.000000,0.000000,31.827827,33.706227,33.639976,93.773489,100.000000,100.000000,37,37.000000,37.000000,34.000000,112.000000,31.470000,112.000000,0.000000,100.000000,100.000000,91.891892
US1_NB,MD,24,0.298437,0.930658,24,0.355121,-0.294641,0.923304,0.957810,24,2.227040,6.878959,24,2.738603,2.077547,6.890003,0.195001,24,2.446907,6.869581,24,3.004670,-2.372187,7.113036,0.126420,24,210,240,30,30,14.285714,210,240,87.500000,87.500000,100.000000,93.333333,91.666667,1,1,690.000000,660.000000,-30.000000,900.000000,900.000000,0.000000,24,210,90,-120,120,57.142857,90,210,42.857143,100.000000,42.857143,60.000000,66.666667,1,2,690.000000,705.000000,15.000000,900.000000,900.000000,0.000000,32.322764,32.028124,34.400311,99.290426,100.000000,100.000000,37,33.000000,33.000000,31.000000,102.000000,30.350000,102.000000,0.000000,89.189189,89.189189,93.939394
US1_NB,PM,16,0.723118,2.410543,16,0.907251,-0.572746,2.377568,0.881707,16,1.303693,4.340294,16,1.788834,-0.785122,4.286466,0.657410,16,0.846661,3.017814,16,1.110626,0.212376,2.857537,0.815118,16,240,240,0,0,0.000000,240,240,100.000000,100.000000,100.000000,100.000000,100.000000,1,1,900.000000,900.000000,0.000000,1140.000000,1140.000000,0.000000,16,240,240,0,0,0.000000,240,240,100.000000,100.000000,100.000000,100.000000,100.000000,1,1,900.000000,900.000000,0.000000,1140.000000,1140.000000,0.000000,30.414175,29.841428,29.629053,98.330620,100.000000,100.000000,37,33.000000,33.000000,31.000000,102.000000,30.350000,102.000000,0.000000,89.189189,89.189189,93.939394
US1_SB,AM,12,0.827617,2.500513,12,0.996414,0.827617,2.460028,0.852398,12,2.313518,6.932570,12,2.731679,1.905452,6.876753,0.297044,12,2.000372,5.616214,12,2.317338,-1.077835,5.627236,0.225351,12,60,0,-60,60,100.000000,0,60,0.000000,,0.000000,,66.666667,1,0,465.000000,,,525.000000,,,12,60,30,-30,30,50.000000,0,90,0.000000,0.000000,0.000000,,50.000000,1,1,465.000000,435.000000,-30.000000,525.000000,465.000000,-60.000000,33.642588,34.470206,35.548041,98.668686,100.000000,100.000000,36,31.000000,31.000000,29.000000,101.000000,30.150000,101.000000,0.000000,86.111111,86.111111,93.548387
US1_SB,MD,24,0.911364,2.897248,24,0.992147,-0.777735,2.882650,0.823692,24,1.855914,5.831173,24,2.299031,1.753342,5.870268,0.571595,24,2.531077,7.362804,24,3.063244,-2.531077,7.585154,0.354627,24,270,300,30,30,11.111111,225,345,65.217391,75.000000,83.333333,78.947368,66.666667,2,1,540.000000,600.000000,60.000000,900.000000,900.000000,0.000000,24,270,105,-165,165,61.111111,105,270,38.888889,100.000000,38.888889,56.000000,54.166667,2,2,540.000000,705.000000,165.000000,900.000000,900.000000,0.000000,31.615487,30.837751,33.368828,98.438929,100.000000,100.000000,36,31.000000,31.000000,29.000000,101.000000,30.150000,101.000000,0.000000,86.111111,86.111111,93.548387
US1_SB,PM,16,0.934134,3.654642,16,0.997302,0.934134,3.606331,0.939251,16,1.361470,5.284566,16,1.485512,1.361470,5.256108,0.813817,16,0.554505,2.023584,16,0.660892,-0.427335,2.033831,0.868844,16,240,240,0,0,0.000000,240,240,100.000000,100.000000,100.000000,100.000000,100.000000,1,1,900.000000,900.000000,0.000000,1140.000000,1140.000000,0.000000,16,240,240,0,0,0.000000,240,240,100.000000,100.000000,100.000000,100.000000,100.000000,1,1,900.000000,900.000000,0.000000,1140.000000,1140.000000,0.000000,25.902619,26.836753,27.264088,98.304502,100.000000,100.000000,36,36.000000,36.000000,33.000000,111.000000,31.270000,111.000000,0.000000,100.000000,100.000000,91.666667
US29_NB,AM,12,0.741313,2.462677,12,0.848658,0.741313,2.384120,0.977214,12,1.384458,4.528326,12,1.569286,0.404972,4.452523,0.686282,12,1.182268,3.987623,12,1.552325,0.336342,3.753381,0.698797,12,135,120,-15,15,11.111111,120,135,88.888889,100.000000,88.888889,94.117647,91.666667,1,1,405.000000,420.000000,15.000000,540.000000,540.000000,0.000000,12,135,120,-15,15,11.111111,120,135,88.888889,100.000000,88.888889,94.117647,91.666667,1,1,405.000000,420.000000,15.000000,540.000000,540.000000,0.000000,31.093786,31.835099,31.498757,97.445258,100.000000,100.000000,46,46.000000,46.000000,45.000000,128.000000,33.930000,128.000000,0.000000,100.000000,100.000000,97.826087
US29_NB,MD,24,1.407669,4.633629,24,1.521586,-1.407669,4.637000,0.461747,24,0.980796,3.234314,24,1.470022,-0.334677,3.230841,0.463157,24,1.469287,4.819858,24,1.765247,-1.072992,4.893932,0.420400,24,360,360,0,0,0.000000,360,360,100.000000,100.000000,100.000000,100.000000,100.000000,1,1,540.000000,540.000000,0.000000,900.000000,900.000000,0.000000,24,360,360,0,0,0.000000,360,360,100.000000,100.000000,100.000000,100.000000,100.000000,1,1,540.000000,540.000000,0.000000,900.000000,900.000000,0.000000,30.357314,28.949646,30.022638,98.916199,100.000000,100.000000,46,46.000000,46.000000,45.000000,128.000000,33.930000,128.000000,0.000000,100.000000,100.000000,97.826087
US29_NB,PM,16,0.590236,2.006485,16,0.654162,-0.506443,2.007243,0.694980,16,1.096034,3.741639,16,1.335554,0.254575,3.727337,0.385332,16,1.288364,4.342534,16,1.489028,-0.761018,4.343797,0.386272,16,240,240,0,0,0.000000,240,240,100.000000,100.000000,100.000000,100.000000,100.000000,1,1,900.000000,900.000000,0.000000,1140.000000,1140.000000,0.000000,16,240,240,0,0,0.000000,240,240,100.000000,100.000000,100.000000,100.000000,100.000000,1,1,900.000000,900.000000,0.000000,1140.000000,1140.000000,0.000000,29.405291,28.898848,29.659866,96.742702,100.000000,100.000000,46,46.000000,46.000000,45.000000,128.000000,33.930000,128.000000,0.000000,100.000000,100.000000,97.826087
US29_SB,AM,12,0.823701,2.614365,12,0.983960,0.823701,2.562176,0.893808,12,2.466036,7.763653,12,3.019997,2.298507,7.670771,0.270478,12,2.051013,5.863267,12,2.370929,-1.474806,5.954114,0.314794,12,105,75,-30,30,28.571429,75,105,71.428571,100.000000,71.428571,83.333333,83.333333,1,1,435.000000,465.000000,30.000000,540.000000,540.000000,0.000000,12,105,45,-60,60,57.142857,45,105,42.857143,100.000000,42.857143,60.000000,66.666667,1,2,435.000000,435.000000,0.000000,540.000000,540.000000,0.000000,32.148476,32.972177,34.446983,98.519055,100.000000,100.000000,48,48.000000,48.000000,46.000000,125.000000,33.700000,125.000000,0.000000,100.000000,100.000000,95.833333
US29_SB,MD,24,0.280187,0.941493,24,0.384685,-0.266161,0.935017,0.906126,24,2.273565,7.575372,24,2.804918,2.252704,7.587140,0.244162,24,2.533865,7.610939,24,3.049783,-2.518866,7.864570,0.190494,24,360,360,0,0,0.000000,360,360,100.000000,100.000000,100.000000,100.000000,100.000000,1,1,540.000000,540.000000,0.000000,900.000000,900.000000,0.000000,24,360,180,-180,180,50.000000,180,360,50.000000,100.000000,50.000000,66.666667,50.000000,1,3,540.000000,540.000000,0.000000,900.000000,900.000000,0.000000,29.966032,29.699871,32.218737,99.323444,100.000000,100.000000,48,48.000000,48.000000,46.000000,125.000000,33.700000,125.000000,0.000000,100.000000,100.000000,95.833333
US29_SB,PM,16,0.975710,3.646324,16,1.061061,-0.363259,3.611925,0.755855,16,1.282656,4.823998,16,1.533026,-0.515393,4.748192,0.691707,16,0.422695,1.713895,16,0.590681,0.152134,1.595186,0.963329,16,240,240,0,0,0.000000,240,240,100.000000,100.000000,100.000000,100.000000,100.000000,1,1,900.000000,900.000000,0.000000,1140.000000,1140.000000,0.000000,16,240,240,0,0,0.000000,240,240,100.000000,100.000000,100.000000,100.000000,100.000000,1,1,900.000000,900.000000,0.000000,1140.000000,1140.000000,0.000000,27.013574,26.650315,26.498181,97.558117,100.000000,100.000000,48,48.000000,48.000000,46.000000,125.000000,33.700000,125.000000,0.000000,100.000000,100.000000,95.833333
US340_EB,AM,12,2.779331,8.374395,12,3.126667,2.776725,8.208578,0.407497,12,2.256841,6.726062,12,2.546129,0.608221,6.665437,0.562531,12,2.757432,8.893947,12,3.906174,2.168503,8.000189,0.155343,12,30,0,-30,30,100.000000,0,30,0.000000,,0.000000,,83.333333,1,0,465.000000,,,495.000000,,,12,30,60,30,30,100.000000,15,75,20.000000,25.000000,50.000000,33.333333,66.666667,1,1,465.000000,420.000000,-45.000000,495.000000,480.000000,-15.000000,33.858859,36.635583,34.467080,100.000000,100.000000,100.000000,1,1.000000,1.000000,0.000000,1.000000,1.230000,1.000000,0.000000,100.000000,100.000000,0.000000
US340_EB,MD,24,0.368204,1.087289,24,0.441462,-0.210880,1.096871,0.848773,24,2.756604,8.221887,24,3.217571,1.224627,8.211861,0.015004,24,2.668101,7.539479,24,3.139360,-1.435507,7.668459,0.091012,24,45,60,15,15,33.333333,30,75,40.000000,50.000000,66.666667,57.142857,87.500000,2,1,780.000000,840.000000,60.000000,900.000000,900.000000,0.000000,24,45,90,45,45,100.000000,15,120,12.500000,16.666667,33.333333,22.222222,70.833333,2,2,780.000000,690.000000,-90.000000,900.000000,900.000000,0.000000,33.568560,33.357681,34.793188,100.000000,100.000000,100.000000,1,1.000000,1.000000,0.000000,1.000000,1.230000,1.000000,0.000000,100.000000,100.000000,0.000000
US340_EB,PM,16,1.254338,3.862238,16,1.618257,-1.044282,3.803054,0.692455,16,4.777186,14.826951,16,6.382780,-4.710000,14.484052,0.633987,16,3.665719,15.780000,16,4.894686,3.665719,12.965721,0.957809,16,120,135,15,15,12.500000,120,135,88.888889,88.888889,100.000000,94.117647,93.750000,1,1,900.000000,900.000000,0.000000,1020.000000,1035.000000,15.000000,16,120,165,45,45,37.500000,120,165,72.727273,72.727273,100.000000,84.210526,81.250000,1,1,900.000000,900.000000,0.000000,1020.000000,1065.000000,45.000000,32.982386,31.938104,28.272385,100.000000,100.000000,100.000000,1,1.000000,1.000000,0.000000,1.000000,1.230000,1.000000,0.000000,100.000000,100.000000,0.000000
US340_WB,AM,12,0.683064,1.718046,12,0.942252,0.650016,1.689451,0.327247,12,3.321550,8.266174,12,4.879891,-2.435742,8.215330,0.230316,12,3.772808,11.466712,12,5.471455,3.085758,9.929648,0.021631,12,0,0,0,0,,0,0,,,,,100.000000,0,0,,,,,,,12,0,30,30,30,,0,30,0.000000,0.000000,,,83.333333,0,1,,435.000000,,,465.000000,,40.431123,41.081139,37.995381,100.000000,100.000000,100.000000,1,1.000000,1.000000,0.000000,1.000000,1.230000,1.000000,0.000000,100.000000,100.000000,0.000000
US340_WB,MD,24,0.680774,1.807866,24,0.825489,0.349935,1.797537,0.764733,24,2.879899,7.627863,24,3.618917,-0.423117,7.604183,0.306199,24,3.052990,8.852519,24,3.941433,0.773052,8.152297,0.119842,24,0,0,0,0,,0,0,,,,,100.000000,0,0,,,,,,,24,0,75,75,75,,0,75,0.000000,0.000000,,,79.166667,0,1,,690.000000,,,765.000000,,37.872565,38.222500,37.449448,100.000000,100.000000,100.000000,1,1.000000,1.000000,0.000000,1.000000,1.230000,1.000000,0.000000,100.000000,100.000000,0.000000
US340_WB,PM,16,1.779440,5.195782,16,2.228299,1.779440,5.029949,0.361304,16,1.238910,3.530065,16,1.618670,1.147907,3.502033,0.659463,16,1.508328,4.302746,16,1.977269,0.631533,4.129599,0.088442,16,0,0,0,0,,0,0,,,,,100.000000,0,0,,,,,,,16,0,0,0,0,,0,0,,,,,100.000000,0,0,,,,,,,35.376894,37.156333,36.524800,100.000000,100.000000,100.000000,1,1.000000,1.000000,0.000000,1.000000,1.230000,1.000000,0.000000,100.000000,100.000000,0.000000
US50_EB,AM,12,1.495791,4.467618,12,1.553956,1.495791,4.373460,0.985549,12,1.645796,4.929188,12,1.828698,0.341851,4.812048,0.726110,12,1.528443,4.829087,12,2.288413,1.153940,4.424703,0.671430,12,90,30,-60,60,66.666667,30,90,33.333333,100.000000,33.333333,50.000000,66.666667,1,1,450.000000,480.000000,30.000000,540.000000,510.000000,-30.000000,12,90,60,-30,30,33.333333,45,105,42.857143,75.000000,50.000000,60.000000,66.666667,1,1,450.000000,435.000000,-15.000000,540.000000,495.000000,-45.000000,34.201560,35.697352,34.543411,96.546929,100.000000,100.000000,51,51.000000,51.000000,50.000000,114.000000,39.650000,114.000000,0.000000,100.000000,100.000000,98.039216
US50_EB,MD,24,0.998705,2.894947,24,1.067835,-0.973584,2.913695,0.625852,24,1.228205,3.566576,24,1.519449,0.400485,3.583254,0.201599,24,1.777946,5.032272,24,2.084169,-1.374070,5.127201,0.092793,24,15,105,90,90,600.000000,15,105,14.285714,14.285714,100.000000,25.000000,75.000000,1,1,885.000000,795.000000,-90.000000,900.000000,900.000000,0.000000,24,15,75,60,60,400.000000,15,75,20.000000,20.000000,100.000000,33.333333,83.333333,1,2,885.000000,705.000000,-180.000000,900.000000,900.000000,0.000000,34.276250,33.302666,34.676736,98.948990,100.000000,100.000000,51,51.000000,51.000000,50.000000,114.000000,39.650000,114.000000,0.000000,100.000000,100.000000,98.039216
US50_EB,PM,16,0.413639,1.272580,16,0.523868,0.407633,1.285761,0.932732,16,1.556701,4.863032,16,1.812904,0.150330,4.838874,0.708390,16,1.259657,4.145481,16,1.706409,0.257302,3.897326,0.627823,16,225,165,-60,60,26.666667,165,225,73.333333,100.000000,73.333333,84.615385,75.000000,1,1,900.000000,930.000000,30.000000,1125.000000,1095.000000,-30.000000,16,225,105,-120,120,53.333333,105,225,46.666667,100.000000,46.666667,63.636364,50.000000,1,1,900.000000,975.000000,75.000000,1125.000000,1080.000000,-45.000000,32.170720,32.578352,32.321050,98.626365,100.000000,100.000000,51,51.000000,51.000000,50.000000,114.000000,39.650000,114.000000,0.000000,100.000000,100.000000,98.039216
US50_WB,AM,12,0.636916,1.742615,12,0.742070,0.453239,1.720086,0.909396,12,1.749519,4.792406,12,2.253922,0.359283,4.724832,0.278966,12,1.756811,4.949552,12,2.372129,0.093956,4.698933,0.174155,12,0,0,0,0,,0,0,,,,,100.000000,0,0,,,,,,,12,0,15,15,15,,0,15,0.000000,0.000000,,,91.666667,0,1,,450.000000,,,465.000000,,37.028165,37.481404,37.387449,99.852212,100.000000,100.000000,50,50.000000,50.000000,49.000000,113.000000,39.660000,113.000000,0.000000,100.000000,100.000000,98.000000
US50_WB,MD,24,1.422672,3.899711,24,1.476237,-1.422672,3.903319,0.649668,24,1.228914,3.379162,24,1.792152,-0.726117,3.371714,0.255763,24,1.613247,4.541273,24,1.908959,-0.696555,4.516164,0.090763,24,0,0,0,0,,0,0,,,,,100.000000,0,0,,,,,,,24,0,45,45,45,,0,45,0.000000,0.000000,,,87.500000,0,1,,705.000000,,,750.000000,,36.447753,35.025081,35.721636,98.377635,100.000000,100.000000,50,50.000000,50.000000,49.000000,113.000000,39.660000,113.000000,0.000000,100.000000,100.000000,98.000000
US50_WB,PM,16,0.692727,2.176389,16,0.955252,-0.629723,2.123760,0.919048,16,1.525181,4.828022,16,2.275524,-1.189065,4.675892,0.789248,16,0.981833,3.461087,16,1.403531,0.559341,3.123982,0.939883,16,165,165,0,0,0.000000,165,165,100.000000,100.000000,100.000000,100.000000,100.000000,1,1,930.000000,930.000000,0.000000,1095.000000,1095.000000,0.000000,16,165,150,-15,15,9.090909,150,165,90.909091,100.000000,90.909091,95.238095,93.750000,1,1,930.000000,945.000000,15.000000,1095.000000,1095.000000,0.000000,32.617957,31.988234,31.428892,97.963864,100.000000,100.000000,50,50.000000,50.000000,49.000000,113.000000,39.660000,113.000000,0.000000,100.000000,100.000000,98.000000
VA110_NB,AM,10,2.560193,6.104135,10,2.851026,2.560193,6.033940,0.619355,10,4.229465,10.118147,10,5.406230,-0.582793,9.968131,0.400067,12,7.237073,26.220867,12,10.810699,6.217808,18.660492,0.037345,10,0,0,0,0,,0,0,,,,,100.000000,0,0,,,,,,,10,0,30,30,30,,0,30,0.000000,0.000000,,,80.000000,0,2,,420.000000,,,480.000000,,42.429869,45.000674,38.782865,94.834523,100.000000,100.000000,5,5.000000,5.000000,4.000000,6.000000,2.160000,6.000000,0.000000,100.000000,100.000000,80.000000
VA110_NB,MD,24,0.962552,2.154784,24,1.139538,0.535998,2.165990,0.645200,24,6.539470,14.610091,24,9.039211,-2.870098,14.715502,0.015598,24,6.119944,19.564043,24,8.963646,3.406096,14.722294,0.018794,24,0,0,0,0,,0,0,,,,,100.000000,0,0,,,,,,,24,0,90,90,90,,0,90,0.000000,0.000000,,,75.000000,0,1,,675.000000,,,765.000000,,44.439327,44.975325,41.569229,100.000000,100.000000,100.000000,5,5.000000,5.000000,4.000000,6.000000,2.160000,6.000000,0.000000,100.000000,100.000000,80.000000
VA110_NB,PM,15,1.150737,2.544841,15,1.194365,0.658865,2.544271,0.114521,15,8.592595,19.192614,15,12.285834,-7.275260,18.998161,0.645300,16,8.308352,32.777633,16,12.520500,7.429004,21.660280,0.016415,15,0,0,0,0,,0,0,,,,,100.000000,0,0,,,,,,,15,0,90,90,90,,0,90,0.000000,0.000000,,,60.000000,0,1,,975.000000,,,1065.000000,,45.228564,45.786548,38.357544,98.024263,100.000000,100.000000,5,5.000000,5.000000,4.000000,6.000000,2.160000,6.000000,0.000000,100.000000,100.000000,80.000000
VA110_SB,AM,10,1.421719,2.951744,10,1.461428,1.421719,2.949946,0.247590,10,5.937023,12.337208,10,9.569678,-3.315137,12.318819,0.037110,12,7.918454,27.383374,12,12.312453,7.135857,18.628684,0.002780,10,0,0,0,0,,0,0,,,,,100.000000,0,0,,,,,,,10,0,30,30,30,,0,30,0.000000,0.000000,,,80.000000,0,1,,450.000000,,,480.000000,,48.194742,49.642640,42.506783,95.312870,100.000000,100.000000,5,5.000000,5.000000,5.000000,6.000000,2.160000,6.000000,0.000000,100.000000,100.000000,100.000000
VA110_SB,MD,24,1.317940,2.813107,24,1.368555,1.317940,2.809711,0.713958,24,7.819270,16.748059,24,11.401488,-6.333150,16.669870,0.145017,24,8.210316,29.190100,24,12.347022,7.651090,20.235684,0.004422,24,0,0,0,0,,0,0,,,,,100.000000,0,0,,,,,,,24,0,105,105,105,,0,105,0.000000,0.000000,,,70.833333,0,1,,675.000000,,,780.000000,,46.906606,48.224546,40.573456,100.000000,100.000000,100.000000,5,5.000000,5.000000,5.000000,6.000000,2.160000,6.000000,0.000000,100.000000,100.000000,100.000000
VA110_SB,PM,16,0.525696,1.164864,16,0.609926,0.452137,1.163503,0.511554,16,9.066845,20.175346,16,13.088312,-8.745414,20.067316,0.234311,16,9.241742,38.073834,16,13.433655,9.197552,25.363805,0.139457,16,0,0,0,0,,0,0,,,,,100.000000,0,0,,,,,,,16,0,90,90,90,,0,90,0.000000,0.000000,,,62.500000,0,1,,975.000000,,,1065.000000,,45.182148,45.634285,36.436733,100.000000,100.000000,100.000000,5,5.000000,5.000000,5.000000,6.000000,2.160000,6.000000,0.000000,100.000000,100.000000,100.000000
VA120_NB,AM,12,1.652036,7.255611,12,1.857836,1.297964,6.949287,0.783699,12,3.267858,14.294359,12,3.745146,3.057030,13.746237,0.291686,12,1.759065,6.380892,12,2.047869,-1.759065,6.556392,0.731256,12,180,180,0,0,0.000000,180,180,100.000000,100.000000,100.000000,100.000000,100.000000,1,1,360.000000,360.000000,0.000000,540.000000,540.000000,0.000000,12,180,180,0,0,0.000000,180,180,100.000000,100.000000,100.000000,100.000000,100.000000,1,1,360.000000,360.000000,0.000000,540.000000,540.000000,0.000000,23.772749,25.070713,26.829779,96.938469,100.000000,100.000000,16,16.000000,16.000000,16.000000,61.000000,9.040000,61.000000,0.000000,100.000000,100.000000,100.000000
VA120_NB,MD,24,1.397623,5.941048,24,1.476808,-1.395531,5.981608,0.050372,24,4.642322,19.701963,24,5.520946,4.562558,19.868419,0.503503,24,5.958089,20.052355,24,6.859599,-5.958089,21.333832,0.140380,24,360,360,0,0,0.000000,360,360,100.000000,100.000000,100.000000,100.000000,100.000000,1,1,540.000000,540.000000,0.000000,900.000000,900.000000,0.000000,24,360,300,-60,60,16.666667,300,360,83.333333,100.000000,83.333333,90.909091,83.333333,1,3,540.000000,540.000000,0.000000,900.000000,900.000000,0.000000,23.365331,21.969800,27.927889,99.891501,100.000000,100.000000,16,16.000000,16.000000,16.000000,61.000000,9.040000,61.000000,0.000000,100.000000,100.000000,100.000000
VA120_NB,PM,16,0.856433,3.940958,16,1.051637,0.835610,3.885175,0.012060,16,3.431805,15.718104,16,3.833783,3.431805,15.568249,0.425582,16,2.596195,9.938996,16,2.929876,-2.596195,10.190980,0.006893,16,240,240,0,0,0.000000,240,240,100.000000,100.000000,100.000000,100.000000,100.000000,1,1,900.000000,900.000000,0.000000,1140.000000,1140.000000,0.000000,16,240,240,0,0,0.000000,240,240,100.000000,100.000000,100.000000,100.000000,100.000000,1,1,900.000000,900.000000,0.000000,1140.000000,1140.000000,0.000000,22.043616,22.879226,25.475421,96.922409,100.000000,100.000000,16,16.000000,16.000000,16.000000,61.000000,9.040000,61.000000,0.000000,100.000000,100.000000,100.000000
VA120_SB,AM,12,0.662358,2.559088,12,0.871499,-0.384654,2.663375,0.895731,12,3.183925,13.009699,12,3.687514,3.146192,12.802731,0.265290,12,3.530846,12.200255,12,4.008912,-3.530846,12.603279,0.213012,12,180,180,0,0,0.000000,180,180,100.000000,100.000000,100.000000,100.000000,100.000000,1,1,360.000000,360.000000,0.000000,540.000000,540.000000,0.000000,12,180,180,0,0,0.000000,180,180,100.000000,100.000000,100.000000,100.000000,100.000000,1,1,360.000000,360.000000,0.000000,540.000000,540.000000,0.000000,24.869105,24.484451,28.015297,97.340968,100.000000,100.000000,17,17.000000,17.000000,15.000000,60.000000,8.890000,60.000000,0.000000,100.000000,100.000000,88.235294
VA120_SB,MD,24,1.064414,4.542850,24,1.092624,-1.064414,4.546660,0.734756,24,5.137923,21.839474,24,6.039001,5.058060,21.946706,0.297270,24,6.122475,20.208900,24,7.058826,-6.122475,21.505784,0.009537,24,360,360,0,0,0.000000,360,360,100.000000,100.000000,100.000000,100.000000,100.000000,1,1,540.000000,540.000000,0.000000,900.000000,900.000000,0.000000,24,360,270,-90,90,25.000000,270,360,75.000000,100.000000,75.000000,85.714286,75.000000,1,3,540.000000,540.000000,0.000000,900.000000,900.000000,0.000000,23.410908,22.346493,28.468968,100.000000,100.000000,100.000000,17,17.000000,17.000000,15.000000,60.000000,8.890000,60.000000,0.000000,100.000000,100.000000,88.235294
VA120_SB,PM,16,0.483656,2.289258,16,0.538162,0.483656,2.270561,0.819257,16,1.929013,9.152552,16,2.127330,1.929013,9.055893,0.215706,16,1.445356,6.165724,16,1.628883,-1.445356,6.221885,0.070934,16,240,240,0,0,0.000000,240,240,100.000000,100.000000,100.000000,100.000000,100.000000,1,1,900.000000,900.000000,0.000000,1140.000000,1140.000000,0.000000,16,240,240,0,0,0.000000,240,240,100.000000,100.000000,100.000000,100.000000,100.000000,1,1,900.000000,900.000000,0.000000,1140.000000,1140.000000,0.000000,21.301187,21.784843,23.230200,98.873856,100.000000,100.000000,17,17.000000,17.000000,15.000000,60.000000,8.890000,60.000000,0.000000,100.000000,100.000000,88.235294
VA123_NB,AM,12,1.035428,3.391245,12,1.168606,1.035428,3.266881,0.976694,12,1.364437,4.443473,12,1.710676,1.364437,4.304940,0.885185,12,0.948399,2.936114,12,1.137264,-0.329010,2.868798,0.857207,12,120,120,0,0,0.000000,120,120,100.000000,100.000000,100.000000,100.000000,100.000000,1,1,420.000000,420.000000,0.000000,540.000000,540.000000,0.000000,12,120,120,0,0,0.000000,120,120,100.000000,100.000000,100.000000,100.000000,100.000000,1,1,420.000000,420.000000,0.000000,540.000000,540.000000,0.000000,31.694687,32.730114,33.059124,96.110942,100.000000,100.000000,36,36.000000,36.000000,36.000000,108.000000,29.120000,108.000000,0.000000,100.000000,100.000000,100.000000
VA123_NB,MD,24,2.069272,6.439045,24,2.221888,-2.069272,6.472045,0.001435,24,1.200177,3.735255,24,1.513090,0.822983,3.753784,0.605653,24,2.892255,8.596777,24,3.326090,-2.892255,8.819075,0.057953,24,360,360,0,0,0.000000,360,360,100.000000,100.000000,100.000000,100.000000,100.000000,1,1,540.000000,540.000000,0.000000,900.000000,900.000000,0.000000,24,360,225,-135,135,37.500000,225,360,62.500000,100.000000,62.500000,76.923077,62.500000,1,3,540.000000,540.000000,0.000000,900.000000,900.000000,0.000000,31.972461,29.903189,32.795444,98.071882,100.000000,100.000000,36,36.000000,36.000000,36.000000,108.000000,29.120000,108.000000,0.000000,100.000000,100.000000,100.000000
VA123_NB,PM,16,0.561404,1.897459,16,0.645726,0.561404,1.873984,0.905317,16,1.359555,4.566183,16,1.524589,0.702893,4.538240,0.468816,16,1.055663,3.518055,16,1.259588,-0.141489,3.443054,0.659703,16,240,240,0,0,0.000000,240,240,100.000000,100.000000,100.000000,100.000000,100.000000,1,1,900.000000,900.000000,0.000000,1140.000000,1140.000000,0.000000,16,240,240,0,0,0.000000,240,240,100.000000,100.000000,100.000000,100.000000,100.000000,1,1,900.000000,900.000000,0.000000,1140.000000,1140.000000,0.000000,29.957764,30.519167,30.660656,98.643753,100.000000,100.000000,36,36.000000,36.000000,36.000000,108.000000,29.120000,108.000000,0.000000,100.000000,100.000000,100.000000
VA123_SB,AM,12,0.384008,1.117779,12,0.493400,0.258033,1.093874,0.955665,12,2.051870,5.906578,12,2.399910,1.135395,5.844890,0.423537,12,1.926736,5.345245,12,2.319488,-0.877362,5.316488,0.404720,12,75,45,-30,30,40.000000,45,75,60.000000,100.000000,60.000000,75.000000,83.333333,1,1,465.000000,495.000000,30.000000,540.000000,540.000000,0.000000,12,75,45,-30,30,40.000000,15,105,14.285714,33.333333,20.000000,25.000000,50.000000,1,2,465.000000,435.000000,-30.000000,540.000000,540.000000,0.000000,35.105367,35.363400,36.240762,98.920426,100.000000,100.000000,37,37.000000,37.000000,37.000000,108.000000,29.120000,108.000000,0.000000,100.000000,100.000000,100.000000
VA123_SB,MD,24,1.774748,5.473287,24,1.908384,-1.774748,5.452575,0.744207,24,1.661457,5.086552,24,2.040127,1.235506,5.104512,0.547658,24,3.010253,8.653120,24,3.543996,-3.010253,8.910213,0.289591,24,285,360,75,75,26.315789,285,360,79.166667,79.166667,100.000000,88.372093,79.166667,3,1,540.000000,540.000000,0.000000,900.000000,900.000000,0.000000,24,285,150,-135,135,47.368421,135,300,45.000000,90.000000,47.368421,62.068966,54.166667,3,3,540.000000,540.000000,0.000000,900.000000,900.000000,0.000000,32.548795,30.774047,33.784300,98.624815,100.000000,100.000000,37,37.000000,37.000000,37.000000,108.000000,29.120000,108.000000,0.000000,100.000000,100.000000,100.000000
VA123_SB,PM,16,1.110686,4.179831,16,1.342302,-0.920480,4.099533,0.901385,16,1.216459,4.622251,16,1.556937,-1.001922,4.489941,0.909391,16,0.667292,2.609607,16,0.751568,0.081442,2.557551,0.891795,16,240,240,0,0,0.000000,240,240,100.000000,100.000000,100.000000,100.000000,100.000000,1,1,900.000000,900.000000,0.000000,1140.000000,1140.000000,0.000000,16,240,240,0,0,0.000000,240,240,100.000000,100.000000,100.000000,100.000000,100.000000,1,1,900.000000,900.000000,0.000000,1140.000000,1140.000000,0.000000,27.092992,26.172513,26.091070,98.173561,100.000000,100.000000,37,37.000000,37.000000,37.000000,108.000000,29.120000,108.000000,0.000000,100.000000,100.000000,100.000000
VA193_EB,AM,11,1.830213,6.247212,11,1.919816,-1.830213,6.182553,0.956162,11,1.792609,6.218882,11,1.952436,1.207676,6.055525,0.684883,12,3.222776,10.604542,12,3.714321,-3.222776,10.501537,0.595389,11,120,135,15,15,12.500000,120,135,88.888889,88.888889,100.000000,94.117647,90.909091,2,2,405.000000,390.000000,-15.000000,540.000000,540.000000,0.000000,11,120,90,-30,30,25.000000,90,120,75.000000,100.000000,75.000000,85.714286,81.818182,2,2,405.000000,435.000000,30.000000,540.000000,540.000000,0.000000,29.602870,27.465838,30.688614,96.513818,100.000000,100.000000,9,9.000000,9.000000,8.000000,25.000000,12.530000,25.000000,0.000000,100.000000,100.000000,88.888889
VA193_EB,MD,24,2.702697,9.076029,24,2.770264,-2.702697,9.077419,0.555976,24,1.925899,6.448119,24,2.134014,1.210511,6.468426,0.715844,24,3.913207,12.185183,24,4.475957,-3.913207,12.629623,0.143018,24,360,360,0,0,0.000000,360,360,100.000000,100.000000,100.000000,100.000000,100.000000,1,1,540.000000,540.000000,0.000000,900.000000,900.000000,0.000000,24,360,165,-195,195,54.166667,165,360,45.833333,100.000000,45.833333,62.857143,45.833333,1,2,540.000000,540.000000,0.000000,900.000000,900.000000,0.000000,29.773847,27.071150,30.984357,100.000000,100.000000,100.000000,9,9.000000,9.000000,8.000000,25.000000,12.530000,25.000000,0.000000,100.000000,100.000000,88.888889
VA193_EB,PM,16,0.934022,3.409306,16,1.079428,-0.901826,3.400378,0.712977,16,2.271290,8.322728,16,2.704331,2.051351,8.268803,0.046988,16,2.953177,9.775337,16,3.372294,-2.953177,10.004145,0.161541,16,240,240,0,0,0.000000,240,240,100.000000,100.000000,100.000000,100.000000,100.000000,1,1,900.000000,900.000000,0.000000,1140.000000,1140.000000,0.000000,16,240,210,-30,30,12.500000,210,240,87.500000,100.000000,87.500000,93.333333,87.500000,1,2,900.000000,900.000000,0.000000,1140.000000,1140.000000,0.000000,27.468182,26.566356,29.519533,98.979138,100.000000,100.000000,9,9.000000,9.000000,8.000000,25.000000,12.530000,25.000000,0.000000,100.000000,100.000000,88.888889
VA193_WB,AM,12,0.346371,1.120672,12,0.414405,0.016066,1.118753,0.972845,12,0.932591,3.049155,12,1.107920,0.785672,3.012198,0.764157,12,0.786624,2.454520,12,0.940678,-0.769606,2.477858,0.848838,12,120,120,0,0,0.000000,120,120,100.000000,100.000000,100.000000,100.000000,100.000000,1,1,420.000000,420.000000,0.000000,540.000000,540.000000,0.000000,12,120,105,-15,15,12.500000,105,120,87.500000,100.000000,87.500000,93.333333,91.666667,1,1,420.000000,435.000000,15.000000,540.000000,540.000000,0.000000,30.960481,30.976547,31.746153,97.921297,100.000000,100.000000,9,9.000000,9.000000,7.000000,25.000000,11.970000,25.000000,0.000000,100.000000,100.000000,77.777778
VA193_WB,MD,24,1.507935,4.963271,24,1.608556,-1.507935,4.952908,0.606826,24,1.478508,4.852138,24,1.672374,1.108138,4.856253,0.501762,24,2.616073,8.127180,24,2.944140,-2.616073,8.290888,0.239897,24,360,360,0,0,0.000000,360,360,100.000000,100.000000,100.000000,100.000000,100.000000,1,1,540.000000,540.000000,0.000000,900.000000,900.000000,0.000000,24,360,135,-225,225,62.500000,135,360,37.500000,100.000000,37.500000,54.545455,37.500000,1,3,540.000000,540.000000,0.000000,900.000000,900.000000,0.000000,30.445453,28.937518,31.553591,100.000000,100.000000,100.000000,9,9.000000,9.000000,7.000000,25.000000,11.970000,25.000000,0.000000,100.000000,100.000000,77.777778
VA193_WB,PM,16,2.364392,8.581588,16,2.680949,-2.364392,8.478350,0.840826,16,1.215063,4.373518,16,1.394042,0.939534,4.357033,0.147911,16,3.303925,11.501404,16,3.620821,-3.303925,11.461244,0.422938,16,240,240,0,0,0.000000,240,240,100.000000,100.000000,100.000000,100.000000,100.000000,1,1,900.000000,900.000000,0.000000,1140.000000,1140.000000,0.000000,16,240,240,0,0,0.000000,240,240,100.000000,100.000000,100.000000,100.000000,100.000000,1,1,900.000000,900.000000,0.000000,1140.000000,1140.000000,0.000000,27.887401,25.523010,28.826935,98.311879,100.000000,100.000000,9,9.000000,9.000000,7.000000,25.000000,11.970000,25.000000,0.000000,100.000000,100.000000,77.777778
VA213_NB,AM,12,0.371925,1.819898,12,0.413671,-0.164388,1.830633,0.567596,12,6.266576,31.200043,12,7.600958,6.192456,30.844413,0.202757,12,6.356844,22.033254,12,7.558270,-6.356844,23.979781,0.014327,12,180,180,0,0,0.000000,180,180,100.000000,100.000000,100.000000,100.000000,100.000000,1,1,360.000000,360.000000,0.000000,540.000000,540.000000,0.000000,12,180,150,-30,30,16.666667,150,180,83.333333,100.000000,83.333333,90.909091,83.333333,1,3,360.000000,360.000000,0.000000,540.000000,540.000000,0.000000,20.316728,20.152340,26.509184,100.000000,100.000000,100.000000,3,3.000000,3.000000,1.000000,4.000000,2.030000,4.000000,0.000000,100.000000,100.000000,33.333333
VA213_NB,MD,24,0.893311,4.200920,24,0.931629,-0.893311,4.208147,0.362017,24,5.466153,25.616590,24,6.573419,5.384770,25.749574,0.393763,24,6.278081,21.777897,24,7.410443,-6.278081,23.590368,0.006519,24,360,360,0,0,0.000000,360,360,100.000000,100.000000,100.000000,100.000000,100.000000,1,1,540.000000,540.000000,0.000000,900.000000,900.000000,0.000000,24,360,360,0,0,0.000000,360,360,100.000000,100.000000,100.000000,100.000000,100.000000,1,1,540.000000,540.000000,0.000000,900.000000,900.000000,0.000000,21.228129,20.334818,26.612899,100.000000,100.000000,100.000000,3,3.000000,3.000000,1.000000,4.000000,2.030000,4.000000,0.000000,100.000000,100.000000,33.333333
VA213_NB,PM,16,1.869969,9.692970,16,2.301243,1.827520,9.596001,0.216742,16,4.163703,21.581921,16,5.096291,4.131358,21.366607,0.359069,16,2.303838,9.084343,16,2.818912,-2.303838,9.754453,0.937018,16,240,240,0,0,0.000000,240,240,100.000000,100.000000,100.000000,100.000000,100.000000,1,1,900.000000,900.000000,0.000000,1140.000000,1140.000000,0.000000,16,240,240,0,0,0.000000,240,240,100.000000,100.000000,100.000000,100.000000,100.000000,1,1,900.000000,900.000000,0.000000,1140.000000,1140.000000,0.000000,19.486962,21.314482,23.618320,100.000000,100.000000,100.000000,3,3.000000,3.000000,1.000000,4.000000,2.030000,4.000000,0.000000,100.000000,100.000000,33.333333
VA213_SB,AM,10,0.843863,4.291474,10,0.986693,0.680733,4.228460,0.784173,10,6.099795,30.906844,10,6.780929,6.085863,30.565070,0.674666,12,4.709520,17.568670,12,5.422408,-4.709520,18.647791,0.853644,10,150,150,0,0,0.000000,150,150,100.000000,100.000000,100.000000,100.000000,100.000000,1,1,360.000000,360.000000,0.000000,510.000000,510.000000,0.000000,10,150,150,0,0,0.000000,150,150,100.000000,100.000000,100.000000,100.000000,100.000000,1,1,360.000000,360.000000,0.000000,510.000000,510.000000,0.000000,19.956751,20.545587,25.255107,88.696327,100.000000,100.000000,3,3.000000,3.000000,2.000000,4.000000,2.020000,4.000000,0.000000,100.000000,100.000000,66.666667
VA213_SB,MD,24,1.131051,5.401821,24,1.160854,-1.131051,5.416602,0.341954,24,5.500397,26.226935,24,6.457183,5.395613,26.341405,0.285514,24,6.526664,23.165513,24,7.501799,-6.526664,24.838126,0.006341,24,360,360,0,0,0.000000,360,360,100.000000,100.000000,100.000000,100.000000,100.000000,1,1,540.000000,540.000000,0.000000,900.000000,900.000000,0.000000,24,360,360,0,0,0.000000,360,360,100.000000,100.000000,100.000000,100.000000,100.000000,1,1,540.000000,540.000000,0.000000,900.000000,900.000000,0.000000,20.881183,19.750133,26.276797,99.890354,100.000000,100.000000,3,3.000000,3.000000,2.000000,4.000000,2.020000,4.000000,0.000000,100.000000,100.000000,66.666667
VA213_SB,PM,16,1.914932,10.125335,16,2.460333,1.830692,9.980947,0.244771,16,3.536826,18.666475,16,4.391603,3.494449,18.434535,0.311625,16,1.663757,6.924589,16,1.973321,-1.663757,7.335685,0.966976,16,240,240,0,0,0.000000,240,240,100.000000,100.000000,100.000000,100.000000,100.000000,1,1,900.000000,900.000000,0.000000,1140.000000,1140.000000,0.000000,16,240,240,0,0,0.000000,240,240,100.000000,100.000000,100.000000,100.000000,100.000000,1,1,900.000000,900.000000,0.000000,1140.000000,1140.000000,0.000000,19.185870,21.016563,22.680319,100.000000,100.000000,100.000000,3,3.000000,3.000000,2.000000,4.000000,2.020000,4.000000,0.000000,100.000000,100.000000,66.666667
VA215_EB,AM,12,1.428681,3.384747,12,1.731086,1.391903,3.327635,0.190213,12,1.688531,4.021377,12,2.690383,-0.622424,3.932868,0.648459,12,2.166366,5.885994,12,3.963089,2.014328,5.120051,0.020167,12,0,0,0,0,,0,0,,,,,100.000000,0,0,,,,,,,12,0,0,0,0,,0,0,,,,,100.000000,0,0,,,,,,,42.933840,44.325743,42.311415,100.000000,100.000000,100.000000,4,4.000000,4.000000,3.000000,16.000000,7.840000,16.000000,0.000000,100.000000,100.000000,75.000000
VA215_EB,MD,24,0.887191,2.009300,24,0.944056,-0.885865,2.014712,0.600074,24,1.476723,3.333479,24,3.189125,-1.418282,3.353473,0.010579,24,1.528663,4.003452,24,2.781318,0.532417,3.586949,0.019492,24,0,0,0,0,,0,0,,,,,100.000000,0,0,,,,,,,24,0,0,0,0,,0,0,,,,,100.000000,0,0,,,,,,,44.035650,43.149785,42.617368,100.000000,100.000000,100.000000,4,4.000000,4.000000,3.000000,16.000000,7.840000,16.000000,0.000000,100.000000,100.000000,75.000000
VA215_EB,PM,16,0.334110,0.784810,16,0.411460,0.211702,0.780860,0.736661,16,1.750760,4.106765,16,3.118454,-0.976632,4.091762,0.022203,16,1.745765,4.726662,16,3.217897,1.188334,4.175393,0.003036,16,0,0,0,0,,0,0,,,,,100.000000,0,0,,,,,,,16,0,0,0,0,,0,0,,,,,100.000000,0,0,,,,,,,42.787424,42.999126,41.810792,100.000000,100.000000,100.000000,4,4.000000,4.000000,3.000000,16.000000,7.840000,16.000000,0.000000,100.000000,100.000000,75.000000
VA215_WB,AM,10,1.514401,3.621325,10,1.828020,1.514401,3.555915,0.368028,10,1.678544,3.998378,10,1.905593,1.678544,3.941333,0.536923,12,1.448626,3.833657,12,2.983776,1.051622,3.364826,0.043451,10,0,0,0,0,,0,0,,,,,100.000000,0,0,,,,,,,10,0,0,0,0,,0,0,,,,,100.000000,0,0,,,,,,,42.588229,44.103650,43.052027,90.847137,100.000000,100.000000,4,4.000000,4.000000,3.000000,16.000000,7.840000,16.000000,0.000000,100.000000,100.000000,75.000000
VA215_WB,MD,24,0.213981,0.499467,24,0.263572,-0.028835,0.499862,0.422523,24,1.597704,3.730790,24,2.679774,-0.347039,3.732253,0.003927,24,1.584996,4.099153,24,2.662273,0.318204,3.732828,0.012986,24,0,0,0,0,,0,0,,,,,100.000000,0,0,,,,,,,24,0,0,0,0,,0,0,,,,,100.000000,0,0,,,,,,,42.808040,42.779205,42.461001,100.000000,100.000000,100.000000,4,4.000000,4.000000,3.000000,16.000000,7.840000,16.000000,0.000000,100.000000,100.000000,75.000000
VA215_WB,PM,16,1.220705,2.979276,16,1.464299,1.220705,2.937726,0.246806,16,1.861618,4.564850,16,2.869490,-0.873501,4.480137,0.571808,16,2.287834,6.406442,16,3.961332,2.094206,5.624088,0.002534,16,0,0,0,0,,0,0,,,,,100.000000,0,0,,,,,,,16,0,15,15,15,,0,15,0.000000,0.000000,,,93.750000,0,1,,1020.000000,,,1035.000000,,41.552704,42.773408,40.679203,98.722570,100.000000,100.000000,4,4.000000,4.000000,3.000000,16.000000,7.840000,16.000000,0.000000,100.000000,100.000000,75.000000
VA228_EB,AM,8,0.700924,3.631924,8,0.984420,0.393985,3.408391,0.890395,8,4.572551,22.972473,8,5.265757,4.572551,22.234996,0.077117,12,3.828570,14.863363,12,4.433508,-3.828570,15.596419,0.059292,8,120,120,0,0,0.000000,120,120,100.000000,100.000000,100.000000,100.000000,100.000000,2,2,360.000000,360.000000,0.000000,510.000000,510.000000,0.000000,8,120,120,0,0,0.000000,120,120,100.000000,100.000000,100.000000,100.000000,100.000000,2,2,360.000000,360.000000,0.000000,510.000000,510.000000,0.000000,20.564659,20.719181,24.547752,86.564269,100.000000,100.000000,2,2.000000,2.000000,2.000000,4.000000,1.060000,4.000000,0.000000,100.000000,100.000000,100.000000
VA228_EB,MD,24,0.830792,4.146772,24,0.891500,-0.830654,4.161641,0.693792,24,3.711196,18.537685,24,4.445085,3.683851,18.590287,0.163060,24,4.514505,18.033397,24,5.222405,-4.514505,19.091282,0.029323,24,360,360,0,0,0.000000,360,360,100.000000,100.000000,100.000000,100.000000,100.000000,1,1,540.000000,540.000000,0.000000,900.000000,900.000000,0.000000,24,360,360,0,0,0.000000,360,360,100.000000,100.000000,100.000000,100.000000,100.000000,1,1,540.000000,540.000000,0.000000,900.000000,900.000000,0.000000,19.963093,19.132439,23.646943,100.000000,100.000000,100.000000,2,2.000000,2.000000,2.000000,4.000000,1.060000,4.000000,0.000000,100.000000,100.000000,100.000000
VA228_EB,PM,16,1.494868,8.612168,16,1.886794,1.472156,8.386412,0.644857,16,2.123347,12.219382,16,2.665873,2.110196,11.912264,0.651664,16,0.638040,3.082227,16,0.788959,-0.638040,3.200589,0.999391,16,240,240,0,0,0.000000,240,240,100.000000,100.000000,100.000000,100.000000,100.000000,1,1,900.000000,900.000000,0.000000,1140.000000,1140.000000,0.000000,16,240,240,0,0,0.000000,240,240,100.000000,100.000000,100.000000,100.000000,100.000000,1,1,900.000000,900.000000,0.000000,1140.000000,1140.000000,0.000000,17.824882,19.297039,19.935079,100.000000,100.000000,100.000000,2,2.000000,2.000000,2.000000,4.000000,1.060000,4.000000,0.000000,100.000000,100.000000,100.000000
VA228_NB,AM,9,2.319036,7.971059,9,2.596166,2.319036,7.868734,0.412233,9,4.819843,16.450799,9,5.385804,4.819843,16.354235,0.153478,12,2.786843,7.747436,12,3.403495,-2.786843,8.060109,0.397117,9,120,45,-75,75,62.500000,45,120,37.500000,100.000000,37.500000,54.545455,44.444444,2,1,390.000000,495.000000,105.000000,540.000000,540.000000,0.000000,9,120,30,-90,90,75.000000,30,120,25.000000,100.000000,25.000000,40.000000,33.333333,2,1,390.000000,510.000000,120.000000,540.000000,540.000000,0.000000,29.471530,31.788899,34.575741,86.926887,100.000000,100.000000,4,4.000000,4.000000,4.000000,8.000000,3.030000,8.000000,0.000000,100.000000,100.000000,100.000000
VA228_NB,MD,22,0.388088,1.325172,22,0.453141,0.388088,1.319072,0.042122,22,4.015724,13.612135,22,4.653194,4.015724,13.649025,0.447714,24,3.934552,11.128278,24,4.716158,-3.934552,11.659266,0.000398,22,330,330,0,0,0.000000,330,330,100.000000,100.000000,100.000000,100.000000,100.000000,2,2,540.000000,540.000000,0.000000,900.000000,900.000000,0.000000,22,330,105,-225,225,68.181818,105,330,31.818182,100.000000,31.818182,48.275862,31.818182,2,3,540.000000,540.000000,0.000000,900.000000,900.000000,0.000000,29.421321,29.811587,33.746139,98.250483,100.000000,100.000000,4,4.000000,4.000000,4.000000,8.000000,3.030000,8.000000,0.000000,100.000000,100.000000,100.000000
VA228_NB,PM,16,1.466358,5.124900,16,1.520475,1.466358,5.108507,0.000002,16,3.112673,10.871020,16,3.399995,3.112673,10.843949,0.034256,16,1.693698,5.188628,16,2.057138,-1.646315,5.323262,0.037325,16,240,240,0,0,0.000000,240,240,100.000000,100.000000,100.000000,100.000000,100.000000,1,1,900.000000,900.000000,0.000000,1140.000000,1140.000000,0.000000,16,240,105,-135,135,56.250000,105,240,43.750000,100.000000,43.750000,60.869565,43.750000,1,3,900.000000,900.000000,0.000000,1140.000000,1140.000000,0.000000,28.704236,30.170594,31.816909,100.000000,100.000000,100.000000,4,4.000000,4.000000,4.000000,8.000000,3.030000,8.000000,0.000000,100.000000,100.000000,100.000000
VA228_SB,AM,12,1.345203,4.556780,12,1.380696,1.345203,4.540157,0.906492,12,4.206444,14.279083,12,4.802264,4.206444,14.197054,0.036460,12,2.861241,8.109583,12,3.557534,-2.861241,8.456345,0.145491,12,180,120,-60,60,33.333333,120,180,66.666667,100.000000,66.666667,80.000000,66.666667,1,1,360.000000,420.000000,60.000000,540.000000,540.000000,0.000000,12,180,45,-135,135,75.000000,45,180,25.000000,100.000000,25.000000,40.000000,25.000000,1,2,360.000000,450.000000,90.000000,540.000000,540.000000,0.000000,29.628995,30.974198,33.835439,100.000000,100.000000,100.000000,4,4.000000,4.000000,4.000000,8.000000,3.030000,8.000000,0.000000,100.000000,100.000000,100.000000
VA228_SB,MD,24,0.331595,1.131579,24,0.393732,0.110352,1.132795,0.312785,24,4.078869,13.913688,24,4.774000,4.078869,13.934227,0.122983,24,3.968517,11.358134,24,4.742709,-3.968517,11.899183,0.003112,24,360,360,0,0,0.000000,360,360,100.000000,100.000000,100.000000,100.000000,100.000000,1,1,540.000000,540.000000,0.000000,900.000000,900.000000,0.000000,24,360,105,-255,255,70.833333,105,360,29.166667,100.000000,29.166667,45.161290,29.166667,1,3,540.000000,540.000000,0.000000,900.000000,900.000000,0.000000,29.272304,29.382656,33.351173,100.000000,100.000000,100.000000,4,4.000000,4.000000,4.000000,8.000000,3.030000,8.000000,0.000000,100.000000,100.000000,100.000000
VA228_SB,PM,14,1.690844,6.091288,14,1.735730,1.690844,6.076028,0.003752,14,2.785856,10.035132,14,2.996067,2.785856,10.010938,0.047792,16,1.086713,3.481034,16,1.351137,-1.030666,3.553943,0.142404,14,210,210,0,0,0.000000,210,210,100.000000,100.000000,100.000000,100.000000,100.000000,2,2,900.000000,900.000000,0.000000,1140.000000,1140.000000,0.000000,14,210,165,-45,45,21.428571,165,210,78.571429,100.000000,78.571429,88.000000,78.571429,2,4,900.000000,900.000000,0.000000,1140.000000,1140.000000,0.000000,27.828121,29.546994,30.577661,97.370382,100.000000,100.000000,4,4.000000,4.000000,4.000000,8.000000,3.030000,8.000000,0.000000,100.000000,100.000000,100.000000
VA228_WB,AM,10,2.055989,10.351563,10,2.176684,2.055989,10.319800,0.008176,10,3.604347,18.126360,10,3.677437,3.604347,18.091604,0.008104,12,1.384864,5.874058,12,1.613567,-1.375274,5.981522,0.362108,10,150,150,0,0,0.000000,150,150,100.000000,100.000000,100.000000,100.000000,100.000000,1,1,360.000000,360.000000,0.000000,510.000000,510.000000,0.000000,10,150,150,0,0,0.000000,150,150,100.000000,100.000000,100.000000,100.000000,100.000000,1,1,360.000000,360.000000,0.000000,510.000000,510.000000,0.000000,19.922763,21.777100,23.152374,90.051199,100.000000,100.000000,2,2.000000,2.000000,2.000000,4.000000,1.060000,4.000000,0.000000,100.000000,100.000000,100.000000
VA228_WB,MD,24,0.223360,1.152419,24,0.289813,0.073861,1.148842,0.896277,24,4.211067,21.687068,24,4.846980,4.211067,21.659448,0.075229,24,4.137206,16.622462,24,4.777221,-4.137206,17.491074,0.085736,24,360,360,0,0,0.000000,360,360,100.000000,100.000000,100.000000,100.000000,100.000000,1,1,540.000000,540.000000,0.000000,900.000000,900.000000,0.000000,24,360,360,0,0,0.000000,360,360,100.000000,100.000000,100.000000,100.000000,100.000000,1,1,540.000000,540.000000,0.000000,900.000000,900.000000,0.000000,19.442172,19.516033,23.653239,100.000000,100.000000,100.000000,2,2.000000,2.000000,2.000000,4.000000,1.060000,4.000000,0.000000,100.000000,100.000000,100.000000
VA228_WB,PM,16,0.823937,4.858038,16,0.998303,0.823937,4.744316,0.085591,16,5.963570,35.008518,16,7.000783,5.963570,34.338870,0.723221,16,5.139633,20.484576,16,6.033221,-5.139633,22.029777,0.000064,16,240,240,0,0,0.000000,240,240,100.000000,100.000000,100.000000,100.000000,100.000000,1,1,900.000000,900.000000,0.000000,1140.000000,1140.000000,0.000000,16,240,240,0,0,0.000000,240,240,100.000000,100.000000,100.000000,100.000000,100.000000,1,1,900.000000,900.000000,0.000000,1140.000000,1140.000000,0.000000,17.366822,18.190759,23.330392,100.000000,100.000000,100.000000,2,2.000000,2.000000,2.000000,4.000000,1.060000,4.000000,0.000000,100.000000,100.000000,100.000000
VA233_EB,AM,10,1.738426,8.385189,10,1.759151,-1.738426,8.380588,0.908884,10,3.375988,16.400830,10,4.048459,2.627681,16.274925,0.001349,12,4.462226,17.802568,12,5.195450,-4.462226,18.873653,0.070297,10,150,150,0,0,0.000000,150,150,100.000000,100.000000,100.000000,100.000000,100.000000,2,2,360.000000,360.000000,0.000000,540.000000,540.000000,0.000000,10,150,150,0,0,0.000000,150,150,100.000000,100.000000,100.000000,100.000000,100.000000,2,2,360.000000,360.000000,0.000000,540.000000,540.000000,0.000000,20.743491,19.180393,23.642619,94.190908,100.000000,100.000000,2,2.000000,2.000000,2.000000,3.000000,0.340000,3.000000,0.000000,100.000000,100.000000,100.000000
VA233_EB,MD,24,2.394340,12.254272,24,2.408612,-2.394340,12.262031,0.827811,24,3.556287,18.233700,24,4.159884,2.840124,18.212665,0.081078,24,5.234463,21.779410,24,6.097686,-5.234463,23.403062,0.020309,24,360,360,0,0,0.000000,360,360,100.000000,100.000000,100.000000,100.000000,100.000000,1,1,540.000000,540.000000,0.000000,900.000000,900.000000,0.000000,24,360,360,0,0,0.000000,360,360,100.000000,100.000000,100.000000,100.000000,100.000000,1,1,540.000000,540.000000,0.000000,900.000000,900.000000,0.000000,19.526452,17.132112,22.366575,100.000000,100.000000,100.000000,2,2.000000,2.000000,2.000000,3.000000,0.340000,3.000000,0.000000,100.000000,100.000000,100.000000
VA233_EB,PM,16,2.084249,11.337853,16,2.100844,-2.084249,11.338548,0.440429,16,0.903972,4.894119,16,1.080233,-0.621776,4.917710,0.302784,16,1.462473,8.025927,16,1.775595,-1.462473,8.234554,0.636915,16,240,240,0,0,0.000000,240,240,100.000000,100.000000,100.000000,100.000000,100.000000,1,1,900.000000,900.000000,0.000000,1140.000000,1140.000000,0.000000,16,240,240,0,0,0.000000,240,240,100.000000,100.000000,100.000000,100.000000,100.000000,1,1,900.000000,900.000000,0.000000,1140.000000,1140.000000,0.000000,18.381977,16.297728,17.760201,100.000000,100.000000,100.000000,2,2.000000,2.000000,2.000000,3.000000,0.340000,3.000000,0.000000,100.000000,100.000000,100.000000
VA233_WB,AM,12,3.296890,12.207317,12,3.959517,-3.296890,12.061974,0.755725,12,2.298437,8.503897,12,2.748265,-2.298437,8.409041,0.752378,12,0.998454,4.239573,12,1.223843,-0.998454,3.988312,0.997165,12,180,180,0,0,0.000000,180,180,100.000000,100.000000,100.000000,100.000000,100.000000,1,1,360.000000,360.000000,0.000000,540.000000,540.000000,0.000000,12,180,180,0,0,0.000000,180,180,100.000000,100.000000,100.000000,100.000000,100.000000,1,1,360.000000,360.000000,0.000000,540.000000,540.000000,0.000000,27.332924,24.036034,25.034487,100.000000,100.000000,100.000000,1,1.000000,1.000000,1.000000,2.000000,0.110000,2.000000,0.000000,100.000000,100.000000,100.000000
VA233_WB,MD,22,0.282329,1.034250,22,0.366107,0.067167,1.027546,0.134365,22,1.398965,5.120826,22,1.780457,1.291138,5.091579,0.025107,24,1.297629,4.401975,24,1.606713,-1.202575,4.513342,0.003577,22,330,330,0,0,0.000000,330,330,100.000000,100.000000,100.000000,100.000000,100.000000,2,2,540.000000,540.000000,0.000000,900.000000,900.000000,0.000000,22,330,330,0,0,0.000000,330,330,100.000000,100.000000,100.000000,100.000000,100.000000,2,2,540.000000,540.000000,0.000000,900.000000,900.000000,0.000000,27.476060,27.548375,28.750950,91.666667,100.000000,100.000000,1,1.000000,1.000000,1.000000,2.000000,0.110000,2.000000,0.000000,100.000000,100.000000,100.000000
VA233_WB,PM,16,0.352329,1.236228,16,0.432185,-0.316762,1.246390,0.452668,16,0.918596,3.257771,16,1.095231,0.474211,3.249608,0.016855,16,0.963513,3.296908,16,1.166389,-0.790973,3.352270,0.016789,16,240,240,0,0,0.000000,240,240,100.000000,100.000000,100.000000,100.000000,100.000000,1,1,900.000000,900.000000,0.000000,1140.000000,1140.000000,0.000000,16,240,240,0,0,0.000000,240,240,100.000000,100.000000,100.000000,100.000000,100.000000,1,1,900.000000,900.000000,0.000000,1140.000000,1140.000000,0.000000,28.267908,27.951146,28.742119,100.000000,100.000000,100.000000,1,1.000000,1.000000,1.000000,2.000000,0.110000,2.000000,0.000000,100.000000,100.000000,100.000000
VA234BR_NB,AM,10,2.013469,8.202341,10,2.196566,2.013469,8.088216,0.141762,10,4.037920,16.426650,10,4.507140,4.037920,16.220549,0.053926,12,2.097075,7.043171,12,2.408311,-2.097075,7.228768,0.481820,10,150,150,0,0,0.000000,150,150,100.000000,100.000000,100.000000,100.000000,100.000000,2,2,360.000000,360.000000,0.000000,540.000000,540.000000,0.000000,10,150,150,0,0,0.000000,150,150,100.000000,100.000000,100.000000,100.000000,100.000000,2,2,360.000000,360.000000,0.000000,540.000000,540.000000,0.000000,24.893858,26.913049,29.010124,93.543068,100.000000,100.000000,8,8.000000,8.000000,8.000000,26.000000,7.500000,26.000000,0.000000,100.000000,100.000000,100.000000
VA234BR_NB,MD,24,0.484810,2.033133,24,0.538430,0.484810,2.015125,0.854607,24,5.057774,21.053652,24,5.651165,5.057774,21.022765,0.014562,24,4.572964,15.048865,24,5.206343,-4.572964,15.705839,0.032510,24,360,360,0,0,0.000000,360,360,100.000000,100.000000,100.000000,100.000000,100.000000,1,1,540.000000,540.000000,0.000000,900.000000,900.000000,0.000000,24,360,270,-90,90,25.000000,270,360,75.000000,100.000000,75.000000,85.714286,75.000000,1,3,540.000000,540.000000,0.000000,900.000000,900.000000,0.000000,24.058557,24.543367,29.116331,98.360573,100.000000,100.000000,8,8.000000,8.000000,8.000000,26.000000,7.500000,26.000000,0.000000,100.000000,100.000000,100.000000
VA234BR_NB,PM,16,0.670335,2.934803,16,0.823888,0.666425,2.904389,0.600947,16,3.395297,14.943253,16,3.843285,3.395297,14.710940,0.470358,16,2.728872,10.088499,16,3.122126,-2.728872,10.307208,0.040961,16,240,240,0,0,0.000000,240,240,100.000000,100.000000,100.000000,100.000000,100.000000,1,1,900.000000,900.000000,0.000000,1140.000000,1140.000000,0.000000,16,240,240,0,0,0.000000,240,240,100.000000,100.000000,100.000000,100.000000,100.000000,1,1,900.000000,900.000000,0.000000,1140.000000,1140.000000,0.000000,23.080082,23.746507,26.475380,100.000000,100.000000,100.000000,8,8.000000,8.000000,8.000000,26.000000,7.500000,26.000000,0.000000,100.000000,100.000000,100.000000
VA234BR_SB,AM,10,0.172039,0.635839,10,0.209174,0.060218,0.633352,0.819467,10,2.939079,10.884086,10,3.464844,2.939079,10.820046,0.091251,12,3.067778,9.831240,12,3.511002,-3.067778,10.100973,0.002392,10,150,150,0,0,0.000000,150,150,100.000000,100.000000,100.000000,100.000000,100.000000,2,2,360.000000,360.000000,0.000000,540.000000,540.000000,0.000000,10,150,105,-45,45,30.000000,105,150,70.000000,100.000000,70.000000,82.352941,70.000000,2,3,360.000000,360.000000,0.000000,540.000000,540.000000,0.000000,27.163280,27.303340,30.371118,95.633372,100.000000,100.000000,8,8.000000,8.000000,8.000000,26.000000,7.500000,26.000000,0.000000,100.000000,100.000000,100.000000
VA234BR_SB,MD,24,0.826757,3.310930,24,0.887398,0.762725,3.291637,0.654614,24,4.682768,18.765546,24,5.266358,4.682768,18.643898,0.005143,24,3.920043,12.695786,24,4.462930,-3.920043,13.154657,0.090628,24,360,360,0,0,0.000000,360,360,100.000000,100.000000,100.000000,100.000000,100.000000,1,1,540.000000,540.000000,0.000000,900.000000,900.000000,0.000000,24,360,255,-105,105,29.166667,255,360,70.833333,100.000000,70.833333,82.926829,70.833333,1,3,540.000000,540.000000,0.000000,900.000000,900.000000,0.000000,25.116894,25.879618,29.799662,99.139770,100.000000,100.000000,8,8.000000,8.000000,8.000000,26.000000,7.500000,26.000000,0.000000,100.000000,100.000000,100.000000
VA234BR_SB,PM,14,0.376244,1.595740,14,0.403252,0.376244,1.588567,0.956943,14,1.450233,6.205544,14,1.613223,1.450233,6.123131,0.039852,16,1.093593,4.347572,16,1.243993,-1.093593,4.351557,0.117310,14,210,210,0,0,0.000000,210,210,100.000000,100.000000,100.000000,100.000000,100.000000,2,2,900.000000,900.000000,0.000000,1140.000000,1140.000000,0.000000,14,210,210,0,0,0.000000,210,210,100.000000,100.000000,100.000000,100.000000,100.000000,2,2,900.000000,900.000000,0.000000,1140.000000,1140.000000,0.000000,23.684505,24.037480,25.131073,96.165437,100.000000,100.000000,8,8.000000,8.000000,8.000000,26.000000,7.500000,26.000000,0.000000,100.000000,100.000000,100.000000
VA234_NB,AM,12,1.732750,4.273811,12,2.049750,1.610085,4.166376,0.651246,12,1.970978,4.811817,12,2.594225,0.221207,4.739192,0.508073,12,2.164586,5.736836,12,3.338542,1.388878,5.177182,0.319697,12,0,0,0,0,,0,0,,,,,100.000000,0,0,,,,,,,12,0,30,30,30,,0,30,0.000000,0.000000,,,83.333333,0,1,,435.000000,,,465.000000,,41.588908,43.198993,41.810115,96.109039,100.000000,100.000000,21,21.000000,21.000000,19.000000,66.000000,31.670000,66.000000,0.000000,100.000000,100.000000,90.476190
VA234_NB,MD,24,1.580786,3.697933,24,1.824320,-1.580786,3.740387,0.137294,24,2.014306,4.663623,24,3.223769,-1.236874,4.766163,0.260026,24,1.962528,4.904131,24,2.394119,-0.343913,4.783648,0.002915,24,0,0,0,0,,0,0,,,,,100.000000,0,0,,,,,,,24,0,45,45,45,,0,45,0.000000,0.000000,,,87.500000,0,1,,705.000000,,,750.000000,,42.262640,40.681853,41.025766,97.831266,100.000000,100.000000,21,21.000000,21.000000,19.000000,66.000000,31.670000,66.000000,0.000000,100.000000,100.000000,90.476190
VA234_NB,PM,16,1.773156,4.350808,16,2.006478,0.476279,4.300327,0.391693,16,2.218866,5.486421,16,2.906015,-1.433042,5.381281,0.741407,16,2.377366,6.677665,16,3.726444,1.909321,5.973283,0.353615,16,0,0,0,0,,0,0,,,,,100.000000,0,0,,,,,,,16,0,60,60,60,,0,60,0.000000,0.000000,,,75.000000,0,1,,990.000000,,,1050.000000,,41.233036,41.709315,39.799994,96.013260,100.000000,100.000000,21,21.000000,21.000000,19.000000,66.000000,31.670000,66.000000,0.000000,100.000000,100.000000,90.476190
VA234_SB,AM,10,1.895214,4.378102,10,2.372255,1.852178,4.287017,0.452017,10,2.579425,5.989302,10,3.489088,-0.732010,5.834719,0.603999,12,3.206953,8.542113,12,5.074140,2.782774,7.447310,0.107626,10,0,0,0,0,,0,0,,,,,100.000000,0,0,,,,,,,10,0,30,30,30,,0,30,0.000000,0.000000,,,80.000000,0,1,,435.000000,,,495.000000,,44.208220,45.844669,43.061896,90.787811,100.000000,100.000000,22,22.000000,22.000000,19.000000,67.000000,31.920000,67.000000,0.000000,100.000000,100.000000,86.363636
VA234_SB,MD,24,1.300041,2.981520,24,1.524189,-1.300041,2.991736,0.446230,24,2.345306,5.347755,24,3.673291,-1.860640,5.397167,0.000005,24,2.166901,5.559559,24,2.961405,0.560599,5.209679,0.083876,24,0,0,0,0,,0,0,,,,,100.000000,0,0,,,,,,,24,0,60,60,60,,0,60,0.000000,0.000000,,,83.333333,0,1,,690.000000,,,750.000000,,43.454399,42.154358,41.593758,98.693816,100.000000,100.000000,22,22.000000,22.000000,19.000000,67.000000,31.920000,67.000000,0.000000,100.000000,100.000000,86.363636
VA234_SB,PM,16,3.212743,8.631657,16,3.886628,3.212743,8.337611,0.144863,16,2.006038,5.279472,16,2.428014,0.668361,5.206007,0.748931,16,2.755735,7.987414,16,4.275339,2.544381,7.029668,0.294695,16,105,0,-105,105,100.000000,0,105,0.000000,,0.000000,,56.250000,1,0,975.000000,,,1080.000000,,,16,105,75,-30,30,28.571429,75,105,71.428571,100.000000,71.428571,83.333333,87.500000,1,1,975.000000,975.000000,0.000000,1080.000000,1050.000000,-30.000000,38.533130,41.745873,39.201492,96.285863,100.000000,100.000000,22,22.000000,22.000000,19.000000,67.000000,31.920000,67.000000,0.000000,100.000000,100.000000,86.363636
VA235_EB,AM,10,2.930617,8.603812,10,3.053238,-2.930617,8.726015,0.955967,10,1.948375,5.855969,10,2.167751,-0.230983,5.801356,0.243563,12,2.444823,7.355343,12,2.940243,-2.444823,7.520185,0.541397,10,45,90,45,45,100.000000,45,90,50.000000,50.000000,100.000000,66.666667,70.000000,1,1,465.000000,420.000000,-45.000000,510.000000,510.000000,0.000000,10,45,15,-30,30,66.666667,0,60,0.000000,0.000000,0.000000,,60.000000,1,1,465.000000,450.000000,-15.000000,510.000000,465.000000,-45.000000,33.584821,30.065328,32.510151,89.742360,100.000000,100.000000,4,4.000000,4.000000,0.000000,9.000000,3.220000,9.000000,0.000000,100.000000,100.000000,0.000000
VA235_EB,MD,22,6.850885,20.504917,22,6.883995,-6.850885,20.532837,0.002641,22,2.670353,8.068598,22,3.139781,-0.477071,8.003335,0.589885,24,6.087843,17.659390,24,7.025830,-6.087843,18.652862,0.004188,22,0,330,330,330,,0,330,0.000000,0.000000,,,0.000000,0,2,,540.000000,,,900.000000,,22,0,90,90,90,,0,90,0.000000,0.000000,,,72.727273,0,2,,540.000000,,,900.000000,,33.365506,26.549739,32.637582,96.887966,100.000000,100.000000,4,4.000000,4.000000,0.000000,9.000000,3.220000,9.000000,0.000000,100.000000,100.000000,0.000000
VA235_EB,PM,14,1.591540,5.227008,14,2.061168,-1.016574,5.390314,0.057446,14,1.367577,4.460168,14,1.911860,-0.871312,4.631786,0.107096,16,0.443171,1.553684,16,0.537548,-0.242920,1.548047,0.788915,14,165,210,45,45,27.272727,165,210,78.571429,78.571429,100.000000,88.000000,78.571429,2,2,900.000000,900.000000,0.000000,1095.000000,1140.000000,45.000000,14,165,210,45,45,27.272727,165,210,78.571429,78.571429,100.000000,88.000000,78.571429,2,2,900.000000,900.000000,0.000000,1095.000000,1140.000000,45.000000,29.525919,28.384824,28.627744,92.306770,100.000000,100.000000,4,4.000000,4.000000,0.000000,9.000000,3.220000,9.000000,0.000000,100.000000,100.000000,0.000000
VA235_NB,AM,12,1.011101,3.910024,12,1.396569,1.006355,3.757184,0.872625,12,6.016874,22.993345,12,7.114538,6.016874,22.358298,0.136667,12,5.010519,14.515296,12,5.938275,-5.010519,15.216581,0.319840,12,180,180,0,0,0.000000,180,180,100.000000,100.000000,100.000000,100.000000,100.000000,1,1,360.000000,360.000000,0.000000,540.000000,540.000000,0.000000,12,180,45,-135,135,75.000000,45,180,25.000000,100.000000,25.000000,40.000000,25.000000,1,1,360.000000,495.000000,135.000000,540.000000,540.000000,0.000000,26.911145,27.917500,32.928019,100.000000,100.000000,100.000000,1,1.000000,1.000000,1.000000,2.000000,0.460000,2.000000,0.000000,100.000000,100.000000,100.000000
VA235_NB,MD,24,2.060908,7.469249,24,2.259512,-2.060732,7.550853,0.089936,24,4.223814,15.259631,24,5.103720,4.086381,15.475416,0.569140,24,6.147113,18.445157,24,7.142751,-6.147113,19.589217,0.022589,24,360,360,0,0,0.000000,360,360,100.000000,100.000000,100.000000,100.000000,100.000000,1,1,540.000000,540.000000,0.000000,900.000000,900.000000,0.000000,24,360,150,-210,210,58.333333,150,360,41.666667,100.000000,41.666667,58.823529,41.666667,1,2,540.000000,540.000000,0.000000,900.000000,900.000000,0.000000,27.293705,25.232972,31.380085,100.000000,100.000000,100.000000,1,1.000000,1.000000,1.000000,2.000000,0.460000,2.000000,0.000000,100.000000,100.000000,100.000000
VA235_NB,PM,16,1.342839,5.356315,16,1.533472,1.342839,5.239513,0.591122,16,1.737271,6.938155,16,1.975983,1.737271,6.778516,0.276432,16,0.394432,1.448872,16,0.481688,-0.394432,1.441304,0.837375,16,240,240,0,0,0.000000,240,240,100.000000,100.000000,100.000000,100.000000,100.000000,1,1,900.000000,900.000000,0.000000,1140.000000,1140.000000,0.000000,16,240,240,0,0,0.000000,240,240,100.000000,100.000000,100.000000,100.000000,100.000000,1,1,900.000000,900.000000,0.000000,1140.000000,1140.000000,0.000000,25.629076,26.971915,27.366347,100.000000,100.000000,100.000000,1,1.000000,1.000000,1.000000,2.000000,0.460000,2.000000,0.000000,100.000000,100.000000,100.000000
VA235_SB,AM,12,1.018389,3.753261,12,1.296819,1.015224,3.576390,0.911684,12,6.236146,22.255765,12,7.312353,6.236146,21.900171,0.021058,12,5.220923,14.172352,12,6.308875,-5.220923,15.040911,0.061007,12,180,180,0,0,0.000000,180,180,100.000000,100.000000,100.000000,100.000000,100.000000,1,1,360.000000,360.000000,0.000000,540.000000,540.000000,0.000000,12,180,45,-135,135,75.000000,45,180,25.000000,100.000000,25.000000,40.000000,25.000000,1,2,360.000000,360.000000,0.000000,540.000000,540.000000,0.000000,28.475332,29.490556,34.711478,100.000000,100.000000,100.000000,1,1.000000,1.000000,1.000000,2.000000,0.460000,2.000000,0.000000,100.000000,100.000000,100.000000
VA235_SB,MD,24,1.181173,4.169934,24,1.311445,-1.181173,4.178591,0.218251,24,4.641453,16.431907,24,5.694022,4.503496,16.419891,0.022518,24,5.684669,16.382693,24,6.668788,-5.684669,17.346775,0.021519,24,360,360,0,0,0.000000,360,360,100.000000,100.000000,100.000000,100.000000,100.000000,1,1,540.000000,540.000000,0.000000,900.000000,900.000000,0.000000,24,360,120,-240,240,66.666667,120,360,33.333333,100.000000,33.333333,50.000000,33.333333,1,2,540.000000,540.000000,0.000000,900.000000,900.000000,0.000000,28.267256,27.086083,32.770752,100.000000,100.000000,100.000000,1,1.000000,1.000000,1.000000,2.000000,0.460000,2.000000,0.000000,100.000000,100.000000,100.000000
VA235_SB,PM,16,1.036418,3.969995,16,1.083889,1.036418,3.957432,0.190812,16,1.203569,4.612809,16,1.264002,1.203569,4.595676,0.003132,16,0.167150,0.610142,16,0.204844,-0.167150,0.610200,0.739769,16,240,240,0,0,0.000000,240,240,100.000000,100.000000,100.000000,100.000000,100.000000,1,1,900.000000,900.000000,0.000000,1140.000000,1140.000000,0.000000,16,240,240,0,0,0.000000,240,240,100.000000,100.000000,100.000000,100.000000,100.000000,1,1,900.000000,900.000000,0.000000,1140.000000,1140.000000,0.000000,26.189155,27.225573,27.392723,100.000000,100.000000,100.000000,1,1.000000,1.000000,1.000000,2.000000,0.460000,2.000000,0.000000,100.000000,100.000000,100.000000
VA235_WB,AM,12,2.263165,6.273229,12,2.425008,-2.263165,6.355381,0.890811,12,1.665582,4.634731,12,2.153639,-1.097251,4.677258,0.476384,12,1.801691,5.175751,12,2.084569,-1.165914,5.220331,0.479181,12,0,45,45,45,,0,45,0.000000,0.000000,,,75.000000,0,1,,495.000000,,,540.000000,,12,0,30,30,30,,0,30,0.000000,0.000000,,,83.333333,0,2,,450.000000,,,540.000000,,35.610220,33.347055,34.512969,100.000000,100.000000,100.000000,4,4.000000,4.000000,0.000000,9.000000,3.220000,9.000000,0.000000,100.000000,100.000000,0.000000
VA235_WB,MD,24,3.963285,11.655952,24,3.980368,-3.963285,11.658835,0.609309,24,1.640967,4.843920,24,1.936453,-0.892919,4.827250,0.356099,24,3.070366,8.969470,24,3.624725,-3.070366,9.275774,0.064786,24,0,360,360,360,,0,360,0.000000,0.000000,,,0.000000,0,1,,540.000000,,,900.000000,,24,0,105,105,105,,0,105,0.000000,0.000000,,,70.833333,0,3,,540.000000,,,900.000000,,33.993831,30.030547,33.100912,99.933845,100.000000,100.000000,4,4.000000,4.000000,0.000000,9.000000,3.220000,9.000000,0.000000,100.000000,100.000000,0.000000
VA235_WB,PM,16,1.897785,5.869512,16,1.977175,-1.897785,5.892632,0.259320,16,1.273550,3.929101,16,1.534382,-0.807782,3.954382,0.011185,16,1.190595,3.711770,16,1.467322,-1.090003,3.791913,0.163899,16,15,240,225,225,1500.000000,15,240,6.250000,6.250000,100.000000,11.764706,6.250000,1,1,915.000000,900.000000,-15.000000,930.000000,1140.000000,210.000000,16,15,135,120,120,800.000000,15,135,11.111111,11.111111,100.000000,20.000000,50.000000,1,3,915.000000,900.000000,-15.000000,930.000000,1140.000000,210.000000,32.206059,30.308275,31.398278,100.000000,100.000000,100.000000,4,4.000000,4.000000,0.000000,9.000000,3.220000,9.000000,0.000000,100.000000,100.000000,0.000000
VA236_EB,AM,12,0.958808,3.722278,12,1.242236,0.921451,3.518387,0.914090,12,3.042946,11.546687,12,3.537137,3.042681,11.166223,0.506063,12,2.121230,6.868048,12,2.524694,-2.121230,7.002140,0.630412,12,180,180,0,0,0.000000,180,180,100.000000,100.000000,100.000000,100.000000,100.000000,1,1,360.000000,360.000000,0.000000,540.000000,540.000000,0.000000,12,180,120,-60,60,33.333333,120,180,66.666667,100.000000,66.666667,80.000000,66.666667,1,2,360.000000,360.000000,0.000000,540.000000,540.000000,0.000000,27.251343,28.172794,30.294024,97.922029,100.000000,100.000000,20,20.000000,20.000000,20.000000,73.000000,15.440000,73.000000,0.000000,100.000000,100.000000,100.000000
VA236_EB,MD,24,1.150950,4.549582,24,1.207824,-1.150950,4.544705,0.841198,24,3.197958,12.570766,24,3.735354,3.138760,12.627635,0.361513,24,4.289710,14.510988,24,4.852451,-4.289710,15.070739,0.119619,24,360,360,0,0,0.000000,360,360,100.000000,100.000000,100.000000,100.000000,100.000000,1,1,540.000000,540.000000,0.000000,900.000000,900.000000,0.000000,24,360,360,0,0,0.000000,360,360,100.000000,100.000000,100.000000,100.000000,100.000000,1,1,540.000000,540.000000,0.000000,900.000000,900.000000,0.000000,25.325073,24.174123,28.463833,99.415838,100.000000,100.000000,20,20.000000,20.000000,20.000000,73.000000,15.440000,73.000000,0.000000,100.000000,100.000000,100.000000
VA236_EB,PM,16,0.356958,1.608708,16,0.387162,0.235451,1.602923,0.841089,16,1.246442,5.670903,16,1.364026,1.206048,5.597163,0.324653,16,0.970597,4.142035,16,1.062236,-0.970597,4.134561,0.646746,16,240,240,0,0,0.000000,240,240,100.000000,100.000000,100.000000,100.000000,100.000000,1,1,900.000000,900.000000,0.000000,1140.000000,1140.000000,0.000000,16,240,240,0,0,0.000000,240,240,100.000000,100.000000,100.000000,100.000000,100.000000,1,1,900.000000,900.000000,0.000000,1140.000000,1140.000000,0.000000,22.269178,22.504629,23.475226,98.985563,100.000000,100.000000,20,20.000000,20.000000,20.000000,73.000000,15.440000,73.000000,0.000000,100.000000,100.000000,100.000000
VA236_WB,AM,12,1.067004,4.144147,12,1.246501,1.060768,4.014085,0.913208,12,3.369609,12.925343,12,3.783895,3.369609,12.676522,0.444089,12,2.308841,7.566067,12,2.629073,-2.308841,7.708700,0.653279,12,180,180,0,0,0.000000,180,180,100.000000,100.000000,100.000000,100.000000,100.000000,1,1,360.000000,360.000000,0.000000,540.000000,540.000000,0.000000,12,180,135,-45,45,25.000000,135,180,75.000000,100.000000,75.000000,85.714286,75.000000,1,2,360.000000,360.000000,0.000000,540.000000,540.000000,0.000000,26.581497,27.642266,29.951107,99.049910,100.000000,100.000000,20,20.000000,20.000000,20.000000,73.000000,15.440000,73.000000,0.000000,100.000000,100.000000,100.000000
VA236_WB,MD,23,0.882042,3.491331,23,0.944653,-0.882042,3.505468,0.691773,23,4.000290,15.857159,23,4.523539,4.000290,15.898204,0.229745,24,4.682552,15.521490,24,5.306066,-4.682552,16.187081,0.040286,23,345,345,0,0,0.000000,345,345,100.000000,100.000000,100.000000,100.000000,100.000000,1,1,540.000000,540.000000,0.000000,885.000000,885.000000,0.000000,23,345,315,-30,30,8.695652,315,345,91.304348,100.000000,91.304348,95.454545,91.304348,1,2,540.000000,540.000000,0.000000,885.000000,885.000000,0.000000,25.161902,24.245156,28.927708,98.698947,100.000000,100.000000,20,20.000000,20.000000,20.000000,73.000000,15.440000,73.000000,0.000000,100.000000,100.000000,100.000000
VA236_WB,PM,16,0.427391,1.869463,16,0.488724,0.246112,1.855308,0.822368,16,1.486399,6.514640,16,1.629614,1.486399,6.452479,0.500196,16,1.240287,5.053725,16,1.400810,-1.240287,5.057754,0.581649,16,240,240,0,0,0.000000,240,240,100.000000,100.000000,100.000000,100.000000,100.000000,1,1,900.000000,900.000000,0.000000,1140.000000,1140.000000,0.000000,16,240,240,0,0,0.000000,240,240,100.000000,100.000000,100.000000,100.000000,100.000000,1,1,900.000000,900.000000,0.000000,1140.000000,1140.000000,0.000000,23.036094,23.282206,24.522493,97.882013,100.000000,100.000000,20,20.000000,20.000000,20.000000,73.000000,15.440000,73.000000,0.000000,100.000000,100.000000,100.000000
VA237_EB,AM,8,0.528305,2.559563,8,0.739644,0.265583,2.386408,0.979150,8,4.382016,20.805962,8,5.066573,4.337592,19.794004,0.288735,12,3.733881,14.278311,12,4.299121,-3.733881,14.841831,0.312283,8,120,120,0,0,0.000000,120,120,100.000000,100.000000,100.000000,100.000000,100.000000,1,1,360.000000,360.000000,0.000000,480.000000,480.000000,0.000000,8,120,120,0,0,0.000000,120,120,100.000000,100.000000,100.000000,100.000000,100.000000,1,1,360.000000,360.000000,0.000000,480.000000,480.000000,0.000000,22.138100,21.423935,25.157816,87.780014,100.000000,100.000000,10,10.000000,10.000000,9.000000,28.000000,4.190000,28.000000,0.000000,100.000000,100.000000,90.000000
VA237_EB,MD,24,0.776470,3.892454,24,0.832631,-0.773416,3.915424,0.030582,24,5.088946,25.529773,24,5.994721,5.085823,25.661481,0.368134,24,5.859239,21.981269,24,6.747788,-5.859239,23.515127,0.612123,24,360,360,0,0,0.000000,360,360,100.000000,100.000000,100.000000,100.000000,100.000000,1,1,540.000000,540.000000,0.000000,900.000000,900.000000,0.000000,24,360,360,0,0,0.000000,360,360,100.000000,100.000000,100.000000,100.000000,100.000000,1,1,540.000000,540.000000,0.000000,900.000000,900.000000,0.000000,19.831069,19.057653,24.916891,100.000000,100.000000,100.000000,10,10.000000,10.000000,9.000000,28.000000,4.190000,28.000000,0.000000,100.000000,100.000000,90.000000
VA237_EB,PM,14,0.494362,2.787817,14,0.595045,0.458605,2.794602,0.782631,14,3.813945,21.945815,14,4.343695,3.813945,21.560035,0.559973,16,3.683826,16.331184,16,4.326757,-3.683826,16.995236,0.618528,14,210,210,0,0,0.000000,210,210,100.000000,100.000000,100.000000,100.000000,100.000000,2,2,900.000000,900.000000,0.000000,1140.000000,1140.000000,0.000000,14,210,210,0,0,0.000000,210,210,100.000000,100.000000,100.000000,100.000000,100.000000,2,2,900.000000,900.000000,0.000000,1140.000000,1140.000000,0.000000,17.689884,17.991812,21.675638,94.963975,100.000000,100.000000,10,10.000000,10.000000,9.000000,28.000000,4.190000,28.000000,0.000000,100.000000,100.000000,90.000000
VA237_NB,AM,12,0.180831,0.626780,12,0.221506,0.009551,0.622814,0.952610,12,1.463735,5.051663,12,1.743415,1.463735,5.041370,0.212106,12,1.454185,4.670288,12,1.755366,-1.454185,4.768099,0.138865,12,180,180,0,0,0.000000,180,180,100.000000,100.000000,100.000000,100.000000,100.000000,1,1,360.000000,360.000000,0.000000,540.000000,540.000000,0.000000,12,180,135,-45,45,25.000000,135,180,75.000000,100.000000,75.000000,85.714286,75.000000,1,3,360.000000,360.000000,0.000000,540.000000,540.000000,0.000000,29.034477,29.044028,30.498213,100.000000,100.000000,100.000000,1,1.000000,1.000000,1.000000,5.000000,1.660000,5.000000,0.000000,100.000000,100.000000,100.000000
VA237_NB,MD,22,0.396799,1.379969,22,0.486590,-0.305888,1.389503,0.002010,22,2.181511,7.628484,22,2.598463,2.128000,7.639176,0.152337,24,2.635858,8.262403,24,3.120967,-2.635858,8.531393,0.007248,22,330,330,0,0,0.000000,330,330,100.000000,100.000000,100.000000,100.000000,100.000000,2,2,540.000000,540.000000,0.000000,900.000000,900.000000,0.000000,22,330,210,-120,120,36.363636,210,330,63.636364,100.000000,63.636364,77.777778,63.636364,2,3,540.000000,540.000000,0.000000,900.000000,900.000000,0.000000,28.556888,28.260125,30.895983,91.666667,100.000000,100.000000,1,1.000000,1.000000,1.000000,5.000000,1.660000,5.000000,0.000000,100.000000,100.000000,100.000000
VA237_NB,PM,16,1.279546,4.700277,16,1.587224,-1.269507,4.620086,0.839424,16,2.174479,7.994313,16,2.676238,-2.173206,7.851437,0.811236,16,0.903699,3.789303,16,1.100902,0.903699,3.540849,0.995648,16,240,240,0,0,0.000000,240,240,100.000000,100.000000,100.000000,100.000000,100.000000,1,1,900.000000,900.000000,0.000000,1140.000000,1140.000000,0.000000,16,240,240,0,0,0.000000,240,240,100.000000,100.000000,100.000000,100.000000,100.000000,1,1,900.000000,900.000000,0.000000,1140.000000,1140.000000,0.000000,27.695294,26.425787,25.522088,100.000000,100.000000,100.000000,1,1.000000,1.000000,1.000000,5.000000,1.660000,5.000000,0.000000,100.000000,100.000000,100.000000
VA237_SB,AM,12,0.783836,2.786391,12,0.859539,0.782372,2.742875,0.947495,12,3.000498,10.580507,12,3.426033,3.000498,10.499639,0.105365,12,2.218126,6.823733,12,2.674102,-2.218126,7.024354,0.188394,12,180,180,0,0,0.000000,180,180,100.000000,100.000000,100.000000,100.000000,100.000000,1,1,360.000000,360.000000,0.000000,540.000000,540.000000,0.000000,12,180,75,-105,105,58.333333,75,180,41.666667,100.000000,41.666667,58.823529,41.666667,1,3,360.000000,360.000000,0.000000,540.000000,540.000000,0.000000,28.577156,29.359528,31.577654,100.000000,100.000000,100.000000,1,1.000000,1.000000,1.000000,5.000000,1.660000,5.000000,0.000000,100.000000,100.000000,100.000000
VA237_SB,MD,24,0.402059,1.486411,24,0.447336,-0.302592,1.477956,0.904080,24,3.139172,11.513716,24,3.614276,3.099894,11.539492,0.279903,24,3.402486,10.856927,24,3.936719,-3.402486,11.227983,0.149922,24,360,360,0,0,0.000000,360,360,100.000000,100.000000,100.000000,100.000000,100.000000,1,1,540.000000,540.000000,0.000000,900.000000,900.000000,0.000000,24,360,240,-120,120,33.333333,240,360,66.666667,100.000000,66.666667,80.000000,66.666667,1,3,540.000000,540.000000,0.000000,900.000000,900.000000,0.000000,27.203731,26.901139,30.303625,100.000000,100.000000,100.000000,1,1.000000,1.000000,1.000000,5.000000,1.660000,5.000000,0.000000,100.000000,100.000000,100.000000
VA237_SB,PM,16,1.007195,4.117880,16,1.206065,-0.695863,4.058785,0.923285,16,0.913111,3.731970,16,1.090698,-0.603737,3.679646,0.925986,16,0.103998,0.446829,16,0.121906,-0.092126,0.429541,0.999791,16,240,240,0,0,0.000000,240,240,100.000000,100.000000,100.000000,100.000000,100.000000,1,1,900.000000,900.000000,0.000000,1140.000000,1140.000000,0.000000,16,240,240,0,0,0.000000,240,240,100.000000,100.000000,100.000000,100.000000,100.000000,1,1,900.000000,900.000000,0.000000,1140.000000,1140.000000,0.000000,24.815190,24.119327,24.211453,100.000000,100.000000,100.000000,1,1.000000,1.000000,1.000000,5.000000,1.660000,5.000000,0.000000,100.000000,100.000000,100.000000
VA237_WB,AM,10,1.363040,6.915624,10,1.603557,1.363040,6.520775,0.981258,10,5.709528,28.481311,10,6.346515,5.709528,27.314356,0.152825,12,3.858268,14.351493,12,4.460577,-3.858268,14.999417,0.212825,10,150,150,0,0,0.000000,150,150,100.000000,100.000000,100.000000,100.000000,100.000000,1,1,360.000000,360.000000,0.000000,510.000000,510.000000,0.000000,10,150,150,0,0,0.000000,150,150,100.000000,100.000000,100.000000,100.000000,100.000000,1,1,360.000000,360.000000,0.000000,510.000000,510.000000,0.000000,20.903031,21.864520,25.722788,93.769331,100.000000,100.000000,10,10.000000,10.000000,9.000000,28.000000,4.190000,28.000000,0.000000,100.000000,100.000000,90.000000
VA237_WB,MD,24,0.825560,4.129673,24,0.954015,-0.825560,4.166974,0.033335,24,4.411631,22.126005,24,5.223352,4.402101,22.267489,0.410129,24,5.227661,20.249676,24,6.043351,-5.227661,21.589340,0.001690,24,360,360,0,0,0.000000,360,360,100.000000,100.000000,100.000000,100.000000,100.000000,1,1,540.000000,540.000000,0.000000,900.000000,900.000000,0.000000,24,360,360,0,0,0.000000,360,360,100.000000,100.000000,100.000000,100.000000,100.000000,1,1,540.000000,540.000000,0.000000,900.000000,900.000000,0.000000,19.811984,18.986424,24.214085,100.000000,100.000000,100.000000,10,10.000000,10.000000,9.000000,28.000000,4.190000,28.000000,0.000000,100.000000,100.000000,90.000000
VA237_WB,PM,14,0.262674,1.365592,14,0.320422,0.204171,1.370763,0.691496,14,2.686495,14.129371,14,3.042596,2.675718,14.019477,0.578118,16,2.666687,11.828134,16,3.059828,-2.666687,12.152047,0.435243,14,210,210,0,0,0.000000,210,210,100.000000,100.000000,100.000000,100.000000,100.000000,2,2,900.000000,900.000000,0.000000,1140.000000,1140.000000,0.000000,14,210,210,0,0,0.000000,210,210,100.000000,100.000000,100.000000,100.000000,100.000000,2,2,900.000000,900.000000,0.000000,1140.000000,1140.000000,0.000000,19.162595,19.277656,21.944342,94.941184,100.000000,100.000000,10,10.000000,10.000000,9.000000,28.000000,4.190000,28.000000,0.000000,100.000000,100.000000,90.000000
VA241_NB,AM,10,1.199500,4.411167,10,1.374843,1.199500,4.250076,0.956027,10,1.460966,5.307046,10,1.812814,-0.054359,5.176504,0.395463,12,1.869249,7.591687,12,2.748264,1.838656,6.814480,0.492819,10,150,150,0,0,0.000000,150,150,100.000000,100.000000,100.000000,100.000000,100.000000,2,2,360.000000,360.000000,0.000000,540.000000,540.000000,0.000000,10,150,150,0,0,0.000000,150,150,100.000000,100.000000,100.000000,100.000000,100.000000,2,2,360.000000,360.000000,0.000000,540.000000,540.000000,0.000000,28.223015,29.269204,27.430548,95.233960,100.000000,100.000000,4,4.000000,4.000000,3.000000,9.000000,1.650000,9.000000,0.000000,100.000000,100.000000,75.000000
VA241_NB,MD,24,0.369895,1.338493,24,0.501756,0.299167,1.324256,0.329602,24,1.899834,6.789785,24,2.668986,-1.368059,6.801576,0.105270,24,1.783518,7.446545,24,2.724751,1.667225,6.713990,0.000569,24,360,360,0,0,0.000000,360,360,100.000000,100.000000,100.000000,100.000000,100.000000,1,1,540.000000,540.000000,0.000000,900.000000,900.000000,0.000000,24,360,360,0,0,0.000000,360,360,100.000000,100.000000,100.000000,100.000000,100.000000,1,1,540.000000,540.000000,0.000000,900.000000,900.000000,0.000000,27.932262,28.231428,26.564203,100.000000,100.000000,100.000000,4,4.000000,4.000000,3.000000,9.000000,1.650000,9.000000,0.000000,100.000000,100.000000,75.000000
VA241_NB,PM,16,0.732050,2.847986,16,0.968226,0.110122,2.827148,0.647341,16,1.730041,6.797709,16,2.251650,-1.276079,6.681348,0.704453,16,1.386202,6.138462,16,1.832113,1.386202,5.630958,0.869611,16,240,240,0,0,0.000000,240,240,100.000000,100.000000,100.000000,100.000000,100.000000,1,1,900.000000,900.000000,0.000000,1140.000000,1140.000000,0.000000,16,240,240,0,0,0.000000,240,240,100.000000,100.000000,100.000000,100.000000,100.000000,1,1,900.000000,900.000000,0.000000,1140.000000,1140.000000,0.000000,25.893589,26.003711,24.617510,100.000000,100.000000,100.000000,4,4.000000,4.000000,3.000000,9.000000,1.650000,9.000000,0.000000,100.000000,100.000000,75.000000
VA241_SB,AM,12,4.066778,14.703894,12,4.126766,-4.066778,14.788809,0.939828,12,1.693445,6.082239,12,2.204825,-0.207455,6.158202,0.065087,12,3.859323,13.738895,12,4.268223,-3.859323,14.141083,0.195248,12,180,180,0,0,0.000000,180,180,100.000000,100.000000,100.000000,100.000000,100.000000,1,1,360.000000,360.000000,0.000000,540.000000,540.000000,0.000000,12,180,180,0,0,0.000000,180,180,100.000000,100.000000,100.000000,100.000000,100.000000,1,1,360.000000,360.000000,0.000000,540.000000,540.000000,0.000000,27.499020,23.432243,27.291566,100.000000,100.000000,100.000000,4,4.000000,4.000000,3.000000,9.000000,1.790000,9.000000,0.000000,100.000000,100.000000,75.000000
VA241_SB,MD,24,4.113161,15.742122,24,4.155496,-4.113161,15.794057,0.773479,24,1.702533,6.593647,24,2.037264,0.276818,6.537526,0.102559,24,4.389979,16.099096,24,4.871415,-4.389979,16.679709,0.018455,24,360,360,0,0,0.000000,360,360,100.000000,100.000000,100.000000,100.000000,100.000000,1,1,540.000000,540.000000,0.000000,900.000000,900.000000,0.000000,24,360,360,0,0,0.000000,360,360,100.000000,100.000000,100.000000,100.000000,100.000000,1,1,540.000000,540.000000,0.000000,900.000000,900.000000,0.000000,26.042461,21.929300,26.319280,100.000000,100.000000,100.000000,4,4.000000,4.000000,3.000000,9.000000,1.790000,9.000000,0.000000,100.000000,100.000000,75.000000
VA241_SB,PM,14,1.103809,4.599824,14,1.387928,-0.318144,4.710853,0.000836,14,1.556927,6.591722,14,1.720264,-1.556927,6.644677,0.556158,16,1.141165,5.282576,16,1.396164,1.141165,5.156826,0.498008,14,210,210,0,0,0.000000,210,210,100.000000,100.000000,100.000000,100.000000,100.000000,2,2,900.000000,900.000000,0.000000,1140.000000,1140.000000,0.000000,14,210,210,0,0,0.000000,210,210,100.000000,100.000000,100.000000,100.000000,100.000000,2,2,900.000000,900.000000,0.000000,1140.000000,1140.000000,0.000000,23.431196,23.270386,22.129220,90.632835,100.000000,100.000000,4,4.000000,4.000000,3.000000,9.000000,1.790000,9.000000,0.000000,100.000000,100.000000,75.000000
VA243_NB,AM,12,0.947720,4.009651,12,1.149125,0.937168,3.901367,0.876712,12,3.330344,14.091903,12,3.856514,3.330344,13.709626,0.216191,12,2.393176,8.527679,12,2.726621,-2.393176,8.663909,0.541716,12,180,180,0,0,0.000000,180,180,100.000000,100.000000,100.000000,100.000000,100.000000,1,1,360.000000,360.000000,0.000000,540.000000,540.000000,0.000000,12,180,180,0,0,0.000000,180,180,100.000000,100.000000,100.000000,100.000000,100.000000,1,1,360.000000,360.000000,0.000000,540.000000,540.000000,0.000000,24.292010,25.229178,27.622354,100.000000,100.000000,100.000000,4,4.000000,4.000000,4.000000,9.000000,1.650000,9.000000,0.000000,100.000000,100.000000,100.000000
VA243_NB,MD,24,0.822997,3.424953,24,0.908350,-0.820398,3.450904,0.058167,24,2.874725,11.980824,24,3.302899,2.851095,12.053995,0.583825,24,3.671494,13.261777,24,4.157316,-3.671494,13.751002,0.004029,24,360,360,0,0,0.000000,360,360,100.000000,100.000000,100.000000,100.000000,100.000000,1,1,540.000000,540.000000,0.000000,900.000000,900.000000,0.000000,24,360,360,0,0,0.000000,360,360,100.000000,100.000000,100.000000,100.000000,100.000000,1,1,540.000000,540.000000,0.000000,900.000000,900.000000,0.000000,23.848731,23.028333,26.699826,100.000000,100.000000,100.000000,4,4.000000,4.000000,4.000000,9.000000,1.650000,9.000000,0.000000,100.000000,100.000000,100.000000
VA243_NB,PM,16,0.297410,1.317668,16,0.360100,0.166701,1.323583,0.865130,16,1.043090,4.668275,16,1.122125,1.043090,4.642126,0.432884,16,0.876389,3.738651,16,1.002112,-0.876389,3.727226,0.600224,16,240,240,0,0,0.000000,240,240,100.000000,100.000000,100.000000,100.000000,100.000000,1,1,900.000000,900.000000,0.000000,1140.000000,1140.000000,0.000000,16,240,240,0,0,0.000000,240,240,100.000000,100.000000,100.000000,100.000000,100.000000,1,1,900.000000,900.000000,0.000000,1140.000000,1140.000000,0.000000,22.470093,22.636793,23.513183,100.000000,100.000000,100.000000,4,4.000000,4.000000,4.000000,9.000000,1.650000,9.000000,0.000000,100.000000,100.000000,100.000000
VA243_SB,AM,12,1.658215,6.570558,12,2.026644,1.658215,6.343480,0.704211,12,2.335820,9.238536,12,2.730922,2.335820,8.935649,0.568264,12,0.724777,2.539625,12,0.926014,-0.677605,2.545193,0.878628,12,180,180,0,0,0.000000,180,180,100.000000,100.000000,100.000000,100.000000,100.000000,1,1,360.000000,360.000000,0.000000,540.000000,540.000000,0.000000,12,180,180,0,0,0.000000,180,180,100.000000,100.000000,100.000000,100.000000,100.000000,1,1,360.000000,360.000000,0.000000,540.000000,540.000000,0.000000,26.140467,27.798682,28.476287,100.000000,100.000000,100.000000,4,4.000000,4.000000,4.000000,9.000000,1.650000,9.000000,0.000000,100.000000,100.000000,100.000000
VA243_SB,MD,22,0.552479,2.186603,22,0.612649,-0.526851,2.199205,0.117930,22,2.094447,8.307058,22,2.374211,2.072789,8.337185,0.491729,24,2.587044,9.301308,24,2.895183,-2.587044,9.517499,0.448151,22,330,330,0,0,0.000000,330,330,100.000000,100.000000,100.000000,100.000000,100.000000,2,2,540.000000,540.000000,0.000000,900.000000,900.000000,0.000000,22,330,330,0,0,0.000000,330,330,100.000000,100.000000,100.000000,100.000000,100.000000,2,2,540.000000,540.000000,0.000000,900.000000,900.000000,0.000000,25.121753,24.594931,27.181975,98.093952,100.000000,100.000000,4,4.000000,4.000000,4.000000,9.000000,1.650000,9.000000,0.000000,100.000000,100.000000,100.000000
VA243_SB,PM,14,0.942271,4.000708,14,1.233969,-0.728820,3.953436,0.734643,14,0.557796,2.342482,14,0.613785,0.292312,2.340314,0.642784,16,1.098699,4.644467,16,1.247349,-1.098699,4.566351,0.954229,14,210,210,0,0,0.000000,210,210,100.000000,100.000000,100.000000,100.000000,100.000000,2,2,900.000000,900.000000,0.000000,1140.000000,1140.000000,0.000000,14,210,210,0,0,0.000000,210,210,100.000000,100.000000,100.000000,100.000000,100.000000,2,2,900.000000,900.000000,0.000000,1140.000000,1140.000000,0.000000,23.834217,22.962062,24.060760,95.412800,100.000000,100.000000,4,4.000000,4.000000,4.000000,9.000000,1.650000,9.000000,0.000000,100.000000,100.000000,100.000000
VA244_EB,AM,12,0.514228,2.154423,12,0.624978,0.341007,2.125998,0.785223,12,3.417640,14.209992,12,3.768554,3.417640,14.129702,0.211136,12,3.076633,10.851546,12,3.460295,-3.076633,11.145094,0.191128,12,180,180,0,0,0.000000,180,180,100.000000,100.000000,100.000000,100.000000,100.000000,1,1,360.000000,360.000000,0.000000,540.000000,540.000000,0.000000,12,180,180,0,0,0.000000,180,180,100.000000,100.000000,100.000000,100.000000,100.000000,1,1,360.000000,360.000000,0.000000,540.000000,540.000000,0.000000,24.187627,24.528634,27.605267,93.778805,100.000000,100.000000,15,15.000000,15.000000,12.000000,43.000000,7.910000,43.000000,0.000000,100.000000,100.000000,80.000000
VA244_EB,MD,24,0.136317,0.598156,24,0.170448,-0.025351,0.595049,0.852328,24,4.066779,17.738726,24,4.632208,4.066779,17.752292,0.069900,24,4.092130,14.555224,24,4.655560,-4.092130,15.169942,0.060122,24,360,360,0,0,0.000000,360,360,100.000000,100.000000,100.000000,100.000000,100.000000,1,1,540.000000,540.000000,0.000000,900.000000,900.000000,0.000000,24,360,360,0,0,0.000000,360,360,100.000000,100.000000,100.000000,100.000000,100.000000,1,1,540.000000,540.000000,0.000000,900.000000,900.000000,0.000000,22.908474,22.883122,26.975253,98.494305,100.000000,100.000000,15,15.000000,15.000000,12.000000,43.000000,7.910000,43.000000,0.000000,100.000000,100.000000,80.000000
VA244_EB,PM,16,0.645831,2.949567,16,0.764060,0.645831,2.923037,0.159829,16,2.708867,12.319079,16,2.994185,2.708867,12.260362,0.216943,16,2.063036,8.147402,16,2.309888,-2.063036,8.317562,0.168695,16,240,240,0,0,0.000000,240,240,100.000000,100.000000,100.000000,100.000000,100.000000,1,1,900.000000,900.000000,0.000000,1140.000000,1140.000000,0.000000,16,240,240,0,0,0.000000,240,240,100.000000,100.000000,100.000000,100.000000,100.000000,1,1,900.000000,900.000000,0.000000,1140.000000,1140.000000,0.000000,22.094511,22.740342,24.803378,98.202637,100.000000,100.000000,15,15.000000,15.000000,12.000000,43.000000,7.910000,43.000000,0.000000,100.000000,100.000000,80.000000
VA244_WB,AM,12,0.692834,2.922551,12,0.722787,-0.692834,2.936930,0.919470,12,5.913785,25.074659,12,6.911258,5.788727,25.068584,0.025686,12,6.481561,20.665043,12,7.502665,-6.481561,22.061773,0.024582,12,180,180,0,0,0.000000,180,180,100.000000,100.000000,100.000000,100.000000,100.000000,1,1,360.000000,360.000000,0.000000,540.000000,540.000000,0.000000,12,180,120,-60,60,33.333333,120,180,66.666667,100.000000,66.666667,80.000000,66.666667,1,3,360.000000,360.000000,0.000000,540.000000,540.000000,0.000000,23.590423,22.897589,29.379150,96.281151,100.000000,100.000000,15,15.000000,15.000000,13.000000,45.000000,8.180000,45.000000,0.000000,100.000000,100.000000,86.666667
VA244_WB,MD,24,0.789120,3.543950,24,0.813331,-0.789120,3.545048,0.836018,24,6.329359,28.470606,24,7.416105,6.227106,28.434071,0.003392,24,7.016225,22.977319,24,8.076491,-7.016225,24.629674,0.013529,24,360,360,0,0,0.000000,360,360,100.000000,100.000000,100.000000,100.000000,100.000000,1,1,540.000000,540.000000,0.000000,900.000000,900.000000,0.000000,24,360,240,-120,120,33.333333,240,360,66.666667,100.000000,66.666667,80.000000,66.666667,1,3,540.000000,540.000000,0.000000,900.000000,900.000000,0.000000,22.259772,21.470653,28.486878,99.670236,100.000000,100.000000,15,15.000000,15.000000,13.000000,45.000000,8.180000,45.000000,0.000000,100.000000,100.000000,86.666667
VA244_WB,PM,16,0.614080,2.965706,16,0.698690,-0.005925,2.968126,0.084210,16,1.713029,8.411722,16,2.029322,1.593931,8.279839,0.377131,16,1.599855,7.097038,16,1.771736,-1.599855,7.179682,0.202180,16,240,240,0,0,0.000000,240,240,100.000000,100.000000,100.000000,100.000000,100.000000,1,1,900.000000,900.000000,0.000000,1140.000000,1140.000000,0.000000,16,240,240,0,0,0.000000,240,240,100.000000,100.000000,100.000000,100.000000,100.000000,1,1,900.000000,900.000000,0.000000,1140.000000,1140.000000,0.000000,20.689163,20.683238,22.283093,98.886196,100.000000,100.000000,15,15.000000,15.000000,13.000000,45.000000,8.180000,45.000000,0.000000,100.000000,100.000000,86.666667
VA253_NB,AM,12,2.611402,11.337330,12,3.017596,1.335707,11.198982,0.797478,12,3.578159,15.573729,12,4.142533,2.476055,15.344914,0.803758,12,1.140349,4.193633,12,1.351202,-1.140349,4.420939,0.974566,12,180,180,0,0,0.000000,180,180,100.000000,100.000000,100.000000,100.000000,100.000000,1,1,360.000000,360.000000,0.000000,540.000000,540.000000,0.000000,12,180,180,0,0,0.000000,180,180,100.000000,100.000000,100.000000,100.000000,100.000000,1,1,360.000000,360.000000,0.000000,540.000000,540.000000,0.000000,23.318206,24.653913,25.794261,100.000000,100.000000,100.000000,3,3.000000,3.000000,2.000000,4.000000,0.870000,4.000000,0.000000,100.000000,100.000000,66.666667
VA253_NB,MD,24,2.894371,12.011320,24,2.914194,-2.894371,12.028405,0.303787,24,5.075368,21.003042,24,5.940742,4.326902,21.092173,0.305725,24,7.221274,23.562145,24,8.393430,-7.221274,25.436241,0.001535,24,360,360,0,0,0.000000,360,360,100.000000,100.000000,100.000000,100.000000,100.000000,1,1,540.000000,540.000000,0.000000,900.000000,900.000000,0.000000,24,360,240,-120,120,33.333333,240,360,66.666667,100.000000,66.666667,80.000000,66.666667,1,3,540.000000,540.000000,0.000000,900.000000,900.000000,0.000000,24.062801,21.168430,28.389704,100.000000,100.000000,100.000000,3,3.000000,3.000000,2.000000,4.000000,0.870000,4.000000,0.000000,100.000000,100.000000,66.666667
VA253_NB,PM,16,2.212167,9.462597,16,2.231647,-2.212167,9.479683,0.595432,16,3.390132,14.614678,16,3.916479,2.532501,14.527558,0.170902,16,4.744667,17.339944,16,5.503336,-4.744667,18.341578,0.000322,16,240,240,0,0,0.000000,240,240,100.000000,100.000000,100.000000,100.000000,100.000000,1,1,900.000000,900.000000,0.000000,1140.000000,1140.000000,0.000000,16,240,240,0,0,0.000000,240,240,100.000000,100.000000,100.000000,100.000000,100.000000,1,1,900.000000,900.000000,0.000000,1140.000000,1140.000000,0.000000,23.335870,21.123703,25.868371,100.000000,100.000000,100.000000,3,3.000000,3.000000,2.000000,4.000000,0.870000,4.000000,0.000000,100.000000,100.000000,66.666667
VA253_SB,AM,12,1.873842,7.251885,12,1.970612,-1.873842,7.274153,0.100865,12,3.431805,13.322930,12,4.007470,2.927385,13.322084,0.067069,12,4.801227,15.916856,12,5.543170,-4.801227,16.736211,0.037693,12,180,180,0,0,0.000000,180,180,100.000000,100.000000,100.000000,100.000000,100.000000,1,1,360.000000,360.000000,0.000000,540.000000,540.000000,0.000000,12,180,150,-30,30,16.666667,150,180,83.333333,100.000000,83.333333,90.909091,83.333333,1,2,360.000000,360.000000,0.000000,540.000000,540.000000,0.000000,25.760271,23.886429,28.687656,100.000000,100.000000,100.000000,3,3.000000,3.000000,2.000000,7.000000,1.440000,7.000000,0.000000,100.000000,100.000000,66.666667
VA253_SB,MD,22,1.723227,7.018612,22,1.766097,-1.723227,7.044182,0.473929,22,4.616452,18.884121,22,5.140801,4.170443,18.871064,0.000528,24,5.513329,18.455716,24,6.353547,-5.513329,19.538095,0.005884,22,330,330,0,0,0.000000,330,330,100.000000,100.000000,100.000000,100.000000,100.000000,2,2,540.000000,540.000000,0.000000,900.000000,900.000000,0.000000,22,330,255,-75,75,22.727273,255,330,77.272727,100.000000,77.272727,87.179487,77.272727,2,4,540.000000,540.000000,0.000000,900.000000,900.000000,0.000000,24.463122,22.705024,28.218353,97.164729,100.000000,100.000000,3,3.000000,3.000000,2.000000,7.000000,1.440000,7.000000,0.000000,100.000000,100.000000,66.666667
VA253_SB,PM,16,1.056810,4.509816,16,1.196703,0.231340,4.493200,0.661153,16,2.039365,8.729315,16,2.297367,1.490007,8.670694,0.581615,16,1.258668,4.897155,16,1.427584,-1.258668,5.032615,0.922793,16,240,240,0,0,0.000000,240,240,100.000000,100.000000,100.000000,100.000000,100.000000,1,1,900.000000,900.000000,0.000000,1140.000000,1140.000000,0.000000,16,240,240,0,0,0.000000,240,240,100.000000,100.000000,100.000000,100.000000,100.000000,1,1,900.000000,900.000000,0.000000,1140.000000,1140.000000,0.000000,23.520201,23.751541,25.010208,100.000000,100.000000,100.000000,3,3.000000,3.000000,2.000000,7.000000,1.440000,7.000000,0.000000,100.000000,100.000000,66.666667
VA267_EB,AM,12,0.678715,1.054187,12,0.774679,0.645041,1.047527,0.849242,12,13.082870,20.282241,12,18.719451,-13.041180,20.192081,0.136058,12,13.686221,38.358165,12,19.370003,13.686221,26.446343,0.003727,12,0,0,0,0,,0,0,,,,,100.000000,0,0,,,,,,,12,0,60,60,60,,0,60,0.000000,0.000000,,,66.666667,0,1,,420.000000,,,480.000000,,64.792081,65.437122,51.750901,98.711865,100.000000,100.000000,38,38.000000,38.000000,35.000000,60.000000,27.870000,60.000000,0.000000,100.000000,100.000000,92.105263
VA267_EB,MD,24,0.865091,1.316016,24,0.917175,-0.865091,1.317850,0.050841,24,2.568066,3.908607,24,5.398434,-2.448057,3.912105,0.005219,24,2.504705,4.621768,24,5.048801,1.582966,3.963390,0.012147,24,0,0,0,0,,0,0,,,,,100.000000,0,0,,,,,,,24,0,0,0,0,,0,0,,,,,100.000000,0,0,,,,,,,65.644087,64.778997,63.196031,98.168987,100.000000,100.000000,38,38.000000,38.000000,35.000000,60.000000,27.870000,60.000000,0.000000,100.000000,100.000000,92.105263
VA267_EB,PM,16,0.918259,1.443620,16,1.158042,0.177343,1.426609,0.060096,16,4.376607,6.943390,16,7.727347,-4.109516,6.799509,0.617407,16,4.512782,9.556384,16,8.570031,4.286859,7.489224,0.002873,16,0,0,0,0,,0,0,,,,,100.000000,0,0,,,,,,,16,0,30,30,30,,0,30,0.000000,0.000000,,,87.500000,0,1,,1005.000000,,,1035.000000,,64.366523,64.543866,60.257007,98.247414,100.000000,100.000000,38,38.000000,38.000000,35.000000,60.000000,27.870000,60.000000,0.000000,100.000000,100.000000,92.105263
VA267_WB,AM,12,0.269556,0.423318,12,0.350683,0.196303,0.421681,0.401407,12,3.192950,5.009480,12,6.327893,-2.439835,4.994902,0.098213,12,3.235426,6.426264,12,6.511399,2.636137,5.262196,0.004500,12,0,0,0,0,,0,0,,,,,100.000000,0,0,,,,,,,12,0,15,15,15,,0,15,0.000000,0.000000,,,91.666667,0,1,,450.000000,,,465.000000,,63.924175,64.120478,61.484340,99.253489,100.000000,100.000000,38,38.000000,38.000000,36.000000,63.000000,28.850000,63.000000,0.000000,100.000000,100.000000,94.736842
VA267_WB,MD,24,0.175332,0.269465,24,0.205376,-0.067912,0.269279,0.897489,24,2.259213,3.463878,24,4.589850,-1.470084,3.469753,0.001340,24,2.196554,3.964696,24,4.503443,1.402172,3.451448,0.005492,24,0,0,0,0,,0,0,,,,,100.000000,0,0,,,,,,,24,0,0,0,0,,0,0,,,,,100.000000,0,0,,,,,,,65.111624,65.043712,63.641541,99.151356,100.000000,100.000000,38,38.000000,38.000000,36.000000,63.000000,28.850000,63.000000,0.000000,100.000000,100.000000,94.736842
VA267_WB,PM,16,0.395252,0.607702,16,0.528060,-0.377265,0.605710,0.800142,16,13.653725,21.051945,16,19.011459,-13.653725,20.923869,0.895670,16,13.276460,36.940437,16,18.578396,13.276460,25.729286,0.845041,16,0,0,0,0,,0,0,,,,,100.000000,0,0,,,,,,,16,0,90,90,90,,0,90,0.000000,0.000000,,,62.500000,0,1,,975.000000,,,1065.000000,,65.254301,64.877036,51.600576,98.573108,100.000000,100.000000,38,38.000000,38.000000,36.000000,63.000000,28.850000,63.000000,0.000000,100.000000,100.000000,94.736842
VA27_NB,AM,8,1.045900,2.576119,8,1.261420,-0.722274,2.427663,0.988750,8,7.401051,17.730965,8,10.069699,-7.380574,17.178750,0.483044,12,6.051333,20.520124,12,8.572279,6.047807,16.930440,0.358924,8,0,15,15,15,,0,15,0.000000,0.000000,,,87.500000,0,1,,495.000000,,,510.000000,,8,0,75,75,75,,0,75,0.000000,0.000000,,,37.500000,0,1,,435.000000,,,510.000000,,43.082593,41.790131,35.742324,92.305860,100.000000,100.000000,9,9.000000,9.000000,7.000000,13.000000,2.540000,13.000000,0.000000,100.000000,100.000000,77.777778
VA27_NB,MD,24,4.272516,9.348098,24,5.254329,-4.272516,9.314737,0.316181,24,8.695283,18.860585,24,11.318341,-8.695283,18.957047,0.006666,24,5.421521,18.812301,24,8.217717,4.422768,14.584544,0.102236,24,0,0,0,0,,0,0,,,,,100.000000,0,0,,,,,,,24,0,120,120,120,,0,120,0.000000,0.000000,,,66.666667,0,1,,660.000000,,,780.000000,,45.868343,41.595827,37.173060,100.000000,100.000000,100.000000,9,9.000000,9.000000,7.000000,13.000000,2.540000,13.000000,0.000000,100.000000,100.000000,77.777778
VA27_NB,PM,14,0.666257,1.488152,14,0.828467,0.614500,1.476343,0.449644,14,5.239127,11.746505,14,8.224083,-5.093088,11.609245,0.423458,16,7.583781,26.943341,16,11.146627,7.579906,19.883022,0.007243,14,0,0,0,0,,0,0,,,,,100.000000,0,0,,,,,,,14,0,60,60,60,,0,60,0.000000,0.000000,,,71.428571,0,2,,975.000000,,,1065.000000,,45.128921,45.721899,38.141993,96.944872,100.000000,100.000000,9,9.000000,9.000000,7.000000,13.000000,2.540000,13.000000,0.000000,100.000000,100.000000,77.777778
VA27_SB,AM,12,2.300295,5.577595,12,2.652572,2.300295,5.372361,0.968462,12,4.029225,9.729268,12,6.032486,-2.604282,9.410294,0.351787,12,4.912081,15.597281,12,7.728709,4.904578,12.215180,0.273641,12,0,0,0,0,,0,0,,,,,100.000000,0,0,,,,,,,12,0,45,45,45,,0,45,0.000000,0.000000,,,75.000000,0,1,,435.000000,,,480.000000,,42.817210,45.117506,40.212928,100.000000,100.000000,100.000000,9,9.000000,9.000000,9.000000,10.000000,2.060000,10.000000,0.000000,100.000000,100.000000,100.000000
VA27_SB,MD,24,1.051049,2.309407,24,1.139798,-0.959248,2.320114,0.006684,24,5.912439,12.951747,24,8.687758,-5.803253,13.051275,0.255560,24,4.888706,15.711073,24,7.825131,4.844005,12.376984,0.000191,24,0,0,0,0,,0,0,,,,,100.000000,0,0,,,,,,,24,0,90,90,90,,0,90,0.000000,0.000000,,,75.000000,0,1,,675.000000,,,765.000000,,45.301618,44.342370,39.498365,100.000000,100.000000,100.000000,9,9.000000,9.000000,9.000000,10.000000,2.060000,10.000000,0.000000,100.000000,100.000000,100.000000
VA27_SB,PM,16,1.857296,4.615774,16,2.071904,1.857296,4.536793,0.733577,16,6.079737,15.299519,16,8.617371,-5.488050,14.850896,0.638256,16,7.345346,27.160666,16,10.013111,7.345346,20.720025,0.921748,16,0,0,0,0,,0,0,,,,,100.000000,0,0,,,,,,,16,0,105,105,105,,0,105,0.000000,0.000000,,,56.250000,0,1,,975.000000,,,1080.000000,,40.938517,42.795813,35.450467,99.573221,100.000000,100.000000,9,9.000000,9.000000,9.000000,10.000000,2.060000,10.000000,0.000000,100.000000,100.000000,100.000000
VA286_NB,AM,12,1.164223,2.730420,12,1.368192,1.022385,2.675152,0.925776,12,2.312902,5.481824,12,3.507438,-1.249785,5.314588,0.573444,12,2.794828,7.608674,12,4.470898,2.272170,6.611833,0.397661,12,0,0,0,0,,0,0,,,,,100.000000,0,0,,,,,,,12,0,45,45,45,,0,45,0.000000,0.000000,,,75.000000,0,1,,435.000000,,,480.000000,,43.519873,44.542258,42.270088,97.219223,100.000000,100.000000,43,43.000000,43.000000,42.000000,64.000000,31.130000,64.000000,0.000000,100.000000,100.000000,97.674419
VA286_NB,MD,24,1.578339,3.550915,24,1.803896,-1.570723,3.564651,0.032759,24,4.353011,9.742765,24,6.650435,-4.162483,9.831201,0.224390,24,3.624003,10.626643,24,5.532133,2.591760,9.034028,0.003351,24,0,0,0,0,,0,0,,,,,100.000000,0,0,,,,,,,24,0,90,90,90,,0,90,0.000000,0.000000,,,75.000000,0,1,,675.000000,,,765.000000,,44.277511,42.706788,40.115027,98.791534,100.000000,100.000000,43,43.000000,43.000000,42.000000,64.000000,31.130000,64.000000,0.000000,100.000000,100.000000,97.674419
VA286_NB,PM,16,0.947053,2.221877,16,1.127504,0.841603,2.184629,0.760782,16,3.873511,9.121678,16,5.680100,-3.317628,8.935279,0.484215,16,4.381842,13.056189,16,6.616573,4.159230,10.945540,0.182245,16,0,0,0,0,,0,0,,,,,100.000000,0,0,,,,,,,16,0,75,75,75,,0,75,0.000000,0.000000,,,68.750000,0,1,,990.000000,,,1065.000000,,43.350751,44.192354,40.033124,98.798305,100.000000,100.000000,43,43.000000,43.000000,42.000000,64.000000,31.130000,64.000000,0.000000,100.000000,100.000000,97.674419
VA286_SB,AM,12,1.647897,3.622899,12,1.807602,1.647897,3.568429,0.889773,12,4.043306,8.891011,12,5.962016,-2.971388,8.755551,0.275891,12,4.753246,13.217487,12,7.351390,4.619286,11.000712,0.071812,12,0,0,0,0,,0,0,,,,,100.000000,0,0,,,,,,,12,0,45,45,45,,0,45,0.000000,0.000000,,,75.000000,0,1,,435.000000,,,480.000000,,46.179919,47.827816,43.208530,98.000209,100.000000,100.000000,44,44.000000,44.000000,41.000000,65.000000,31.360000,65.000000,0.000000,100.000000,100.000000,93.181818
VA286_SB,MD,24,1.170371,2.580219,24,1.310378,-1.084714,2.581990,0.477680,24,4.816307,10.529219,24,7.339988,-4.503031,10.625402,0.108215,24,4.139498,12.237792,24,6.443483,3.418317,10.139567,0.015880,24,0,0,0,0,,0,0,,,,,100.000000,0,0,,,,,,,24,0,90,90,90,,0,90,0.000000,0.000000,,,75.000000,0,1,,675.000000,,,765.000000,,45.328230,44.243516,40.825199,99.083890,100.000000,100.000000,44,44.000000,44.000000,41.000000,65.000000,31.360000,65.000000,0.000000,100.000000,100.000000,93.181818
VA286_SB,PM,16,0.803506,1.972341,16,0.910699,0.295747,1.967972,0.944078,16,2.925091,7.423516,16,4.225345,-1.906222,7.164225,0.822769,16,2.375839,7.359104,16,3.706060,2.201969,6.103959,0.936151,16,0,30,30,30,,0,30,0.000000,0.000000,,,87.500000,0,1,,1020.000000,,,1050.000000,,16,0,90,90,90,,0,90,0.000000,0.000000,,,62.500000,0,1,,975.000000,,,1065.000000,,40.829131,41.124878,38.922909,99.053177,100.000000,100.000000,44,44.000000,44.000000,41.000000,65.000000,31.360000,65.000000,0.000000,100.000000,100.000000,93.181818
VA287_NB,AM,12,0.877758,2.067182,12,1.036375,0.331128,2.064417,0.393788,12,2.016886,4.789422,12,3.048956,-0.746781,4.743555,0.330947,12,2.305540,6.065800,12,3.409019,1.077909,5.519388,0.111757,12,0,0,0,0,,0,0,,,,,100.000000,0,0,,,,,,,12,0,0,0,0,,0,0,,,,,100.000000,0,0,,,,,,,42.518450,42.849578,41.771669,99.304275,100.000000,100.000000,8,8.000000,8.000000,7.000000,22.000000,13.190000,22.000000,0.000000,100.000000,100.000000,87.500000
VA287_NB,MD,23,1.075763,2.581585,23,1.193235,-1.075763,2.586655,0.039534,23,2.504246,6.000577,23,3.006286,1.173246,6.021417,0.006271,24,2.908487,6.712595,24,3.451096,-2.157449,6.820945,0.022688,23,0,0,0,0,,0,0,,,,,100.000000,0,0,,,,,,,23,0,0,0,0,,0,0,,,,,100.000000,0,0,,,,,,,41.588979,40.483077,42.640526,98.966381,100.000000,100.000000,8,8.000000,8.000000,7.000000,22.000000,13.190000,22.000000,0.000000,100.000000,100.000000,87.500000
VA287_NB,PM,13,0.850000,2.124609,13,1.002915,0.702501,2.109221,0.050225,13,2.700752,6.752417,13,3.773030,-2.699374,6.701745,0.385949,16,2.805621,8.078978,16,4.219702,2.759105,7.343341,0.097558,13,0,0,0,0,,0,0,,,,,100.000000,0,0,,,,,,,13,0,30,30,30,,0,30,0.000000,0.000000,,,84.615385,0,1,,1005.000000,,,1035.000000,,40.299241,40.965437,38.206332,94.303886,100.000000,100.000000,8,8.000000,8.000000,7.000000,22.000000,13.190000,22.000000,0.000000,100.000000,100.000000,87.500000
VA287_SB,AM,12,1.606499,3.926618,12,1.825385,1.302140,3.864116,0.452586,12,2.467840,6.062503,12,3.584003,-2.167816,5.935904,0.506566,12,3.482317,9.834775,12,5.097126,3.469956,8.836802,0.053157,12,0,0,0,0,,0,0,,,,,100.000000,0,0,,,,,,,12,0,30,30,30,,0,30,0.000000,0.000000,,,83.333333,0,1,,435.000000,,,465.000000,,41.574798,42.876938,39.406982,95.831346,100.000000,100.000000,8,8.000000,8.000000,7.000000,22.000000,13.190000,22.000000,0.000000,100.000000,100.000000,87.500000
VA287_SB,MD,24,1.309213,3.127375,24,1.370051,-1.309213,3.136609,0.041061,24,2.045360,4.885775,24,2.628145,0.442639,4.900271,0.070053,24,2.713149,6.377314,24,3.193465,-1.751852,6.431948,0.001071,24,0,0,0,0,,0,0,,,,,100.000000,0,0,,,,,,,24,0,0,0,0,,0,0,,,,,100.000000,0,0,,,,,,,41.739742,40.430530,42.182382,100.000000,100.000000,100.000000,8,8.000000,8.000000,7.000000,22.000000,13.190000,22.000000,0.000000,100.000000,100.000000,87.500000
VA287_SB,PM,16,0.647507,1.610310,16,0.847008,0.490132,1.593103,0.088826,16,2.200306,5.439101,16,2.957459,-0.646578,5.413550,0.080691,16,2.212111,6.020490,16,3.214143,1.136710,5.530576,0.003690,16,0,0,0,0,,0,0,,,,,100.000000,0,0,,,,,,,16,0,15,15,15,,0,15,0.000000,0.000000,,,93.750000,0,1,,1020.000000,,,1035.000000,,40.644424,41.134556,39.997846,100.000000,100.000000,100.000000,8,8.000000,8.000000,7.000000,22.000000,13.190000,22.000000,0.000000,100.000000,100.000000,87.500000
VA289_EB,AM,10,0.727289,1.555433,10,0.842936,0.332242,1.541288,0.883788,10,3.483767,7.437684,10,5.535259,-3.268775,7.382877,0.194311,12,5.279927,15.006958,12,7.882560,5.243474,12.511388,0.034771,10,0,0,0,0,,0,0,,,,,100.000000,0,0,,,,,,,10,0,15,15,15,,0,15,0.000000,0.000000,,,90.000000,0,1,,435.000000,,,480.000000,,47.187114,47.444447,42.200973,96.398573,100.000000,100.000000,5,5.000000,5.000000,5.000000,8.000000,3.810000,8.000000,0.000000,100.000000,100.000000,100.000000
VA289_EB,MD,22,1.485675,3.256897,22,1.568657,-1.465304,3.250153,0.802506,22,4.207581,9.189339,22,6.611189,-4.062590,9.204761,0.019278,24,3.508581,9.883206,24,5.456151,2.213110,8.369516,0.050114,22,0,0,0,0,,0,0,,,,,100.000000,0,0,,,,,,,22,0,75,75,75,,0,75,0.000000,0.000000,,,77.272727,0,1,,690.000000,,,765.000000,,45.710916,44.134065,41.920954,97.188388,100.000000,100.000000,5,5.000000,5.000000,5.000000,8.000000,3.810000,8.000000,0.000000,100.000000,100.000000,100.000000
VA289_EB,PM,16,1.066659,2.575466,16,1.315945,0.649568,2.533832,0.004692,16,2.451456,5.930603,16,3.455031,-0.926472,5.823395,0.499712,16,2.923680,7.998369,16,4.319329,1.576040,7.101445,0.000059,16,0,0,0,0,,0,0,,,,,100.000000,0,0,,,,,,,16,0,45,45,45,,0,45,0.000000,0.000000,,,81.250000,0,1,,1005.000000,,,1050.000000,,42.096687,42.746255,41.170215,100.000000,100.000000,100.000000,5,5.000000,5.000000,5.000000,8.000000,3.810000,8.000000,0.000000,100.000000,100.000000,100.000000
VA289_WB,AM,12,0.572794,1.175990,12,0.738924,-0.431362,1.187001,0.332423,12,3.041662,6.340309,12,5.275037,-2.688640,6.303233,0.122767,12,3.040754,7.902655,12,5.229766,2.257278,6.673157,0.069154,12,0,0,0,0,,0,0,,,,,100.000000,0,0,,,,,,,12,0,30,30,30,,0,30,0.000000,0.000000,,,83.333333,0,1,,435.000000,,,465.000000,,48.255585,47.824224,45.566945,100.000000,100.000000,100.000000,5,5.000000,5.000000,4.000000,8.000000,3.810000,8.000000,0.000000,100.000000,100.000000,80.000000
VA289_WB,MD,22,0.770569,1.573539,22,0.824420,-0.753388,1.578368,0.509342,22,3.816045,7.790057,22,6.506888,-3.708820,7.816460,0.059319,24,4.263109,12.072850,24,7.219076,3.962073,9.666226,0.000893,22,0,0,0,0,,0,0,,,,,100.000000,0,0,,,,,,,22,0,45,45,45,,0,45,0.000000,0.000000,,,86.363636,0,1,,720.000000,,,765.000000,,48.820624,48.065215,44.103142,95.835312,100.000000,100.000000,5,5.000000,5.000000,4.000000,8.000000,3.810000,8.000000,0.000000,100.000000,100.000000,80.000000
VA289_WB,PM,16,0.361643,0.754469,16,0.412381,-0.103258,0.755498,0.529494,16,6.126343,12.866952,16,8.408732,-6.126343,12.798358,0.286850,16,6.029369,17.119089,16,8.521697,6.023085,14.444420,0.007325,16,0,0,0,0,,0,0,,,,,100.000000,0,0,,,,,,,16,0,75,75,75,,0,75,0.000000,0.000000,,,68.750000,0,1,,990.000000,,,1065.000000,,47.868200,47.764941,41.741856,99.271112,100.000000,100.000000,5,5.000000,5.000000,4.000000,8.000000,3.810000,8.000000,0.000000,100.000000,100.000000,80.000000
VA28_NB,AM,12,2.626153,6.769146,12,2.939091,2.412949,6.642161,0.167879,12,4.304174,10.867558,12,5.161668,-0.233140,10.886272,0.000336,12,3.150876,9.476464,12,4.868937,2.646089,8.016580,0.549680,12,30,0,-30,30,100.000000,0,30,0.000000,,0.000000,,83.333333,1,0,480.000000,,,510.000000,,,12,30,60,30,30,100.000000,0,90,0.000000,0.000000,0.000000,,50.000000,1,1,480.000000,420.000000,-60.000000,510.000000,480.000000,-30.000000,39.537628,41.950577,39.304489,95.037084,100.000000,100.000000,34,34.000000,34.000000,28.000000,81.000000,30.620000,81.000000,0.000000,100.000000,100.000000,82.352941
VA28_NB,MD,24,0.965745,2.198617,24,1.416847,-0.716822,2.246282,0.047128,24,5.095412,11.775555,24,7.615090,-4.403949,11.851712,0.016723,24,4.523909,14.711588,24,7.050235,3.687127,11.723282,0.004109,24,0,0,0,0,,0,0,,,,,100.000000,0,0,,,,,,,24,0,120,120,120,,0,120,0.000000,0.000000,,,66.666667,0,1,,660.000000,,,780.000000,,42.993051,42.276230,38.589103,98.621900,100.000000,100.000000,34,34.000000,34.000000,28.000000,81.000000,30.620000,81.000000,0.000000,100.000000,100.000000,82.352941
VA28_NB,PM,16,1.258955,3.094397,16,1.345944,1.078955,3.079340,0.558622,16,4.736359,11.788088,16,6.743883,-3.154705,11.584890,0.614061,16,4.649924,15.895157,16,7.086321,4.233660,12.324462,0.838562,16,0,0,0,0,,0,0,,,,,100.000000,0,0,,,,,,,16,0,90,90,90,,0,90,0.000000,0.000000,,,62.500000,0,1,,975.000000,,,1065.000000,,40.883933,41.962888,37.729228,97.246002,100.000000,100.000000,34,34.000000,34.000000,28.000000,81.000000,30.620000,81.000000,0.000000,100.000000,100.000000,82.352941
VA28_SB,AM,12,1.180134,2.704825,12,1.485184,1.145311,2.665011,0.309521,12,3.620820,8.333463,12,5.262973,-2.323083,8.176638,0.522298,12,4.048825,11.657829,12,6.426121,3.468393,9.649382,0.022305,12,0,0,0,0,,0,0,,,,,100.000000,0,0,,,,,,,12,0,45,45,45,,0,45,0.000000,0.000000,,,75.000000,0,1,,435.000000,,,480.000000,,44.282511,45.427821,41.959428,98.215586,100.000000,100.000000,32,32.000000,32.000000,27.000000,79.000000,30.530000,79.000000,0.000000,100.000000,100.000000,84.375000
VA28_SB,MD,24,3.393181,7.834583,24,3.926786,-3.393181,7.819295,0.629432,24,5.987689,13.552097,24,8.683994,-5.929294,13.798117,0.012411,24,4.157279,13.431071,24,6.115348,2.536114,11.096234,0.176898,24,30,120,90,90,300.000000,30,120,25.000000,25.000000,100.000000,40.000000,75.000000,1,1,870.000000,780.000000,-90.000000,900.000000,900.000000,0.000000,24,30,180,150,150,500.000000,30,180,16.666667,16.666667,100.000000,28.571429,58.333333,1,2,870.000000,660.000000,-210.000000,900.000000,900.000000,0.000000,43.394970,40.001789,37.465676,99.465615,100.000000,100.000000,32,32.000000,32.000000,27.000000,79.000000,30.530000,79.000000,0.000000,100.000000,100.000000,84.375000
VA28_SB,PM,16,1.160573,3.572787,16,1.580399,0.794738,3.523335,0.801615,16,2.353889,7.515391,16,3.006104,-0.609194,7.146074,0.715916,16,2.120908,7.869432,16,3.043048,1.403932,6.560100,0.913617,16,225,225,0,0,0.000000,210,240,87.500000,93.333333,93.333333,93.333333,87.500000,2,1,900.000000,900.000000,0.000000,1140.000000,1125.000000,-15.000000,16,225,195,-30,30,13.333333,195,225,86.666667,100.000000,86.666667,92.857143,87.500000,2,1,900.000000,900.000000,0.000000,1140.000000,1095.000000,-45.000000,32.939616,33.734354,32.330421,98.007877,100.000000,100.000000,32,32.000000,32.000000,27.000000,79.000000,30.530000,79.000000,0.000000,100.000000,100.000000,84.375000
VA294_EB,AM,12,1.661138,3.815819,12,1.955302,1.513028,3.750295,0.714303,12,2.837839,6.566067,12,4.575919,-2.811040,6.406894,0.527479,12,4.328383,11.884426,12,6.265012,4.324069,10.434246,0.151470,12,0,0,0,0,,0,0,,,,,100.000000,0,0,,,,,,,12,0,30,30,30,,0,30,0.000000,0.000000,,,83.333333,0,1,,435.000000,,,465.000000,,44.293514,45.806542,41.482473,99.147592,100.000000,100.000000,14,14.000000,14.000000,11.000000,24.000000,15.160000,24.000000,0.000000,100.000000,100.000000,78.571429
VA294_EB,MD,24,1.151930,2.723703,24,1.302428,-1.146716,2.722025,0.643644,24,3.078477,7.258579,24,4.427273,-3.024961,7.274480,0.019717,24,2.152166,6.119861,24,3.481922,1.878245,5.477101,0.200773,24,0,0,0,0,,0,0,,,,,100.000000,0,0,,,,,,,24,0,75,75,75,,0,75,0.000000,0.000000,,,79.166667,0,1,,690.000000,,,765.000000,,42.318857,41.172141,39.293895,99.076127,100.000000,100.000000,14,14.000000,14.000000,11.000000,24.000000,15.160000,24.000000,0.000000,100.000000,100.000000,78.571429
VA294_EB,PM,16,0.685682,1.779146,16,0.735188,0.685682,1.765219,0.952010,16,1.900755,4.981084,16,2.749617,-1.243396,4.893303,0.689940,16,2.034075,6.046989,16,3.174301,1.929078,5.409685,0.773970,16,0,0,0,0,,0,0,,,,,100.000000,0,0,,,,,,,16,0,75,75,75,,0,75,0.000000,0.000000,,,68.750000,0,1,,990.000000,,,1065.000000,,38.844020,39.529702,37.600624,98.909473,100.000000,100.000000,14,14.000000,14.000000,11.000000,24.000000,15.160000,24.000000,0.000000,100.000000,100.000000,78.571429
VA294_NB,AM,12,1.374969,5.268839,12,1.623975,1.373952,5.106275,0.765733,12,7.341748,27.472136,12,8.410264,7.341748,27.265326,0.014228,12,5.967795,16.240012,12,7.202101,-5.967795,17.414664,0.009565,12,180,180,0,0,0.000000,180,180,100.000000,100.000000,100.000000,100.000000,100.000000,1,1,360.000000,360.000000,0.000000,540.000000,540.000000,0.000000,12,180,60,-120,120,66.666667,60,180,33.333333,100.000000,33.333333,50.000000,33.333333,1,2,360.000000,360.000000,0.000000,540.000000,540.000000,0.000000,26.927048,28.301000,34.268795,100.000000,100.000000,100.000000,1,1.000000,1.000000,1.000000,3.000000,0.920000,3.000000,0.000000,100.000000,100.000000,100.000000
VA294_NB,MD,22,2.118261,7.881061,22,2.404828,-2.102563,7.849949,0.487484,22,6.423617,23.604691,22,7.594666,5.971939,23.804932,0.389855,24,7.428078,20.980270,24,8.956131,-7.428078,22.836101,0.073414,22,330,330,0,0,0.000000,330,330,100.000000,100.000000,100.000000,100.000000,100.000000,1,1,570.000000,570.000000,0.000000,900.000000,900.000000,0.000000,22,330,120,-210,210,63.636364,120,330,36.363636,100.000000,36.363636,53.333333,36.363636,1,2,570.000000,570.000000,0.000000,900.000000,900.000000,0.000000,26.984396,25.099708,32.527786,91.666667,100.000000,100.000000,1,1.000000,1.000000,1.000000,3.000000,0.920000,3.000000,0.000000,100.000000,100.000000,100.000000
VA294_NB,PM,14,2.980536,12.509071,14,3.545529,2.980536,12.198262,0.744479,14,3.554181,14.919172,14,4.254767,3.554181,14.545984,0.744297,16,0.659615,2.247858,16,0.805405,-0.659615,2.332353,0.999996,14,210,210,0,0,0.000000,210,210,100.000000,100.000000,100.000000,100.000000,100.000000,2,2,900.000000,900.000000,0.000000,1140.000000,1140.000000,0.000000,14,210,210,0,0,0.000000,210,210,100.000000,100.000000,100.000000,100.000000,100.000000,2,2,900.000000,900.000000,0.000000,1140.000000,1140.000000,0.000000,24.434103,27.621472,28.281087,87.500000,100.000000,100.000000,1,1.000000,1.000000,1.000000,3.000000,0.920000,3.000000,0.000000,100.000000,100.000000,100.000000
VA294_SB,AM,12,1.662094,6.341694,12,2.034586,1.659821,6.013132,0.799830,12,7.523481,28.082437,12,8.964291,7.523481,27.218491,0.011749,12,5.863661,15.569285,12,7.124359,-5.863661,16.674920,0.055724,12,180,180,0,0,0.000000,180,180,100.000000,100.000000,100.000000,100.000000,100.000000,1,1,360.000000,360.000000,0.000000,540.000000,540.000000,0.000000,12,180,45,-135,135,75.000000,45,180,25.000000,100.000000,25.000000,40.000000,25.000000,1,2,360.000000,360.000000,0.000000,540.000000,540.000000,0.000000,27.641068,29.300889,35.164550,100.000000,100.000000,100.000000,1,1.000000,1.000000,1.000000,3.000000,0.920000,3.000000,0.000000,100.000000,100.000000,100.000000
VA294_SB,MD,24,3.428318,11.583105,24,3.706917,-3.428318,11.708122,0.160192,24,4.230522,14.163594,24,5.441712,3.744531,14.447745,0.625136,24,7.172849,19.989975,24,8.653894,-7.172849,21.718748,0.039391,24,360,360,0,0,0.000000,360,360,100.000000,100.000000,100.000000,100.000000,100.000000,1,1,540.000000,540.000000,0.000000,900.000000,900.000000,0.000000,24,360,135,-225,225,62.500000,135,360,37.500000,100.000000,37.500000,54.545455,37.500000,1,2,540.000000,540.000000,0.000000,900.000000,900.000000,0.000000,29.281541,25.853222,33.026072,100.000000,100.000000,100.000000,1,1.000000,1.000000,1.000000,3.000000,0.920000,3.000000,0.000000,100.000000,100.000000,100.000000
VA294_SB,PM,16,2.476644,10.260036,16,3.143021,2.393533,10.087619,0.030212,16,2.663127,11.031009,16,3.379044,2.587811,10.847183,0.036766,16,0.194278,0.685586,16,0.239402,-0.194278,0.715859,0.999583,16,240,240,0,0,0.000000,240,240,100.000000,100.000000,100.000000,100.000000,100.000000,1,1,900.000000,900.000000,0.000000,1140.000000,1140.000000,0.000000,16,240,240,0,0,0.000000,240,240,100.000000,100.000000,100.000000,100.000000,100.000000,1,1,900.000000,900.000000,0.000000,1140.000000,1140.000000,0.000000,24.551322,26.944856,27.139134,100.000000,100.000000,100.000000,1,1.000000,1.000000,1.000000,3.000000,0.920000,3.000000,0.000000,100.000000,100.000000,100.000000
VA294_WB,AM,12,1.053106,2.442440,12,1.221400,0.967457,2.430730,0.753600,12,2.425818,5.668832,12,3.809470,-1.941649,5.599159,0.330042,12,2.966353,8.103378,12,4.693191,2.909106,7.168042,0.108597,12,0,0,0,0,,0,0,,,,,100.000000,0,0,,,,,,,12,0,30,30,30,,0,30,0.000000,0.000000,,,83.333333,0,1,,435.000000,,,465.000000,,43.324686,44.292143,41.383037,97.960626,100.000000,100.000000,15,15.000000,15.000000,14.000000,24.000000,15.160000,24.000000,0.000000,100.000000,100.000000,93.333333
VA294_WB,MD,24,0.892989,2.121468,24,0.972318,-0.881375,2.125417,0.791879,24,2.317322,5.497162,24,3.743358,-2.292063,5.515495,0.026644,24,2.024868,5.626019,24,3.217591,1.410688,5.097509,0.057442,24,0,0,0,0,,0,0,,,,,100.000000,0,0,,,,,,,24,0,60,60,60,,0,60,0.000000,0.000000,,,83.333333,0,1,,690.000000,,,750.000000,,42.014762,41.133387,39.722699,99.163416,100.000000,100.000000,15,15.000000,15.000000,14.000000,24.000000,15.160000,24.000000,0.000000,100.000000,100.000000,93.333333
VA294_WB,PM,16,0.712386,1.803946,16,0.772265,0.593478,1.791497,0.871699,16,2.453045,6.237013,16,3.484932,-2.152687,6.168874,0.361137,16,2.759235,8.097955,16,4.029529,2.746164,7.336013,0.305124,16,0,0,0,0,,0,0,,,,,100.000000,0,0,,,,,,,16,0,75,75,75,,0,75,0.000000,0.000000,,,68.750000,0,1,,990.000000,,,1065.000000,,39.764875,40.358353,37.612188,99.319231,100.000000,100.000000,15,15.000000,15.000000,14.000000,24.000000,15.160000,24.000000,0.000000,100.000000,100.000000,93.333333
VA309_NB,AM,10,0.318643,1.149148,10,0.373588,0.079997,1.168648,0.975709,10,4.158232,15.379701,10,4.911328,4.154446,15.250658,0.408428,12,4.396553,13.424567,12,5.075279,-4.396553,13.918259,0.359120,10,150,150,0,0,0.000000,150,150,100.000000,100.000000,100.000000,100.000000,100.000000,2,2,360.000000,360.000000,0.000000,540.000000,540.000000,0.000000,10,150,60,-90,90,60.000000,60,150,40.000000,100.000000,40.000000,57.142857,40.000000,2,2,360.000000,360.000000,0.000000,540.000000,540.000000,0.000000,27.265920,27.191832,31.588386,94.128165,100.000000,100.000000,5,5.000000,5.000000,5.000000,18.000000,4.550000,18.000000,0.000000,100.000000,100.000000,100.000000
VA309_NB,MD,24,0.997537,3.988086,24,1.051630,-0.997537,4.003525,0.020715,24,5.049577,20.180492,24,5.909733,4.960515,20.266016,0.373882,24,5.958052,18.819249,24,6.859189,-5.958052,19.941943,0.001109,24,360,360,0,0,0.000000,360,360,100.000000,100.000000,100.000000,100.000000,100.000000,1,1,540.000000,540.000000,0.000000,900.000000,900.000000,0.000000,24,360,210,-150,150,41.666667,210,360,58.333333,100.000000,58.333333,73.684211,58.333333,1,3,540.000000,540.000000,0.000000,900.000000,900.000000,0.000000,24.916475,23.918938,29.876990,100.000000,100.000000,100.000000,5,5.000000,5.000000,5.000000,18.000000,4.550000,18.000000,0.000000,100.000000,100.000000,100.000000
VA309_NB,PM,16,0.908606,3.824992,16,1.036661,-0.325565,3.807149,0.662265,16,0.959760,4.036476,16,1.036025,0.959760,4.021489,0.622829,16,1.285324,5.253164,16,1.539388,-1.285324,5.177427,0.922294,16,240,240,0,0,0.000000,240,240,100.000000,100.000000,100.000000,100.000000,100.000000,1,1,900.000000,900.000000,0.000000,1140.000000,1140.000000,0.000000,16,240,240,0,0,0.000000,240,240,100.000000,100.000000,100.000000,100.000000,100.000000,1,1,900.000000,900.000000,0.000000,1140.000000,1140.000000,0.000000,23.865780,23.540216,24.825540,100.000000,100.000000,100.000000,5,5.000000,5.000000,5.000000,18.000000,4.550000,18.000000,0.000000,100.000000,100.000000,100.000000
VA309_SB,AM,12,1.297097,5.376426,12,1.623810,1.285803,4.945996,0.950584,12,3.671473,14.729709,12,4.202242,3.671473,13.999797,0.547477,12,2.385670,7.880789,12,2.712869,-2.385670,7.979721,0.711181,12,180,180,0,0,0.000000,180,180,100.000000,100.000000,100.000000,100.000000,100.000000,1,1,360.000000,360.000000,0.000000,540.000000,540.000000,0.000000,12,180,135,-45,45,25.000000,135,180,75.000000,100.000000,75.000000,85.714286,75.000000,1,2,360.000000,360.000000,0.000000,540.000000,540.000000,0.000000,26.225185,27.510988,29.896657,100.000000,100.000000,100.000000,5,5.000000,5.000000,5.000000,17.000000,4.280000,17.000000,0.000000,100.000000,100.000000,100.000000
VA309_SB,MD,24,0.887148,3.561387,24,0.947419,-0.887148,3.580054,0.256065,24,4.969628,19.944751,24,5.818436,4.938586,20.054760,0.479922,24,5.825734,18.520104,24,6.701914,-5.825734,19.602807,0.009880,24,360,360,0,0,0.000000,360,360,100.000000,100.000000,100.000000,100.000000,100.000000,1,1,540.000000,540.000000,0.000000,900.000000,900.000000,0.000000,24,360,225,-135,135,37.500000,225,360,62.500000,100.000000,62.500000,76.923077,62.500000,1,3,540.000000,540.000000,0.000000,900.000000,900.000000,0.000000,24.780290,23.893142,29.718876,99.173436,100.000000,100.000000,5,5.000000,5.000000,5.000000,17.000000,4.280000,17.000000,0.000000,100.000000,100.000000,100.000000
VA309_SB,PM,16,0.727627,3.210359,16,0.983065,0.445107,3.185956,0.386055,16,3.407983,15.193665,16,3.843572,3.407983,14.922043,0.553851,16,2.962877,11.030781,16,3.540929,-2.962877,11.288625,0.305652,16,240,240,0,0,0.000000,240,240,100.000000,100.000000,100.000000,100.000000,100.000000,1,1,900.000000,900.000000,0.000000,1140.000000,1140.000000,0.000000,16,240,240,0,0,0.000000,240,240,100.000000,100.000000,100.000000,100.000000,100.000000,1,1,900.000000,900.000000,0.000000,1140.000000,1140.000000,0.000000,22.838585,23.283692,26.246568,100.000000,100.000000,100.000000,5,5.000000,5.000000,5.000000,17.000000,4.280000,17.000000,0.000000,100.000000,100.000000,100.000000
VA338_EB,AM,10,0.881969,5.501746,10,1.046751,0.011108,5.242939,0.845750,10,3.456622,21.549859,10,4.275924,3.456622,20.548192,0.152207,12,3.612406,16.940360,12,4.201814,-3.612406,17.859656,0.160215,10,150,150,0,0,0.000000,150,150,100.000000,100.000000,100.000000,100.000000,100.000000,2,2,360.000000,360.000000,0.000000,540.000000,540.000000,0.000000,10,150,150,0,0,0.000000,150,150,100.000000,100.000000,100.000000,100.000000,100.000000,2,2,360.000000,360.000000,0.000000,540.000000,540.000000,0.000000,16.822026,16.614222,20.226628,83.333333,100.000000,100.000000,1,1.000000,1.000000,1.000000,1.000000,0.030000,1.000000,0.000000,100.000000,100.000000,100.000000
VA338_EB,MD,24,0.600941,3.871460,24,0.645765,-0.600941,3.893047,0.244942,24,5.147760,33.259120,24,6.215569,5.111186,33.348462,0.105810,24,5.712127,25.348006,24,6.760149,-5.712127,27.799675,0.000539,24,360,360,0,0,0.000000,360,360,100.000000,100.000000,100.000000,100.000000,100.000000,1,1,540.000000,540.000000,0.000000,900.000000,900.000000,0.000000,24,360,360,0,0,0.000000,360,360,100.000000,100.000000,100.000000,100.000000,100.000000,1,1,540.000000,540.000000,0.000000,900.000000,900.000000,0.000000,15.436275,14.835333,20.547461,100.000000,100.000000,100.000000,1,1.000000,1.000000,1.000000,1.000000,0.030000,1.000000,0.000000,100.000000,100.000000,100.000000
VA338_EB,PM,16,2.387550,20.269873,16,2.644467,2.387550,19.341601,0.176320,16,6.737003,57.349092,16,7.647046,6.737003,54.576628,0.782619,16,4.349453,21.234644,16,5.068473,-4.349453,22.794537,0.001312,16,240,240,0,0,0.000000,240,240,100.000000,100.000000,100.000000,100.000000,100.000000,1,1,900.000000,900.000000,0.000000,1140.000000,1140.000000,0.000000,16,240,240,0,0,0.000000,240,240,100.000000,100.000000,100.000000,100.000000,100.000000,1,1,900.000000,900.000000,0.000000,1140.000000,1140.000000,0.000000,12.344117,14.731667,19.081120,100.000000,100.000000,100.000000,1,1.000000,1.000000,1.000000,1.000000,0.030000,1.000000,0.000000,100.000000,100.000000,100.000000
VA338_WB,AM,12,0.510044,2.504506,12,0.636260,0.301466,2.474872,0.188192,12,5.272211,25.704729,12,6.043920,5.272211,25.582204,0.009173,12,4.970745,18.138704,12,5.733313,-4.970745,19.206073,0.001108,12,180,180,0,0,0.000000,180,180,100.000000,100.000000,100.000000,100.000000,100.000000,1,1,360.000000,360.000000,0.000000,540.000000,540.000000,0.000000,12,180,180,0,0,0.000000,180,180,100.000000,100.000000,100.000000,100.000000,100.000000,1,1,360.000000,360.000000,0.000000,540.000000,540.000000,0.000000,20.608899,20.910365,25.881110,100.000000,100.000000,100.000000,2,2.000000,2.000000,2.000000,3.000000,1.090000,3.000000,0.000000,100.000000,100.000000,100.000000
VA338_WB,MD,22,0.550580,2.646680,22,0.648307,-0.549867,2.639045,0.583864,22,4.446455,21.279017,22,5.176284,4.383361,21.312789,0.101924,24,5.179875,19.284653,24,5.938061,-5.179875,20.355464,0.022557,22,330,330,0,0,0.000000,330,330,100.000000,100.000000,100.000000,100.000000,100.000000,2,2,540.000000,540.000000,0.000000,900.000000,900.000000,0.000000,22,330,330,0,0,0.000000,330,330,100.000000,100.000000,100.000000,100.000000,100.000000,2,2,540.000000,540.000000,0.000000,900.000000,900.000000,0.000000,20.862850,20.267222,25.447097,92.017022,100.000000,100.000000,2,2.000000,2.000000,2.000000,3.000000,1.090000,3.000000,0.000000,100.000000,100.000000,100.000000
VA338_WB,PM,16,0.828961,4.217419,16,0.952771,0.828961,4.186095,0.116169,16,4.421875,22.552940,16,5.049207,4.421875,22.329638,0.588758,16,3.592915,14.177142,16,4.147558,-3.592915,14.831682,0.030887,16,240,240,0,0,0.000000,240,240,100.000000,100.000000,100.000000,100.000000,100.000000,1,1,900.000000,900.000000,0.000000,1140.000000,1140.000000,0.000000,16,240,240,0,0,0.000000,240,240,100.000000,100.000000,100.000000,100.000000,100.000000,1,1,900.000000,900.000000,0.000000,1140.000000,1140.000000,0.000000,19.802718,20.631679,24.224594,100.000000,100.000000,100.000000,2,2.000000,2.000000,2.000000,3.000000,1.090000,3.000000,0.000000,100.000000,100.000000,100.000000
VA400_NB,AM,10,1.751342,6.995936,10,1.939410,1.751342,6.737007,0.905940,10,3.706976,14.712574,10,4.298437,3.706976,14.259878,0.409378,12,2.032347,6.727667,12,2.466589,-1.672437,6.931673,0.503072,10,150,150,0,0,0.000000,150,150,100.000000,100.000000,100.000000,100.000000,100.000000,2,2,360.000000,360.000000,0.000000,540.000000,540.000000,0.000000,10,150,120,-30,30,20.000000,120,150,80.000000,100.000000,80.000000,88.888889,80.000000,2,3,360.000000,360.000000,0.000000,540.000000,540.000000,0.000000,25.995848,27.647289,29.319726,91.841875,100.000000,100.000000,5,5.000000,5.000000,3.000000,20.000000,2.830000,20.000000,0.000000,100.000000,100.000000,60.000000
VA400_NB,MD,20,0.857700,3.602908,20,1.044930,-0.699560,3.587402,0.441371,20,1.716812,7.168333,20,2.031515,1.296311,7.180707,0.537310,24,2.175341,8.227634,24,2.648253,-2.159174,8.539684,0.235515,20,300,300,0,0,0.000000,300,300,100.000000,100.000000,100.000000,100.000000,100.000000,3,3,540.000000,540.000000,0.000000,900.000000,900.000000,0.000000,20,300,300,0,0,0.000000,300,300,100.000000,100.000000,100.000000,100.000000,100.000000,3,3,540.000000,540.000000,0.000000,900.000000,900.000000,0.000000,23.908675,23.314150,25.473324,96.212995,100.000000,100.000000,5,5.000000,5.000000,3.000000,20.000000,2.830000,20.000000,0.000000,100.000000,100.000000,60.000000
VA400_NB,PM,16,1.038520,4.419581,16,1.162747,1.038520,4.402923,0.009523,16,6.336105,26.974130,16,7.162583,6.336105,26.862642,0.237202,16,5.297585,16.759659,16,6.164135,-5.297585,17.703966,0.014954,16,240,240,0,0,0.000000,240,240,100.000000,100.000000,100.000000,100.000000,100.000000,1,1,900.000000,900.000000,0.000000,1140.000000,1140.000000,0.000000,16,240,150,-90,90,37.500000,150,240,62.500000,100.000000,62.500000,76.923077,62.500000,1,3,900.000000,900.000000,0.000000,1140.000000,1140.000000,0.000000,23.587050,24.625569,29.923154,100.000000,100.000000,100.000000,5,5.000000,5.000000,3.000000,20.000000,2.830000,20.000000,0.000000,100.000000,100.000000,60.000000
VA401_NB,AM,12,0.436383,1.702069,12,0.543695,-0.275323,1.695755,0.958576,12,1.942127,7.848610,12,2.227039,1.903009,7.546985,0.761697,12,2.178332,7.910009,12,2.559492,-2.178332,7.881991,0.636627,12,180,180,0,0,0.000000,180,180,100.000000,100.000000,100.000000,100.000000,100.000000,1,1,360.000000,360.000000,0.000000,540.000000,540.000000,0.000000,12,180,180,0,0,0.000000,180,180,100.000000,100.000000,100.000000,100.000000,100.000000,1,1,360.000000,360.000000,0.000000,540.000000,540.000000,0.000000,25.733818,25.458495,27.636828,97.712123,100.000000,100.000000,7,7.000000,7.000000,7.000000,15.000000,3.670000,15.000000,0.000000,100.000000,100.000000,100.000000
VA401_NB,MD,24,0.434202,1.804795,24,0.503055,-0.321640,1.818181,0.308408,24,3.151152,13.297372,24,3.677896,3.097198,13.195153,0.228317,24,3.418838,12.272910,24,3.890977,-3.418838,12.672533,0.187645,24,360,360,0,0,0.000000,360,360,100.000000,100.000000,100.000000,100.000000,100.000000,1,1,540.000000,540.000000,0.000000,900.000000,900.000000,0.000000,24,360,360,0,0,0.000000,360,360,100.000000,100.000000,100.000000,100.000000,100.000000,1,1,540.000000,540.000000,0.000000,900.000000,900.000000,0.000000,23.881136,23.559496,26.978334,100.000000,100.000000,100.000000,7,7.000000,7.000000,7.000000,15.000000,3.670000,15.000000,0.000000,100.000000,100.000000,100.000000
VA401_NB,PM,16,0.393765,1.693663,16,0.468560,0.344619,1.684785,0.001646,16,3.200674,13.738551,16,3.638485,3.200674,13.694577,0.140051,16,2.856054,10.408306,16,3.279599,-2.856054,10.748156,0.004604,16,240,240,0,0,0.000000,240,240,100.000000,100.000000,100.000000,100.000000,100.000000,1,1,900.000000,900.000000,0.000000,1140.000000,1140.000000,0.000000,16,240,240,0,0,0.000000,240,240,100.000000,100.000000,100.000000,100.000000,100.000000,1,1,900.000000,900.000000,0.000000,1140.000000,1140.000000,0.000000,23.371832,23.716452,26.572506,100.000000,100.000000,100.000000,7,7.000000,7.000000,7.000000,15.000000,3.670000,15.000000,0.000000,100.000000,100.000000,100.000000
VA401_SB,AM,10,0.240010,0.914163,10,0.263711,-0.178253,0.919861,0.977846,10,2.609433,9.986480,10,2.961175,2.609433,10.000898,0.503309,12,2.450256,8.338804,12,2.827401,-2.450256,8.536056,0.395453,10,150,150,0,0,0.000000,150,150,100.000000,100.000000,100.000000,100.000000,100.000000,1,1,390.000000,390.000000,0.000000,540.000000,540.000000,0.000000,10,150,150,0,0,0.000000,150,150,100.000000,100.000000,100.000000,100.000000,100.000000,1,1,390.000000,390.000000,0.000000,540.000000,540.000000,0.000000,26.091985,26.254527,28.704783,90.294522,100.000000,100.000000,4,4.000000,4.000000,2.000000,12.000000,2.420000,12.000000,0.000000,100.000000,100.000000,50.000000
VA401_SB,MD,24,0.982443,4.198899,24,1.063978,-0.982443,4.158663,0.911130,24,1.471564,6.251555,24,1.712754,1.147341,6.229105,0.249828,24,2.129784,8.464854,24,2.406362,-2.129784,8.597774,0.429378,24,360,360,0,0,0.000000,360,360,100.000000,100.000000,100.000000,100.000000,100.000000,1,1,540.000000,540.000000,0.000000,900.000000,900.000000,0.000000,24,360,360,0,0,0.000000,360,360,100.000000,100.000000,100.000000,100.000000,100.000000,1,1,540.000000,540.000000,0.000000,900.000000,900.000000,0.000000,23.624001,22.641559,24.771343,99.190495,100.000000,100.000000,4,4.000000,4.000000,2.000000,12.000000,2.420000,12.000000,0.000000,100.000000,100.000000,50.000000
VA401_SB,PM,16,1.802487,8.196589,16,2.415732,-1.768629,8.054778,0.584566,16,1.424389,6.441980,16,1.694817,0.842066,6.365171,0.129528,16,2.610695,11.387210,16,2.907456,-2.610695,11.243338,0.695486,16,240,240,0,0,0.000000,240,240,100.000000,100.000000,100.000000,100.000000,100.000000,1,1,900.000000,900.000000,0.000000,1140.000000,1140.000000,0.000000,16,240,240,0,0,0.000000,240,240,100.000000,100.000000,100.000000,100.000000,100.000000,1,1,900.000000,900.000000,0.000000,1140.000000,1140.000000,0.000000,22.377859,20.609230,23.219925,98.785743,100.000000,100.000000,4,4.000000,4.000000,2.000000,12.000000,2.420000,12.000000,0.000000,100.000000,100.000000,50.000000
VA402_NB,AM,10,2.414770,10.504389,10,2.655186,2.403212,10.199802,0.641975,10,4.283236,18.546628,10,4.792227,4.283236,18.092054,0.128205,12,2.129048,7.415477,12,2.440165,-2.129048,7.594564,0.565822,10,150,150,0,0,0.000000,150,150,100.000000,100.000000,100.000000,100.000000,100.000000,2,2,360.000000,360.000000,0.000000,540.000000,540.000000,0.000000,10,150,150,0,0,0.000000,150,150,100.000000,100.000000,100.000000,100.000000,100.000000,2,2,360.000000,360.000000,0.000000,540.000000,540.000000,0.000000,23.674679,25.904797,28.033846,96.076130,100.000000,100.000000,5,5.000000,5.000000,4.000000,12.000000,2.540000,12.000000,0.000000,100.000000,100.000000,80.000000
VA402_NB,MD,20,0.684405,2.830140,20,0.757623,-0.682013,2.848520,0.168045,20,4.817229,19.901974,20,5.709929,4.805488,20.049507,0.759331,24,5.712992,18.540336,24,6.598631,-5.712992,19.658887,0.018317,20,300,300,0,0,0.000000,300,300,100.000000,100.000000,100.000000,100.000000,100.000000,3,3,540.000000,540.000000,0.000000,900.000000,900.000000,0.000000,20,300,195,-105,105,35.000000,195,300,65.000000,100.000000,65.000000,78.787879,65.000000,3,4,540.000000,540.000000,0.000000,900.000000,900.000000,0.000000,24.026668,23.347616,29.060609,94.148275,100.000000,100.000000,5,5.000000,5.000000,4.000000,12.000000,2.540000,12.000000,0.000000,100.000000,100.000000,80.000000
VA402_NB,PM,16,0.424611,1.834455,16,0.498118,0.423148,1.827431,0.374349,16,5.252085,22.695164,16,5.979625,5.252085,22.603774,0.224980,16,4.828937,16.132781,16,5.574420,-4.828937,16.951061,0.050185,16,240,240,0,0,0.000000,240,240,100.000000,100.000000,100.000000,100.000000,100.000000,1,1,900.000000,900.000000,0.000000,1140.000000,1140.000000,0.000000,16,240,210,-30,30,12.500000,210,240,87.500000,100.000000,87.500000,93.333333,87.500000,1,3,900.000000,900.000000,0.000000,1140.000000,1140.000000,0.000000,23.235436,23.658584,28.487521,100.000000,100.000000,100.000000,5,5.000000,5.000000,4.000000,12.000000,2.540000,12.000000,0.000000,100.000000,100.000000,80.000000
VA402_SB,AM,12,0.632491,2.733524,12,0.795594,0.584007,2.627778,0.921751,12,6.124623,25.860661,12,7.162133,6.124623,25.445641,0.001731,12,5.540616,17.311421,12,6.476877,-5.540616,18.350019,0.067448,12,180,180,0,0,0.000000,180,180,100.000000,100.000000,100.000000,100.000000,100.000000,1,1,360.000000,360.000000,0.000000,540.000000,540.000000,0.000000,12,180,105,-75,75,41.666667,105,180,58.333333,100.000000,58.333333,73.684211,58.333333,1,3,360.000000,360.000000,0.000000,540.000000,540.000000,0.000000,24.069440,24.653447,30.194063,100.000000,100.000000,100.000000,5,5.000000,5.000000,4.000000,13.000000,2.800000,13.000000,0.000000,100.000000,100.000000,80.000000
VA402_SB,MD,22,0.973972,4.229148,22,1.066104,-0.973972,4.217887,0.689106,22,4.801329,20.631970,22,5.710039,4.724508,20.792647,0.441337,24,5.953296,19.960357,24,6.868013,-5.953296,21.226003,0.032515,22,330,330,0,0,0.000000,330,330,100.000000,100.000000,100.000000,100.000000,100.000000,2,2,540.000000,540.000000,0.000000,900.000000,900.000000,0.000000,22,330,270,-60,60,18.181818,270,330,81.818182,100.000000,81.818182,90.000000,81.818182,2,3,540.000000,540.000000,0.000000,900.000000,900.000000,0.000000,23.091475,22.093888,28.047184,97.344453,100.000000,100.000000,5,5.000000,5.000000,4.000000,13.000000,2.800000,13.000000,0.000000,100.000000,100.000000,80.000000
VA402_SB,PM,13,1.213882,5.990175,13,1.415171,1.194974,5.892969,0.081920,13,3.328175,16.475860,13,3.922113,3.323204,16.157114,0.523692,16,2.482253,9.979113,16,2.871750,-2.482253,10.284363,0.035063,13,195,195,0,0,0.000000,195,195,100.000000,100.000000,100.000000,100.000000,100.000000,2,2,900.000000,900.000000,0.000000,1140.000000,1140.000000,0.000000,13,195,195,0,0,0.000000,195,195,100.000000,100.000000,100.000000,100.000000,100.000000,2,2,900.000000,900.000000,0.000000,1140.000000,1140.000000,0.000000,20.598822,21.653932,24.136185,93.618013,100.000000,100.000000,5,5.000000,5.000000,4.000000,13.000000,2.800000,13.000000,0.000000,100.000000,100.000000,80.000000
VA420_EB,AM,10,2.365611,12.183328,10,3.099934,1.661981,11.744943,0.880732,10,2.763224,14.190685,10,3.537019,2.164819,13.719038,0.751014,12,0.585492,2.444345,12,0.726926,-0.585492,2.554988,0.976454,10,150,150,0,0,0.000000,150,150,100.000000,100.000000,100.000000,100.000000,100.000000,2,2,360.000000,360.000000,0.000000,540.000000,540.000000,0.000000,10,150,150,0,0,0.000000,150,150,100.000000,100.000000,100.000000,100.000000,100.000000,2,2,360.000000,360.000000,0.000000,540.000000,540.000000,0.000000,20.141525,22.330149,22.915641,83.733083,100.000000,100.000000,2,2.000000,2.000000,1.000000,4.000000,1.200000,4.000000,0.000000,100.000000,100.000000,50.000000
VA420_EB,MD,24,2.092690,9.786210,24,2.176399,-2.092690,9.837340,0.269304,24,4.778920,22.171926,24,5.835865,4.504346,22.464803,0.519614,24,6.597036,23.509606,24,7.790358,-6.597036,25.592454,0.009766,24,360,360,0,0,0.000000,360,360,100.000000,100.000000,100.000000,100.000000,100.000000,1,1,540.000000,540.000000,0.000000,900.000000,900.000000,0.000000,24,360,360,0,0,0.000000,360,360,100.000000,100.000000,100.000000,100.000000,100.000000,1,1,540.000000,540.000000,0.000000,900.000000,900.000000,0.000000,21.272922,19.180233,25.777268,100.000000,100.000000,100.000000,2,2.000000,2.000000,1.000000,4.000000,1.200000,4.000000,0.000000,100.000000,100.000000,50.000000
VA420_EB,PM,16,0.600049,2.993035,16,0.691426,-0.600049,2.999476,0.757728,16,5.452374,27.319999,16,6.484352,5.305009,27.254902,0.007269,16,5.905057,21.600781,16,6.954656,-5.905057,23.330812,0.028401,16,240,240,0,0,0.000000,240,240,100.000000,100.000000,100.000000,100.000000,100.000000,1,1,900.000000,900.000000,0.000000,1140.000000,1140.000000,0.000000,16,240,240,0,0,0.000000,240,240,100.000000,100.000000,100.000000,100.000000,100.000000,1,1,900.000000,900.000000,0.000000,1140.000000,1140.000000,0.000000,20.005114,19.405065,25.310122,100.000000,100.000000,100.000000,2,2.000000,2.000000,1.000000,4.000000,1.200000,4.000000,0.000000,100.000000,100.000000,50.000000
VA420_NB,AM,8,3.666796,19.054511,8,4.856184,3.666796,17.593923,0.127841,8,3.439028,17.874471,8,4.551298,3.439028,16.501050,0.088767,12,0.298265,1.155171,12,0.367011,0.298265,1.200768,0.996900,8,120,120,0,0,0.000000,120,120,100.000000,100.000000,100.000000,100.000000,100.000000,3,3,360.000000,360.000000,0.000000,540.000000,540.000000,0.000000,8,120,120,0,0,0.000000,120,120,100.000000,100.000000,100.000000,100.000000,100.000000,3,3,360.000000,360.000000,0.000000,540.000000,540.000000,0.000000,20.841266,25.137808,24.839543,66.666667,100.000000,100.000000,1,1.000000,1.000000,1.000000,8.000000,1.430000,8.000000,0.000000,100.000000,100.000000,100.000000
VA420_NB,MD,24,2.040001,9.397706,24,2.134934,-2.040001,9.469097,0.034985,24,5.656732,25.964318,24,6.925859,5.498983,26.256915,0.460959,24,7.538985,25.553074,24,8.832593,-7.538985,27.878012,0.001946,24,360,360,0,0,0.000000,360,360,100.000000,100.000000,100.000000,100.000000,100.000000,1,1,540.000000,540.000000,0.000000,900.000000,900.000000,0.000000,24,360,270,-90,90,25.000000,270,360,75.000000,100.000000,75.000000,85.714286,75.000000,1,3,540.000000,540.000000,0.000000,900.000000,900.000000,0.000000,21.543779,19.503778,27.042762,100.000000,100.000000,100.000000,1,1.000000,1.000000,1.000000,8.000000,1.430000,8.000000,0.000000,100.000000,100.000000,100.000000
VA420_NB,PM,14,0.551439,2.784472,14,0.676351,0.551439,2.763963,0.794691,14,7.177908,36.306831,14,8.352660,7.177908,35.977618,0.020528,16,6.469009,22.417147,16,7.524454,-6.469009,24.116152,0.042083,14,210,210,0,0,0.000000,210,210,100.000000,100.000000,100.000000,100.000000,100.000000,2,2,900.000000,900.000000,0.000000,1140.000000,1140.000000,0.000000,14,210,195,-15,15,7.142857,195,210,92.857143,100.000000,92.857143,96.296296,92.857143,2,3,900.000000,900.000000,0.000000,1140.000000,1140.000000,0.000000,19.951037,20.355375,26.824384,87.500000,100.000000,100.000000,1,1.000000,1.000000,1.000000,8.000000,1.430000,8.000000,0.000000,100.000000,100.000000,100.000000
VA420_SB,AM,12,1.211211,6.701875,12,1.765785,1.201762,6.091923,0.718248,12,8.426210,43.848423,12,9.889659,8.426210,42.380594,0.037784,12,7.224448,23.415033,12,8.550788,-7.224448,25.520467,0.005193,12,180,180,0,0,0.000000,180,180,100.000000,100.000000,100.000000,100.000000,100.000000,1,1,360.000000,360.000000,0.000000,540.000000,540.000000,0.000000,12,180,105,-75,75,41.666667,105,180,58.333333,100.000000,58.333333,73.684211,58.333333,1,3,360.000000,360.000000,0.000000,540.000000,540.000000,0.000000,19.882238,21.084000,28.308448,100.000000,100.000000,100.000000,1,1.000000,1.000000,1.000000,8.000000,1.430000,8.000000,0.000000,100.000000,100.000000,100.000000
VA420_SB,MD,24,2.526209,11.561124,24,2.706619,-2.526209,11.638892,0.099518,24,5.468555,24.718024,24,6.562233,5.169893,25.195036,0.821014,24,7.696102,26.215175,24,9.019647,-7.696102,28.636891,0.021685,24,360,360,0,0,0.000000,360,360,100.000000,100.000000,100.000000,100.000000,100.000000,1,1,540.000000,540.000000,0.000000,900.000000,900.000000,0.000000,24,360,270,-90,90,25.000000,270,360,75.000000,100.000000,75.000000,85.714286,75.000000,1,3,540.000000,540.000000,0.000000,900.000000,900.000000,0.000000,21.704889,19.178681,26.874783,100.000000,100.000000,100.000000,1,1.000000,1.000000,1.000000,8.000000,1.430000,8.000000,0.000000,100.000000,100.000000,100.000000
VA420_SB,PM,14,3.655584,20.498296,14,4.139401,3.655584,19.975165,0.571181,14,3.565068,19.986154,14,4.028718,3.565068,19.480557,0.551455,16,0.104900,0.459963,16,0.128387,0.104900,0.475072,0.999502,14,210,210,0,0,0.000000,210,210,100.000000,100.000000,100.000000,100.000000,100.000000,2,2,900.000000,900.000000,0.000000,1140.000000,1140.000000,0.000000,14,210,210,0,0,0.000000,210,210,100.000000,100.000000,100.000000,100.000000,100.000000,2,2,900.000000,900.000000,0.000000,1140.000000,1140.000000,0.000000,18.300646,22.185742,22.080842,87.500000,100.000000,100.000000,1,1.000000,1.000000,1.000000,8.000000,1.430000,8.000000,0.000000,100.000000,100.000000,100.000000
VA420_WB,AM,8,4.247399,21.195683,8,5.161497,4.247399,20.453461,0.659688,8,3.579598,17.908567,8,4.428514,3.579548,17.237645,0.687040,12,0.649298,2.563684,12,0.880275,0.649298,2.646382,0.946597,8,120,120,0,0,0.000000,120,120,100.000000,100.000000,100.000000,100.000000,100.000000,3,3,360.000000,360.000000,0.000000,540.000000,540.000000,0.000000,8,120,120,0,0,0.000000,120,120,100.000000,100.000000,100.000000,100.000000,100.000000,3,3,360.000000,360.000000,0.000000,540.000000,540.000000,0.000000,20.766164,25.184610,24.535312,67.466167,100.000000,100.000000,2,2.000000,2.000000,1.000000,4.000000,1.200000,4.000000,0.000000,100.000000,100.000000,50.000000
VA420_WB,MD,24,0.700986,3.228582,24,0.803340,-0.651890,3.247180,0.255970,24,5.433923,24.956400,24,6.378687,5.433923,25.171579,0.481491,24,6.085813,20.996663,24,7.099900,-6.085813,22.522151,0.007932,24,360,360,0,0,0.000000,360,360,100.000000,100.000000,100.000000,100.000000,100.000000,1,1,540.000000,540.000000,0.000000,900.000000,900.000000,0.000000,24,360,345,-15,15,4.166667,345,360,95.833333,100.000000,95.833333,97.872340,95.833333,1,2,540.000000,540.000000,0.000000,900.000000,900.000000,0.000000,21.587532,20.935642,27.021455,100.000000,100.000000,100.000000,2,2.000000,2.000000,1.000000,4.000000,1.200000,4.000000,0.000000,100.000000,100.000000,50.000000
VA420_WB,PM,16,1.054164,5.342651,16,1.244073,1.054164,5.267595,0.139222,16,6.440530,32.613486,16,7.411397,6.440530,32.182935,0.354694,16,5.386366,19.111526,16,6.274621,-5.386366,20.362190,0.019340,16,240,240,0,0,0.000000,240,240,100.000000,100.000000,100.000000,100.000000,100.000000,1,1,900.000000,900.000000,0.000000,1140.000000,1140.000000,0.000000,16,240,240,0,0,0.000000,240,240,100.000000,100.000000,100.000000,100.000000,100.000000,1,1,900.000000,900.000000,0.000000,1140.000000,1140.000000,0.000000,20.012252,21.066416,26.452781,100.000000,100.000000,100.000000,2,2.000000,2.000000,1.000000,4.000000,1.200000,4.000000,0.000000,100.000000,100.000000,50.000000
VA55_EB,AM,12,0.452837,1.281913,12,0.552907,0.229549,1.273195,0.896120,12,1.493589,4.223854,12,1.795946,0.902624,4.199370,0.467849,12,1.505814,4.188731,12,1.766626,-0.673075,4.128956,0.417462,12,75,60,-15,15,20.000000,60,75,80.000000,100.000000,80.000000,88.888889,91.666667,1,1,465.000000,480.000000,15.000000,540.000000,540.000000,0.000000,12,75,45,-30,30,40.000000,15,105,14.285714,33.333333,20.000000,25.000000,50.000000,1,2,465.000000,435.000000,-30.000000,540.000000,540.000000,0.000000,35.566985,35.796533,36.469608,100.000000,100.000000,100.000000,3,3.000000,3.000000,3.000000,15.000000,5.870000,15.000000,0.000000,100.000000,100.000000,100.000000
VA55_EB,MD,24,0.782957,2.377534,24,0.923025,-0.782957,2.356613,0.918435,24,1.471451,4.420639,24,1.701917,0.922390,4.428899,0.514179,24,1.830717,5.234258,24,2.174926,-1.705348,5.361401,0.431875,24,360,360,0,0,0.000000,360,360,100.000000,100.000000,100.000000,100.000000,100.000000,1,1,540.000000,540.000000,0.000000,900.000000,900.000000,0.000000,24,360,195,-165,165,45.833333,195,360,54.166667,100.000000,54.166667,70.270270,54.166667,1,3,540.000000,540.000000,0.000000,900.000000,900.000000,0.000000,33.223845,32.440888,34.146236,100.000000,100.000000,100.000000,3,3.000000,3.000000,3.000000,15.000000,5.870000,15.000000,0.000000,100.000000,100.000000,100.000000
VA55_EB,PM,13,0.313054,0.952731,13,0.395676,-0.311368,0.954385,0.811771,13,0.715464,2.183515,13,1.047964,-0.706685,2.181180,0.349620,16,0.402563,1.304571,16,0.796704,0.299978,1.253174,0.356737,13,195,195,0,0,0.000000,195,195,100.000000,100.000000,100.000000,100.000000,100.000000,2,2,900.000000,900.000000,0.000000,1125.000000,1125.000000,0.000000,13,195,195,0,0,0.000000,195,195,100.000000,100.000000,100.000000,100.000000,100.000000,2,2,900.000000,900.000000,0.000000,1125.000000,1125.000000,0.000000,32.801680,32.423476,32.123498,92.368733,100.000000,100.000000,3,3.000000,3.000000,3.000000,15.000000,5.870000,15.000000,0.000000,100.000000,100.000000,100.000000
VA55_WB,AM,10,0.453339,1.337983,10,0.614715,-0.178550,1.315130,0.881322,10,1.401924,4.087844,10,1.822619,1.328100,4.066957,0.564384,12,1.851360,5.012584,12,2.258028,-1.731089,5.106489,0.488185,10,75,75,0,0,0.000000,60,90,66.666667,80.000000,80.000000,80.000000,80.000000,2,1,450.000000,465.000000,15.000000,540.000000,540.000000,0.000000,10,75,45,-30,30,40.000000,45,75,60.000000,100.000000,60.000000,75.000000,80.000000,2,2,450.000000,450.000000,0.000000,540.000000,540.000000,0.000000,34.471084,34.523962,36.255052,91.811583,100.000000,100.000000,3,3.000000,3.000000,3.000000,15.000000,5.870000,15.000000,0.000000,100.000000,100.000000,100.000000
VA55_WB,MD,22,0.790575,2.493586,22,0.851041,-0.790575,2.498963,0.904789,22,1.961047,6.204004,22,2.449145,1.809264,6.198761,0.332678,24,2.719690,7.877225,24,3.225433,-2.687127,8.117743,0.165727,22,330,330,0,0,0.000000,330,330,100.000000,100.000000,100.000000,100.000000,100.000000,2,2,540.000000,540.000000,0.000000,900.000000,900.000000,0.000000,22,330,165,-165,165,50.000000,165,330,50.000000,100.000000,50.000000,66.666667,50.000000,2,3,540.000000,540.000000,0.000000,900.000000,900.000000,0.000000,31.636107,30.815902,33.503029,96.973937,100.000000,100.000000,3,3.000000,3.000000,3.000000,15.000000,5.870000,15.000000,0.000000,100.000000,100.000000,100.000000
VA55_WB,PM,16,1.362292,4.655863,16,1.643437,1.342346,4.598199,0.056400,16,0.972388,3.319217,16,1.146418,0.685364,3.282140,0.255647,16,0.672990,2.320119,16,1.272952,0.656982,2.220208,0.070337,16,240,240,0,0,0.000000,240,240,100.000000,100.000000,100.000000,100.000000,100.000000,1,1,900.000000,900.000000,0.000000,1140.000000,1140.000000,0.000000,16,240,240,0,0,0.000000,240,240,100.000000,100.000000,100.000000,100.000000,100.000000,1,1,900.000000,900.000000,0.000000,1140.000000,1140.000000,0.000000,29.626647,30.968993,30.312011,100.000000,100.000000,100.000000,3,3.000000,3.000000,3.000000,15.000000,5.870000,15.000000,0.000000,100.000000,100.000000,100.000000
VA600_EB,AM,12,1.175953,3.749680,12,1.451659,1.175953,3.605298,0.883309,12,1.653762,5.191894,12,1.892578,1.653762,5.070193,0.821849,12,0.800393,2.334934,12,0.920562,-0.477810,2.335476,0.815519,12,90,0,-90,90,100.000000,0,90,0.000000,,0.000000,,50.000000,1,0,435.000000,,,525.000000,,,12,90,0,-90,90,100.000000,0,90,0.000000,,0.000000,,50.000000,1,0,435.000000,,,525.000000,,,32.617346,33.793299,34.271109,100.000000,100.000000,100.000000,2,2.000000,2.000000,2.000000,7.000000,3.950000,7.000000,0.000000,100.000000,100.000000,100.000000
VA600_EB,MD,24,1.343836,4.011101,24,1.441070,-1.341925,4.033852,0.133799,24,2.217269,6.601547,24,2.832495,1.912776,6.655673,0.381605,24,3.254701,8.827329,24,4.029791,-3.254701,9.239292,0.010571,24,0,0,0,0,,0,0,,,,,100.000000,0,0,,,,,,,24,0,0,0,0,,0,0,,,,,100.000000,0,0,,,,,,,33.313965,31.972039,35.226741,100.000000,100.000000,100.000000,2,2.000000,2.000000,2.000000,7.000000,3.950000,7.000000,0.000000,100.000000,100.000000,100.000000
VA600_EB,PM,16,0.420785,1.331207,16,0.534532,-0.189365,1.328062,0.106599,16,0.808314,2.560391,16,1.001231,0.366671,2.551161,0.033499,16,0.798057,2.465615,16,0.954949,-0.556036,2.489974,0.312202,16,60,105,45,45,75.000000,15,150,10.000000,14.285714,25.000000,18.181818,43.750000,2,1,915.000000,900.000000,-15.000000,1080.000000,1005.000000,-75.000000,16,60,75,15,15,25.000000,15,120,12.500000,20.000000,25.000000,22.222222,56.250000,2,2,915.000000,900.000000,-15.000000,1080.000000,1035.000000,-45.000000,31.684164,31.494799,32.050835,100.000000,100.000000,100.000000,2,2.000000,2.000000,2.000000,7.000000,3.950000,7.000000,0.000000,100.000000,100.000000,100.000000
VA600_WB,AM,12,0.665722,2.060122,12,0.754283,0.422251,2.022177,0.958913,12,1.758256,5.440465,12,2.149405,1.742369,5.340824,0.386862,12,1.338081,3.784027,12,1.685044,-1.320118,3.860209,0.409178,12,45,0,-45,45,100.000000,0,45,0.000000,,0.000000,,75.000000,1,0,465.000000,,,510.000000,,,12,45,0,-45,45,100.000000,0,45,0.000000,,0.000000,,75.000000,1,0,465.000000,,,510.000000,,,32.921057,33.343308,34.663426,100.000000,100.000000,100.000000,2,2.000000,2.000000,2.000000,7.000000,3.950000,7.000000,0.000000,100.000000,100.000000,100.000000
VA600_WB,MD,22,1.080662,3.175979,22,1.205769,-1.039079,3.204561,0.163413,22,2.533147,7.451001,22,3.149713,2.229625,7.511715,0.321064,24,3.320778,8.809243,24,4.118530,-3.300197,9.229992,0.005305,22,0,0,0,0,,0,0,,,,,100.000000,0,0,,,,,,,22,0,0,0,0,,0,0,,,,,100.000000,0,0,,,,,,,33.722616,32.677929,35.978126,96.313284,100.000000,100.000000,2,2.000000,2.000000,2.000000,7.000000,3.950000,7.000000,0.000000,100.000000,100.000000,100.000000
VA600_WB,PM,16,0.616128,1.900836,16,0.730501,0.566036,1.899994,0.391511,16,0.891816,2.747226,16,1.094274,0.485436,2.750155,0.413449,16,0.751708,2.303502,16,0.910510,0.080601,2.283904,0.462003,16,0,0,0,0,,0,0,,,,,100.000000,0,0,,,,,,,16,0,45,45,45,,0,45,0.000000,0.000000,,,81.250000,0,2,,915.000000,,,1035.000000,,32.427859,32.993895,32.913295,100.000000,100.000000,100.000000,2,2.000000,2.000000,2.000000,7.000000,3.950000,7.000000,0.000000,100.000000,100.000000,100.000000
VA602_NB,AM,12,0.715967,2.145486,12,0.851307,-0.578546,2.126198,0.907356,12,1.268814,3.730872,12,1.499476,0.554598,3.767983,0.574878,12,1.381869,4.001179,12,1.638087,-1.133144,4.037229,0.697575,12,15,60,45,45,300.000000,15,60,25.000000,25.000000,100.000000,40.000000,75.000000,1,1,525.000000,480.000000,-45.000000,540.000000,540.000000,0.000000,12,15,15,0,0,0.000000,15,15,100.000000,100.000000,100.000000,100.000000,100.000000,1,1,525.000000,525.000000,0.000000,540.000000,540.000000,0.000000,33.673567,33.095021,34.228165,100.000000,100.000000,100.000000,9,9.000000,9.000000,9.000000,23.000000,6.470000,23.000000,0.000000,100.000000,100.000000,100.000000
VA602_NB,MD,24,1.595562,4.812654,24,1.887992,-1.593782,4.845130,0.022551,24,1.106467,3.351441,24,1.421417,-0.329775,3.359930,0.102481,24,1.471279,4.439002,24,1.766647,-1.264007,4.512920,0.273016,24,15,225,210,210,1400.000000,15,225,6.666667,6.666667,100.000000,12.500000,41.666667,1,1,540.000000,540.000000,0.000000,555.000000,765.000000,210.000000,24,15,105,90,90,600.000000,15,105,14.285714,14.285714,100.000000,25.000000,75.000000,1,2,540.000000,540.000000,0.000000,555.000000,750.000000,195.000000,32.931257,31.337475,32.601482,100.000000,100.000000,100.000000,9,9.000000,9.000000,9.000000,23.000000,6.470000,23.000000,0.000000,100.000000,100.000000,100.000000
VA602_NB,PM,16,0.606840,1.959379,16,0.684437,0.496792,1.942689,0.777993,16,1.847352,5.930591,16,2.208173,1.847352,5.913962,0.320410,16,1.434112,4.260002,16,1.737461,-1.350559,4.334697,0.437708,16,135,90,-45,45,33.333333,90,135,66.666667,100.000000,66.666667,80.000000,81.250000,1,1,960.000000,990.000000,30.000000,1095.000000,1080.000000,-15.000000,16,135,45,-90,90,66.666667,45,135,33.333333,100.000000,33.333333,50.000000,62.500000,1,1,960.000000,1005.000000,45.000000,1095.000000,1050.000000,-45.000000,31.237130,31.733923,33.084482,96.355956,100.000000,100.000000,9,9.000000,9.000000,9.000000,23.000000,6.470000,23.000000,0.000000,100.000000,100.000000,100.000000
VA602_SB,AM,10,0.669115,1.858082,10,0.739727,0.554355,1.854647,0.808606,10,2.123090,5.929212,10,2.327217,0.595602,5.884762,0.106336,12,1.477928,4.243683,12,1.995159,-0.109749,4.058661,0.204336,10,0,0,0,0,,0,0,,,,,100.000000,0,0,,,,,,,10,0,15,15,15,,0,15,0.000000,0.000000,,,90.000000,0,1,,450.000000,,,465.000000,,36.077746,36.304437,36.414186,95.740043,100.000000,100.000000,9,9.000000,9.000000,9.000000,23.000000,6.470000,23.000000,0.000000,100.000000,100.000000,100.000000
VA602_SB,MD,24,0.338499,1.004536,24,0.389949,-0.261722,0.998453,0.924271,24,1.695935,4.998642,24,1.989019,0.899569,5.002416,0.169517,24,1.823787,5.205149,24,2.139558,-1.161291,5.240482,0.140252,24,0,0,0,0,,0,0,,,,,100.000000,0,0,,,,,,,24,0,30,30,30,,0,30,0.000000,0.000000,,,91.666667,0,1,,705.000000,,,735.000000,,33.902319,33.640597,34.801888,99.794304,100.000000,100.000000,9,9.000000,9.000000,9.000000,23.000000,6.470000,23.000000,0.000000,100.000000,100.000000,100.000000
VA602_SB,PM,16,0.442680,1.451342,16,0.565858,0.047096,1.430698,0.863778,16,0.703185,2.323853,16,1.000032,-0.290634,2.272621,0.805798,16,0.377008,1.332273,16,0.608072,0.337730,1.230004,0.985020,16,135,150,15,15,11.111111,135,150,90.000000,90.000000,100.000000,94.736842,93.750000,1,1,960.000000,945.000000,-15.000000,1095.000000,1095.000000,0.000000,16,135,135,0,0,0.000000,135,135,100.000000,100.000000,100.000000,100.000000,100.000000,1,1,960.000000,960.000000,0.000000,1095.000000,1095.000000,0.000000,30.941561,30.988657,30.650928,99.235120,100.000000,100.000000,9,9.000000,9.000000,9.000000,23.000000,6.470000,23.000000,0.000000,100.000000,100.000000,100.000000
VA606_EB,AM,12,0.634506,1.830675,12,0.740395,0.492715,1.839637,0.951317,12,1.476458,4.363840,12,2.062193,-1.043153,4.280724,0.686735,12,1.678134,5.470517,12,2.607444,1.535868,5.017188,0.557957,12,90,75,-15,15,16.666667,75,90,83.333333,100.000000,83.333333,90.909091,91.666667,1,1,450.000000,465.000000,15.000000,540.000000,540.000000,0.000000,12,90,120,30,30,33.333333,90,120,75.000000,75.000000,100.000000,85.714286,83.333333,1,1,450.000000,420.000000,-30.000000,540.000000,540.000000,0.000000,34.490851,34.983566,33.447697,99.016655,100.000000,100.000000,12,12.000000,12.000000,9.000000,27.000000,12.220000,27.000000,0.000000,100.000000,100.000000,75.000000
VA606_EB,MD,24,2.250162,6.632808,24,2.332826,-2.250162,6.651875,0.614733,24,2.423324,7.148812,24,2.900438,-2.423324,7.163773,0.185681,24,1.184721,3.915507,24,1.556020,0.173162,3.772498,0.220099,24,195,360,165,165,84.615385,195,360,54.166667,54.166667,100.000000,70.270270,54.166667,2,1,540.000000,540.000000,0.000000,900.000000,900.000000,0.000000,24,195,360,165,165,84.615385,195,360,54.166667,54.166667,100.000000,70.270270,54.166667,2,1,540.000000,540.000000,0.000000,900.000000,900.000000,0.000000,33.827486,31.577324,31.404161,100.000000,100.000000,100.000000,12,12.000000,12.000000,9.000000,27.000000,12.220000,27.000000,0.000000,100.000000,100.000000,75.000000
VA606_EB,PM,16,0.815384,2.547331,16,1.036869,0.338735,2.496186,0.335886,16,1.215804,3.775917,16,1.603358,-0.477307,3.722016,0.556354,16,1.412939,4.752550,16,2.157798,0.816042,4.389660,0.173242,16,195,180,-15,15,7.692308,165,210,78.571429,91.666667,84.615385,88.000000,81.250000,2,1,900.000000,900.000000,0.000000,1110.000000,1080.000000,-30.000000,16,195,180,-15,15,7.692308,165,210,78.571429,91.666667,84.615385,88.000000,81.250000,2,1,900.000000,900.000000,0.000000,1110.000000,1080.000000,-30.000000,32.665206,33.003941,32.187899,97.772081,100.000000,100.000000,12,12.000000,12.000000,9.000000,27.000000,12.220000,27.000000,0.000000,100.000000,100.000000,75.000000
VA606_NB,AM,12,0.566342,1.523505,12,0.694729,0.509984,1.490935,0.962620,12,1.907517,5.060923,12,2.964542,-0.587836,5.021674,0.068243,12,1.828936,5.501136,12,3.072031,1.097820,4.890485,0.068514,12,0,0,0,0,,0,0,,,,,100.000000,0,0,,,,,,,12,0,30,30,30,,0,30,0.000000,0.000000,,,83.333333,0,1,,435.000000,,,465.000000,,37.985682,38.495665,37.397845,100.000000,100.000000,100.000000,2,2.000000,2.000000,2.000000,5.000000,3.050000,5.000000,0.000000,100.000000,100.000000,100.000000
VA606_NB,MD,24,0.239210,0.640542,24,0.287649,-0.112477,0.641533,0.098180,24,1.724218,4.622618,24,2.583235,-0.459872,4.624150,0.026856,24,1.646742,4.845390,24,2.501272,0.347395,4.471517,0.004512,24,0,0,0,0,,0,0,,,,,100.000000,0,0,,,,,,,24,0,30,30,30,,0,30,0.000000,0.000000,,,91.666667,0,1,,705.000000,,,735.000000,,37.287247,37.174770,36.827374,100.000000,100.000000,100.000000,2,2.000000,2.000000,2.000000,5.000000,3.050000,5.000000,0.000000,100.000000,100.000000,100.000000
VA606_NB,PM,16,0.680360,1.887347,16,0.812256,0.661484,1.871699,0.423052,16,1.739933,4.814784,16,2.250571,0.415523,4.786631,0.113929,16,1.565656,4.575766,16,2.337710,0.245961,4.258505,0.000291,16,0,0,0,0,,0,0,,,,,100.000000,0,0,,,,,,,16,0,30,30,30,,0,30,0.000000,0.000000,,,87.500000,0,1,,1005.000000,,,1035.000000,,36.349856,37.011340,36.765378,100.000000,100.000000,100.000000,2,2.000000,2.000000,2.000000,5.000000,3.050000,5.000000,0.000000,100.000000,100.000000,100.000000
VA606_SB,AM,12,0.964185,2.700823,12,1.117380,0.964185,2.674302,0.406231,12,2.049286,5.722446,12,2.366367,1.456121,5.683979,0.017380,12,1.484984,4.034355,12,1.817828,-0.491936,3.958919,0.070356,12,0,0,0,0,,0,0,,,,,100.000000,0,0,,,,,,,12,0,0,0,0,,0,0,,,,,100.000000,0,0,,,,,,,36.053715,37.017900,37.509836,100.000000,100.000000,100.000000,2,2.000000,2.000000,2.000000,6.000000,3.660000,6.000000,0.000000,100.000000,100.000000,100.000000
VA606_SB,MD,24,0.937244,2.585959,24,1.030470,-0.815936,2.589788,0.254724,24,1.306554,3.599411,24,1.930915,-0.305986,3.610265,0.040691,24,1.504878,4.293247,24,1.903320,-0.509950,4.193731,0.107879,24,0,0,0,0,,0,0,,,,,100.000000,0,0,,,,,,,24,0,30,30,30,,0,30,0.000000,0.000000,,,91.666667,0,1,,705.000000,,,735.000000,,36.189978,35.374042,35.883992,100.000000,100.000000,100.000000,2,2.000000,2.000000,2.000000,6.000000,3.660000,6.000000,0.000000,100.000000,100.000000,100.000000
VA606_SB,PM,16,1.109575,3.480772,16,1.389526,-0.570510,3.416250,0.813911,16,1.481972,4.593032,16,1.656941,0.844886,4.562816,0.639811,16,1.439345,4.309221,16,1.746131,-1.415397,4.319216,0.804330,16,75,105,30,30,40.000000,75,105,71.428571,71.428571,100.000000,83.333333,87.500000,1,1,1005.000000,975.000000,-30.000000,1080.000000,1080.000000,0.000000,16,75,45,-30,30,40.000000,45,75,60.000000,100.000000,60.000000,75.000000,87.500000,1,1,1005.000000,1005.000000,0.000000,1080.000000,1050.000000,-30.000000,32.479324,31.908813,33.324210,100.000000,100.000000,100.000000,2,2.000000,2.000000,2.000000,6.000000,3.660000,6.000000,0.000000,100.000000,100.000000,100.000000
VA606_WB,AM,12,0.571749,1.632059,12,0.684318,-0.288058,1.641063,0.342771,12,1.183122,3.417541,12,1.831916,-0.478052,3.395854,0.081553,12,1.200776,3.679521,12,1.714655,0.189994,3.494475,0.146997,12,15,0,-15,15,100.000000,0,15,0.000000,,0.000000,,91.666667,1,0,465.000000,,,480.000000,,,12,15,45,30,30,200.000000,0,60,0.000000,0.000000,0.000000,,66.666667,1,1,465.000000,420.000000,-45.000000,480.000000,465.000000,-15.000000,34.840188,34.552129,34.362135,98.353099,100.000000,100.000000,12,12.000000,12.000000,9.000000,26.000000,12.030000,26.000000,0.000000,100.000000,100.000000,75.000000
VA606_WB,MD,24,1.646678,4.804938,24,1.905549,-1.646678,4.781341,0.596552,24,1.779776,5.206864,24,2.425813,-1.646556,5.167811,0.458754,24,1.334856,4.260132,24,1.725456,-0.000121,4.070538,0.354382,24,120,255,135,135,112.500000,120,255,47.058824,47.058824,100.000000,64.000000,62.500000,2,1,735.000000,645.000000,-90.000000,885.000000,900.000000,15.000000,24,120,225,105,105,87.500000,120,225,53.333333,53.333333,100.000000,69.565217,70.833333,2,1,735.000000,675.000000,-60.000000,885.000000,900.000000,15.000000,34.439657,32.792980,32.793101,99.196613,100.000000,100.000000,12,12.000000,12.000000,9.000000,26.000000,12.030000,26.000000,0.000000,100.000000,100.000000,75.000000
VA606_WB,PM,14,0.799447,2.486477,14,1.003506,0.286446,2.438482,0.506301,14,1.796890,5.612951,14,2.329072,-1.110846,5.480891,0.471143,16,1.752367,6.240094,16,2.662061,1.672693,5.600697,0.777279,14,150,165,15,15,10.000000,135,180,75.000000,81.818182,90.000000,85.714286,78.571429,2,2,930.000000,900.000000,-30.000000,1110.000000,1095.000000,-15.000000,14,150,165,15,15,10.000000,135,180,75.000000,81.818182,90.000000,85.714286,78.571429,2,2,930.000000,900.000000,-30.000000,1110.000000,1095.000000,-15.000000,32.784628,32.961073,31.288381,95.564250,100.000000,100.000000,12,12.000000,12.000000,9.000000,26.000000,12.030000,26.000000,0.000000,100.000000,100.000000,75.000000
VA607_NB,AM,12,0.455367,1.146600,12,0.522401,-0.028034,1.147584,0.840735,12,3.403068,8.582505,12,5.041617,-3.318965,8.576181,0.082501,12,3.292427,10.332267,12,4.899623,3.290931,9.054706,0.168362,12,0,0,0,0,,0,0,,,,,100.000000,0,0,,,,,,,12,0,30,30,30,,0,30,0.000000,0.000000,,,83.333333,0,1,,435.000000,,,465.000000,,39.680466,39.652432,36.361501,100.000000,100.000000,100.000000,9,9.000000,9.000000,7.000000,20.000000,9.390000,20.000000,0.000000,100.000000,100.000000,77.777778
VA607_NB,MD,24,0.996277,2.579171,24,1.069545,-0.996277,2.587704,0.232850,24,3.586917,9.271936,24,5.035721,-3.586917,9.316562,0.106568,24,2.623070,8.613421,24,4.180787,2.590639,7.513051,0.117283,24,0,0,0,0,,0,0,,,,,100.000000,0,0,,,,,,,24,0,90,90,90,,0,90,0.000000,0.000000,,,75.000000,0,1,,675.000000,,,765.000000,,38.500433,37.504156,34.913517,98.250799,100.000000,100.000000,9,9.000000,9.000000,7.000000,20.000000,9.390000,20.000000,0.000000,100.000000,100.000000,77.777778
VA607_NB,PM,16,0.542407,1.399330,16,0.702260,-0.069982,1.405186,0.077246,16,3.088187,8.046934,16,4.681307,-3.074393,8.000408,0.212748,16,3.022276,9.882191,16,4.811196,3.004411,8.507228,0.006856,16,0,0,0,0,,0,0,,,,,100.000000,0,0,,,,,,,16,0,60,60,60,,0,60,0.000000,0.000000,,,75.000000,0,1,,990.000000,,,1050.000000,,38.600371,38.530390,35.525978,97.835192,100.000000,100.000000,9,9.000000,9.000000,7.000000,20.000000,9.390000,20.000000,0.000000,100.000000,100.000000,77.777778
VA607_SB,AM,10,0.645171,1.626453,10,0.736858,-0.040125,1.627515,0.780702,10,2.166597,5.450879,10,3.942776,-1.998769,5.465478,0.085298,12,2.761155,8.608118,12,4.489430,2.746603,7.470728,0.117264,10,0,0,0,0,,0,0,,,,,100.000000,0,0,,,,,,,10,0,15,15,15,,0,15,0.000000,0.000000,,,90.000000,0,1,,450.000000,,,465.000000,,39.641496,39.706259,36.959656,95.864472,100.000000,100.000000,9,9.000000,9.000000,8.000000,19.000000,9.180000,19.000000,0.000000,100.000000,100.000000,88.888889
VA607_SB,MD,23,1.234507,3.207187,23,1.327626,-1.234507,3.216299,0.383691,23,3.600790,9.348366,23,4.866520,-3.600790,9.381246,0.007694,24,2.347476,7.700241,24,3.911480,2.282877,6.739172,0.000675,23,0,0,0,0,,0,0,,,,,100.000000,0,0,,,,,,,23,0,75,75,75,,0,75,0.000000,0.000000,,,78.260870,0,1,,690.000000,,,765.000000,,38.382860,37.116184,34.833307,98.011540,100.000000,100.000000,9,9.000000,9.000000,8.000000,19.000000,9.180000,19.000000,0.000000,100.000000,100.000000,88.888889
VA607_SB,PM,15,0.447040,1.196008,15,0.522021,-0.146792,1.192269,0.370594,15,2.888945,7.774794,15,4.402672,-2.871032,7.704909,0.390199,16,2.840165,9.415975,16,4.330393,2.824973,8.231150,0.345654,15,0,0,0,0,,0,0,,,,,100.000000,0,0,,,,,,,15,0,60,60,60,,0,60,0.000000,0.000000,,,73.333333,0,1,,990.000000,,,1065.000000,,37.494868,37.330053,34.505080,96.432955,100.000000,100.000000,9,9.000000,9.000000,8.000000,19.000000,9.180000,19.000000,0.000000,100.000000,100.000000,88.888889
VA608_NB,AM,12,0.513249,1.580461,12,0.678232,0.340160,1.511074,0.968451,12,1.427123,4.303780,12,1.870202,-0.253617,4.201636,0.433618,12,1.355919,4.277910,12,1.963805,0.593777,4.022034,0.366418,12,30,0,-30,30,100.000000,0,30,0.000000,,0.000000,,83.333333,1,0,510.000000,,,540.000000,,,12,30,30,0,0,0.000000,0,60,0.000000,0.000000,0.000000,,66.666667,1,1,510.000000,435.000000,-75.000000,540.000000,465.000000,-75.000000,33.965878,34.306038,33.712261,93.001941,100.000000,100.000000,11,11.000000,11.000000,10.000000,26.000000,7.690000,26.000000,0.000000,100.000000,100.000000,90.909091
VA608_NB,MD,24,1.876334,5.571410,24,1.923582,-1.876334,5.586417,0.041704,24,1.482715,4.404852,24,2.191205,-1.095135,4.414494,0.006398,24,1.727994,5.343515,24,2.041286,-0.781199,5.318166,0.000008,24,0,210,210,210,,0,210,0.000000,0.000000,,,41.666667,0,1,,690.000000,,,900.000000,,24,0,90,90,90,,0,90,0.000000,0.000000,,,75.000000,0,2,,690.000000,,,900.000000,,33.587427,31.711094,32.492293,98.577290,100.000000,100.000000,11,11.000000,11.000000,10.000000,26.000000,7.690000,26.000000,0.000000,100.000000,100.000000,90.909091
VA608_NB,PM,16,1.056829,3.311694,16,1.115356,-1.056829,3.303599,0.808110,16,1.788406,5.646410,16,2.263626,-1.788406,5.590473,0.726025,16,0.832042,2.983591,16,1.349152,0.731576,2.754939,0.899439,16,105,195,90,90,85.714286,105,195,53.846154,53.846154,100.000000,70.000000,62.500000,1,2,975.000000,900.000000,-75.000000,1080.000000,1110.000000,30.000000,16,105,180,75,75,71.428571,105,180,58.333333,58.333333,100.000000,73.684211,68.750000,1,2,975.000000,900.000000,-75.000000,1080.000000,1095.000000,15.000000,31.990243,30.933413,30.201837,100.000000,100.000000,100.000000,11,11.000000,11.000000,10.000000,26.000000,7.690000,26.000000,0.000000,100.000000,100.000000,90.909091
VA608_SB,AM,12,3.906827,11.392719,12,3.958609,-3.906827,11.448371,0.960129,12,1.808118,5.244354,12,2.376709,-1.411012,5.298419,0.196063,12,2.495815,7.391856,12,2.981570,-2.495815,7.629054,0.324895,12,0,135,135,135,,0,135,0.000000,0.000000,,,25.000000,0,1,,405.000000,,,540.000000,,12,0,60,60,60,,0,60,0.000000,0.000000,,,66.666667,0,2,,435.000000,,,540.000000,,34.125617,30.218790,32.714605,100.000000,100.000000,100.000000,13,13.000000,13.000000,11.000000,26.000000,7.690000,26.000000,0.000000,100.000000,100.000000,84.615385
VA608_SB,MD,24,4.482569,13.581336,24,4.497503,-4.482569,13.576073,0.728815,24,2.109727,6.413234,24,2.627627,-2.023576,6.389598,0.260853,24,2.508489,7.793746,24,3.074398,-2.458993,8.093316,0.065839,24,0,360,360,360,,0,360,0.000000,0.000000,,,0.000000,0,1,,540.000000,,,900.000000,,24,0,210,210,210,,0,210,0.000000,0.000000,,,41.666667,0,3,,540.000000,,,900.000000,,33.018158,28.535589,30.994582,99.341466,100.000000,100.000000,13,13.000000,13.000000,11.000000,26.000000,7.690000,26.000000,0.000000,100.000000,100.000000,84.615385
VA608_SB,PM,16,3.985034,13.167051,16,4.011442,-3.985034,13.126621,0.906037,16,2.092795,6.860024,16,2.346074,-2.092795,6.893622,0.337995,16,1.892240,6.678334,16,2.095201,-1.892240,6.694492,0.576589,16,210,240,30,30,14.285714,210,240,87.500000,87.500000,100.000000,93.333333,87.500000,1,1,900.000000,900.000000,0.000000,1110.000000,1140.000000,30.000000,16,210,240,30,30,14.285714,210,240,87.500000,87.500000,100.000000,93.333333,87.500000,1,1,900.000000,900.000000,0.000000,1110.000000,1140.000000,30.000000,30.358419,26.373385,28.265625,97.099381,100.000000,100.000000,13,13.000000,13.000000,11.000000,26.000000,7.690000,26.000000,0.000000,100.000000,100.000000,84.615385
VA610_NB,AM,12,1.217291,3.376255,12,1.330241,-0.113208,3.356116,0.468869,12,1.619761,4.486914,12,1.852465,0.942883,4.465741,0.369499,12,1.320572,3.530322,12,1.623502,-1.056092,3.548617,0.625063,12,0,0,0,0,,0,0,,,,,100.000000,0,0,,,,,,,12,0,0,0,0,,0,0,,,,,100.000000,0,0,,,,,,,36.270824,36.157616,37.213707,100.000000,100.000000,100.000000,2,2.000000,2.000000,2.000000,5.000000,2.930000,5.000000,0.000000,100.000000,100.000000,100.000000
VA610_NB,MD,22,1.315600,3.609016,22,1.518347,-1.282345,3.606373,0.273361,22,1.368616,3.742729,22,1.588170,0.910487,3.751700,0.327603,24,2.036748,5.344270,24,2.532715,-2.019297,5.491769,0.251044,22,0,0,0,0,,0,0,,,,,100.000000,0,0,,,,,,,22,0,0,0,0,,0,0,,,,,100.000000,0,0,,,,,,,36.479876,35.067987,37.087284,94.969107,100.000000,100.000000,2,2.000000,2.000000,2.000000,5.000000,2.930000,5.000000,0.000000,100.000000,100.000000,100.000000
VA610_NB,PM,16,0.244731,0.671360,16,0.350942,0.033297,0.665970,0.509698,16,1.350465,3.685007,16,1.630836,1.206838,3.674928,0.004002,16,1.265746,3.278778,16,1.549434,-1.173541,3.334868,0.026363,16,0,0,0,0,,0,0,,,,,100.000000,0,0,,,,,,,16,0,0,0,0,,0,0,,,,,100.000000,0,0,,,,,,,36.748074,36.781371,37.954912,100.000000,100.000000,100.000000,2,2.000000,2.000000,2.000000,5.000000,2.930000,5.000000,0.000000,100.000000,100.000000,100.000000
VA610_SB,AM,10,0.265317,0.755629,10,0.378957,-0.154532,0.763415,0.199292,10,1.935928,5.541996,10,2.366234,1.935928,5.570381,0.628088,12,2.240121,5.893588,12,2.777387,-2.240121,6.078970,0.010132,10,0,0,0,0,,0,0,,,,,100.000000,0,0,,,,,,,10,0,0,0,0,,0,0,,,,,100.000000,0,0,,,,,,,34.753962,34.610219,36.850340,93.395120,100.000000,100.000000,2,2.000000,2.000000,2.000000,5.000000,2.930000,5.000000,0.000000,100.000000,100.000000,100.000000
VA610_SB,MD,24,0.686183,1.892048,24,0.797275,-0.654843,1.901151,0.301006,24,1.416067,3.919920,24,1.790882,1.212915,3.923384,0.210519,24,1.893543,4.944728,24,2.343957,-1.867758,5.075716,0.073360,24,0,0,0,0,,0,0,,,,,100.000000,0,0,,,,,,,24,0,0,0,0,,0,0,,,,,100.000000,0,0,,,,,,,36.093010,35.438167,37.305925,100.000000,100.000000,100.000000,2,2.000000,2.000000,2.000000,5.000000,2.930000,5.000000,0.000000,100.000000,100.000000,100.000000
VA610_SB,PM,16,0.593172,1.683212,16,0.731221,0.221274,1.674001,0.173331,16,1.939666,5.520345,16,2.424253,1.801738,5.473965,0.326924,16,1.618771,4.246911,16,2.010818,-1.580465,4.347311,0.041640,16,0,0,0,0,,0,0,,,,,100.000000,0,0,,,,,,,16,0,0,0,0,,0,0,,,,,100.000000,0,0,,,,,,,35.434395,35.655669,37.236134,100.000000,100.000000,100.000000,2,2.000000,2.000000,2.000000,5.000000,2.930000,5.000000,0.000000,100.000000,100.000000,100.000000
VA611_NB,AM,12,0.826659,2.416856,12,0.961438,0.703835,2.369121,0.892266,12,1.442215,4.202472,12,1.700905,1.087768,4.133243,0.529939,12,1.221728,3.447540,12,1.505958,-0.383933,3.395497,0.392178,12,0,0,0,0,,0,0,,,,,100.000000,0,0,,,,,,,12,0,0,0,0,,0,0,,,,,100.000000,0,0,,,,,,,34.893062,35.596896,35.980829,98.373835,100.000000,100.000000,16,16.000000,16.000000,13.000000,42.000000,24.430000,42.000000,0.000000,100.000000,100.000000,81.250000
VA611_NB,MD,24,1.303866,3.761458,24,1.388354,-1.303866,3.763140,0.370720,24,2.577749,7.415227,24,3.233476,2.340736,7.439742,0.382174,24,3.644603,9.470460,24,4.365737,-3.644603,9.853182,0.052158,24,0,0,0,0,,0,0,,,,,100.000000,0,0,,,,,,,24,0,0,0,0,,0,0,,,,,100.000000,0,0,,,,,,,34.648360,33.344494,36.989097,98.569278,100.000000,100.000000,16,16.000000,16.000000,13.000000,42.000000,24.430000,42.000000,0.000000,100.000000,100.000000,81.250000
VA611_NB,PM,16,0.505547,1.560199,16,0.596003,-0.452722,1.554121,0.823982,16,0.945561,2.930497,16,1.164397,0.859457,2.906783,0.388350,16,1.312179,3.901928,16,1.516804,-1.312179,3.929984,0.458613,16,30,105,75,75,250.000000,30,105,28.571429,28.571429,100.000000,44.444444,68.750000,1,1,1020.000000,960.000000,-60.000000,1050.000000,1065.000000,15.000000,16,30,15,-15,15,50.000000,15,30,50.000000,100.000000,50.000000,66.666667,93.750000,1,1,1020.000000,1020.000000,0.000000,1050.000000,1035.000000,-15.000000,32.529467,32.076745,33.388924,99.315659,100.000000,100.000000,16,16.000000,16.000000,13.000000,42.000000,24.430000,42.000000,0.000000,100.000000,100.000000,81.250000
VA611_SB,AM,12,0.932519,2.707067,12,1.034453,0.932519,2.686246,0.717296,12,1.545296,4.467782,12,1.808585,1.389273,4.451431,0.300564,12,1.109079,3.090154,12,1.321769,-0.456754,3.071912,0.194676,12,0,0,0,0,,0,0,,,,,100.000000,0,0,,,,,,,12,0,0,0,0,,0,0,,,,,100.000000,0,0,,,,,,,34.714592,35.647111,36.103865,98.866702,100.000000,100.000000,17,17.000000,17.000000,13.000000,42.000000,24.180000,42.000000,0.000000,100.000000,100.000000,76.470588
VA611_SB,MD,24,0.718225,2.059633,24,0.779532,-0.657808,2.063805,0.171749,24,2.382781,6.833147,24,2.993408,2.318687,6.846873,0.195210,24,2.976495,7.750250,24,3.585854,-2.976495,8.018642,0.031843,24,0,0,0,0,,0,0,,,,,100.000000,0,0,,,,,,,24,0,0,0,0,,0,0,,,,,100.000000,0,0,,,,,,,34.801003,34.143194,37.119689,98.677845,100.000000,100.000000,17,17.000000,17.000000,13.000000,42.000000,24.180000,42.000000,0.000000,100.000000,100.000000,76.470588
VA611_SB,PM,16,1.169711,3.571787,16,1.414789,-1.144373,3.534186,0.900574,16,0.753504,2.296355,16,0.968635,-0.035129,2.276653,0.567656,16,1.120803,3.372849,16,1.357786,-1.109243,3.390014,0.691080,16,0,105,105,105,,0,105,0.000000,0.000000,,,56.250000,0,1,,975.000000,,,1080.000000,,16,0,45,45,45,,0,45,0.000000,0.000000,,,81.250000,0,1,,1005.000000,,,1050.000000,,33.097029,31.952656,33.061900,96.472491,100.000000,100.000000,17,17.000000,17.000000,13.000000,42.000000,24.180000,42.000000,0.000000,100.000000,100.000000,76.470588
VA612_EB,AM,10,0.925521,2.857169,10,1.097490,0.369146,2.870781,0.829835,10,2.603772,8.324633,10,2.853014,2.359813,8.076382,0.665694,12,2.166919,6.427331,12,2.523300,-2.166919,6.327104,0.799385,10,75,45,-30,30,40.000000,45,75,60.000000,100.000000,60.000000,75.000000,80.000000,3,2,405.000000,420.000000,15.000000,525.000000,495.000000,-30.000000,10,75,0,-75,75,100.000000,0,75,0.000000,,0.000000,,50.000000,3,0,405.000000,,,525.000000,,,32.239340,32.081272,34.248191,90.540565,100.000000,100.000000,3,3.000000,3.000000,1.000000,7.000000,5.550000,7.000000,0.000000,100.000000,100.000000,33.333333
VA612_EB,MD,22,1.807278,5.108640,22,1.851495,-1.807278,5.121137,0.228498,22,1.187584,3.367385,22,1.342480,0.601671,3.365161,0.298131,24,2.525408,6.871653,24,2.878230,-2.525408,7.011428,0.017326,22,0,0,0,0,,0,0,,,,,100.000000,0,0,,,,,,,22,0,0,0,0,,0,0,,,,,100.000000,0,0,,,,,,,35.290563,33.493045,36.018453,96.531057,100.000000,100.000000,3,3.000000,3.000000,1.000000,7.000000,5.550000,7.000000,0.000000,100.000000,100.000000,33.333333
VA612_EB,PM,16,3.192271,11.140346,16,3.620331,3.037136,10.738754,0.023685,16,3.183305,11.067298,16,3.544815,3.067879,10.708594,0.232390,16,0.445514,1.363048,16,0.533331,-0.030744,1.358501,0.303289,16,195,0,-195,195,100.000000,0,195,0.000000,,0.000000,,18.750000,1,0,930.000000,,,1125.000000,,,16,195,0,-195,195,100.000000,0,195,0.000000,,0.000000,,18.750000,1,0,930.000000,,,1125.000000,,,29.726640,32.763775,32.794519,99.797991,100.000000,100.000000,3,3.000000,3.000000,1.000000,7.000000,5.550000,7.000000,0.000000,100.000000,100.000000,33.333333
VA612_WB,AM,10,1.426824,4.335308,10,2.164251,1.346601,4.299026,0.363864,10,1.762367,5.333848,10,2.349662,1.703383,5.310018,0.423617,12,0.629345,1.768717,12,0.759498,-0.065568,1.789398,0.894064,10,15,0,-15,15,100.000000,0,15,0.000000,,0.000000,,90.000000,1,0,465.000000,,,480.000000,,,10,15,0,-15,15,100.000000,0,15,0.000000,,0.000000,,90.000000,1,0,465.000000,,,480.000000,,,33.189474,35.105211,35.170779,92.948151,100.000000,100.000000,2,2.000000,2.000000,1.000000,6.000000,4.610000,6.000000,0.000000,100.000000,100.000000,50.000000
VA612_WB,MD,24,1.455241,4.299806,24,1.500455,-1.455241,4.311965,0.302438,24,2.045231,6.043994,24,2.437853,1.778118,6.060140,0.320202,24,3.233359,8.844137,24,3.729106,-3.233359,9.101124,0.018693,24,0,0,0,0,,0,0,,,,,100.000000,0,0,,,,,,,24,0,0,0,0,,0,0,,,,,100.000000,0,0,,,,,,,33.748915,32.293674,35.527033,100.000000,100.000000,100.000000,2,2.000000,2.000000,1.000000,6.000000,4.610000,6.000000,0.000000,100.000000,100.000000,50.000000
VA612_WB,PM,14,1.049240,3.791267,14,1.373753,0.333062,3.673007,0.632359,14,1.420697,5.238950,14,1.846873,1.411792,4.973342,0.702832,16,1.228885,4.251041,16,1.560031,-1.228885,4.119426,0.977891,14,180,180,0,0,0.000000,180,180,100.000000,100.000000,100.000000,100.000000,100.000000,2,2,930.000000,930.000000,0.000000,1140.000000,1140.000000,0.000000,14,180,180,0,0,0.000000,180,180,100.000000,100.000000,100.000000,100.000000,100.000000,2,2,930.000000,930.000000,0.000000,1140.000000,1140.000000,0.000000,28.566248,28.602586,29.831471,92.788887,100.000000,100.000000,2,2.000000,2.000000,1.000000,6.000000,4.610000,6.000000,0.000000,100.000000,100.000000,50.000000
VA613_NB,AM,12,0.926532,3.248584,12,1.131850,0.591068,3.147164,0.893028,12,1.544929,5.504294,12,1.918715,1.480840,5.247684,0.764617,12,0.895004,2.879479,12,1.125251,-0.889772,2.894482,0.829988,12,135,120,-15,15,11.111111,120,135,88.888889,100.000000,88.888889,94.117647,91.666667,1,1,405.000000,420.000000,15.000000,540.000000,540.000000,0.000000,12,135,105,-30,30,22.222222,105,135,77.777778,100.000000,77.777778,87.500000,83.333333,1,1,405.000000,435.000000,30.000000,540.000000,540.000000,0.000000,29.440212,30.031280,30.921051,98.054842,100.000000,100.000000,6,6.000000,6.000000,4.000000,16.000000,4.160000,16.000000,0.000000,100.000000,100.000000,66.666667
VA613_NB,MD,24,0.243644,0.864026,24,0.315690,-0.106919,0.869282,0.202333,24,2.855101,10.199284,24,3.347014,2.853523,10.186531,0.000000,24,2.960442,9.300539,24,3.424466,-2.960442,9.586390,0.141105,24,360,360,0,0,0.000000,360,360,100.000000,100.000000,100.000000,100.000000,100.000000,1,1,540.000000,540.000000,0.000000,900.000000,900.000000,0.000000,24,360,210,-150,150,41.666667,210,360,58.333333,100.000000,58.333333,73.684211,58.333333,1,3,540.000000,540.000000,0.000000,900.000000,900.000000,0.000000,28.028192,27.921274,30.881715,99.978148,100.000000,100.000000,6,6.000000,6.000000,4.000000,16.000000,4.160000,16.000000,0.000000,100.000000,100.000000,66.666667
VA613_NB,PM,14,0.796872,2.986028,14,1.087085,-0.594770,2.926700,0.894745,14,0.571304,2.107536,14,0.642997,0.240941,2.098251,0.849770,16,0.900993,3.396997,16,1.020175,-0.900993,3.319907,0.966484,14,210,210,0,0,0.000000,210,210,100.000000,100.000000,100.000000,100.000000,100.000000,2,2,900.000000,900.000000,0.000000,1140.000000,1140.000000,0.000000,14,210,210,0,0,0.000000,210,210,100.000000,100.000000,100.000000,100.000000,100.000000,2,2,900.000000,900.000000,0.000000,1140.000000,1140.000000,0.000000,27.227646,26.238104,27.139097,96.401960,100.000000,100.000000,6,6.000000,6.000000,4.000000,16.000000,4.160000,16.000000,0.000000,100.000000,100.000000,66.666667
VA613_SB,AM,12,0.550048,1.788807,12,0.710718,-0.550048,1.837863,0.928393,12,1.405202,4.747391,12,1.805563,1.292504,4.695169,0.305120,12,1.842552,5.773815,12,2.181098,-1.842552,5.901608,0.335304,12,165,180,15,15,9.090909,165,180,91.666667,91.666667,100.000000,95.652174,91.666667,2,1,360.000000,360.000000,0.000000,540.000000,540.000000,0.000000,12,165,105,-60,60,36.363636,105,165,63.636364,100.000000,63.636364,77.777778,66.666667,2,3,360.000000,360.000000,0.000000,540.000000,540.000000,0.000000,29.928680,29.378632,31.221184,99.958303,100.000000,100.000000,5,5.000000,5.000000,3.000000,16.000000,4.160000,16.000000,0.000000,100.000000,100.000000,60.000000
VA613_SB,MD,24,1.033943,3.658011,24,1.118779,-1.033943,3.654058,0.570012,24,1.498510,5.281434,24,1.891195,1.431725,5.295883,0.318853,24,2.465669,8.108851,24,2.837285,-2.465669,8.294239,0.067033,24,360,360,0,0,0.000000,360,360,100.000000,100.000000,100.000000,100.000000,100.000000,1,1,540.000000,540.000000,0.000000,900.000000,900.000000,0.000000,24,360,300,-60,60,16.666667,300,360,83.333333,100.000000,83.333333,90.909091,83.333333,1,2,540.000000,540.000000,0.000000,900.000000,900.000000,0.000000,28.295760,27.261817,29.727486,98.715746,100.000000,100.000000,5,5.000000,5.000000,3.000000,16.000000,4.160000,16.000000,0.000000,100.000000,100.000000,60.000000
VA613_SB,PM,16,1.780959,6.782183,16,2.155682,-1.698388,6.672340,0.726951,16,1.027783,3.918765,16,1.241462,-0.877289,3.850576,0.774528,16,0.821099,3.293710,16,0.950893,-0.821099,3.180780,0.990441,16,240,240,0,0,0.000000,240,240,100.000000,100.000000,100.000000,100.000000,100.000000,1,1,900.000000,900.000000,0.000000,1140.000000,1140.000000,0.000000,16,240,240,0,0,0.000000,240,240,100.000000,100.000000,100.000000,100.000000,100.000000,1,1,900.000000,900.000000,0.000000,1140.000000,1140.000000,0.000000,26.691669,24.993281,25.814380,100.000000,100.000000,100.000000,5,5.000000,5.000000,3.000000,16.000000,4.160000,16.000000,0.000000,100.000000,100.000000,60.000000
VA617_NB,AM,12,1.443681,5.750351,12,1.753579,1.150868,5.431322,0.829513,12,2.791602,11.077901,12,3.320466,2.700076,10.502382,0.437340,12,1.549207,5.219118,12,1.845053,-1.549207,5.290878,0.661847,12,180,180,0,0,0.000000,180,180,100.000000,100.000000,100.000000,100.000000,100.000000,1,1,360.000000,360.000000,0.000000,540.000000,540.000000,0.000000,12,180,165,-15,15,8.333333,165,180,91.666667,100.000000,91.666667,95.652174,91.666667,1,2,360.000000,360.000000,0.000000,540.000000,540.000000,0.000000,26.580650,27.731519,29.280726,99.090572,100.000000,100.000000,7,7.000000,7.000000,5.000000,24.000000,6.320000,24.000000,0.000000,100.000000,100.000000,71.428571
VA617_NB,MD,24,1.621936,6.023179,24,1.762437,-1.621936,6.091193,0.295359,24,2.541143,9.421026,24,3.096929,2.522700,9.543281,0.676283,24,4.144636,13.640002,24,4.750733,-4.144636,14.218178,0.101327,24,360,360,0,0,0.000000,360,360,100.000000,100.000000,100.000000,100.000000,100.000000,1,1,540.000000,540.000000,0.000000,900.000000,900.000000,0.000000,24,360,285,-75,75,20.833333,285,360,79.166667,100.000000,79.166667,88.372093,79.166667,1,3,540.000000,540.000000,0.000000,900.000000,900.000000,0.000000,26.627564,25.005628,29.150265,100.000000,100.000000,100.000000,7,7.000000,7.000000,5.000000,24.000000,6.320000,24.000000,0.000000,100.000000,100.000000,71.428571
VA617_NB,PM,16,0.792213,3.264313,16,1.027810,0.724120,3.186666,0.157508,16,2.975664,12.163436,16,3.409782,2.938239,11.969571,0.354044,16,2.214119,7.806776,16,2.513842,-2.214119,7.964893,0.000328,16,240,240,0,0,0.000000,240,240,100.000000,100.000000,100.000000,100.000000,100.000000,1,1,900.000000,900.000000,0.000000,1140.000000,1140.000000,0.000000,16,240,240,0,0,0.000000,240,240,100.000000,100.000000,100.000000,100.000000,100.000000,1,1,900.000000,900.000000,0.000000,1140.000000,1140.000000,0.000000,24.860240,25.584360,27.798479,99.966588,100.000000,100.000000,7,7.000000,7.000000,5.000000,24.000000,6.320000,24.000000,0.000000,100.000000,100.000000,71.428571
VA617_SB,AM,12,0.694499,2.262932,12,0.800828,-0.459993,2.301540,0.872446,12,1.698488,5.723220,12,2.268825,1.566868,5.628721,0.067249,12,2.026861,6.197655,12,2.478599,-2.026861,6.385373,0.118911,12,165,180,15,15,9.090909,165,180,91.666667,91.666667,100.000000,95.652174,91.666667,2,1,360.000000,360.000000,0.000000,540.000000,540.000000,0.000000,12,165,75,-90,90,54.545455,75,165,45.454545,100.000000,45.454545,62.500000,50.000000,2,3,360.000000,360.000000,0.000000,540.000000,540.000000,0.000000,30.175382,29.715389,31.742250,100.000000,100.000000,100.000000,7,7.000000,7.000000,5.000000,24.000000,6.320000,24.000000,0.000000,100.000000,100.000000,71.428571
VA617_SB,MD,24,1.359773,4.744338,24,1.416250,-1.359773,4.736974,0.874973,24,2.029876,7.037102,24,2.473883,1.885808,7.071381,0.480748,24,3.245580,10.278902,24,3.764294,-3.245580,10.609483,0.205384,24,360,360,0,0,0.000000,360,360,100.000000,100.000000,100.000000,100.000000,100.000000,1,1,540.000000,540.000000,0.000000,900.000000,900.000000,0.000000,24,360,225,-135,135,37.500000,225,360,62.500000,100.000000,62.500000,76.923077,62.500000,1,3,540.000000,540.000000,0.000000,900.000000,900.000000,0.000000,28.705509,27.345736,30.591317,99.955206,100.000000,100.000000,7,7.000000,7.000000,5.000000,24.000000,6.320000,24.000000,0.000000,100.000000,100.000000,71.428571
VA617_SB,PM,14,1.462185,5.757375,14,1.753452,-1.462185,5.718313,0.569794,14,0.480760,1.890274,14,0.555011,-0.262374,1.880158,0.545422,16,1.057678,4.228669,16,1.305952,-1.057678,4.149156,0.893632,14,210,210,0,0,0.000000,210,210,100.000000,100.000000,100.000000,100.000000,100.000000,1,1,900.000000,900.000000,0.000000,1110.000000,1110.000000,0.000000,14,210,210,0,0,0.000000,210,210,100.000000,100.000000,100.000000,100.000000,100.000000,1,1,900.000000,900.000000,0.000000,1110.000000,1110.000000,0.000000,25.570212,24.433723,25.491401,96.002247,100.000000,100.000000,7,7.000000,7.000000,5.000000,24.000000,6.320000,24.000000,0.000000,100.000000,100.000000,71.428571
VA619_EB,AM,12,0.917699,2.367502,12,1.087548,-0.917699,2.396209,0.638363,12,2.189017,5.753405,12,2.438931,0.637315,5.715755,0.020083,12,2.400826,6.101445,12,2.734068,-1.555014,6.166199,0.045922,12,0,0,0,0,,0,0,,,,,100.000000,0,0,,,,,,,12,0,0,0,0,,0,0,,,,,100.000000,0,0,,,,,,,38.297958,37.380259,38.935272,100.000000,100.000000,100.000000,4,4.000000,4.000000,3.000000,4.000000,1.350000,4.000000,0.000000,100.000000,100.000000,75.000000
VA619_EB,MD,22,2.053694,5.385101,22,2.075149,-2.053694,5.387313,0.474713,22,3.174185,8.341608,22,3.670039,2.089217,8.326622,0.019186,24,4.156100,9.898207,24,5.011079,-4.073566,10.352186,0.009930,22,0,0,0,0,,0,0,,,,,100.000000,0,0,,,,,,,22,0,0,0,0,,0,0,,,,,100.000000,0,0,,,,,,,38.120924,36.073510,40.147076,96.387734,100.000000,100.000000,4,4.000000,4.000000,3.000000,4.000000,1.350000,4.000000,0.000000,100.000000,100.000000,75.000000
VA619_EB,PM,16,1.223124,3.274424,16,1.291266,-1.223124,3.283824,0.251697,16,1.947258,5.247557,16,2.341911,-0.070218,5.227968,0.121480,16,2.308051,6.212891,16,2.715780,-1.152906,6.208325,0.005857,16,0,0,0,0,,0,0,,,,,100.000000,0,0,,,,,,,16,0,15,15,15,,0,15,0.000000,0.000000,,,93.750000,0,1,,1020.000000,,,1035.000000,,37.246930,36.023807,37.176712,100.000000,100.000000,100.000000,4,4.000000,4.000000,3.000000,4.000000,1.350000,4.000000,0.000000,100.000000,100.000000,75.000000
VA619_NB,AM,12,7.295675,18.367691,12,7.362035,-7.295675,18.415678,0.323382,12,4.272292,10.722258,12,4.986916,-4.272292,10.784082,0.008065,12,3.183672,8.667314,12,3.796014,-3.023383,9.007582,0.037705,12,0,0,0,0,,0,0,,,,,100.000000,0,0,,,,,,,12,0,15,15,15,,0,15,0.000000,0.000000,,,91.666667,0,1,,450.000000,,,465.000000,,39.616654,32.320978,35.344361,99.299895,100.000000,100.000000,10,10.000000,10.000000,8.000000,34.000000,17.010000,34.000000,0.000000,100.000000,100.000000,80.000000
VA619_NB,MD,24,6.337013,16.302495,24,6.347273,-6.337013,16.307382,0.046641,24,2.823836,7.281981,24,3.447576,-2.823836,7.266732,0.266467,24,3.513177,9.434685,24,4.092085,-3.513177,9.749090,0.007053,24,0,0,0,0,,0,0,,,,,100.000000,0,0,,,,,,,24,0,0,0,0,,0,0,,,,,100.000000,0,0,,,,,,,38.859783,32.522770,36.035947,98.147786,100.000000,100.000000,10,10.000000,10.000000,8.000000,34.000000,17.010000,34.000000,0.000000,100.000000,100.000000,80.000000
VA619_NB,PM,16,6.703039,17.590204,16,6.908339,-6.703039,17.644140,0.635064,16,4.006443,10.485950,16,4.694881,-4.006443,10.545999,0.254706,16,2.839944,8.100201,16,3.419192,-2.696596,8.356774,0.087481,16,0,135,135,135,,0,135,0.000000,0.000000,,,43.750000,0,1,,1005.000000,,,1140.000000,,16,0,60,60,60,,0,60,0.000000,0.000000,,,75.000000,0,2,,1005.000000,,,1140.000000,,37.990173,31.287134,33.983730,98.413032,100.000000,100.000000,10,10.000000,10.000000,8.000000,34.000000,17.010000,34.000000,0.000000,100.000000,100.000000,80.000000
VA619_SB,AM,10,4.188899,10.390933,10,5.186105,-4.188899,10.465073,0.001159,10,4.550606,11.301703,10,5.277641,-4.550606,11.368720,0.005911,12,1.087475,3.196664,12,2.023751,0.850420,3.086073,0.550207,10,0,15,15,15,,0,15,0.000000,0.000000,,,90.000000,0,1,,525.000000,,,540.000000,,10,0,15,15,15,,0,15,0.000000,0.000000,,,90.000000,0,1,,525.000000,,,540.000000,,40.027422,36.088562,35.238142,93.504439,100.000000,100.000000,10,10.000000,10.000000,6.000000,32.000000,16.730000,32.000000,0.000000,100.000000,100.000000,60.000000
VA619_SB,MD,24,7.744021,19.763516,24,7.753582,-7.744021,19.771105,0.097546,24,3.570011,9.143569,24,4.129995,-3.570011,9.114522,0.403784,24,4.174011,11.336990,24,4.779275,-4.174011,11.725287,0.014569,24,0,360,360,360,,0,360,0.000000,0.000000,,,0.000000,0,1,,540.000000,,,900.000000,,24,0,30,30,30,,0,30,0.000000,0.000000,,,91.666667,0,2,,540.000000,,,900.000000,,39.168379,31.424357,35.598368,100.000000,100.000000,100.000000,10,10.000000,10.000000,6.000000,32.000000,16.730000,32.000000,0.000000,100.000000,100.000000,60.000000
VA619_SB,PM,16,6.318954,16.777350,16,6.363714,-6.318954,16.807621,0.584169,16,4.009260,10.617497,16,4.520881,-4.009260,10.664125,0.042310,16,2.512325,7.258602,16,2.954941,-2.309694,7.480161,0.000023,16,0,240,240,240,,0,240,0.000000,0.000000,,,0.000000,0,1,,900.000000,,,1140.000000,,16,0,60,60,60,,0,60,0.000000,0.000000,,,75.000000,0,3,,900.000000,,,1140.000000,,37.595769,31.276815,33.586509,100.000000,100.000000,100.000000,10,10.000000,10.000000,6.000000,32.000000,16.730000,32.000000,0.000000,100.000000,100.000000,60.000000
VA619_WB,AM,12,1.618188,4.350441,12,1.820168,-1.618188,4.401220,0.538895,12,4.280004,11.737426,12,5.288621,3.403710,11.640946,0.060674,12,5.021898,11.840422,12,6.124029,-5.021898,12.501452,0.037832,12,0,0,0,0,,0,0,,,,,100.000000,0,0,,,,,,,12,0,0,0,0,,0,0,,,,,100.000000,0,0,,,,,,,36.766806,35.148618,40.170515,100.000000,100.000000,100.000000,3,3.000000,3.000000,2.000000,3.000000,0.880000,3.000000,0.000000,100.000000,100.000000,66.666667
VA619_WB,MD,24,3.642246,9.862924,24,3.692841,-3.642246,9.869274,0.005761,24,4.905402,13.324541,24,5.966473,3.591617,13.292009,0.026987,24,7.233862,16.735383,24,8.617842,-7.233862,17.862926,0.007043,24,0,0,0,0,,0,0,,,,,100.000000,0,0,,,,,,,24,0,0,0,0,,0,0,,,,,100.000000,0,0,,,,,,,36.904897,33.262651,40.496514,100.000000,100.000000,100.000000,3,3.000000,3.000000,2.000000,3.000000,0.880000,3.000000,0.000000,100.000000,100.000000,66.666667
VA619_WB,PM,16,1.149076,3.289517,16,1.401716,-1.085996,3.323913,0.319910,16,1.878640,5.450634,16,2.551285,-1.875837,5.434311,0.209116,16,1.553913,5.054252,16,2.241414,0.789841,4.752877,0.131059,16,0,0,0,0,,0,0,,,,,100.000000,0,0,,,,,,,16,0,60,60,60,,0,60,0.000000,0.000000,,,75.000000,0,1,,990.000000,,,1050.000000,,34.569986,33.483991,32.694150,100.000000,100.000000,100.000000,3,3.000000,3.000000,2.000000,3.000000,0.880000,3.000000,0.000000,100.000000,100.000000,66.666667
VA620_EB,AM,11,1.016223,3.180568,11,1.376701,0.968546,3.008074,0.902597,11,0.792786,2.457552,11,1.025784,0.300250,2.346686,0.874949,12,1.140334,3.561320,12,1.634749,0.570806,3.355275,0.656507,11,60,0,-60,60,100.000000,0,60,0.000000,,0.000000,,63.636364,2,0,450.000000,,,525.000000,,,11,60,45,-15,15,25.000000,30,75,40.000000,66.666667,50.000000,57.142857,72.727273,2,1,450.000000,435.000000,-15.000000,525.000000,495.000000,-30.000000,33.783196,34.557108,33.986302,94.280285,100.000000,100.000000,22,22.000000,22.000000,19.000000,74.000000,25.550000,74.000000,0.000000,100.000000,100.000000,86.363636
VA620_EB,MD,24,1.935230,5.655572,24,2.077083,-1.935230,5.703223,0.097543,24,1.228027,3.578845,24,1.589008,-0.134931,3.619060,0.087549,24,1.987432,5.713123,24,2.413013,-1.800300,5.880447,0.022247,24,0,45,45,45,,0,45,0.000000,0.000000,,,87.500000,0,1,,855.000000,,,900.000000,,24,0,30,30,30,,0,30,0.000000,0.000000,,,91.666667,0,1,,705.000000,,,735.000000,,33.932224,31.996993,33.797293,99.497428,100.000000,100.000000,22,22.000000,22.000000,19.000000,74.000000,25.550000,74.000000,0.000000,100.000000,100.000000,86.363636
VA620_EB,PM,16,0.747231,2.456695,16,0.916291,0.429752,2.448901,0.268511,16,1.427150,4.699048,16,1.768890,1.260352,4.677198,0.065749,16,0.952001,2.957809,16,1.149337,-0.830599,2.996231,0.560527,16,210,180,-30,30,14.285714,165,225,73.333333,91.666667,78.571429,84.615385,75.000000,1,1,915.000000,900.000000,-15.000000,1125.000000,1080.000000,-45.000000,16,210,135,-75,75,35.714286,120,225,53.333333,88.888889,57.142857,69.565217,56.250000,1,2,915.000000,900.000000,-15.000000,1125.000000,1050.000000,-75.000000,30.512921,30.942673,31.773273,97.740555,100.000000,100.000000,22,22.000000,22.000000,19.000000,74.000000,25.550000,74.000000,0.000000,100.000000,100.000000,86.363636
VA620_WB,AM,12,0.731777,2.210626,12,0.981781,0.730155,2.146210,0.892511,12,1.848427,5.522414,12,2.209794,1.445558,5.421209,0.482922,12,1.576659,4.478757,12,1.843757,-0.715403,4.436072,0.443733,12,0,0,0,0,,0,0,,,,,100.000000,0,0,,,,,,,12,0,15,15,15,,0,15,0.000000,0.000000,,,91.666667,0,1,,450.000000,,,465.000000,,34.096224,34.826379,35.541782,95.398211,100.000000,100.000000,22,22.000000,22.000000,19.000000,74.000000,25.550000,74.000000,0.000000,100.000000,100.000000,86.363636
VA620_WB,MD,24,1.737696,5.060498,24,1.898316,-1.730140,5.109136,0.003738,24,1.276027,3.712837,24,1.651781,0.171343,3.751746,0.089551,24,2.102889,5.973589,24,2.544719,-1.901482,6.151875,0.008883,24,0,0,0,0,,0,0,,,,,100.000000,0,0,,,,,,,24,0,30,30,30,,0,30,0.000000,0.000000,,,91.666667,0,1,,705.000000,,,735.000000,,34.011549,32.281410,34.182892,98.531728,100.000000,100.000000,22,22.000000,22.000000,19.000000,74.000000,25.550000,74.000000,0.000000,100.000000,100.000000,86.363636
VA620_WB,PM,15,0.370052,1.229819,15,0.458563,-0.146496,1.216271,0.906224,15,0.749090,2.484481,15,0.879439,0.327420,2.462079,0.766543,16,0.677785,2.206047,16,0.782206,-0.472805,2.206905,0.844507,15,180,195,15,15,8.333333,180,195,92.307692,92.307692,100.000000,96.000000,93.333333,2,2,915.000000,900.000000,-15.000000,1110.000000,1110.000000,0.000000,15,180,150,-30,30,16.666667,150,180,83.333333,100.000000,83.333333,90.909091,86.666667,2,2,915.000000,915.000000,0.000000,1110.000000,1080.000000,-30.000000,30.425106,30.239207,30.712012,96.869572,100.000000,100.000000,22,22.000000,22.000000,19.000000,74.000000,25.550000,74.000000,0.000000,100.000000,100.000000,86.363636
VA623_NB,AM,11,5.444633,20.817278,11,6.392657,5.444633,19.300344,0.172440,11,5.631370,21.557023,11,6.639116,5.631370,19.962295,0.120700,12,0.172900,0.509600,12,0.249659,-0.172857,0.524677,0.997741,11,135,15,-120,120,88.888889,15,135,11.111111,100.000000,11.111111,20.000000,27.272727,1,1,390.000000,510.000000,120.000000,525.000000,525.000000,0.000000,11,135,15,-120,120,88.888889,15,135,11.111111,100.000000,11.111111,20.000000,27.272727,1,1,390.000000,510.000000,120.000000,525.000000,525.000000,0.000000,28.210032,32.780815,32.953671,91.666667,100.000000,100.000000,1,1.000000,1.000000,1.000000,2.000000,1.190000,2.000000,0.000000,100.000000,100.000000,100.000000
VA623_NB,MD,23,4.986133,17.694114,23,5.068221,-4.986133,17.773919,0.128554,23,3.109397,11.003765,23,3.773403,1.635605,11.083974,0.562307,24,6.348523,19.941190,24,7.616052,-6.348523,21.605552,0.013013,23,345,345,0,0,0.000000,345,345,100.000000,100.000000,100.000000,100.000000,100.000000,1,1,555.000000,555.000000,0.000000,900.000000,900.000000,0.000000,23,345,210,-135,135,39.130435,210,345,60.869565,100.000000,60.869565,75.675676,60.869565,1,3,555.000000,555.000000,0.000000,900.000000,900.000000,0.000000,28.053090,23.035236,29.383760,95.833333,100.000000,100.000000,1,1.000000,1.000000,1.000000,2.000000,1.190000,2.000000,0.000000,100.000000,100.000000,100.000000
VA623_NB,PM,16,0.573116,2.145665,16,0.725368,-0.134387,2.164015,0.846216,16,4.122336,15.639148,16,5.049366,4.122336,15.565426,0.229094,16,4.256724,13.179154,16,5.161966,-4.256724,13.908014,0.230730,16,240,240,0,0,0.000000,240,240,100.000000,100.000000,100.000000,100.000000,100.000000,1,1,900.000000,900.000000,0.000000,1140.000000,1140.000000,0.000000,16,240,135,-105,105,43.750000,135,240,56.250000,100.000000,56.250000,72.000000,56.250000,1,3,900.000000,900.000000,0.000000,1140.000000,1140.000000,0.000000,26.483929,26.349542,30.606265,100.000000,100.000000,100.000000,1,1.000000,1.000000,1.000000,2.000000,1.190000,2.000000,0.000000,100.000000,100.000000,100.000000
VA623_SB,AM,10,0.684923,2.463959,10,0.774681,-0.231178,2.401429,0.946727,10,5.091018,18.692727,10,5.975801,5.091018,17.849769,0.020830,12,4.614632,13.579997,12,5.567143,-4.614632,14.292924,0.277268,10,150,150,0,0,0.000000,150,150,100.000000,100.000000,100.000000,100.000000,100.000000,1,1,360.000000,360.000000,0.000000,510.000000,510.000000,0.000000,10,150,30,-120,120,80.000000,30,150,20.000000,100.000000,20.000000,33.333333,20.000000,1,2,360.000000,360.000000,0.000000,510.000000,510.000000,0.000000,28.521478,27.671500,32.286132,83.333333,100.000000,100.000000,1,1.000000,1.000000,1.000000,2.000000,1.190000,2.000000,0.000000,100.000000,100.000000,100.000000
VA623_SB,MD,24,3.182493,11.171055,24,3.293616,-3.182375,11.261914,0.309161,24,3.283777,11.516592,24,4.185812,2.447195,11.620327,0.316277,24,5.629570,17.036579,24,6.812987,-5.629570,18.333720,0.011802,24,360,360,0,0,0.000000,360,360,100.000000,100.000000,100.000000,100.000000,100.000000,1,1,540.000000,540.000000,0.000000,900.000000,900.000000,0.000000,24,360,210,-150,150,41.666667,210,360,58.333333,100.000000,58.333333,73.684211,58.333333,1,3,540.000000,540.000000,0.000000,900.000000,900.000000,0.000000,28.258903,25.076528,30.706098,100.000000,100.000000,100.000000,1,1.000000,1.000000,1.000000,2.000000,1.190000,2.000000,0.000000,100.000000,100.000000,100.000000
VA623_SB,PM,14,1.787290,6.718292,14,2.228518,1.787290,6.507072,0.397051,14,1.114450,4.234995,14,1.449052,1.114450,4.057432,0.719977,16,0.707310,2.486380,16,0.861912,0.689735,2.490710,0.857464,14,210,210,0,0,0.000000,210,210,100.000000,100.000000,100.000000,100.000000,100.000000,2,2,900.000000,900.000000,0.000000,1140.000000,1140.000000,0.000000,14,210,210,0,0,0.000000,210,210,100.000000,100.000000,100.000000,100.000000,100.000000,2,2,900.000000,900.000000,0.000000,1140.000000,1140.000000,0.000000,27.466880,29.087643,28.397908,87.500000,100.000000,100.000000,1,1.000000,1.000000,1.000000,2.000000,1.190000,2.000000,0.000000,100.000000,100.000000,100.000000
VA625_EB,AM,12,1.223590,4.040089,12,1.542392,0.909504,3.975017,0.707623,12,0.524731,1.699029,12,0.715077,-0.345130,1.704669,0.927292,12,1.327564,4.599167,12,1.977010,1.254634,4.361697,0.567538,12,120,90,-30,30,25.000000,90,120,75.000000,100.000000,75.000000,85.714286,83.333333,1,1,420.000000,450.000000,30.000000,540.000000,540.000000,0.000000,12,120,120,0,0,0.000000,120,120,100.000000,100.000000,100.000000,100.000000,100.000000,1,1,420.000000,420.000000,0.000000,540.000000,540.000000,0.000000,30.781996,31.691500,30.436866,99.342347,100.000000,100.000000,8,8.000000,8.000000,7.000000,15.000000,5.480000,15.000000,0.000000,100.000000,100.000000,87.500000
VA625_EB,MD,24,2.376145,7.775041,24,2.578740,-2.376145,7.795274,0.360531,24,1.232290,4.032986,24,1.600660,-1.061271,4.042700,0.438531,24,1.535783,5.134044,24,1.834429,-1.314874,5.220094,0.378463,24,360,360,0,0,0.000000,360,360,100.000000,100.000000,100.000000,100.000000,100.000000,1,1,540.000000,540.000000,0.000000,900.000000,900.000000,0.000000,24,360,300,-60,60,16.666667,300,360,83.333333,100.000000,83.333333,90.909091,83.333333,1,2,540.000000,540.000000,0.000000,900.000000,900.000000,0.000000,30.481866,28.105722,29.420595,98.690062,100.000000,100.000000,8,8.000000,8.000000,7.000000,15.000000,5.480000,15.000000,0.000000,100.000000,100.000000,87.500000
VA625_EB,PM,14,0.501801,1.770584,14,0.601497,0.243241,1.761666,0.464667,14,1.143694,4.028154,14,1.399226,0.462722,4.015146,0.458987,16,1.151881,4.031086,16,1.352074,-0.318252,3.963222,0.391094,14,210,210,0,0,0.000000,210,210,100.000000,100.000000,100.000000,100.000000,100.000000,2,2,900.000000,900.000000,0.000000,1140.000000,1140.000000,0.000000,14,210,210,0,0,0.000000,210,210,100.000000,100.000000,100.000000,100.000000,100.000000,2,2,900.000000,900.000000,0.000000,1140.000000,1140.000000,0.000000,28.484480,28.746015,29.064267,97.080794,100.000000,100.000000,8,8.000000,8.000000,7.000000,15.000000,5.480000,15.000000,0.000000,100.000000,100.000000,87.500000
VA625_WB,AM,10,0.563712,1.797000,10,0.739025,-0.563712,1.841650,0.895172,10,0.868626,2.880393,10,1.162321,-0.306600,2.837804,0.489164,12,0.940692,3.165508,12,1.122827,-0.284144,3.124400,0.544276,10,105,150,45,45,42.857143,105,150,70.000000,70.000000,100.000000,82.352941,70.000000,2,2,405.000000,360.000000,-45.000000,540.000000,540.000000,0.000000,10,105,120,15,15,14.285714,90,135,66.666667,75.000000,85.714286,80.000000,70.000000,2,3,405.000000,360.000000,-45.000000,540.000000,540.000000,0.000000,30.609076,29.823781,30.107925,96.064993,100.000000,100.000000,9,9.000000,9.000000,8.000000,15.000000,5.480000,15.000000,0.000000,100.000000,100.000000,88.888889
VA625_WB,MD,24,2.146336,6.725913,24,2.202793,-2.146336,6.747766,0.152930,24,2.210585,6.905835,24,2.966013,-2.210585,6.949755,0.030651,24,1.469927,5.149413,24,1.824585,0.064249,4.966387,0.000502,24,105,360,255,255,242.857143,105,360,29.166667,29.166667,100.000000,45.161290,29.166667,2,1,540.000000,540.000000,0.000000,900.000000,900.000000,0.000000,24,105,360,255,255,242.857143,105,360,29.166667,29.166667,100.000000,45.161290,29.166667,2,1,540.000000,540.000000,0.000000,900.000000,900.000000,0.000000,31.808097,29.661761,29.597512,98.662934,100.000000,100.000000,9,9.000000,9.000000,8.000000,15.000000,5.480000,15.000000,0.000000,100.000000,100.000000,88.888889
VA625_WB,PM,14,2.099018,6.960641,14,2.318780,-2.099018,6.912447,0.711358,14,2.099924,7.002256,14,2.669118,-2.099924,6.915431,0.641915,16,0.674702,2.468118,16,0.827751,-0.029826,2.374490,0.904180,14,195,210,15,15,7.692308,195,210,92.857143,92.857143,100.000000,96.296296,92.857143,1,1,930.000000,930.000000,0.000000,1125.000000,1140.000000,15.000000,14,195,210,15,15,7.692308,195,210,92.857143,92.857143,100.000000,96.296296,92.857143,1,1,930.000000,930.000000,0.000000,1125.000000,1140.000000,15.000000,30.365774,28.384766,28.414592,96.203022,100.000000,100.000000,9,9.000000,9.000000,8.000000,15.000000,5.480000,15.000000,0.000000,100.000000,100.000000,88.888889
VA626_EB,AM,12,2.310158,8.938269,12,2.651939,2.306321,8.661121,0.641513,12,4.445272,17.130453,12,5.018088,4.445272,16.665978,0.173179,12,2.138951,6.709274,12,2.591746,-2.138951,6.873676,0.531284,12,180,180,0,0,0.000000,180,180,100.000000,100.000000,100.000000,100.000000,100.000000,1,1,360.000000,360.000000,0.000000,540.000000,540.000000,0.000000,12,180,90,-90,90,50.000000,90,180,50.000000,100.000000,50.000000,66.666667,50.000000,1,3,360.000000,360.000000,0.000000,540.000000,540.000000,0.000000,26.672732,28.979053,31.118003,100.000000,100.000000,100.000000,3,3.000000,3.000000,3.000000,4.000000,1.850000,4.000000,0.000000,100.000000,100.000000,100.000000
VA626_EB,MD,24,0.590678,2.373097,24,0.629659,-0.589306,2.376983,0.842946,24,4.659022,18.691523,24,5.492974,4.646873,18.748644,0.160233,24,5.236179,16.813858,24,6.068360,-5.236179,17.751692,0.025286,24,360,360,0,0,0.000000,360,360,100.000000,100.000000,100.000000,100.000000,100.000000,1,1,540.000000,540.000000,0.000000,900.000000,900.000000,0.000000,24,360,240,-120,120,33.333333,240,360,66.666667,100.000000,66.666667,80.000000,66.666667,1,3,540.000000,540.000000,0.000000,900.000000,900.000000,0.000000,24.849916,24.260609,29.496788,100.000000,100.000000,100.000000,3,3.000000,3.000000,3.000000,4.000000,1.850000,4.000000,0.000000,100.000000,100.000000,100.000000
VA626_EB,PM,16,0.510431,2.096898,16,0.701397,0.479717,2.101502,0.796910,16,1.806957,7.507994,16,2.050002,1.806957,7.439439,0.287442,16,1.327240,5.062688,16,1.523441,-1.327240,5.086019,0.588028,16,240,240,0,0,0.000000,240,240,100.000000,100.000000,100.000000,100.000000,100.000000,1,1,900.000000,900.000000,0.000000,1140.000000,1140.000000,0.000000,16,240,240,0,0,0.000000,240,240,100.000000,100.000000,100.000000,100.000000,100.000000,1,1,900.000000,900.000000,0.000000,1140.000000,1140.000000,0.000000,24.288893,24.768610,26.095850,100.000000,100.000000,100.000000,3,3.000000,3.000000,3.000000,4.000000,1.850000,4.000000,0.000000,100.000000,100.000000,100.000000
VA626_WB,AM,10,1.126756,4.013137,10,1.278631,0.554434,3.949074,0.585028,10,3.422300,12.175519,10,4.283287,3.313663,11.994534,0.091676,12,3.178675,9.642129,12,3.773162,-3.178675,9.959914,0.371633,10,150,150,0,0,0.000000,150,150,100.000000,100.000000,100.000000,100.000000,100.000000,2,2,360.000000,360.000000,0.000000,540.000000,540.000000,0.000000,10,150,75,-75,75,50.000000,75,150,50.000000,100.000000,50.000000,66.666667,50.000000,2,3,360.000000,360.000000,0.000000,540.000000,540.000000,0.000000,28.532161,28.736011,31.914686,85.777476,100.000000,100.000000,3,3.000000,3.000000,3.000000,4.000000,1.850000,4.000000,0.000000,100.000000,100.000000,100.000000
VA626_WB,MD,24,1.106765,4.429434,24,1.358334,-1.104443,4.359448,0.888683,24,4.492164,17.703509,24,5.174981,4.109601,17.694232,0.080073,24,5.214044,16.792688,24,6.034303,-5.214044,17.676326,0.139502,24,360,360,0,0,0.000000,360,360,100.000000,100.000000,100.000000,100.000000,100.000000,1,1,540.000000,540.000000,0.000000,900.000000,900.000000,0.000000,24,360,240,-120,120,33.333333,240,360,66.666667,100.000000,66.666667,80.000000,66.666667,1,3,540.000000,540.000000,0.000000,900.000000,900.000000,0.000000,25.387730,24.283287,29.497332,98.777929,100.000000,100.000000,3,3.000000,3.000000,3.000000,4.000000,1.850000,4.000000,0.000000,100.000000,100.000000,100.000000
VA626_WB,PM,16,2.321087,11.188119,16,2.792928,2.214488,10.574435,0.183724,16,2.461781,11.867125,16,2.960986,2.356702,11.215414,0.108683,16,0.142214,0.585152,16,0.181628,-0.142214,0.585082,0.982663,16,240,240,0,0,0.000000,240,240,100.000000,100.000000,100.000000,100.000000,100.000000,1,1,900.000000,900.000000,0.000000,1140.000000,1140.000000,0.000000,16,240,240,0,0,0.000000,240,240,100.000000,100.000000,100.000000,100.000000,100.000000,1,1,900.000000,900.000000,0.000000,1140.000000,1140.000000,0.000000,21.949982,24.164470,24.306684,100.000000,100.000000,100.000000,3,3.000000,3.000000,3.000000,4.000000,1.850000,4.000000,0.000000,100.000000,100.000000,100.000000
VA628_EB,AM,12,1.467013,5.972466,12,2.003293,1.357897,5.758581,0.045810,12,1.310904,5.340310,12,1.797014,1.198535,5.145794,0.008568,12,0.159362,0.588725,12,0.211189,0.159362,0.597447,0.982914,12,180,180,0,0,0.000000,180,180,100.000000,100.000000,100.000000,100.000000,100.000000,1,1,360.000000,360.000000,0.000000,540.000000,540.000000,0.000000,12,180,180,0,0,0.000000,180,180,100.000000,100.000000,100.000000,100.000000,100.000000,1,1,360.000000,360.000000,0.000000,540.000000,540.000000,0.000000,25.475246,26.833143,26.673781,100.000000,100.000000,100.000000,2,2.000000,2.000000,2.000000,6.000000,1.850000,6.000000,0.000000,100.000000,100.000000,100.000000
VA628_EB,MD,22,0.823783,3.145303,22,0.882486,-0.668207,3.160361,0.200082,22,4.792685,18.282268,22,5.483864,4.792685,18.386650,0.491140,24,5.029798,15.582760,24,5.968038,-5.029798,16.545913,0.004780,22,330,330,0,0,0.000000,330,330,100.000000,100.000000,100.000000,100.000000,100.000000,1,1,570.000000,570.000000,0.000000,900.000000,900.000000,0.000000,22,330,180,-150,150,45.454545,180,330,54.545455,100.000000,54.545455,70.588235,54.545455,1,3,570.000000,570.000000,0.000000,900.000000,900.000000,0.000000,26.066111,25.369237,30.399035,93.690878,100.000000,100.000000,2,2.000000,2.000000,2.000000,6.000000,1.850000,6.000000,0.000000,100.000000,100.000000,100.000000
VA628_EB,PM,16,0.505981,1.985546,16,0.633099,0.499601,1.966369,0.388173,16,5.184799,20.286750,16,6.141413,5.184799,20.149446,0.172477,16,4.685198,14.316867,16,5.583818,-4.685198,15.154351,0.014281,16,240,240,0,0,0.000000,240,240,100.000000,100.000000,100.000000,100.000000,100.000000,1,1,900.000000,900.000000,0.000000,1140.000000,1140.000000,0.000000,16,240,120,-120,120,50.000000,120,240,50.000000,100.000000,50.000000,66.666667,50.000000,1,3,900.000000,900.000000,0.000000,1140.000000,1140.000000,0.000000,25.731719,26.231321,30.916518,100.000000,100.000000,100.000000,2,2.000000,2.000000,2.000000,6.000000,1.850000,6.000000,0.000000,100.000000,100.000000,100.000000
VA628_WB,AM,10,3.157970,12.010330,10,3.281870,-3.157970,12.078016,0.382369,10,5.678921,22.124876,10,6.472956,4.141242,21.719676,0.118029,12,6.868184,21.420988,12,8.148359,-6.868184,23.193515,0.029788,10,150,150,0,0,0.000000,150,150,100.000000,100.000000,100.000000,100.000000,100.000000,2,2,360.000000,360.000000,0.000000,540.000000,540.000000,0.000000,10,150,60,-90,90,60.000000,60,150,40.000000,100.000000,40.000000,57.142857,40.000000,2,2,360.000000,360.000000,0.000000,540.000000,540.000000,0.000000,26.146433,22.744335,29.612520,87.579077,100.000000,100.000000,3,3.000000,3.000000,2.000000,5.000000,1.820000,5.000000,0.000000,100.000000,100.000000,66.666667
VA628_WB,MD,24,4.674114,18.341422,24,4.712296,-4.674114,18.357892,0.045152,24,1.652790,6.547688,24,2.117900,-1.048287,6.491444,0.368412,24,3.633273,14.270017,24,4.153329,-3.625827,14.882671,0.044743,24,360,360,0,0,0.000000,360,360,100.000000,100.000000,100.000000,100.000000,100.000000,1,1,540.000000,540.000000,0.000000,900.000000,900.000000,0.000000,24,360,360,0,0,0.000000,360,360,100.000000,100.000000,100.000000,100.000000,100.000000,1,1,540.000000,540.000000,0.000000,900.000000,900.000000,0.000000,25.461061,20.786947,24.412775,100.000000,100.000000,100.000000,3,3.000000,3.000000,2.000000,5.000000,1.820000,5.000000,0.000000,100.000000,100.000000,66.666667
VA628_WB,PM,16,4.555128,17.806689,16,4.582735,-4.555128,17.792017,0.595553,16,4.673695,18.342964,16,5.295433,2.685068,18.255132,0.032760,16,7.240196,23.634875,16,8.473038,-7.240196,25.595347,0.025153,16,240,240,0,0,0.000000,240,240,100.000000,100.000000,100.000000,100.000000,100.000000,1,1,900.000000,900.000000,0.000000,1140.000000,1140.000000,0.000000,16,240,165,-75,75,31.250000,165,240,68.750000,100.000000,68.750000,81.481481,68.750000,1,3,900.000000,900.000000,0.000000,1140.000000,1140.000000,0.000000,25.602090,21.046961,28.287158,100.000000,100.000000,100.000000,3,3.000000,3.000000,2.000000,5.000000,1.820000,5.000000,0.000000,100.000000,100.000000,66.666667
VA629_NB,AM,12,1.610591,5.849211,12,2.106355,1.502323,5.597765,0.521358,12,2.725644,9.808768,12,3.303991,2.686472,9.473240,0.283660,12,1.184149,3.724391,12,1.424579,-1.184149,3.764162,0.817266,12,150,120,-30,30,20.000000,120,150,80.000000,100.000000,80.000000,88.888889,83.333333,1,1,390.000000,420.000000,30.000000,540.000000,540.000000,0.000000,12,150,75,-75,75,50.000000,75,150,50.000000,100.000000,50.000000,66.666667,58.333333,1,2,390.000000,435.000000,45.000000,540.000000,540.000000,0.000000,28.772034,30.274358,31.458507,100.000000,100.000000,100.000000,3,3.000000,3.000000,3.000000,13.000000,5.830000,13.000000,0.000000,100.000000,100.000000,100.000000
VA629_NB,MD,24,1.075065,3.788003,24,1.279298,-1.071166,3.847861,0.127896,24,4.716146,16.728130,24,5.665417,4.716146,16.879969,0.463336,24,5.787312,16.679418,24,6.810972,-5.787312,17.722347,0.004493,24,360,360,0,0,0.000000,360,360,100.000000,100.000000,100.000000,100.000000,100.000000,1,1,540.000000,540.000000,0.000000,900.000000,900.000000,0.000000,24,360,135,-225,225,62.500000,135,360,37.500000,100.000000,37.500000,54.545455,37.500000,1,2,540.000000,540.000000,0.000000,900.000000,900.000000,0.000000,27.939303,26.868137,32.655449,98.379319,100.000000,100.000000,3,3.000000,3.000000,3.000000,13.000000,5.830000,13.000000,0.000000,100.000000,100.000000,100.000000
VA629_NB,PM,13,0.947214,3.660669,13,1.153371,0.947214,3.618711,0.197497,13,2.922376,11.290136,13,3.489853,2.922376,11.164564,0.130333,16,2.362928,7.809110,16,2.778397,-2.362928,8.036633,0.130946,13,195,195,0,0,0.000000,195,195,100.000000,100.000000,100.000000,100.000000,100.000000,2,2,900.000000,900.000000,0.000000,1140.000000,1140.000000,0.000000,13,195,180,-15,15,7.692308,180,195,92.307692,100.000000,92.307692,96.000000,92.307692,2,3,900.000000,900.000000,0.000000,1140.000000,1140.000000,0.000000,26.175462,27.039036,29.401964,89.931021,100.000000,100.000000,3,3.000000,3.000000,3.000000,13.000000,5.830000,13.000000,0.000000,100.000000,100.000000,100.000000
VA629_SB,AM,12,1.103619,3.788043,12,1.347372,0.945049,3.712924,0.760820,12,4.703831,16.081524,12,5.636350,4.651254,15.825179,0.082737,12,3.706205,10.338801,12,4.420388,-3.706205,10.781696,0.423509,12,135,105,-30,30,22.222222,105,135,77.777778,100.000000,77.777778,87.500000,83.333333,1,1,405.000000,435.000000,30.000000,540.000000,540.000000,0.000000,12,135,30,-105,105,77.777778,30,135,22.222222,100.000000,22.222222,36.363636,41.666667,1,1,405.000000,510.000000,105.000000,540.000000,540.000000,0.000000,29.723717,30.668767,34.374972,100.000000,100.000000,100.000000,3,3.000000,3.000000,3.000000,13.000000,5.830000,13.000000,0.000000,100.000000,100.000000,100.000000
VA629_SB,MD,24,1.004799,3.458359,24,1.127647,-1.004799,3.486806,0.053625,24,4.331526,14.913387,24,5.264823,4.331526,15.031049,0.584422,24,5.336326,15.213437,24,6.296749,-5.336326,16.098136,0.001186,24,360,360,0,0,0.000000,360,360,100.000000,100.000000,100.000000,100.000000,100.000000,1,1,540.000000,540.000000,0.000000,900.000000,900.000000,0.000000,24,360,120,-240,240,66.666667,120,360,33.333333,100.000000,33.333333,50.000000,33.333333,1,2,540.000000,540.000000,0.000000,900.000000,900.000000,0.000000,28.817191,27.812391,33.148717,100.000000,100.000000,100.000000,3,3.000000,3.000000,3.000000,13.000000,5.830000,13.000000,0.000000,100.000000,100.000000,100.000000
VA629_SB,PM,16,0.653433,2.411612,16,0.798578,0.652032,2.380499,0.395349,16,1.285465,4.736582,16,1.466181,1.285465,4.683031,0.086864,16,0.633433,2.199008,16,0.726757,-0.633433,2.204404,0.051674,16,240,240,0,0,0.000000,240,240,100.000000,100.000000,100.000000,100.000000,100.000000,1,1,900.000000,900.000000,0.000000,1140.000000,1140.000000,0.000000,16,240,240,0,0,0.000000,240,240,100.000000,100.000000,100.000000,100.000000,100.000000,1,1,900.000000,900.000000,0.000000,1140.000000,1140.000000,0.000000,27.449421,28.101453,28.734885,100.000000,100.000000,100.000000,3,3.000000,3.000000,3.000000,13.000000,5.830000,13.000000,0.000000,100.000000,100.000000,100.000000
VA633_EB,AM,12,1.413663,5.186878,12,1.573859,1.413663,5.069804,0.861538,12,3.655596,13.348946,12,4.072273,3.655596,13.110021,0.252948,12,2.241933,6.973997,12,2.600283,-2.241933,7.108315,0.488059,12,180,180,0,0,0.000000,180,180,100.000000,100.000000,100.000000,100.000000,100.000000,1,1,360.000000,360.000000,0.000000,540.000000,540.000000,0.000000,12,180,75,-105,105,58.333333,75,180,41.666667,100.000000,41.666667,58.823529,41.666667,1,2,360.000000,435.000000,75.000000,540.000000,540.000000,0.000000,27.883984,29.297647,31.539580,100.000000,100.000000,100.000000,2,2.000000,2.000000,2.000000,7.000000,2.720000,7.000000,0.000000,100.000000,100.000000,100.000000
VA633_EB,MD,24,1.261651,4.508450,24,1.328765,-1.215066,4.536841,0.438127,24,3.133229,11.178052,24,3.701383,3.125246,11.266955,0.510918,24,4.340313,13.496633,24,4.952342,-4.340313,14.030764,0.038028,24,360,360,0,0,0.000000,360,360,100.000000,100.000000,100.000000,100.000000,100.000000,1,1,540.000000,540.000000,0.000000,900.000000,900.000000,0.000000,24,360,195,-165,165,45.833333,195,360,54.166667,100.000000,54.166667,70.270270,54.166667,1,3,540.000000,540.000000,0.000000,900.000000,900.000000,0.000000,27.809012,26.593945,30.934258,100.000000,100.000000,100.000000,2,2.000000,2.000000,2.000000,7.000000,2.720000,7.000000,0.000000,100.000000,100.000000,100.000000
VA633_EB,PM,16,1.120064,4.968988,16,1.354874,-0.418948,4.920471,0.789161,16,2.878481,13.066343,16,3.131048,2.878481,12.645246,0.545474,16,3.297429,12.939431,16,3.964692,-3.297429,12.859571,0.326879,16,240,240,0,0,0.000000,240,240,100.000000,100.000000,100.000000,100.000000,100.000000,1,1,900.000000,900.000000,0.000000,1140.000000,1140.000000,0.000000,16,240,240,0,0,0.000000,240,240,100.000000,100.000000,100.000000,100.000000,100.000000,1,1,900.000000,900.000000,0.000000,1140.000000,1140.000000,0.000000,22.763346,22.344398,25.641827,100.000000,100.000000,100.000000,2,2.000000,2.000000,2.000000,7.000000,2.720000,7.000000,0.000000,100.000000,100.000000,100.000000
VA633_WB,AM,12,0.803421,2.902592,12,0.845034,0.803421,2.891343,0.829656,12,4.542563,16.392079,12,5.102468,4.542563,16.347729,0.005856,12,3.739142,11.143453,12,4.348570,-3.739142,11.565663,0.055917,12,180,180,0,0,0.000000,180,180,100.000000,100.000000,100.000000,100.000000,100.000000,1,1,360.000000,360.000000,0.000000,540.000000,540.000000,0.000000,12,180,75,-105,105,58.333333,75,180,41.666667,100.000000,41.666667,58.823529,41.666667,1,3,360.000000,360.000000,0.000000,540.000000,540.000000,0.000000,27.787119,28.590540,32.329682,100.000000,100.000000,100.000000,2,2.000000,2.000000,2.000000,7.000000,2.720000,7.000000,0.000000,100.000000,100.000000,100.000000
VA633_WB,MD,24,0.550226,1.971832,24,0.619589,-0.454064,1.985762,0.477822,24,3.619103,13.018816,24,4.152872,3.619103,13.061321,0.281088,24,4.073167,12.533037,24,4.658452,-4.073167,13.001825,0.021219,24,360,360,0,0,0.000000,360,360,100.000000,100.000000,100.000000,100.000000,100.000000,1,1,540.000000,540.000000,0.000000,900.000000,900.000000,0.000000,24,360,165,-195,195,54.166667,165,360,45.833333,100.000000,45.833333,62.857143,45.833333,1,3,540.000000,540.000000,0.000000,900.000000,900.000000,0.000000,27.708551,27.254488,31.327654,100.000000,100.000000,100.000000,2,2.000000,2.000000,2.000000,7.000000,2.720000,7.000000,0.000000,100.000000,100.000000,100.000000
VA633_WB,PM,16,1.405760,5.634237,16,1.728997,-1.067118,5.561218,0.796365,16,0.567171,2.230294,16,0.664391,0.501049,2.243740,0.818563,16,1.568167,6.223080,16,1.873307,-1.568167,6.083127,0.955194,16,240,240,0,0,0.000000,240,240,100.000000,100.000000,100.000000,100.000000,100.000000,1,1,900.000000,900.000000,0.000000,1140.000000,1140.000000,0.000000,16,240,240,0,0,0.000000,240,240,100.000000,100.000000,100.000000,100.000000,100.000000,1,1,900.000000,900.000000,0.000000,1140.000000,1140.000000,0.000000,25.277913,24.210795,25.778962,100.000000,100.000000,100.000000,2,2.000000,2.000000,2.000000,7.000000,2.720000,7.000000,0.000000,100.000000,100.000000,100.000000
VA635_EB,AM,12,4.516170,14.356614,12,4.931039,-4.516170,14.593726,0.107898,12,6.157118,19.847078,12,6.413835,-6.157118,19.896346,0.377850,12,1.640947,7.137925,12,2.351013,1.640947,6.619699,0.405589,12,90,180,90,90,100.000000,90,180,50.000000,50.000000,100.000000,66.666667,50.000000,1,1,405.000000,360.000000,-45.000000,495.000000,540.000000,45.000000,12,90,180,90,90,100.000000,90,180,50.000000,50.000000,100.000000,66.666667,50.000000,1,1,405.000000,360.000000,-45.000000,495.000000,540.000000,45.000000,30.945971,26.429801,24.788853,99.602303,100.000000,100.000000,2,2.000000,2.000000,1.000000,3.000000,1.830000,3.000000,0.000000,100.000000,100.000000,50.000000
VA635_EB,MD,22,8.083526,25.875947,22,8.090538,-8.083526,25.863979,0.816800,22,8.427014,26.962899,22,8.455546,-8.427014,26.963001,0.400725,24,0.603269,2.718141,24,0.821276,0.276224,2.645414,0.304679,22,210,330,120,120,57.142857,210,330,63.636364,63.636364,100.000000,77.777778,63.636364,2,2,660.000000,540.000000,-120.000000,900.000000,900.000000,0.000000,22,210,330,120,120,57.142857,210,330,63.636364,63.636364,100.000000,77.777778,63.636364,2,2,660.000000,540.000000,-120.000000,900.000000,900.000000,0.000000,31.253992,23.080560,22.804336,91.865515,100.000000,100.000000,2,2.000000,2.000000,1.000000,3.000000,1.830000,3.000000,0.000000,100.000000,100.000000,50.000000
VA635_EB,PM,14,7.501968,26.090334,14,7.530025,-7.501968,26.070714,0.652545,14,7.667834,26.675354,14,7.743218,-7.667834,26.647128,0.510054,16,0.194086,1.086741,16,0.656376,0.145086,0.915182,0.766917,14,210,210,0,0,0.000000,210,210,100.000000,100.000000,100.000000,100.000000,100.000000,1,1,930.000000,930.000000,0.000000,1140.000000,1140.000000,0.000000,14,210,210,0,0,0.000000,210,210,100.000000,100.000000,100.000000,100.000000,100.000000,1,1,930.000000,930.000000,0.000000,1140.000000,1140.000000,0.000000,28.775462,21.352449,21.207363,87.798273,100.000000,100.000000,2,2.000000,2.000000,1.000000,3.000000,1.830000,3.000000,0.000000,100.000000,100.000000,50.000000
VA635_WB,AM,10,0.761468,2.614499,10,0.936538,0.759958,2.562746,0.752688,10,1.614581,5.515318,10,1.951533,0.246799,5.433925,0.357842,12,1.337894,4.878203,12,2.114280,0.339652,4.454070,0.094578,10,150,150,0,0,0.000000,150,150,100.000000,100.000000,100.000000,100.000000,100.000000,2,2,360.000000,360.000000,0.000000,540.000000,540.000000,0.000000,10,150,105,-45,45,30.000000,105,150,70.000000,100.000000,70.000000,82.352941,70.000000,2,3,360.000000,360.000000,0.000000,540.000000,540.000000,0.000000,29.712975,30.377222,30.037570,83.333333,100.000000,100.000000,1,1.000000,1.000000,1.000000,2.000000,1.050000,2.000000,0.000000,100.000000,100.000000,100.000000
VA635_WB,MD,22,1.014444,3.396742,22,1.144130,-1.014444,3.417285,0.353361,22,1.564395,5.258691,22,2.221999,-0.268280,5.269864,0.077614,24,1.645099,5.671234,24,1.959100,-0.758058,5.602627,0.072665,22,330,330,0,0,0.000000,330,330,100.000000,100.000000,100.000000,100.000000,100.000000,2,2,540.000000,540.000000,0.000000,900.000000,900.000000,0.000000,22,330,300,-30,30,9.090909,300,330,90.909091,100.000000,90.909091,95.238095,90.909091,2,3,540.000000,540.000000,0.000000,900.000000,900.000000,0.000000,29.685687,28.604931,29.362989,91.666667,100.000000,100.000000,1,1.000000,1.000000,1.000000,2.000000,1.050000,2.000000,0.000000,100.000000,100.000000,100.000000
VA635_WB,PM,16,1.292830,4.705964,16,1.665659,-0.654175,4.639186,0.544227,16,1.393419,5.073182,16,1.824541,-0.893707,5.000138,0.574076,16,0.239532,0.916397,16,0.280383,0.239532,0.888014,0.996299,16,240,240,0,0,0.000000,240,240,100.000000,100.000000,100.000000,100.000000,100.000000,1,1,900.000000,900.000000,0.000000,1140.000000,1140.000000,0.000000,16,240,240,0,0,0.000000,240,240,100.000000,100.000000,100.000000,100.000000,100.000000,1,1,900.000000,900.000000,0.000000,1140.000000,1140.000000,0.000000,27.867615,27.213440,26.973908,100.000000,100.000000,100.000000,1,1.000000,1.000000,1.000000,2.000000,1.050000,2.000000,0.000000,100.000000,100.000000,100.000000
VA636_NB,AM,12,1.562587,5.301916,12,1.721041,-0.935047,5.222748,0.659782,12,0.800549,2.714074,12,1.025146,0.289063,2.675733,0.750663,12,1.224111,4.192167,12,1.436473,-1.224111,4.052283,0.974795,12,135,150,15,15,11.111111,135,150,90.000000,90.000000,100.000000,94.736842,91.666667,1,1,405.000000,390.000000,-15.000000,540.000000,540.000000,0.000000,12,135,150,15,15,11.111111,135,150,90.000000,90.000000,100.000000,94.736842,91.666667,1,1,405.000000,390.000000,-15.000000,540.000000,540.000000,0.000000,29.918862,28.983814,30.207925,100.000000,100.000000,100.000000,2,2.000000,2.000000,1.000000,9.000000,3.010000,9.000000,0.000000,100.000000,100.000000,50.000000
VA636_NB,MD,24,1.023432,3.155976,24,1.154698,-1.023432,3.180155,0.149628,24,1.554989,4.805469,24,1.861956,1.322420,4.831885,0.372310,24,2.345852,6.799295,24,2.819616,-2.345852,7.001657,0.012060,24,45,360,315,315,700.000000,45,360,12.500000,12.500000,100.000000,22.222222,12.500000,2,1,540.000000,540.000000,0.000000,900.000000,900.000000,0.000000,24,45,45,0,0,0.000000,30,60,50.000000,66.666667,66.666667,66.666667,91.666667,2,3,540.000000,540.000000,0.000000,900.000000,900.000000,0.000000,32.181820,31.158389,33.504241,100.000000,100.000000,100.000000,2,2.000000,2.000000,1.000000,9.000000,3.010000,9.000000,0.000000,100.000000,100.000000,50.000000
VA636_NB,PM,16,0.302788,0.980074,16,0.346986,0.265729,0.976441,0.085134,16,2.062784,6.670373,16,2.506450,2.055571,6.652130,0.189551,16,1.806902,5.315894,16,2.226217,-1.789842,5.464704,0.002720,16,240,240,0,0,0.000000,240,240,100.000000,100.000000,100.000000,100.000000,100.000000,1,1,900.000000,900.000000,0.000000,1140.000000,1140.000000,0.000000,16,240,60,-180,180,75.000000,60,240,25.000000,100.000000,25.000000,40.000000,25.000000,1,3,900.000000,900.000000,0.000000,1140.000000,1140.000000,0.000000,31.009377,31.275106,33.064948,100.000000,100.000000,100.000000,2,2.000000,2.000000,1.000000,9.000000,3.010000,9.000000,0.000000,100.000000,100.000000,50.000000
VA636_SB,AM,12,2.090523,6.289023,12,2.148696,-2.090523,6.315990,0.770885,12,2.589783,7.864815,12,3.178204,1.783514,7.824379,0.015332,12,3.874037,10.650049,12,4.615610,-3.874037,11.105989,0.047030,12,0,120,120,120,,0,120,0.000000,0.000000,,,33.333333,0,1,,420.000000,,,540.000000,,12,0,15,15,15,,0,15,0.000000,0.000000,,,91.666667,0,1,,525.000000,,,540.000000,,33.098897,31.008374,34.882410,99.828071,100.000000,100.000000,2,2.000000,2.000000,1.000000,9.000000,3.010000,9.000000,0.000000,100.000000,100.000000,50.000000
VA636_SB,MD,24,3.264705,10.197620,24,3.324892,-3.264705,10.189217,0.495747,24,2.347221,7.316512,24,2.689366,1.195287,7.325728,0.274843,24,4.459992,12.918451,24,5.118956,-4.459992,13.419131,0.084975,24,30,360,330,330,1100.000000,30,360,8.333333,8.333333,100.000000,15.384615,8.333333,1,1,870.000000,540.000000,-330.000000,900.000000,900.000000,0.000000,24,30,90,60,60,200.000000,30,90,33.333333,33.333333,100.000000,50.000000,83.333333,1,2,870.000000,540.000000,-330.000000,900.000000,900.000000,0.000000,32.040787,28.776081,33.236074,100.000000,100.000000,100.000000,2,2.000000,2.000000,1.000000,9.000000,3.010000,9.000000,0.000000,100.000000,100.000000,50.000000
VA636_SB,PM,16,3.099816,11.180608,16,3.160335,-3.099816,11.023729,0.978188,16,1.406103,4.903889,16,1.540087,-1.406103,5.000458,0.927207,16,1.693713,6.524182,16,2.022662,-1.693713,6.340316,0.940690,16,240,240,0,0,0.000000,240,240,100.000000,100.000000,100.000000,100.000000,100.000000,1,1,900.000000,900.000000,0.000000,1140.000000,1140.000000,0.000000,16,240,240,0,0,0.000000,240,240,100.000000,100.000000,100.000000,100.000000,100.000000,1,1,900.000000,900.000000,0.000000,1140.000000,1140.000000,0.000000,28.119485,25.019669,26.713382,100.000000,100.000000,100.000000,2,2.000000,2.000000,1.000000,9.000000,3.010000,9.000000,0.000000,100.000000,100.000000,50.000000
VA637_NB,AM,12,1.508012,4.695056,12,1.668416,1.508012,4.646412,0.502825,12,2.526407,7.832474,12,2.979714,2.509268,7.784240,0.120101,12,1.551338,4.411241,12,1.809618,-1.001256,4.436870,0.165732,12,30,0,-30,30,100.000000,0,30,0.000000,,0.000000,,83.333333,1,0,450.000000,,,480.000000,,,12,30,15,-15,15,50.000000,15,30,50.000000,100.000000,50.000000,66.666667,91.666667,1,1,450.000000,450.000000,0.000000,480.000000,465.000000,-15.000000,32.455416,33.963428,34.964684,100.000000,100.000000,100.000000,5,5.000000,5.000000,4.000000,9.000000,4.210000,9.000000,0.000000,100.000000,100.000000,80.000000
VA637_NB,MD,22,0.333538,1.012860,22,0.390306,-0.261405,1.015062,0.030898,22,1.428723,4.339791,22,1.725896,0.758969,4.348058,0.022664,24,1.595354,4.698771,24,1.889953,-1.124236,4.733758,0.012633,22,0,0,0,0,,0,0,,,,,100.000000,0,0,,,,,,,22,0,30,30,30,,0,30,0.000000,0.000000,,,90.909091,0,1,,705.000000,,,735.000000,,32.858882,32.577409,33.701645,97.634296,100.000000,100.000000,5,5.000000,5.000000,4.000000,9.000000,4.210000,9.000000,0.000000,100.000000,100.000000,80.000000
VA637_NB,PM,14,0.780577,2.454244,14,1.042979,-0.720481,2.453369,0.206927,14,0.773398,2.429007,14,0.973181,-0.415916,2.430805,0.258873,16,0.601646,1.932483,16,0.736900,-0.296378,1.913052,0.513870,14,30,135,105,105,350.000000,30,135,22.222222,22.222222,100.000000,36.363636,50.000000,1,1,1035.000000,1005.000000,-30.000000,1065.000000,1140.000000,75.000000,14,30,135,105,105,350.000000,30,135,22.222222,22.222222,100.000000,36.363636,50.000000,1,1,1035.000000,1005.000000,-30.000000,1065.000000,1140.000000,75.000000,31.816551,31.153142,31.449521,96.451444,100.000000,100.000000,5,5.000000,5.000000,4.000000,9.000000,4.210000,9.000000,0.000000,100.000000,100.000000,80.000000
VA637_SB,AM,12,1.388049,4.137752,12,1.466013,1.388049,4.120162,0.445569,12,2.020235,6.011195,12,2.283430,1.722386,5.996687,0.172289,12,1.284896,3.711594,12,1.613629,-0.334337,3.628463,0.081021,12,0,0,0,0,,0,0,,,,,100.000000,0,0,,,,,,,12,0,15,15,15,,0,15,0.000000,0.000000,,,91.666667,0,1,,450.000000,,,465.000000,,33.689184,35.077233,35.411569,100.000000,100.000000,100.000000,5,5.000000,5.000000,4.000000,9.000000,4.210000,9.000000,0.000000,100.000000,100.000000,80.000000
VA637_SB,MD,24,1.051613,3.233106,24,1.236113,-0.212590,3.227537,0.471277,24,1.322278,4.049894,24,1.630738,0.266042,4.058242,0.305703,24,0.919430,2.824412,24,1.151614,-0.478632,2.798995,0.684289,24,30,135,105,105,350.000000,15,150,10.000000,11.111111,50.000000,18.181818,62.500000,1,1,870.000000,750.000000,-120.000000,900.000000,885.000000,-15.000000,24,30,120,90,90,300.000000,15,135,11.111111,12.500000,50.000000,20.000000,66.666667,1,2,870.000000,705.000000,-165.000000,900.000000,885.000000,-15.000000,32.582524,32.369934,32.848566,100.000000,100.000000,100.000000,5,5.000000,5.000000,4.000000,9.000000,4.210000,9.000000,0.000000,100.000000,100.000000,80.000000
VA637_SB,PM,16,1.027217,3.251184,16,1.233257,-0.619582,3.264451,0.048426,16,1.197184,3.789677,16,1.486340,-0.799693,3.804596,0.024347,16,0.204577,0.696808,16,0.418011,0.180111,0.667089,0.917752,16,180,180,0,0,0.000000,150,210,71.428571,83.333333,83.333333,83.333333,75.000000,2,1,900.000000,900.000000,0.000000,1110.000000,1080.000000,-30.000000,16,180,165,-15,15,8.333333,135,210,64.285714,81.818182,75.000000,78.260870,68.750000,2,1,900.000000,915.000000,15.000000,1110.000000,1080.000000,-30.000000,31.466773,30.847191,30.667080,100.000000,100.000000,100.000000,5,5.000000,5.000000,4.000000,9.000000,4.210000,9.000000,0.000000,100.000000,100.000000,80.000000
VA638_NB,AM,12,1.821570,6.708735,12,2.275090,1.731580,6.366644,0.672955,12,2.920672,10.658484,12,3.485605,2.855462,10.208163,0.398987,12,1.123882,3.530801,12,1.308916,-1.123882,3.571665,0.883111,12,150,105,-45,45,30.000000,105,150,70.000000,100.000000,70.000000,82.352941,75.000000,1,1,390.000000,435.000000,45.000000,540.000000,540.000000,0.000000,12,150,90,-60,60,40.000000,90,150,60.000000,100.000000,60.000000,75.000000,66.666667,1,1,390.000000,450.000000,60.000000,540.000000,540.000000,0.000000,28.611145,30.342725,31.466607,99.100062,100.000000,100.000000,10,10.000000,10.000000,7.000000,26.000000,8.610000,26.000000,0.000000,100.000000,100.000000,70.000000
VA638_NB,MD,24,1.836450,6.332533,24,1.958014,-1.836450,6.365087,0.250863,24,2.176725,7.496645,24,2.628256,2.044000,7.544471,0.601172,24,3.880450,12.148941,24,4.452953,-3.880450,12.559746,0.333681,24,360,360,0,0,0.000000,360,360,100.000000,100.000000,100.000000,100.000000,100.000000,1,1,540.000000,540.000000,0.000000,900.000000,900.000000,0.000000,24,360,195,-165,165,45.833333,195,360,54.166667,100.000000,54.166667,70.270270,54.166667,1,3,540.000000,540.000000,0.000000,900.000000,900.000000,0.000000,28.851927,27.015476,30.895926,98.541014,100.000000,100.000000,10,10.000000,10.000000,7.000000,26.000000,8.610000,26.000000,0.000000,100.000000,100.000000,70.000000
VA638_NB,PM,14,0.590070,2.154460,14,0.716822,0.129526,2.131449,0.464071,14,2.210405,8.062675,14,2.523092,2.210405,7.984422,0.005098,16,1.862993,6.214081,16,2.124011,-1.862993,6.299095,0.329486,14,210,210,0,0,0.000000,210,210,100.000000,100.000000,100.000000,100.000000,100.000000,1,1,930.000000,930.000000,0.000000,1140.000000,1140.000000,0.000000,14,210,210,0,0,0.000000,210,210,100.000000,100.000000,100.000000,100.000000,100.000000,1,1,930.000000,930.000000,0.000000,1140.000000,1140.000000,0.000000,27.683968,27.712578,29.575571,96.463661,100.000000,100.000000,10,10.000000,10.000000,7.000000,26.000000,8.610000,26.000000,0.000000,100.000000,100.000000,70.000000
VA638_SB,AM,10,1.345939,4.580006,10,1.450440,1.345939,4.524279,0.854691,10,2.831672,9.590040,10,3.061914,2.831672,9.518468,0.483478,12,1.306757,3.944436,12,1.555326,-1.306757,3.988553,0.685618,10,120,105,-15,15,12.500000,105,120,87.500000,100.000000,87.500000,93.333333,90.000000,1,1,420.000000,435.000000,15.000000,540.000000,540.000000,0.000000,10,120,30,-90,90,75.000000,30,120,25.000000,100.000000,25.000000,40.000000,40.000000,1,1,420.000000,510.000000,90.000000,540.000000,540.000000,0.000000,29.749240,31.455938,32.762695,96.542987,100.000000,100.000000,8,8.000000,8.000000,6.000000,24.000000,7.850000,24.000000,0.000000,100.000000,100.000000,75.000000
VA638_SB,MD,24,1.100424,3.645879,24,1.196333,-1.091753,3.649216,0.494596,24,2.363231,7.790306,24,2.847005,2.277740,7.836924,0.553545,24,3.369493,10.050250,24,3.915619,-3.369493,10.389145,0.082197,24,360,360,0,0,0.000000,360,360,100.000000,100.000000,100.000000,100.000000,100.000000,1,1,540.000000,540.000000,0.000000,900.000000,900.000000,0.000000,24,360,120,-240,240,66.666667,120,360,33.333333,100.000000,33.333333,50.000000,33.333333,1,3,540.000000,540.000000,0.000000,900.000000,900.000000,0.000000,30.155079,29.063326,32.432819,98.844006,100.000000,100.000000,8,8.000000,8.000000,6.000000,24.000000,7.850000,24.000000,0.000000,100.000000,100.000000,75.000000
VA638_SB,PM,14,0.531648,1.919275,14,0.584670,-0.199111,1.915247,0.407653,14,0.751077,2.710806,14,0.997583,0.713116,2.705733,0.239052,16,0.820257,2.867675,16,0.913631,-0.820257,2.869283,0.785513,14,210,210,0,0,0.000000,210,210,100.000000,100.000000,100.000000,100.000000,100.000000,1,1,900.000000,900.000000,0.000000,1110.000000,1110.000000,0.000000,14,210,210,0,0,0.000000,210,210,100.000000,100.000000,100.000000,100.000000,100.000000,1,1,900.000000,900.000000,0.000000,1110.000000,1110.000000,0.000000,27.758717,27.767263,28.587519,95.746658,100.000000,100.000000,8,8.000000,8.000000,6.000000,24.000000,7.850000,24.000000,0.000000,100.000000,100.000000,75.000000
VA639_EB,AM,12,3.651518,11.045016,12,4.278763,-3.651518,11.265610,0.157146,12,3.560984,10.773012,12,4.173655,-3.331665,10.986294,0.198060,12,0.801026,2.701826,12,0.995998,-0.319853,2.754436,0.657190,12,75,180,105,105,140.000000,75,180,41.666667,41.666667,100.000000,58.823529,41.666667,1,1,465.000000,360.000000,-105.000000,540.000000,540.000000,0.000000,12,75,150,75,75,100.000000,45,180,25.000000,30.000000,60.000000,40.000000,25.000000,1,2,465.000000,360.000000,-105.000000,540.000000,540.000000,0.000000,32.412969,28.761450,29.081303,100.000000,100.000000,100.000000,4,4.000000,4.000000,0.000000,4.000000,1.050000,4.000000,0.000000,100.000000,100.000000,0.000000
VA639_EB,MD,24,5.867255,19.278504,24,5.882706,-5.867255,19.296122,0.738032,24,1.995851,6.571835,24,2.702758,-1.930650,6.563918,0.090087,24,3.936605,13.388061,24,4.396281,-3.936605,13.824415,0.086448,24,345,360,15,15,4.347826,345,360,95.833333,95.833333,100.000000,97.872340,95.833333,2,1,540.000000,540.000000,0.000000,900.000000,900.000000,0.000000,24,345,360,15,15,4.347826,345,360,95.833333,95.833333,100.000000,97.872340,95.833333,2,1,540.000000,540.000000,0.000000,900.000000,900.000000,0.000000,30.406397,24.539141,28.475747,100.000000,100.000000,100.000000,4,4.000000,4.000000,0.000000,4.000000,1.050000,4.000000,0.000000,100.000000,100.000000,0.000000
VA639_EB,PM,16,5.453114,18.449723,16,5.474454,-5.453114,18.468085,0.607461,16,2.829038,9.500970,16,3.148427,-2.829038,9.581115,0.063794,16,2.624076,9.670362,16,2.927009,-2.624076,9.828666,0.201656,16,240,240,0,0,0.000000,240,240,100.000000,100.000000,100.000000,100.000000,100.000000,1,1,900.000000,900.000000,0.000000,1140.000000,1140.000000,0.000000,16,240,240,0,0,0.000000,240,240,100.000000,100.000000,100.000000,100.000000,100.000000,1,1,900.000000,900.000000,0.000000,1140.000000,1140.000000,0.000000,29.527231,24.074117,26.698193,100.000000,100.000000,100.000000,4,4.000000,4.000000,0.000000,4.000000,1.050000,4.000000,0.000000,100.000000,100.000000,0.000000
VA639_WB,AM,12,0.415633,1.427056,12,0.514836,0.119868,1.423029,0.712080,12,4.571774,15.811676,12,5.471887,4.498344,15.652681,0.161441,12,4.378476,12.412318,12,5.158029,-4.378476,12.990216,0.010554,12,180,180,0,0,0.000000,180,180,100.000000,100.000000,100.000000,100.000000,100.000000,1,1,360.000000,360.000000,0.000000,540.000000,540.000000,0.000000,12,180,45,-135,135,75.000000,45,180,25.000000,100.000000,25.000000,40.000000,25.000000,1,2,360.000000,360.000000,0.000000,540.000000,540.000000,0.000000,29.207609,29.327477,33.705953,100.000000,100.000000,100.000000,2,2.000000,2.000000,1.000000,2.000000,1.100000,2.000000,0.000000,100.000000,100.000000,50.000000
VA639_WB,MD,24,1.472618,5.095568,24,1.716597,-1.465524,5.096200,0.210273,24,3.213042,11.107808,24,3.754310,2.872650,11.119178,0.172110,24,4.338174,13.145784,24,4.974891,-4.338174,13.655349,0.113747,24,360,360,0,0,0.000000,360,360,100.000000,100.000000,100.000000,100.000000,100.000000,1,1,540.000000,540.000000,0.000000,900.000000,900.000000,0.000000,24,360,120,-240,240,66.666667,120,360,33.333333,100.000000,33.333333,50.000000,33.333333,1,2,540.000000,540.000000,0.000000,900.000000,900.000000,0.000000,28.896394,27.430870,31.769044,100.000000,100.000000,100.000000,2,2.000000,2.000000,1.000000,2.000000,1.100000,2.000000,0.000000,100.000000,100.000000,50.000000
VA639_WB,PM,16,2.074849,7.967321,16,2.478078,1.790694,7.801279,0.013432,16,0.532722,2.005331,16,0.608481,-0.477003,2.002994,0.921384,16,2.267696,8.912114,16,2.791165,2.267696,8.682084,0.053652,16,240,240,0,0,0.000000,240,240,100.000000,100.000000,100.000000,100.000000,100.000000,1,1,900.000000,900.000000,0.000000,1140.000000,1140.000000,0.000000,16,240,240,0,0,0.000000,240,240,100.000000,100.000000,100.000000,100.000000,100.000000,1,1,900.000000,900.000000,0.000000,1140.000000,1140.000000,0.000000,26.596266,28.386960,26.119263,100.000000,100.000000,100.000000,2,2.000000,2.000000,1.000000,2.000000,1.100000,2.000000,0.000000,100.000000,100.000000,50.000000
VA640_EB,AM,12,1.615673,4.506058,12,1.905501,-1.615673,4.512546,0.630290,12,1.889752,5.318912,12,2.448551,-1.820856,5.278044,0.552083,12,1.451034,4.449905,12,1.886658,0.205182,4.269862,0.389100,12,0,15,15,15,,0,15,0.000000,0.000000,,,91.666667,0,1,,525.000000,,,540.000000,,12,0,30,30,30,,0,30,0.000000,0.000000,,,83.333333,0,1,,435.000000,,,465.000000,,35.804024,34.188350,33.983168,96.850970,100.000000,100.000000,13,13.000000,13.000000,11.000000,38.000000,12.640000,38.000000,0.000000,100.000000,100.000000,84.615385
VA640_EB,MD,24,1.369116,4.061645,24,1.413476,-1.369116,4.058899,0.643099,24,1.380751,4.081955,24,1.695587,0.113153,4.093394,0.195076,24,1.872674,5.416289,24,2.228612,-1.482269,5.533193,0.186155,24,0,30,30,30,,0,30,0.000000,0.000000,,,91.666667,0,1,,780.000000,,,810.000000,,24,0,45,45,45,,0,45,0.000000,0.000000,,,87.500000,0,1,,705.000000,,,750.000000,,33.731208,32.362092,33.844361,98.895884,100.000000,100.000000,13,13.000000,13.000000,11.000000,38.000000,12.640000,38.000000,0.000000,100.000000,100.000000,84.615385
VA640_EB,PM,16,0.957947,2.975082,16,1.005153,-0.773906,2.991694,0.737150,16,0.885075,2.771765,16,0.966063,0.188277,2.764114,0.449390,16,1.304262,4.007326,16,1.523161,-0.962183,4.049436,0.167434,16,75,225,150,150,200.000000,75,225,33.333333,33.333333,100.000000,50.000000,37.500000,1,1,990.000000,915.000000,-75.000000,1065.000000,1140.000000,75.000000,16,75,45,-30,30,40.000000,45,75,60.000000,100.000000,60.000000,75.000000,87.500000,1,1,990.000000,1005.000000,15.000000,1065.000000,1050.000000,-15.000000,32.020219,31.246313,32.208496,96.556636,100.000000,100.000000,13,13.000000,13.000000,11.000000,38.000000,12.640000,38.000000,0.000000,100.000000,100.000000,84.615385
VA640_WB,AM,12,6.985954,20.239478,12,6.993581,-6.985954,20.228697,0.919998,12,3.036936,8.775066,12,3.645541,-0.861486,8.793826,0.006792,12,6.124468,17.370985,12,6.962404,-6.124468,18.187860,0.077988,12,0,180,180,180,,0,180,0.000000,0.000000,,,0.000000,0,1,,360.000000,,,540.000000,,12,0,45,45,45,,0,45,0.000000,0.000000,,,75.000000,0,2,,360.000000,,,540.000000,,34.534868,27.548914,33.673382,98.352314,100.000000,100.000000,17,17.000000,17.000000,11.000000,37.000000,12.570000,37.000000,0.000000,100.000000,100.000000,64.705882
VA640_WB,MD,24,1.876917,5.587629,24,1.900042,-1.876917,5.599569,0.854191,24,1.795547,5.343193,24,2.059902,0.729857,5.356813,0.067429,24,2.681397,7.543831,24,3.261725,-2.606774,7.829169,0.033955,24,0,180,180,180,,0,180,0.000000,0.000000,,,50.000000,0,1,,720.000000,,,900.000000,,24,0,60,60,60,,0,60,0.000000,0.000000,,,83.333333,0,2,,705.000000,,,900.000000,,33.518946,31.642029,34.248803,98.395624,100.000000,100.000000,17,17.000000,17.000000,11.000000,37.000000,12.570000,37.000000,0.000000,100.000000,100.000000,64.705882
VA640_WB,PM,16,5.222430,16.499743,16,5.251883,-5.222430,16.520239,0.419225,16,2.080637,6.496260,16,2.768710,-1.963546,6.581730,0.129174,16,3.258883,10.735465,16,3.651219,-3.258883,10.991632,0.000001,16,120,240,120,120,100.000000,120,240,50.000000,50.000000,100.000000,66.666667,50.000000,1,1,975.000000,900.000000,-75.000000,1095.000000,1140.000000,45.000000,16,120,225,105,105,87.500000,120,225,53.333333,53.333333,100.000000,69.565217,56.250000,1,2,975.000000,900.000000,-75.000000,1095.000000,1140.000000,45.000000,31.612312,26.389883,29.648766,98.677175,100.000000,100.000000,17,17.000000,17.000000,11.000000,37.000000,12.570000,37.000000,0.000000,100.000000,100.000000,64.705882
VA641_EB,AM,10,1.352431,4.477355,10,1.899870,1.223075,4.310473,0.773170,10,1.107383,3.578162,10,1.439191,1.066241,3.529454,0.901231,12,0.643881,2.140786,12,0.926821,0.361834,2.023949,0.929585,10,90,75,-15,15,16.666667,75,90,83.333333,100.000000,83.333333,90.909091,90.000000,2,2,420.000000,435.000000,15.000000,540.000000,540.000000,0.000000,10,90,75,-15,15,16.666667,75,90,83.333333,100.000000,83.333333,90.909091,90.000000,2,2,420.000000,435.000000,15.000000,540.000000,540.000000,0.000000,31.375475,32.174954,31.813121,96.510756,100.000000,100.000000,6,6.000000,6.000000,5.000000,23.000000,5.090000,23.000000,0.000000,100.000000,100.000000,83.333333
VA641_EB,MD,22,2.367552,7.527896,22,2.581192,-2.367552,7.645411,0.417341,22,0.743487,2.346126,22,1.045174,-0.261257,2.400905,0.497588,24,1.988406,6.351300,24,2.309820,-1.988406,6.486658,0.177957,22,195,330,135,135,69.230769,195,330,59.090909,59.090909,100.000000,74.285714,59.090909,3,2,540.000000,540.000000,0.000000,900.000000,900.000000,0.000000,22,195,195,0,0,0.000000,135,255,52.941176,69.230769,69.230769,69.230769,63.636364,3,4,540.000000,540.000000,0.000000,900.000000,900.000000,0.000000,30.966962,28.665383,30.653789,97.408315,100.000000,100.000000,6,6.000000,6.000000,5.000000,23.000000,5.090000,23.000000,0.000000,100.000000,100.000000,83.333333
VA641_EB,PM,16,0.605603,2.079805,16,0.864434,-0.570867,2.066897,0.797560,16,0.879435,3.029102,16,1.183734,-0.876461,3.001475,0.757192,16,0.307737,1.112846,16,0.376616,0.305594,1.082681,0.987320,16,240,240,0,0,0.000000,240,240,100.000000,100.000000,100.000000,100.000000,100.000000,1,1,900.000000,900.000000,0.000000,1140.000000,1140.000000,0.000000,16,240,240,0,0,0.000000,240,240,100.000000,100.000000,100.000000,100.000000,100.000000,1,1,900.000000,900.000000,0.000000,1140.000000,1140.000000,0.000000,29.300088,28.729222,28.423628,100.000000,100.000000,100.000000,6,6.000000,6.000000,5.000000,23.000000,5.090000,23.000000,0.000000,100.000000,100.000000,83.333333
VA641_NB,AM,12,2.482341,7.837898,12,2.506314,-2.482341,7.831561,0.775222,12,1.498093,4.720762,12,1.733127,-0.553634,4.726346,0.115941,12,1.999933,6.206960,12,2.455890,-1.928707,6.421774,0.250248,12,45,180,135,135,300.000000,45,180,25.000000,25.000000,100.000000,40.000000,25.000000,1,1,495.000000,360.000000,-135.000000,540.000000,540.000000,0.000000,12,45,105,60,60,133.333333,45,105,42.857143,42.857143,100.000000,60.000000,66.666667,1,3,495.000000,360.000000,-135.000000,540.000000,540.000000,0.000000,31.696633,29.214292,31.142999,100.000000,100.000000,100.000000,8,8.000000,8.000000,5.000000,12.000000,6.620000,12.000000,0.000000,100.000000,100.000000,62.500000
VA641_NB,MD,24,3.940289,12.471727,24,3.953828,-3.940289,12.479159,0.305975,24,1.698800,5.394270,24,2.078751,-1.198749,5.380212,0.219541,24,2.741540,8.694766,24,3.288590,-2.741540,9.025288,0.031823,24,120,360,240,240,200.000000,120,360,33.333333,33.333333,100.000000,50.000000,33.333333,3,1,540.000000,540.000000,0.000000,900.000000,900.000000,0.000000,24,120,225,105,105,87.500000,90,255,35.294118,40.000000,75.000000,52.173913,54.166667,3,3,540.000000,540.000000,0.000000,900.000000,900.000000,0.000000,31.574956,27.634667,30.376207,100.000000,100.000000,100.000000,8,8.000000,8.000000,5.000000,12.000000,6.620000,12.000000,0.000000,100.000000,100.000000,62.500000
VA641_NB,PM,16,3.005767,9.878716,16,3.035768,-3.005767,9.886110,0.001103,16,1.642386,5.402862,16,1.826524,-1.642386,5.401886,0.116682,16,1.363381,4.663518,16,1.602166,-1.363381,4.740289,0.046582,16,240,240,0,0,0.000000,240,240,100.000000,100.000000,100.000000,100.000000,100.000000,1,1,900.000000,900.000000,0.000000,1140.000000,1140.000000,0.000000,16,240,240,0,0,0.000000,240,240,100.000000,100.000000,100.000000,100.000000,100.000000,1,1,900.000000,900.000000,0.000000,1140.000000,1140.000000,0.000000,30.403945,27.398178,28.761559,99.931657,100.000000,100.000000,8,8.000000,8.000000,5.000000,12.000000,6.620000,12.000000,0.000000,100.000000,100.000000,62.500000
VA641_SB,AM,12,1.623438,4.939732,12,1.639888,-1.623438,4.943443,0.826920,12,1.222962,3.712991,12,1.714425,-0.880050,3.723974,0.040561,12,1.377881,4.302248,12,1.578616,-0.743388,4.311241,0.112959,12,0,105,105,105,,0,105,0.000000,0.000000,,,41.666667,0,1,,435.000000,,,540.000000,,12,0,60,60,60,,0,60,0.000000,0.000000,,,66.666667,0,2,,435.000000,,,540.000000,,32.840235,31.216797,31.960185,98.573841,100.000000,100.000000,8,8.000000,8.000000,5.000000,12.000000,6.620000,12.000000,0.000000,100.000000,100.000000,62.500000
VA641_SB,MD,24,2.299074,6.991370,24,2.315402,-2.299074,6.998049,0.092122,24,1.420743,4.323560,24,1.988229,-1.263297,4.324537,0.033996,24,1.603064,5.035387,24,1.879315,-1.035777,5.074628,0.007819,24,0,360,360,360,,0,360,0.000000,0.000000,,,0.000000,0,1,,540.000000,,,900.000000,,24,0,165,165,165,,0,165,0.000000,0.000000,,,54.166667,0,3,,540.000000,,,900.000000,,32.853074,30.554000,31.589777,99.168861,100.000000,100.000000,8,8.000000,8.000000,5.000000,12.000000,6.620000,12.000000,0.000000,100.000000,100.000000,62.500000
VA641_SB,PM,16,1.727977,5.416434,16,1.754829,-1.727977,5.418141,0.009904,16,1.202956,3.768913,16,1.532867,-0.975700,3.771917,0.059187,16,1.181480,3.790197,16,1.393375,-0.752277,3.821492,0.000060,16,0,240,240,240,,0,240,0.000000,0.000000,,,0.000000,0,1,,900.000000,,,1140.000000,,16,0,150,150,150,,0,150,0.000000,0.000000,,,37.500000,0,3,,900.000000,,,1140.000000,,31.892432,30.164455,30.916733,100.000000,100.000000,100.000000,8,8.000000,8.000000,5.000000,12.000000,6.620000,12.000000,0.000000,100.000000,100.000000,62.500000
VA641_WB,AM,12,1.911363,6.247051,12,2.395072,1.911363,5.988132,0.736177,12,2.419104,7.807276,12,2.754942,2.419104,7.578841,0.778988,12,1.136514,3.347404,12,1.334068,-0.507741,3.309757,0.744361,12,120,45,-75,75,62.500000,45,120,37.500000,100.000000,37.500000,54.545455,58.333333,1,1,420.000000,495.000000,75.000000,540.000000,540.000000,0.000000,12,120,15,-105,105,87.500000,15,120,12.500000,100.000000,12.500000,22.222222,41.666667,1,1,420.000000,525.000000,105.000000,540.000000,540.000000,0.000000,31.919182,33.830545,34.338286,99.049726,100.000000,100.000000,6,6.000000,6.000000,5.000000,23.000000,5.090000,23.000000,0.000000,100.000000,100.000000,83.333333
VA641_WB,MD,24,2.333144,7.639716,24,2.594583,-2.286738,7.651496,0.585915,24,1.288969,4.183432,24,1.594727,1.028514,4.227147,0.844802,24,3.315252,10.242346,24,3.822054,-3.315252,10.517544,0.438027,24,255,360,105,105,41.176471,255,360,70.833333,70.833333,100.000000,82.926829,70.833333,2,1,540.000000,540.000000,0.000000,900.000000,900.000000,0.000000,24,255,165,-90,90,35.294118,165,255,64.705882,100.000000,64.705882,78.571429,75.000000,2,3,540.000000,540.000000,0.000000,900.000000,900.000000,0.000000,30.492646,28.205908,31.521160,100.000000,100.000000,100.000000,6,6.000000,6.000000,5.000000,23.000000,5.090000,23.000000,0.000000,100.000000,100.000000,83.333333
VA641_WB,PM,14,2.242370,8.021638,14,2.765953,2.168229,8.091376,0.597390,14,2.366986,8.472899,14,2.929953,2.366986,8.541038,0.594180,16,0.244236,0.822771,16,0.277865,-0.227380,0.812001,0.995825,14,210,105,-105,105,50.000000,105,210,50.000000,100.000000,50.000000,66.666667,50.000000,2,2,900.000000,900.000000,0.000000,1140.000000,1035.000000,-105.000000,14,210,105,-105,105,50.000000,105,210,50.000000,100.000000,50.000000,66.666667,50.000000,2,2,900.000000,900.000000,0.000000,1140.000000,1035.000000,-105.000000,27.713092,29.850965,30.078345,95.596713,100.000000,100.000000,6,6.000000,6.000000,5.000000,23.000000,5.090000,23.000000,0.000000,100.000000,100.000000,83.333333
VA642_EB,AM,11,1.125351,3.062469,11,1.358011,0.907149,2.980603,0.797222,11,1.599050,4.304091,11,2.298753,-0.940794,4.235243,0.399068,12,1.961982,5.801236,12,3.058964,1.959710,5.352226,0.193655,11,0,0,0,0,,0,0,,,,,100.000000,0,0,,,,,,,11,0,30,30,30,,0,30,0.000000,0.000000,,,81.818182,0,1,,435.000000,,,480.000000,,37.755803,38.617014,36.657305,96.630073,100.000000,100.000000,10,10.000000,10.000000,9.000000,20.000000,7.370000,20.000000,0.000000,100.000000,100.000000,90.000000
VA642_EB,MD,24,1.076474,2.913660,24,1.197269,-1.064846,2.929930,0.170080,24,1.021609,2.769631,24,1.963792,-0.425203,2.780599,0.023584,24,1.529946,4.342164,24,1.991670,-0.639643,4.212942,0.034598,24,0,0,0,0,,0,0,,,,,100.000000,0,0,,,,,,,24,0,30,30,30,,0,30,0.000000,0.000000,,,91.666667,0,1,,705.000000,,,735.000000,,36.740596,35.675750,36.315392,97.186448,100.000000,100.000000,10,10.000000,10.000000,9.000000,20.000000,7.370000,20.000000,0.000000,100.000000,100.000000,90.000000
VA642_EB,PM,16,0.220952,0.602954,16,0.282884,-0.029855,0.604811,0.921448,16,1.667894,4.583195,16,2.185252,0.434216,4.565519,0.081797,16,1.620970,4.550599,16,2.130749,-0.464071,4.384955,0.114287,16,0,0,0,0,,0,0,,,,,100.000000,0,0,,,,,,,16,0,30,30,30,,0,30,0.000000,0.000000,,,87.500000,0,1,,1005.000000,,,1035.000000,,36.532413,36.502558,36.966629,98.653036,100.000000,100.000000,10,10.000000,10.000000,9.000000,20.000000,7.370000,20.000000,0.000000,100.000000,100.000000,90.000000
VA642_WB,AM,12,0.936368,2.555956,12,1.225513,0.928969,2.533924,0.713463,12,2.158656,5.907515,12,2.569625,1.803256,5.841584,0.197792,12,1.365938,3.541152,12,1.681401,-0.874288,3.524407,0.459110,12,0,0,0,0,,0,0,,,,,100.000000,0,0,,,,,,,12,0,0,0,0,,0,0,,,,,100.000000,0,0,,,,,,,36.953270,37.882239,38.756527,99.873941,100.000000,100.000000,9,9.000000,9.000000,9.000000,19.000000,7.130000,19.000000,0.000000,100.000000,100.000000,100.000000
VA642_WB,MD,24,0.952118,2.645849,24,1.042743,-0.864682,2.655300,0.257371,24,1.736561,4.818722,24,2.156260,0.889097,4.842981,0.139165,24,2.326144,6.283400,24,2.695461,-1.753779,6.330268,0.057527,24,0,0,0,0,,0,0,,,,,100.000000,0,0,,,,,,,24,0,30,30,30,,0,30,0.000000,0.000000,,,91.666667,0,1,,705.000000,,,735.000000,,35.857271,34.992589,36.746368,100.000000,100.000000,100.000000,9,9.000000,9.000000,9.000000,19.000000,7.130000,19.000000,0.000000,100.000000,100.000000,100.000000
VA642_WB,PM,16,0.935442,2.649281,16,1.055272,0.443759,2.650209,0.329752,16,1.351450,3.847461,16,2.017851,-0.699506,3.828804,0.370188,16,1.206651,3.851855,16,2.238700,1.143265,3.487691,0.281625,16,0,0,0,0,,0,0,,,,,100.000000,0,0,,,,,,,16,0,30,30,30,,0,30,0.000000,0.000000,,,87.500000,0,1,,1005.000000,,,1035.000000,,35.296915,35.740674,34.597409,99.576009,100.000000,100.000000,9,9.000000,9.000000,9.000000,19.000000,7.130000,19.000000,0.000000,100.000000,100.000000,100.000000
VA643_EB,AM,12,1.155670,3.668022,12,1.307326,0.536489,3.652633,0.670234,12,1.192986,3.758220,12,1.461530,0.520687,3.770577,0.683537,12,0.872639,2.797584,12,1.218732,0.015801,2.713425,0.701030,12,120,75,-45,45,37.500000,75,120,62.500000,100.000000,62.500000,76.923077,75.000000,1,1,420.000000,465.000000,45.000000,540.000000,540.000000,0.000000,12,120,90,-30,30,25.000000,90,120,75.000000,100.000000,75.000000,85.714286,83.333333,1,2,420.000000,435.000000,15.000000,540.000000,540.000000,0.000000,31.639357,32.175845,32.160044,100.000000,100.000000,100.000000,5,5.000000,5.000000,3.000000,12.000000,7.870000,12.000000,0.000000,100.000000,100.000000,60.000000
VA643_EB,MD,20,1.044351,3.297467,20,1.142939,-1.044351,3.320262,0.461046,20,1.852292,5.862078,20,2.192451,1.195093,5.888914,0.082353,24,2.496135,7.372360,24,2.986112,-2.334691,7.623493,0.172005,20,165,300,135,135,81.818182,165,300,55.000000,55.000000,100.000000,70.967742,55.000000,3,3,540.000000,540.000000,0.000000,900.000000,900.000000,0.000000,20,165,105,-60,60,36.363636,75,195,38.461538,71.428571,45.454545,55.555556,60.000000,3,3,540.000000,540.000000,0.000000,900.000000,900.000000,0.000000,31.453878,30.407972,32.742663,95.104096,100.000000,100.000000,5,5.000000,5.000000,3.000000,12.000000,7.870000,12.000000,0.000000,100.000000,100.000000,60.000000
VA643_EB,PM,16,0.891650,2.933269,16,1.058365,-0.812811,2.929198,0.491568,16,0.501003,1.649671,16,0.626429,-0.217509,1.645868,0.544763,16,0.615928,2.034944,16,0.784001,-0.595302,2.037975,0.691915,16,240,225,-15,15,6.250000,225,240,93.750000,100.000000,93.750000,96.774194,93.750000,1,1,900.000000,900.000000,0.000000,1140.000000,1125.000000,-15.000000,16,240,225,-15,15,6.250000,225,240,93.750000,100.000000,93.750000,96.774194,93.750000,1,1,900.000000,900.000000,0.000000,1140.000000,1125.000000,-15.000000,30.440068,29.627257,30.222559,100.000000,100.000000,100.000000,5,5.000000,5.000000,3.000000,12.000000,7.870000,12.000000,0.000000,100.000000,100.000000,60.000000
VA643_NB,AM,12,1.034087,3.000390,12,1.096614,-1.034087,3.002908,0.912674,12,1.472617,4.290413,12,1.665033,0.571919,4.276365,0.276867,12,1.753248,4.901777,12,2.163324,-1.606006,5.008117,0.364314,12,0,0,0,0,,0,0,,,,,100.000000,0,0,,,,,,,12,0,0,0,0,,0,0,,,,,100.000000,0,0,,,,,,,34.436199,33.402111,35.008117,97.199373,100.000000,100.000000,11,11.000000,11.000000,10.000000,27.000000,12.750000,27.000000,0.000000,100.000000,100.000000,90.909091
VA643_NB,MD,24,1.469456,4.342120,24,1.495159,-1.469456,4.348465,0.197972,24,1.894939,5.595214,24,2.221560,1.172696,5.607568,0.070916,24,2.715480,7.499582,24,3.276244,-2.642153,7.766229,0.009146,24,0,0,0,0,,0,0,,,,,100.000000,0,0,,,,,,,24,0,0,0,0,,0,0,,,,,100.000000,0,0,,,,,,,33.792534,32.323077,34.965230,97.695874,100.000000,100.000000,11,11.000000,11.000000,10.000000,27.000000,12.750000,27.000000,0.000000,100.000000,100.000000,90.909091
VA643_NB,PM,16,1.069723,3.155765,16,1.114503,-1.069723,3.161418,0.730048,16,1.050076,3.120917,16,1.400249,-0.780111,3.103355,0.335952,16,1.013291,3.105329,16,1.221539,-0.289612,3.065313,0.311698,16,0,0,0,0,,0,0,,,,,100.000000,0,0,,,,,,,16,0,30,30,30,,0,30,0.000000,0.000000,,,87.500000,0,1,,1005.000000,,,1035.000000,,33.836797,32.767074,33.056686,98.993376,100.000000,100.000000,11,11.000000,11.000000,10.000000,27.000000,12.750000,27.000000,0.000000,100.000000,100.000000,90.909091
VA643_SB,AM,12,0.748777,2.100364,12,0.790693,-0.748777,2.109751,0.960082,12,1.059329,3.015404,12,1.394399,-0.218193,2.984760,0.490894,12,1.277139,3.669148,12,1.490953,-0.530584,3.620720,0.488414,12,0,0,0,0,,0,0,,,,,100.000000,0,0,,,,,,,12,0,15,15,15,,0,15,0.000000,0.000000,,,91.666667,0,1,,450.000000,,,465.000000,,35.491257,34.742479,35.273063,99.962472,100.000000,100.000000,11,11.000000,11.000000,10.000000,27.000000,12.750000,27.000000,0.000000,100.000000,100.000000,90.909091
VA643_SB,MD,24,1.038004,3.048547,24,1.079138,-1.038004,3.047615,0.510530,24,1.435426,4.208703,24,1.666026,0.688471,4.214458,0.183791,24,1.988034,5.602706,24,2.340612,-1.726475,5.721288,0.042431,24,0,0,0,0,,0,0,,,,,100.000000,0,0,,,,,,,24,0,15,15,15,,0,15,0.000000,0.000000,,,95.833333,0,1,,720.000000,,,735.000000,,34.059551,33.021547,34.748022,99.603552,100.000000,100.000000,11,11.000000,11.000000,10.000000,27.000000,12.750000,27.000000,0.000000,100.000000,100.000000,90.909091
VA643_SB,PM,16,1.462658,4.317682,16,1.567843,-1.462658,4.327142,0.212481,16,0.998617,2.962768,16,1.379241,-0.349305,2.954318,0.046604,16,1.476653,4.379914,16,1.705564,-1.113353,4.414161,0.096852,16,0,30,30,30,,0,30,0.000000,0.000000,,,87.500000,0,1,,1035.000000,,,1065.000000,,16,0,30,30,30,,0,30,0.000000,0.000000,,,87.500000,0,1,,1005.000000,,,1035.000000,,33.801939,32.339281,33.452634,98.280490,100.000000,100.000000,11,11.000000,11.000000,10.000000,27.000000,12.750000,27.000000,0.000000,100.000000,100.000000,90.909091
VA643_WB,AM,12,0.410142,1.247799,12,0.499900,0.196625,1.235471,0.797465,12,1.115512,3.364154,12,1.323136,0.584398,3.360259,0.203441,12,1.026349,3.062899,12,1.221403,-0.387773,3.038187,0.272631,12,0,30,30,30,,0,30,0.000000,0.000000,,,83.333333,0,1,,510.000000,,,540.000000,,12,0,15,15,15,,0,15,0.000000,0.000000,,,91.666667,0,1,,450.000000,,,465.000000,,33.197210,33.393835,33.781609,100.000000,100.000000,100.000000,5,5.000000,5.000000,3.000000,11.000000,7.410000,11.000000,0.000000,100.000000,100.000000,60.000000
VA643_WB,MD,24,1.141478,3.529654,24,1.212610,-1.141478,3.542546,0.000242,24,1.593907,4.934357,24,1.934412,0.914020,4.946647,0.070022,24,2.306438,6.785571,24,2.704495,-2.055498,6.960523,0.008657,24,15,360,345,345,2300.000000,15,360,4.166667,4.166667,100.000000,8.000000,4.166667,1,1,870.000000,540.000000,-330.000000,885.000000,900.000000,15.000000,24,15,75,60,60,400.000000,15,75,20.000000,20.000000,100.000000,33.333333,83.333333,1,3,870.000000,540.000000,-330.000000,885.000000,900.000000,15.000000,32.221963,31.080485,33.135983,100.000000,100.000000,100.000000,5,5.000000,5.000000,3.000000,11.000000,7.410000,11.000000,0.000000,100.000000,100.000000,60.000000
VA643_WB,PM,14,1.281247,4.196030,14,1.600574,-1.281247,4.149050,0.838993,14,1.324913,4.346798,14,1.734631,-1.023533,4.290453,0.806769,16,0.491532,1.640990,16,0.603578,-0.260372,1.639186,0.946242,14,180,210,30,30,16.666667,180,210,85.714286,85.714286,100.000000,92.307692,85.714286,2,2,900.000000,900.000000,0.000000,1110.000000,1140.000000,30.000000,14,180,135,-45,45,25.000000,135,180,75.000000,100.000000,75.000000,85.714286,78.571429,2,2,900.000000,900.000000,0.000000,1110.000000,1065.000000,-45.000000,30.880504,29.725956,29.986329,94.849404,100.000000,100.000000,5,5.000000,5.000000,3.000000,11.000000,7.410000,11.000000,0.000000,100.000000,100.000000,60.000000
VA644_EB,AM,10,0.642556,2.002388,10,0.814015,0.281579,1.951058,0.875246,10,0.760180,2.374685,10,1.103722,0.547938,2.308212,0.732552,12,1.038311,3.144189,12,1.225371,-0.409575,3.105448,0.524282,10,45,0,-45,45,100.000000,0,45,0.000000,,0.000000,,70.000000,2,0,435.000000,,,510.000000,,,10,45,30,-15,15,33.333333,30,45,66.666667,100.000000,66.666667,80.000000,90.000000,2,1,435.000000,435.000000,0.000000,510.000000,495.000000,-15.000000,32.933729,33.025562,33.435137,94.592563,100.000000,100.000000,13,13.000000,13.000000,13.000000,45.000000,11.870000,45.000000,0.000000,100.000000,100.000000,100.000000
VA644_EB,MD,24,1.122430,3.488894,24,1.219996,-1.122430,3.512132,0.672669,24,2.338432,7.265030,24,2.902474,2.191803,7.317054,0.414836,24,3.314233,9.311123,24,4.010162,-3.314233,9.704800,0.061399,24,75,270,195,195,260.000000,75,270,27.777778,27.777778,100.000000,43.478261,45.833333,1,1,825.000000,630.000000,-195.000000,900.000000,900.000000,0.000000,24,75,60,-15,15,20.000000,45,90,50.000000,75.000000,60.000000,66.666667,87.500000,1,2,825.000000,720.000000,-105.000000,900.000000,900.000000,0.000000,31.958648,30.836218,34.150451,100.000000,100.000000,100.000000,13,13.000000,13.000000,13.000000,45.000000,11.870000,45.000000,0.000000,100.000000,100.000000,100.000000
VA644_EB,PM,16,0.618369,2.078973,16,0.820066,-0.569365,2.056364,0.808364,16,0.579475,1.944676,16,0.735096,-0.230667,1.927022,0.735297,16,0.407780,1.367640,16,0.496406,-0.338698,1.366538,0.910423,16,225,210,-15,15,6.666667,210,225,93.333333,100.000000,93.333333,96.551724,93.750000,1,1,900.000000,900.000000,0.000000,1125.000000,1110.000000,-15.000000,16,225,195,-30,30,13.333333,195,225,86.666667,100.000000,86.666667,92.857143,87.500000,1,1,900.000000,900.000000,0.000000,1125.000000,1095.000000,-30.000000,30.071000,29.501636,29.840333,100.000000,100.000000,100.000000,13,13.000000,13.000000,13.000000,45.000000,11.870000,45.000000,0.000000,100.000000,100.000000,100.000000
VA644_WB,AM,11,1.778522,5.765483,11,2.087551,1.778522,5.630705,0.712272,11,2.338057,7.507762,11,2.615671,2.338057,7.402162,0.692496,12,0.916442,2.699407,12,1.039583,-0.518861,2.689554,0.794927,11,105,45,-60,60,57.142857,45,105,42.857143,100.000000,42.857143,60.000000,63.636364,1,1,435.000000,495.000000,60.000000,540.000000,540.000000,0.000000,11,105,15,-90,90,85.714286,15,105,14.285714,100.000000,14.285714,25.000000,45.454545,1,1,435.000000,525.000000,90.000000,540.000000,540.000000,0.000000,31.586134,33.555270,34.074131,93.820339,100.000000,100.000000,13,13.000000,13.000000,13.000000,45.000000,11.870000,45.000000,0.000000,100.000000,100.000000,100.000000
VA644_WB,MD,24,1.093688,3.421648,24,1.202970,-0.960843,3.457280,0.664453,24,1.656574,5.214975,24,1.994695,1.526503,5.236632,0.506880,24,2.487346,7.254809,24,3.005596,-2.487346,7.500851,0.131972,24,105,360,255,255,242.857143,105,360,29.166667,29.166667,100.000000,45.161290,29.166667,2,1,540.000000,540.000000,0.000000,900.000000,900.000000,0.000000,24,105,90,-15,15,14.285714,60,135,44.444444,66.666667,57.142857,61.538462,79.166667,2,3,540.000000,540.000000,0.000000,900.000000,900.000000,0.000000,31.634348,30.673505,33.160851,99.301506,100.000000,100.000000,13,13.000000,13.000000,13.000000,45.000000,11.870000,45.000000,0.000000,100.000000,100.000000,100.000000
VA644_WB,PM,16,0.648909,2.182689,16,0.757013,-0.323746,2.173766,0.512413,16,0.639158,2.150619,16,0.864015,0.099879,2.141103,0.438838,16,0.582481,1.943368,16,0.672902,-0.423624,1.944736,0.787868,16,240,240,0,0,0.000000,240,240,100.000000,100.000000,100.000000,100.000000,100.000000,1,1,900.000000,900.000000,0.000000,1140.000000,1140.000000,0.000000,16,240,210,-30,30,12.500000,210,240,87.500000,100.000000,87.500000,93.333333,87.500000,1,2,900.000000,900.000000,0.000000,1140.000000,1140.000000,0.000000,29.851808,29.528062,29.951687,99.588279,100.000000,100.000000,13,13.000000,13.000000,13.000000,45.000000,11.870000,45.000000,0.000000,100.000000,100.000000,100.000000
VA645_NB,AM,11,1.404671,4.266739,11,1.593288,1.404671,4.199149,0.736042,11,1.689730,5.067392,11,1.999418,1.689730,5.051310,0.625285,12,1.099605,3.151253,12,1.334612,-0.413469,3.126424,0.424120,11,15,0,-15,15,100.000000,0,15,0.000000,,0.000000,,90.909091,1,0,465.000000,,,495.000000,,,11,15,0,-15,15,100.000000,0,15,0.000000,,0.000000,,90.909091,1,0,465.000000,,,495.000000,,,33.451319,34.757868,35.171338,95.856534,100.000000,100.000000,19,19.000000,19.000000,15.000000,44.000000,19.380000,44.000000,0.000000,100.000000,100.000000,78.947368
VA645_NB,MD,24,1.320052,3.938311,24,1.449814,-1.301678,3.943871,0.227635,24,2.027956,6.036682,24,2.584060,1.924207,6.058851,0.329267,24,3.225885,8.850621,24,3.778669,-3.225885,9.113913,0.027902,24,0,180,180,180,,0,180,0.000000,0.000000,,,50.000000,0,1,,720.000000,,,900.000000,,24,0,15,15,15,,0,15,0.000000,0.000000,,,95.833333,0,1,,885.000000,,,900.000000,,33.470964,32.169286,35.395171,99.882350,100.000000,100.000000,19,19.000000,19.000000,15.000000,44.000000,19.380000,44.000000,0.000000,100.000000,100.000000,78.947368
VA645_NB,PM,16,0.393817,1.281187,16,0.472268,0.338264,1.270814,0.719089,16,1.802372,5.845719,16,2.035045,1.797741,5.816099,0.046333,16,1.459477,4.390334,16,1.738704,-1.459477,4.451375,0.023793,16,225,195,-30,30,13.333333,195,225,86.666667,100.000000,86.666667,92.857143,87.500000,1,1,900.000000,900.000000,0.000000,1125.000000,1095.000000,-30.000000,16,225,45,-180,180,80.000000,45,225,20.000000,100.000000,20.000000,33.333333,25.000000,1,2,900.000000,900.000000,0.000000,1125.000000,1035.000000,-90.000000,30.989371,31.327635,32.787112,98.808400,100.000000,100.000000,19,19.000000,19.000000,15.000000,44.000000,19.380000,44.000000,0.000000,100.000000,100.000000,78.947368
VA645_SB,AM,12,0.442496,1.338529,12,0.651725,0.340555,1.307760,0.826592,12,1.436685,4.252366,12,1.746411,1.436685,4.246003,0.599193,12,1.441067,4.035799,12,1.663379,-1.096131,4.085482,0.363738,12,0,0,0,0,,0,0,,,,,100.000000,0,0,,,,,,,12,0,0,0,0,,0,0,,,,,100.000000,0,0,,,,,,,33.836183,34.176738,35.272868,97.325867,100.000000,100.000000,19,19.000000,19.000000,18.000000,43.000000,17.950000,43.000000,0.000000,100.000000,100.000000,94.736842
VA645_SB,MD,24,1.166054,3.428661,24,1.243584,-1.166054,3.441800,0.199238,24,2.410310,7.080837,24,3.026760,2.266292,7.114424,0.370762,24,3.432347,9.146654,24,4.096118,-3.432347,9.495918,0.019817,24,0,0,0,0,,0,0,,,,,100.000000,0,0,,,,,,,24,0,0,0,0,,0,0,,,,,100.000000,0,0,,,,,,,33.879203,32.713149,36.145496,98.995528,100.000000,100.000000,19,19.000000,19.000000,18.000000,43.000000,17.950000,43.000000,0.000000,100.000000,100.000000,94.736842
VA645_SB,PM,16,0.270652,0.849423,16,0.309788,0.114525,0.847869,0.825231,16,1.283191,4.031193,16,1.556663,1.228248,4.019839,0.194156,16,1.180590,3.503923,16,1.433932,-1.113722,3.561389,0.244270,16,90,75,-15,15,16.666667,75,90,83.333333,100.000000,83.333333,90.909091,93.750000,1,1,990.000000,1005.000000,15.000000,1080.000000,1080.000000,0.000000,16,90,30,-60,60,66.666667,30,90,33.333333,100.000000,33.333333,50.000000,75.000000,1,1,990.000000,1005.000000,15.000000,1080.000000,1035.000000,-45.000000,31.921450,32.035976,33.149698,99.549560,100.000000,100.000000,19,19.000000,19.000000,18.000000,43.000000,17.950000,43.000000,0.000000,100.000000,100.000000,94.736842
VA647_EB,AM,12,1.416363,4.204279,12,1.546757,-1.416363,4.221306,0.000642,12,2.689799,8.021623,12,3.264845,2.102969,8.016632,0.002631,12,3.519332,9.444083,12,4.291758,-3.519332,9.870320,0.019729,12,0,0,0,0,,0,0,,,,,100.000000,0,0,,,,,,,12,0,0,0,0,,0,0,,,,,100.000000,0,0,,,,,,,33.552735,32.136372,35.655704,100.000000,100.000000,100.000000,2,2.000000,2.000000,0.000000,3.000000,3.780000,3.000000,0.000000,100.000000,100.000000,0.000000
VA647_EB,MD,24,1.546886,4.575097,24,1.604154,-1.546886,4.580466,0.261195,24,0.846675,2.504761,24,1.059718,0.075025,2.507079,0.088257,24,1.621912,4.702525,24,1.942269,-1.621912,4.791977,0.080041,24,0,0,0,0,,0,0,,,,,100.000000,0,0,,,,,,,24,0,0,0,0,,0,0,,,,,100.000000,0,0,,,,,,,33.771378,32.224491,33.846403,100.000000,100.000000,100.000000,2,2.000000,2.000000,0.000000,3.000000,3.780000,3.000000,0.000000,100.000000,100.000000,0.000000
VA647_EB,PM,16,1.610471,4.655466,16,1.623808,-1.610471,4.658713,0.000834,16,2.062767,5.965823,16,2.498256,1.360387,5.967099,0.002203,16,2.970858,7.962115,16,3.623558,-2.970858,8.268600,0.001589,16,0,0,0,0,,0,0,,,,,100.000000,0,0,,,,,,,16,0,0,0,0,,0,0,,,,,100.000000,0,0,,,,,,,34.569004,32.958533,35.929391,100.000000,100.000000,100.000000,2,2.000000,2.000000,0.000000,3.000000,3.780000,3.000000,0.000000,100.000000,100.000000,0.000000
VA647_WB,AM,12,2.190908,6.223580,12,2.368739,-2.190908,6.169855,0.853303,12,1.804124,5.099770,12,2.192800,0.796268,5.080625,0.441133,12,2.987176,7.958638,12,3.649907,-2.987176,8.227743,0.342897,12,0,45,45,45,,0,45,0.000000,0.000000,,,75.000000,0,1,,495.000000,,,540.000000,,12,0,15,15,15,,0,15,0.000000,0.000000,,,91.666667,0,1,,525.000000,,,540.000000,,35.509874,33.318967,36.306143,100.000000,100.000000,100.000000,3,3.000000,3.000000,0.000000,4.000000,4.380000,4.000000,0.000000,100.000000,100.000000,0.000000
VA647_WB,MD,24,3.144542,9.325200,24,3.160307,-3.144542,9.331837,0.145276,24,3.188334,9.475876,24,3.651158,1.443972,9.461797,0.299446,24,4.588513,12.346969,24,5.567469,-4.588513,13.057475,0.004003,24,0,360,360,360,,0,360,0.000000,0.000000,,,0.000000,0,1,,540.000000,,,900.000000,,24,0,75,75,75,,0,75,0.000000,0.000000,,,79.166667,0,2,,540.000000,,,900.000000,,33.696924,30.552382,35.140895,100.000000,100.000000,100.000000,3,3.000000,3.000000,0.000000,4.000000,4.380000,4.000000,0.000000,100.000000,100.000000,0.000000
VA647_WB,PM,16,2.371984,7.057581,16,2.482001,-2.371984,7.076709,0.583260,16,1.682204,5.007339,16,1.939648,-0.617846,5.018780,0.363475,16,1.754138,5.161130,16,2.147692,-1.754138,5.331671,0.793972,16,0,180,180,180,,0,180,0.000000,0.000000,,,25.000000,0,2,,900.000000,,,1140.000000,,16,0,75,75,75,,0,75,0.000000,0.000000,,,68.750000,0,2,,900.000000,,,1140.000000,,33.518178,31.146194,32.900332,100.000000,100.000000,100.000000,3,3.000000,3.000000,0.000000,4.000000,4.380000,4.000000,0.000000,100.000000,100.000000,0.000000
VA648_EB,AM,11,0.166059,0.596971,11,0.207697,-0.069606,0.603496,0.971875,11,3.955654,14.542646,11,4.517447,3.954932,14.375741,0.008821,12,3.710449,11.532688,12,4.319738,-3.710449,11.966505,0.175922,11,165,165,0,0,0.000000,165,165,100.000000,100.000000,100.000000,100.000000,100.000000,1,1,360.000000,360.000000,0.000000,525.000000,525.000000,0.000000,11,165,90,-75,75,45.454545,90,165,54.545455,100.000000,54.545455,70.588235,54.545455,1,3,360.000000,360.000000,0.000000,525.000000,525.000000,0.000000,27.516174,27.296511,31.006961,95.201061,100.000000,100.000000,3,3.000000,3.000000,3.000000,12.000000,3.100000,12.000000,0.000000,100.000000,100.000000,100.000000
VA648_EB,MD,23,1.027198,3.826741,23,1.097990,-1.027198,3.846648,0.081743,23,4.230381,15.779658,23,4.984044,4.191162,15.841914,0.321267,24,5.003655,15.468518,24,5.842332,-5.003655,16.310048,0.002780,23,345,345,0,0,0.000000,345,345,100.000000,100.000000,100.000000,100.000000,100.000000,1,1,555.000000,555.000000,0.000000,900.000000,900.000000,0.000000,23,345,180,-165,165,47.826087,180,345,52.173913,100.000000,52.173913,68.571429,52.173913,1,3,555.000000,555.000000,0.000000,900.000000,900.000000,0.000000,26.703722,25.674703,30.678358,97.600531,100.000000,100.000000,3,3.000000,3.000000,3.000000,12.000000,3.100000,12.000000,0.000000,100.000000,100.000000,100.000000
VA648_EB,PM,16,0.261676,1.020213,16,0.326951,-0.065467,1.025397,0.763012,16,0.573629,2.244883,16,0.681287,0.055598,2.247806,0.226706,16,0.479029,1.872219,16,0.553774,-0.121065,1.873029,0.400094,16,240,240,0,0,0.000000,240,240,100.000000,100.000000,100.000000,100.000000,100.000000,1,1,900.000000,900.000000,0.000000,1140.000000,1140.000000,0.000000,16,240,240,0,0,0.000000,240,240,100.000000,100.000000,100.000000,100.000000,100.000000,1,1,900.000000,900.000000,0.000000,1140.000000,1140.000000,0.000000,25.519517,25.454050,25.575115,98.467180,100.000000,100.000000,3,3.000000,3.000000,3.000000,12.000000,3.100000,12.000000,0.000000,100.000000,100.000000,100.000000
VA648_WB,AM,12,1.346696,4.829717,12,1.545191,1.340280,4.776716,0.732901,12,3.894932,14.034049,12,4.544008,3.894932,13.815280,0.033525,12,2.554653,7.736219,12,3.032799,-2.554653,7.961430,0.407165,12,180,180,0,0,0.000000,180,180,100.000000,100.000000,100.000000,100.000000,100.000000,1,1,360.000000,360.000000,0.000000,540.000000,540.000000,0.000000,12,180,60,-120,120,66.666667,60,180,33.333333,100.000000,33.333333,50.000000,33.333333,1,2,360.000000,450.000000,90.000000,540.000000,540.000000,0.000000,28.192928,29.533208,32.087860,100.000000,100.000000,100.000000,3,3.000000,3.000000,3.000000,12.000000,3.100000,12.000000,0.000000,100.000000,100.000000,100.000000
VA648_WB,MD,24,0.312321,1.176766,24,0.445358,0.148235,1.168257,0.006300,24,3.672357,13.743310,24,4.307759,3.635478,13.736677,0.005233,24,3.488353,10.984918,24,4.154014,-3.487243,11.486394,0.059552,24,360,360,0,0,0.000000,360,360,100.000000,100.000000,100.000000,100.000000,100.000000,1,1,540.000000,540.000000,0.000000,900.000000,900.000000,0.000000,24,360,225,-135,135,37.500000,225,360,62.500000,100.000000,62.500000,76.923077,62.500000,1,3,540.000000,540.000000,0.000000,900.000000,900.000000,0.000000,26.733956,26.882191,30.369434,100.000000,100.000000,100.000000,3,3.000000,3.000000,3.000000,12.000000,3.100000,12.000000,0.000000,100.000000,100.000000,100.000000
VA648_WB,PM,16,0.448456,1.642139,16,0.565987,-0.316611,1.634068,0.639217,16,0.761920,2.780173,16,0.971026,0.735037,2.776257,0.413309,16,1.051648,3.713809,16,1.171800,-1.051648,3.732005,0.630085,16,240,240,0,0,0.000000,240,240,100.000000,100.000000,100.000000,100.000000,100.000000,1,1,900.000000,900.000000,0.000000,1140.000000,1140.000000,0.000000,16,240,240,0,0,0.000000,240,240,100.000000,100.000000,100.000000,100.000000,100.000000,1,1,900.000000,900.000000,0.000000,1140.000000,1140.000000,0.000000,27.444145,27.127533,28.179182,98.476016,100.000000,100.000000,3,3.000000,3.000000,3.000000,12.000000,3.100000,12.000000,0.000000,100.000000,100.000000,100.000000
VA649_NB,AM,10,0.802569,3.071991,10,0.949792,0.309912,3.121403,0.905432,10,2.797679,10.791149,10,3.114309,2.773289,10.880914,0.713401,12,2.139106,7.416088,12,2.432328,-2.139106,7.412925,0.790915,10,150,150,0,0,0.000000,150,150,100.000000,100.000000,100.000000,100.000000,100.000000,1,1,390.000000,390.000000,0.000000,540.000000,540.000000,0.000000,10,150,120,-30,30,20.000000,120,150,80.000000,100.000000,80.000000,88.888889,80.000000,1,1,390.000000,420.000000,30.000000,540.000000,540.000000,0.000000,25.711805,26.717326,28.856432,94.682165,100.000000,100.000000,4,4.000000,4.000000,4.000000,8.000000,3.160000,8.000000,0.000000,100.000000,100.000000,100.000000
VA649_NB,MD,24,0.755018,2.837804,24,0.823012,-0.655946,2.848246,0.512933,24,0.456226,1.725525,24,0.533242,0.180039,1.721077,0.568143,24,0.835985,3.088767,24,1.009334,-0.835985,3.132414,0.389128,24,360,360,0,0,0.000000,360,360,100.000000,100.000000,100.000000,100.000000,100.000000,1,1,540.000000,540.000000,0.000000,900.000000,900.000000,0.000000,24,360,360,0,0,0.000000,360,360,100.000000,100.000000,100.000000,100.000000,100.000000,1,1,540.000000,540.000000,0.000000,900.000000,900.000000,0.000000,26.508170,25.852224,26.688210,100.000000,100.000000,100.000000,4,4.000000,4.000000,4.000000,8.000000,3.160000,8.000000,0.000000,100.000000,100.000000,100.000000
VA649_NB,PM,16,0.683269,2.671407,16,0.814617,0.665995,2.639678,0.021128,16,3.839996,14.974229,16,4.415486,3.838922,14.835079,0.655659,16,3.172927,10.345885,16,3.637607,-3.172927,10.674815,0.001011,16,240,240,0,0,0.000000,240,240,100.000000,100.000000,100.000000,100.000000,100.000000,1,1,900.000000,900.000000,0.000000,1140.000000,1140.000000,0.000000,16,240,180,-60,60,25.000000,180,240,75.000000,100.000000,75.000000,85.714286,75.000000,1,3,900.000000,900.000000,0.000000,1140.000000,1140.000000,0.000000,25.884565,26.550560,29.723487,100.000000,100.000000,100.000000,4,4.000000,4.000000,4.000000,8.000000,3.160000,8.000000,0.000000,100.000000,100.000000,100.000000
VA649_SB,AM,12,0.281061,1.048522,12,0.341583,0.141830,1.033095,0.961236,12,4.053022,14.987740,12,4.767033,4.044158,14.897681,0.013697,12,3.902328,11.974701,12,4.565941,-3.902328,12.487497,0.072648,12,180,180,0,0,0.000000,180,180,100.000000,100.000000,100.000000,100.000000,100.000000,1,1,360.000000,360.000000,0.000000,540.000000,540.000000,0.000000,12,180,105,-75,75,41.666667,105,180,58.333333,100.000000,58.333333,73.684211,58.333333,1,3,360.000000,360.000000,0.000000,540.000000,540.000000,0.000000,27.205721,27.347551,31.249879,100.000000,100.000000,100.000000,5,5.000000,5.000000,4.000000,9.000000,3.300000,9.000000,0.000000,100.000000,100.000000,80.000000
VA649_SB,MD,22,1.000428,3.742242,22,1.058605,-1.000428,3.748389,0.601795,22,3.350070,12.510284,22,3.866999,3.248329,12.551988,0.320689,24,4.077446,13.179795,24,4.698570,-4.077446,13.728014,0.041987,22,330,330,0,0,0.000000,330,330,100.000000,100.000000,100.000000,100.000000,100.000000,2,2,540.000000,540.000000,0.000000,900.000000,900.000000,0.000000,22,330,225,-105,105,31.818182,225,330,68.181818,100.000000,68.181818,81.081081,68.181818,2,4,540.000000,540.000000,0.000000,900.000000,900.000000,0.000000,26.689558,25.624202,29.701648,98.068198,100.000000,100.000000,5,5.000000,5.000000,4.000000,9.000000,3.300000,9.000000,0.000000,100.000000,100.000000,80.000000
VA649_SB,PM,16,1.080332,4.992321,16,1.205874,-0.227322,4.976484,0.598814,16,2.541408,12.111122,16,2.861217,2.518115,11.706837,0.140778,16,2.745437,11.436595,16,3.087012,-2.745437,11.332203,0.678636,16,240,240,0,0,0.000000,240,240,100.000000,100.000000,100.000000,100.000000,100.000000,1,1,900.000000,900.000000,0.000000,1140.000000,1140.000000,0.000000,16,240,240,0,0,0.000000,240,240,100.000000,100.000000,100.000000,100.000000,100.000000,1,1,900.000000,900.000000,0.000000,1140.000000,1140.000000,0.000000,21.708746,21.481424,24.226861,100.000000,100.000000,100.000000,5,5.000000,5.000000,4.000000,9.000000,3.300000,9.000000,0.000000,100.000000,100.000000,80.000000
VA650_NB,AM,12,1.054218,3.995291,12,1.307952,0.960345,3.933202,0.858631,12,2.236191,8.493119,12,2.566026,2.173068,8.343046,0.687126,12,1.212724,4.162129,12,1.388255,-1.212724,4.185252,0.914805,12,180,180,0,0,0.000000,180,180,100.000000,100.000000,100.000000,100.000000,100.000000,1,1,360.000000,360.000000,0.000000,540.000000,540.000000,0.000000,12,180,150,-30,30,16.666667,150,180,83.333333,100.000000,83.333333,90.909091,83.333333,1,2,360.000000,360.000000,0.000000,540.000000,540.000000,0.000000,26.803046,27.763391,28.976115,100.000000,100.000000,100.000000,11,11.000000,11.000000,10.000000,40.000000,7.280000,40.000000,0.000000,100.000000,100.000000,90.909091
VA650_NB,MD,24,1.467783,5.842545,24,1.713084,-1.467783,5.884623,0.141151,24,1.031567,4.146748,24,1.281786,0.452608,4.135751,0.137342,24,1.920392,7.399386,24,2.174635,-1.920392,7.561998,0.390891,24,360,360,0,0,0.000000,360,360,100.000000,100.000000,100.000000,100.000000,100.000000,1,1,540.000000,540.000000,0.000000,900.000000,900.000000,0.000000,24,360,360,0,0,0.000000,360,360,100.000000,100.000000,100.000000,100.000000,100.000000,1,1,540.000000,540.000000,0.000000,900.000000,900.000000,0.000000,24.942686,23.474903,25.395294,100.000000,100.000000,100.000000,11,11.000000,11.000000,10.000000,40.000000,7.280000,40.000000,0.000000,100.000000,100.000000,90.909091
VA650_NB,PM,16,0.300400,1.235843,16,0.425609,-0.300400,1.227350,0.868882,16,1.258403,5.171665,16,1.425251,1.241033,5.141471,0.318592,16,1.541433,5.951891,16,1.732716,-1.541433,5.993930,0.267506,16,240,240,0,0,0.000000,240,240,100.000000,100.000000,100.000000,100.000000,100.000000,1,1,900.000000,900.000000,0.000000,1140.000000,1140.000000,0.000000,16,240,240,0,0,0.000000,240,240,100.000000,100.000000,100.000000,100.000000,100.000000,1,1,900.000000,900.000000,0.000000,1140.000000,1140.000000,0.000000,24.475537,24.175136,25.716569,98.929238,100.000000,100.000000,11,11.000000,11.000000,10.000000,40.000000,7.280000,40.000000,0.000000,100.000000,100.000000,90.909091
VA650_SB,AM,11,0.860868,3.166905,11,1.003557,0.860868,3.113119,0.830790,11,3.230243,11.792808,11,3.514518,3.230243,11.681391,0.209299,12,2.186765,6.976181,12,2.583521,-2.186765,7.164645,0.421818,11,165,165,0,0,0.000000,165,165,100.000000,100.000000,100.000000,100.000000,100.000000,1,1,360.000000,360.000000,0.000000,525.000000,525.000000,0.000000,11,165,105,-60,60,36.363636,105,165,63.636364,100.000000,63.636364,77.777778,63.636364,1,3,360.000000,360.000000,0.000000,525.000000,525.000000,0.000000,27.652896,28.334845,30.521610,98.145621,100.000000,100.000000,11,11.000000,11.000000,8.000000,37.000000,6.800000,37.000000,0.000000,100.000000,100.000000,72.727273
VA650_SB,MD,23,0.798509,3.054861,23,0.864164,-0.798509,3.072354,0.853019,23,2.514637,9.620646,23,2.874223,2.514637,9.675350,0.512734,24,3.177532,10.849105,24,3.618861,-3.177532,11.182497,0.153020,23,345,345,0,0,0.000000,345,345,100.000000,100.000000,100.000000,100.000000,100.000000,1,1,555.000000,555.000000,0.000000,900.000000,900.000000,0.000000,23,345,345,0,0,0.000000,345,345,100.000000,100.000000,100.000000,100.000000,100.000000,1,1,555.000000,555.000000,0.000000,900.000000,900.000000,0.000000,25.990139,25.237696,28.415228,98.571945,100.000000,100.000000,11,11.000000,11.000000,8.000000,37.000000,6.800000,37.000000,0.000000,100.000000,100.000000,72.727273
VA650_SB,PM,16,1.129887,5.186240,16,1.314985,-0.915088,5.065730,0.906341,16,0.898039,4.092486,16,0.981154,0.898039,4.026261,0.897670,16,1.813127,7.974182,16,2.159670,-1.813127,7.814338,0.808108,16,240,240,0,0,0.000000,240,240,100.000000,100.000000,100.000000,100.000000,100.000000,1,1,900.000000,900.000000,0.000000,1140.000000,1140.000000,0.000000,16,240,240,0,0,0.000000,240,240,100.000000,100.000000,100.000000,100.000000,100.000000,1,1,900.000000,900.000000,0.000000,1140.000000,1140.000000,0.000000,22.304529,21.389440,23.202567,99.248702,100.000000,100.000000,11,11.000000,11.000000,8.000000,37.000000,6.800000,37.000000,0.000000,100.000000,100.000000,72.727273
VA659_NB,AM,12,0.451549,1.146896,12,0.631051,-0.401055,1.158826,0.827085,12,2.106492,5.473168,12,3.047746,-2.106492,5.405958,0.489602,12,1.812141,5.464583,12,3.014061,1.705437,4.916330,0.261347,12,0,0,0,0,,0,0,,,,,100.000000,0,0,,,,,,,12,0,30,30,30,,0,30,0.000000,0.000000,,,83.333333,0,1,,435.000000,,,465.000000,,38.966122,38.565067,36.859629,99.447528,100.000000,100.000000,12,12.000000,12.000000,9.000000,34.000000,18.030000,34.000000,0.000000,100.000000,100.000000,75.000000
VA659_NB,MD,24,1.960218,4.962275,24,1.994588,-1.960218,4.970193,0.087026,24,2.232535,5.632023,24,3.441752,-2.232535,5.660659,0.105176,24,1.791196,5.132267,24,2.486053,0.272316,4.814145,0.000635,24,0,0,0,0,,0,0,,,,,100.000000,0,0,,,,,,,24,0,30,30,30,,0,30,0.000000,0.000000,,,91.666667,0,1,,705.000000,,,735.000000,,39.439479,37.479261,37.206945,98.314330,100.000000,100.000000,12,12.000000,12.000000,9.000000,34.000000,18.030000,34.000000,0.000000,100.000000,100.000000,75.000000
VA659_NB,PM,16,1.038724,2.663325,16,1.063215,-1.038724,2.666423,0.414349,16,2.418423,6.229357,16,3.549779,-2.418423,6.208132,0.249917,16,1.884746,5.718743,16,3.025568,1.379699,5.158417,0.057236,16,0,0,0,0,,0,0,,,,,100.000000,0,0,,,,,,,16,0,30,30,30,,0,30,0.000000,0.000000,,,87.500000,0,1,,1005.000000,,,1035.000000,,38.955728,37.917004,36.537305,100.000000,100.000000,100.000000,12,12.000000,12.000000,9.000000,34.000000,18.030000,34.000000,0.000000,100.000000,100.000000,75.000000
VA659_SB,AM,12,0.686961,1.736093,12,0.749457,-0.469186,1.743450,0.296131,12,2.090745,5.337658,12,3.102925,-1.923654,5.306138,0.231909,12,1.653759,4.939123,12,2.925750,1.454468,4.412527,0.137935,12,0,0,0,0,,0,0,,,,,100.000000,0,0,,,,,,,12,0,30,30,30,,0,30,0.000000,0.000000,,,83.333333,0,1,,435.000000,,,465.000000,,39.402388,38.933202,37.478734,98.920652,100.000000,100.000000,12,12.000000,12.000000,8.000000,34.000000,18.030000,34.000000,0.000000,100.000000,100.000000,66.666667
VA659_SB,MD,24,2.428499,6.033223,24,2.491529,-2.428499,6.043034,0.050093,24,2.960191,7.332597,24,4.016967,-2.960191,7.366086,0.083317,24,1.780573,5.162759,24,2.605717,0.531692,4.783071,0.004987,24,0,0,0,0,,0,0,,,,,100.000000,0,0,,,,,,,24,0,45,45,45,,0,45,0.000000,0.000000,,,87.500000,0,1,,705.000000,,,750.000000,,40.186758,37.758259,37.226567,99.164302,100.000000,100.000000,12,12.000000,12.000000,8.000000,34.000000,18.030000,34.000000,0.000000,100.000000,100.000000,66.666667
VA659_SB,PM,16,0.910336,2.311563,16,1.197782,-0.868687,2.344899,0.005016,16,2.261310,5.890094,16,3.173036,-2.261310,5.824820,0.534199,16,1.906954,5.769249,16,3.039158,1.392623,5.215864,0.014910,16,0,0,0,0,,0,0,,,,,100.000000,0,0,,,,,,,16,0,30,30,30,,0,30,0.000000,0.000000,,,87.500000,0,1,,1005.000000,,,1035.000000,,38.821967,37.953280,36.560657,97.989276,100.000000,100.000000,12,12.000000,12.000000,8.000000,34.000000,18.030000,34.000000,0.000000,100.000000,100.000000,66.666667
VA668_EB,AM,10,0.800715,2.696116,10,1.149755,0.780851,2.615194,0.105782,10,0.920970,3.025541,10,1.171426,0.817113,3.007954,0.472596,12,1.102138,3.692017,12,1.460090,0.369935,3.553833,0.037837,10,135,75,-60,60,44.444444,75,135,55.555556,100.000000,55.555556,71.428571,60.000000,2,2,375.000000,435.000000,60.000000,540.000000,540.000000,0.000000,10,135,60,-75,75,55.555556,60,135,44.444444,100.000000,44.444444,61.538462,50.000000,2,3,375.000000,420.000000,45.000000,540.000000,540.000000,0.000000,30.617815,31.382583,31.012648,83.333333,100.000000,100.000000,1,1.000000,1.000000,1.000000,3.000000,0.770000,3.000000,0.000000,100.000000,100.000000,100.000000
VA668_EB,MD,22,1.351216,4.747334,22,1.451208,1.317720,4.696572,0.683034,22,2.590235,9.065673,22,3.061240,2.554888,9.003167,0.122354,24,1.678532,5.295094,24,1.999781,-1.152417,5.389597,0.149379,22,330,330,0,0,0.000000,330,330,100.000000,100.000000,100.000000,100.000000,100.000000,1,1,540.000000,540.000000,0.000000,870.000000,870.000000,0.000000,22,330,165,-165,165,50.000000,165,330,50.000000,100.000000,50.000000,66.666667,50.000000,1,3,540.000000,540.000000,0.000000,870.000000,870.000000,0.000000,28.770265,29.991514,31.143931,91.666667,100.000000,100.000000,1,1.000000,1.000000,1.000000,3.000000,0.770000,3.000000,0.000000,100.000000,100.000000,100.000000
VA668_EB,PM,16,2.435338,8.645018,16,3.156727,-1.861106,8.365301,0.721355,16,2.029961,7.173922,16,2.476345,-1.040769,6.972843,0.695529,16,0.820337,3.139961,16,0.951863,-0.820337,2.922299,0.994021,16,210,180,-30,30,14.285714,180,210,85.714286,100.000000,85.714286,92.307692,87.500000,1,1,900.000000,900.000000,0.000000,1110.000000,1080.000000,-30.000000,16,210,180,-30,30,14.285714,180,210,85.714286,100.000000,85.714286,92.307692,87.500000,1,1,900.000000,900.000000,0.000000,1110.000000,1080.000000,-30.000000,29.112384,27.251279,28.071615,100.000000,100.000000,100.000000,1,1.000000,1.000000,1.000000,3.000000,0.770000,3.000000,0.000000,100.000000,100.000000,100.000000
VA668_WB,AM,12,1.727706,5.550481,12,2.129427,1.727706,5.417909,0.042244,12,1.813066,5.733074,12,2.241414,1.513082,5.685589,0.331371,12,1.445060,4.575142,12,2.015075,0.214624,4.326283,0.020862,12,45,0,-45,45,100.000000,0,45,0.000000,,0.000000,,75.000000,2,0,435.000000,,,510.000000,,,12,45,30,-15,15,33.333333,30,45,66.666667,100.000000,66.666667,80.000000,91.666667,2,1,435.000000,435.000000,0.000000,510.000000,465.000000,-45.000000,31.888794,33.616500,33.401876,100.000000,100.000000,100.000000,1,1.000000,1.000000,1.000000,2.000000,0.650000,2.000000,0.000000,100.000000,100.000000,100.000000
VA668_WB,MD,24,2.544824,8.730903,24,3.171204,-1.071996,8.397360,0.726784,24,2.706416,9.300417,24,3.402655,-1.249816,8.930579,0.724257,24,0.177842,0.748147,24,0.258708,0.177820,0.612084,0.999983,24,300,195,-105,105,35.000000,195,300,65.000000,100.000000,65.000000,78.787879,70.833333,2,1,585.000000,705.000000,120.000000,900.000000,900.000000,0.000000,24,300,195,-105,105,35.000000,195,300,65.000000,100.000000,65.000000,78.787879,70.833333,2,1,585.000000,705.000000,120.000000,900.000000,900.000000,0.000000,30.305043,29.233047,29.055226,100.000000,100.000000,100.000000,1,1.000000,1.000000,1.000000,2.000000,0.650000,2.000000,0.000000,100.000000,100.000000,100.000000
VA668_WB,PM,16,0.385767,1.197530,16,0.550657,-0.314613,1.204994,0.906577,16,1.458231,4.545573,16,2.182331,-1.344416,4.554976,0.366999,16,1.424042,4.964140,16,2.098148,1.029803,4.643174,0.291854,16,120,105,-15,15,12.500000,105,120,87.500000,100.000000,87.500000,93.333333,93.750000,1,1,900.000000,900.000000,0.000000,1020.000000,1005.000000,-15.000000,16,120,165,45,45,37.500000,120,165,72.727273,72.727273,100.000000,84.210526,81.250000,1,1,900.000000,900.000000,0.000000,1020.000000,1065.000000,45.000000,32.014009,31.699396,30.669593,100.000000,100.000000,100.000000,1,1.000000,1.000000,1.000000,2.000000,0.650000,2.000000,0.000000,100.000000,100.000000,100.000000
VA671_NB,AM,10,0.306171,0.645302,10,0.363981,-0.002415,0.644977,0.005657,10,1.727980,3.644159,10,1.991902,1.187673,3.640145,0.023873,12,1.589297,3.248086,12,1.889243,-1.174670,3.271177,0.025583,10,0,0,0,0,,0,0,,,,,100.000000,0,0,,,,,,,10,0,0,0,0,,0,0,,,,,100.000000,0,0,,,,,,,47.470082,47.410194,48.584864,83.333333,100.000000,100.000000,1,1.000000,1.000000,1.000000,5.000000,7.750000,5.000000,0.000000,100.000000,100.000000,100.000000
VA671_NB,MD,22,1.199682,2.632220,22,1.332710,1.178722,2.614970,0.024361,22,2.670994,5.860046,22,3.263797,1.398426,5.822015,0.008099,24,1.867068,4.188302,24,2.775624,-0.366114,3.937027,0.000195,22,0,0,0,0,,0,0,,,,,100.000000,0,0,,,,,,,22,0,0,0,0,,0,0,,,,,100.000000,0,0,,,,,,,45.877475,47.057167,47.423281,91.666667,100.000000,100.000000,1,1.000000,1.000000,1.000000,5.000000,7.750000,5.000000,0.000000,100.000000,100.000000,100.000000
VA671_NB,PM,16,0.530927,1.120652,16,0.654125,-0.141701,1.125672,0.677253,16,2.120994,4.496241,16,3.260766,-0.253726,4.496930,0.086747,16,1.859517,4.322971,16,3.011047,0.112025,3.963871,0.000921,16,0,0,0,0,,0,0,,,,,100.000000,0,0,,,,,,,16,0,0,0,0,,0,0,,,,,100.000000,0,0,,,,,,,47.165367,47.023667,46.911641,100.000000,100.000000,100.000000,1,1.000000,1.000000,1.000000,5.000000,7.750000,5.000000,0.000000,100.000000,100.000000,100.000000
VA671_SB,AM,12,0.937529,2.017851,12,1.177474,0.794518,2.017966,0.588094,12,2.360155,5.097241,12,3.079727,0.424632,5.080068,0.117815,12,1.902656,4.430073,12,3.016579,0.369887,4.058242,0.149257,12,0,0,0,0,,0,0,,,,,100.000000,0,0,,,,,,,12,0,0,0,0,,0,0,,,,,100.000000,0,0,,,,,,,46.459120,47.253639,46.883752,100.000000,100.000000,100.000000,1,1.000000,1.000000,1.000000,5.000000,7.750000,5.000000,0.000000,100.000000,100.000000,100.000000
VA671_SB,MD,24,0.679304,1.462355,24,0.748666,-0.679259,1.466191,0.190956,24,1.803943,3.896667,24,2.687057,0.172222,3.893582,0.061250,24,2.185354,4.862996,24,2.870216,-0.851481,4.699340,0.003657,24,0,0,0,0,,0,0,,,,,100.000000,0,0,,,,,,,24,0,0,0,0,,0,0,,,,,100.000000,0,0,,,,,,,46.331189,45.651931,46.503412,100.000000,100.000000,100.000000,1,1.000000,1.000000,1.000000,5.000000,7.750000,5.000000,0.000000,100.000000,100.000000,100.000000
VA671_SB,PM,16,0.365821,0.781229,16,0.559100,-0.215783,0.790584,0.006691,16,2.048216,4.415673,16,2.948992,0.235379,4.426448,0.008593,16,2.102109,4.760087,16,2.882303,-0.451163,4.519926,0.000008,16,0,0,0,0,,0,0,,,,,100.000000,0,0,,,,,,,16,0,0,0,0,,0,0,,,,,100.000000,0,0,,,,,,,46.272221,46.056437,46.507600,100.000000,100.000000,100.000000,1,1.000000,1.000000,1.000000,5.000000,7.750000,5.000000,0.000000,100.000000,100.000000,100.000000
VA673_EB,AM,10,0.718956,2.235914,10,0.825516,0.263286,2.245867,0.879667,10,1.362883,4.302329,10,1.721911,1.182031,4.257359,0.705497,12,1.475590,4.438085,12,1.783761,-1.298884,4.454130,0.677404,10,60,45,-15,15,25.000000,45,60,75.000000,100.000000,75.000000,85.714286,90.000000,2,2,450.000000,465.000000,15.000000,540.000000,540.000000,0.000000,10,60,45,-15,15,25.000000,45,60,75.000000,100.000000,75.000000,85.714286,90.000000,2,2,450.000000,450.000000,0.000000,540.000000,540.000000,0.000000,32.012413,31.829691,33.128576,94.839186,100.000000,100.000000,7,7.000000,7.000000,6.000000,13.000000,6.590000,13.000000,0.000000,100.000000,100.000000,85.714286
VA673_EB,MD,24,1.706835,5.492396,24,1.767864,-1.706835,5.517138,0.448371,24,2.108468,6.791197,24,2.495015,1.825364,6.815371,0.338504,24,3.532198,10.452913,24,4.038068,-3.532198,10.781282,0.014769,24,330,360,30,30,9.090909,330,360,91.666667,91.666667,100.000000,95.652174,91.666667,2,1,540.000000,540.000000,0.000000,900.000000,900.000000,0.000000,24,330,105,-225,225,68.181818,105,330,31.818182,100.000000,31.818182,48.275862,37.500000,2,2,540.000000,540.000000,0.000000,900.000000,900.000000,0.000000,30.936957,29.230122,32.762320,98.740323,100.000000,100.000000,7,7.000000,7.000000,6.000000,13.000000,6.590000,13.000000,0.000000,100.000000,100.000000,85.714286
VA673_EB,PM,14,0.499867,1.668784,14,0.654870,0.374628,1.657150,0.393254,14,2.446662,8.152457,14,2.908814,2.416139,8.111135,0.000874,16,2.084963,6.227116,16,2.478765,-2.084963,6.380843,0.152630,14,195,210,15,15,7.692308,195,210,92.857143,92.857143,100.000000,96.296296,92.857143,2,2,900.000000,900.000000,0.000000,1125.000000,1140.000000,15.000000,14,195,45,-150,150,76.923077,45,195,23.076923,100.000000,23.076923,37.500000,28.571429,2,2,900.000000,900.000000,0.000000,1125.000000,1065.000000,-60.000000,30.164233,30.590395,32.675358,96.129389,100.000000,100.000000,7,7.000000,7.000000,6.000000,13.000000,6.590000,13.000000,0.000000,100.000000,100.000000,85.714286
VA673_WB,AM,12,0.389187,1.199462,12,0.453020,0.218295,1.211886,0.888829,12,2.175306,6.793356,12,2.685775,2.105187,6.773672,0.244857,12,1.918696,5.443928,12,2.375833,-1.886891,5.607054,0.424768,12,75,60,-15,15,20.000000,60,75,80.000000,100.000000,80.000000,88.888889,91.666667,1,1,465.000000,480.000000,15.000000,540.000000,540.000000,0.000000,12,75,15,-60,60,80.000000,15,75,20.000000,100.000000,20.000000,33.333333,66.666667,1,1,465.000000,525.000000,60.000000,540.000000,540.000000,0.000000,32.114138,32.332433,34.219325,100.000000,100.000000,100.000000,7,7.000000,7.000000,6.000000,13.000000,6.590000,13.000000,0.000000,100.000000,100.000000,85.714286
VA673_WB,MD,24,0.981350,3.149668,24,1.022183,-0.981350,3.154607,0.184106,24,2.186983,7.017493,24,2.654491,2.099743,7.030183,0.262932,24,3.081093,9.025450,24,3.536938,-3.081093,9.278101,0.016356,24,330,360,30,30,9.090909,330,360,91.666667,91.666667,100.000000,95.652174,91.666667,3,1,540.000000,540.000000,0.000000,900.000000,900.000000,0.000000,24,330,75,-255,255,77.272727,75,330,22.727273,100.000000,22.727273,37.037037,29.166667,3,2,540.000000,540.000000,0.000000,900.000000,900.000000,0.000000,31.108485,30.127135,33.208228,100.000000,100.000000,100.000000,7,7.000000,7.000000,6.000000,13.000000,6.590000,13.000000,0.000000,100.000000,100.000000,85.714286
VA673_WB,PM,14,1.013305,3.343303,14,1.304730,-0.909466,3.357237,0.280818,14,0.967758,3.233829,14,1.305051,0.670653,3.206333,0.110381,16,1.804240,5.808352,16,2.082077,-1.804240,5.844631,0.274915,14,195,210,15,15,7.692308,195,210,92.857143,92.857143,100.000000,96.296296,92.857143,3,2,900.000000,900.000000,0.000000,1140.000000,1140.000000,0.000000,14,195,150,-45,45,23.076923,135,210,64.285714,90.000000,69.230769,78.260870,64.285714,3,3,900.000000,900.000000,0.000000,1140.000000,1140.000000,0.000000,30.182708,29.065798,30.870038,96.188144,100.000000,100.000000,7,7.000000,7.000000,6.000000,13.000000,6.590000,13.000000,0.000000,100.000000,100.000000,85.714286
VA674_NB,AM,12,1.418059,4.638282,12,1.625192,1.387829,4.540384,0.733929,12,2.375186,7.746942,12,2.726831,2.355191,7.604944,0.327316,12,0.967362,2.842253,12,1.171837,-0.967362,2.880139,0.758837,12,105,30,-75,75,71.428571,30,105,28.571429,100.000000,28.571429,44.444444,58.333333,1,1,435.000000,510.000000,75.000000,540.000000,540.000000,0.000000,12,105,15,-90,90,85.714286,15,105,14.285714,100.000000,14.285714,25.000000,50.000000,1,1,435.000000,525.000000,90.000000,540.000000,540.000000,0.000000,31.232136,32.619965,33.587327,94.580553,100.000000,100.000000,8,8.000000,8.000000,8.000000,24.000000,10.150000,24.000000,0.000000,100.000000,100.000000,100.000000
VA674_NB,MD,24,0.729095,2.377200,24,0.781520,-0.729095,2.384212,0.002739,24,2.953278,9.621921,24,3.459206,2.895260,9.657511,0.624303,24,3.624355,10.470173,24,4.180839,-3.624355,10.826929,0.004824,24,360,360,0,0,0.000000,360,360,100.000000,100.000000,100.000000,100.000000,100.000000,1,1,540.000000,540.000000,0.000000,900.000000,900.000000,0.000000,24,360,90,-270,270,75.000000,90,360,25.000000,100.000000,25.000000,40.000000,25.000000,1,2,540.000000,540.000000,0.000000,900.000000,900.000000,0.000000,30.580111,29.851016,33.475371,97.314287,100.000000,100.000000,8,8.000000,8.000000,8.000000,24.000000,10.150000,24.000000,0.000000,100.000000,100.000000,100.000000
VA674_NB,PM,16,0.339021,1.124099,16,0.407283,0.240808,1.113158,0.827792,16,2.358476,7.786154,16,2.736292,2.343166,7.743925,0.006274,16,2.102358,6.280898,16,2.420877,-2.102358,6.409825,0.144527,16,210,240,30,30,14.285714,210,240,87.500000,87.500000,100.000000,93.333333,87.500000,1,1,900.000000,900.000000,0.000000,1110.000000,1140.000000,30.000000,16,210,45,-165,165,78.571429,30,225,13.333333,66.666667,14.285714,23.529412,18.750000,1,2,900.000000,900.000000,0.000000,1110.000000,1140.000000,30.000000,30.455819,30.696628,32.798986,100.000000,100.000000,100.000000,8,8.000000,8.000000,8.000000,24.000000,10.150000,24.000000,0.000000,100.000000,100.000000,100.000000
VA674_SB,AM,12,0.464613,1.465994,12,0.540355,0.413838,1.441602,0.970852,12,2.095239,6.590420,12,2.425736,2.068399,6.501113,0.578899,12,1.654561,4.766209,12,1.944990,-1.654561,4.824170,0.692302,12,90,60,-30,30,33.333333,60,90,66.666667,100.000000,66.666667,80.000000,83.333333,1,1,450.000000,480.000000,30.000000,540.000000,540.000000,0.000000,12,90,15,-75,75,83.333333,15,90,16.666667,100.000000,16.666667,28.571429,58.333333,1,1,450.000000,525.000000,75.000000,540.000000,540.000000,0.000000,32.228923,32.642761,34.297322,97.940919,100.000000,100.000000,8,8.000000,8.000000,7.000000,27.000000,11.010000,27.000000,0.000000,100.000000,100.000000,87.500000
VA674_SB,MD,24,0.951794,3.126276,24,1.018495,-0.951794,3.122846,0.683820,24,2.794963,9.136767,24,3.323064,2.703561,9.170305,0.364910,24,3.655354,10.652079,24,4.217953,-3.655354,11.016087,0.069408,24,360,360,0,0,0.000000,360,360,100.000000,100.000000,100.000000,100.000000,100.000000,1,1,540.000000,540.000000,0.000000,900.000000,900.000000,0.000000,24,360,90,-270,270,75.000000,90,360,25.000000,100.000000,25.000000,40.000000,25.000000,1,2,540.000000,540.000000,0.000000,900.000000,900.000000,0.000000,30.478404,29.526611,33.181965,100.000000,100.000000,100.000000,8,8.000000,8.000000,7.000000,27.000000,11.010000,27.000000,0.000000,100.000000,100.000000,87.500000
VA674_SB,PM,16,0.504023,1.741406,16,0.619614,-0.382312,1.738225,0.713055,16,0.533917,1.862248,16,0.637988,0.497426,1.841317,0.776754,16,0.879739,2.986324,16,1.030794,-0.879739,2.982784,0.643530,16,240,240,0,0,0.000000,240,240,100.000000,100.000000,100.000000,100.000000,100.000000,1,1,900.000000,900.000000,0.000000,1140.000000,1140.000000,0.000000,16,240,240,0,0,0.000000,240,240,100.000000,100.000000,100.000000,100.000000,100.000000,1,1,900.000000,900.000000,0.000000,1140.000000,1140.000000,0.000000,28.996451,28.614139,29.493878,97.611546,100.000000,100.000000,8,8.000000,8.000000,7.000000,27.000000,11.010000,27.000000,0.000000,100.000000,100.000000,87.500000
VA675_EB,AM,12,0.522537,1.762896,12,0.649803,0.491164,1.789112,0.956571,12,2.537301,8.701432,12,2.992443,2.537301,8.687447,0.489519,12,2.046137,6.290535,12,2.461450,-2.046137,6.445779,0.620501,12,165,135,-30,30,18.181818,135,165,81.818182,100.000000,81.818182,90.000000,83.333333,1,1,375.000000,405.000000,30.000000,540.000000,540.000000,0.000000,12,165,75,-90,90,54.545455,75,165,45.454545,100.000000,45.454545,62.500000,50.000000,1,2,375.000000,435.000000,60.000000,540.000000,540.000000,0.000000,29.206527,29.697691,31.743828,100.000000,100.000000,100.000000,4,4.000000,4.000000,3.000000,10.000000,3.510000,10.000000,0.000000,100.000000,100.000000,75.000000
VA675_EB,MD,24,0.449321,1.661289,24,0.513825,0.047888,1.663823,0.407559,24,2.407129,8.936652,24,2.763706,2.407129,8.913536,0.053852,24,2.359242,7.819681,24,2.728322,-2.359242,8.021233,0.005161,24,360,360,0,0,0.000000,360,360,100.000000,100.000000,100.000000,100.000000,100.000000,1,1,540.000000,540.000000,0.000000,900.000000,900.000000,0.000000,24,360,360,0,0,0.000000,360,360,100.000000,100.000000,100.000000,100.000000,100.000000,1,1,540.000000,540.000000,0.000000,900.000000,900.000000,0.000000,27.005326,27.053213,29.412455,99.490312,100.000000,100.000000,4,4.000000,4.000000,3.000000,10.000000,3.510000,10.000000,0.000000,100.000000,100.000000,75.000000
VA675_EB,PM,16,0.673781,2.592226,16,0.731623,-0.254355,2.580320,0.800828,16,0.787909,3.040423,16,0.895484,-0.297657,3.017388,0.794693,16,0.167212,0.669234,16,0.214572,0.043301,0.647739,0.990914,16,240,240,0,0,0.000000,240,240,100.000000,100.000000,100.000000,100.000000,100.000000,1,1,900.000000,900.000000,0.000000,1140.000000,1140.000000,0.000000,16,240,240,0,0,0.000000,240,240,100.000000,100.000000,100.000000,100.000000,100.000000,1,1,900.000000,900.000000,0.000000,1140.000000,1140.000000,0.000000,26.112303,25.857948,25.814647,99.235468,100.000000,100.000000,4,4.000000,4.000000,3.000000,10.000000,3.510000,10.000000,0.000000,100.000000,100.000000,75.000000
VA675_WB,AM,12,0.485999,1.684504,12,0.571654,-0.418530,1.687830,0.858965,12,2.268197,7.863723,12,2.709683,2.268197,7.877244,0.399959,12,2.686727,8.383631,12,3.185271,-2.686727,8.649426,0.193015,12,180,180,0,0,0.000000,180,180,100.000000,100.000000,100.000000,100.000000,100.000000,1,1,360.000000,360.000000,0.000000,540.000000,540.000000,0.000000,12,180,105,-75,75,41.666667,105,180,58.333333,100.000000,58.333333,73.684211,58.333333,1,3,360.000000,360.000000,0.000000,540.000000,540.000000,0.000000,28.794290,28.375760,31.062487,100.000000,100.000000,100.000000,3,3.000000,3.000000,3.000000,10.000000,3.510000,10.000000,0.000000,100.000000,100.000000,100.000000
VA675_WB,MD,24,0.269486,0.988103,24,0.353759,-0.187112,0.998581,0.612606,24,2.435255,9.033121,24,2.842757,2.426614,9.023831,0.041020,24,2.613726,8.647447,24,3.011136,-2.613726,8.886131,0.016950,24,360,360,0,0,0.000000,360,360,100.000000,100.000000,100.000000,100.000000,100.000000,1,1,540.000000,540.000000,0.000000,900.000000,900.000000,0.000000,24,360,330,-30,30,8.333333,330,360,91.666667,100.000000,91.666667,95.652174,91.666667,1,2,540.000000,540.000000,0.000000,900.000000,900.000000,0.000000,26.986927,26.799815,29.413541,100.000000,100.000000,100.000000,3,3.000000,3.000000,3.000000,10.000000,3.510000,10.000000,0.000000,100.000000,100.000000,100.000000
VA675_WB,PM,14,0.278135,1.073572,14,0.372474,0.016590,1.074187,0.782700,14,0.458127,1.774353,14,0.528411,0.235002,1.769334,0.792501,16,0.291098,1.113755,16,0.378501,-0.169520,1.124296,0.932949,14,210,210,0,0,0.000000,210,210,100.000000,100.000000,100.000000,100.000000,100.000000,2,2,900.000000,900.000000,0.000000,1140.000000,1140.000000,0.000000,14,210,210,0,0,0.000000,210,210,100.000000,100.000000,100.000000,100.000000,100.000000,2,2,900.000000,900.000000,0.000000,1140.000000,1140.000000,0.000000,25.892632,25.722096,25.891616,96.007278,100.000000,100.000000,3,3.000000,3.000000,3.000000,10.000000,3.510000,10.000000,0.000000,100.000000,100.000000,100.000000
VA677_NB,AM,10,2.654927,9.787032,10,2.742464,-2.654927,9.902148,0.965712,10,1.330933,4.992860,10,1.471671,-0.181682,4.964014,0.600542,12,2.136064,7.781784,12,2.593009,-2.136064,7.988637,0.500559,10,150,150,0,0,0.000000,150,150,100.000000,100.000000,100.000000,100.000000,100.000000,1,1,390.000000,390.000000,0.000000,540.000000,540.000000,0.000000,10,150,150,0,0,0.000000,150,150,100.000000,100.000000,100.000000,100.000000,100.000000,1,1,390.000000,390.000000,0.000000,540.000000,540.000000,0.000000,26.811626,24.602719,26.738783,94.354718,100.000000,100.000000,6,6.000000,6.000000,3.000000,6.000000,1.010000,6.000000,0.000000,100.000000,100.000000,50.000000
VA677_NB,MD,22,2.943872,11.809240,22,2.978059,-2.943872,11.839603,0.237486,22,1.917795,7.757218,22,2.151351,0.316710,7.712947,0.000000,24,3.374974,12.780741,24,3.928973,-3.374974,13.347586,0.003698,22,330,330,0,0,0.000000,330,330,100.000000,100.000000,100.000000,100.000000,100.000000,2,2,540.000000,540.000000,0.000000,900.000000,900.000000,0.000000,22,330,330,0,0,0.000000,330,330,100.000000,100.000000,100.000000,100.000000,100.000000,2,2,540.000000,540.000000,0.000000,900.000000,900.000000,0.000000,24.864618,21.910300,25.285273,97.572541,100.000000,100.000000,6,6.000000,6.000000,3.000000,6.000000,1.010000,6.000000,0.000000,100.000000,100.000000,50.000000
VA677_NB,PM,16,2.027280,8.540208,16,2.105104,-2.027280,8.551542,0.198668,16,2.134244,9.001792,16,2.181938,-2.134244,9.002743,0.435649,16,0.153455,0.720635,16,0.232203,0.106964,0.711351,0.886041,16,240,240,0,0,0.000000,240,240,100.000000,100.000000,100.000000,100.000000,100.000000,1,1,900.000000,900.000000,0.000000,1140.000000,1140.000000,0.000000,16,240,240,0,0,0.000000,240,240,100.000000,100.000000,100.000000,100.000000,100.000000,1,1,900.000000,900.000000,0.000000,1140.000000,1140.000000,0.000000,23.706596,21.679317,21.572352,100.000000,100.000000,100.000000,6,6.000000,6.000000,3.000000,6.000000,1.010000,6.000000,0.000000,100.000000,100.000000,50.000000
VA677_SB,AM,12,2.117827,8.713597,12,2.258723,-2.117827,8.841845,0.710201,12,1.685236,7.100176,12,2.019691,0.495448,7.035792,0.006643,12,2.613275,10.328039,12,3.002884,-2.613275,10.689216,0.257577,12,180,180,0,0,0.000000,180,180,100.000000,100.000000,100.000000,100.000000,100.000000,1,1,360.000000,360.000000,0.000000,540.000000,540.000000,0.000000,12,180,180,0,0,0.000000,180,180,100.000000,100.000000,100.000000,100.000000,100.000000,1,1,360.000000,360.000000,0.000000,540.000000,540.000000,0.000000,23.952322,21.834495,24.447770,100.000000,100.000000,100.000000,6,6.000000,6.000000,4.000000,6.000000,0.960000,6.000000,0.000000,100.000000,100.000000,66.666667
VA677_SB,MD,24,2.238857,9.812425,24,2.263294,-2.238857,9.824579,0.460804,24,1.814426,7.948678,24,2.083009,1.116848,7.962084,0.343685,24,3.355705,13.444236,24,3.882143,-3.355705,14.037567,0.028305,24,360,360,0,0,0.000000,360,360,100.000000,100.000000,100.000000,100.000000,100.000000,1,1,540.000000,540.000000,0.000000,900.000000,900.000000,0.000000,24,360,360,0,0,0.000000,360,360,100.000000,100.000000,100.000000,100.000000,100.000000,1,1,540.000000,540.000000,0.000000,900.000000,900.000000,0.000000,22.788329,20.549471,23.905177,99.911876,100.000000,100.000000,6,6.000000,6.000000,4.000000,6.000000,0.960000,6.000000,0.000000,100.000000,100.000000,66.666667
VA677_SB,PM,16,1.456316,6.743025,16,1.531605,-1.456316,6.797222,0.541085,16,0.962979,4.446523,16,1.134667,-0.334154,4.494614,0.473128,16,1.122163,5.254842,16,1.299855,-1.122163,5.320571,0.030788,16,240,240,0,0,0.000000,240,240,100.000000,100.000000,100.000000,100.000000,100.000000,1,1,900.000000,900.000000,0.000000,1140.000000,1140.000000,0.000000,16,240,240,0,0,0.000000,240,240,100.000000,100.000000,100.000000,100.000000,100.000000,1,1,900.000000,900.000000,0.000000,1140.000000,1140.000000,0.000000,21.425173,19.968856,21.091019,100.000000,100.000000,100.000000,6,6.000000,6.000000,4.000000,6.000000,0.960000,6.000000,0.000000,100.000000,100.000000,66.666667
VA684_NB,AM,12,0.773118,3.408636,12,0.887935,-0.051807,3.269807,0.821335,12,0.965022,4.139522,12,1.372348,-0.948964,4.081438,0.831616,12,1.254993,6.073339,12,1.893791,0.897157,5.529774,0.528284,12,180,180,0,0,0.000000,180,180,100.000000,100.000000,100.000000,100.000000,100.000000,1,1,360.000000,360.000000,0.000000,540.000000,540.000000,0.000000,12,180,180,0,0,0.000000,180,180,100.000000,100.000000,100.000000,100.000000,100.000000,1,1,360.000000,360.000000,0.000000,540.000000,540.000000,0.000000,23.644158,23.592352,22.695194,100.000000,100.000000,100.000000,2,2.000000,2.000000,0.000000,3.000000,0.510000,3.000000,0.000000,100.000000,100.000000,0.000000
VA684_NB,MD,24,1.894662,8.004695,24,2.077636,-1.894662,8.095569,0.050562,24,2.026542,8.488159,24,2.644042,-2.026542,8.659069,0.125818,24,0.841932,4.153630,24,1.186078,0.131880,3.938465,0.108564,24,360,360,0,0,0.000000,360,360,100.000000,100.000000,100.000000,100.000000,100.000000,1,1,540.000000,540.000000,0.000000,900.000000,900.000000,0.000000,24,360,360,0,0,0.000000,360,360,100.000000,100.000000,100.000000,100.000000,100.000000,1,1,540.000000,540.000000,0.000000,900.000000,900.000000,0.000000,23.403696,21.509034,21.377154,100.000000,100.000000,100.000000,2,2.000000,2.000000,0.000000,3.000000,0.510000,3.000000,0.000000,100.000000,100.000000,0.000000
VA684_NB,PM,16,1.409427,6.685483,16,1.531931,-0.693809,6.569877,0.685428,16,1.456434,6.896870,16,1.624284,-0.857367,6.788994,0.699986,16,0.163558,0.861307,16,0.195937,0.163558,0.794143,0.999487,16,240,240,0,0,0.000000,240,240,100.000000,100.000000,100.000000,100.000000,100.000000,1,1,900.000000,900.000000,0.000000,1140.000000,1140.000000,0.000000,16,240,240,0,0,0.000000,240,240,100.000000,100.000000,100.000000,100.000000,100.000000,1,1,900.000000,900.000000,0.000000,1140.000000,1140.000000,0.000000,21.452873,20.759064,20.595506,100.000000,100.000000,100.000000,2,2.000000,2.000000,0.000000,3.000000,0.510000,3.000000,0.000000,100.000000,100.000000,0.000000
VA684_SB,AM,12,2.895177,12.900297,12,3.488349,2.828146,12.056866,0.345147,12,2.342828,9.919977,12,2.923865,-1.153346,9.756627,0.227151,12,3.981492,18.996772,12,4.843870,3.981492,17.417356,0.044977,12,180,180,0,0,0.000000,180,180,100.000000,100.000000,100.000000,100.000000,100.000000,1,1,360.000000,360.000000,0.000000,540.000000,540.000000,0.000000,12,180,180,0,0,0.000000,180,180,100.000000,100.000000,100.000000,100.000000,100.000000,1,1,360.000000,360.000000,0.000000,540.000000,540.000000,0.000000,24.012682,26.840828,22.859336,100.000000,100.000000,100.000000,2,2.000000,2.000000,0.000000,3.000000,0.510000,3.000000,0.000000,100.000000,100.000000,0.000000
VA684_SB,MD,22,3.328525,14.321790,22,3.543506,-3.328525,14.412459,0.097179,22,2.049122,8.803231,22,2.423190,-2.049122,8.872664,0.001453,24,1.417162,6.716494,24,1.799418,-1.205225,6.801034,0.092872,22,330,330,0,0,0.000000,330,330,100.000000,100.000000,100.000000,100.000000,100.000000,1,1,570.000000,570.000000,0.000000,900.000000,900.000000,0.000000,22,330,330,0,0,0.000000,330,330,100.000000,100.000000,100.000000,100.000000,100.000000,1,1,570.000000,570.000000,0.000000,900.000000,900.000000,0.000000,23.094779,19.632231,20.837456,97.754427,100.000000,100.000000,2,2.000000,2.000000,0.000000,3.000000,0.510000,3.000000,0.000000,100.000000,100.000000,0.000000
VA684_SB,PM,16,2.785446,12.606398,16,3.148836,-2.785446,12.523703,0.456748,16,1.164406,5.271917,16,1.421195,-0.870294,5.235309,0.310329,16,1.915152,9.065487,16,2.134603,-1.915152,8.961412,0.741914,16,240,240,0,0,0.000000,240,240,100.000000,100.000000,100.000000,100.000000,100.000000,1,1,900.000000,900.000000,0.000000,1140.000000,1140.000000,0.000000,16,240,240,0,0,0.000000,240,240,100.000000,100.000000,100.000000,100.000000,100.000000,1,1,900.000000,900.000000,0.000000,1140.000000,1140.000000,0.000000,22.241390,19.455944,21.371096,100.000000,100.000000,100.000000,2,2.000000,2.000000,0.000000,3.000000,0.510000,3.000000,0.000000,100.000000,100.000000,0.000000
VA686_NB,AM,10,2.587970,9.315768,10,3.070090,-2.521854,9.592762,0.206452,10,3.437977,12.542441,10,3.660265,-3.437977,12.743460,0.425323,12,1.259226,5.536013,12,1.650073,1.259226,5.413843,0.163288,10,150,150,0,0,0.000000,150,150,100.000000,100.000000,100.000000,100.000000,100.000000,2,2,360.000000,360.000000,0.000000,540.000000,540.000000,0.000000,10,150,150,0,0,0.000000,150,150,100.000000,100.000000,100.000000,100.000000,100.000000,2,2,360.000000,360.000000,0.000000,540.000000,540.000000,0.000000,26.978362,24.518609,23.259383,84.951526,100.000000,100.000000,2,2.000000,2.000000,0.000000,2.000000,0.890000,2.000000,0.000000,100.000000,100.000000,0.000000
VA686_NB,MD,23,3.592361,13.668808,23,3.661798,-3.592361,13.742812,0.734260,23,3.376125,12.831310,23,3.461375,-3.376125,12.915587,0.685940,24,0.321490,1.440884,24,0.451777,-0.207432,1.416637,0.833582,23,345,345,0,0,0.000000,345,345,100.000000,100.000000,100.000000,100.000000,100.000000,1,1,540.000000,540.000000,0.000000,885.000000,885.000000,0.000000,23,345,345,0,0,0.000000,345,345,100.000000,100.000000,100.000000,100.000000,100.000000,1,1,540.000000,540.000000,0.000000,885.000000,885.000000,0.000000,26.139928,22.486481,22.693913,96.237881,100.000000,100.000000,2,2.000000,2.000000,0.000000,2.000000,0.890000,2.000000,0.000000,100.000000,100.000000,0.000000
VA686_NB,PM,13,1.555921,7.891989,13,1.687920,1.368127,7.721962,0.215079,13,2.262302,11.518578,13,2.514767,2.095553,11.227697,0.096282,16,0.648800,2.888660,16,0.800521,-0.648800,2.921306,0.390545,13,195,195,0,0,0.000000,195,195,100.000000,100.000000,100.000000,100.000000,100.000000,2,2,915.000000,915.000000,0.000000,1140.000000,1140.000000,0.000000,13,195,195,0,0,0.000000,195,195,100.000000,100.000000,100.000000,100.000000,100.000000,2,2,915.000000,915.000000,0.000000,1140.000000,1140.000000,0.000000,20.149294,21.560445,22.209245,83.070466,100.000000,100.000000,2,2.000000,2.000000,0.000000,2.000000,0.890000,2.000000,0.000000,100.000000,100.000000,0.000000
VA686_SB,AM,8,1.659880,6.686792,8,1.892121,-0.482284,6.714950,0.107404,8,2.373101,9.379835,8,2.688630,-2.366822,9.600247,0.531236,12,1.456753,6.706303,12,1.954392,1.456753,6.364539,0.420708,8,120,120,0,0,0.000000,120,120,100.000000,100.000000,100.000000,100.000000,100.000000,2,2,390.000000,390.000000,0.000000,540.000000,540.000000,0.000000,8,120,120,0,0,0.000000,120,120,100.000000,100.000000,100.000000,100.000000,100.000000,2,2,390.000000,390.000000,0.000000,540.000000,540.000000,0.000000,24.719168,24.345344,22.888591,71.367595,100.000000,100.000000,3,3.000000,3.000000,0.000000,3.000000,0.970000,3.000000,0.000000,100.000000,100.000000,0.000000
VA686_SB,MD,24,4.655765,18.400353,24,4.728329,-4.655765,18.354309,0.622853,24,4.249352,16.797644,24,4.309162,-4.249352,16.752117,0.693084,24,0.519522,2.496282,24,0.688919,-0.406413,2.460241,0.821414,24,360,360,0,0,0.000000,360,360,100.000000,100.000000,100.000000,100.000000,100.000000,1,1,540.000000,540.000000,0.000000,900.000000,900.000000,0.000000,24,360,360,0,0,0.000000,360,360,100.000000,100.000000,100.000000,100.000000,100.000000,1,1,540.000000,540.000000,0.000000,900.000000,900.000000,0.000000,25.366059,20.710294,21.116707,100.000000,100.000000,100.000000,3,3.000000,3.000000,0.000000,3.000000,0.970000,3.000000,0.000000,100.000000,100.000000,0.000000
VA686_SB,PM,16,1.748998,7.535416,16,2.057933,-1.748998,7.733002,0.563590,16,1.749162,7.536239,16,2.057985,-1.749162,7.733726,0.563719,16,0.000387,0.001878,16,0.000543,0.000164,0.001856,1.000000,16,240,240,0,0,0.000000,240,240,100.000000,100.000000,100.000000,100.000000,100.000000,1,1,900.000000,900.000000,0.000000,1140.000000,1140.000000,0.000000,16,240,240,0,0,0.000000,240,240,100.000000,100.000000,100.000000,100.000000,100.000000,1,1,900.000000,900.000000,0.000000,1140.000000,1140.000000,0.000000,22.617328,20.868330,20.868166,100.000000,100.000000,100.000000,3,3.000000,3.000000,0.000000,3.000000,0.970000,3.000000,0.000000,100.000000,100.000000,0.000000
VA690_NB,AM,12,3.271443,9.149779,12,3.431547,-3.271443,9.133450,0.456557,12,3.069203,8.586827,12,3.474648,1.455589,8.568820,0.004472,12,4.727033,12.189450,12,5.475135,-4.727033,12.681899,0.199509,12,0,60,60,60,,0,60,0.000000,0.000000,,,66.666667,0,1,,480.000000,,,540.000000,,12,0,15,15,15,,0,15,0.000000,0.000000,,,91.666667,0,1,,525.000000,,,540.000000,,35.818267,32.546823,37.273856,99.967322,100.000000,100.000000,9,9.000000,9.000000,2.000000,15.000000,9.920000,15.000000,0.000000,100.000000,100.000000,22.222222
VA690_NB,MD,24,4.778230,13.473534,24,4.779761,-4.778230,13.474533,0.000080,24,3.842671,10.844737,24,4.414738,1.868865,10.836270,0.041806,24,6.647095,16.833496,24,7.740219,-6.647095,17.806281,0.417136,24,0,360,360,360,,0,360,0.000000,0.000000,,,0.000000,0,1,,540.000000,,,900.000000,,24,0,60,60,60,,0,60,0.000000,0.000000,,,83.333333,0,2,,540.000000,,,900.000000,,35.461193,30.682963,37.330058,99.975332,100.000000,100.000000,9,9.000000,9.000000,2.000000,15.000000,9.920000,15.000000,0.000000,100.000000,100.000000,22.222222
VA690_NB,PM,16,3.666734,10.439228,16,3.686968,-3.666734,10.444984,0.370740,16,2.806857,8.019704,16,3.259606,1.207526,7.995555,0.275304,16,4.874260,12.912819,16,5.596573,-4.874260,13.423002,0.011875,16,0,180,180,180,,0,180,0.000000,0.000000,,,25.000000,0,1,,900.000000,,,1080.000000,,16,0,15,15,15,,0,15,0.000000,0.000000,,,93.750000,0,1,,900.000000,,,915.000000,,35.105216,31.438482,36.312742,98.105168,100.000000,100.000000,9,9.000000,9.000000,2.000000,15.000000,9.920000,15.000000,0.000000,100.000000,100.000000,22.222222
VA690_SB,AM,12,1.743178,4.507624,12,1.821128,-1.743178,4.512503,0.571983,12,1.627355,4.211233,12,1.876290,-0.376573,4.212676,0.038713,12,1.782531,4.575885,12,2.109040,-1.366604,4.659801,0.240286,12,0,0,0,0,,0,0,,,,,100.000000,0,0,,,,,,,12,0,0,0,0,,0,0,,,,,100.000000,0,0,,,,,,,38.629950,36.886772,38.253377,99.947450,100.000000,100.000000,9,9.000000,9.000000,3.000000,15.000000,9.900000,15.000000,0.000000,100.000000,100.000000,33.333333
VA690_SB,MD,22,2.476175,6.466987,22,2.498474,-2.476175,6.468417,0.013218,22,2.460610,6.431242,22,2.889341,0.894946,6.427756,0.128904,24,3.450182,8.388566,24,4.261838,-3.444338,8.786196,0.468434,22,0,0,0,0,,0,0,,,,,100.000000,0,0,,,,,,,22,0,0,0,0,,0,0,,,,,100.000000,0,0,,,,,,,38.281008,35.823869,39.268208,98.056436,100.000000,100.000000,9,9.000000,9.000000,3.000000,15.000000,9.900000,15.000000,0.000000,100.000000,100.000000,33.333333
VA690_SB,PM,16,2.704061,7.069768,16,2.727806,-2.704061,7.079078,0.552827,16,1.384092,3.631088,16,1.653680,-0.651825,3.623473,0.083107,16,2.163491,5.618752,16,2.582817,-2.052236,5.762227,0.056616,16,0,0,0,0,,0,0,,,,,100.000000,0,0,,,,,,,16,0,0,0,0,,0,0,,,,,100.000000,0,0,,,,,,,38.197921,35.493860,37.546096,99.976015,100.000000,100.000000,9,9.000000,9.000000,3.000000,15.000000,9.900000,15.000000,0.000000,100.000000,100.000000,33.333333
VA693_NB,AM,10,2.454233,9.905563,10,3.119742,2.454233,9.468707,0.498810,10,3.901808,15.701916,10,4.831949,3.901808,15.053618,0.200628,12,1.480521,4.798964,12,1.717303,-1.480521,4.921019,0.900107,10,150,150,0,0,0.000000,150,150,100.000000,100.000000,100.000000,100.000000,100.000000,2,2,360.000000,360.000000,0.000000,540.000000,540.000000,0.000000,10,150,90,-60,60,40.000000,90,150,60.000000,100.000000,60.000000,75.000000,60.000000,2,2,360.000000,360.000000,0.000000,540.000000,540.000000,0.000000,25.919406,28.605137,30.085658,96.350963,100.000000,100.000000,4,4.000000,4.000000,4.000000,11.000000,2.660000,11.000000,0.000000,100.000000,100.000000,100.000000
VA693_NB,MD,22,1.884698,7.195698,22,1.970770,-1.884698,7.243156,0.240379,22,4.821612,18.364900,22,5.599214,4.788269,18.530123,0.622774,24,6.150178,19.076192,24,7.143235,-6.150178,20.308575,0.426532,22,330,330,0,0,0.000000,330,330,100.000000,100.000000,100.000000,100.000000,100.000000,1,1,570.000000,570.000000,0.000000,900.000000,900.000000,0.000000,22,330,180,-150,150,45.454545,180,330,54.545455,100.000000,54.545455,70.588235,54.545455,1,3,570.000000,570.000000,0.000000,900.000000,900.000000,0.000000,26.020400,24.133473,30.283651,98.175482,100.000000,100.000000,4,4.000000,4.000000,4.000000,11.000000,2.660000,11.000000,0.000000,100.000000,100.000000,100.000000
VA693_NB,PM,14,0.357788,1.446834,14,0.440150,-0.015699,1.432524,0.789423,14,3.343979,13.526018,14,3.692079,3.343979,13.388743,0.051021,16,3.006729,10.520766,16,3.428909,-3.006729,10.791178,0.082651,14,210,210,0,0,0.000000,210,210,100.000000,100.000000,100.000000,100.000000,100.000000,1,1,930.000000,930.000000,0.000000,1140.000000,1140.000000,0.000000,14,210,210,0,0,0.000000,210,210,100.000000,100.000000,100.000000,100.000000,100.000000,1,1,930.000000,930.000000,0.000000,1140.000000,1140.000000,0.000000,24.976051,24.856116,27.862845,93.764189,100.000000,100.000000,4,4.000000,4.000000,4.000000,11.000000,2.660000,11.000000,0.000000,100.000000,100.000000,100.000000
VA693_SB,AM,10,2.308065,9.007977,10,2.895837,2.257662,8.671523,0.482957,10,2.565424,9.975031,10,3.160554,2.521060,9.638434,0.454168,12,0.242892,0.813788,12,0.293175,-0.242892,0.828789,0.995152,10,150,150,0,0,0.000000,150,150,100.000000,100.000000,100.000000,100.000000,100.000000,2,2,360.000000,360.000000,0.000000,540.000000,540.000000,0.000000,10,150,120,-30,30,20.000000,120,150,80.000000,100.000000,80.000000,88.888889,80.000000,2,3,360.000000,360.000000,0.000000,540.000000,540.000000,0.000000,26.616608,29.063898,29.306790,95.727333,100.000000,100.000000,4,4.000000,4.000000,4.000000,11.000000,2.660000,11.000000,0.000000,100.000000,100.000000,100.000000
VA693_SB,MD,24,1.576729,5.909398,24,1.745666,-1.576207,5.984907,0.007362,24,4.278056,16.016294,24,5.138774,4.266159,16.238538,0.700758,24,5.842366,17.994406,24,6.780320,-5.842366,19.085686,0.017160,24,360,360,0,0,0.000000,360,360,100.000000,100.000000,100.000000,100.000000,100.000000,1,1,540.000000,540.000000,0.000000,900.000000,900.000000,0.000000,24,360,180,-180,180,50.000000,180,360,50.000000,100.000000,50.000000,66.666667,50.000000,1,3,540.000000,540.000000,0.000000,900.000000,900.000000,0.000000,26.345083,24.768876,30.611242,100.000000,100.000000,100.000000,4,4.000000,4.000000,4.000000,11.000000,2.660000,11.000000,0.000000,100.000000,100.000000,100.000000
VA693_SB,PM,14,0.441377,1.775419,14,0.537236,-0.377115,1.769457,0.768344,14,3.863335,15.663379,14,4.229264,3.863335,15.487902,0.340701,16,3.784731,12.969276,16,4.325552,-3.784731,13.352949,0.185454,14,210,210,0,0,0.000000,210,210,100.000000,100.000000,100.000000,100.000000,100.000000,1,1,930.000000,930.000000,0.000000,1140.000000,1140.000000,0.000000,14,210,210,0,0,0.000000,210,210,100.000000,100.000000,100.000000,100.000000,100.000000,1,1,930.000000,930.000000,0.000000,1140.000000,1140.000000,0.000000,24.944208,24.559055,28.343786,93.296466,100.000000,100.000000,4,4.000000,4.000000,4.000000,11.000000,2.660000,11.000000,0.000000,100.000000,100.000000,100.000000
VA694_NB,AM,12,0.655096,2.446397,12,0.774331,-0.161530,2.477765,0.893302,12,2.808838,10.827165,12,3.208494,2.415149,10.623846,0.332480,12,2.576679,8.700078,12,2.943586,-2.576679,8.930014,0.648434,12,180,180,0,0,0.000000,180,180,100.000000,100.000000,100.000000,100.000000,100.000000,1,1,360.000000,360.000000,0.000000,540.000000,540.000000,0.000000,12,180,150,-30,30,16.666667,150,180,83.333333,100.000000,83.333333,90.909091,83.333333,1,2,360.000000,360.000000,0.000000,540.000000,540.000000,0.000000,26.438990,26.277460,28.854139,100.000000,100.000000,100.000000,5,5.000000,5.000000,4.000000,10.000000,2.930000,10.000000,0.000000,100.000000,100.000000,80.000000
VA694_NB,MD,22,2.646718,10.210184,22,2.705619,-2.646718,10.252166,0.001003,22,3.921728,15.035062,22,4.685402,3.440503,15.190970,0.794794,24,6.135987,19.716076,24,7.068685,-6.135987,20.947002,0.010197,22,330,330,0,0,0.000000,330,330,100.000000,100.000000,100.000000,100.000000,100.000000,2,2,540.000000,540.000000,0.000000,900.000000,900.000000,0.000000,22,330,210,-120,120,36.363636,210,330,63.636364,100.000000,63.636364,77.777778,63.636364,2,3,540.000000,540.000000,0.000000,900.000000,900.000000,0.000000,25.816180,23.156927,29.292915,98.142492,100.000000,100.000000,5,5.000000,5.000000,4.000000,10.000000,2.930000,10.000000,0.000000,100.000000,100.000000,80.000000
VA694_NB,PM,16,0.991831,3.950703,16,1.296644,-0.934190,4.035655,0.118744,16,2.418444,9.998399,16,2.688619,1.865642,9.840387,0.407410,16,2.799833,10.377619,16,3.133019,-2.799833,10.588439,0.002420,16,240,240,0,0,0.000000,240,240,100.000000,100.000000,100.000000,100.000000,100.000000,1,1,900.000000,900.000000,0.000000,1140.000000,1140.000000,0.000000,16,240,240,0,0,0.000000,240,240,100.000000,100.000000,100.000000,100.000000,100.000000,1,1,900.000000,900.000000,0.000000,1140.000000,1140.000000,0.000000,24.576713,23.642523,26.442355,99.088577,100.000000,100.000000,5,5.000000,5.000000,4.000000,10.000000,2.930000,10.000000,0.000000,100.000000,100.000000,80.000000
VA694_SB,AM,10,1.996343,7.548349,10,2.225708,1.996343,7.383662,0.840427,10,4.504175,17.086268,10,5.124262,4.504175,16.659120,0.299301,12,2.571894,8.130979,12,3.035129,-2.571894,8.298488,0.668594,10,150,120,-30,30,20.000000,120,150,80.000000,100.000000,80.000000,88.888889,80.000000,2,2,360.000000,390.000000,30.000000,540.000000,540.000000,0.000000,10,150,60,-90,90,60.000000,60,150,40.000000,100.000000,40.000000,57.142857,40.000000,2,2,360.000000,435.000000,75.000000,540.000000,540.000000,0.000000,27.037296,28.420426,30.992320,92.101318,100.000000,100.000000,5,5.000000,5.000000,5.000000,10.000000,2.630000,10.000000,0.000000,100.000000,100.000000,100.000000
VA694_SB,MD,24,1.575551,5.916450,24,1.659359,-1.575551,5.953979,0.004807,24,3.764346,14.102835,24,4.529058,3.659733,14.225399,0.568604,24,5.235284,16.491760,24,6.053059,-5.235284,17.380336,0.001133,24,360,360,0,0,0.000000,360,360,100.000000,100.000000,100.000000,100.000000,100.000000,1,1,540.000000,540.000000,0.000000,900.000000,900.000000,0.000000,24,360,225,-135,135,37.500000,225,360,62.500000,100.000000,62.500000,76.923077,62.500000,1,3,540.000000,540.000000,0.000000,900.000000,900.000000,0.000000,26.462145,24.886594,30.121878,100.000000,100.000000,100.000000,5,5.000000,5.000000,5.000000,10.000000,2.630000,10.000000,0.000000,100.000000,100.000000,100.000000
VA694_SB,PM,16,0.851154,3.596911,16,0.902144,0.850311,3.571566,0.813361,16,1.947087,8.268341,16,2.111787,1.947087,8.170257,0.101015,16,1.096777,4.242316,16,1.255597,-1.096777,4.254619,0.000045,16,240,240,0,0,0.000000,240,240,100.000000,100.000000,100.000000,100.000000,100.000000,1,1,900.000000,900.000000,0.000000,1140.000000,1140.000000,0.000000,16,240,240,0,0,0.000000,240,240,100.000000,100.000000,100.000000,100.000000,100.000000,1,1,900.000000,900.000000,0.000000,1140.000000,1140.000000,0.000000,23.831408,24.681719,25.778496,100.000000,100.000000,100.000000,5,5.000000,5.000000,5.000000,10.000000,2.630000,10.000000,0.000000,100.000000,100.000000,100.000000
VA695_NB,AM,10,2.257365,9.239791,10,2.660929,2.186841,8.730658,0.685994,10,1.993581,8.113595,10,2.316694,1.924427,7.710440,0.773696,12,0.313134,1.170945,12,0.400270,0.297298,1.129474,0.983949,10,150,150,0,0,0.000000,150,150,100.000000,100.000000,100.000000,100.000000,100.000000,2,2,360.000000,360.000000,0.000000,540.000000,540.000000,0.000000,10,150,150,0,0,0.000000,150,150,100.000000,100.000000,100.000000,100.000000,100.000000,2,2,360.000000,360.000000,0.000000,540.000000,540.000000,0.000000,25.855607,28.021199,27.723901,95.950610,100.000000,100.000000,9,9.000000,9.000000,8.000000,15.000000,6.180000,15.000000,0.000000,100.000000,100.000000,88.888889
VA695_NB,MD,24,1.426590,5.554497,24,1.499345,-1.426590,5.580946,0.147034,24,4.540164,17.606470,24,5.522842,4.470254,17.761515,0.567090,24,5.896845,18.419928,24,6.897933,-5.896845,19.635167,0.007402,24,360,360,0,0,0.000000,360,360,100.000000,100.000000,100.000000,100.000000,100.000000,1,1,540.000000,540.000000,0.000000,900.000000,900.000000,0.000000,24,360,210,-150,150,41.666667,210,360,58.333333,100.000000,58.333333,73.684211,58.333333,1,3,540.000000,540.000000,0.000000,900.000000,900.000000,0.000000,25.561803,24.135213,30.032058,100.000000,100.000000,100.000000,9,9.000000,9.000000,8.000000,15.000000,6.180000,15.000000,0.000000,100.000000,100.000000,88.888889
VA695_NB,PM,16,0.431384,1.753833,16,0.494638,0.355492,1.741045,0.617255,16,5.050604,20.542431,16,5.897103,5.042695,20.383968,0.167006,16,4.687203,14.960297,16,5.441720,-4.687203,15.718302,0.017664,16,240,240,0,0,0.000000,240,240,100.000000,100.000000,100.000000,100.000000,100.000000,1,1,900.000000,900.000000,0.000000,1140.000000,1140.000000,0.000000,16,240,150,-90,90,37.500000,150,240,62.500000,100.000000,62.500000,76.923077,62.500000,1,3,900.000000,900.000000,0.000000,1140.000000,1140.000000,0.000000,24.777336,25.132828,29.820030,97.761663,100.000000,100.000000,9,9.000000,9.000000,8.000000,15.000000,6.180000,15.000000,0.000000,100.000000,100.000000,88.888889
VA695_SB,AM,10,0.442272,1.639819,10,0.469183,0.295199,1.629988,0.956262,10,5.598509,21.136326,10,6.210375,5.553913,20.633227,0.007322,12,4.606367,13.993075,12,5.391229,-4.606367,14.620832,0.266807,10,150,150,0,0,0.000000,150,150,100.000000,100.000000,100.000000,100.000000,100.000000,1,1,360.000000,360.000000,0.000000,510.000000,510.000000,0.000000,10,150,60,-90,90,60.000000,60,150,40.000000,100.000000,40.000000,57.142857,40.000000,1,3,360.000000,360.000000,0.000000,510.000000,510.000000,0.000000,27.133462,26.899136,31.505503,95.589343,100.000000,100.000000,10,10.000000,10.000000,6.000000,15.000000,6.560000,15.000000,0.000000,100.000000,100.000000,60.000000
VA695_SB,MD,24,1.673001,6.544774,24,1.725632,-1.673001,6.567908,0.122298,24,4.935071,19.233467,24,5.951578,4.770011,19.374223,0.541137,24,6.443012,19.921169,24,7.513536,-6.443012,21.304588,0.003516,24,360,360,0,0,0.000000,360,360,100.000000,100.000000,100.000000,100.000000,100.000000,1,1,540.000000,540.000000,0.000000,900.000000,900.000000,0.000000,24,360,195,-165,165,45.833333,195,360,54.166667,100.000000,54.166667,70.270270,54.166667,1,3,540.000000,540.000000,0.000000,900.000000,900.000000,0.000000,25.472356,23.799355,30.242366,98.114484,100.000000,100.000000,10,10.000000,10.000000,6.000000,15.000000,6.560000,15.000000,0.000000,100.000000,100.000000,60.000000
VA695_SB,PM,16,0.890511,3.809843,16,1.014676,0.873586,3.744570,0.724794,16,1.871868,7.993935,16,2.090783,1.864887,7.871147,0.001389,16,0.991360,3.836272,16,1.154813,-0.991301,3.865512,0.001694,16,240,240,0,0,0.000000,240,240,100.000000,100.000000,100.000000,100.000000,100.000000,1,1,900.000000,900.000000,0.000000,1140.000000,1140.000000,0.000000,16,240,240,0,0,0.000000,240,240,100.000000,100.000000,100.000000,100.000000,100.000000,1,1,900.000000,900.000000,0.000000,1140.000000,1140.000000,0.000000,23.781384,24.654970,25.646271,98.114484,100.000000,100.000000,10,10.000000,10.000000,6.000000,15.000000,6.560000,15.000000,0.000000,100.000000,100.000000,60.000000
VA703_NB,AM,10,1.477102,6.358119,10,1.650446,0.321197,6.219272,0.051136,10,3.286823,14.222360,10,3.912436,3.090300,13.839019,0.035686,12,3.079177,10.880973,12,3.511408,-3.079177,11.311058,0.689947,10,150,150,0,0,0.000000,150,150,100.000000,100.000000,100.000000,100.000000,100.000000,2,2,360.000000,360.000000,0.000000,540.000000,540.000000,0.000000,10,150,150,0,0,0.000000,150,150,100.000000,100.000000,100.000000,100.000000,100.000000,2,2,360.000000,360.000000,0.000000,540.000000,540.000000,0.000000,23.750406,24.143542,27.222720,94.171135,100.000000,100.000000,3,3.000000,3.000000,3.000000,8.000000,1.350000,8.000000,0.000000,100.000000,100.000000,100.000000
VA703_NB,MD,24,0.565249,2.327419,24,0.642098,-0.565249,2.338847,0.716275,24,3.380531,13.868051,24,4.014255,3.298113,13.987724,0.527248,24,3.863362,13.368072,24,4.468696,-3.863362,14.066003,0.717807,24,360,360,0,0,0.000000,360,360,100.000000,100.000000,100.000000,100.000000,100.000000,1,1,540.000000,540.000000,0.000000,900.000000,900.000000,0.000000,24,360,360,0,0,0.000000,360,360,100.000000,100.000000,100.000000,100.000000,100.000000,1,1,540.000000,540.000000,0.000000,900.000000,900.000000,0.000000,24.167841,23.602592,27.465954,100.000000,100.000000,100.000000,3,3.000000,3.000000,3.000000,8.000000,1.350000,8.000000,0.000000,100.000000,100.000000,100.000000
VA703_NB,PM,16,0.522063,2.276921,16,0.624588,0.156404,2.281155,0.099812,16,6.218905,27.551119,16,7.252410,6.119207,27.173509,0.660062,16,5.962802,19.369723,16,6.860466,-5.962802,20.557759,0.000250,16,240,240,0,0,0.000000,240,240,100.000000,100.000000,100.000000,100.000000,100.000000,1,1,900.000000,900.000000,0.000000,1140.000000,1140.000000,0.000000,16,240,150,-90,90,37.500000,150,240,62.500000,100.000000,62.500000,76.923077,62.500000,1,3,900.000000,900.000000,0.000000,1140.000000,1140.000000,0.000000,22.885912,23.042316,29.005119,99.435735,100.000000,100.000000,3,3.000000,3.000000,3.000000,8.000000,1.350000,8.000000,0.000000,100.000000,100.000000,100.000000
VA703_SB,AM,12,0.715468,3.126896,12,0.838993,0.595110,3.132885,0.365728,12,7.067105,30.974552,12,8.358693,7.023284,30.945364,0.001450,12,6.428174,19.860484,12,7.580519,-6.428174,21.527242,0.529189,12,180,180,0,0,0.000000,180,180,100.000000,100.000000,100.000000,100.000000,100.000000,1,1,360.000000,360.000000,0.000000,540.000000,540.000000,0.000000,12,180,90,-90,90,50.000000,90,180,50.000000,100.000000,50.000000,66.666667,50.000000,1,2,360.000000,360.000000,0.000000,540.000000,540.000000,0.000000,22.837362,23.432473,29.860646,100.000000,100.000000,100.000000,3,3.000000,3.000000,3.000000,8.000000,1.350000,8.000000,0.000000,100.000000,100.000000,100.000000
VA703_SB,MD,24,1.150843,4.969914,24,1.191826,-1.150843,4.987282,0.151417,24,7.453579,32.183128,24,8.958179,7.373275,32.300752,0.215295,24,8.524118,25.626866,24,10.002202,-8.524118,27.994893,0.000738,24,360,360,0,0,0.000000,360,360,100.000000,100.000000,100.000000,100.000000,100.000000,1,1,540.000000,540.000000,0.000000,900.000000,900.000000,0.000000,24,360,180,-180,180,50.000000,180,360,50.000000,100.000000,50.000000,66.666667,50.000000,1,2,540.000000,540.000000,0.000000,900.000000,900.000000,0.000000,23.075558,21.924714,30.448833,100.000000,100.000000,100.000000,3,3.000000,3.000000,3.000000,8.000000,1.350000,8.000000,0.000000,100.000000,100.000000,100.000000
VA703_SB,PM,16,1.361445,6.431933,16,1.673007,1.143997,6.302195,0.824627,16,2.631638,12.426923,16,3.182834,2.480406,12.181978,0.833152,16,1.336408,5.375112,16,1.552079,-1.336408,5.549151,0.989074,16,240,240,0,0,0.000000,240,240,100.000000,100.000000,100.000000,100.000000,100.000000,1,1,900.000000,900.000000,0.000000,1140.000000,1140.000000,0.000000,16,240,240,0,0,0.000000,240,240,100.000000,100.000000,100.000000,100.000000,100.000000,1,1,900.000000,900.000000,0.000000,1140.000000,1140.000000,0.000000,21.602711,22.746708,24.083117,100.000000,100.000000,100.000000,3,3.000000,3.000000,3.000000,8.000000,1.350000,8.000000,0.000000,100.000000,100.000000,100.000000
VA704_NB,AM,12,0.195508,0.505960,12,0.230810,0.051905,0.505922,0.658565,12,2.954086,7.660367,12,3.761749,2.911333,7.644390,0.031653,12,2.885537,6.673124,12,3.647614,-2.859429,6.943867,0.032051,12,0,0,0,0,,0,0,,,,,100.000000,0,0,,,,,,,12,0,0,0,0,,0,0,,,,,100.000000,0,0,,,,,,,38.643849,38.695754,41.555182,100.000000,100.000000,100.000000,5,5.000000,5.000000,4.000000,14.000000,9.760000,14.000000,0.000000,100.000000,100.000000,80.000000
VA704_NB,MD,24,0.879567,2.218843,24,0.947090,-0.879567,2.220626,0.370023,24,2.344223,5.906729,24,2.897717,1.847939,5.918413,0.143028,24,2.918902,6.805869,24,3.574381,-2.727506,7.040809,0.025685,24,0,0,0,0,,0,0,,,,,100.000000,0,0,,,,,,,24,0,0,0,0,,0,0,,,,,100.000000,0,0,,,,,,,39.608970,38.729403,41.456909,100.000000,100.000000,100.000000,5,5.000000,5.000000,4.000000,14.000000,9.760000,14.000000,0.000000,100.000000,100.000000,80.000000
VA704_NB,PM,14,0.741696,1.908110,14,0.938884,0.475131,1.882797,0.167984,14,1.173888,3.021563,14,1.630972,-0.306056,2.979918,0.466825,16,1.341815,3.634490,16,2.047186,0.652931,3.427317,0.009711,14,0,0,0,0,,0,0,,,,,100.000000,0,0,,,,,,,14,0,0,0,0,,0,0,,,,,100.000000,0,0,,,,,,,39.393290,39.803519,39.150588,96.824884,100.000000,100.000000,5,5.000000,5.000000,4.000000,14.000000,9.760000,14.000000,0.000000,100.000000,100.000000,80.000000
VA704_SB,AM,12,1.008079,2.634320,12,1.187415,1.000623,2.588572,0.845387,12,1.668474,4.304008,12,2.142319,-0.168399,4.284352,0.056469,12,1.475662,4.076574,12,2.341262,1.169021,3.805702,0.069993,12,0,0,0,0,,0,0,,,,,100.000000,0,0,,,,,,,12,0,0,0,0,,0,0,,,,,100.000000,0,0,,,,,,,38.943434,39.944057,38.775036,100.000000,100.000000,100.000000,5,5.000000,5.000000,5.000000,12.000000,9.130000,12.000000,0.000000,100.000000,100.000000,100.000000
VA704_SB,MD,23,0.414592,1.043255,23,0.487160,-0.389290,1.048237,0.486578,23,2.498420,6.323161,23,3.057501,2.200631,6.316899,0.006091,24,2.651866,6.174392,24,3.245405,-2.483494,6.367352,0.001991,23,0,0,0,0,,0,0,,,,,100.000000,0,0,,,,,,,23,0,0,0,0,,0,0,,,,,100.000000,0,0,,,,,,,39.551373,39.164371,41.647865,97.273045,100.000000,100.000000,5,5.000000,5.000000,5.000000,12.000000,9.130000,12.000000,0.000000,100.000000,100.000000,100.000000
VA704_SB,PM,13,0.306354,0.765803,13,0.351964,-0.265745,0.766103,0.602313,13,2.229360,5.587587,13,2.773693,1.783334,5.574989,0.015646,16,2.532815,5.867474,16,3.109569,-2.234931,6.036069,0.019227,13,0,0,0,0,,0,0,,,,,100.000000,0,0,,,,,,,13,0,0,0,0,,0,0,,,,,100.000000,0,0,,,,,,,39.988603,39.726403,41.961334,93.363886,100.000000,100.000000,5,5.000000,5.000000,5.000000,12.000000,9.130000,12.000000,0.000000,100.000000,100.000000,100.000000
VA705_EB,AM,12,1.255524,3.517384,12,1.641071,1.253157,3.387228,0.759077,12,1.034828,2.897887,12,1.504560,0.252305,2.791819,0.563229,12,1.148482,3.352064,12,2.115478,1.000853,3.077495,0.281619,12,0,0,0,0,,0,0,,,,,100.000000,0,0,,,,,,,12,0,0,0,0,,0,0,,,,,100.000000,0,0,,,,,,,37.066426,38.319583,37.318731,100.000000,100.000000,100.000000,1,1.000000,1.000000,0.000000,4.000000,4.100000,4.000000,0.000000,100.000000,100.000000,0.000000
VA705_EB,MD,24,1.244713,3.183513,24,1.493201,-1.137970,3.210692,0.225497,24,1.636529,4.194029,24,2.528561,-1.499082,4.221368,0.021330,24,1.034567,2.996469,24,1.834779,0.361112,2.775970,0.108920,24,0,0,0,0,,0,0,,,,,100.000000,0,0,,,,,,,24,0,15,15,15,,0,15,0.000000,0.000000,,,95.833333,0,1,,720.000000,,,735.000000,,38.767748,37.629778,37.268666,100.000000,100.000000,100.000000,1,1.000000,1.000000,0.000000,4.000000,4.100000,4.000000,0.000000,100.000000,100.000000,0.000000
VA705_EB,PM,16,0.774932,2.103792,16,1.133736,0.611494,2.054576,0.059233,16,1.177460,3.169579,16,1.919511,-0.144374,3.121797,0.062058,16,0.996780,2.936850,16,2.061644,0.755868,2.652915,0.021669,16,0,0,0,0,,0,0,,,,,100.000000,0,0,,,,,,,16,0,0,0,0,,0,0,,,,,100.000000,0,0,,,,,,,37.717381,38.328875,37.573007,100.000000,100.000000,100.000000,1,1.000000,1.000000,0.000000,4.000000,4.100000,4.000000,0.000000,100.000000,100.000000,0.000000
VA705_NB,AM,10,2.177746,10.116744,10,2.782614,2.177192,9.963553,0.086589,10,1.833138,8.517958,10,2.344945,1.831528,8.386914,0.052023,12,0.422400,1.699075,12,0.518348,0.422400,1.758786,0.996656,10,150,150,0,0,0.000000,150,150,100.000000,100.000000,100.000000,100.000000,100.000000,2,2,360.000000,360.000000,0.000000,540.000000,540.000000,0.000000,10,150,150,0,0,0.000000,150,150,100.000000,100.000000,100.000000,100.000000,100.000000,2,2,360.000000,360.000000,0.000000,540.000000,540.000000,0.000000,21.857124,24.438989,24.016589,88.119949,100.000000,100.000000,2,2.000000,2.000000,2.000000,7.000000,1.410000,7.000000,0.000000,100.000000,100.000000,100.000000
VA705_NB,MD,24,0.913888,4.035603,24,0.985233,-0.913888,4.058219,0.312100,24,5.388333,23.743225,24,6.509182,5.388333,23.927490,0.446977,24,6.302220,20.951179,24,7.421949,-6.302220,22.582325,0.005449,24,360,360,0,0,0.000000,360,360,100.000000,100.000000,100.000000,100.000000,100.000000,1,1,540.000000,540.000000,0.000000,900.000000,900.000000,0.000000,24,360,270,-90,90,25.000000,270,360,75.000000,100.000000,75.000000,85.714286,75.000000,1,3,540.000000,540.000000,0.000000,900.000000,900.000000,0.000000,22.519424,21.605536,27.907757,100.000000,100.000000,100.000000,2,2.000000,2.000000,2.000000,7.000000,1.410000,7.000000,0.000000,100.000000,100.000000,100.000000
VA705_NB,PM,16,0.307157,1.395979,16,0.377893,0.288821,1.386219,0.555539,16,5.313968,24.094299,16,6.164992,5.313968,23.982312,0.131986,16,5.025147,17.282222,16,5.832870,-5.025147,18.291999,0.008957,16,240,240,0,0,0.000000,240,240,100.000000,100.000000,100.000000,100.000000,100.000000,1,1,900.000000,900.000000,0.000000,1140.000000,1140.000000,0.000000,16,240,240,0,0,0.000000,240,240,100.000000,100.000000,100.000000,100.000000,100.000000,1,1,900.000000,900.000000,0.000000,1140.000000,1140.000000,0.000000,22.157862,22.446683,27.471830,100.000000,100.000000,100.000000,2,2.000000,2.000000,2.000000,7.000000,1.410000,7.000000,0.000000,100.000000,100.000000,100.000000
VA705_SB,AM,12,0.501954,2.204498,12,0.572228,0.494653,2.210932,0.878518,12,5.846592,25.920126,12,6.831284,5.846592,25.752168,0.019356,12,5.351939,17.613953,12,6.290525,-5.351939,18.745917,0.040076,12,180,180,0,0,0.000000,180,180,100.000000,100.000000,100.000000,100.000000,100.000000,1,1,360.000000,360.000000,0.000000,540.000000,540.000000,0.000000,12,180,135,-45,45,25.000000,135,180,75.000000,100.000000,75.000000,85.714286,75.000000,1,3,360.000000,360.000000,0.000000,540.000000,540.000000,0.000000,22.703298,23.197951,28.549890,100.000000,100.000000,100.000000,2,2.000000,2.000000,2.000000,7.000000,1.410000,7.000000,0.000000,100.000000,100.000000,100.000000
VA705_SB,MD,22,0.502645,2.279073,22,0.565456,-0.502645,2.279110,0.330394,22,5.615951,25.407064,22,6.649888,5.576223,25.464059,0.231227,24,5.904672,20.055804,24,6.904930,-5.904672,21.477292,0.005222,22,330,330,0,0,0.000000,330,330,100.000000,100.000000,100.000000,100.000000,100.000000,2,2,540.000000,540.000000,0.000000,900.000000,900.000000,0.000000,22,330,255,-75,75,22.727273,255,330,77.272727,100.000000,77.272727,87.179487,77.272727,2,4,540.000000,540.000000,0.000000,900.000000,900.000000,0.000000,22.054421,21.587955,27.492627,94.059974,100.000000,100.000000,2,2.000000,2.000000,2.000000,7.000000,1.410000,7.000000,0.000000,100.000000,100.000000,100.000000
VA705_SB,PM,14,1.001304,4.882149,14,1.128580,1.001304,4.853125,0.000130,14,1.056105,5.150276,14,1.189407,1.056105,5.118738,0.004164,16,0.056753,0.260088,16,0.068090,-0.056753,0.260993,0.991744,14,210,210,0,0,0.000000,210,210,100.000000,100.000000,100.000000,100.000000,100.000000,2,2,900.000000,900.000000,0.000000,1140.000000,1140.000000,0.000000,14,210,210,0,0,0.000000,210,210,100.000000,100.000000,100.000000,100.000000,100.000000,2,2,900.000000,900.000000,0.000000,1140.000000,1140.000000,0.000000,20.632140,21.688140,21.744892,91.089961,100.000000,100.000000,2,2.000000,2.000000,2.000000,7.000000,1.410000,7.000000,0.000000,100.000000,100.000000,100.000000
VA705_WB,AM,12,1.254307,3.529553,12,1.667188,1.185454,3.386895,0.883626,12,1.588721,4.452087,12,2.088659,1.057023,4.289885,0.105906,12,0.756182,2.085685,12,1.290816,0.128431,1.985191,0.147146,12,0,0,0,0,,0,0,,,,,100.000000,0,0,,,,,,,12,0,0,0,0,,0,0,,,,,100.000000,0,0,,,,,,,37.034130,38.219583,38.091153,100.000000,100.000000,100.000000,1,1.000000,1.000000,0.000000,4.000000,4.100000,4.000000,0.000000,100.000000,100.000000,0.000000
VA705_WB,MD,24,2.026624,5.121811,24,2.219679,-2.026462,5.169873,0.031377,24,2.031527,5.139178,24,2.745526,-2.022808,5.182381,0.000656,24,1.093551,3.093542,24,1.659065,-0.003654,2.941407,0.010992,24,0,0,0,0,,0,0,,,,,100.000000,0,0,,,,,,,24,0,0,0,0,,0,0,,,,,100.000000,0,0,,,,,,,39.200642,37.174181,37.177834,100.000000,100.000000,100.000000,1,1.000000,1.000000,0.000000,4.000000,4.100000,4.000000,0.000000,100.000000,100.000000,0.000000
VA705_WB,PM,16,0.513024,1.356443,16,0.570659,-0.214696,1.356294,0.745062,16,1.437712,3.820077,16,2.238834,-1.130972,3.800917,0.091219,16,1.175170,3.507283,16,2.179485,0.916276,3.202583,0.031573,16,0,0,0,0,,0,0,,,,,100.000000,0,0,,,,,,,16,0,15,15,15,,0,15,0.000000,0.000000,,,93.750000,0,1,,1020.000000,,,1035.000000,,37.825404,37.610708,36.694432,100.000000,100.000000,100.000000,1,1.000000,1.000000,0.000000,4.000000,4.100000,4.000000,0.000000,100.000000,100.000000,0.000000
VA716_NB,AM,10,0.538743,2.710282,10,0.751940,-0.522503,2.788827,0.436658,10,5.351819,27.906647,10,6.079917,4.980437,27.703917,0.184610,12,5.180077,20.279954,12,5.996289,-5.180077,21.654907,0.055989,10,150,150,0,0,0.000000,150,150,100.000000,100.000000,100.000000,100.000000,100.000000,2,2,360.000000,360.000000,0.000000,540.000000,540.000000,0.000000,10,150,150,0,0,0.000000,150,150,100.000000,100.000000,100.000000,100.000000,100.000000,2,2,360.000000,360.000000,0.000000,540.000000,540.000000,0.000000,19.317914,18.740954,23.921031,91.092060,100.000000,100.000000,4,4.000000,4.000000,3.000000,6.000000,1.140000,6.000000,0.000000,100.000000,100.000000,75.000000
VA716_NB,MD,24,1.081520,5.558758,24,1.128007,-1.081520,5.585302,0.144321,24,4.292754,22.119468,24,5.079539,4.201504,22.169093,0.125689,24,5.283025,21.067165,24,6.052815,-5.283025,22.418765,0.004018,24,360,360,0,0,0.000000,360,360,100.000000,100.000000,100.000000,100.000000,100.000000,1,1,540.000000,540.000000,0.000000,900.000000,900.000000,0.000000,24,360,360,0,0,0.000000,360,360,100.000000,100.000000,100.000000,100.000000,100.000000,1,1,540.000000,540.000000,0.000000,900.000000,900.000000,0.000000,19.363686,18.282166,23.565191,100.000000,100.000000,100.000000,4,4.000000,4.000000,3.000000,6.000000,1.140000,6.000000,0.000000,100.000000,100.000000,75.000000
VA716_NB,PM,14,0.335990,1.865027,14,0.386223,0.188879,1.846903,0.133331,14,2.841645,15.807997,14,3.460803,2.803630,15.620228,0.567600,16,2.807060,12.676670,16,3.274319,-2.807060,13.255171,0.021154,14,210,210,0,0,0.000000,210,210,100.000000,100.000000,100.000000,100.000000,100.000000,2,2,900.000000,900.000000,0.000000,1140.000000,1140.000000,0.000000,14,210,210,0,0,0.000000,210,210,100.000000,100.000000,100.000000,100.000000,100.000000,2,2,900.000000,900.000000,0.000000,1140.000000,1140.000000,0.000000,18.192085,18.370034,21.177094,93.957971,100.000000,100.000000,4,4.000000,4.000000,3.000000,6.000000,1.140000,6.000000,0.000000,100.000000,100.000000,75.000000
VA716_SB,AM,12,0.907502,4.506713,12,0.976118,0.798004,4.488888,0.456113,12,4.994964,24.851609,12,5.655772,4.928326,24.707196,0.487166,12,4.130322,15.610393,12,4.721790,-4.130322,16.426040,0.761767,12,180,180,0,0,0.000000,180,180,100.000000,100.000000,100.000000,100.000000,100.000000,1,1,360.000000,360.000000,0.000000,540.000000,540.000000,0.000000,12,180,180,0,0,0.000000,180,180,100.000000,100.000000,100.000000,100.000000,100.000000,1,1,360.000000,360.000000,0.000000,540.000000,540.000000,0.000000,20.216638,21.014642,25.144963,100.000000,100.000000,100.000000,4,4.000000,4.000000,3.000000,6.000000,1.140000,6.000000,0.000000,100.000000,100.000000,75.000000
VA716_SB,MD,24,0.996361,4.891949,24,1.110755,-0.984265,4.864824,0.728885,24,3.880371,18.935465,24,4.533537,3.760055,18.946267,0.127173,24,4.744320,18.611506,24,5.397830,-4.744320,19.571483,0.090251,24,360,360,0,0,0.000000,360,360,100.000000,100.000000,100.000000,100.000000,100.000000,1,1,540.000000,540.000000,0.000000,900.000000,900.000000,0.000000,24,360,360,0,0,0.000000,360,360,100.000000,100.000000,100.000000,100.000000,100.000000,1,1,540.000000,540.000000,0.000000,900.000000,900.000000,0.000000,20.480929,19.496664,24.240984,100.000000,100.000000,100.000000,4,4.000000,4.000000,3.000000,6.000000,1.140000,6.000000,0.000000,100.000000,100.000000,75.000000
VA716_SB,PM,16,0.870466,4.962557,16,1.049027,0.533603,4.910238,0.024238,16,2.566468,14.714670,16,3.093236,2.532457,14.477276,0.422490,16,1.998853,9.587400,16,2.317171,-1.998853,9.865997,0.296577,16,240,240,0,0,0.000000,240,240,100.000000,100.000000,100.000000,100.000000,100.000000,1,1,900.000000,900.000000,0.000000,1140.000000,1140.000000,0.000000,16,240,240,0,0,0.000000,240,240,100.000000,100.000000,100.000000,100.000000,100.000000,1,1,900.000000,900.000000,0.000000,1140.000000,1140.000000,0.000000,17.727565,18.261168,20.260021,100.000000,100.000000,100.000000,4,4.000000,4.000000,3.000000,6.000000,1.140000,6.000000,0.000000,100.000000,100.000000,75.000000
VA738_NB,AM,12,0.607372,1.855416,12,0.895466,0.601334,1.809756,0.804922,12,1.809094,5.428030,12,2.059415,1.809094,5.390463,0.639538,12,1.329989,3.702727,12,1.618052,-1.207760,3.760205,0.550323,12,0,0,0,0,,0,0,,,,,100.000000,0,0,,,,,,,12,0,0,0,0,,0,0,,,,,100.000000,0,0,,,,,,,33.561013,34.162347,35.370107,100.000000,100.000000,100.000000,2,2.000000,2.000000,2.000000,14.000000,5.260000,14.000000,0.000000,100.000000,100.000000,100.000000
VA738_NB,MD,24,0.201096,0.632885,24,0.253894,0.153164,0.630028,0.427328,24,1.689122,5.299461,24,1.961944,1.689122,5.291972,0.000023,24,1.535958,4.494248,24,1.803335,-1.535958,4.570255,0.031672,24,15,0,-15,15,100.000000,0,15,0.000000,,0.000000,,95.833333,1,0,780.000000,,,795.000000,,,24,15,0,-15,15,100.000000,0,15,0.000000,,0.000000,,95.833333,1,0,780.000000,,,795.000000,,,31.918580,32.071744,33.607702,100.000000,100.000000,100.000000,2,2.000000,2.000000,2.000000,14.000000,5.260000,14.000000,0.000000,100.000000,100.000000,100.000000
VA738_NB,PM,14,1.663669,5.328465,14,2.231673,-0.953003,5.260779,0.616878,14,1.121475,3.557416,14,1.260199,0.110899,3.546276,0.692590,16,1.283997,4.253802,16,1.662351,-1.283997,4.082787,0.938901,14,120,120,0,0,0.000000,105,135,77.777778,87.500000,87.500000,87.500000,85.714286,3,2,915.000000,900.000000,-15.000000,1080.000000,1050.000000,-30.000000,14,120,90,-30,30,25.000000,90,120,75.000000,100.000000,75.000000,85.714286,85.714286,3,2,915.000000,915.000000,0.000000,1080.000000,1035.000000,-45.000000,31.624006,30.165036,31.449033,93.938322,100.000000,100.000000,2,2.000000,2.000000,2.000000,14.000000,5.260000,14.000000,0.000000,100.000000,100.000000,100.000000
VA738_SB,AM,12,0.725439,2.171529,12,0.842351,0.564731,2.136073,0.958960,12,1.190551,3.530853,12,1.481202,1.043975,3.505605,0.895843,12,0.533949,1.500249,12,0.722294,-0.479244,1.525337,0.973956,12,45,30,-15,15,33.333333,30,45,66.666667,100.000000,66.666667,80.000000,91.666667,1,1,450.000000,450.000000,0.000000,495.000000,480.000000,-15.000000,12,45,15,-30,30,66.666667,15,45,33.333333,100.000000,33.333333,50.000000,83.333333,1,1,450.000000,450.000000,0.000000,495.000000,465.000000,-30.000000,33.961355,34.526086,35.005331,100.000000,100.000000,100.000000,2,2.000000,2.000000,2.000000,14.000000,5.260000,14.000000,0.000000,100.000000,100.000000,100.000000
VA738_SB,MD,24,0.446972,1.347684,24,0.496514,-0.434972,1.353413,0.696305,24,0.876413,2.650836,24,1.079068,0.737560,2.653740,0.352112,24,1.266988,3.696653,24,1.488259,-1.172533,3.752578,0.092528,24,0,0,0,0,,0,0,,,,,100.000000,0,0,,,,,,,24,0,0,0,0,,0,0,,,,,100.000000,0,0,,,,,,,33.025578,32.590605,33.763138,100.000000,100.000000,100.000000,2,2.000000,2.000000,2.000000,14.000000,5.260000,14.000000,0.000000,100.000000,100.000000,100.000000
VA738_SB,PM,16,0.911585,2.834772,16,1.073037,0.908539,2.817877,0.538468,16,1.815424,5.645761,16,2.184646,1.811629,5.611811,0.091409,16,1.158011,3.355887,16,1.371513,-0.903090,3.389795,0.277409,16,0,0,0,0,,0,0,,,,,100.000000,0,0,,,,,,,16,0,0,0,0,,0,0,,,,,100.000000,0,0,,,,,,,32.350049,33.258588,34.161677,100.000000,100.000000,100.000000,2,2.000000,2.000000,2.000000,14.000000,5.260000,14.000000,0.000000,100.000000,100.000000,100.000000
VA784_EB,AM,10,1.248327,3.559305,10,1.426002,1.034355,3.529452,0.543956,10,1.382698,3.923825,10,1.753263,0.048439,3.909365,0.429888,12,1.492776,4.428057,12,2.200980,0.769767,4.138540,0.350666,10,0,0,0,0,,0,0,,,,,100.000000,0,0,,,,,,,10,0,0,0,0,,0,0,,,,,100.000000,0,0,,,,,,,35.368867,36.839868,36.070101,93.256736,100.000000,100.000000,6,6.000000,6.000000,6.000000,11.000000,3.750000,11.000000,0.000000,100.000000,100.000000,100.000000
VA784_EB,MD,22,1.486034,4.088986,22,1.598100,-1.482501,4.114836,0.000077,22,1.856646,5.111325,22,2.635442,-1.753935,5.141063,0.018463,24,1.379959,4.145901,24,1.746920,0.204023,4.009486,0.000373,22,0,0,0,0,,0,0,,,,,100.000000,0,0,,,,,,,22,0,45,45,45,,0,45,0.000000,0.000000,,,86.363636,0,1,,705.000000,,,750.000000,,36.114047,34.621390,34.417367,96.628368,100.000000,100.000000,6,6.000000,6.000000,6.000000,11.000000,3.750000,11.000000,0.000000,100.000000,100.000000,100.000000
VA784_EB,PM,16,1.348676,4.353328,16,1.609804,1.348676,4.353741,0.680635,16,1.252280,4.010532,16,1.661160,0.982851,4.042559,0.664449,16,0.681604,2.231304,16,0.988834,0.365826,2.132659,0.857818,16,180,90,-90,90,50.000000,90,180,50.000000,100.000000,50.000000,66.666667,62.500000,1,1,960.000000,1020.000000,60.000000,1140.000000,1110.000000,-30.000000,16,180,120,-60,60,33.333333,120,180,66.666667,100.000000,66.666667,80.000000,75.000000,1,1,960.000000,990.000000,30.000000,1140.000000,1110.000000,-30.000000,30.977417,32.326093,31.960267,100.000000,100.000000,100.000000,6,6.000000,6.000000,6.000000,11.000000,3.750000,11.000000,0.000000,100.000000,100.000000,100.000000
VA784_WB,AM,8,1.650464,4.853018,8,1.858256,1.650464,4.917106,0.906181,8,3.144780,9.266181,8,3.826797,2.996690,9.369010,0.554922,12,2.114632,5.733403,12,2.456328,-1.402359,5.761517,0.560952,8,0,0,0,0,,0,0,,,,,100.000000,0,0,,,,,,,8,0,0,0,0,,0,0,,,,,100.000000,0,0,,,,,,,33.565767,35.300336,36.702695,84.529667,100.000000,100.000000,6,6.000000,6.000000,6.000000,11.000000,3.750000,11.000000,0.000000,100.000000,100.000000,100.000000
VA784_WB,MD,23,1.529822,4.779143,23,1.644907,-1.529822,4.802142,0.701278,23,1.283019,4.020111,23,1.620544,1.069981,4.027425,0.458978,24,2.494314,7.416410,24,2.948196,-2.494314,7.615272,0.257689,23,135,285,150,150,111.111111,135,285,47.368421,47.368421,100.000000,64.285714,56.521739,1,1,750.000000,600.000000,-150.000000,885.000000,885.000000,0.000000,23,135,75,-60,60,44.444444,45,165,27.272727,60.000000,33.333333,42.857143,65.217391,1,2,750.000000,705.000000,-45.000000,885.000000,885.000000,0.000000,31.857063,30.259788,32.754102,98.973017,100.000000,100.000000,6,6.000000,6.000000,6.000000,11.000000,3.750000,11.000000,0.000000,100.000000,100.000000,100.000000
VA784_WB,PM,15,0.512789,1.842212,15,0.589124,0.076329,1.857178,0.730951,15,0.556909,2.053170,15,0.677025,0.508791,2.016965,0.858493,16,0.419065,1.487342,16,0.518529,-0.407688,1.488225,0.880454,15,225,225,0,0,0.000000,225,225,100.000000,100.000000,100.000000,100.000000,100.000000,1,1,915.000000,915.000000,0.000000,1140.000000,1140.000000,0.000000,15,225,225,0,0,0.000000,225,225,100.000000,100.000000,100.000000,100.000000,100.000000,1,1,915.000000,915.000000,0.000000,1140.000000,1140.000000,0.000000,27.611210,27.751042,28.158730,96.762254,100.000000,100.000000,6,6.000000,6.000000,6.000000,11.000000,3.750000,11.000000,0.000000,100.000000,100.000000,100.000000
VA789_EB,AM,12,1.430003,5.928054,12,1.676665,-1.430003,6.081290,0.623775,12,6.769234,29.342429,12,8.093300,5.922660,28.787123,0.161171,12,7.352663,22.817081,12,8.803672,-7.352663,24.977233,0.009465,12,180,180,0,0,0.000000,180,180,100.000000,100.000000,100.000000,100.000000,100.000000,1,1,360.000000,360.000000,0.000000,540.000000,540.000000,0.000000,12,180,90,-90,90,50.000000,90,180,50.000000,100.000000,50.000000,66.666667,50.000000,1,2,360.000000,360.000000,0.000000,540.000000,540.000000,0.000000,23.514800,22.084797,29.437459,100.000000,100.000000,100.000000,2,2.000000,2.000000,1.000000,3.000000,0.310000,3.000000,0.000000,100.000000,100.000000,50.000000
VA789_EB,MD,24,2.796978,12.334511,24,2.848837,-2.796978,12.400546,0.869289,24,5.945402,26.242589,24,7.081997,5.077331,26.359246,0.071823,24,7.874309,25.906847,24,9.360892,-7.874309,28.496435,0.025076,24,360,360,0,0,0.000000,360,360,100.000000,100.000000,100.000000,100.000000,100.000000,1,1,540.000000,540.000000,0.000000,900.000000,900.000000,0.000000,24,360,255,-105,105,29.166667,255,360,70.833333,100.000000,70.833333,82.926829,70.833333,1,3,540.000000,540.000000,0.000000,900.000000,900.000000,0.000000,22.555281,19.758302,27.632612,99.043625,100.000000,100.000000,2,2.000000,2.000000,1.000000,3.000000,0.310000,3.000000,0.000000,100.000000,100.000000,50.000000
VA789_EB,PM,16,2.868041,14.124283,16,3.519897,1.995600,13.958152,0.127693,16,2.780126,13.690522,16,3.400047,1.891614,13.530288,0.125579,16,0.103986,0.431088,16,0.128105,0.103986,0.463414,0.999982,16,240,240,0,0,0.000000,240,240,100.000000,100.000000,100.000000,100.000000,100.000000,1,1,900.000000,900.000000,0.000000,1140.000000,1140.000000,0.000000,16,240,240,0,0,0.000000,240,240,100.000000,100.000000,100.000000,100.000000,100.000000,1,1,900.000000,900.000000,0.000000,1140.000000,1140.000000,0.000000,20.547426,22.543025,22.439040,100.000000,100.000000,100.000000,2,2.000000,2.000000,1.000000,3.000000,0.310000,3.000000,0.000000,100.000000,100.000000,50.000000
VA789_WB,AM,12,1.682981,6.726944,12,1.871334,1.453225,6.538320,0.675147,12,2.093848,8.391238,12,2.356348,1.936707,8.134521,0.494049,12,0.551306,1.981977,12,0.677662,-0.483482,1.991929,0.782456,12,180,180,0,0,0.000000,180,180,100.000000,100.000000,100.000000,100.000000,100.000000,1,1,360.000000,360.000000,0.000000,540.000000,540.000000,0.000000,12,180,180,0,0,0.000000,180,180,100.000000,100.000000,100.000000,100.000000,100.000000,1,1,360.000000,360.000000,0.000000,540.000000,540.000000,0.000000,25.740273,27.193498,27.676981,100.000000,100.000000,100.000000,2,2.000000,2.000000,1.000000,3.000000,0.310000,3.000000,0.000000,100.000000,100.000000,50.000000
VA789_WB,MD,24,0.644472,2.752420,24,0.808555,0.642949,2.694248,0.790839,24,1.918836,8.084842,24,2.037644,1.918836,8.021795,0.615811,24,1.275887,4.890868,24,1.441286,-1.275887,4.937812,0.581074,24,360,360,0,0,0.000000,360,360,100.000000,100.000000,100.000000,100.000000,100.000000,1,1,540.000000,540.000000,0.000000,900.000000,900.000000,0.000000,24,360,360,0,0,0.000000,360,360,100.000000,100.000000,100.000000,100.000000,100.000000,1,1,540.000000,540.000000,0.000000,900.000000,900.000000,0.000000,23.920281,24.563230,25.839117,100.000000,100.000000,100.000000,2,2.000000,2.000000,1.000000,3.000000,0.310000,3.000000,0.000000,100.000000,100.000000,50.000000
VA789_WB,PM,16,1.331531,6.144458,16,1.472041,1.099324,6.059011,0.342036,16,1.227851,5.603966,16,1.294530,0.614811,5.587225,0.143510,16,0.484513,2.192285,16,0.608205,0.484513,2.144732,0.820345,16,240,240,0,0,0.000000,240,240,100.000000,100.000000,100.000000,100.000000,100.000000,1,1,900.000000,900.000000,0.000000,1140.000000,1140.000000,0.000000,16,240,240,0,0,0.000000,240,240,100.000000,100.000000,100.000000,100.000000,100.000000,1,1,900.000000,900.000000,0.000000,1140.000000,1140.000000,0.000000,21.976038,23.075362,22.590849,100.000000,100.000000,100.000000,2,2.000000,2.000000,1.000000,3.000000,0.310000,3.000000,0.000000,100.000000,100.000000,50.000000
VA7BR_EB,AM,8,1.757996,6.133849,8,2.232016,1.219842,5.834951,0.264255,8,4.034844,14.035783,8,5.135564,3.665640,13.392022,0.034108,12,2.729388,7.806370,12,3.200930,-2.729388,8.080347,0.548628,8,75,30,-45,45,60.000000,30,75,40.000000,100.000000,40.000000,57.142857,62.500000,3,2,405.000000,480.000000,75.000000,540.000000,540.000000,0.000000,8,75,15,-60,60,80.000000,15,75,20.000000,100.000000,20.000000,33.333333,50.000000,3,1,405.000000,525.000000,120.000000,540.000000,540.000000,0.000000,30.128714,31.048711,33.778098,89.721550,100.000000,100.000000,9,9.000000,9.000000,8.000000,21.000000,9.570000,21.000000,0.000000,100.000000,100.000000,88.888889
VA7BR_EB,MD,24,1.847499,6.176950,24,1.881574,-1.847499,6.189382,0.058753,24,7.034411,23.473202,24,8.718649,6.762173,23.566269,0.301970,24,8.609672,21.557874,24,10.315876,-8.609672,23.516200,0.006514,24,360,360,0,0,0.000000,360,360,100.000000,100.000000,100.000000,100.000000,100.000000,1,1,540.000000,540.000000,0.000000,900.000000,900.000000,0.000000,24,360,90,-270,270,75.000000,90,360,25.000000,100.000000,25.000000,40.000000,25.000000,1,2,540.000000,540.000000,0.000000,900.000000,900.000000,0.000000,29.849491,28.001992,36.611665,100.000000,100.000000,100.000000,9,9.000000,9.000000,8.000000,21.000000,9.570000,21.000000,0.000000,100.000000,100.000000,88.888889
VA7BR_EB,PM,14,1.014023,3.378308,14,1.078672,0.141666,3.379567,0.000152,14,5.207354,17.454233,14,6.493803,5.083116,17.355234,0.001404,16,5.290300,14.009334,16,6.333635,-5.290300,14.931268,0.607592,14,180,210,30,30,16.666667,180,210,85.714286,85.714286,100.000000,92.307692,85.714286,3,2,900.000000,900.000000,0.000000,1140.000000,1140.000000,0.000000,14,180,60,-120,120,66.666667,60,180,33.333333,100.000000,33.333333,50.000000,42.857143,3,2,900.000000,900.000000,0.000000,1140.000000,1140.000000,0.000000,30.004518,30.140715,35.431015,94.512053,100.000000,100.000000,9,9.000000,9.000000,8.000000,21.000000,9.570000,21.000000,0.000000,100.000000,100.000000,88.888889
VA7BR_WB,AM,11,0.815360,2.635391,11,0.886953,0.585305,2.657878,0.882939,11,8.234059,27.061814,11,9.572403,8.234059,26.841044,0.042987,12,7.030411,17.041521,12,8.451331,-7.030411,18.255021,0.081630,11,120,90,-30,30,25.000000,90,120,75.000000,100.000000,75.000000,85.714286,81.818182,1,1,420.000000,450.000000,30.000000,540.000000,540.000000,0.000000,11,120,15,-105,105,87.500000,15,120,12.500000,100.000000,12.500000,22.222222,36.363636,1,1,420.000000,525.000000,105.000000,540.000000,540.000000,0.000000,30.677119,31.481791,38.512202,95.485504,100.000000,100.000000,9,9.000000,9.000000,8.000000,20.000000,8.960000,20.000000,0.000000,100.000000,100.000000,88.888889
VA7BR_WB,MD,24,1.019373,3.424034,24,1.059657,-1.019373,3.432317,0.345489,24,7.442438,25.027663,24,9.158914,7.371400,25.059328,0.056322,24,8.390774,20.831037,24,10.035866,-8.390774,22.634532,0.001327,24,360,360,0,0,0.000000,360,360,100.000000,100.000000,100.000000,100.000000,100.000000,1,1,540.000000,540.000000,0.000000,900.000000,900.000000,0.000000,24,360,90,-270,270,75.000000,90,360,25.000000,100.000000,25.000000,40.000000,25.000000,1,2,540.000000,540.000000,0.000000,900.000000,900.000000,0.000000,29.699273,28.679899,37.070673,99.715333,100.000000,100.000000,9,9.000000,9.000000,8.000000,20.000000,8.960000,20.000000,0.000000,100.000000,100.000000,88.888889
VA7BR_WB,PM,16,3.319898,12.097359,16,3.968575,3.319707,11.843619,0.614318,16,3.269648,11.912095,16,3.921034,3.266790,11.664357,0.544387,16,0.219953,0.696416,16,0.282786,0.052917,0.702772,0.959479,16,240,120,-120,120,50.000000,120,240,50.000000,100.000000,50.000000,66.666667,50.000000,1,2,900.000000,900.000000,0.000000,1140.000000,1140.000000,0.000000,16,240,120,-120,120,50.000000,120,240,50.000000,100.000000,50.000000,66.666667,50.000000,1,2,900.000000,900.000000,0.000000,1140.000000,1140.000000,0.000000,28.031107,31.350813,31.297896,100.000000,100.000000,100.000000,9,9.000000,9.000000,8.000000,20.000000,8.960000,20.000000,0.000000,100.000000,100.000000,88.888889
VA7_EB,AM,12,1.060135,2.830046,12,1.282827,1.001811,2.825209,0.943713,12,2.169674,5.916225,12,2.893617,-0.798633,5.782076,0.728677,12,2.339686,7.257175,12,3.555722,1.800444,6.370739,0.643883,12,120,105,-15,15,12.500000,105,120,87.500000,100.000000,87.500000,93.333333,91.666667,1,1,420.000000,435.000000,15.000000,540.000000,540.000000,0.000000,12,120,120,0,0,0.000000,120,120,100.000000,100.000000,100.000000,100.000000,100.000000,1,1,420.000000,420.000000,0.000000,540.000000,540.000000,0.000000,37.524135,38.525946,36.725502,96.072259,100.000000,100.000000,63,63.000000,63.000000,62.000000,160.000000,51.300000,160.000000,0.000000,100.000000,100.000000,98.412698
VA7_EB,MD,24,2.193280,5.672152,24,2.311781,-2.193280,5.710979,0.562194,24,1.996721,5.202529,24,3.134798,-1.177457,5.199168,0.060297,24,2.637678,7.240201,24,3.148829,-1.015823,7.085358,0.010225,24,240,360,120,120,50.000000,240,360,66.666667,66.666667,100.000000,80.000000,66.666667,2,1,540.000000,540.000000,0.000000,900.000000,900.000000,0.000000,24,240,225,-15,15,6.250000,180,285,63.157895,80.000000,75.000000,77.419355,70.833333,2,3,540.000000,540.000000,0.000000,900.000000,900.000000,0.000000,38.404622,36.211342,37.227165,98.717983,100.000000,100.000000,63,63.000000,63.000000,62.000000,160.000000,51.300000,160.000000,0.000000,100.000000,100.000000,98.412698
VA7_EB,PM,16,0.598704,1.717641,16,0.755042,-0.381963,1.720895,0.724694,16,1.420144,4.141052,16,2.179348,-0.740827,4.082016,0.479636,16,1.201874,3.811188,16,1.713351,0.358865,3.529791,0.771042,16,240,240,0,0,0.000000,240,240,100.000000,100.000000,100.000000,100.000000,100.000000,1,1,900.000000,900.000000,0.000000,1140.000000,1140.000000,0.000000,16,240,240,0,0,0.000000,240,240,100.000000,100.000000,100.000000,100.000000,100.000000,1,1,900.000000,900.000000,0.000000,1140.000000,1140.000000,0.000000,34.790264,34.408302,34.049437,98.398315,100.000000,100.000000,63,63.000000,63.000000,62.000000,160.000000,51.300000,160.000000,0.000000,100.000000,100.000000,98.412698
VA7_WB,AM,12,1.385611,3.573249,12,1.651197,1.385611,3.516577,0.713838,12,2.079204,5.321068,12,2.427204,0.704208,5.276862,0.516409,12,2.095463,5.659423,12,2.985963,0.681403,5.224750,0.182383,12,75,15,-60,60,80.000000,15,75,20.000000,100.000000,20.000000,33.333333,66.666667,2,1,435.000000,525.000000,90.000000,540.000000,540.000000,0.000000,12,75,45,-30,30,40.000000,45,75,60.000000,100.000000,60.000000,75.000000,83.333333,2,1,435.000000,435.000000,0.000000,540.000000,480.000000,-60.000000,39.402273,40.787884,40.106481,97.057644,100.000000,100.000000,61,61.000000,61.000000,61.000000,160.000000,51.300000,160.000000,0.000000,100.000000,100.000000,100.000000
VA7_WB,MD,24,1.230933,3.245101,24,1.333055,-1.230933,3.236308,0.804581,24,2.083030,5.476710,24,2.814275,-0.099254,5.476597,0.095031,24,2.606126,7.008192,24,3.066360,-1.131679,6.869823,0.080413,24,225,360,135,135,60.000000,225,360,62.500000,62.500000,100.000000,76.923077,62.500000,2,1,540.000000,540.000000,0.000000,900.000000,900.000000,0.000000,24,225,165,-60,60,26.666667,150,240,62.500000,90.909091,66.666667,76.923077,75.000000,2,3,540.000000,540.000000,0.000000,900.000000,900.000000,0.000000,38.035113,36.804179,37.935858,99.184918,100.000000,100.000000,61,61.000000,61.000000,61.000000,160.000000,51.300000,160.000000,0.000000,100.000000,100.000000,100.000000
VA7_WB,PM,16,0.429516,1.222711,16,0.586296,-0.188948,1.224445,0.762359,16,1.405911,4.101346,16,1.980528,-0.780527,4.007912,0.797182,16,1.591838,4.990036,16,2.132712,0.591578,4.641216,0.575479,16,240,240,0,0,0.000000,240,240,100.000000,100.000000,100.000000,100.000000,100.000000,1,1,900.000000,900.000000,0.000000,1140.000000,1140.000000,0.000000,16,240,240,0,0,0.000000,240,240,100.000000,100.000000,100.000000,100.000000,100.000000,1,1,900.000000,900.000000,0.000000,1140.000000,1140.000000,0.000000,35.078390,34.889442,34.297863,98.326898,100.000000,100.000000,61,61.000000,61.000000,61.000000,160.000000,51.300000,160.000000,0.000000,100.000000,100.000000,100.000000
VA828_NB,AM,12,0.398376,1.247378,12,0.509805,0.087807,1.242495,0.042539,12,2.606623,8.087372,12,2.981369,2.606623,8.129789,0.619983,12,2.519679,7.021510,12,3.091325,-2.518816,7.267768,0.011615,12,30,0,-30,30,100.000000,0,30,0.000000,,0.000000,,83.333333,2,0,360.000000,,,525.000000,,,12,30,0,-30,30,100.000000,0,30,0.000000,,0.000000,,83.333333,2,0,360.000000,,,525.000000,,,32.062608,32.150415,34.669230,100.000000,100.000000,100.000000,7,7.000000,7.000000,7.000000,17.000000,5.120000,17.000000,0.000000,100.000000,100.000000,100.000000
VA828_NB,MD,24,0.444603,1.393766,24,0.531853,-0.353483,1.398981,0.045351,24,3.026222,9.478405,24,3.713268,2.985014,9.522277,0.441517,24,3.353637,9.211109,24,4.122018,-3.338497,9.646463,0.011242,24,60,195,135,135,225.000000,45,210,21.428571,23.076923,75.000000,35.294118,54.166667,2,1,570.000000,705.000000,135.000000,900.000000,900.000000,0.000000,24,60,30,-30,30,50.000000,15,75,20.000000,50.000000,25.000000,33.333333,83.333333,2,2,570.000000,720.000000,150.000000,900.000000,900.000000,0.000000,31.780444,31.426961,34.765458,99.806701,100.000000,100.000000,7,7.000000,7.000000,7.000000,17.000000,5.120000,17.000000,0.000000,100.000000,100.000000,100.000000
VA828_NB,PM,16,0.350705,1.145613,16,0.404234,0.016003,1.141219,0.502615,16,1.015733,3.314482,16,1.223226,0.771453,3.305268,0.117018,16,1.017482,3.203286,16,1.202942,-0.755451,3.229879,0.162806,16,210,210,0,0,0.000000,210,210,100.000000,100.000000,100.000000,100.000000,100.000000,1,1,900.000000,900.000000,0.000000,1110.000000,1110.000000,0.000000,16,210,120,-90,90,42.857143,120,210,57.142857,100.000000,57.142857,72.727273,62.500000,1,2,900.000000,900.000000,0.000000,1110.000000,1050.000000,-60.000000,30.730733,30.746736,31.502186,100.000000,100.000000,100.000000,7,7.000000,7.000000,7.000000,17.000000,5.120000,17.000000,0.000000,100.000000,100.000000,100.000000
VA828_SB,AM,12,0.272057,0.847286,12,0.362079,0.183571,0.833801,0.937153,12,2.155490,6.632992,12,2.506569,1.691363,6.606144,0.012204,12,1.983027,5.657103,12,2.317555,-1.507792,5.778064,0.044456,12,0,0,0,0,,0,0,,,,,100.000000,0,0,,,,,,,12,0,15,15,15,,0,15,0.000000,0.000000,,,91.666667,0,1,,450.000000,,,465.000000,,32.628564,32.812136,34.319927,100.000000,100.000000,100.000000,7,7.000000,7.000000,7.000000,17.000000,5.120000,17.000000,0.000000,100.000000,100.000000,100.000000
VA828_SB,MD,24,0.451235,1.412720,24,0.669543,-0.414262,1.411465,0.353796,24,2.220501,6.937052,24,2.794444,2.171291,6.945736,0.111350,24,2.585553,7.328792,24,3.150680,-2.585553,7.573261,0.059810,24,30,150,120,120,400.000000,30,150,20.000000,20.000000,100.000000,33.333333,66.666667,1,1,855.000000,735.000000,-120.000000,885.000000,885.000000,0.000000,24,30,0,-30,30,100.000000,0,30,0.000000,,0.000000,,91.666667,1,0,855.000000,,,885.000000,,,31.969264,31.555003,34.140556,100.000000,100.000000,100.000000,7,7.000000,7.000000,7.000000,17.000000,5.120000,17.000000,0.000000,100.000000,100.000000,100.000000
VA828_SB,PM,16,0.389605,1.233517,16,0.468681,-0.313358,1.232156,0.535032,16,1.043502,3.305281,16,1.227700,0.848477,3.300160,0.272503,16,1.285254,3.903539,16,1.552709,-1.161835,3.958498,0.058089,16,90,120,30,30,33.333333,75,135,55.555556,62.500000,83.333333,71.428571,75.000000,2,1,915.000000,975.000000,60.000000,1080.000000,1095.000000,15.000000,16,90,30,-60,60,66.666667,30,90,33.333333,100.000000,33.333333,50.000000,75.000000,2,1,915.000000,1005.000000,90.000000,1080.000000,1035.000000,-45.000000,31.619737,31.306379,32.468214,100.000000,100.000000,100.000000,7,7.000000,7.000000,7.000000,17.000000,5.120000,17.000000,0.000000,100.000000,100.000000,100.000000
VA846_NB,AM,12,1.120981,3.913302,12,1.223238,1.107656,3.847264,0.922560,12,5.336539,18.575356,12,6.204497,5.336539,18.315279,0.057161,12,4.228883,11.724661,12,5.064197,-4.228883,12.267010,0.186778,12,150,120,-30,30,20.000000,120,150,80.000000,100.000000,80.000000,88.888889,83.333333,1,1,390.000000,420.000000,30.000000,540.000000,540.000000,0.000000,12,150,30,-120,120,80.000000,30,150,20.000000,100.000000,20.000000,33.333333,33.333333,1,1,390.000000,510.000000,120.000000,540.000000,540.000000,0.000000,29.137088,30.244744,34.473627,100.000000,100.000000,100.000000,5,5.000000,5.000000,5.000000,12.000000,3.720000,12.000000,0.000000,100.000000,100.000000,100.000000
VA846_NB,MD,24,0.756068,2.608833,24,0.885522,-0.704228,2.638316,0.383848,24,3.294546,11.417524,24,3.759069,3.275108,11.496399,0.603413,24,3.979336,12.010219,24,4.573703,-3.979336,12.461788,0.013332,24,360,360,0,0,0.000000,360,360,100.000000,100.000000,100.000000,100.000000,100.000000,1,1,540.000000,540.000000,0.000000,900.000000,900.000000,0.000000,24,360,135,-225,225,62.500000,135,360,37.500000,100.000000,37.500000,54.545455,37.500000,1,3,540.000000,540.000000,0.000000,900.000000,900.000000,0.000000,28.657199,27.952971,31.932307,100.000000,100.000000,100.000000,5,5.000000,5.000000,5.000000,12.000000,3.720000,12.000000,0.000000,100.000000,100.000000,100.000000
VA846_NB,PM,16,1.102247,4.244061,16,1.220991,1.102247,4.188261,0.905273,16,1.774011,6.821737,16,1.958523,1.774011,6.740797,0.016894,16,0.671765,2.376212,16,0.782048,-0.671765,2.391341,0.000026,16,240,240,0,0,0.000000,240,240,100.000000,100.000000,100.000000,100.000000,100.000000,1,1,900.000000,900.000000,0.000000,1140.000000,1140.000000,0.000000,16,240,240,0,0,0.000000,240,240,100.000000,100.000000,100.000000,100.000000,100.000000,1,1,900.000000,900.000000,0.000000,1140.000000,1140.000000,0.000000,26.317531,27.419778,28.091543,100.000000,100.000000,100.000000,5,5.000000,5.000000,5.000000,12.000000,3.720000,12.000000,0.000000,100.000000,100.000000,100.000000
VA846_SB,AM,12,1.634047,5.679933,12,1.843988,1.591062,5.593956,0.085672,12,3.084451,10.661386,12,3.396865,3.063208,10.559229,0.002520,12,1.472146,4.479396,12,1.683952,-1.472146,4.561378,0.683411,12,180,180,0,0,0.000000,180,180,100.000000,100.000000,100.000000,100.000000,100.000000,1,1,360.000000,360.000000,0.000000,540.000000,540.000000,0.000000,12,180,45,-135,135,75.000000,45,180,25.000000,100.000000,25.000000,40.000000,25.000000,1,2,360.000000,360.000000,0.000000,540.000000,540.000000,0.000000,29.210947,30.802009,32.274155,100.000000,100.000000,100.000000,5,5.000000,5.000000,5.000000,12.000000,3.720000,12.000000,0.000000,100.000000,100.000000,100.000000
VA846_SB,MD,24,0.353524,1.189993,24,0.439948,-0.294904,1.203616,0.710166,24,2.808883,9.552846,24,3.208279,2.750229,9.563178,0.122895,24,3.045133,9.216193,24,3.499317,-3.045133,9.479874,0.044571,24,360,360,0,0,0.000000,360,360,100.000000,100.000000,100.000000,100.000000,100.000000,1,1,540.000000,540.000000,0.000000,900.000000,900.000000,0.000000,24,360,135,-225,225,62.500000,135,360,37.500000,100.000000,37.500000,54.545455,37.500000,1,3,540.000000,540.000000,0.000000,900.000000,900.000000,0.000000,29.371856,29.076952,32.122085,100.000000,100.000000,100.000000,5,5.000000,5.000000,5.000000,12.000000,3.720000,12.000000,0.000000,100.000000,100.000000,100.000000
VA846_SB,PM,16,0.306011,1.113487,16,0.353163,-0.122046,1.108895,0.873862,16,1.348116,4.918625,16,1.467046,1.348116,4.885182,0.018820,16,1.470162,5.069018,16,1.674317,-1.470162,5.079307,0.008341,16,240,240,0,0,0.000000,240,240,100.000000,100.000000,100.000000,100.000000,100.000000,1,1,900.000000,900.000000,0.000000,1140.000000,1140.000000,0.000000,16,240,240,0,0,0.000000,240,240,100.000000,100.000000,100.000000,100.000000,100.000000,1,1,900.000000,900.000000,0.000000,1140.000000,1140.000000,0.000000,27.596029,27.473983,28.944145,100.000000,100.000000,100.000000,5,5.000000,5.000000,5.000000,12.000000,3.720000,12.000000,0.000000,100.000000,100.000000,100.000000
VA9_NB,AM,12,2.031905,5.279801,12,2.330233,2.009750,5.203432,0.375655,12,2.196076,5.666986,12,2.537910,0.978481,5.623852,0.422159,12,2.156759,5.810193,12,3.046320,1.031270,5.388151,0.097833,12,0,0,0,0,,0,0,,,,,100.000000,0,0,,,,,,,12,0,15,15,15,,0,15,0.000000,0.000000,,,91.666667,0,1,,450.000000,,,465.000000,,39.049332,41.059083,40.027813,100.000000,100.000000,100.000000,10,10.000000,10.000000,9.000000,19.000000,13.100000,19.000000,0.000000,100.000000,100.000000,90.000000
VA9_NB,MD,24,2.298241,5.948032,24,2.690278,-2.289335,5.945485,0.612304,24,1.786891,4.608305,24,2.185044,-1.544692,4.622636,0.573354,24,1.431981,3.869053,24,1.711580,-0.744643,3.858689,0.607523,24,15,105,90,90,600.000000,15,105,14.285714,14.285714,100.000000,25.000000,75.000000,1,1,885.000000,795.000000,-90.000000,900.000000,900.000000,0.000000,24,15,60,45,45,300.000000,15,60,25.000000,25.000000,100.000000,40.000000,87.500000,1,2,885.000000,720.000000,-165.000000,900.000000,900.000000,0.000000,38.655239,36.365903,37.110546,98.667235,100.000000,100.000000,10,10.000000,10.000000,9.000000,19.000000,13.100000,19.000000,0.000000,100.000000,100.000000,90.000000
VA9_NB,PM,14,1.039061,3.188052,14,1.410501,-0.584455,3.224479,0.240194,14,1.389851,4.289989,14,1.560157,0.416827,4.313073,0.095633,16,1.008690,3.053091,16,1.259174,-1.008690,3.082880,0.737791,14,210,210,0,0,0.000000,210,210,100.000000,100.000000,100.000000,100.000000,100.000000,1,1,930.000000,930.000000,0.000000,1140.000000,1140.000000,0.000000,14,210,210,0,0,0.000000,210,210,100.000000,100.000000,100.000000,100.000000,100.000000,1,1,930.000000,930.000000,0.000000,1140.000000,1140.000000,0.000000,32.224146,31.710380,32.719070,95.339445,100.000000,100.000000,10,10.000000,10.000000,9.000000,19.000000,13.100000,19.000000,0.000000,100.000000,100.000000,90.000000
VA9_SB,AM,12,0.593680,2.055540,12,0.679239,-0.109276,2.048291,0.928898,12,3.279456,11.666618,12,3.612513,3.130496,11.314640,0.322012,12,3.239771,10.144402,12,3.640790,-3.239771,10.088133,0.543625,12,180,180,0,0,0.000000,180,180,100.000000,100.000000,100.000000,100.000000,100.000000,1,1,360.000000,360.000000,0.000000,540.000000,540.000000,0.000000,12,180,180,0,0,0.000000,180,180,100.000000,100.000000,100.000000,100.000000,100.000000,1,1,360.000000,360.000000,0.000000,540.000000,540.000000,0.000000,28.984180,28.874905,32.114676,100.000000,100.000000,100.000000,10,10.000000,10.000000,9.000000,19.000000,13.100000,19.000000,0.000000,100.000000,100.000000,90.000000
VA9_SB,MD,24,2.561276,6.448223,24,2.908136,-2.561276,6.487943,0.381966,24,2.315283,5.794527,24,3.030669,-2.274674,5.864819,0.129818,24,1.365034,3.715276,24,1.618062,-0.286602,3.669170,0.396449,24,15,45,30,30,200.000000,15,45,33.333333,33.333333,100.000000,50.000000,91.666667,1,1,540.000000,540.000000,0.000000,555.000000,585.000000,30.000000,24,15,45,30,30,200.000000,15,45,33.333333,33.333333,100.000000,50.000000,91.666667,1,2,540.000000,540.000000,0.000000,555.000000,735.000000,180.000000,39.477477,36.916201,37.202803,100.000000,100.000000,100.000000,10,10.000000,10.000000,9.000000,19.000000,13.100000,19.000000,0.000000,100.000000,100.000000,90.000000
VA9_SB,PM,16,0.236400,0.588204,16,0.355744,-0.150738,0.595717,0.701179,16,1.783132,4.514048,16,2.678827,-1.448801,4.493403,0.158856,16,1.892673,5.304961,16,2.738612,1.298063,4.950168,0.000455,16,0,0,0,0,,0,0,,,,,100.000000,0,0,,,,,,,16,0,30,30,30,,0,30,0.000000,0.000000,,,87.500000,0,1,,1005.000000,,,1035.000000,,39.683330,39.532591,38.234528,99.895182,100.000000,100.000000,10,10.000000,10.000000,9.000000,19.000000,13.100000,19.000000,0.000000,100.000000,100.000000,90.000000
