corridor,period,t_min,observed_speed_mph,cbi_congestion_threshold_mph,observed_length_coverage,observed_valid_tmc_count,model_speed_mph,model_length_coverage,model_source_sample_count,cube_qvdf_speed_mph,cube_qvdf_length_coverage,cube_qvdf_source_sample_count,clock_time,speed_error_mph,cube_speed_error_mph,taplite_cube_speed_error_mph,absolute_percentage_error_pct,observed_congested,model_congested,cube_congested
I395HOV_NB,AM,360,68.270303,48.976368,1.000000,27,73.925684,1.000000,3,73.991286,1.000000,3,06:00,5.655381,5.720982,-0.065601,8.283808,False,False,False
I395HOV_NB,AM,375,68.133911,48.976368,1.000000,27,73.607468,1.000000,3,73.657339,1.000000,3,06:15,5.473557,5.523428,-0.049871,8.033528,False,False,False
I395HOV_NB,AM,390,68.192823,48.976368,1.000000,27,73.287268,1.000000,3,73.009001,1.000000,3,06:30,5.094445,4.816178,0.278267,7.470647,False,False,False
I395HOV_NB,AM,405,68.156477,48.976368,0.982353,26,72.965138,1.000000,3,72.151571,1.000000,3,06:45,4.808661,3.995094,0.813567,7.055326,False,False,False
I395HOV_NB,AM,420,68.107392,48.976368,0.982353,26,72.640832,1.000000,3,71.192403,1.000000,3,07:00,4.533440,3.085012,1.448429,6.656311,False,False,False
I395HOV_NB,AM,435,67.429991,48.976368,1.000000,27,72.314248,1.000000,3,70.241896,1.000000,3,07:15,4.884256,2.811904,2.072352,7.243448,False,False,False
I395HOV_NB,AM,450,66.273626,48.976368,1.000000,27,71.985387,1.000000,3,69.412810,1.000000,3,07:30,5.711761,3.139184,2.572577,8.618453,False,False,False
I395HOV_NB,AM,465,65.660711,48.976368,0.918201,25,71.311914,1.000000,3,68.437119,1.000000,3,07:45,5.651202,2.776408,2.874795,8.606672,False,False,False
I395HOV_NB,AM,480,65.349948,48.976368,0.918201,25,70.374579,1.000000,3,66.591632,1.000000,3,08:00,5.024631,1.241684,3.782947,7.688807,False,False,False
I395HOV_NB,AM,495,65.275606,48.976368,1.000000,27,70.460579,1.000000,3,66.818708,1.000000,3,08:15,5.184974,1.543102,3.641872,7.943203,False,False,False
I395HOV_NB,AM,510,65.197058,48.976368,1.000000,27,71.034858,1.000000,3,67.822121,1.000000,3,08:30,5.837800,2.625064,3.212736,8.954085,False,False,False
I395HOV_NB,AM,525,65.316533,48.976368,1.000000,27,71.829120,1.000000,3,70.439696,1.000000,3,08:45,6.512587,5.123163,1.389424,9.970810,False,False,False
I395HOV_SB,AM,360,58.910379,48.432706,1.000000,27,74.057382,1.000000,3,74.063613,1.000000,3,06:00,15.147003,15.153233,-0.006231,25.711942,False,False,False
I395HOV_SB,AM,375,58.379864,48.432706,0.940708,26,73.739032,1.000000,3,73.744375,1.000000,3,06:15,15.359168,15.364511,-0.005343,26.309016,False,False,False
I395HOV_SB,AM,390,58.460565,48.432706,0.881291,25,73.990454,1.000000,3,73.994955,1.000000,3,06:30,15.529889,15.534389,-0.004500,26.564726,False,False,False
I395HOV_SB,AM,405,58.301103,48.432706,0.940583,26,73.854961,1.000000,3,73.855618,1.000000,3,06:45,15.553859,15.554516,-0.000657,26.678498,False,False,False
I395HOV_SB,AM,420,58.128978,48.432706,1.000000,27,73.983004,1.000000,3,73.982006,1.000000,3,07:00,15.854025,15.853028,0.000997,27.273876,False,False,False
I395HOV_SB,AM,435,58.018914,48.432706,1.000000,27,73.903682,1.000000,3,73.903738,1.000000,3,07:15,15.884767,15.884824,-0.000056,27.378601,False,False,False
I395HOV_SB,AM,450,57.818574,48.432706,1.000000,27,73.885444,1.000000,3,73.886792,1.000000,3,07:30,16.066870,16.068218,-0.001347,27.788423,False,False,False
I395HOV_SB,AM,465,57.958896,48.432706,1.000000,27,74.008909,1.000000,3,74.012189,1.000000,3,07:45,16.050013,16.053293,-0.003280,27.692061,False,False,False
I395HOV_SB,AM,480,59.534087,48.432706,1.000000,27,74.022697,1.000000,3,74.029652,1.000000,3,08:00,14.488610,14.495565,-0.006955,24.336663,False,False,False
I395HOV_SB,AM,495,59.779100,48.432706,1.000000,27,74.036428,1.000000,3,74.046880,1.000000,3,08:15,14.257328,14.267780,-0.010452,23.850021,False,False,False
I395HOV_SB,AM,510,59.706632,48.432706,1.000000,27,74.050057,1.000000,3,74.061312,1.000000,3,08:30,14.343425,14.354680,-0.011255,24.023169,False,False,False
I395HOV_SB,AM,525,59.558774,48.432706,1.000000,27,74.063665,1.000000,3,74.070444,1.000000,3,08:45,14.504891,14.511670,-0.006779,24.353912,False,False,False
I395_NB,AM,360,57.016912,45.348014,1.000000,23,63.232559,1.000000,3,63.841136,1.000000,3,06:00,6.215647,6.824224,-0.608577,10.901410,False,False,False
I395_NB,AM,375,53.440409,45.348014,1.000000,23,60.928070,1.000000,3,62.594098,1.000000,3,06:15,7.487661,9.153689,-1.666028,14.011234,False,False,False
I395_NB,AM,390,49.865353,45.348014,1.000000,23,58.601539,1.000000,3,60.341411,1.000000,3,06:30,8.736186,10.476058,-1.739872,17.519552,False,False,False
I395_NB,AM,405,45.025412,45.348014,0.997801,22,56.250258,1.000000,3,57.703630,1.000000,3,06:45,11.224846,12.678218,-1.453372,24.930024,True,False,False
I395_NB,AM,420,43.121293,45.348014,0.997801,22,53.784483,1.000000,3,55.325568,1.000000,3,07:00,10.663191,12.204276,-1.541085,24.728365,True,False,False
I395_NB,AM,435,40.165378,45.348014,1.000000,23,50.237304,1.000000,3,52.816442,1.000000,3,07:15,10.071926,12.651064,-2.579138,25.076140,True,False,False
I395_NB,AM,450,34.011387,45.348014,0.944530,22,47.020922,1.000000,3,50.652782,1.000000,3,07:30,13.009536,16.641396,-3.631860,38.250530,True,False,False
I395_NB,AM,465,30.641815,45.348014,0.944530,22,45.828307,1.000000,3,50.232891,1.000000,3,07:45,15.186492,19.591077,-4.404585,49.561334,True,False,False
I395_NB,AM,480,30.097973,45.348014,1.000000,23,45.616685,1.000000,3,49.980584,1.000000,3,08:00,15.518712,19.882610,-4.363899,51.560653,True,False,False
I395_NB,AM,495,29.693160,45.348014,1.000000,23,47.333235,1.000000,3,51.246413,1.000000,3,08:15,17.640075,21.553253,-3.913178,59.407872,True,False,False
I395_NB,AM,510,29.514091,45.348014,0.991233,22,51.036042,1.000000,3,54.540685,1.000000,3,08:30,21.521951,25.026594,-3.504643,72.920933,True,False,False
I395_NB,AM,525,31.391099,45.348014,0.991233,22,57.668001,1.000000,3,60.243322,1.000000,3,08:45,26.276902,28.852223,-2.575321,83.708129,True,False,False
I395_SB,AM,360,61.565989,44.400915,0.925870,22,67.093153,1.000000,3,67.291238,1.000000,3,06:00,5.527164,5.725249,-0.198085,8.977625,False,False,False
I395_SB,AM,375,61.597344,44.400915,0.925870,22,66.313829,1.000000,3,66.811629,1.000000,3,06:15,4.716485,5.214285,-0.497800,7.656962,False,False,False
I395_SB,AM,390,60.641775,44.400915,1.000000,23,65.523739,1.000000,3,65.940259,1.000000,3,06:30,4.881964,5.298484,-0.416520,8.050496,False,False,False
I395_SB,AM,405,60.051451,44.400915,1.000000,23,64.722739,1.000000,3,64.905841,1.000000,3,06:45,4.671288,4.854390,-0.183101,7.778810,False,False,False
I395_SB,AM,420,60.308706,44.400915,1.000000,23,63.910530,1.000000,3,63.951657,1.000000,3,07:00,3.601824,3.642951,-0.041127,5.972312,False,False,False
I395_SB,AM,435,60.001654,44.400915,1.000000,23,61.449992,1.000000,3,61.636156,1.000000,3,07:15,1.448338,1.634502,-0.186164,2.413831,False,False,False
I395_SB,AM,450,60.060428,44.400915,1.000000,23,62.217025,1.000000,3,62.549947,1.000000,3,07:30,2.156596,2.489518,-0.332922,3.590711,False,False,False
I395_SB,AM,465,59.996910,44.400915,1.000000,23,60.185544,1.000000,3,60.551187,1.000000,3,07:45,0.188634,0.554276,-0.365643,0.314406,False,False,False
I395_SB,AM,480,59.967512,44.400915,1.000000,23,62.473610,1.000000,3,62.791551,1.000000,3,08:00,2.506097,2.824039,-0.317942,4.179092,False,False,False
I395_SB,AM,495,59.973840,44.400915,1.000000,23,64.107520,1.000000,3,64.274377,1.000000,3,08:15,4.133680,4.300537,-0.166857,6.892472,False,False,False
I395_SB,AM,510,60.288865,44.400915,1.000000,23,65.350342,1.000000,3,65.740155,1.000000,3,08:30,5.061478,5.451290,-0.389813,8.395377,False,False,False
I395_SB,AM,525,60.330289,44.400915,1.000000,23,66.560655,1.000000,3,66.995463,1.000000,3,08:45,6.230367,6.665174,-0.434807,10.327096,False,False,False
I495_CCW,AM,360,63.469449,46.409482,1.000000,31,66.818283,1.000000,3,67.214090,1.000000,3,06:00,3.348834,3.744641,-0.395806,5.276293,False,False,False
I495_CCW,AM,375,61.853659,46.409482,1.000000,31,64.457911,1.000000,3,65.396498,1.000000,3,06:15,2.604252,3.542839,-0.938587,4.210345,False,False,False
I495_CCW,AM,390,60.504765,46.409482,0.958477,30,62.767631,1.000000,3,63.590426,1.000000,3,06:30,2.262866,3.085661,-0.822795,3.739980,False,False,False
I495_CCW,AM,405,59.406696,46.409482,0.934221,29,61.962622,1.000000,3,62.340878,1.000000,3,06:45,2.555926,2.934183,-0.378257,4.302421,False,False,False
I495_CCW,AM,420,58.865364,46.409482,0.975743,30,60.871644,1.000000,3,60.757055,1.000000,3,07:00,2.006281,1.891692,0.114589,3.408254,False,False,False
I495_CCW,AM,435,57.518923,46.409482,1.000000,31,59.473243,1.000000,3,59.289934,1.000000,3,07:15,1.954321,1.771011,0.183310,3.397700,False,False,False
I495_CCW,AM,450,55.200989,46.409482,0.963185,30,56.971263,1.000000,3,57.011926,1.000000,3,07:30,1.770275,1.810937,-0.040663,3.206962,False,False,False
I495_CCW,AM,465,54.703183,46.409482,0.908398,28,56.308145,1.000000,3,56.637082,1.000000,3,07:45,1.604962,1.933899,-0.328937,2.933946,False,False,False
I495_CCW,AM,480,54.808476,46.409482,0.945213,29,55.846585,1.000000,3,56.252864,1.000000,3,08:00,1.038109,1.444388,-0.406279,1.894066,False,False,False
I495_CCW,AM,495,54.590817,46.409482,0.960130,30,57.227648,1.000000,3,57.532130,1.000000,3,08:15,2.636830,2.941312,-0.304482,4.830172,False,False,False
I495_CCW,AM,510,56.455007,46.409482,0.898063,28,59.547354,1.000000,3,59.986287,1.000000,3,08:30,3.092347,3.531280,-0.438933,5.477543,False,False,False
I495_CCW,AM,525,56.330128,46.409482,0.937933,29,63.705244,1.000000,3,64.426426,1.000000,3,08:45,7.375116,8.096298,-0.721182,13.092666,False,False,False
I495_CW,AM,360,61.115938,46.091567,1.000000,31,65.381017,1.000000,3,66.103443,1.000000,3,06:00,4.265079,4.987505,-0.722426,6.978669,False,False,False
I495_CW,AM,375,58.809447,46.091567,1.000000,31,62.888181,1.000000,3,64.297902,1.000000,3,06:15,4.078734,5.488455,-1.409721,6.935507,False,False,False
I495_CW,AM,390,54.762659,46.091567,1.000000,31,61.629128,1.000000,3,62.786323,1.000000,3,06:30,6.866469,8.023664,-1.157195,12.538596,False,False,False
I495_CW,AM,405,51.571650,46.091567,1.000000,31,59.995981,1.000000,3,60.620160,1.000000,3,06:45,8.424332,9.048510,-0.624178,16.335199,False,False,False
I495_CW,AM,420,49.693027,46.091567,1.000000,31,58.457096,1.000000,3,58.674763,1.000000,3,07:00,8.764069,8.981736,-0.217667,17.636416,False,False,False
I495_CW,AM,435,47.791712,46.091567,1.000000,31,57.095983,1.000000,3,57.186136,1.000000,3,07:15,9.304271,9.394424,-0.090153,19.468378,False,False,False
I495_CW,AM,450,43.897295,46.091567,1.000000,31,55.274197,1.000000,3,55.365615,1.000000,3,07:30,11.376903,11.468320,-0.091417,25.917093,True,False,False
I495_CW,AM,465,42.557633,46.091567,0.899796,30,54.133178,1.000000,3,54.421442,1.000000,3,07:45,11.575545,11.863809,-0.288264,27.199691,True,False,False
I495_CW,AM,480,42.494623,46.091567,0.899796,30,53.974920,1.000000,3,54.438127,1.000000,3,08:00,11.480296,11.943504,-0.463207,27.015880,True,False,False
I495_CW,AM,495,42.181995,46.091567,1.000000,31,54.572729,1.000000,3,55.072374,1.000000,3,08:15,12.390733,12.890379,-0.499645,29.374460,True,False,False
I495_CW,AM,510,42.326302,46.091567,1.000000,31,56.941473,1.000000,3,57.578552,1.000000,3,08:30,14.615171,15.252250,-0.637079,34.529761,True,False,False
I495_CW,AM,525,42.664401,46.091567,0.924229,29,60.885862,1.000000,3,61.966294,1.000000,3,08:45,18.221460,19.301892,-1.080432,42.708815,True,False,False
I495_NB,AM,360,68.241613,48.990485,1.000000,17,68.248172,1.000000,3,68.604546,1.000000,3,06:00,0.006558,0.362933,-0.356374,0.009611,False,False,False
I495_NB,AM,375,67.642543,48.990485,1.000000,17,66.852330,1.000000,3,67.759719,1.000000,3,06:15,-0.790212,0.117177,-0.907389,1.168218,False,False,False
I495_NB,AM,390,65.706808,48.990485,1.000000,17,65.432468,1.000000,3,66.210704,1.000000,3,06:30,-0.274340,0.503895,-0.778236,0.417522,False,False,False
I495_NB,AM,405,65.400655,48.990485,1.000000,17,63.986873,1.000000,3,64.346644,1.000000,3,06:45,-1.413781,-1.054011,-0.359770,2.161724,False,False,False
I495_NB,AM,420,64.319486,48.990485,1.000000,17,62.158551,1.000000,3,62.150435,1.000000,3,07:00,-2.160936,-2.169052,0.008116,3.359691,False,False,False
I495_NB,AM,435,63.489003,48.990485,1.000000,17,61.165251,1.000000,3,60.958281,1.000000,3,07:15,-2.323752,-2.530721,0.206970,3.660085,False,False,False
I495_NB,AM,450,63.324335,48.990485,1.000000,17,59.240338,1.000000,3,59.127756,1.000000,3,07:30,-4.083997,-4.196579,0.112583,6.449332,False,False,False
I495_NB,AM,465,62.227034,48.990485,1.000000,17,57.508598,1.000000,3,57.490673,1.000000,3,07:45,-4.718436,-4.736361,0.017925,7.582614,False,False,False
I495_NB,AM,480,62.334780,48.990485,1.000000,17,57.028547,1.000000,3,56.793846,1.000000,3,08:00,-5.306233,-5.540934,0.234701,8.512476,False,False,False
I495_NB,AM,495,61.532916,48.990485,1.000000,17,58.454995,1.000000,3,58.609463,1.000000,3,08:15,-3.077921,-2.923453,-0.154468,5.002073,False,False,False
I495_NB,AM,510,61.870955,48.990485,0.944159,16,59.872538,1.000000,3,60.513716,1.000000,3,08:30,-1.998417,-1.357239,-0.641178,3.229976,False,False,False
I495_NB,AM,525,62.042629,48.990485,0.888193,15,62.458846,1.000000,3,63.681582,1.000000,3,08:45,0.416217,1.638953,-1.222736,0.670856,False,False,False
I495_SB,AM,360,67.783285,49.363699,1.000000,17,68.532144,1.000000,3,68.889802,1.000000,3,06:00,0.748858,1.106517,-0.357658,1.104783,False,False,False
I495_SB,AM,375,68.401042,49.363699,1.000000,17,67.140446,1.000000,3,68.052922,1.000000,3,06:15,-1.260597,-0.348120,-0.912477,1.842949,False,False,False
I495_SB,AM,390,68.579638,49.363699,1.000000,17,65.732104,1.000000,3,66.504912,1.000000,3,06:30,-2.847535,-2.074726,-0.772808,4.152158,False,False,False
I495_SB,AM,405,67.930656,49.363699,1.000000,17,64.306030,1.000000,3,64.609599,1.000000,3,06:45,-3.624626,-3.321057,-0.303569,5.335774,False,False,False
I495_SB,AM,420,67.893655,49.363699,1.000000,17,62.860993,1.000000,3,62.752543,1.000000,3,07:00,-5.032662,-5.141112,0.108450,7.412565,False,False,False
I495_SB,AM,435,67.711539,49.363699,1.000000,17,61.216366,1.000000,3,61.215493,1.000000,3,07:15,-6.495173,-6.496046,0.000873,9.592417,False,False,False
I495_SB,AM,450,67.936593,49.363699,1.000000,17,57.896146,1.000000,3,58.329407,1.000000,3,07:30,-10.040447,-9.607186,-0.433261,14.779144,False,False,False
I495_SB,AM,465,68.070610,49.363699,1.000000,17,57.326776,1.000000,3,57.841938,1.000000,3,07:45,-10.743833,-10.228672,-0.515162,15.783366,False,False,False
I495_SB,AM,480,67.939426,49.363699,1.000000,17,57.264509,1.000000,3,57.470205,1.000000,3,08:00,-10.674918,-10.469222,-0.205696,15.712405,False,False,False
I495_SB,AM,495,68.017331,49.363699,1.000000,17,60.998226,1.000000,3,60.761173,1.000000,3,08:15,-7.019106,-7.256158,0.237052,10.319584,False,False,False
I495_SB,AM,510,68.133406,49.363699,1.000000,17,63.834531,1.000000,3,63.925508,1.000000,3,08:30,-4.298875,-4.207899,-0.090977,6.309497,False,False,False
I495_SB,AM,525,68.253649,49.363699,1.000000,17,66.342114,1.000000,3,66.939452,1.000000,3,08:45,-1.911535,-1.314197,-0.597338,2.800635,False,False,False
I66_EB,AM,360,64.877959,48.167927,0.995620,72,69.669942,1.000000,3,69.956956,1.000000,3,06:00,4.791984,5.078998,-0.287014,7.386150,False,False,False
I66_EB,AM,375,62.423767,48.167927,1.000000,74,68.433540,1.000000,3,69.026229,1.000000,3,06:15,6.009773,6.602463,-0.592689,9.627380,False,False,False
I66_EB,AM,390,59.411013,48.167927,1.000000,74,67.271639,1.000000,3,67.584493,1.000000,3,06:30,7.860627,8.173481,-0.312854,13.230925,False,False,False
I66_EB,AM,405,57.088602,48.167927,1.000000,74,65.677436,1.000000,3,65.686702,1.000000,3,06:45,8.588834,8.598100,-0.009266,15.044744,False,False,False
I66_EB,AM,420,55.447520,48.167927,1.000000,74,64.286491,1.000000,3,64.062578,1.000000,3,07:00,8.838971,8.615058,0.223913,15.941148,False,False,False
I66_EB,AM,435,53.194101,48.167927,1.000000,74,63.386022,1.000000,3,62.861812,1.000000,3,07:15,10.191920,9.667711,0.524210,19.159870,False,False,False
I66_EB,AM,450,52.404448,48.167927,0.886742,67,62.419118,1.000000,3,62.263365,1.000000,3,07:30,10.014670,9.858918,0.155752,19.110343,False,False,False
I66_EB,AM,465,50.423209,48.167927,0.861222,66,61.776155,1.000000,3,61.688550,1.000000,3,07:45,11.352947,11.265341,0.087606,22.515320,False,False,False
I66_EB,AM,480,49.210288,48.167927,0.974481,73,60.557664,1.000000,3,60.781813,1.000000,3,08:00,11.347376,11.571525,-0.224149,23.058950,False,False,False
I66_EB,AM,495,50.062344,48.167927,0.995443,73,61.775972,1.000000,3,61.856459,1.000000,3,08:15,11.713628,11.794115,-0.080487,23.398081,False,False,False
I66_EB,AM,510,51.282584,48.167927,0.995443,73,63.728819,1.000000,3,64.345239,1.000000,3,08:30,12.446235,13.062656,-0.616421,24.269906,False,False,False
I66_EB,AM,525,52.592172,48.167927,1.000000,74,66.169372,1.000000,3,67.167960,1.000000,3,08:45,13.577199,14.575788,-0.998589,25.816008,False,False,False
I66_WB,AM,360,66.352684,48.014539,0.990389,73,69.604781,1.000000,3,69.830225,1.000000,3,06:00,3.252097,3.477541,-0.225444,4.901229,False,False,False
I66_WB,AM,375,65.884576,48.014539,0.990389,73,68.727188,1.000000,3,69.303287,1.000000,3,06:15,2.842612,3.418711,-0.576098,4.314534,False,False,False
I66_WB,AM,390,65.331161,48.014539,1.000000,74,67.838176,1.000000,3,68.327741,1.000000,3,06:30,2.507016,2.996580,-0.489565,3.837396,False,False,False
I66_WB,AM,405,65.127675,48.014539,1.000000,74,66.937308,1.000000,3,67.131399,1.000000,3,06:45,1.809633,2.003724,-0.194091,2.778593,False,False,False
I66_WB,AM,420,64.843619,48.014539,0.990389,73,65.950274,1.000000,3,65.895280,1.000000,3,07:00,1.106655,1.051661,0.054994,1.706652,False,False,False
I66_WB,AM,435,63.214948,48.014539,0.990389,73,64.616125,1.000000,3,64.483517,1.000000,3,07:15,1.401177,1.268569,0.132608,2.216528,False,False,False
I66_WB,AM,450,60.847095,48.014539,1.000000,74,63.000426,1.000000,3,62.954089,1.000000,3,07:30,2.153331,2.106994,0.046337,3.538921,False,False,False
I66_WB,AM,465,59.445124,48.014539,1.000000,74,62.856631,1.000000,3,62.920889,1.000000,3,07:45,3.411507,3.475765,-0.064258,5.738918,False,False,False
I66_WB,AM,480,59.316041,48.014539,0.998885,73,63.345871,1.000000,3,63.475913,1.000000,3,08:00,4.029830,4.159873,-0.130042,6.793829,False,False,False
I66_WB,AM,495,59.045390,48.014539,0.998885,73,62.446137,1.000000,3,62.648650,1.000000,3,08:15,3.400747,3.603260,-0.202514,5.759546,False,False,False
I66_WB,AM,510,59.306260,48.014539,1.000000,74,65.700254,1.000000,3,66.026317,1.000000,3,08:30,6.393994,6.720056,-0.326063,10.781314,False,False,False
I66_WB,AM,525,59.986155,48.014539,1.000000,74,68.218691,1.000000,3,68.728149,1.000000,3,08:45,8.232536,8.741993,-0.509457,13.724060,False,False,False
I95HOV_NB,AM,360,72.435760,51.257169,1.000000,24,74.917438,1.000000,3,74.955827,1.000000,3,06:00,2.481678,2.520066,-0.038389,3.426039,False,False,False
I95HOV_NB,AM,375,72.195336,51.257169,1.000000,24,74.669293,1.000000,3,74.592944,1.000000,3,06:15,2.473957,2.397608,0.076349,3.426754,False,False,False
I95HOV_NB,AM,390,72.119708,51.257169,1.000000,24,74.420214,1.000000,3,73.904503,1.000000,3,06:30,2.300506,1.784796,0.515710,3.189844,False,False,False
I95HOV_NB,AM,405,71.948821,51.257169,1.000000,24,74.170184,1.000000,3,73.024454,1.000000,3,06:45,2.221363,1.075633,1.145730,3.087421,False,False,False
I95HOV_NB,AM,420,71.090543,51.257169,1.000000,24,73.919184,1.000000,3,72.087543,1.000000,3,07:00,2.828641,0.997000,1.831641,3.978927,False,False,False
I95HOV_NB,AM,435,71.046179,51.257169,1.000000,24,73.667251,1.000000,3,71.229156,1.000000,3,07:15,2.621072,0.182977,2.438095,3.689251,False,False,False
I95HOV_NB,AM,450,71.121238,51.257169,1.000000,24,73.415644,1.000000,3,70.143705,1.000000,3,07:30,2.294406,-0.977533,3.271939,3.226049,False,False,False
I95HOV_NB,AM,465,71.221332,51.257169,0.990351,23,71.917685,1.000000,3,67.928536,1.000000,3,07:45,0.696353,-3.292795,3.989149,0.977731,False,False,False
I95HOV_NB,AM,480,71.637537,51.257169,0.990351,23,72.068825,1.000000,3,67.605210,1.000000,3,08:00,0.431288,-4.032327,4.463615,0.602042,False,False,False
I95HOV_NB,AM,495,71.561186,51.257169,1.000000,24,73.266408,1.000000,3,70.064900,1.000000,3,08:15,1.705222,-1.496287,3.201508,2.382886,False,False,False
I95HOV_NB,AM,510,71.757283,51.257169,1.000000,24,73.839246,1.000000,3,72.231271,1.000000,3,08:30,2.081963,0.473989,1.607975,2.901396,False,False,False
I95HOV_NB,AM,525,71.919484,51.257169,1.000000,24,74.625063,1.000000,3,74.351946,1.000000,3,08:45,2.705579,2.432462,0.273116,3.761955,False,False,False
I95HOV_SB,AM,360,60.925421,50.737403,0.958609,23,75.000000,1.000000,3,75.000000,1.000000,3,06:00,14.074579,14.074579,0.000000,23.101324,False,False,False
I95HOV_SB,AM,375,60.956120,50.737403,0.958609,23,75.000000,1.000000,3,75.000000,1.000000,3,06:15,14.043880,14.043880,0.000000,23.039327,False,False,False
I95HOV_SB,AM,390,60.994171,50.737403,0.971486,23,75.000000,1.000000,3,75.000000,1.000000,3,06:30,14.005829,14.005829,0.000000,22.962570,False,False,False
I95HOV_SB,AM,405,60.938111,50.737403,0.971486,23,75.000000,1.000000,3,75.000000,1.000000,3,06:45,14.061889,14.061889,0.000000,23.075690,False,False,False
I95HOV_SB,AM,420,60.605143,50.737403,1.000000,24,75.000000,1.000000,3,75.000000,1.000000,3,07:00,14.394857,14.394857,0.000000,23.751875,False,False,False
I95HOV_SB,AM,435,60.406857,50.737403,1.000000,24,75.000000,1.000000,3,75.000000,1.000000,3,07:15,14.593143,14.593143,0.000000,24.158091,False,False,False
I95HOV_SB,AM,450,,50.737403,0.755508,23,75.000000,1.000000,3,75.000000,1.000000,3,07:30,,,0.000000,,,False,False
I95HOV_SB,AM,465,,50.737403,0.755508,23,75.000000,1.000000,3,75.000000,1.000000,3,07:45,,,0.000000,,,False,False
I95HOV_SB,AM,480,59.518747,50.737403,0.985723,22,75.000000,1.000000,3,75.000000,1.000000,3,08:00,15.481253,15.481253,0.000000,26.010717,False,False,False
I95HOV_SB,AM,495,59.342750,50.737403,0.957208,21,75.000000,1.000000,3,75.000000,1.000000,3,08:15,15.657250,15.657250,0.000000,26.384436,False,False,False
I95HOV_SB,AM,510,59.303754,50.737403,0.971486,23,75.000000,1.000000,3,75.000000,1.000000,3,08:30,15.696246,15.696246,0.000000,26.467543,False,False,False
I95HOV_SB,AM,525,59.573824,50.737403,1.000000,24,75.000000,1.000000,3,75.000000,1.000000,3,08:45,15.426176,15.426176,0.000000,25.894218,False,False,False
I95_NB,AM,360,54.623979,48.657852,1.000000,27,66.291579,1.000000,3,67.972898,1.000000,3,06:00,11.667599,13.348918,-1.681319,21.359848,False,False,False
I95_NB,AM,375,50.367692,48.657852,1.000000,27,59.980527,1.000000,3,63.399944,1.000000,3,06:15,9.612835,13.032252,-3.419416,19.085320,False,False,False
I95_NB,AM,390,47.319674,48.657852,0.965400,25,55.774227,1.000000,3,59.259196,1.000000,3,06:30,8.454554,11.939522,-3.484969,17.866889,True,False,False
I95_NB,AM,405,46.946428,48.657852,0.965400,25,53.165303,1.000000,3,56.708967,1.000000,3,06:45,6.218874,9.762539,-3.543665,13.246747,True,False,False
I95_NB,AM,420,46.204343,48.657852,1.000000,27,50.906319,1.000000,3,54.794097,1.000000,3,07:00,4.701976,8.589753,-3.887778,10.176480,True,False,False
I95_NB,AM,435,46.135173,48.657852,0.989779,26,49.268688,1.000000,3,53.394427,1.000000,3,07:15,3.133515,7.259254,-4.125739,6.792030,True,False,False
I95_NB,AM,450,46.231928,48.657852,0.989779,26,49.866255,1.000000,3,53.923794,1.000000,3,07:30,3.634327,7.691866,-4.057539,7.861076,True,False,False
I95_NB,AM,465,47.055272,48.657852,1.000000,27,51.944196,1.000000,3,55.257021,1.000000,3,07:45,4.888924,8.201749,-3.312825,10.389747,True,False,False
I95_NB,AM,480,49.712604,48.657852,1.000000,27,55.244018,1.000000,3,57.800813,1.000000,3,08:00,5.531414,8.088209,-2.556795,11.126783,False,False,False
I95_NB,AM,495,51.413219,48.657852,1.000000,27,58.107774,1.000000,3,60.541139,1.000000,3,08:15,6.694554,9.127920,-2.433366,13.021076,False,False,False
I95_NB,AM,510,52.680190,48.657852,1.000000,27,61.579354,1.000000,3,64.117137,1.000000,3,08:30,8.899165,11.436948,-2.537783,16.892811,False,False,False
I95_NB,AM,525,54.552491,48.657852,0.984636,26,65.914489,1.000000,3,67.745333,1.000000,3,08:45,11.361999,13.192842,-1.830843,20.827645,False,False,False
I95_SB,AM,360,66.575050,48.158353,1.000000,27,70.646395,1.000000,3,71.101285,1.000000,3,06:00,4.071345,4.526235,-0.454889,6.115422,False,False,False
I95_SB,AM,375,65.837620,48.158353,1.000000,27,68.852910,1.000000,3,70.007417,1.000000,3,06:15,3.015290,4.169797,-1.154507,4.579890,False,False,False
I95_SB,AM,390,64.938259,48.158353,1.000000,27,67.020923,1.000000,3,68.009366,1.000000,3,06:30,2.082664,3.071107,-0.988443,3.207145,False,False,False
I95_SB,AM,405,64.630199,48.158353,0.996150,26,65.148242,1.000000,3,65.625478,1.000000,3,06:45,0.518043,0.995279,-0.477236,0.801549,False,False,False
I95_SB,AM,420,64.398160,48.158353,0.996150,26,63.232247,1.000000,3,63.434748,1.000000,3,07:00,-1.165913,-0.963412,-0.202501,1.810475,False,False,False
I95_SB,AM,435,63.767866,48.158353,1.000000,27,60.386614,1.000000,3,61.241957,1.000000,3,07:15,-3.381252,-2.525909,-0.855343,5.302439,False,False,False
I95_SB,AM,450,62.324471,48.158353,1.000000,27,57.247132,1.000000,3,58.707438,1.000000,3,07:30,-5.077339,-3.617033,-1.460306,8.146622,False,False,False
I95_SB,AM,465,61.435072,48.158353,0.904578,25,56.478271,1.000000,3,57.982035,1.000000,3,07:45,-4.956801,-3.453037,-1.503763,8.068356,False,False,False
I95_SB,AM,480,63.016246,48.158353,0.867845,23,58.544534,1.000000,3,59.868796,1.000000,3,08:00,-4.471713,-3.147450,-1.324262,7.096127,False,False,False
I95_SB,AM,495,62.985960,48.158353,0.963267,25,60.799506,1.000000,3,61.712309,1.000000,3,08:15,-2.186454,-1.273652,-0.912803,3.471336,False,False,False
I95_SB,AM,510,61.855882,48.158353,0.949676,25,63.880821,1.000000,3,64.894207,1.000000,3,08:30,2.024939,3.038326,-1.013386,3.273641,False,False,False
I95_SB,AM,525,61.903093,48.158353,0.949676,25,67.628346,1.000000,3,68.817586,1.000000,3,08:45,5.725253,6.914494,-1.189240,9.248735,False,False,False
US15_NB,AM,360,46.937738,36.128896,1.000000,21,52.008437,1.000000,3,52.227590,1.000000,3,06:00,5.070698,5.289852,-0.219154,10.803031,False,False,False
US15_NB,AM,375,45.973741,36.128896,1.000000,21,51.093165,1.000000,3,51.540561,1.000000,3,06:15,5.119424,5.566821,-0.447396,11.135540,False,False,False
US15_NB,AM,390,44.849129,36.128896,1.000000,21,50.174229,1.000000,3,50.283562,1.000000,3,06:30,5.325100,5.434433,-0.109333,11.873363,False,False,False
US15_NB,AM,405,43.586646,36.128896,1.000000,21,49.251283,1.000000,3,48.771331,1.000000,3,06:45,5.664637,5.184685,0.479952,12.996268,False,False,False
US15_NB,AM,420,42.279786,36.128896,1.000000,21,48.295564,1.000000,3,47.313120,1.000000,3,07:00,6.015779,5.033334,0.982444,14.228498,False,False,False
US15_NB,AM,435,41.371116,36.128896,1.000000,21,47.060135,1.000000,3,45.812469,1.000000,3,07:15,5.689018,4.441352,1.247666,13.751184,False,False,False
US15_NB,AM,450,41.197478,36.128896,1.000000,21,45.365583,1.000000,3,44.200966,1.000000,3,07:30,4.168104,3.003488,1.164616,10.117377,False,False,False
US15_NB,AM,465,40.991426,36.128896,0.884108,20,44.063713,1.000000,3,43.059166,1.000000,3,07:45,3.072287,2.067740,1.004547,7.494950,False,False,False
US15_NB,AM,480,41.367777,36.128896,0.884108,20,45.411125,1.000000,3,44.284965,1.000000,3,08:00,4.043348,2.917187,1.126161,9.774149,False,False,False
US15_NB,AM,495,41.193430,36.128896,1.000000,21,46.254308,1.000000,3,45.293419,1.000000,3,08:15,5.060878,4.099990,0.960889,12.285645,False,False,False
US15_NB,AM,510,41.342391,36.128896,1.000000,21,48.891261,1.000000,3,48.208232,1.000000,3,08:30,7.548871,6.865842,0.683029,18.259395,False,False,False
US15_NB,AM,525,41.558605,36.128896,1.000000,21,50.957452,1.000000,3,51.177755,1.000000,3,08:45,9.398848,9.619151,-0.220303,22.615888,False,False,False
US15_SB,AM,360,45.720095,35.843329,1.000000,21,51.483291,1.000000,3,51.849121,1.000000,3,06:00,5.763196,6.129026,-0.365830,12.605389,False,False,False
US15_SB,AM,375,44.188523,35.843329,1.000000,21,49.176108,1.000000,3,49.935522,1.000000,3,06:15,4.987585,5.746999,-0.759414,11.287061,False,False,False
US15_SB,AM,390,45.173883,35.843329,0.880492,19,47.230936,1.000000,3,47.839167,1.000000,3,06:30,2.057053,2.665284,-0.608231,4.553634,False,False,False
US15_SB,AM,405,43.655585,35.843329,0.880492,19,46.572327,1.000000,3,46.752736,1.000000,3,06:45,2.916742,3.097151,-0.180409,6.681258,False,False,False
US15_SB,AM,420,39.960133,35.843329,1.000000,21,46.107732,1.000000,3,45.921702,1.000000,3,07:00,6.147599,5.961569,0.186030,15.384332,False,False,False
US15_SB,AM,435,39.847065,35.843329,1.000000,21,44.716000,1.000000,3,44.574505,1.000000,3,07:15,4.868936,4.727440,0.141496,12.219057,False,False,False
US15_SB,AM,450,39.185386,35.843329,0.993266,20,42.260894,1.000000,3,42.648065,1.000000,3,07:30,3.075508,3.462679,-0.387171,7.848609,False,False,False
US15_SB,AM,465,38.767878,35.843329,0.993266,20,42.463412,1.000000,3,42.928584,1.000000,3,07:45,3.695535,4.160706,-0.465171,9.532465,False,False,False
US15_SB,AM,480,43.681513,35.843329,0.885535,20,44.840737,1.000000,3,45.114353,1.000000,3,08:00,1.159224,1.432840,-0.273615,2.653810,False,False,False
US15_SB,AM,495,43.855661,35.843329,0.885535,20,46.661369,1.000000,3,46.864067,1.000000,3,08:15,2.805707,3.008406,-0.202698,6.397594,False,False,False
US15_SB,AM,510,38.819712,35.843329,0.979859,20,48.712591,1.000000,3,49.232076,1.000000,3,08:30,9.892879,10.412364,-0.519485,25.484164,False,False,False
US15_SB,AM,525,39.329443,35.843329,0.973124,19,50.846614,1.000000,3,51.524139,1.000000,3,08:45,11.517171,12.194696,-0.677525,29.283840,False,False,False
US1_NB,AM,360,35.781016,32.576181,0.938142,50,47.253481,1.000000,3,47.466912,1.000000,3,06:00,11.472466,11.685896,-0.213431,32.062996,False,False,False
US1_NB,AM,375,35.268196,32.576181,1.000000,51,45.496271,1.000000,3,45.812702,1.000000,3,06:15,10.228075,10.544506,-0.316431,29.000845,False,False,False
US1_NB,AM,390,33.718412,32.576181,1.000000,51,43.982241,1.000000,3,43.878469,1.000000,3,06:30,10.263829,10.160057,0.103772,30.439837,False,False,False
US1_NB,AM,405,32.462574,32.576181,1.000000,51,42.711154,1.000000,3,42.275855,1.000000,3,06:45,10.248580,9.813282,0.435299,31.570449,True,False,False
US1_NB,AM,420,31.608900,32.576181,1.000000,51,41.052521,1.000000,3,40.330770,1.000000,3,07:00,9.443621,8.721870,0.721751,29.876464,True,False,False
US1_NB,AM,435,30.739815,32.576181,0.989476,49,40.457719,1.000000,3,39.568713,1.000000,3,07:15,9.717904,8.828898,0.889006,31.613410,True,False,False
US1_NB,AM,450,29.767038,32.576181,0.989476,49,39.604484,1.000000,3,38.718479,1.000000,3,07:30,9.837446,8.951441,0.886005,33.048119,True,False,False
US1_NB,AM,465,28.834561,32.576181,0.861196,48,40.064813,1.000000,3,39.083215,1.000000,3,07:45,11.230253,10.248654,0.981599,38.947195,True,False,False
US1_NB,AM,480,29.130588,32.576181,0.861196,48,40.955010,1.000000,3,39.962159,1.000000,3,08:00,11.824422,10.831571,0.992851,40.591086,True,False,False
US1_NB,AM,495,30.102189,32.576181,1.000000,51,41.341685,1.000000,3,40.594732,1.000000,3,08:15,11.239495,10.492543,0.746953,37.337801,True,False,False
US1_NB,AM,510,30.236202,32.576181,0.922523,49,43.162847,1.000000,3,42.792347,1.000000,3,08:30,12.926645,12.556145,0.370500,42.752210,True,False,False
US1_NB,AM,525,30.760423,32.576181,0.922523,49,45.622482,1.000000,3,45.750433,1.000000,3,08:45,14.862059,14.990010,-0.127951,48.315524,True,False,False
US1_SB,AM,360,35.030242,32.494471,1.000000,50,47.112822,1.000000,3,47.305195,1.000000,3,06:00,12.082579,12.274953,-0.192374,34.491853,False,False,False
US1_SB,AM,375,35.274654,32.494471,0.983405,49,46.125912,1.000000,3,46.309189,1.000000,3,06:15,10.851259,11.034536,-0.183277,30.762198,False,False,False
US1_SB,AM,390,34.757851,32.494471,0.981642,48,45.038648,1.000000,3,44.911968,1.000000,3,06:30,10.280796,10.154117,0.126679,29.578342,False,False,False
US1_SB,AM,405,33.700798,32.494471,0.998237,49,43.933232,1.000000,3,43.484557,1.000000,3,06:45,10.232434,9.783758,0.448676,30.362586,False,False,False
US1_SB,AM,420,32.834506,32.494471,0.999729,49,43.778413,1.000000,3,43.049250,1.000000,3,07:00,10.943907,10.214744,0.729163,33.330507,False,False,False
US1_SB,AM,435,32.135819,32.494471,0.999729,49,42.946565,1.000000,3,42.145158,1.000000,3,07:15,10.810746,10.009339,0.801407,33.640799,True,False,False
US1_SB,AM,450,31.636490,32.494471,0.992321,49,42.751908,1.000000,3,41.894283,1.000000,3,07:30,11.115417,10.257792,0.857625,35.134799,True,False,False
US1_SB,AM,465,31.239167,32.494471,0.992321,49,42.500598,1.000000,3,41.712133,1.000000,3,07:45,11.261431,10.472967,0.788465,36.049077,True,False,False
US1_SB,AM,480,31.167861,32.494471,1.000000,50,43.234348,1.000000,3,42.493942,1.000000,3,08:00,12.066487,11.326081,0.740406,38.714517,True,False,False
US1_SB,AM,495,30.985937,32.494471,0.999787,49,44.154047,1.000000,3,43.606619,1.000000,3,08:15,13.168110,12.620681,0.547429,42.497053,True,False,False
US1_SB,AM,510,31.179189,32.494471,0.999787,49,45.752896,1.000000,3,45.562915,1.000000,3,08:30,14.573707,14.383727,0.189980,46.741778,True,False,False
US1_SB,AM,525,31.404413,32.494471,1.000000,50,46.954962,1.000000,3,47.185969,1.000000,3,08:45,15.550549,15.781556,-0.231007,49.517083,True,False,False
US29_NB,AM,360,34.439184,32.843103,0.967173,67,43.873009,1.000000,3,44.139811,1.000000,3,06:00,9.433825,9.700627,-0.266802,27.392707,False,False,False
US29_NB,AM,375,34.036771,32.843103,0.968273,68,42.567564,1.000000,3,43.140715,1.000000,3,06:15,8.530793,9.103944,-0.573151,25.063463,False,False,False
US29_NB,AM,390,33.462096,32.843103,1.000000,69,41.382518,1.000000,3,41.718163,1.000000,3,06:30,7.920422,8.256067,-0.335645,23.669833,False,False,False
US29_NB,AM,405,32.449798,32.843103,1.000000,69,40.087498,1.000000,3,40.112423,1.000000,3,06:45,7.637699,7.662625,-0.024925,23.536970,True,False,False
US29_NB,AM,420,31.496067,32.843103,1.000000,69,38.832794,1.000000,3,38.572077,1.000000,3,07:00,7.336727,7.076010,0.260718,23.294106,True,False,False
US29_NB,AM,435,30.683555,32.843103,1.000000,69,38.010949,1.000000,3,37.638292,1.000000,3,07:15,7.327393,6.954736,0.372657,23.880523,True,False,False
US29_NB,AM,450,29.294530,32.843103,1.000000,69,36.396621,1.000000,3,36.076204,1.000000,3,07:30,7.102091,6.781674,0.320417,24.243743,True,False,False
US29_NB,AM,465,28.128506,32.843103,0.910509,65,35.416315,1.000000,3,35.277767,1.000000,3,07:45,7.287809,7.149260,0.138549,25.908979,True,False,False
US29_NB,AM,480,28.311276,32.843103,0.899036,64,35.643736,1.000000,3,35.648502,1.000000,3,08:00,7.332460,7.337226,-0.004767,25.899433,True,False,False
US29_NB,AM,495,29.203542,32.843103,0.970590,67,37.307707,1.000000,3,37.310846,1.000000,3,08:15,8.104165,8.107304,-0.003139,27.750624,True,False,False
US29_NB,AM,510,29.147944,32.843103,0.982063,68,39.165996,1.000000,3,39.235718,1.000000,3,08:30,10.018052,10.087774,-0.069722,34.369670,True,False,False
US29_NB,AM,525,28.815013,32.843103,1.000000,69,41.410514,1.000000,3,41.934283,1.000000,3,08:45,12.595501,13.119270,-0.523769,43.711591,True,False,False
US29_SB,AM,360,34.264785,32.446566,0.996901,69,43.715291,1.000000,3,43.842099,1.000000,3,06:00,9.450507,9.577315,-0.126808,27.580815,False,False,False
US29_SB,AM,375,34.110694,32.446566,0.996901,69,43.176125,1.000000,3,43.479516,1.000000,3,06:15,9.065431,9.368822,-0.303391,26.576508,False,False,False
US29_SB,AM,390,33.977261,32.446566,0.986637,69,42.738108,1.000000,3,42.944141,1.000000,3,06:30,8.760847,8.966881,-0.206034,25.784442,False,False,False
US29_SB,AM,405,33.208440,32.446566,0.974353,68,42.190058,1.000000,3,42.183324,1.000000,3,06:45,8.981618,8.974884,0.006734,27.046190,False,False,False
US29_SB,AM,420,32.381358,32.446566,0.967483,68,41.560416,1.000000,3,41.394183,1.000000,3,07:00,9.179058,9.012825,0.166233,28.346737,True,False,False
US29_SB,AM,435,31.716841,32.446566,0.979767,69,40.813350,1.000000,3,40.621758,1.000000,3,07:15,9.096510,8.904917,0.191592,28.680378,True,False,False
US29_SB,AM,450,31.233423,32.446566,1.000000,70,39.932159,1.000000,3,39.793115,1.000000,3,07:30,8.698736,8.559691,0.139044,27.850727,True,False,False
US29_SB,AM,465,30.368192,32.446566,0.968436,69,39.440839,1.000000,3,39.232794,1.000000,3,07:45,9.072647,8.864602,0.208045,29.875494,True,False,False
US29_SB,AM,480,30.170732,32.446566,0.968436,69,40.643758,1.000000,3,40.406407,1.000000,3,08:00,10.473025,10.235675,0.237351,34.712533,True,False,False
US29_SB,AM,495,30.231158,32.446566,1.000000,70,41.001623,1.000000,3,40.853369,1.000000,3,08:15,10.770464,10.622210,0.148254,35.627032,True,False,False
US29_SB,AM,510,30.352312,32.446566,0.991307,69,41.554747,1.000000,3,41.620803,1.000000,3,08:30,11.202435,11.268491,-0.066056,36.908012,True,False,False
US29_SB,AM,525,30.320887,32.446566,0.991307,69,42.803256,1.000000,3,42.974484,1.000000,3,08:45,12.482368,12.653597,-0.171229,41.167555,True,False,False
US50_EB,AM,360,38.662262,33.061469,0.985361,65,46.308077,1.000000,3,46.591407,1.000000,3,06:00,7.645815,7.929145,-0.283330,19.775911,False,False,False
US50_EB,AM,375,38.614005,33.061469,0.938008,62,45.062522,1.000000,3,45.732522,1.000000,3,06:15,6.448517,7.118517,-0.670000,16.699942,False,False,False
US50_EB,AM,390,37.522386,33.061469,0.938008,62,43.902210,1.000000,3,44.343030,1.000000,3,06:30,6.379824,6.820644,-0.440820,17.002715,False,False,False
US50_EB,AM,405,36.319789,33.061469,1.000000,66,42.688774,1.000000,3,42.664767,1.000000,3,06:45,6.368985,6.344978,0.024007,17.535852,False,False,False
US50_EB,AM,420,35.350141,33.061469,1.000000,66,41.372629,1.000000,3,40.989972,1.000000,3,07:00,6.022488,5.639831,0.382657,17.036674,False,False,False
US50_EB,AM,435,33.850298,33.061469,0.997105,64,40.035790,1.000000,3,39.612600,1.000000,3,07:15,6.185491,5.762301,0.423190,18.273078,False,False,False
US50_EB,AM,450,32.137223,33.061469,0.997105,64,38.530510,1.000000,3,38.321317,1.000000,3,07:30,6.393287,6.184093,0.209194,19.893712,True,False,False
US50_EB,AM,465,31.322736,33.061469,0.907798,60,36.811914,1.000000,3,36.849555,1.000000,3,07:45,5.489178,5.526819,-0.037641,17.524581,True,False,False
US50_EB,AM,480,31.425037,33.061469,0.902126,58,37.347215,1.000000,3,37.404686,1.000000,3,08:00,5.922179,5.979649,-0.057470,18.845415,True,False,False
US50_EB,AM,495,31.359426,33.061469,0.988814,63,38.490293,1.000000,3,38.370748,1.000000,3,08:15,7.130867,7.011323,0.119545,22.739151,True,False,False
US50_EB,AM,510,31.422217,33.061469,0.963980,63,40.769089,1.000000,3,40.731961,1.000000,3,08:30,9.346871,9.309744,0.037128,29.746059,True,False,False
US50_EB,AM,525,31.929036,33.061469,0.969494,64,43.836496,1.000000,3,44.315735,1.000000,3,08:45,11.907459,12.386699,-0.479240,37.293513,True,False,False
US50_WB,AM,360,38.473891,33.136526,1.000000,63,46.317982,1.000000,3,46.482070,1.000000,3,06:00,7.844091,8.008179,-0.164088,20.388088,False,False,False
US50_WB,AM,375,38.809911,33.136526,1.000000,63,45.580412,1.000000,3,45.920670,1.000000,3,06:15,6.770501,7.110759,-0.340258,17.445289,False,False,False
US50_WB,AM,390,38.017927,33.136526,1.000000,63,44.859820,1.000000,3,45.015054,1.000000,3,06:30,6.841893,6.997128,-0.155234,17.996492,False,False,False
US50_WB,AM,405,37.182087,33.136526,1.000000,63,44.025333,1.000000,3,43.926846,1.000000,3,06:45,6.843246,6.744759,0.098487,18.404685,False,False,False
US50_WB,AM,420,36.769797,33.136526,1.000000,63,43.183175,1.000000,3,42.854675,1.000000,3,07:00,6.413377,6.084877,0.328500,17.441971,False,False,False
US50_WB,AM,435,36.301632,33.136526,1.000000,63,42.812462,1.000000,3,42.346523,1.000000,3,07:15,6.510830,6.044891,0.465939,17.935364,False,False,False
US50_WB,AM,450,35.463210,33.136526,0.988420,61,42.103245,1.000000,3,41.631151,1.000000,3,07:30,6.640035,6.167941,0.472094,18.723728,False,False,False
US50_WB,AM,465,34.767134,33.136526,0.979965,60,41.300608,1.000000,3,40.886449,1.000000,3,07:45,6.533474,6.119315,0.414159,18.792099,False,False,False
US50_WB,AM,480,34.613552,33.136526,0.991546,62,42.089409,1.000000,3,41.662875,1.000000,3,08:00,7.475858,7.049323,0.426534,21.598066,False,False,False
US50_WB,AM,495,34.645324,33.136526,1.000000,63,42.570831,1.000000,3,42.172607,1.000000,3,08:15,7.925507,7.527283,0.398224,22.876123,False,False,False
US50_WB,AM,510,34.648556,33.136526,1.000000,63,43.466218,1.000000,3,43.300570,1.000000,3,08:30,8.817662,8.652014,0.165649,25.448860,False,False,False
US50_WB,AM,525,34.697996,33.136526,1.000000,63,44.697903,1.000000,3,44.826979,1.000000,3,08:45,9.999907,10.128983,-0.129077,28.819839,False,False,False
VA120_NB,AM,360,27.863296,31.500000,0.866867,20,44.261826,1.000000,3,44.421917,1.000000,3,06:00,16.398530,16.558621,-0.160091,58.853519,True,False,False
VA120_NB,AM,375,27.243725,31.500000,0.858327,19,43.520937,1.000000,3,43.962436,1.000000,3,06:15,16.277212,16.718711,-0.441499,59.746647,True,False,False
VA120_NB,AM,390,25.646534,31.500000,0.991460,21,42.968210,1.000000,3,43.398092,1.000000,3,06:30,17.321676,17.751558,-0.429882,67.540029,True,False,False
VA120_NB,AM,405,25.410785,31.500000,1.000000,22,42.330021,1.000000,3,42.553952,1.000000,3,06:45,16.919236,17.143167,-0.223931,66.582895,True,False,False
VA120_NB,AM,420,24.813200,31.500000,0.967098,21,41.682214,1.000000,3,41.632757,1.000000,3,07:00,16.869014,16.819558,0.049457,67.984034,True,False,False
VA120_NB,AM,435,23.936997,31.500000,0.967098,21,41.024104,1.000000,3,40.761838,1.000000,3,07:15,17.087108,16.824841,0.262266,71.383673,True,False,False
VA120_NB,AM,450,22.559548,31.500000,1.000000,22,39.877642,1.000000,3,39.632831,1.000000,3,07:30,17.318095,17.073283,0.244812,76.766143,True,False,False
VA120_NB,AM,465,21.538522,31.500000,0.993557,21,39.285046,1.000000,3,39.135741,1.000000,3,07:45,17.746524,17.597219,0.149305,82.394345,True,False,False
VA120_NB,AM,480,20.955408,31.500000,0.993557,21,37.894102,1.000000,3,37.970957,1.000000,3,08:00,16.938694,17.015548,-0.076854,80.832087,True,False,False
VA120_NB,AM,495,21.306267,31.500000,1.000000,22,38.328365,1.000000,3,38.416932,1.000000,3,08:15,17.022098,17.110665,-0.088567,79.892446,True,False,False
VA120_NB,AM,510,21.275977,31.500000,1.000000,22,39.054211,1.000000,3,39.034146,1.000000,3,08:30,17.778234,17.758169,0.020065,83.560133,True,False,False
VA120_NB,AM,525,21.313684,31.500000,0.995864,21,40.407928,1.000000,3,40.625422,1.000000,3,08:45,19.094244,19.311738,-0.217494,89.586786,True,False,False
VA120_SB,AM,360,26.307657,31.500000,1.000000,21,43.237500,1.000000,3,43.375696,1.000000,3,06:00,16.929844,17.068040,-0.138196,64.353295,True,False,False
VA120_SB,AM,375,26.503315,31.500000,0.999146,20,42.534872,1.000000,3,42.915683,1.000000,3,06:15,16.031557,16.412368,-0.380811,60.488873,True,False,False
VA120_SB,AM,390,26.425368,31.500000,0.999146,20,41.839387,1.000000,3,42.005722,1.000000,3,06:30,15.414020,15.580354,-0.166334,58.330388,True,False,False
VA120_SB,AM,405,27.141320,31.500000,0.900535,20,41.010832,1.000000,3,40.758238,1.000000,3,06:45,13.869512,13.616918,0.252594,51.101097,True,False,False
VA120_SB,AM,420,26.752516,31.500000,0.900535,20,40.165332,1.000000,3,39.586235,1.000000,3,07:00,13.412816,12.833719,0.579097,50.136654,True,False,False
VA120_SB,AM,435,25.145853,31.500000,1.000000,21,38.914235,1.000000,3,38.314587,1.000000,3,07:15,13.768382,13.168734,0.599648,54.754086,True,False,False
VA120_SB,AM,450,24.200613,31.500000,1.000000,21,36.740559,1.000000,3,36.577645,1.000000,3,07:30,12.539946,12.377032,0.162914,51.816646,True,False,False
VA120_SB,AM,465,23.382745,31.500000,0.993517,20,37.131119,1.000000,3,36.990133,1.000000,3,07:45,13.748375,13.607388,0.140987,58.797095,True,False,False
VA120_SB,AM,480,23.083848,31.500000,0.942344,19,37.623692,1.000000,3,37.277154,1.000000,3,08:00,14.539844,14.193307,0.346537,62.987090,True,False,False
VA120_SB,AM,495,23.008455,31.500000,0.948827,20,38.527638,1.000000,3,38.089344,1.000000,3,08:15,15.519183,15.080889,0.438294,67.449913,True,False,False
VA120_SB,AM,510,22.857621,31.500000,1.000000,21,39.626977,1.000000,3,39.466839,1.000000,3,08:30,16.769356,16.609218,0.160138,73.364398,True,False,False
VA120_SB,AM,525,22.860415,31.500000,1.000000,21,41.740442,1.000000,3,41.756012,1.000000,3,08:45,18.880027,18.895597,-0.015571,82.588293,True,False,False
VA123_NB,AM,360,36.988793,33.721015,0.982648,42,49.325292,1.000000,3,49.690117,1.000000,3,06:00,12.336499,12.701324,-0.364825,33.351991,False,False,False
VA123_NB,AM,375,36.626940,33.721015,1.000000,43,47.775762,1.000000,3,48.551243,1.000000,3,06:15,11.148822,11.924303,-0.775481,30.438859,False,False,False
VA123_NB,AM,390,34.902713,33.721015,0.986717,42,46.198339,1.000000,3,46.673646,1.000000,3,06:30,11.295626,11.770933,-0.475307,32.363176,False,False,False
VA123_NB,AM,405,33.719908,33.721015,0.986717,42,44.313758,1.000000,3,44.520120,1.000000,3,06:45,10.593850,10.800212,-0.206362,31.417199,True,False,False
VA123_NB,AM,420,32.457330,33.721015,1.000000,43,42.635961,1.000000,3,42.582449,1.000000,3,07:00,10.178631,10.125120,0.053511,31.360039,True,False,False
VA123_NB,AM,435,30.235974,33.721015,0.977061,42,41.708096,1.000000,3,41.585698,1.000000,3,07:15,11.472122,11.349724,0.122398,37.941963,True,False,False
VA123_NB,AM,450,29.329558,33.721015,0.911861,40,40.544462,1.000000,3,40.539006,1.000000,3,07:30,11.214904,11.209448,0.005456,38.237550,True,False,False
VA123_NB,AM,465,28.933643,33.721015,0.863435,39,39.789073,1.000000,3,39.892281,1.000000,3,07:45,10.855430,10.958638,-0.103208,37.518364,True,False,False
VA123_NB,AM,480,29.032265,33.721015,0.901170,39,40.067613,1.000000,3,40.413404,1.000000,3,08:00,11.035347,11.381139,-0.345792,38.010631,True,False,False
VA123_NB,AM,495,28.691871,33.721015,0.972535,41,39.240502,1.000000,3,40.549783,1.000000,3,08:15,10.548631,11.857912,-1.309281,36.765226,True,False,False
VA123_NB,AM,510,28.916136,33.721015,1.000000,43,40.990308,1.000000,3,42.519057,1.000000,3,08:30,12.074172,13.602922,-1.528750,41.755829,True,False,False
VA123_NB,AM,525,29.659661,33.721015,0.950400,42,44.831121,1.000000,3,45.879947,1.000000,3,08:45,15.171460,16.220286,-1.048826,51.151833,True,False,False
VA123_SB,AM,360,38.089107,33.464440,1.000000,43,48.949818,1.000000,3,49.154072,1.000000,3,06:00,10.860712,11.064965,-0.204254,28.513957,False,False,False
VA123_SB,AM,375,37.594234,33.464440,1.000000,43,48.261050,1.000000,3,48.725827,1.000000,3,06:15,10.666816,11.131593,-0.464777,28.373544,False,False,False
VA123_SB,AM,390,37.447911,33.464440,0.983155,41,47.309182,1.000000,3,47.595259,1.000000,3,06:30,9.861271,10.147348,-0.286077,26.333301,False,False,False
VA123_SB,AM,405,36.771902,33.464440,0.983155,41,46.394207,1.000000,3,46.346490,1.000000,3,06:45,9.622305,9.574588,0.047716,26.167547,False,False,False
VA123_SB,AM,420,35.672336,33.464440,1.000000,43,45.662432,1.000000,3,45.253841,1.000000,3,07:00,9.990096,9.581505,0.408591,28.005163,False,False,False
VA123_SB,AM,435,35.211240,33.464440,0.982332,42,45.023259,1.000000,3,44.452537,1.000000,3,07:15,9.812019,9.241297,0.570722,27.866157,False,False,False
VA123_SB,AM,450,34.437847,33.464440,0.982332,42,44.041656,1.000000,3,43.510151,1.000000,3,07:30,9.603809,9.072304,0.531505,27.887366,False,False,False
VA123_SB,AM,465,33.174216,33.464440,0.977331,42,42.692438,1.000000,3,42.197451,1.000000,3,07:45,9.518223,9.023235,0.494988,28.691629,True,False,False
VA123_SB,AM,480,32.876008,33.464440,0.977331,42,43.953314,1.000000,3,43.462426,1.000000,3,08:00,11.077306,10.586418,0.490888,33.694194,True,False,False
VA123_SB,AM,495,33.037315,33.464440,1.000000,43,44.861409,1.000000,3,44.470734,1.000000,3,08:15,11.824093,11.433418,0.390675,35.790115,True,False,False
VA123_SB,AM,510,32.746353,33.464440,1.000000,43,45.109837,1.000000,3,45.147895,1.000000,3,08:30,12.363484,12.401542,-0.038058,37.755300,True,False,False
VA123_SB,AM,525,32.827755,33.464440,0.983266,41,46.403467,1.000000,3,46.763653,1.000000,3,08:45,13.575712,13.935897,-0.360186,41.354371,True,False,False
VA234_NB,AM,360,46.129775,37.352736,1.000000,27,53.786541,1.000000,3,54.076545,1.000000,3,06:00,7.656766,7.946770,-0.290004,16.598317,False,False,False
VA234_NB,AM,375,45.048868,37.352736,1.000000,27,52.469047,1.000000,3,52.903445,1.000000,3,06:15,7.420178,7.854577,-0.434399,16.471398,False,False,False
VA234_NB,AM,390,42.996626,37.352736,1.000000,27,50.626596,1.000000,3,50.903631,1.000000,3,06:30,7.629970,7.907006,-0.277036,17.745509,False,False,False
VA234_NB,AM,405,41.361194,37.352736,0.985166,26,48.569342,1.000000,3,48.783379,1.000000,3,06:45,7.208148,7.422185,-0.214037,17.427320,False,False,False
VA234_NB,AM,420,40.185312,37.352736,0.940833,25,46.656765,1.000000,3,46.839719,1.000000,3,07:00,6.471454,6.654408,-0.182954,16.104027,False,False,False
VA234_NB,AM,435,40.449120,37.352736,0.892222,25,45.581859,1.000000,3,45.778918,1.000000,3,07:15,5.132739,5.329798,-0.197059,12.689371,False,False,False
VA234_NB,AM,450,40.210126,37.352736,0.934412,25,45.412199,1.000000,3,45.406889,1.000000,3,07:30,5.202073,5.196763,0.005311,12.937221,False,False,False
VA234_NB,AM,465,38.952376,37.352736,0.997857,26,47.039080,1.000000,3,46.677127,1.000000,3,07:45,8.086704,7.724751,0.361953,20.760490,False,False,False
VA234_NB,AM,480,39.549167,37.352736,1.000000,27,48.598243,1.000000,3,48.039095,1.000000,3,08:00,9.049075,8.489928,0.559148,22.880571,False,False,False
VA234_NB,AM,495,40.215926,37.352736,1.000000,27,49.005582,1.000000,3,48.634587,1.000000,3,08:15,8.789655,8.418660,0.370995,21.856155,False,False,False
VA234_NB,AM,510,41.588469,37.352736,0.893112,26,50.762190,1.000000,3,50.866042,1.000000,3,08:30,9.173722,9.277574,-0.103852,22.058330,False,False,False
VA234_NB,AM,525,41.776858,37.352736,0.893112,26,52.965795,1.000000,3,53.332729,1.000000,3,08:45,11.188937,11.555871,-0.366934,26.782621,False,False,False
VA234_SB,AM,360,47.809062,37.416716,1.000000,26,53.878654,1.000000,3,54.179804,1.000000,3,06:00,6.069592,6.370742,-0.301150,12.695485,False,False,False
VA234_SB,AM,375,46.977381,37.416716,1.000000,26,52.483030,1.000000,3,53.137310,1.000000,3,06:15,5.505649,6.159929,-0.654280,11.719788,False,False,False
VA234_SB,AM,390,45.697081,37.416716,1.000000,26,51.195676,1.000000,3,51.577224,1.000000,3,06:30,5.498594,5.880142,-0.381548,12.032704,False,False,False
VA234_SB,AM,405,43.825514,37.416716,1.000000,26,50.105755,1.000000,3,49.974651,1.000000,3,06:45,6.280241,6.149137,0.131104,14.330103,False,False,False
VA234_SB,AM,420,43.563483,37.416716,0.868750,24,48.297797,1.000000,3,48.056661,1.000000,3,07:00,4.734314,4.493178,0.241136,10.867620,False,False,False
VA234_SB,AM,435,42.813924,37.416716,0.868750,24,47.531700,1.000000,3,47.156162,1.000000,3,07:15,4.717776,4.342238,0.375537,11.019255,False,False,False
VA234_SB,AM,450,41.395834,37.416716,0.990959,25,47.176760,1.000000,3,46.749449,1.000000,3,07:30,5.780926,5.353615,0.427311,13.964995,False,False,False
VA234_SB,AM,465,,37.416716,0.593046,21,47.070305,1.000000,3,46.492802,1.000000,3,07:45,,,0.577503,,,False,False
VA234_SB,AM,480,,37.416716,0.602086,22,46.607173,1.000000,3,45.994369,1.000000,3,08:00,,,0.612804,,,False,False
VA234_SB,AM,495,42.663161,37.416716,1.000000,26,48.180360,1.000000,3,47.680338,1.000000,3,08:15,5.517199,5.017177,0.500023,12.931998,False,False,False
VA234_SB,AM,510,43.247122,37.416716,1.000000,26,49.896078,1.000000,3,49.665346,1.000000,3,08:30,6.648956,6.418224,0.230732,15.374333,False,False,False
VA234_SB,AM,525,43.772539,37.416716,0.990959,25,52.272244,1.000000,3,52.643414,1.000000,3,08:45,8.499705,8.870875,-0.371170,19.417894,False,False,False
VA236_EB,AM,360,30.882172,31.528452,0.982807,24,45.425914,1.000000,3,45.689029,1.000000,3,06:00,14.543742,14.806858,-0.263116,47.094298,True,False,False
VA236_EB,AM,375,30.503505,31.528452,0.930546,24,44.331065,1.000000,3,44.988943,1.000000,3,06:15,13.827560,14.485438,-0.657877,45.331055,True,False,False
VA236_EB,AM,390,29.914955,31.528452,0.930546,24,43.252989,1.000000,3,43.818833,1.000000,3,06:30,13.338034,13.903878,-0.565844,44.586509,True,False,False
VA236_EB,AM,405,29.230304,31.528452,1.000000,25,42.249500,1.000000,3,42.468186,1.000000,3,06:45,13.019196,13.237882,-0.218686,44.540065,True,False,False
VA236_EB,AM,420,28.233114,31.528452,0.992169,23,41.188557,1.000000,3,41.098564,1.000000,3,07:00,12.955443,12.865450,0.089993,45.887403,True,False,False
VA236_EB,AM,435,26.895555,31.528452,0.992169,23,39.931707,1.000000,3,39.765420,1.000000,3,07:15,13.036152,12.869865,0.166287,48.469541,True,False,False
VA236_EB,AM,450,25.291182,31.528452,1.000000,25,38.650806,1.000000,3,38.624579,1.000000,3,07:30,13.359624,13.333397,0.026227,52.823250,True,False,False
VA236_EB,AM,465,24.621740,31.528452,0.954520,24,36.199892,1.000000,3,36.487553,1.000000,3,07:45,11.578152,11.865813,-0.287661,47.024102,True,False,False
VA236_EB,AM,480,24.560258,31.528452,0.954520,24,36.337734,1.000000,3,36.963552,1.000000,3,08:00,11.777476,12.403294,-0.625818,47.953388,True,False,False
VA236_EB,AM,495,24.376766,31.528452,1.000000,25,37.205816,1.000000,3,37.738335,1.000000,3,08:15,12.829050,13.361568,-0.532518,52.628186,True,False,False
VA236_EB,AM,510,24.712352,31.528452,1.000000,25,39.165302,1.000000,3,39.827907,1.000000,3,08:30,14.452950,15.115556,-0.662606,58.484720,True,False,False
VA236_EB,AM,525,25.111220,31.528452,1.000000,25,41.702061,1.000000,3,42.543716,1.000000,3,08:45,16.590841,17.432496,-0.841655,66.069435,True,False,False
VA236_WB,AM,360,29.565881,31.500711,1.000000,25,45.453968,1.000000,3,45.681025,1.000000,3,06:00,15.888088,16.115144,-0.227057,53.737914,True,False,False
VA236_WB,AM,375,29.491329,31.500711,1.000000,25,44.565792,1.000000,3,45.130847,1.000000,3,06:15,15.074463,15.639518,-0.565055,51.114898,True,False,False
VA236_WB,AM,390,28.934664,31.500711,1.000000,25,43.670172,1.000000,3,44.111026,1.000000,3,06:30,14.735508,15.176362,-0.440854,50.926833,True,False,False
VA236_WB,AM,405,27.901614,31.500711,1.000000,25,42.724583,1.000000,3,42.797020,1.000000,3,06:45,14.822969,14.895406,-0.072437,53.125848,True,False,False
VA236_WB,AM,420,26.961017,31.500711,1.000000,25,41.878605,1.000000,3,41.528504,1.000000,3,07:00,14.917589,14.567488,0.350101,55.330215,True,False,False
VA236_WB,AM,435,26.405106,31.500711,1.000000,25,40.915849,1.000000,3,40.317080,1.000000,3,07:15,14.510743,13.911974,0.598769,54.954308,True,False,False
VA236_WB,AM,450,25.420655,31.500711,1.000000,25,39.852234,1.000000,3,39.264682,1.000000,3,07:30,14.431579,13.844027,0.587552,56.771073,True,False,False
VA236_WB,AM,465,24.875444,31.500711,0.943876,24,38.495465,1.000000,3,38.115913,1.000000,3,07:45,13.620021,13.240469,0.379552,54.752876,True,False,False
VA236_WB,AM,480,24.554496,31.500711,0.943876,24,36.463697,1.000000,3,36.217540,1.000000,3,08:00,11.909201,11.663044,0.246157,48.501104,True,False,False
VA236_WB,AM,495,24.106184,31.500711,1.000000,25,38.448480,1.000000,3,38.092742,1.000000,3,08:15,14.342297,13.986558,0.355739,59.496340,True,False,False
VA236_WB,AM,510,24.177268,31.500711,1.000000,25,39.823680,1.000000,3,39.467077,1.000000,3,08:30,15.646412,15.289809,0.356603,64.715382,True,False,False
VA236_WB,AM,525,24.237422,31.500711,1.000000,25,43.156820,1.000000,3,43.398524,1.000000,3,08:45,18.919399,19.161103,-0.241704,78.058627,True,False,False
VA237_EB,AM,360,24.034640,31.500000,0.899079,14,38.338614,1.000000,3,38.612050,1.000000,3,06:00,14.303975,14.577410,-0.273436,59.513997,True,False,False
VA237_EB,AM,375,24.020943,31.500000,0.899079,14,37.297432,1.000000,3,38.023399,1.000000,3,06:15,13.276489,14.002456,-0.725967,55.270472,True,False,False
VA237_EB,AM,390,23.292156,31.500000,1.000000,15,36.248810,1.000000,3,36.923245,1.000000,3,06:30,12.956654,13.631090,-0.674436,55.626684,True,False,False
VA237_EB,AM,405,22.507381,31.500000,1.000000,15,35.192063,1.000000,3,35.552945,1.000000,3,06:45,12.684682,13.045564,-0.360882,56.357877,True,False,False
VA237_EB,AM,420,22.105729,31.500000,1.000000,15,34.126983,1.000000,3,34.167183,1.000000,3,07:00,12.021254,12.061454,-0.040200,54.380716,True,False,False
VA237_EB,AM,435,21.387665,31.500000,0.968747,14,33.006967,1.000000,3,32.999679,1.000000,3,07:15,11.619302,11.612014,0.007288,54.327116,True,False,False
VA237_EB,AM,450,20.389312,31.500000,0.968747,14,31.250554,1.000000,3,31.311885,1.000000,3,07:30,10.861241,10.922573,-0.061331,53.269287,True,True,True
VA237_EB,AM,465,18.734991,31.500000,0.856508,14,30.280645,1.000000,3,30.463859,1.000000,3,07:45,11.545654,11.728868,-0.183214,61.626149,True,True,True
VA237_EB,AM,480,,31.500000,0.735020,12,29.091083,1.000000,3,29.891784,1.000000,3,08:00,,,-0.800701,,,True,True
VA237_EB,AM,495,17.964243,31.500000,0.805545,12,28.918878,1.000000,3,29.705028,1.000000,3,08:15,10.954635,11.740785,-0.786150,60.980221,True,True,True
VA237_EB,AM,510,,31.500000,0.662664,13,31.574829,1.000000,3,32.417403,1.000000,3,08:30,,,-0.842574,,,False,False
VA237_EB,AM,525,,31.500000,0.735631,14,34.721167,1.000000,3,35.677570,1.000000,3,08:45,,,-0.956403,,,False,False
VA237_NB,AM,360,29.050596,31.500000,1.000000,3,42.618129,1.000000,3,42.792461,1.000000,3,06:00,13.567533,13.741865,-0.174333,46.703114,True,False,False
VA237_NB,AM,375,29.119501,31.500000,1.000000,3,41.991585,1.000000,3,42.503380,1.000000,3,06:15,12.872083,13.383879,-0.511796,44.204340,True,False,False
VA237_NB,AM,390,29.153951,31.500000,1.000000,3,41.363985,1.000000,3,41.927470,1.000000,3,06:30,12.210033,12.773519,-0.563485,41.881229,True,False,False
VA237_NB,AM,405,29.174647,31.500000,1.000000,3,40.735646,1.000000,3,41.137468,1.000000,3,06:45,11.561000,11.962822,-0.401822,39.626870,True,False,False
VA237_NB,AM,420,29.003825,31.500000,1.000000,3,40.106051,1.000000,3,40.206278,1.000000,3,07:00,11.102226,11.202453,-0.100227,38.278489,True,False,False
VA237_NB,AM,435,28.627561,31.500000,1.000000,3,39.475011,1.000000,3,39.207488,1.000000,3,07:15,10.847449,10.579927,0.267522,37.891629,True,False,False
VA237_NB,AM,450,28.600319,31.500000,1.000000,3,38.843166,1.000000,3,38.215772,1.000000,3,07:30,10.242847,9.615453,0.627395,35.813753,True,False,False
VA237_NB,AM,465,28.380994,31.500000,1.000000,3,38.210050,1.000000,3,37.307108,1.000000,3,07:45,9.829056,8.926113,0.902942,34.632527,True,False,False
VA237_NB,AM,480,28.075238,31.500000,1.000000,3,37.575389,1.000000,3,36.558730,1.000000,3,08:00,9.500151,8.483492,1.016659,33.838184,True,False,False
VA237_NB,AM,495,27.914897,31.500000,1.000000,3,36.939420,1.000000,3,36.048672,1.000000,3,08:15,9.024523,8.133776,0.890748,32.328700,True,False,False
VA237_NB,AM,510,27.765734,31.500000,1.000000,3,35.546101,1.000000,3,34.934612,1.000000,3,08:30,7.780367,7.168878,0.611489,28.021469,True,False,False
VA237_NB,AM,525,27.641165,31.500000,1.000000,3,33.066762,1.000000,3,32.607545,1.000000,3,08:45,5.425597,4.966380,0.459217,19.628685,True,False,False
VA237_SB,AM,360,29.568465,31.500000,1.000000,3,42.575915,1.000000,3,42.724025,1.000000,3,06:00,13.007450,13.155560,-0.148110,43.990954,True,False,False
VA237_SB,AM,375,28.906005,31.500000,1.000000,3,41.809153,1.000000,3,42.052382,1.000000,3,06:15,12.903148,13.146377,-0.243229,44.638297,True,False,False
VA237_SB,AM,390,28.546812,31.500000,1.000000,3,40.567399,1.000000,3,40.824491,1.000000,3,06:30,12.020587,12.277679,-0.257092,42.108333,True,False,False
VA237_SB,AM,405,28.294459,31.500000,1.000000,3,40.532796,1.000000,3,40.619292,1.000000,3,06:45,12.238337,12.324833,-0.086496,43.253476,True,False,False
VA237_SB,AM,420,28.719186,31.500000,1.000000,3,40.366727,1.000000,3,40.175346,1.000000,3,07:00,11.647542,11.456160,0.191381,40.556657,True,False,False
VA237_SB,AM,435,28.331689,31.500000,1.000000,3,40.038075,1.000000,3,39.549463,1.000000,3,07:15,11.706386,11.217773,0.488613,41.319053,True,False,False
VA237_SB,AM,450,27.781117,31.500000,1.000000,3,39.702254,1.000000,3,38.996026,1.000000,3,07:30,11.921137,11.214910,0.706228,42.910936,True,False,False
VA237_SB,AM,465,27.390333,31.500000,1.000000,3,39.358746,1.000000,3,38.495029,1.000000,3,07:45,11.968413,11.104696,0.863717,43.695757,True,False,False
VA237_SB,AM,480,26.920130,31.500000,1.000000,3,38.565599,1.000000,3,37.782972,1.000000,3,08:00,11.645469,10.862842,0.782627,43.259333,True,False,False
VA237_SB,AM,495,26.503580,31.500000,1.000000,3,38.815029,1.000000,3,38.207887,1.000000,3,08:15,12.311448,11.704307,0.607142,46.452020,True,False,False
VA237_SB,AM,510,26.509303,31.500000,1.000000,3,35.836888,1.000000,3,35.402718,1.000000,3,08:30,9.327586,8.893415,0.434170,35.186084,True,False,False
VA237_SB,AM,525,26.510996,31.500000,1.000000,3,39.700258,1.000000,3,39.053985,1.000000,3,08:45,13.189262,12.542989,0.646273,49.750155,True,False,False
VA237_WB,AM,360,22.778022,31.500000,0.854451,13,45.436981,1.000000,3,45.653547,1.000000,3,06:00,22.658959,22.875525,-0.216566,99.477289,True,False,False
VA237_WB,AM,375,22.921271,31.500000,1.000000,14,44.638553,1.000000,3,45.250659,1.000000,3,06:15,21.717282,22.329388,-0.612106,94.747285,True,False,False
VA237_WB,AM,390,22.683510,31.500000,1.000000,14,43.836391,1.000000,3,44.482702,1.000000,3,06:30,21.152881,21.799191,-0.646311,93.252237,True,False,False
VA237_WB,AM,405,22.190991,31.500000,1.000000,14,43.030523,1.000000,3,43.494362,1.000000,3,06:45,20.839533,21.303371,-0.463838,93.909880,True,False,False
VA237_WB,AM,420,21.603327,31.500000,0.981286,13,42.220257,1.000000,3,42.432959,1.000000,3,07:00,20.616929,20.829632,-0.212702,95.434046,True,False,False
VA237_WB,AM,435,21.071466,31.500000,0.981286,13,41.310757,1.000000,3,41.343247,1.000000,3,07:15,20.239290,20.271780,-0.032490,96.050698,True,False,False
VA237_WB,AM,450,19.963819,31.500000,1.000000,14,40.032706,1.000000,3,39.997632,1.000000,3,07:30,20.068887,20.033814,0.035074,100.526295,True,False,False
VA237_WB,AM,465,18.934423,31.500000,1.000000,14,39.424042,1.000000,3,39.559421,1.000000,3,07:45,20.489619,20.624998,-0.135379,108.213588,True,False,False
VA237_WB,AM,480,18.625987,31.500000,1.000000,14,38.329217,1.000000,3,39.098388,1.000000,3,08:00,19.703231,20.472401,-0.769170,105.783552,True,False,False
VA237_WB,AM,495,18.297645,31.500000,1.000000,14,36.376075,1.000000,3,38.102857,1.000000,3,08:15,18.078430,19.805212,-1.726782,98.801947,True,False,False
VA237_WB,AM,510,,31.500000,0.731840,13,36.516656,1.000000,3,38.317836,1.000000,3,08:30,,,-1.801181,,,False,False
VA237_WB,AM,525,,31.500000,0.731840,13,39.442242,1.000000,3,40.612025,1.000000,3,08:45,,,-1.169784,,,False,False
VA244_EB,AM,360,25.420183,31.500000,1.000000,18,41.833636,1.000000,3,41.863355,1.000000,3,06:00,16.413453,16.443172,-0.029719,64.568587,True,False,False
VA244_EB,AM,375,25.260682,31.500000,1.000000,18,40.103456,1.000000,3,40.399100,1.000000,3,06:15,14.842774,15.138418,-0.295644,58.758408,True,False,False
VA244_EB,AM,390,25.423392,31.500000,1.000000,18,39.984065,1.000000,3,40.045412,1.000000,3,06:30,14.560673,14.622020,-0.061346,57.272741,True,False,False
VA244_EB,AM,405,25.744250,31.500000,0.935200,17,39.236767,1.000000,3,38.929128,1.000000,3,06:45,13.492517,13.184878,0.307639,52.409827,True,False,False
VA244_EB,AM,420,25.656919,31.500000,0.900164,16,38.201191,1.000000,3,37.615214,1.000000,3,07:00,12.544272,11.958295,0.585977,48.892355,True,False,False
VA244_EB,AM,435,24.111329,31.500000,0.823743,16,37.566938,1.000000,3,36.873036,1.000000,3,07:15,13.455609,12.761707,0.693902,55.806169,True,False,False
VA244_EB,AM,450,22.980977,31.500000,0.858779,17,36.913800,1.000000,3,36.241623,1.000000,3,07:30,13.932823,13.260647,0.672177,60.627638,True,False,False
VA244_EB,AM,465,23.475292,31.500000,0.874451,16,36.947928,1.000000,3,36.429525,1.000000,3,07:45,13.472636,12.954233,0.518403,57.390709,True,False,False
VA244_EB,AM,480,23.433098,31.500000,0.874451,16,35.834866,1.000000,3,35.667195,1.000000,3,08:00,12.401769,12.234097,0.167671,52.924153,True,False,False
VA244_EB,AM,495,23.242761,31.500000,1.000000,18,36.028372,1.000000,3,36.026436,1.000000,3,08:15,12.785611,12.783675,0.001936,55.009001,True,False,False
VA244_EB,AM,510,23.387817,31.500000,1.000000,18,38.338965,1.000000,3,38.445013,1.000000,3,08:30,14.951148,15.057196,-0.106048,63.927078,True,False,False
VA244_EB,AM,525,23.063962,31.500000,1.000000,18,40.371435,1.000000,3,40.809131,1.000000,3,08:45,17.307473,17.745168,-0.437696,75.041195,True,False,False
VA244_WB,AM,360,24.260580,31.500000,1.000000,21,43.320536,1.000000,3,43.463293,1.000000,3,06:00,19.059956,19.202713,-0.142757,78.563480,True,False,False
VA244_WB,AM,375,23.812193,31.500000,1.000000,21,42.637196,1.000000,3,42.897770,1.000000,3,06:15,18.825003,19.085577,-0.260574,79.056147,True,False,False
VA244_WB,AM,390,24.026273,31.500000,0.932133,20,41.801615,1.000000,3,41.900337,1.000000,3,06:30,17.775342,17.874064,-0.098722,73.982935,True,False,False
VA244_WB,AM,405,24.126073,31.500000,0.932133,20,41.347582,1.000000,3,41.167784,1.000000,3,06:45,17.221509,17.041711,0.179798,71.381321,True,False,False
VA244_WB,AM,420,23.818589,31.500000,1.000000,21,40.938102,1.000000,3,40.529844,1.000000,3,07:00,17.119513,16.711255,0.408258,71.874589,True,False,False
VA244_WB,AM,435,23.566046,31.500000,1.000000,21,39.882029,1.000000,3,39.465167,1.000000,3,07:15,16.315983,15.899121,0.416862,69.235133,True,False,False
VA244_WB,AM,450,23.088062,31.500000,1.000000,21,38.359780,1.000000,3,37.948949,1.000000,3,07:30,15.271718,14.860887,0.410831,66.145520,True,False,False
VA244_WB,AM,465,22.885200,31.500000,0.977032,20,39.156964,1.000000,3,38.712928,1.000000,3,07:45,16.271764,15.827728,0.444036,71.101691,True,False,False
VA244_WB,AM,480,22.906694,31.500000,0.977032,20,40.623073,1.000000,3,40.111755,1.000000,3,08:00,17.716379,17.205061,0.511318,77.341494,True,False,False
VA244_WB,AM,495,22.908931,31.500000,0.873648,19,41.038651,1.000000,3,40.720399,1.000000,3,08:15,18.129720,17.811468,0.318251,79.138216,True,False,False
VA244_WB,AM,510,22.768629,31.500000,0.873648,19,41.241088,1.000000,3,41.206841,1.000000,3,08:30,18.472459,18.438212,0.034247,81.131187,True,False,False
VA244_WB,AM,525,22.585216,31.500000,0.998772,20,42.074048,1.000000,3,42.104744,1.000000,3,08:45,19.488832,19.519528,-0.030696,86.290215,True,False,False
VA267_EB,AM,360,66.213955,47.336943,1.000000,43,67.529427,1.000000,3,67.619022,1.000000,3,06:00,1.315472,1.405067,-0.089595,1.986699,False,False,False
VA267_EB,AM,375,65.862105,47.336943,1.000000,43,67.006802,1.000000,3,67.204778,1.000000,3,06:15,1.144697,1.342672,-0.197975,1.738020,False,False,False
VA267_EB,AM,390,65.498188,47.336943,0.972667,42,66.114387,1.000000,3,65.866334,1.000000,3,06:30,0.616200,0.368146,0.248054,0.940789,False,False,False
VA267_EB,AM,405,65.234400,47.336943,0.972667,42,65.216742,1.000000,3,64.220327,1.000000,3,06:45,-0.017658,-1.014073,0.996415,0.027068,False,False,False
VA267_EB,AM,420,64.891161,47.336943,1.000000,43,64.239509,1.000000,3,62.487045,1.000000,3,07:00,-0.651653,-2.404116,1.752463,1.004224,False,False,False
VA267_EB,AM,435,64.559155,47.336943,1.000000,43,63.356887,1.000000,3,61.161144,1.000000,3,07:15,-1.202268,-3.398011,2.195743,1.862273,False,False,False
VA267_EB,AM,450,64.180008,47.336943,0.983143,42,61.057156,1.000000,3,58.695106,1.000000,3,07:30,-3.122852,-5.484902,2.362050,4.865771,False,False,False
VA267_EB,AM,465,63.803868,47.336943,0.983143,42,60.062113,1.000000,3,57.534389,1.000000,3,07:45,-3.741754,-6.269479,2.527724,5.864463,False,False,False
VA267_EB,AM,480,63.685357,47.336943,1.000000,43,60.656826,1.000000,3,58.127919,1.000000,3,08:00,-3.028531,-5.557438,2.528906,4.755459,False,False,False
VA267_EB,AM,495,63.876366,47.336943,1.000000,43,62.864344,1.000000,3,60.556815,1.000000,3,08:15,-1.012022,-3.319551,2.307529,1.584345,False,False,False
VA267_EB,AM,510,63.769872,47.336943,1.000000,43,62.950096,1.000000,3,61.656017,1.000000,3,08:30,-0.819777,-2.113855,1.294078,1.285523,False,False,False
VA267_EB,AM,525,64.282900,47.336943,0.943268,41,65.194937,1.000000,3,64.919452,1.000000,3,08:45,0.912036,0.636552,0.275485,1.418785,False,False,False
VA267_WB,AM,360,63.902695,47.281843,1.000000,43,67.888346,1.000000,3,67.948502,1.000000,3,06:00,3.985652,4.045807,-0.060156,6.237064,False,False,False
VA267_WB,AM,375,63.535084,47.281843,0.991073,42,67.942604,1.000000,3,68.068339,1.000000,3,06:15,4.407520,4.533255,-0.125735,6.937144,False,False,False
VA267_WB,AM,390,63.485615,47.281843,0.955995,41,67.545042,1.000000,3,67.617323,1.000000,3,06:30,4.059427,4.131708,-0.072282,6.394246,False,False,False
VA267_WB,AM,405,63.476480,47.281843,0.964921,42,67.436886,1.000000,3,67.398137,1.000000,3,06:45,3.960406,3.921656,0.038749,6.239170,False,False,False
VA267_WB,AM,420,63.140074,47.281843,1.000000,43,67.189969,1.000000,3,67.061283,1.000000,3,07:00,4.049895,3.921209,0.128686,6.414144,False,False,False
VA267_WB,AM,435,63.415835,47.281843,1.000000,43,66.085699,1.000000,3,65.946990,1.000000,3,07:15,2.669864,2.531155,0.138709,4.210091,False,False,False
VA267_WB,AM,450,63.573552,47.281843,1.000000,43,66.412137,1.000000,3,66.215212,1.000000,3,07:30,2.838585,2.641660,0.196925,4.465041,False,False,False
VA267_WB,AM,465,64.070420,47.281843,1.000000,43,66.746573,1.000000,3,66.472325,1.000000,3,07:45,2.676153,2.401905,0.274248,4.176893,False,False,False
VA267_WB,AM,480,64.365727,47.281843,1.000000,43,66.997282,1.000000,3,66.819303,1.000000,3,08:00,2.631555,2.453577,0.177978,4.088441,False,False,False
VA267_WB,AM,495,64.131513,47.281843,1.000000,43,67.216885,1.000000,3,67.128959,1.000000,3,08:15,3.085372,2.997446,0.087927,4.811008,False,False,False
VA267_WB,AM,510,64.009125,47.281843,1.000000,43,67.219572,1.000000,3,67.264455,1.000000,3,08:30,3.210446,3.255329,-0.044883,5.015607,False,False,False
VA267_WB,AM,525,64.157261,47.281843,1.000000,43,67.075721,1.000000,3,67.144583,1.000000,3,08:45,2.918460,2.987322,-0.068862,4.548916,False,False,False
VA286_NB,AM,360,48.520863,37.340632,1.000000,58,56.080112,1.000000,3,56.403182,1.000000,3,06:00,7.559249,7.882319,-0.323070,15.579379,False,False,False
VA286_NB,AM,375,48.871987,37.340632,0.971289,56,54.847693,1.000000,3,55.710462,1.000000,3,06:15,5.975706,6.838475,-0.862769,12.227263,False,False,False
VA286_NB,AM,390,47.615732,37.340632,0.941801,55,53.605139,1.000000,3,54.444270,1.000000,3,06:30,5.989407,6.828538,-0.839131,12.578630,False,False,False
VA286_NB,AM,405,45.452127,37.340632,0.970512,57,52.315065,1.000000,3,52.884840,1.000000,3,06:45,6.862938,7.432713,-0.569775,15.099266,False,False,False
VA286_NB,AM,420,44.392083,37.340632,1.000000,58,50.964629,1.000000,3,51.233520,1.000000,3,07:00,6.572546,6.841437,-0.268891,14.805671,False,False,False
VA286_NB,AM,435,43.201506,37.340632,0.988921,57,49.692272,1.000000,3,49.832204,1.000000,3,07:15,6.490767,6.630698,-0.139932,15.024399,False,False,False
VA286_NB,AM,450,41.562287,37.340632,0.953787,56,48.364607,1.000000,3,48.666234,1.000000,3,07:30,6.802320,7.103947,-0.301627,16.366567,False,False,False
VA286_NB,AM,465,40.543302,37.340632,0.963462,56,46.836608,1.000000,3,47.527538,1.000000,3,07:45,6.293306,6.984236,-0.690930,15.522430,False,False,False
VA286_NB,AM,480,40.966608,37.340632,0.939507,54,45.514970,1.000000,3,46.540077,1.000000,3,08:00,4.548361,5.573469,-1.025107,11.102607,False,False,False
VA286_NB,AM,495,41.128689,37.340632,0.922502,54,46.136444,1.000000,3,47.349575,1.000000,3,08:15,5.007755,6.220887,-1.213132,12.175820,False,False,False
VA286_NB,AM,510,40.523650,37.340632,0.981591,57,47.920198,1.000000,3,49.167878,1.000000,3,08:30,7.396548,8.644228,-1.247680,18.252424,False,False,False
VA286_NB,AM,525,41.500834,37.340632,0.990738,57,51.694563,1.000000,3,52.958309,1.000000,3,08:45,10.193729,11.457476,-1.263747,24.562709,False,False,False
VA286_SB,AM,360,49.526266,37.459779,0.984112,55,56.334336,1.000000,3,56.709979,1.000000,3,06:00,6.808070,7.183713,-0.375644,13.746382,False,False,False
VA286_SB,AM,375,49.310938,37.459779,0.984112,55,54.876676,1.000000,3,55.848423,1.000000,3,06:15,5.565738,6.537485,-0.971747,11.287025,False,False,False
VA286_SB,AM,390,48.385730,37.459779,1.000000,56,53.387156,1.000000,3,54.295634,1.000000,3,06:30,5.001426,5.909903,-0.908477,10.336573,False,False,False
VA286_SB,AM,405,47.451474,37.459779,1.000000,56,51.924920,1.000000,3,52.450618,1.000000,3,06:45,4.473446,4.999144,-0.525698,9.427411,False,False,False
VA286_SB,AM,420,46.773582,37.459779,1.000000,56,50.503638,1.000000,3,50.702827,1.000000,3,07:00,3.730056,3.929245,-0.199189,7.974707,False,False,False
VA286_SB,AM,435,45.910590,37.459779,1.000000,56,48.934548,1.000000,3,49.095563,1.000000,3,07:15,3.023958,3.184973,-0.161015,6.586624,False,False,False
VA286_SB,AM,450,44.888449,37.459779,0.964773,54,47.011089,1.000000,3,47.695033,1.000000,3,07:30,2.122640,2.806585,-0.683944,4.728700,False,False,False
VA286_SB,AM,465,44.116628,37.459779,0.909195,53,44.322108,1.000000,3,45.311558,1.000000,3,07:45,0.205480,1.194930,-0.989450,0.465766,False,False,False
VA286_SB,AM,480,44.215084,37.459779,0.944422,55,44.795624,1.000000,3,45.931824,1.000000,3,08:00,0.580540,1.716740,-1.136200,1.312990,False,False,False
VA286_SB,AM,495,44.153828,37.459779,1.000000,56,47.609737,1.000000,3,48.463395,1.000000,3,08:15,3.455909,4.309567,-0.853658,7.826976,False,False,False
VA286_SB,AM,510,44.359223,37.459779,0.980423,55,50.093126,1.000000,3,50.938747,1.000000,3,08:30,5.733903,6.579524,-0.845621,12.926067,False,False,False
VA286_SB,AM,525,44.884931,37.459779,0.977988,54,53.796061,1.000000,3,54.878309,1.000000,3,08:45,8.911130,9.993378,-1.082249,19.853278,False,False,False
VA28_NB,AM,360,44.069887,38.224867,0.990827,37,53.532998,1.000000,3,53.858627,1.000000,3,06:00,9.463112,9.788740,-0.325628,21.472966,False,False,False
VA28_NB,AM,375,41.635309,38.224867,0.933145,37,52.114838,1.000000,3,52.785441,1.000000,3,06:15,10.479529,11.150132,-0.670603,25.169811,False,False,False
VA28_NB,AM,390,39.612448,38.224867,0.933145,37,50.650248,1.000000,3,51.114588,1.000000,3,06:30,11.037800,11.502140,-0.464340,27.864473,False,False,False
VA28_NB,AM,405,39.829881,38.224867,0.996950,37,48.737646,1.000000,3,48.930693,1.000000,3,06:45,8.907765,9.100812,-0.193047,22.364528,False,False,False
VA28_NB,AM,420,39.614798,38.224867,0.973822,36,47.999148,1.000000,3,48.039408,1.000000,3,07:00,8.384350,8.424610,-0.040260,21.164691,False,False,False
VA28_NB,AM,435,38.545110,38.224867,0.976872,37,47.102371,1.000000,3,47.235623,1.000000,3,07:15,8.557261,8.690512,-0.133251,22.200639,False,False,False
VA28_NB,AM,450,42.691013,38.224867,0.904117,37,45.059617,1.000000,3,45.382378,1.000000,3,07:30,2.368605,2.691365,-0.322760,5.548251,False,False,False
VA28_NB,AM,465,41.282036,38.224867,0.880920,35,45.287484,1.000000,3,45.807641,1.000000,3,07:45,4.005448,4.525606,-0.520158,9.702641,False,False,False
VA28_NB,AM,480,37.403384,38.224867,0.976803,36,46.515224,1.000000,3,46.796732,1.000000,3,08:00,9.111840,9.393347,-0.281507,24.361004,True,False,False
VA28_NB,AM,495,38.287752,38.224867,0.972413,37,48.651829,1.000000,3,48.864681,1.000000,3,08:15,10.364077,10.576929,-0.212851,27.068910,False,False,False
VA28_NB,AM,510,38.927945,38.224867,0.917291,35,50.687980,1.000000,3,51.200304,1.000000,3,08:30,11.760036,12.272359,-0.512324,30.209753,False,False,False
VA28_NB,AM,525,40.313231,38.224867,0.944879,36,52.671510,1.000000,3,53.318116,1.000000,3,08:45,12.358279,13.004885,-0.646606,30.655640,False,False,False
VA28_SB,AM,360,52.138391,40.101152,1.000000,32,53.822271,1.000000,3,54.056493,1.000000,3,06:00,1.683881,1.918102,-0.234222,3.229637,False,False,False
VA28_SB,AM,375,51.543500,40.101152,1.000000,32,52.918687,1.000000,3,53.520622,1.000000,3,06:15,1.375188,1.977123,-0.601935,2.668014,False,False,False
VA28_SB,AM,390,51.037483,40.101152,1.000000,32,52.010849,1.000000,3,52.533884,1.000000,3,06:30,0.973366,1.496401,-0.523035,1.907159,False,False,False
VA28_SB,AM,405,50.251614,40.101152,1.000000,32,51.098433,1.000000,3,51.330669,1.000000,3,06:45,0.846819,1.079056,-0.232236,1.685159,False,False,False
VA28_SB,AM,420,49.761561,40.101152,1.000000,32,49.830583,1.000000,3,49.798621,1.000000,3,07:00,0.069022,0.037060,0.031962,0.138705,False,False,False
VA28_SB,AM,435,48.878236,40.101152,0.972087,31,49.259755,1.000000,3,49.083307,1.000000,3,07:15,0.381519,0.205071,0.176448,0.780551,False,False,False
VA28_SB,AM,450,48.709759,40.101152,0.936611,30,47.661817,1.000000,3,47.627335,1.000000,3,07:30,-1.047942,-1.082424,0.034482,2.151400,False,False,False
VA28_SB,AM,465,51.437154,40.101152,0.922025,30,46.090000,1.000000,3,46.452896,1.000000,3,07:45,-5.347154,-4.984257,-0.362897,10.395509,False,False,False
VA28_SB,AM,480,52.307344,40.101152,0.948972,30,45.741907,1.000000,3,46.169983,1.000000,3,08:00,-6.565437,-6.137362,-0.428076,12.551654,False,False,False
VA28_SB,AM,495,49.616404,40.101152,0.991471,31,47.931793,1.000000,3,48.252563,1.000000,3,08:15,-1.684611,-1.363840,-0.320771,3.395270,False,False,False
VA28_SB,AM,510,50.107401,40.101152,1.000000,32,50.270924,1.000000,3,50.663608,1.000000,3,08:30,0.163523,0.556207,-0.392685,0.326344,False,False,False
VA28_SB,AM,525,50.270222,40.101152,1.000000,32,52.577887,1.000000,3,53.210307,1.000000,3,08:45,2.307665,2.940086,-0.632420,4.590521,False,False,False
VA294_EB,AM,360,48.000339,35.535366,1.000000,22,47.399671,1.000000,3,47.624844,1.000000,3,06:00,-0.600667,-0.375495,-0.225172,1.251381,False,False,False
VA294_EB,AM,375,47.010698,35.535366,1.000000,22,46.460295,1.000000,3,46.942712,1.000000,3,06:15,-0.550403,-0.067986,-0.482417,1.170804,False,False,False
VA294_EB,AM,390,45.435886,35.535366,1.000000,22,45.506185,1.000000,3,45.720940,1.000000,3,06:30,0.070299,0.285055,-0.214755,0.154722,False,False,False
VA294_EB,AM,405,44.169140,35.535366,1.000000,22,44.510002,1.000000,3,44.278157,1.000000,3,06:45,0.340863,0.109017,0.231845,0.771721,False,False,False
VA294_EB,AM,420,43.459412,35.535366,0.977294,21,43.486825,1.000000,3,42.975129,1.000000,3,07:00,0.027414,-0.484283,0.511697,0.063079,False,False,False
VA294_EB,AM,435,42.726607,35.535366,0.977294,21,42.106351,1.000000,3,41.629321,1.000000,3,07:15,-0.620256,-1.097286,0.477030,1.451685,False,False,False
VA294_EB,AM,450,41.635079,35.535366,1.000000,22,40.228647,1.000000,3,39.958458,1.000000,3,07:30,-1.406431,-1.676621,0.270189,3.377997,False,False,False
VA294_EB,AM,465,41.113234,35.535366,1.000000,22,39.897325,1.000000,3,39.631452,1.000000,3,07:45,-1.215910,-1.481783,0.265873,2.957465,False,False,False
VA294_EB,AM,480,40.806938,35.535366,1.000000,22,39.656703,1.000000,3,39.193352,1.000000,3,08:00,-1.150235,-1.613586,0.463351,2.818724,False,False,False
VA294_EB,AM,495,41.462442,35.535366,1.000000,22,42.513211,1.000000,3,41.810518,1.000000,3,08:15,1.050769,0.348077,0.702693,2.534268,False,False,False
VA294_EB,AM,510,42.445979,35.535366,0.977294,21,44.516448,1.000000,3,44.215012,1.000000,3,08:30,2.070469,1.769033,0.301436,4.877893,False,False,False
VA294_EB,AM,525,42.485441,35.535366,0.977294,21,46.427257,1.000000,3,46.774827,1.000000,3,08:45,3.941816,4.289385,-0.347570,9.278039,False,False,False
VA294_WB,AM,360,45.950820,35.508392,0.927544,18,47.397246,1.000000,3,47.574725,1.000000,3,06:00,1.446426,1.623905,-0.177479,3.147770,False,False,False
VA294_WB,AM,375,44.932484,35.508392,1.000000,19,46.452586,1.000000,3,46.699866,1.000000,3,06:15,1.520101,1.767381,-0.247280,3.383078,False,False,False
VA294_WB,AM,390,44.215499,35.508392,1.000000,19,45.334913,1.000000,3,45.493476,1.000000,3,06:30,1.119414,1.277977,-0.158562,2.531724,False,False,False
VA294_WB,AM,405,43.001965,35.508392,1.000000,19,44.456222,1.000000,3,44.412833,1.000000,3,06:45,1.454257,1.410868,0.043389,3.381838,False,False,False
VA294_WB,AM,420,42.360000,35.508392,1.000000,19,44.209740,1.000000,3,43.895025,1.000000,3,07:00,1.849740,1.535025,0.314715,4.366713,False,False,False
VA294_WB,AM,435,42.673356,35.508392,1.000000,19,43.912911,1.000000,3,43.323633,1.000000,3,07:15,1.239555,0.650277,0.589278,2.904752,False,False,False
VA294_WB,AM,450,42.082568,35.508392,1.000000,19,43.430894,1.000000,3,42.739271,1.000000,3,07:30,1.348326,0.656703,0.691623,3.204001,False,False,False
VA294_WB,AM,465,41.797916,35.508392,0.963426,18,42.628382,1.000000,3,42.055374,1.000000,3,07:45,0.830466,0.257458,0.573008,1.986859,False,False,False
VA294_WB,AM,480,42.335676,35.508392,0.919670,17,41.462085,1.000000,3,41.096150,1.000000,3,08:00,-0.873591,-1.239526,0.365935,2.063487,False,False,False
VA294_WB,AM,495,41.726921,35.508392,0.956245,18,41.586965,1.000000,3,41.297686,1.000000,3,08:15,-0.139957,-0.429235,0.289279,0.335411,False,False,False
VA294_WB,AM,510,41.471346,35.508392,1.000000,19,44.137791,1.000000,3,43.817077,1.000000,3,08:30,2.666445,2.345732,0.320714,6.429609,False,False,False
VA294_WB,AM,525,41.492014,35.508392,1.000000,19,46.296985,1.000000,3,46.501876,1.000000,3,08:45,4.804970,5.009862,-0.204892,11.580470,False,False,False
VA606_EB,AM,360,39.385031,34.230883,1.000000,19,42.638350,1.000000,3,42.855945,1.000000,3,06:00,3.253319,3.470914,-0.217595,8.260293,False,False,False
VA606_EB,AM,375,38.161105,34.230883,1.000000,19,41.778475,1.000000,3,42.300748,1.000000,3,06:15,3.617370,4.139643,-0.522273,9.479208,False,False,False
VA606_EB,AM,390,37.167574,34.230883,1.000000,19,40.914529,1.000000,3,41.267860,1.000000,3,06:30,3.746955,4.100286,-0.353331,10.081246,False,False,False
VA606_EB,AM,405,36.494046,34.230883,1.000000,19,40.046420,1.000000,3,39.990799,1.000000,3,06:45,3.552374,3.496753,0.055621,9.734119,False,False,False
VA606_EB,AM,420,35.426342,34.230883,1.000000,19,39.167419,1.000000,3,38.705405,1.000000,3,07:00,3.741077,3.279062,0.462014,10.560155,False,False,False
VA606_EB,AM,435,34.117092,34.230883,1.000000,19,38.133742,1.000000,3,37.472756,1.000000,3,07:15,4.016650,3.355664,0.660987,11.773133,True,False,False
VA606_EB,AM,450,33.281687,34.230883,1.000000,19,37.446383,1.000000,3,36.894560,1.000000,3,07:30,4.164696,3.612874,0.551823,12.513477,True,False,False
VA606_EB,AM,465,32.854028,34.230883,0.933639,18,34.539200,1.000000,3,34.128995,1.000000,3,07:45,1.685172,1.274966,0.410205,5.129270,True,False,True
VA606_EB,AM,480,32.592556,34.230883,0.933639,18,35.711557,1.000000,3,35.241571,1.000000,3,08:00,3.119001,2.649015,0.469986,9.569674,True,False,False
VA606_EB,AM,495,31.830230,34.230883,1.000000,19,37.277672,1.000000,3,36.682766,1.000000,3,08:15,5.447442,4.852536,0.594905,17.114051,True,False,False
VA606_EB,AM,510,32.308874,34.230883,1.000000,19,38.157761,1.000000,3,37.869396,1.000000,3,08:30,5.848887,5.560522,0.288364,18.103035,True,False,False
VA606_EB,AM,525,32.179219,34.230883,1.000000,19,39.786956,1.000000,3,40.050021,1.000000,3,08:45,7.607737,7.870801,-0.263064,23.641770,True,False,False
VA606_NB,AM,360,40.608563,32.992663,1.000000,5,45.618000,1.000000,3,45.899500,1.000000,3,06:00,5.009437,5.290937,-0.281500,12.335912,False,False,False
VA606_NB,AM,375,40.732350,32.992663,1.000000,5,44.471667,1.000000,3,45.087899,1.000000,3,06:15,3.739317,4.355550,-0.616233,9.180214,False,False,False
VA606_NB,AM,390,40.051571,32.992663,1.000000,5,43.325000,1.000000,3,43.596993,1.000000,3,06:30,3.273429,3.545421,-0.271993,8.173035,False,False,False
VA606_NB,AM,405,39.734734,32.992663,1.000000,5,42.179000,1.000000,3,41.785095,1.000000,3,06:45,2.444266,2.050361,0.393905,6.151458,False,False,False
VA606_NB,AM,420,38.935736,32.992663,1.000000,5,41.032333,1.000000,3,40.010523,1.000000,3,07:00,2.096598,1.074787,1.021810,5.384764,False,False,False
VA606_NB,AM,435,38.654959,32.992663,1.000000,5,39.886000,1.000000,3,38.631591,1.000000,3,07:15,1.231041,-0.023368,1.254409,3.184690,False,False,False
VA606_NB,AM,450,38.514415,32.992663,1.000000,5,38.697000,1.000000,3,37.786072,1.000000,3,07:30,0.182585,-0.728342,0.910928,0.474070,False,False,False
VA606_NB,AM,465,37.500925,32.992663,1.000000,5,34.624333,1.000000,3,34.063491,1.000000,3,07:45,-2.876592,-3.437434,0.560842,7.670723,False,False,False
VA606_NB,AM,480,37.258565,32.992663,1.000000,5,35.991667,1.000000,3,35.271881,1.000000,3,08:00,-1.266898,-1.986685,0.719786,3.400288,False,False,False
VA606_NB,AM,495,37.314849,32.992663,1.000000,5,39.501000,1.000000,3,38.354378,1.000000,3,08:15,2.186151,1.039529,1.146622,5.858663,False,False,False
VA606_NB,AM,510,37.023395,32.992663,1.000000,5,41.938333,1.000000,3,41.277226,1.000000,3,08:30,4.914938,4.253831,0.661107,13.275222,False,False,False
VA606_NB,AM,525,37.277695,32.992663,1.000000,5,44.375333,1.000000,3,44.857133,1.000000,3,08:45,7.097639,7.579439,-0.481800,19.039908,False,False,False
VA606_SB,AM,360,37.996068,32.042299,1.000000,5,45.816000,1.000000,3,45.927176,1.000000,3,06:00,7.819932,7.931108,-0.111176,20.580899,False,False,False
VA606_SB,AM,375,36.932774,32.042299,1.000000,5,45.263333,1.000000,3,45.384897,1.000000,3,06:15,8.330559,8.452123,-0.121564,22.556007,False,False,False
VA606_SB,AM,390,36.703222,32.042299,1.000000,5,44.711000,1.000000,3,44.550708,1.000000,3,06:30,8.007778,7.847486,0.160292,21.817643,False,False,False
VA606_SB,AM,405,37.149242,32.042299,1.000000,5,44.159000,1.000000,3,43.861014,1.000000,3,06:45,7.009758,6.711772,0.297986,18.869183,False,False,False
VA606_SB,AM,420,37.172355,32.042299,1.000000,5,42.283000,1.000000,3,42.026612,1.000000,3,07:00,5.110645,4.854257,0.256388,13.748509,False,False,False
VA606_SB,AM,435,36.132041,32.042299,1.000000,5,44.020000,1.000000,3,43.742805,1.000000,3,07:15,7.887959,7.610764,0.277195,21.830926,False,False,False
VA606_SB,AM,450,36.261704,32.042299,1.000000,5,44.317000,1.000000,3,44.004764,1.000000,3,07:30,8.055296,7.743059,0.312236,22.214333,False,False,False
VA606_SB,AM,465,36.557211,32.042299,1.000000,5,44.614000,1.000000,3,44.399054,1.000000,3,07:45,8.056789,7.841844,0.214946,22.038852,False,False,False
VA606_SB,AM,480,35.454713,32.042299,1.000000,5,44.911000,1.000000,3,44.857672,1.000000,3,08:00,9.456287,9.402959,0.053328,26.671452,False,False,False
VA606_SB,AM,495,34.938306,32.042299,1.000000,5,45.208000,1.000000,3,45.312612,1.000000,3,08:15,10.269694,10.374306,-0.104612,29.393796,False,False,False
VA606_SB,AM,510,36.213934,32.042299,1.000000,5,45.505000,1.000000,3,45.695869,1.000000,3,08:30,9.291066,9.481934,-0.190869,25.656051,False,False,False
VA606_SB,AM,525,36.972930,32.042299,1.000000,5,45.802000,1.000000,3,45.939437,1.000000,3,08:45,8.829070,8.966507,-0.137437,23.879821,False,False,False
VA606_WB,AM,360,37.509735,34.210496,1.000000,19,40.282568,1.000000,3,40.346656,1.000000,3,06:00,2.772833,2.836921,-0.064088,7.392303,False,False,False
VA606_WB,AM,375,37.559485,34.210496,0.998949,18,40.959488,1.000000,3,41.126989,1.000000,3,06:15,3.400003,3.567505,-0.167501,9.052316,False,False,False
VA606_WB,AM,390,36.706587,34.210496,0.998949,18,40.683388,1.000000,3,40.705542,1.000000,3,06:30,3.976802,3.998956,-0.022154,10.834028,False,False,False
VA606_WB,AM,405,36.027873,34.210496,1.000000,19,40.399396,1.000000,3,40.244743,1.000000,3,06:45,4.371523,4.216870,0.154653,12.133725,False,False,False
VA606_WB,AM,420,35.260634,34.210496,0.888644,18,39.961270,1.000000,3,39.688224,1.000000,3,07:00,4.700636,4.427589,0.273046,13.331115,False,False,False
VA606_WB,AM,435,35.718833,34.210496,0.888644,18,39.872650,1.000000,3,39.609720,1.000000,3,07:15,4.153817,3.890887,0.262930,11.629207,False,False,False
VA606_WB,AM,450,35.458613,34.210496,1.000000,19,39.378163,1.000000,3,39.211806,1.000000,3,07:30,3.919550,3.753193,0.166357,11.053873,False,False,False
VA606_WB,AM,465,34.541239,34.210496,1.000000,19,38.491019,1.000000,3,38.406295,1.000000,3,07:45,3.949780,3.865056,0.084724,11.434968,False,False,False
VA606_WB,AM,480,34.499300,34.210496,1.000000,19,39.517598,1.000000,3,39.418254,1.000000,3,08:00,5.018297,4.918953,0.099344,14.546085,False,False,False
VA606_WB,AM,495,34.978101,34.210496,1.000000,19,39.889853,1.000000,3,39.864333,1.000000,3,08:15,4.911752,4.886232,0.025520,14.042363,False,False,False
VA606_WB,AM,510,35.224928,34.210496,1.000000,19,40.353227,1.000000,3,40.522815,1.000000,3,08:30,5.128300,5.297888,-0.169588,14.558723,False,False,False
VA606_WB,AM,525,35.212931,34.210496,1.000000,19,41.227182,1.000000,3,41.451526,1.000000,3,08:45,6.014251,6.238595,-0.224344,17.079665,False,False,False
VA611_NB,AM,360,37.867254,31.863863,1.000000,20,43.397413,1.000000,3,43.588614,1.000000,3,06:00,5.530160,5.721360,-0.191200,14.604069,False,False,False
VA611_NB,AM,375,38.371215,31.863863,0.887810,19,42.586052,1.000000,3,42.957344,1.000000,3,06:15,4.214837,4.586129,-0.371292,10.984373,False,False,False
VA611_NB,AM,390,37.574811,31.863863,0.887810,19,41.769272,1.000000,3,41.799370,1.000000,3,06:30,4.194460,4.224559,-0.030099,11.162958,False,False,False
VA611_NB,AM,405,36.171000,31.863863,1.000000,20,40.946651,1.000000,3,40.401438,1.000000,3,06:45,4.775652,4.230439,0.545213,13.202985,False,False,False
VA611_NB,AM,420,35.294670,31.863863,1.000000,20,40.117647,1.000000,3,39.062205,1.000000,3,07:00,4.822977,3.767535,1.055442,13.664888,False,False,False
VA611_NB,AM,435,34.319225,31.863863,0.998591,19,38.860156,1.000000,3,37.585778,1.000000,3,07:15,4.540932,3.266553,1.274379,13.231452,False,False,False
VA611_NB,AM,450,33.443548,31.863863,0.998591,19,38.275191,1.000000,3,37.022311,1.000000,3,07:30,4.831643,3.578763,1.252881,14.447161,False,False,False
VA611_NB,AM,465,32.807030,31.863863,1.000000,20,35.993545,1.000000,3,34.763087,1.000000,3,07:45,3.186514,1.956057,1.230458,9.712900,False,False,False
VA611_NB,AM,480,33.112413,31.863863,1.000000,20,36.295529,1.000000,3,35.149634,1.000000,3,08:00,3.183116,2.037221,1.145895,9.613059,False,False,False
VA611_NB,AM,495,33.319989,31.863863,1.000000,20,39.236953,1.000000,3,37.866522,1.000000,3,08:15,5.916963,4.546533,1.370430,17.757999,False,False,False
VA611_NB,AM,510,33.247452,31.863863,1.000000,20,40.915920,1.000000,3,40.117425,1.000000,3,08:30,7.668467,6.869972,0.798495,23.064827,False,False,False
VA611_NB,AM,525,33.321740,31.863863,1.000000,20,42.575169,1.000000,3,42.804328,1.000000,3,08:45,9.253429,9.482588,-0.229159,27.769947,False,False,False
VA611_SB,AM,360,35.282909,31.578502,1.000000,15,43.038363,1.000000,3,43.164360,1.000000,3,06:00,7.755455,7.881452,-0.125997,21.980769,False,False,False
VA611_SB,AM,375,34.401525,31.578502,1.000000,15,42.506497,1.000000,3,42.760409,1.000000,3,06:15,8.104972,8.358884,-0.253912,23.559920,False,False,False
VA611_SB,AM,390,34.157902,31.578502,1.000000,15,41.970638,1.000000,3,42.034290,1.000000,3,06:30,7.812736,7.876387,-0.063651,22.872413,False,False,False
VA611_SB,AM,405,33.767893,31.578502,1.000000,15,41.421883,1.000000,3,41.169030,1.000000,3,06:45,7.653990,7.401137,0.252853,22.666471,False,False,False
VA611_SB,AM,420,33.174285,31.578502,1.000000,15,40.659564,1.000000,3,40.075336,1.000000,3,07:00,7.485279,6.901051,0.584227,22.563497,False,False,False
VA611_SB,AM,435,32.766437,31.578502,1.000000,15,40.308804,1.000000,3,39.432471,1.000000,3,07:15,7.542366,6.666033,0.876333,23.018573,False,False,False
VA611_SB,AM,450,31.949897,31.578502,1.000000,15,40.121171,1.000000,3,39.121003,1.000000,3,07:30,8.171275,7.171106,1.000169,25.575277,False,False,False
VA611_SB,AM,465,31.741472,31.578502,0.885840,14,38.919711,1.000000,3,37.813476,1.000000,3,07:45,7.178239,6.072005,1.106234,22.614701,False,False,False
VA611_SB,AM,480,31.887926,31.578502,0.885840,14,37.974806,1.000000,3,37.102414,1.000000,3,08:00,6.086879,5.214487,0.872392,19.088351,False,False,False
VA611_SB,AM,495,32.007103,31.578502,0.998818,14,39.130564,1.000000,3,38.237631,1.000000,3,08:15,7.123461,6.230527,0.892934,22.255875,False,False,False
VA611_SB,AM,510,31.835160,31.578502,0.998818,14,40.741498,1.000000,3,40.092781,1.000000,3,08:30,8.906338,8.257621,0.648717,27.976421,False,False,False
VA611_SB,AM,525,31.870548,31.578502,1.000000,15,42.006261,1.000000,3,41.962088,1.000000,3,08:45,10.135713,10.091540,0.044174,31.802759,False,False,False
VA619_EB,AM,360,38.993855,31.812770,1.000000,6,48.495483,1.000000,3,48.648880,1.000000,3,06:00,9.501628,9.655025,-0.153398,24.366988,False,False,False
VA619_EB,AM,375,38.285473,31.812770,1.000000,6,47.862359,1.000000,3,48.188105,1.000000,3,06:15,9.576886,9.902633,-0.325746,25.014413,False,False,False
VA619_EB,AM,390,38.326642,31.812770,1.000000,6,47.226371,1.000000,3,47.338998,1.000000,3,06:30,8.899728,9.012356,-0.112627,23.220736,False,False,False
VA619_EB,AM,405,37.620819,31.812770,1.000000,6,46.587375,1.000000,3,46.304568,1.000000,3,06:45,8.966556,8.683749,0.282807,23.834027,False,False,False
VA619_EB,AM,420,37.341536,31.812770,1.000000,6,45.944985,1.000000,3,45.297571,1.000000,3,07:00,8.603449,7.956035,0.647414,23.039891,False,False,False
VA619_EB,AM,435,37.095823,31.812770,1.000000,6,45.299543,1.000000,3,44.541767,1.000000,3,07:15,8.203720,7.445944,0.757776,22.114944,False,False,False
VA619_EB,AM,450,36.106201,31.812770,1.000000,6,42.357611,1.000000,3,41.839309,1.000000,3,07:30,6.251410,5.733108,0.518302,17.313951,False,False,False
VA619_EB,AM,465,36.031954,31.812770,1.000000,6,43.499879,1.000000,3,42.831965,1.000000,3,07:45,7.467924,6.800010,0.667914,20.725838,False,False,False
VA619_EB,AM,480,36.144563,31.812770,1.000000,6,43.596639,1.000000,3,42.917634,1.000000,3,08:00,7.452076,6.773071,0.679005,20.617419,False,False,False
VA619_EB,AM,495,35.984480,31.812770,1.000000,6,45.834734,1.000000,3,45.211991,1.000000,3,08:15,9.850254,9.227510,0.622743,27.373616,False,False,False
VA619_EB,AM,510,36.691490,31.812770,1.000000,6,46.967801,1.000000,3,46.913166,1.000000,3,08:30,10.276311,10.221676,0.054635,28.007343,False,False,False
VA619_EB,AM,525,37.355316,31.812770,1.000000,6,48.012343,1.000000,3,48.306137,1.000000,3,08:45,10.657026,10.950821,-0.293795,28.528808,False,False,False
VA619_NB,AM,360,41.421953,31.789254,1.000000,13,42.298385,1.000000,3,42.391453,1.000000,3,06:00,0.876432,0.969499,-0.093068,2.115863,False,False,False
VA619_NB,AM,375,41.229835,31.789254,1.000000,13,41.713519,1.000000,3,41.886616,1.000000,3,06:15,0.483684,0.656781,-0.173097,1.173141,False,False,False
VA619_NB,AM,390,40.553370,31.789254,1.000000,13,41.322840,1.000000,3,41.312536,1.000000,3,06:30,0.769470,0.759166,0.010304,1.897425,False,False,False
VA619_NB,AM,405,39.748485,31.789254,1.000000,13,40.779226,1.000000,3,40.534214,1.000000,3,06:45,1.030741,0.785729,0.245013,2.593158,False,False,False
VA619_NB,AM,420,39.241655,31.789254,1.000000,13,40.452055,1.000000,3,40.010952,1.000000,3,07:00,1.210399,0.769296,0.441103,3.084476,False,False,False
VA619_NB,AM,435,39.400260,31.789254,1.000000,13,39.801345,1.000000,3,39.289104,1.000000,3,07:15,0.401086,-0.111156,0.512242,1.017977,False,False,False
VA619_NB,AM,450,38.909475,31.789254,1.000000,13,36.846592,1.000000,3,36.603398,1.000000,3,07:30,-2.062883,-2.306077,0.243194,5.301749,False,False,False
VA619_NB,AM,465,38.543816,31.789254,1.000000,13,39.824711,1.000000,3,39.459722,1.000000,3,07:45,1.280895,0.915907,0.364989,3.323218,False,False,False
VA619_NB,AM,480,38.685949,31.789254,0.996386,12,40.448730,1.000000,3,40.051239,1.000000,3,08:00,1.762781,1.365290,0.397491,4.556644,False,False,False
VA619_NB,AM,495,39.048890,31.789254,0.996386,12,41.029118,1.000000,3,40.869113,1.000000,3,08:15,1.980229,1.820224,0.160005,5.071153,False,False,False
VA619_NB,AM,510,38.871855,31.789254,1.000000,13,41.572111,1.000000,3,41.704735,1.000000,3,08:30,2.700256,2.832879,-0.132623,6.946558,False,False,False
VA619_NB,AM,525,38.894941,31.789254,0.923533,12,42.112874,1.000000,3,42.310803,1.000000,3,08:45,3.217933,3.415862,-0.197929,8.273398,False,False,False
VA619_SB,AM,360,42.460445,31.765184,0.971243,13,42.160104,1.000000,3,42.256020,1.000000,3,06:00,-0.300341,-0.204425,-0.095916,0.707343,False,False,False
VA619_SB,AM,375,41.549876,31.765184,0.971243,13,41.840390,1.000000,3,42.075699,1.000000,3,06:15,0.290514,0.525823,-0.235309,0.699194,False,False,False
VA619_SB,AM,390,40.625445,31.765184,1.000000,14,41.375068,1.000000,3,41.570825,1.000000,3,06:30,0.749623,0.945379,-0.195757,1.845205,False,False,False
VA619_SB,AM,405,39.935749,31.765184,1.000000,14,41.069330,1.000000,3,41.176257,1.000000,3,06:45,1.133581,1.240509,-0.106927,2.838513,False,False,False
VA619_SB,AM,420,39.382649,31.765184,1.000000,14,40.337698,1.000000,3,40.416069,1.000000,3,07:00,0.955049,1.033419,-0.078371,2.425049,False,False,False
VA619_SB,AM,435,39.281612,31.765184,1.000000,14,39.539351,1.000000,3,39.647004,1.000000,3,07:15,0.257738,0.365391,-0.107653,0.656130,False,False,False
VA619_SB,AM,450,,31.765184,0.651074,12,38.702093,1.000000,3,39.657694,1.000000,3,07:30,,,-0.955601,,,False,False
VA619_SB,AM,465,,31.765184,0.651074,12,40.287760,1.000000,3,40.524067,1.000000,3,07:45,,,-0.236307,,,False,False
VA619_SB,AM,480,38.421778,31.765184,1.000000,14,40.333582,1.000000,3,40.450665,1.000000,3,08:00,1.911804,2.028886,-0.117082,4.975834,False,False,False
VA619_SB,AM,495,38.687229,31.765184,1.000000,14,41.148925,1.000000,3,41.309538,1.000000,3,08:15,2.461695,2.622308,-0.160613,6.363069,False,False,False
VA619_SB,AM,510,38.815442,31.765184,1.000000,14,41.675208,1.000000,3,41.914857,1.000000,3,08:30,2.859766,3.099415,-0.239649,7.367598,False,False,False
VA619_SB,AM,525,38.926722,31.765184,1.000000,14,42.170341,1.000000,3,42.367445,1.000000,3,08:45,3.243619,3.440724,-0.197104,8.332629,False,False,False
VA619_WB,AM,360,40.508411,31.703551,1.000000,6,50.032173,1.000000,3,50.232756,1.000000,3,06:00,9.523762,9.724345,-0.200582,23.510580,False,False,False
VA619_WB,AM,375,39.207682,31.703551,1.000000,6,49.270689,1.000000,3,49.816820,1.000000,3,06:15,10.063008,10.609139,-0.546131,25.665909,False,False,False
VA619_WB,AM,390,38.499049,31.703551,1.000000,6,48.507604,1.000000,3,49.094536,1.000000,3,06:30,10.008554,10.595486,-0.586932,25.996887,False,False,False
VA619_WB,AM,405,37.693164,31.703551,1.000000,6,47.742834,1.000000,3,48.303242,1.000000,3,06:45,10.049670,10.610077,-0.560407,26.661784,False,False,False
VA619_WB,AM,420,37.557820,31.703551,1.000000,6,46.761125,1.000000,3,47.684102,1.000000,3,07:00,9.203305,10.126282,-0.922977,24.504365,False,False,False
VA619_WB,AM,435,37.231086,31.703551,1.000000,6,44.486296,1.000000,3,45.523500,1.000000,3,07:15,7.255210,8.292414,-1.037204,19.486969,False,False,False
VA619_WB,AM,450,36.743091,31.703551,1.000000,6,44.455666,1.000000,3,45.341435,1.000000,3,07:30,7.712575,8.598344,-0.885769,20.990545,False,False,False
VA619_WB,AM,465,36.751226,31.703551,1.000000,6,46.240264,1.000000,3,47.502664,1.000000,3,07:45,9.489038,10.751438,-1.262400,25.819650,False,False,False
VA619_WB,AM,480,36.874842,31.703551,1.000000,6,47.484938,1.000000,3,48.111810,1.000000,3,08:00,10.610095,11.236967,-0.626872,28.773263,False,False,False
VA619_WB,AM,495,37.457371,31.703551,1.000000,6,48.248880,1.000000,3,48.871123,1.000000,3,08:15,10.791509,11.413752,-0.622243,28.810107,False,False,False
VA619_WB,AM,510,37.289825,31.703551,1.000000,6,49.012880,1.000000,3,49.623228,1.000000,3,08:30,11.723055,12.333403,-0.610348,31.437677,False,False,False
VA619_WB,AM,525,37.004428,31.703551,1.000000,6,49.776629,1.000000,3,50.148278,1.000000,3,08:45,12.772201,13.143850,-0.371649,34.515332,False,False,False
VA620_EB,AM,360,37.788762,31.694060,0.943384,25,44.984262,1.000000,3,45.246003,1.000000,3,06:00,7.195500,7.457241,-0.261741,19.041375,False,False,False
VA620_EB,AM,375,37.618665,31.694060,0.943384,25,43.944670,1.000000,3,44.574211,1.000000,3,06:15,6.326005,6.955545,-0.629541,16.816132,False,False,False
VA620_EB,AM,390,36.982835,31.694060,1.000000,28,42.896194,1.000000,3,43.338611,1.000000,3,06:30,5.913359,6.355776,-0.442417,15.989469,False,False,False
VA620_EB,AM,405,35.878412,31.694060,1.000000,28,41.837860,1.000000,3,41.843312,1.000000,3,06:45,5.959448,5.964900,-0.005452,16.610121,False,False,False
VA620_EB,AM,420,34.383399,31.694060,1.000000,28,40.768645,1.000000,3,40.414063,1.000000,3,07:00,6.385246,6.030664,0.354582,18.570724,False,False,False
VA620_EB,AM,435,32.434222,31.694060,0.999567,27,39.009599,1.000000,3,38.600394,1.000000,3,07:15,6.575377,6.166172,0.409205,20.272961,False,False,False
VA620_EB,AM,450,30.980495,31.694060,0.989540,26,38.000050,1.000000,3,37.638576,1.000000,3,07:30,7.019555,6.658081,0.361474,22.657981,True,False,False
VA620_EB,AM,465,30.818524,31.694060,0.861215,25,37.703015,1.000000,3,37.467819,1.000000,3,07:45,6.884491,6.649295,0.235196,22.338809,True,False,False
VA620_EB,AM,480,,31.694060,0.780164,23,36.708096,1.000000,3,36.559946,1.000000,3,08:00,,,0.148150,,,False,False
VA620_EB,AM,495,30.679338,31.694060,0.908921,25,36.795281,1.000000,3,36.685592,1.000000,3,08:15,6.115944,6.006254,0.109689,19.935058,True,False,False
VA620_EB,AM,510,31.500971,31.694060,0.943579,27,39.144182,1.000000,3,39.041978,1.000000,3,08:30,7.643210,7.541007,0.102203,24.263412,True,False,False
VA620_EB,AM,525,31.899818,31.694060,0.943579,27,41.921340,1.000000,3,42.185956,1.000000,3,08:45,10.021522,10.286138,-0.264616,31.415608,False,False,False
VA620_WB,AM,360,37.124865,31.785583,1.000000,26,44.974307,1.000000,3,45.136260,1.000000,3,06:00,7.849442,8.011396,-0.161954,21.143355,False,False,False
VA620_WB,AM,375,36.942622,31.785583,1.000000,26,44.238276,1.000000,3,44.615556,1.000000,3,06:15,7.295653,7.672933,-0.377280,19.748607,False,False,False
VA620_WB,AM,390,36.542098,31.785583,1.000000,26,43.704382,1.000000,3,43.943114,1.000000,3,06:30,7.162284,7.401016,-0.238732,19.600090,False,False,False
VA620_WB,AM,405,35.718060,31.785583,1.000000,26,43.061125,1.000000,3,43.013308,1.000000,3,06:45,7.343065,7.295248,0.047816,20.558408,False,False,False
VA620_WB,AM,420,34.587977,31.785583,1.000000,26,42.401356,1.000000,3,42.128282,1.000000,3,07:00,7.813379,7.540305,0.273073,22.589868,False,False,False
VA620_WB,AM,435,33.950054,31.785583,0.897386,24,41.175380,1.000000,3,40.805130,1.000000,3,07:15,7.225327,6.855077,0.370250,21.282224,False,False,False
VA620_WB,AM,450,32.967205,31.785583,0.897386,24,40.713029,1.000000,3,40.328837,1.000000,3,07:30,7.745824,7.361631,0.384192,23.495542,False,False,False
VA620_WB,AM,465,31.984539,31.785583,0.936981,25,40.264439,1.000000,3,39.894841,1.000000,3,07:45,8.279900,7.910302,0.369598,25.887196,False,False,False
VA620_WB,AM,480,32.031656,31.785583,0.936981,25,40.079665,1.000000,3,39.774491,1.000000,3,08:00,8.048009,7.742835,0.305174,25.125172,False,False,False
VA620_WB,AM,495,32.135447,31.785583,1.000000,26,40.901256,1.000000,3,40.596911,1.000000,3,08:15,8.765810,8.461465,0.304345,27.277697,False,False,False
VA620_WB,AM,510,32.587341,31.785583,0.890261,24,42.334221,1.000000,3,42.238616,1.000000,3,08:30,9.746880,9.651275,0.095605,29.910018,False,False,False
VA620_WB,AM,525,32.343911,31.785583,0.890261,24,43.766668,1.000000,3,44.003762,1.000000,3,08:45,11.422756,11.659851,-0.237095,35.316559,False,False,False
VA640_EB,AM,360,37.570199,31.631717,1.000000,22,43.658718,1.000000,3,43.870995,1.000000,3,06:00,6.088519,6.300796,-0.212277,16.205714,False,False,False
VA640_EB,AM,375,37.118354,31.631717,1.000000,22,42.776823,1.000000,3,43.238780,1.000000,3,06:15,5.658468,6.120426,-0.461958,15.244395,False,False,False
VA640_EB,AM,390,36.656279,31.631717,0.951746,21,41.879447,1.000000,3,42.101105,1.000000,3,06:30,5.223168,5.444826,-0.221658,14.249040,False,False,False
VA640_EB,AM,405,35.823246,31.631717,0.951746,21,40.965343,1.000000,3,40.792004,1.000000,3,06:45,5.142098,4.968758,0.173339,14.354081,False,False,False
VA640_EB,AM,420,34.955679,31.631717,0.908734,21,40.002882,1.000000,3,39.648675,1.000000,3,07:00,5.047203,4.692996,0.354207,14.438864,False,False,False
VA640_EB,AM,435,34.482988,31.631717,0.908734,21,38.612928,1.000000,3,38.279047,1.000000,3,07:15,4.129940,3.796059,0.333881,11.976747,False,False,False
VA640_EB,AM,450,33.417838,31.631717,1.000000,22,37.097171,1.000000,3,36.819585,1.000000,3,07:30,3.679333,3.401748,0.277586,11.010088,False,False,False
VA640_EB,AM,465,33.097844,31.631717,1.000000,22,37.867854,1.000000,3,37.541316,1.000000,3,07:45,4.770010,4.443473,0.326538,14.411846,False,False,False
VA640_EB,AM,480,33.424230,31.631717,1.000000,22,38.652357,1.000000,3,38.191700,1.000000,3,08:00,5.228127,4.767469,0.460657,15.641726,False,False,False
VA640_EB,AM,495,33.421734,31.631717,1.000000,22,38.226029,1.000000,3,37.910524,1.000000,3,08:15,4.804295,4.488790,0.315505,14.374764,False,False,False
VA640_EB,AM,510,34.053578,31.631717,0.916915,21,40.498853,1.000000,3,40.457391,1.000000,3,08:30,6.445275,6.403813,0.041463,18.926867,False,False,False
VA640_EB,AM,525,34.235167,31.631717,0.916915,21,42.623241,1.000000,3,42.904892,1.000000,3,08:45,8.388075,8.669725,-0.281650,24.501340,False,False,False
VA640_WB,AM,360,39.137749,31.751338,1.000000,18,43.536563,1.000000,3,43.638531,1.000000,3,06:00,4.398814,4.500782,-0.101968,11.239314,False,False,False
VA640_WB,AM,375,38.385471,31.751338,1.000000,18,42.628218,1.000000,3,42.832368,1.000000,3,06:15,4.242747,4.446897,-0.204150,11.053002,False,False,False
VA640_WB,AM,390,37.998294,31.751338,0.880657,17,42.039290,1.000000,3,42.111635,1.000000,3,06:30,4.040997,4.113342,-0.072345,10.634679,False,False,False
VA640_WB,AM,405,38.041123,31.751338,0.880657,17,41.750200,1.000000,3,41.641659,1.000000,3,06:45,3.709077,3.600536,0.108541,9.750177,False,False,False
VA640_WB,AM,420,37.425497,31.751338,1.000000,18,41.421155,1.000000,3,41.133678,1.000000,3,07:00,3.995658,3.708181,0.287477,10.676298,False,False,False
VA640_WB,AM,435,36.872889,31.751338,1.000000,18,40.857092,1.000000,3,40.523383,1.000000,3,07:15,3.984203,3.650495,0.333709,10.805237,False,False,False
VA640_WB,AM,450,36.071421,31.751338,1.000000,18,40.472382,1.000000,3,40.173147,1.000000,3,07:30,4.400961,4.101726,0.299235,12.200686,False,False,False
VA640_WB,AM,465,35.602725,31.751338,0.997078,17,40.415294,1.000000,3,40.176476,1.000000,3,07:45,4.812570,4.573751,0.238819,13.517420,False,False,False
VA640_WB,AM,480,35.551814,31.751338,0.997078,17,40.315386,1.000000,3,40.122650,1.000000,3,08:00,4.763573,4.570837,0.192736,13.398958,False,False,False
VA640_WB,AM,495,35.587379,31.751338,1.000000,18,41.905922,1.000000,3,41.784173,1.000000,3,08:15,6.318543,6.196793,0.121749,17.755010,False,False,False
VA640_WB,AM,510,35.573455,31.751338,1.000000,18,42.591961,1.000000,3,42.697387,1.000000,3,08:30,7.018507,7.123932,-0.105425,19.729617,False,False,False
VA640_WB,AM,525,35.598294,31.751338,1.000000,18,43.407569,1.000000,3,43.626631,1.000000,3,08:45,7.809275,8.028336,-0.219061,21.937216,False,False,False
VA643_EB,AM,360,34.391607,31.500000,1.000000,8,39.811090,1.000000,3,39.960585,1.000000,3,06:00,5.419482,5.568978,-0.149496,15.758153,False,False,False
VA643_EB,AM,375,33.291831,31.500000,1.000000,8,39.243978,1.000000,3,39.638025,1.000000,3,06:15,5.952147,6.346194,-0.394047,17.878702,False,False,False
VA643_EB,AM,390,32.765193,31.500000,1.000000,8,38.676235,1.000000,3,39.030314,1.000000,3,06:30,5.911042,6.265121,-0.354079,18.040615,False,False,False
VA643_EB,AM,405,32.000556,31.500000,1.000000,8,38.108367,1.000000,3,38.262725,1.000000,3,06:45,6.107811,6.262169,-0.154358,19.086577,False,False,False
VA643_EB,AM,420,31.143802,31.500000,1.000000,8,37.539540,1.000000,3,37.463535,1.000000,3,07:00,6.395738,6.319732,0.076006,20.536150,True,False,False
VA643_EB,AM,435,30.999480,31.500000,1.000000,8,36.970042,1.000000,3,36.763048,1.000000,3,07:15,5.970562,5.763567,0.206995,19.260200,True,False,False
VA643_EB,AM,450,30.881366,31.500000,1.000000,8,35.338203,1.000000,3,35.157329,1.000000,3,07:30,4.456837,4.275963,0.180874,14.432124,True,False,False
VA643_EB,AM,465,30.672751,31.500000,1.000000,8,35.843404,1.000000,3,35.622932,1.000000,3,07:45,5.170653,4.950180,0.220473,16.857480,True,False,False
VA643_EB,AM,480,30.684089,31.500000,1.000000,8,35.906129,1.000000,3,35.717657,1.000000,3,08:00,5.222040,5.033569,0.188472,17.018724,True,False,False
VA643_EB,AM,495,30.821918,31.500000,1.000000,8,34.081924,1.000000,3,34.080642,1.000000,3,08:15,3.260006,3.258723,0.001283,10.576908,True,False,False
VA643_EB,AM,510,30.420880,31.500000,1.000000,8,36.239503,1.000000,3,36.387766,1.000000,3,08:30,5.818623,5.966886,-0.148262,19.127071,True,False,False
VA643_EB,AM,525,30.097055,31.500000,0.925323,7,37.520156,1.000000,3,37.732790,1.000000,3,08:45,7.423101,7.635735,-0.212634,24.663878,True,False,False
VA643_NB,AM,360,37.779738,31.500000,1.000000,12,46.587596,1.000000,3,46.769011,1.000000,3,06:00,8.807858,8.989272,-0.181414,23.313708,False,False,False
VA643_NB,AM,375,37.124767,31.500000,1.000000,12,45.838433,1.000000,3,46.250110,1.000000,3,06:15,8.713667,9.125343,-0.411677,23.471303,False,False,False
VA643_NB,AM,390,36.387755,31.500000,1.000000,12,45.068946,1.000000,3,45.308353,1.000000,3,06:30,8.681190,8.920598,-0.239407,23.857450,False,False,False
VA643_NB,AM,405,35.293979,31.500000,1.000000,12,44.276367,1.000000,3,44.191284,1.000000,3,06:45,8.982387,8.897305,0.085083,25.450197,False,False,False
VA643_NB,AM,420,34.825148,31.500000,1.000000,12,43.461778,1.000000,3,42.916274,1.000000,3,07:00,8.636630,8.091126,0.545503,24.799980,False,False,False
VA643_NB,AM,435,34.787782,31.500000,0.922566,10,42.615743,1.000000,3,42.473770,1.000000,3,07:15,7.827961,7.685988,0.141973,22.502041,False,False,False
VA643_NB,AM,450,,31.500000,0.695356,9,39.809332,1.000000,3,40.039628,1.000000,3,07:30,,,-0.230296,,,False,False
VA643_NB,AM,465,,31.500000,0.772790,11,40.651035,1.000000,3,40.859234,1.000000,3,07:45,,,-0.208199,,,False,False
VA643_NB,AM,480,33.534326,31.500000,1.000000,12,41.232646,1.000000,3,41.169627,1.000000,3,08:00,7.698320,7.635301,0.063019,22.956538,False,False,False
VA643_NB,AM,495,33.600799,31.500000,1.000000,12,43.406173,1.000000,3,43.270702,1.000000,3,08:15,9.805374,9.669904,0.135471,29.181968,False,False,False
VA643_NB,AM,510,33.174527,31.500000,1.000000,12,44.756919,1.000000,3,44.946043,1.000000,3,08:30,11.582392,11.771516,-0.189123,34.913512,False,False,False
VA643_NB,AM,525,32.970075,31.500000,1.000000,12,46.024930,1.000000,3,46.414119,1.000000,3,08:45,13.054856,13.444044,-0.389189,39.596075,False,False,False
VA643_SB,AM,360,37.576650,31.734431,1.000000,11,46.660613,1.000000,3,46.764451,1.000000,3,06:00,9.083963,9.187801,-0.103838,24.174489,False,False,False
VA643_SB,AM,375,36.902288,31.734431,1.000000,11,46.205250,1.000000,3,46.381414,1.000000,3,06:15,9.302963,9.479126,-0.176163,25.209719,False,False,False
VA643_SB,AM,390,37.729713,31.734431,0.994595,10,45.746104,1.000000,3,45.671582,1.000000,3,06:30,8.016391,7.941870,0.074522,21.246892,False,False,False
VA643_SB,AM,405,37.677286,31.734431,0.994595,10,45.282742,1.000000,3,44.798869,1.000000,3,06:45,7.605456,7.121583,0.483874,20.185786,False,False,False
VA643_SB,AM,420,36.854870,31.734431,1.000000,11,44.815894,1.000000,3,43.924882,1.000000,3,07:00,7.961024,7.070012,0.891012,21.601010,False,False,False
VA643_SB,AM,435,35.728465,31.734431,1.000000,11,44.350301,1.000000,3,43.261079,1.000000,3,07:15,8.621836,7.532614,1.089222,24.131559,False,False,False
VA643_SB,AM,450,35.087116,31.734431,1.000000,11,42.587472,1.000000,3,41.166557,1.000000,3,07:30,7.500356,6.079441,1.420915,21.376383,False,False,False
VA643_SB,AM,465,34.558126,31.734431,1.000000,11,42.623008,1.000000,3,41.386911,1.000000,3,07:45,8.064882,6.828785,1.236097,23.337150,False,False,False
VA643_SB,AM,480,34.437532,31.734431,1.000000,11,44.163257,1.000000,3,42.897201,1.000000,3,08:00,9.725725,8.459669,1.266056,28.241643,False,False,False
VA643_SB,AM,495,33.959930,31.734431,1.000000,11,43.595388,1.000000,3,42.305839,1.000000,3,08:15,9.635459,8.345910,1.289549,28.373024,False,False,False
VA643_SB,AM,510,33.688898,31.734431,1.000000,11,45.326051,1.000000,3,44.618904,1.000000,3,08:30,11.637153,10.930006,0.707147,34.542991,False,False,False
VA643_SB,AM,525,34.316567,31.734431,1.000000,11,46.221055,1.000000,3,46.231856,1.000000,3,08:45,11.904488,11.915289,-0.010801,34.690206,False,False,False
VA643_WB,AM,360,34.152547,31.500000,1.000000,8,39.813765,1.000000,3,39.957210,1.000000,3,06:00,5.661218,5.804663,-0.143445,16.576269,False,False,False
VA643_WB,AM,375,33.883361,31.500000,1.000000,8,39.252063,1.000000,3,39.614053,1.000000,3,06:15,5.368702,5.730692,-0.361989,15.844657,False,False,False
VA643_WB,AM,390,33.642611,31.500000,1.000000,8,38.685154,1.000000,3,38.992097,1.000000,3,06:30,5.042543,5.349486,-0.306943,14.988559,False,False,False
VA643_WB,AM,405,33.401865,31.500000,1.000000,8,38.112795,1.000000,3,38.259386,1.000000,3,06:45,4.710929,4.857521,-0.146591,14.103791,False,False,False
VA643_WB,AM,420,34.038817,31.500000,1.000000,8,37.444265,1.000000,3,37.466468,1.000000,3,07:00,3.405448,3.427651,-0.022203,10.004602,False,False,False
VA643_WB,AM,435,33.780257,31.500000,1.000000,8,36.826027,1.000000,3,36.900864,1.000000,3,07:15,3.045770,3.120607,-0.074837,9.016420,False,False,False
VA643_WB,AM,450,32.839020,31.500000,1.000000,8,35.742116,1.000000,3,35.877025,1.000000,3,07:30,2.903096,3.038006,-0.134910,8.840386,False,False,False
VA643_WB,AM,465,32.712383,31.500000,1.000000,8,34.878639,1.000000,3,35.316151,1.000000,3,07:45,2.166256,2.603769,-0.437512,6.622129,False,False,False
VA643_WB,AM,480,32.944632,31.500000,1.000000,8,36.438706,1.000000,3,36.516971,1.000000,3,08:00,3.494074,3.572339,-0.078265,10.605898,False,False,False
VA643_WB,AM,495,32.563340,31.500000,1.000000,8,37.489806,1.000000,3,37.566706,1.000000,3,08:15,4.926466,5.003366,-0.076900,15.128873,False,False,False
VA643_WB,AM,510,31.496462,31.500000,1.000000,8,38.010483,1.000000,3,38.302571,1.000000,3,08:30,6.514021,6.806109,-0.292088,20.681753,True,False,False
VA643_WB,AM,525,31.479043,31.500000,1.000000,8,39.190410,1.000000,3,39.510744,1.000000,3,08:45,7.711366,8.031700,-0.320334,24.496826,True,False,False
VA644_EB,AM,360,34.890156,31.500000,1.000000,27,43.777966,1.000000,3,43.985246,1.000000,3,06:00,8.887809,9.095090,-0.207281,25.473688,False,False,False
VA644_EB,AM,375,35.081564,31.500000,1.000000,27,42.802393,1.000000,3,43.101132,1.000000,3,06:15,7.720829,8.019568,-0.298739,22.008224,False,False,False
VA644_EB,AM,390,34.741817,31.500000,1.000000,27,41.806527,1.000000,3,41.624288,1.000000,3,06:30,7.064710,6.882471,0.182239,20.334888,False,False,False
VA644_EB,AM,405,34.420845,31.500000,1.000000,27,40.688818,1.000000,3,40.085039,1.000000,3,06:45,6.267974,5.664194,0.603779,18.209820,False,False,False
VA644_EB,AM,420,32.818801,31.500000,1.000000,27,39.259136,1.000000,3,38.581171,1.000000,3,07:00,6.440334,5.762369,0.677965,19.623916,False,False,False
VA644_EB,AM,435,31.220209,31.500000,1.000000,27,37.189212,1.000000,3,36.554020,1.000000,3,07:15,5.969003,5.333811,0.635192,19.119036,True,False,False
VA644_EB,AM,450,31.024705,31.500000,1.000000,27,38.732434,1.000000,3,38.011559,1.000000,3,07:30,7.707729,6.986854,0.720875,24.843843,True,False,False
VA644_EB,AM,465,,31.500000,0.689690,24,38.972621,1.000000,3,38.334864,1.000000,3,07:45,,,0.637757,,,False,False
VA644_EB,AM,480,,31.500000,0.688689,23,39.928501,1.000000,3,39.170166,1.000000,3,08:00,,,0.758335,,,False,False
VA644_EB,AM,495,30.501099,31.500000,0.998998,26,41.377031,1.000000,3,40.892488,1.000000,3,08:15,10.875933,10.391389,0.484543,35.657511,True,False,False
VA644_EB,AM,510,31.496731,31.500000,1.000000,27,42.273505,1.000000,3,42.340374,1.000000,3,08:30,10.776774,10.843643,-0.066870,34.215531,True,False,False
VA644_EB,AM,525,31.706326,31.500000,1.000000,27,43.411892,1.000000,3,43.706287,1.000000,3,08:45,11.705566,11.999961,-0.294395,36.918708,False,False,False
VA644_WB,AM,360,,31.503309,0.776709,23,43.721262,1.000000,3,43.834945,1.000000,3,06:00,,,-0.113684,,,False,False
VA644_WB,AM,375,34.895706,31.503309,1.000000,24,43.057236,1.000000,3,43.281556,1.000000,3,06:15,8.161530,8.385850,-0.224320,23.388350,False,False,False
VA644_WB,AM,390,34.257584,31.503309,1.000000,24,42.595986,1.000000,3,42.578986,1.000000,3,06:30,8.338402,8.321402,0.017000,24.340311,False,False,False
VA644_WB,AM,405,33.393252,31.503309,1.000000,24,42.082965,1.000000,3,41.693738,1.000000,3,06:45,8.689713,8.300486,0.389227,26.022361,False,False,False
VA644_WB,AM,420,32.602003,31.503309,1.000000,24,41.545149,1.000000,3,40.879687,1.000000,3,07:00,8.943146,8.277684,0.665462,27.431278,False,False,False
VA644_WB,AM,435,30.948633,31.503309,0.832891,23,40.183307,1.000000,3,39.216310,1.000000,3,07:15,9.234675,8.267678,0.966997,29.838716,True,False,False
VA644_WB,AM,450,29.472505,31.503309,0.832891,23,40.598147,1.000000,3,39.781755,1.000000,3,07:30,11.125642,10.309250,0.816392,37.749225,True,False,False
VA644_WB,AM,465,29.248090,31.503309,0.922887,23,38.674213,1.000000,3,38.035572,1.000000,3,07:45,9.426123,8.787482,0.638641,32.228164,True,False,False
VA644_WB,AM,480,29.197400,31.503309,0.922887,23,40.371855,1.000000,3,39.700275,1.000000,3,08:00,11.174456,10.502875,0.671581,38.272093,True,False,False
VA644_WB,AM,495,29.934116,31.503309,1.000000,24,41.314670,1.000000,3,40.767116,1.000000,3,08:15,11.380554,10.833000,0.547554,38.018674,True,False,False
VA644_WB,AM,510,30.880403,31.503309,1.000000,24,42.551223,1.000000,3,42.428070,1.000000,3,08:30,11.670821,11.547668,0.123153,37.793615,True,False,False
VA644_WB,AM,525,31.135406,31.503309,1.000000,24,43.448174,1.000000,3,43.673125,1.000000,3,08:45,12.312768,12.537719,-0.224951,39.545874,True,False,False
VA645_NB,AM,360,33.886185,31.500000,0.931587,22,46.941303,1.000000,3,47.104432,1.000000,3,06:00,13.055118,13.218247,-0.163129,38.526373,False,False,False
VA645_NB,AM,375,33.141561,31.500000,1.000000,23,46.271504,1.000000,3,46.591936,1.000000,3,06:15,13.129942,13.450375,-0.320433,39.617755,False,False,False
VA645_NB,AM,390,32.838262,31.500000,1.000000,23,45.675057,1.000000,3,45.729171,1.000000,3,06:30,12.836795,12.890909,-0.054114,39.090969,False,False,False
VA645_NB,AM,405,32.326914,31.500000,1.000000,23,45.037778,1.000000,3,44.645418,1.000000,3,06:45,12.710864,12.318505,0.392360,39.319758,False,False,False
VA645_NB,AM,420,31.592599,31.500000,1.000000,23,44.265190,1.000000,3,43.507235,1.000000,3,07:00,12.672591,11.914636,0.757956,40.112532,False,False,False
VA645_NB,AM,435,30.659174,31.500000,1.000000,23,43.121137,1.000000,3,42.261298,1.000000,3,07:15,12.461964,11.602124,0.859839,40.646769,True,False,False
VA645_NB,AM,450,29.829751,31.500000,1.000000,23,42.063490,1.000000,3,41.137793,1.000000,3,07:30,12.233739,11.308041,0.925697,41.011870,True,False,False
VA645_NB,AM,465,,31.500000,0.763242,20,42.583022,1.000000,3,41.645006,1.000000,3,07:45,,,0.938015,,,False,False
VA645_NB,AM,480,,31.500000,0.717618,19,43.325620,1.000000,3,42.392342,1.000000,3,08:00,,,0.933278,,,False,False
VA645_NB,AM,495,30.161491,31.500000,0.954376,22,43.359329,1.000000,3,42.637763,1.000000,3,08:15,13.197838,12.476273,0.721566,43.757248,True,False,False
VA645_NB,AM,510,30.089582,31.500000,1.000000,23,44.090931,1.000000,3,43.797900,1.000000,3,08:30,14.001349,13.708317,0.293031,46.532214,True,False,False
VA645_NB,AM,525,30.762268,31.500000,1.000000,23,46.011237,1.000000,3,46.090897,1.000000,3,08:45,15.248969,15.328629,-0.079659,49.570367,True,False,False
VA645_SB,AM,360,35.014672,31.653839,0.999527,26,47.579380,1.000000,3,47.820004,1.000000,3,06:00,12.564708,12.805333,-0.240624,35.884124,False,False,False
VA645_SB,AM,375,34.990046,31.653839,0.999527,26,46.316924,1.000000,3,46.834001,1.000000,3,06:15,11.326879,11.843955,-0.517077,32.371717,False,False,False
VA645_SB,AM,390,34.829223,31.653839,1.000000,27,45.490106,1.000000,3,45.722585,1.000000,3,06:30,10.660883,10.893362,-0.232479,30.609018,False,False,False
VA645_SB,AM,405,34.308801,31.653839,1.000000,27,44.475236,1.000000,3,44.224378,1.000000,3,06:45,10.166435,9.915577,0.250858,29.632150,False,False,False
VA645_SB,AM,420,33.124540,31.653839,1.000000,27,43.375968,1.000000,3,42.840308,1.000000,3,07:00,10.251428,9.715768,0.535660,30.948138,False,False,False
VA645_SB,AM,435,32.072147,31.653839,1.000000,27,41.546142,1.000000,3,41.085612,1.000000,3,07:15,9.473996,9.013465,0.460531,29.539636,False,False,False
VA645_SB,AM,450,31.702021,31.653839,0.940927,26,40.846775,1.000000,3,40.546950,1.000000,3,07:30,9.144754,8.844929,0.299826,28.845966,False,False,False
VA645_SB,AM,465,32.395722,31.653839,0.876061,25,39.831775,1.000000,3,39.567737,1.000000,3,07:45,7.436053,7.172015,0.264038,22.953812,False,False,False
VA645_SB,AM,480,32.547527,31.653839,0.899236,25,41.308118,1.000000,3,40.933587,1.000000,3,08:00,8.760592,8.386060,0.374531,26.916305,False,False,False
VA645_SB,AM,495,32.162443,31.653839,0.964102,26,43.086484,1.000000,3,42.556581,1.000000,3,08:15,10.924040,10.394137,0.529903,33.965207,False,False,False
VA645_SB,AM,510,32.275720,31.653839,1.000000,27,45.033315,1.000000,3,44.987461,1.000000,3,08:30,12.757595,12.711740,0.045855,39.526911,False,False,False
VA645_SB,AM,525,32.484050,31.653839,1.000000,27,46.785934,1.000000,3,47.216369,1.000000,3,08:45,14.301885,14.732319,-0.430435,44.027407,False,False,False
VA659_NB,AM,360,41.399004,32.404269,1.000000,16,48.486542,1.000000,3,48.668808,1.000000,3,06:00,7.087538,7.269804,-0.182266,17.120069,False,False,False
VA659_NB,AM,375,40.778679,32.404269,1.000000,16,47.734959,1.000000,3,48.113403,1.000000,3,06:15,6.956280,7.334724,-0.378444,17.058619,False,False,False
VA659_NB,AM,390,39.702442,32.404269,1.000000,16,46.979097,1.000000,3,47.060890,1.000000,3,06:30,7.276655,7.358447,-0.081792,18.327979,False,False,False
VA659_NB,AM,405,39.043964,32.404269,1.000000,16,46.218464,1.000000,3,45.724633,1.000000,3,06:45,7.174499,6.680668,0.493831,18.375438,False,False,False
VA659_NB,AM,420,38.454209,32.404269,1.000000,16,45.452979,1.000000,3,44.338724,1.000000,3,07:00,6.998770,5.884516,1.114254,18.200271,False,False,False
VA659_NB,AM,435,38.254926,32.404269,0.977662,15,44.569712,1.000000,3,42.713801,1.000000,3,07:15,6.314787,4.458875,1.855911,16.507121,False,False,False
VA659_NB,AM,450,37.983796,32.404269,0.977662,15,43.712464,1.000000,3,41.477243,1.000000,3,07:30,5.728668,3.493447,2.235220,15.081873,False,False,False
VA659_NB,AM,465,37.783135,32.404269,1.000000,16,43.282986,1.000000,3,41.280926,1.000000,3,07:45,5.499851,3.497791,2.002060,14.556364,False,False,False
VA659_NB,AM,480,37.979214,32.404269,1.000000,16,39.881214,1.000000,3,38.127896,1.000000,3,08:00,1.902000,0.148682,1.753318,5.008002,False,False,False
VA659_NB,AM,495,38.124806,32.404269,1.000000,16,40.647710,1.000000,3,38.727359,1.000000,3,08:15,2.522904,0.602553,1.920351,6.617486,False,False,False
VA659_NB,AM,510,38.223484,32.404269,1.000000,16,44.606572,1.000000,3,42.652081,1.000000,3,08:30,6.383088,4.428596,1.954492,16.699389,False,False,False
VA659_NB,AM,525,37.959358,32.404269,0.978831,15,46.991305,1.000000,3,46.725996,1.000000,3,08:45,9.031948,8.766639,0.265309,23.793731,False,False,False
VA659_SB,AM,360,40.546716,32.683440,1.000000,16,48.488244,1.000000,3,48.676910,1.000000,3,06:00,7.941528,8.130195,-0.188666,19.586119,False,False,False
VA659_SB,AM,375,40.066918,32.683440,1.000000,16,47.738713,1.000000,3,48.195471,1.000000,3,06:15,7.671795,8.128554,-0.456758,19.147456,False,False,False
VA659_SB,AM,390,39.175377,32.683440,1.000000,16,46.979102,1.000000,3,47.313185,1.000000,3,06:30,7.803724,8.137808,-0.334084,19.919972,False,False,False
VA659_SB,AM,405,38.601402,32.683440,1.000000,16,46.207403,1.000000,3,46.279630,1.000000,3,06:45,7.606001,7.678228,-0.072227,19.703949,False,False,False
VA659_SB,AM,420,39.813958,32.683440,0.935680,15,45.205567,1.000000,3,45.025020,1.000000,3,07:00,5.391609,5.211063,0.180546,13.542008,False,False,False
VA659_SB,AM,435,39.275126,32.683440,0.935680,15,44.518708,1.000000,3,44.113415,1.000000,3,07:15,5.243581,4.838288,0.405293,13.350897,False,False,False
VA659_SB,AM,450,38.035564,32.683440,1.000000,16,44.167988,1.000000,3,43.662021,1.000000,3,07:30,6.132424,5.626457,0.505967,16.122869,False,False,False
VA659_SB,AM,465,38.581381,32.683440,1.000000,16,43.827810,1.000000,3,43.433864,1.000000,3,07:45,5.246429,4.852483,0.393946,13.598345,False,False,False
VA659_SB,AM,480,38.798619,32.683440,1.000000,16,39.528167,1.000000,3,39.350203,1.000000,3,08:00,0.729548,0.551584,0.177963,1.880344,False,False,False
VA659_SB,AM,495,38.937736,32.683440,0.998548,15,43.200252,1.000000,3,42.932874,1.000000,3,08:15,4.262516,3.995138,0.267378,10.947005,False,False,False
VA659_SB,AM,510,39.113195,32.683440,0.998548,15,45.604690,1.000000,3,45.341787,1.000000,3,08:30,6.491495,6.228592,0.262902,16.596687,False,False,False
VA659_SB,AM,525,39.133851,32.683440,1.000000,16,47.485418,1.000000,3,47.870197,1.000000,3,08:45,8.351567,8.736347,-0.384780,21.341031,False,False,False
VA7_EB,AM,360,43.139418,38.887210,0.991405,75,51.307194,1.000000,3,51.586093,1.000000,3,06:00,8.167776,8.446675,-0.278899,18.933441,False,False,False
VA7_EB,AM,375,42.307776,38.887210,0.991405,75,49.948397,1.000000,3,50.696417,1.000000,3,06:15,7.640620,8.388641,-0.748021,18.059612,False,False,False
VA7_EB,AM,390,40.879508,38.887210,1.000000,78,49.033007,1.000000,3,49.630934,1.000000,3,06:30,8.153499,8.751426,-0.597927,19.945198,False,False,False
VA7_EB,AM,405,39.399610,38.887210,1.000000,78,47.786877,1.000000,3,48.016044,1.000000,3,06:45,8.387267,8.616435,-0.229167,21.287691,False,False,False
VA7_EB,AM,420,38.030930,38.887210,1.000000,78,46.670020,1.000000,3,46.587009,1.000000,3,07:00,8.639090,8.556079,0.083011,22.715956,True,False,False
VA7_EB,AM,435,36.386961,38.887210,1.000000,78,45.521328,1.000000,3,45.397146,1.000000,3,07:15,9.134367,9.010185,0.124182,25.103407,True,False,False
VA7_EB,AM,450,35.491612,38.887210,0.912562,74,43.623658,1.000000,3,43.814872,1.000000,3,07:30,8.132046,8.323260,-0.191215,22.912586,True,False,False
VA7_EB,AM,465,33.938833,38.887210,0.865384,71,42.131551,1.000000,3,42.752578,1.000000,3,07:45,8.192718,8.813745,-0.621027,24.139656,True,False,False
VA7_EB,AM,480,33.467443,38.887210,0.952822,75,41.657346,1.000000,3,42.943087,1.000000,3,08:00,8.189903,9.475643,-1.285740,24.471253,True,False,False
VA7_EB,AM,495,33.366822,38.887210,0.942661,77,41.967940,1.000000,3,43.699494,1.000000,3,08:15,8.601119,10.332672,-1.731553,25.777458,True,False,False
VA7_EB,AM,510,34.706465,38.887210,0.910682,74,43.597264,1.000000,3,45.477651,1.000000,3,08:30,8.890798,10.771186,-1.880388,25.617123,True,False,False
VA7_EB,AM,525,36.263728,38.887210,0.968020,75,47.355611,1.000000,3,48.965257,1.000000,3,08:45,11.091884,12.701529,-1.609645,30.586717,True,False,False
VA7_WB,AM,360,41.593509,38.593733,0.939782,74,52.343841,1.000000,3,52.581142,1.000000,3,06:00,10.750332,10.987633,-0.237301,25.846177,False,False,False
VA7_WB,AM,375,41.889652,38.593733,1.000000,75,51.372218,1.000000,3,51.920544,1.000000,3,06:15,9.482566,10.030892,-0.548326,22.637012,False,False,False
VA7_WB,AM,390,41.294673,38.593733,0.998834,74,50.251141,1.000000,3,50.683445,1.000000,3,06:30,8.956468,9.388772,-0.432304,21.689160,False,False,False
VA7_WB,AM,405,40.733059,38.593733,0.998834,74,49.224971,1.000000,3,49.376803,1.000000,3,06:45,8.491912,8.643744,-0.151832,20.847715,False,False,False
VA7_WB,AM,420,39.296095,38.593733,0.939782,74,48.394784,1.000000,3,48.218985,1.000000,3,07:00,9.098689,8.922890,0.175799,23.154181,False,False,False
VA7_WB,AM,435,38.308602,38.593733,0.913415,73,47.640996,1.000000,3,47.288054,1.000000,3,07:15,9.332394,8.979451,0.352943,24.361092,True,False,False
VA7_WB,AM,450,37.840551,38.593733,0.958997,73,46.064601,1.000000,3,45.756163,1.000000,3,07:30,8.224050,7.915612,0.308438,21.733431,True,False,False
VA7_WB,AM,465,37.267056,38.593733,0.985364,74,45.607794,1.000000,3,45.407768,1.000000,3,07:45,8.340738,8.140712,0.200026,22.380996,True,False,False
VA7_WB,AM,480,37.268262,38.593733,0.997887,73,44.974684,1.000000,3,44.808320,1.000000,3,08:00,7.706421,7.540058,0.166364,20.678242,True,False,False
VA7_WB,AM,495,38.761726,38.593733,0.960357,71,46.170941,1.000000,3,46.429482,1.000000,3,08:15,7.409215,7.667756,-0.258541,19.114771,False,False,False
VA7_WB,AM,510,38.638532,38.593733,0.962469,73,47.127224,1.000000,3,47.853417,1.000000,3,08:30,8.488692,9.214885,-0.726193,21.969500,False,False,False
VA7_WB,AM,525,37.642610,38.593733,0.993855,74,49.853711,1.000000,3,50.444841,1.000000,3,08:45,12.211101,12.802231,-0.591130,32.439571,True,False,False
I395HOV_NB,MD,540,66.104215,48.976368,1.000000,27,73.950759,1.000000,3,74.022538,1.000000,3,09:00,7.846544,7.918323,-0.071779,11.869960,False,False,False
I395HOV_NB,MD,555,67.054797,48.976368,0.988711,26,73.708351,1.000000,3,73.945726,1.000000,3,09:15,6.653554,6.890929,-0.237375,9.922563,False,False,False
I395HOV_NB,MD,570,67.640826,48.976368,0.988711,26,73.465232,1.000000,3,73.786877,1.000000,3,09:30,5.824406,6.146051,-0.321645,8.610785,False,False,False
I395HOV_NB,MD,585,68.430301,48.976368,1.000000,27,73.221403,1.000000,3,73.558237,1.000000,3,09:45,4.791102,5.127936,-0.336834,7.001434,False,False,False
I395HOV_NB,MD,600,68.487138,48.976368,1.000000,27,72.976595,1.000000,3,73.272116,1.000000,3,10:00,4.489458,4.784978,-0.295521,6.555184,False,False,False
I395HOV_NB,MD,615,68.045260,48.976368,1.000000,27,72.731057,1.000000,3,72.941021,1.000000,3,10:15,4.685797,4.895761,-0.209964,6.886295,False,False,False
I395HOV_NB,MD,630,68.059022,48.976368,0.982353,26,72.484646,1.000000,3,72.577720,1.000000,3,10:30,4.425623,4.518698,-0.093074,6.502626,False,False,False
I395HOV_NB,MD,645,68.076734,48.976368,0.982353,26,72.179941,1.000000,3,72.119837,1.000000,3,10:45,4.103207,4.043102,0.060105,6.027326,False,False,False
I395HOV_NB,MD,660,67.714965,48.976368,1.000000,27,71.995382,1.000000,3,71.803681,1.000000,3,11:00,4.280417,4.088716,0.191701,6.321228,False,False,False
I395HOV_NB,MD,675,67.422785,48.976368,1.000000,27,71.704618,1.000000,3,71.374337,1.000000,3,11:15,4.281833,3.951552,0.330281,6.350721,False,False,False
I395HOV_NB,MD,690,66.303167,48.976368,1.000000,27,71.364200,1.000000,3,70.879061,1.000000,3,11:30,5.061033,4.575894,0.485139,7.633170,False,False,False
I395HOV_NB,MD,705,63.817877,48.976368,1.000000,27,71.307224,1.000000,3,70.667870,1.000000,3,11:45,7.489348,6.849994,0.639354,11.735501,False,False,False
I395HOV_NB,MD,720,58.436671,48.976368,1.000000,27,71.083232,1.000000,3,70.311507,1.000000,3,12:00,12.646561,11.874836,0.771725,21.641481,False,False,False
I395HOV_NB,MD,735,55.651547,48.976368,0.998496,26,70.593695,1.000000,3,69.710414,1.000000,3,12:15,14.942148,14.058867,0.883281,26.849475,False,False,False
I395HOV_NB,MD,750,55.469532,48.976368,0.998496,26,70.725722,1.000000,3,69.748197,1.000000,3,12:30,15.256190,14.278665,0.977526,27.503730,False,False,False
I395HOV_NB,MD,765,55.318445,48.976368,1.000000,27,70.560279,1.000000,3,69.527750,1.000000,3,12:45,15.241834,14.209306,1.032528,27.552897,False,False,False
I395HOV_NB,MD,780,53.508555,48.976368,0.939271,25,69.655654,1.000000,3,68.526830,1.000000,3,13:00,16.147098,15.018275,1.128824,30.176666,False,False,False
I395HOV_NB,MD,795,53.571365,48.976368,0.939271,25,69.736296,1.000000,3,68.680972,1.000000,3,13:15,16.164931,15.109607,1.055324,30.174573,False,False,False
I395HOV_NB,MD,810,53.589976,48.976368,1.000000,27,69.856379,1.000000,3,68.712373,1.000000,3,13:30,16.266403,15.122397,1.144006,30.353443,False,False,False
I395HOV_NB,MD,825,53.312353,48.976368,1.000000,27,70.297771,1.000000,3,69.412216,1.000000,3,13:45,16.985418,16.099863,0.885555,31.860192,False,False,False
I395HOV_NB,MD,840,52.184506,48.976368,0.937486,26,70.209996,1.000000,3,69.573192,1.000000,3,14:00,18.025491,17.388687,0.636804,34.541844,False,False,False
I395HOV_NB,MD,855,51.720211,48.976368,0.937486,26,67.382985,1.000000,3,66.738080,1.000000,3,14:15,15.662774,15.017869,0.644905,30.283661,False,False,False
I395HOV_NB,MD,870,51.736452,48.976368,1.000000,27,70.727341,1.000000,3,70.257299,1.000000,3,14:30,18.990890,18.520848,0.470042,36.706982,False,False,False
I395HOV_NB,MD,885,51.551846,48.976368,1.000000,27,71.896223,1.000000,3,71.880463,1.000000,3,14:45,20.344377,20.328617,0.015760,39.463915,False,False,False
I395HOV_SB,MD,540,58.656096,48.432706,0.992817,26,73.885842,1.000000,3,73.909807,1.000000,3,09:00,15.229746,15.253711,-0.023965,25.964473,False,False,False
I395HOV_SB,MD,555,58.505127,48.432706,0.992817,26,72.525081,1.000000,3,72.391034,1.000000,3,09:15,14.019954,13.885907,0.134047,23.963633,False,False,False
I395HOV_SB,MD,570,57.872708,48.432706,1.000000,27,72.199889,1.000000,3,71.998919,1.000000,3,09:30,14.327181,14.126211,0.200970,24.756369,False,False,False
I395HOV_SB,MD,585,57.195854,48.432706,1.000000,27,72.297054,1.000000,3,72.026725,1.000000,3,09:45,15.101201,14.830872,0.270329,26.402615,False,False,False
I395HOV_SB,MD,600,56.770016,48.432706,0.998495,26,71.595427,1.000000,3,71.330959,1.000000,3,10:00,14.825411,14.560943,0.264468,26.114861,False,False,False
I395HOV_SB,MD,615,56.835558,48.432706,0.998495,26,72.556150,1.000000,3,72.215071,1.000000,3,10:15,15.720592,15.379513,0.341079,27.659783,False,False,False
I395HOV_SB,MD,630,57.126012,48.432706,1.000000,27,72.111463,1.000000,3,71.747872,1.000000,3,10:30,14.985451,14.621860,0.363591,26.232273,False,False,False
I395HOV_SB,MD,645,57.550034,48.432706,1.000000,27,72.475782,1.000000,3,72.068442,1.000000,3,10:45,14.925747,14.518408,0.407339,25.935253,False,False,False
I395HOV_SB,MD,660,59.126925,48.432706,1.000000,27,72.187618,1.000000,3,71.698252,1.000000,3,11:00,13.060693,12.571327,0.489366,22.089247,False,False,False
I395HOV_SB,MD,675,59.643459,48.432706,1.000000,27,72.442091,1.000000,3,72.000448,1.000000,3,11:15,12.798632,12.356989,0.441643,21.458568,False,False,False
I395HOV_SB,MD,690,60.523121,48.432706,1.000000,27,72.428592,1.000000,3,71.991319,1.000000,3,11:30,11.905471,11.468198,0.437273,19.670947,False,False,False
I395HOV_SB,MD,705,61.507787,48.432706,1.000000,27,72.247927,1.000000,3,71.832249,1.000000,3,11:45,10.740140,10.324462,0.415678,17.461432,False,False,False
I395HOV_SB,MD,720,63.156360,48.432706,1.000000,27,72.417300,1.000000,3,72.023096,1.000000,3,12:00,9.260939,8.866735,0.394204,14.663510,False,False,False
I395HOV_SB,MD,735,65.005202,48.432706,1.000000,27,72.082030,1.000000,3,71.714050,1.000000,3,12:15,7.076829,6.708849,0.367980,10.886557,False,False,False
I395HOV_SB,MD,750,66.299463,48.432706,1.000000,27,72.295931,1.000000,3,71.925159,1.000000,3,12:30,5.996468,5.625696,0.370773,9.044520,False,False,False
I395HOV_SB,MD,765,66.727301,48.432706,0.999260,26,72.485771,1.000000,3,72.189575,1.000000,3,12:45,5.758469,5.462273,0.296196,8.629855,False,False,False
I395HOV_SB,MD,780,66.842950,48.432706,0.999260,26,72.534882,1.000000,3,72.280332,1.000000,3,13:00,5.691932,5.437382,0.254549,8.515381,False,False,False
I395HOV_SB,MD,795,66.536125,48.432706,1.000000,27,72.582786,1.000000,3,72.384804,1.000000,3,13:15,6.046661,5.848679,0.197981,9.087786,False,False,False
I395HOV_SB,MD,810,67.440076,48.432706,1.000000,27,72.629267,1.000000,3,72.496778,1.000000,3,13:30,5.189190,5.056701,0.132489,7.694520,False,False,False
I395HOV_SB,MD,825,67.415386,48.432706,1.000000,27,72.674452,1.000000,3,72.610317,1.000000,3,13:45,5.259067,5.194931,0.064136,7.800989,False,False,False
I395HOV_SB,MD,840,67.048245,48.432706,0.952175,26,72.718083,1.000000,3,72.719792,1.000000,3,14:00,5.669838,5.671547,-0.001709,8.456356,False,False,False
I395HOV_SB,MD,855,67.676702,48.432706,0.952175,26,72.754056,1.000000,3,72.813892,1.000000,3,14:15,5.077354,5.137190,-0.059836,7.502366,False,False,False
I395HOV_SB,MD,870,68.257220,48.432706,0.990119,26,72.434646,1.000000,3,72.503429,1.000000,3,14:30,4.177426,4.246208,-0.068782,6.120123,False,False,False
I395HOV_SB,MD,885,68.363465,48.432706,0.990119,26,72.092676,1.000000,3,72.158985,1.000000,3,14:45,3.729211,3.795520,-0.066309,5.454977,False,False,False
I395_NB,MD,540,36.700119,45.348014,1.000000,23,58.757214,1.000000,3,59.191014,1.000000,3,09:00,22.057094,22.490894,-0.433800,60.100879,True,False,False
I395_NB,MD,555,41.512906,45.348014,1.000000,23,56.883410,1.000000,3,57.433287,1.000000,3,09:15,15.370504,15.920381,-0.549877,37.025844,True,False,False
I395_NB,MD,570,44.269235,45.348014,1.000000,23,56.341001,1.000000,3,56.896028,1.000000,3,09:30,12.071767,12.626793,-0.555026,27.268976,True,False,False
I395_NB,MD,585,46.436317,45.348014,1.000000,23,56.323894,1.000000,3,56.721159,1.000000,3,09:45,9.887577,10.284843,-0.397265,21.292768,False,False,False
I395_NB,MD,600,49.556587,45.348014,0.945935,22,56.906998,1.000000,3,57.026375,1.000000,3,10:00,7.350412,7.469788,-0.119377,14.832360,False,False,False
I395_NB,MD,615,52.454366,45.348014,0.945935,22,56.866548,1.000000,3,56.712407,1.000000,3,10:15,4.412182,4.258040,0.154141,8.411467,False,False,False
I395_NB,MD,630,54.119337,45.348014,1.000000,23,56.574530,1.000000,3,56.271070,1.000000,3,10:30,2.455193,2.151733,0.303460,4.536627,False,False,False
I395_NB,MD,645,54.546709,45.348014,1.000000,23,56.287659,1.000000,3,56.017821,1.000000,3,10:45,1.740950,1.471112,0.269838,3.191668,False,False,False
I395_NB,MD,660,55.802893,45.348014,1.000000,23,55.666368,1.000000,3,55.556670,1.000000,3,11:00,-0.136525,-0.246223,0.109698,0.244656,False,False,False
I395_NB,MD,675,55.969743,45.348014,1.000000,23,55.134986,1.000000,3,55.061463,1.000000,3,11:15,-0.834757,-0.908280,0.073523,1.491443,False,False,False
I395_NB,MD,690,55.642447,45.348014,1.000000,23,56.214800,1.000000,3,56.215034,1.000000,3,11:30,0.572353,0.572587,-0.000234,1.028627,False,False,False
I395_NB,MD,705,55.288602,45.348014,1.000000,23,56.837296,1.000000,3,56.799440,1.000000,3,11:45,1.548694,1.510838,0.037856,2.801110,False,False,False
I395_NB,MD,720,55.977953,45.348014,1.000000,23,57.299905,1.000000,3,57.274174,1.000000,3,12:00,1.321951,1.296221,0.025731,2.361557,False,False,False
I395_NB,MD,735,55.878838,45.348014,1.000000,23,57.870006,1.000000,3,57.904414,1.000000,3,12:15,1.991167,2.025575,-0.034408,3.563366,False,False,False
I395_NB,MD,750,55.467277,45.348014,1.000000,23,58.614060,1.000000,3,58.733884,1.000000,3,12:30,3.146782,3.266607,-0.119825,5.673223,False,False,False
I395_NB,MD,765,55.727127,45.348014,1.000000,23,59.180887,1.000000,3,59.413116,1.000000,3,12:45,3.453760,3.685989,-0.232229,6.197628,False,False,False
I395_NB,MD,780,55.336911,45.348014,0.914724,22,59.694352,1.000000,3,60.083543,1.000000,3,13:00,4.357441,4.746631,-0.389190,7.874384,False,False,False
I395_NB,MD,795,54.772011,45.348014,0.914724,22,60.298899,1.000000,3,60.861059,1.000000,3,13:15,5.526887,6.089048,-0.562161,10.090715,False,False,False
I395_NB,MD,810,55.206917,45.348014,1.000000,23,60.857682,1.000000,3,61.580039,1.000000,3,13:30,5.650765,6.373122,-0.722357,10.235610,False,False,False
I395_NB,MD,825,55.223508,45.348014,1.000000,23,61.415134,1.000000,3,62.255643,1.000000,3,13:45,6.191626,7.032135,-0.840509,11.211939,False,False,False
I395_NB,MD,840,54.531231,45.348014,1.000000,23,61.970881,1.000000,3,62.858263,1.000000,3,14:00,7.439649,8.327031,-0.887382,13.642915,False,False,False
I395_NB,MD,855,51.603516,45.348014,1.000000,23,62.525210,1.000000,3,63.359346,1.000000,3,14:15,10.921694,11.755830,-0.834136,21.164633,False,False,False
I395_NB,MD,870,49.585785,45.348014,1.000000,23,63.078158,1.000000,3,63.731171,1.000000,3,14:30,13.492373,14.145386,-0.653013,27.210163,False,False,False
I395_NB,MD,885,47.464070,45.348014,1.000000,23,63.629862,1.000000,3,63.946423,1.000000,3,14:45,16.165792,16.482353,-0.316561,34.059009,False,False,False
I395_SB,MD,540,60.573714,44.400915,1.000000,23,67.181888,1.000000,3,67.281305,1.000000,3,09:00,6.608174,6.707591,-0.099417,10.909310,False,False,False
I395_SB,MD,555,60.270933,44.400915,1.000000,23,66.256277,1.000000,3,66.553896,1.000000,3,09:15,5.985344,6.282963,-0.297619,9.930730,False,False,False
I395_SB,MD,570,60.085560,44.400915,1.000000,23,66.244653,1.000000,3,66.744181,1.000000,3,09:30,6.159092,6.658620,-0.499528,10.250537,False,False,False
I395_SB,MD,585,59.981367,44.400915,0.950745,22,65.898681,1.000000,3,66.456675,1.000000,3,09:45,5.917314,6.475309,-0.557994,9.865254,False,False,False
I395_SB,MD,600,60.081121,44.400915,0.950745,22,65.493343,1.000000,3,66.032336,1.000000,3,10:00,5.412223,5.951215,-0.538992,9.008192,False,False,False
I395_SB,MD,615,60.004822,44.400915,1.000000,23,65.085889,1.000000,3,65.552860,1.000000,3,10:15,5.081066,5.548038,-0.466971,8.467763,False,False,False
I395_SB,MD,630,59.827650,44.400915,1.000000,23,64.676418,1.000000,3,65.042349,1.000000,3,10:30,4.848768,5.214698,-0.365930,8.104560,False,False,False
I395_SB,MD,645,59.815461,44.400915,1.000000,23,64.264644,1.000000,3,64.525836,1.000000,3,10:45,4.449184,4.710376,-0.261192,7.438184,False,False,False
I395_SB,MD,660,59.911683,44.400915,1.000000,23,63.745738,1.000000,3,63.871761,1.000000,3,11:00,3.834055,3.960078,-0.126023,6.399511,False,False,False
I395_SB,MD,675,59.409712,44.400915,0.992736,22,63.447417,1.000000,3,63.570936,1.000000,3,11:15,4.037705,4.161224,-0.123519,6.796372,False,False,False
I395_SB,MD,690,59.597362,44.400915,0.992736,22,62.561851,1.000000,3,62.708232,1.000000,3,11:30,2.964489,3.110870,-0.146382,4.974194,False,False,False
I395_SB,MD,705,59.492354,44.400915,1.000000,23,61.598564,1.000000,3,61.750741,1.000000,3,11:45,2.106210,2.258386,-0.152176,3.540304,False,False,False
I395_SB,MD,720,59.522793,44.400915,1.000000,23,62.429949,1.000000,3,62.411827,1.000000,3,12:00,2.907155,2.889034,0.018121,4.884104,False,False,False
I395_SB,MD,735,59.095301,44.400915,1.000000,23,62.184263,1.000000,3,62.043624,1.000000,3,12:15,3.088963,2.948323,0.140640,5.227087,False,False,False
I395_SB,MD,750,59.099296,44.400915,1.000000,23,62.002337,1.000000,3,61.790101,1.000000,3,12:30,2.903041,2.690805,0.212236,4.912141,False,False,False
I395_SB,MD,765,58.842550,44.400915,1.000000,23,61.843599,1.000000,3,61.620504,1.000000,3,12:45,3.001049,2.777955,0.223095,5.100135,False,False,False
I395_SB,MD,780,59.082476,44.400915,1.000000,23,62.183182,1.000000,3,61.950348,1.000000,3,13:00,3.100706,2.867872,0.232834,5.248098,False,False,False
I395_SB,MD,795,58.200469,44.400915,1.000000,23,62.056205,1.000000,3,61.878065,1.000000,3,13:15,3.855737,3.677597,0.178140,6.624924,False,False,False
I395_SB,MD,810,57.734740,44.400915,1.000000,23,61.634398,1.000000,3,61.538607,1.000000,3,13:30,3.899658,3.803867,0.095791,6.754440,False,False,False
I395_SB,MD,825,57.338773,44.400915,1.000000,23,62.187045,1.000000,3,62.211246,1.000000,3,13:45,4.848272,4.872474,-0.024201,8.455487,False,False,False
I395_SB,MD,840,57.245526,44.400915,1.000000,23,62.353095,1.000000,3,62.472583,1.000000,3,14:00,5.107569,5.227057,-0.119489,8.922215,False,False,False
I395_SB,MD,855,54.745955,44.400915,1.000000,23,62.408659,1.000000,3,62.728953,1.000000,3,14:15,7.662704,7.982999,-0.320295,13.996841,False,False,False
I395_SB,MD,870,52.665260,44.400915,1.000000,23,61.257499,1.000000,3,61.722322,1.000000,3,14:30,8.592239,9.057063,-0.464824,16.314813,False,False,False
I395_SB,MD,885,50.308162,44.400915,1.000000,23,61.041255,1.000000,3,61.447863,1.000000,3,14:45,10.733093,11.139701,-0.406608,21.334695,False,False,False
I495_CCW,MD,540,56.089150,46.409482,1.000000,31,65.442068,1.000000,3,65.630813,1.000000,3,09:00,9.352917,9.541662,-0.188745,16.675092,False,False,False
I495_CCW,MD,555,57.026128,46.409482,0.954395,30,65.341729,1.000000,3,65.801935,1.000000,3,09:15,8.315601,8.775807,-0.460206,14.582089,False,False,False
I495_CCW,MD,570,57.462877,46.409482,0.954395,30,64.479571,1.000000,3,64.991855,1.000000,3,09:30,7.016694,7.528978,-0.512284,12.210829,False,False,False
I495_CCW,MD,585,58.635596,46.409482,1.000000,31,63.463610,1.000000,3,63.968295,1.000000,3,09:45,4.828014,5.332699,-0.504685,8.233930,False,False,False
I495_CCW,MD,600,59.297915,46.409482,1.000000,31,62.995077,1.000000,3,63.413649,1.000000,3,10:00,3.697162,4.115734,-0.418572,6.234894,False,False,False
I495_CCW,MD,615,59.888037,46.409482,1.000000,31,62.696860,1.000000,3,62.941682,1.000000,3,10:15,2.808822,3.053645,-0.244823,4.690123,False,False,False
I495_CCW,MD,630,60.043211,46.409482,0.965850,30,62.435450,1.000000,3,62.497864,1.000000,3,10:30,2.392239,2.454653,-0.062414,3.984196,False,False,False
I495_CCW,MD,645,59.803364,46.409482,0.915022,29,61.994489,1.000000,3,61.929996,1.000000,3,10:45,2.191126,2.126633,0.064493,3.663884,False,False,False
I495_CCW,MD,660,60.043062,46.409482,0.949172,30,61.327162,1.000000,3,61.155438,1.000000,3,11:00,1.284099,1.112376,0.171723,2.138631,False,False,False
I495_CCW,MD,675,59.860928,46.409482,1.000000,31,60.726968,1.000000,3,60.456413,1.000000,3,11:15,0.866039,0.595485,0.270555,1.446752,False,False,False
I495_CCW,MD,690,59.675294,46.409482,1.000000,31,60.819108,1.000000,3,60.511808,1.000000,3,11:30,1.143814,0.836514,0.307299,1.916729,False,False,False
I495_CCW,MD,705,59.566519,46.409482,1.000000,31,60.355123,1.000000,3,60.032769,1.000000,3,11:45,0.788605,0.466251,0.322354,1.323906,False,False,False
I495_CCW,MD,720,59.449958,46.409482,1.000000,31,59.291065,1.000000,3,58.945139,1.000000,3,12:00,-0.158894,-0.504819,0.345925,0.267273,False,False,False
I495_CCW,MD,735,58.979253,46.409482,1.000000,31,60.213834,1.000000,3,59.835497,1.000000,3,12:15,1.234581,0.856244,0.378337,2.093246,False,False,False
I495_CCW,MD,750,58.945168,46.409482,1.000000,31,60.203448,1.000000,3,59.703204,1.000000,3,12:30,1.258281,0.758036,0.500245,2.134663,False,False,False
I495_CCW,MD,765,58.803766,46.409482,1.000000,31,60.556028,1.000000,3,59.981242,1.000000,3,12:45,1.752263,1.177477,0.574786,2.979848,False,False,False
I495_CCW,MD,780,58.423405,46.409482,1.000000,31,60.871084,1.000000,3,60.338487,1.000000,3,13:00,2.447678,1.915082,0.532597,4.189551,False,False,False
I495_CCW,MD,795,56.556181,46.409482,1.000000,31,61.062799,1.000000,3,60.641267,1.000000,3,13:15,4.506619,4.085086,0.421533,7.968393,False,False,False
I495_CCW,MD,810,55.165301,46.409482,1.000000,31,61.231910,1.000000,3,61.006671,1.000000,3,13:30,6.066609,5.841369,0.225240,10.997146,False,False,False
I495_CCW,MD,825,53.404332,46.409482,1.000000,31,60.824377,1.000000,3,60.866100,1.000000,3,13:45,7.420045,7.461768,-0.041723,13.894089,False,False,False
I495_CCW,MD,840,51.071323,46.409482,1.000000,31,60.636102,1.000000,3,60.869061,1.000000,3,14:00,9.564778,9.797737,-0.232959,18.728276,False,False,False
I495_CCW,MD,855,45.582541,46.409482,1.000000,31,60.553382,1.000000,3,60.854981,1.000000,3,14:15,14.970841,15.272440,-0.301599,32.843366,True,False,False
I495_CCW,MD,870,40.203062,46.409482,1.000000,31,61.947591,1.000000,3,62.211504,1.000000,3,14:30,21.744529,22.008442,-0.263913,54.086748,True,False,False
I495_CCW,MD,885,35.371743,46.409482,1.000000,31,64.782345,1.000000,3,65.111096,1.000000,3,14:45,29.410602,29.739353,-0.328751,83.147165,True,False,False
I495_CW,MD,540,44.300409,46.091567,0.924229,29,63.915494,1.000000,3,64.151529,1.000000,3,09:00,19.615086,19.851121,-0.236035,44.277438,True,False,False
I495_CW,MD,555,45.163186,46.091567,1.000000,31,62.226185,1.000000,3,62.807426,1.000000,3,09:15,17.062999,17.644240,-0.581241,37.780768,True,False,False
I495_CW,MD,570,45.037441,46.091567,1.000000,31,62.440807,1.000000,3,63.039266,1.000000,3,09:30,17.403366,18.001825,-0.598459,38.641995,True,False,False
I495_CW,MD,585,45.461735,46.091567,1.000000,31,62.071507,1.000000,3,62.438068,1.000000,3,09:45,16.609772,16.976333,-0.366561,36.535720,True,False,False
I495_CW,MD,600,47.053298,46.091567,1.000000,31,61.403450,1.000000,3,61.519507,1.000000,3,10:00,14.350152,14.466209,-0.116057,30.497653,False,False,False
I495_CW,MD,615,48.545855,46.091567,1.000000,31,60.444070,1.000000,3,60.277562,1.000000,3,10:15,11.898215,11.731708,0.166507,24.509229,False,False,False
I495_CW,MD,630,49.265938,46.091567,1.000000,31,60.197085,1.000000,3,59.793262,1.000000,3,10:30,10.931147,10.527324,0.403822,22.188042,False,False,False
I495_CW,MD,645,49.608864,46.091567,1.000000,31,59.862286,1.000000,3,59.311353,1.000000,3,10:45,10.253422,9.702488,0.550933,20.668528,False,False,False
I495_CW,MD,660,51.444594,46.091567,0.974963,30,58.856154,1.000000,3,58.290444,1.000000,3,11:00,7.411560,6.845850,0.565710,14.406878,False,False,False
I495_CW,MD,675,52.096325,46.091567,0.974963,30,58.346065,1.000000,3,57.783165,1.000000,3,11:15,6.249740,5.686840,0.562900,11.996508,False,False,False
I495_CW,MD,690,52.432364,46.091567,1.000000,31,58.132896,1.000000,3,57.649344,1.000000,3,11:30,5.700533,5.216980,0.483552,10.872164,False,False,False
I495_CW,MD,705,52.661348,46.091567,1.000000,31,57.977828,1.000000,3,57.585055,1.000000,3,11:45,5.316480,4.923707,0.392774,10.095603,False,False,False
I495_CW,MD,720,52.969023,46.091567,1.000000,31,57.471290,1.000000,3,57.117003,1.000000,3,12:00,4.502267,4.147980,0.354287,8.499811,False,False,False
I495_CW,MD,735,51.653590,46.091567,1.000000,31,58.022496,1.000000,3,57.628907,1.000000,3,12:15,6.368906,5.975317,0.393589,12.330036,False,False,False
I495_CW,MD,750,50.081850,46.091567,0.955542,30,59.442009,1.000000,3,58.986700,1.000000,3,12:30,9.360159,8.904850,0.455309,18.689723,False,False,False
I495_CW,MD,765,49.628168,46.091567,0.955542,30,60.007853,1.000000,3,59.558236,1.000000,3,12:45,10.379686,9.930069,0.449617,20.914908,False,False,False
I495_CW,MD,780,50.146224,46.091567,1.000000,31,60.535043,1.000000,3,60.169872,1.000000,3,13:00,10.388818,10.023648,0.365170,20.717050,False,False,False
I495_CW,MD,795,49.497911,46.091567,1.000000,31,60.955217,1.000000,3,60.785210,1.000000,3,13:15,11.457307,11.287299,0.170007,23.147051,False,False,False
I495_CW,MD,810,49.120626,46.091567,1.000000,31,61.940158,1.000000,3,62.021021,1.000000,3,13:30,12.819532,12.900395,-0.080863,26.098064,False,False,False
I495_CW,MD,825,48.081599,46.091567,1.000000,31,62.675955,1.000000,3,62.965678,1.000000,3,13:45,14.594357,14.884079,-0.289723,30.353310,False,False,False
I495_CW,MD,840,46.421759,46.091567,1.000000,31,62.893022,1.000000,3,63.442623,1.000000,3,14:00,16.471263,17.020865,-0.549602,35.481773,False,False,False
I495_CW,MD,855,45.320213,46.091567,1.000000,31,63.908624,1.000000,3,64.570288,1.000000,3,14:15,18.588410,19.250074,-0.661664,41.015716,True,False,False
I495_CW,MD,870,43.603315,46.091567,1.000000,31,65.174468,1.000000,3,65.761305,1.000000,3,14:30,21.571153,22.157990,-0.586837,49.471360,True,False,False
I495_CW,MD,885,39.400805,46.091567,0.957888,30,66.287663,1.000000,3,66.716172,1.000000,3,14:45,26.886858,27.315367,-0.428509,68.239362,True,False,False
I495_NB,MD,540,61.734952,48.990485,0.944034,16,66.210530,1.000000,3,66.438166,1.000000,3,09:00,4.475578,4.703214,-0.227636,7.249667,False,False,False
I495_NB,MD,555,61.596097,48.990485,0.967741,16,63.833037,1.000000,3,64.103083,1.000000,3,09:15,2.236940,2.506985,-0.270045,3.631626,False,False,False
I495_NB,MD,570,61.202986,48.990485,0.967741,16,63.618255,1.000000,3,63.548403,1.000000,3,09:30,2.415269,2.345416,0.069852,3.946325,False,False,False
I495_NB,MD,585,61.392540,48.990485,1.000000,17,61.143235,1.000000,3,60.908389,1.000000,3,09:45,-0.249305,-0.484152,0.234846,0.406084,False,False,False
I495_NB,MD,600,61.679710,48.990485,1.000000,17,62.234655,1.000000,3,61.914945,1.000000,3,10:00,0.554945,0.235235,0.319710,0.899721,False,False,False
I495_NB,MD,615,62.853766,48.990485,0.897694,15,61.413045,1.000000,3,60.972634,1.000000,3,10:15,-1.440721,-1.881133,0.440412,2.292179,False,False,False
I495_NB,MD,630,62.689142,48.990485,0.897694,15,61.857214,1.000000,3,61.267247,1.000000,3,10:30,-0.831928,-1.421895,0.589966,1.327069,False,False,False
I495_NB,MD,645,62.951566,48.990485,1.000000,17,62.017438,1.000000,3,61.327011,1.000000,3,10:45,-0.934129,-1.624556,0.690427,1.483885,False,False,False
I495_NB,MD,660,63.594417,48.990485,1.000000,17,61.159763,1.000000,3,60.465399,1.000000,3,11:00,-2.434655,-3.129018,0.694363,3.828410,False,False,False
I495_NB,MD,675,63.620021,48.990485,1.000000,17,61.625984,1.000000,3,60.899663,1.000000,3,11:15,-1.994037,-2.720358,0.726321,3.134291,False,False,False
I495_NB,MD,690,64.048288,48.990485,1.000000,17,62.147240,1.000000,3,61.448657,1.000000,3,11:30,-1.901048,-2.599631,0.698584,2.968147,False,False,False
I495_NB,MD,705,64.039374,48.990485,0.944159,16,62.228490,1.000000,3,61.614608,1.000000,3,11:45,-1.810885,-2.424767,0.613882,2.827767,False,False,False
I495_NB,MD,720,63.849509,48.990485,0.944159,16,61.776340,1.000000,3,61.282049,1.000000,3,12:00,-2.073170,-2.567460,0.494291,3.246963,False,False,False
I495_NB,MD,735,63.129366,48.990485,1.000000,17,62.144368,1.000000,3,61.764660,1.000000,3,12:15,-0.984997,-1.364706,0.379709,1.560283,False,False,False
I495_NB,MD,750,62.864570,48.990485,1.000000,17,63.217202,1.000000,3,62.902745,1.000000,3,12:30,0.352632,0.038175,0.314457,0.560939,False,False,False
I495_NB,MD,765,62.293914,48.990485,1.000000,17,63.642033,1.000000,3,63.422074,1.000000,3,12:45,1.348119,1.128159,0.219959,2.164126,False,False,False
I495_NB,MD,780,62.231520,48.990485,1.000000,17,64.137565,1.000000,3,64.079634,1.000000,3,13:00,1.906045,1.848114,0.057931,3.062829,False,False,False
I495_NB,MD,795,62.042551,48.990485,1.000000,17,64.333151,1.000000,3,64.464960,1.000000,3,13:15,2.290600,2.422409,-0.131809,3.691982,False,False,False
I495_NB,MD,810,61.307429,48.990485,1.000000,17,65.157462,1.000000,3,65.472281,1.000000,3,13:30,3.850033,4.164851,-0.314818,6.279880,False,False,False
I495_NB,MD,825,60.458895,48.990485,1.000000,17,65.700400,1.000000,3,66.162476,1.000000,3,13:45,5.241505,5.703581,-0.462076,8.669535,False,False,False
I495_NB,MD,840,59.634009,48.990485,1.000000,17,66.242483,1.000000,3,66.832126,1.000000,3,14:00,6.608474,7.198117,-0.589643,11.081721,False,False,False
I495_NB,MD,855,56.911569,48.990485,1.000000,17,66.692034,1.000000,3,67.332764,1.000000,3,14:15,9.780465,10.421195,-0.640730,17.185372,False,False,False
I495_NB,MD,870,55.171305,48.990485,1.000000,17,67.217874,1.000000,3,67.773374,1.000000,3,14:30,12.046569,12.602068,-0.555500,21.834844,False,False,False
I495_NB,MD,885,55.775107,48.990485,1.000000,17,67.537371,1.000000,3,67.827917,1.000000,3,14:45,11.762264,12.052809,-0.290546,21.088734,False,False,False
I495_SB,MD,540,68.723057,49.363699,1.000000,17,68.785289,1.000000,3,68.967690,1.000000,3,09:00,0.062232,0.244633,-0.182400,0.090555,False,False,False
I495_SB,MD,555,68.657156,49.363699,1.000000,17,68.160650,1.000000,3,68.750270,1.000000,3,09:15,-0.496506,0.093113,-0.589620,0.723168,False,False,False
I495_SB,MD,570,68.558802,49.363699,1.000000,17,67.534134,1.000000,3,68.307986,1.000000,3,09:30,-1.024668,-0.250816,-0.773852,1.494583,False,False,False
I495_SB,MD,585,68.797014,49.363699,1.000000,17,66.905429,1.000000,3,67.684290,1.000000,3,09:45,-1.891585,-1.112724,-0.778862,2.749517,False,False,False
I495_SB,MD,600,68.922895,49.363699,1.000000,17,66.274754,1.000000,3,66.922749,1.000000,3,10:00,-2.648142,-2.000146,-0.647996,3.842180,False,False,False
I495_SB,MD,615,68.798718,49.363699,1.000000,17,65.641936,1.000000,3,66.067533,1.000000,3,10:15,-3.156781,-2.731184,-0.425597,4.588431,False,False,False
I495_SB,MD,630,68.817061,49.363699,1.000000,17,65.006967,1.000000,3,65.163735,1.000000,3,10:30,-3.810094,-3.653326,-0.156768,5.536554,False,False,False
I495_SB,MD,645,68.792153,49.363699,1.000000,17,64.369722,1.000000,3,64.257483,1.000000,3,10:45,-4.422431,-4.534669,0.112239,6.428685,False,False,False
I495_SB,MD,660,68.703171,49.363699,1.000000,17,63.730068,1.000000,3,63.395822,1.000000,3,11:00,-4.973103,-5.307349,0.334247,7.238534,False,False,False
I495_SB,MD,675,68.419628,49.363699,1.000000,17,62.795632,1.000000,3,62.282554,1.000000,3,11:15,-5.623996,-6.137074,0.513078,8.219857,False,False,False
I495_SB,MD,690,68.488103,49.363699,1.000000,17,62.275480,1.000000,3,61.769829,1.000000,3,11:30,-6.212623,-6.718274,0.505651,9.071098,False,False,False
I495_SB,MD,705,68.613556,49.363699,0.950492,16,61.636462,1.000000,3,61.176319,1.000000,3,11:45,-6.977093,-7.437237,0.460143,10.168681,False,False,False
I495_SB,MD,720,68.415269,49.363699,0.950492,16,59.068642,1.000000,3,58.707393,1.000000,3,12:00,-9.346627,-9.707876,0.361248,13.661610,False,False,False
I495_SB,MD,735,68.629323,49.363699,1.000000,17,60.152065,1.000000,3,59.781029,1.000000,3,12:15,-8.477258,-8.848294,0.371036,12.352239,False,False,False
I495_SB,MD,750,68.786295,49.363699,1.000000,17,60.390011,1.000000,3,59.819538,1.000000,3,12:30,-8.396284,-8.966757,0.570473,12.206333,False,False,False
I495_SB,MD,765,68.871680,49.363699,1.000000,17,61.234569,1.000000,3,60.481465,1.000000,3,12:45,-7.637111,-8.390215,0.753104,11.088899,False,False,False
I495_SB,MD,780,68.849413,49.363699,1.000000,17,61.783612,1.000000,3,60.988810,1.000000,3,13:00,-7.065802,-7.860603,0.794802,10.262690,False,False,False
I495_SB,MD,795,68.538212,49.363699,1.000000,17,62.133779,1.000000,3,61.423145,1.000000,3,13:15,-6.404433,-7.115067,0.710634,9.344325,False,False,False
I495_SB,MD,810,68.474597,49.363699,1.000000,17,62.461867,1.000000,3,61.995080,1.000000,3,13:30,-6.012730,-6.479517,0.466787,8.780965,False,False,False
I495_SB,MD,825,68.240652,49.363699,0.929934,16,62.213110,1.000000,3,62.099181,1.000000,3,13:45,-6.027542,-6.141471,0.113929,8.832773,False,False,False
I495_SB,MD,840,67.881005,49.363699,0.929934,16,61.906506,1.000000,3,62.061274,1.000000,3,14:00,-5.974499,-5.819732,-0.154767,8.801430,False,False,False
I495_SB,MD,855,,49.363699,0.757525,16,63.313650,1.000000,3,63.583517,1.000000,3,14:15,,,-0.269867,,,False,False
I495_SB,MD,870,,49.363699,0.757525,16,64.057393,1.000000,3,64.281816,1.000000,3,14:30,,,-0.224423,,,False,False
I495_SB,MD,885,66.810401,49.363699,1.000000,17,66.387166,1.000000,3,66.692740,1.000000,3,14:45,-0.423235,-0.117661,-0.305574,0.633487,False,False,False
I66_EB,MD,540,55.119758,48.167927,0.951617,71,68.978809,1.000000,3,69.240143,1.000000,3,09:00,13.859051,14.120384,-0.261334,25.143526,False,False,False
I66_EB,MD,555,57.406592,48.167927,0.930039,69,67.735266,1.000000,3,68.292500,1.000000,3,09:15,10.328675,10.885908,-0.557233,17.992140,False,False,False
I66_EB,MD,570,60.133682,48.167927,0.935766,68,67.059069,1.000000,3,67.566485,1.000000,3,09:30,6.925387,7.432803,-0.507416,11.516652,False,False,False
I66_EB,MD,585,59.736703,48.167927,0.957344,70,66.398125,1.000000,3,66.805429,1.000000,3,09:45,6.661422,7.068726,-0.407304,11.151305,False,False,False
I66_EB,MD,600,59.162387,48.167927,0.990574,72,65.486410,1.000000,3,65.803977,1.000000,3,10:00,6.324023,6.641590,-0.317567,10.689262,False,False,False
I66_EB,MD,615,60.139706,48.167927,0.990574,72,64.722854,1.000000,3,64.882016,1.000000,3,10:15,4.583148,4.742310,-0.159162,7.620836,False,False,False
I66_EB,MD,630,61.162290,48.167927,0.945228,71,64.964215,1.000000,3,64.930947,1.000000,3,10:30,3.801925,3.768657,0.033268,6.216126,False,False,False
I66_EB,MD,645,61.910567,48.167927,0.945228,71,64.790923,1.000000,3,64.565141,1.000000,3,10:45,2.880356,2.654574,0.225782,4.652447,False,False,False
I66_EB,MD,660,62.364084,48.167927,1.000000,74,64.311320,1.000000,3,64.020408,1.000000,3,11:00,1.947236,1.656324,0.290913,3.122368,False,False,False
I66_EB,MD,675,63.065810,48.167927,1.000000,74,63.702051,1.000000,3,63.446760,1.000000,3,11:15,0.636241,0.380950,0.255292,1.008853,False,False,False
I66_EB,MD,690,63.388242,48.167927,1.000000,74,63.111508,1.000000,3,62.902982,1.000000,3,11:30,-0.276735,-0.485261,0.208526,0.436571,False,False,False
I66_EB,MD,705,63.376553,48.167927,1.000000,74,62.852194,1.000000,3,62.632618,1.000000,3,11:45,-0.524359,-0.743935,0.219576,0.827371,False,False,False
I66_EB,MD,720,63.586327,48.167927,1.000000,74,63.563617,1.000000,3,63.348191,1.000000,3,12:00,-0.022709,-0.238136,0.215426,0.035714,False,False,False
I66_EB,MD,735,63.039311,48.167927,0.918036,73,63.886264,1.000000,3,63.605428,1.000000,3,12:15,0.846952,0.566116,0.280836,1.343530,False,False,False
I66_EB,MD,750,62.344081,48.167927,0.918036,73,64.395191,1.000000,3,64.082328,1.000000,3,12:30,2.051110,1.738247,0.312863,3.289984,False,False,False
I66_EB,MD,765,62.824346,48.167927,1.000000,74,64.776103,1.000000,3,64.480128,1.000000,3,12:45,1.951757,1.655783,0.295974,3.106688,False,False,False
I66_EB,MD,780,62.733678,48.167927,0.995512,73,65.093920,1.000000,3,64.917529,1.000000,3,13:00,2.360242,2.183851,0.176391,3.762320,False,False,False
I66_EB,MD,795,62.311180,48.167927,0.994911,72,65.214795,1.000000,3,65.195390,1.000000,3,13:15,2.903615,2.884210,0.019405,4.659861,False,False,False
I66_EB,MD,810,61.854539,48.167927,0.999399,73,65.531956,1.000000,3,65.693049,1.000000,3,13:30,3.677417,3.838510,-0.161093,5.945266,False,False,False
I66_EB,MD,825,61.228167,48.167927,1.000000,74,66.200877,1.000000,3,66.511080,1.000000,3,13:45,4.972710,5.282913,-0.310203,8.121605,False,False,False
I66_EB,MD,840,60.977429,48.167927,0.994056,73,66.610354,1.000000,3,67.008874,1.000000,3,14:00,5.632925,6.031445,-0.398520,9.237722,False,False,False
I66_EB,MD,855,59.884314,48.167927,0.994056,73,66.937122,1.000000,3,67.404493,1.000000,3,14:15,7.052809,7.520179,-0.467371,11.777389,False,False,False
I66_EB,MD,870,57.955949,48.167927,1.000000,74,67.556971,1.000000,3,68.042389,1.000000,3,14:30,9.601023,10.086441,-0.485418,16.566069,False,False,False
I66_EB,MD,885,57.958845,48.167927,0.948479,71,69.243578,1.000000,3,69.578634,1.000000,3,14:45,11.284732,11.619788,-0.335056,19.470250,False,False,False
I66_WB,MD,540,61.366192,48.014539,1.000000,74,69.751145,1.000000,3,69.879552,1.000000,3,09:00,8.384952,8.513359,-0.128407,13.663798,False,False,False
I66_WB,MD,555,62.428826,48.014539,1.000000,74,69.317369,1.000000,3,69.744728,1.000000,3,09:15,6.888544,7.315902,-0.427358,11.034235,False,False,False
I66_WB,MD,570,63.068912,48.014539,0.991432,73,68.881103,1.000000,3,69.468876,1.000000,3,09:30,5.812191,6.399964,-0.587773,9.215619,False,False,False
I66_WB,MD,585,63.751901,48.014539,0.991432,73,68.442165,1.000000,3,69.076826,1.000000,3,09:45,4.690264,5.324926,-0.634661,7.357058,False,False,False
I66_WB,MD,600,64.270378,48.014539,1.000000,74,68.000719,1.000000,3,68.593514,1.000000,3,10:00,3.730341,4.323136,-0.592796,5.804137,False,False,False
I66_WB,MD,615,64.265962,48.014539,0.963166,73,67.556466,1.000000,3,68.044523,1.000000,3,10:15,3.290504,3.778561,-0.488057,5.120135,False,False,False
I66_WB,MD,630,64.450870,48.014539,0.963166,73,67.109523,1.000000,3,67.456426,1.000000,3,10:30,2.658654,3.005557,-0.346903,4.125086,False,False,False
I66_WB,MD,645,64.555219,48.014539,1.000000,74,66.659794,1.000000,3,66.856909,1.000000,3,10:45,2.104575,2.301690,-0.197115,3.260116,False,False,False
I66_WB,MD,660,64.629900,48.014539,0.986411,73,66.207214,1.000000,3,66.274561,1.000000,3,11:00,1.577315,1.644662,-0.067347,2.440534,False,False,False
I66_WB,MD,675,64.560616,48.014539,0.986411,73,65.409665,1.000000,3,65.402800,1.000000,3,11:15,0.849049,0.842184,0.006866,1.315120,False,False,False
I66_WB,MD,690,64.428624,48.014539,1.000000,74,65.102855,1.000000,3,65.025179,1.000000,3,11:30,0.674231,0.596555,0.077677,1.046478,False,False,False
I66_WB,MD,705,64.279736,48.014539,1.000000,74,64.528513,1.000000,3,64.459179,1.000000,3,11:45,0.248777,0.179443,0.069334,0.387023,False,False,False
I66_WB,MD,720,64.347864,48.014539,0.988480,73,63.609248,1.000000,3,63.419674,1.000000,3,12:00,-0.738616,-0.928189,0.189574,1.147848,False,False,False
I66_WB,MD,735,64.074502,48.014539,0.988480,73,64.253725,1.000000,3,63.954817,1.000000,3,12:15,0.179223,-0.119685,0.298908,0.279710,False,False,False
I66_WB,MD,750,63.634057,48.014539,0.985794,72,64.408132,1.000000,3,63.972938,1.000000,3,12:30,0.774075,0.338881,0.435194,1.216448,False,False,False
I66_WB,MD,765,63.679222,48.014539,0.947171,70,64.211613,1.000000,3,63.710556,1.000000,3,12:45,0.532391,0.031334,0.501057,0.836051,False,False,False
I66_WB,MD,780,63.258750,48.014539,0.961378,72,64.303239,1.000000,3,63.827111,1.000000,3,13:00,1.044489,0.568361,0.476128,1.651137,False,False,False
I66_WB,MD,795,61.854361,48.014539,0.995536,73,64.039725,1.000000,3,63.667976,1.000000,3,13:15,2.185364,1.813616,0.371749,3.533080,False,False,False
I66_WB,MD,810,60.344233,48.014539,0.995536,73,63.587990,1.000000,3,63.366158,1.000000,3,13:30,3.243757,3.021925,0.221832,5.375422,False,False,False
I66_WB,MD,825,58.888961,48.014539,0.998885,73,63.815490,1.000000,3,63.758058,1.000000,3,13:45,4.926529,4.869097,0.057432,8.365793,False,False,False
I66_WB,MD,840,57.723944,48.014539,0.986902,72,63.123863,1.000000,3,63.280249,1.000000,3,14:00,5.399919,5.556306,-0.156387,9.354729,False,False,False
I66_WB,MD,855,55.574090,48.014539,0.975908,72,63.396388,1.000000,3,63.622314,1.000000,3,14:15,7.822297,8.048223,-0.225926,14.075439,False,False,False
I66_WB,MD,870,54.773356,48.014539,0.924512,66,64.672556,1.000000,3,64.879850,1.000000,3,14:30,9.899200,10.106493,-0.207294,18.073020,False,False,False
I66_WB,MD,885,53.216185,48.014539,0.817774,62,67.011062,1.000000,3,67.347280,1.000000,3,14:45,13.794877,14.131095,-0.336218,25.922333,False,False,False
I95HOV_NB,MD,540,,51.257169,0.656679,22,74.851292,1.000000,3,74.984619,1.000000,3,09:00,,,-0.133327,,,False,False
I95HOV_NB,MD,555,,51.257169,0.656679,22,74.404553,1.000000,3,74.851733,1.000000,3,09:15,,,-0.447179,,,False,False
I95HOV_NB,MD,570,72.125634,51.257169,1.000000,24,73.957247,1.000000,3,74.576896,1.000000,3,09:30,1.831613,2.451262,-0.619649,2.539475,False,False,False
I95HOV_NB,MD,585,72.128271,51.257169,1.000000,24,73.509036,1.000000,3,74.181302,1.000000,3,09:45,1.380764,2.053031,-0.672267,1.914317,False,False,False
I95HOV_NB,MD,600,72.008126,51.257169,1.000000,24,73.060159,1.000000,3,73.686108,1.000000,3,10:00,1.052033,1.677982,-0.625949,1.460992,False,False,False
I95HOV_NB,MD,615,71.988159,51.257169,1.000000,24,72.610672,1.000000,3,73.112524,1.000000,3,10:15,0.622513,1.124365,-0.501852,0.864744,False,False,False
I95HOV_NB,MD,630,72.013076,51.257169,1.000000,24,72.160190,1.000000,3,72.481883,1.000000,3,10:30,0.147114,0.468807,-0.321693,0.204288,False,False,False
I95HOV_NB,MD,645,71.950996,51.257169,1.000000,24,71.708957,1.000000,3,71.815681,1.000000,3,10:45,-0.242039,-0.135315,-0.106724,0.336394,False,False,False
I95HOV_NB,MD,660,71.780585,51.257169,1.000000,24,71.257029,1.000000,3,71.135603,1.000000,3,11:00,-0.523556,-0.644982,0.121426,0.729384,False,False,False
I95HOV_NB,MD,675,71.074556,51.257169,1.000000,24,70.804140,1.000000,3,70.463522,1.000000,3,11:15,-0.270415,-0.611034,0.340619,0.380467,False,False,False
I95HOV_NB,MD,690,68.089122,51.257169,1.000000,24,70.350452,1.000000,3,69.821463,1.000000,3,11:30,2.261330,1.732340,0.528989,3.321132,False,False,False
I95HOV_NB,MD,705,62.618170,51.257169,1.000000,24,69.895950,1.000000,3,69.231540,1.000000,3,11:45,7.277781,6.613370,0.664410,11.622474,False,False,False
I95HOV_NB,MD,720,55.476090,51.257169,1.000000,24,69.440492,1.000000,3,68.715853,1.000000,3,12:00,13.964403,13.239764,0.724639,25.171931,False,False,False
I95HOV_NB,MD,735,54.014212,51.257169,1.000000,24,68.745413,1.000000,3,68.058850,1.000000,3,12:15,14.731201,14.044638,0.686563,27.272825,False,False,False
I95HOV_NB,MD,750,53.191123,51.257169,0.984036,23,66.335938,1.000000,3,65.795697,1.000000,3,12:30,13.144814,12.604573,0.540241,24.712421,False,False,False
I95HOV_NB,MD,765,52.603524,51.257169,0.984036,23,67.952974,1.000000,3,67.284130,1.000000,3,12:45,15.349450,14.680607,0.668843,29.179510,False,False,False
I95HOV_NB,MD,780,50.652714,51.257169,1.000000,24,68.148999,1.000000,3,67.442095,1.000000,3,13:00,17.496285,16.789381,0.706904,34.541653,True,False,False
I95HOV_NB,MD,795,49.858811,51.257169,1.000000,24,66.892732,1.000000,3,66.230569,1.000000,3,13:15,17.033921,16.371758,0.662163,34.164315,True,False,False
I95HOV_NB,MD,810,49.244894,51.257169,1.000000,24,67.509985,1.000000,3,66.903223,1.000000,3,13:30,18.265091,17.658330,0.606762,37.090325,True,False,False
I95HOV_NB,MD,825,48.971952,51.257169,1.000000,24,68.555127,1.000000,3,67.921317,1.000000,3,13:45,19.583175,18.949365,0.633810,39.988553,True,False,False
I95HOV_NB,MD,840,,51.257169,0.755508,23,69.498681,1.000000,3,69.043295,1.000000,3,14:00,,,0.455386,,,False,False
I95HOV_NB,MD,855,,51.257169,0.755508,23,70.075424,1.000000,3,69.904245,1.000000,3,14:15,,,0.171179,,,False,False
I95HOV_NB,MD,870,47.898549,51.257169,0.969075,22,72.064731,1.000000,3,72.146912,1.000000,3,14:30,24.166181,24.248363,-0.082181,50.452846,True,False,False
I95HOV_NB,MD,885,47.106977,51.257169,0.929061,21,73.367848,1.000000,3,73.663465,1.000000,3,14:45,26.260871,26.556487,-0.295617,55.747305,True,False,False
I95HOV_SB,MD,540,58.850766,50.737403,0.974387,22,73.890958,1.000000,3,74.372782,1.000000,3,09:00,15.040192,15.522016,-0.481825,25.556492,False,False,False
I95HOV_SB,MD,555,58.882392,50.737403,0.974387,22,71.502899,1.000000,3,72.850869,1.000000,3,09:15,12.620508,13.968478,-1.347970,21.433415,False,False,False
I95HOV_SB,MD,570,58.886390,50.737403,1.000000,24,68.434832,1.000000,3,69.556978,1.000000,3,09:30,9.548442,10.670588,-1.122146,16.215024,False,False,False
I95HOV_SB,MD,585,58.644378,50.737403,1.000000,24,68.924004,1.000000,3,70.618981,1.000000,3,09:45,10.279626,11.974603,-1.694977,17.528749,False,False,False
I95HOV_SB,MD,600,58.434213,50.737403,0.999110,23,69.169477,1.000000,3,70.281510,1.000000,3,10:00,10.735264,11.847297,-1.112033,18.371538,False,False,False
I95HOV_SB,MD,615,58.092196,50.737403,0.999110,23,68.938733,1.000000,3,69.837736,1.000000,3,10:15,10.846537,11.745540,-0.899003,18.671246,False,False,False
I95HOV_SB,MD,630,58.252206,50.737403,0.988215,23,68.786309,1.000000,3,69.606970,1.000000,3,10:30,10.534104,11.354765,-0.820661,18.083614,False,False,False
I95HOV_SB,MD,645,58.098484,50.737403,0.988215,23,68.110887,1.000000,3,68.940573,1.000000,3,10:45,10.012404,10.842089,-0.829685,17.233502,False,False,False
I95HOV_SB,MD,660,61.474689,50.737403,1.000000,24,66.920085,1.000000,3,67.832952,1.000000,3,11:00,5.445396,6.358263,-0.912867,8.857948,False,False,False
I95HOV_SB,MD,675,63.644590,50.737403,0.922781,22,67.102699,1.000000,3,68.238787,1.000000,3,11:15,3.458109,4.594197,-1.136088,5.433469,False,False,False
I95HOV_SB,MD,690,64.529890,50.737403,0.922781,22,68.087199,1.000000,3,69.153518,1.000000,3,11:30,3.557309,4.623628,-1.066320,5.512652,False,False,False
I95HOV_SB,MD,705,65.787687,50.737403,1.000000,24,68.590516,1.000000,3,69.543319,1.000000,3,11:45,2.802829,3.755632,-0.952802,4.260416,False,False,False
I95HOV_SB,MD,720,69.819938,50.737403,1.000000,24,68.859105,1.000000,3,69.792181,1.000000,3,12:00,-0.960832,-0.027756,-0.933076,1.376158,False,False,False
I95HOV_SB,MD,735,71.304974,50.737403,1.000000,24,68.753578,1.000000,3,69.900070,1.000000,3,12:15,-2.551396,-1.404905,-1.146492,3.578147,False,False,False
I95HOV_SB,MD,750,71.528573,50.737403,1.000000,24,68.772672,1.000000,3,69.887436,1.000000,3,12:30,-2.755902,-1.641137,-1.114764,3.852868,False,False,False
I95HOV_SB,MD,765,71.682719,50.737403,1.000000,24,69.668924,1.000000,3,70.854009,1.000000,3,12:45,-2.013794,-0.828710,-1.185084,2.809317,False,False,False
I95HOV_SB,MD,780,71.705796,50.737403,1.000000,24,70.357637,1.000000,3,71.463534,1.000000,3,13:00,-1.348159,-0.242262,-1.105897,1.880125,False,False,False
I95HOV_SB,MD,795,71.661917,50.737403,1.000000,24,70.934199,1.000000,3,72.024679,1.000000,3,13:15,-0.727718,0.362763,-1.090480,1.015487,False,False,False
I95HOV_SB,MD,810,71.854241,50.737403,1.000000,24,71.359490,1.000000,3,72.456439,1.000000,3,13:30,-0.494751,0.602198,-1.096949,0.688548,False,False,False
I95HOV_SB,MD,825,71.750301,50.737403,1.000000,24,72.010192,1.000000,3,73.089705,1.000000,3,13:45,0.259891,1.339404,-1.079513,0.362216,False,False,False
I95HOV_SB,MD,840,71.572535,50.737403,1.000000,24,72.653614,1.000000,3,73.675773,1.000000,3,14:00,1.081079,2.103238,-1.022159,1.510467,False,False,False
I95HOV_SB,MD,855,71.541516,50.737403,0.921730,22,73.095854,1.000000,3,73.990030,1.000000,3,14:15,1.554338,2.448514,-0.894176,2.172638,False,False,False
I95HOV_SB,MD,870,71.672520,50.737403,0.921730,22,73.912327,1.000000,3,74.585354,1.000000,3,14:30,2.239807,2.912834,-0.673027,3.125056,False,False,False
I95HOV_SB,MD,885,71.530190,50.737403,1.000000,24,74.570763,1.000000,3,74.914043,1.000000,3,14:45,3.040573,3.383853,-0.343280,4.250755,False,False,False
I95_NB,MD,540,57.011293,48.657852,0.984636,26,68.856230,1.000000,3,69.111908,1.000000,3,09:00,11.844937,12.100614,-0.255678,20.776474,False,False,False
I95_NB,MD,555,58.514628,48.657852,1.000000,27,67.900696,1.000000,3,68.669421,1.000000,3,09:15,9.386067,10.154793,-0.768726,16.040548,False,False,False
I95_NB,MD,570,58.760381,48.657852,1.000000,27,66.969992,1.000000,3,68.064014,1.000000,3,09:30,8.209610,9.303632,-1.094022,13.971336,False,False,False
I95_NB,MD,585,59.328255,48.657852,1.000000,27,66.025984,1.000000,3,67.223648,1.000000,3,09:45,6.697728,7.895393,-1.197664,11.289272,False,False,False
I95_NB,MD,600,61.553191,48.657852,1.000000,27,65.218117,1.000000,3,66.359632,1.000000,3,10:00,3.664926,4.806441,-1.141515,5.954079,False,False,False
I95_NB,MD,615,62.636540,48.657852,1.000000,27,64.672045,1.000000,3,65.629506,1.000000,3,10:15,2.035505,2.992967,-0.957461,3.249709,False,False,False
I95_NB,MD,630,63.125221,48.657852,1.000000,27,63.911553,1.000000,3,64.600644,1.000000,3,10:30,0.786332,1.475423,-0.689092,1.245670,False,False,False
I95_NB,MD,645,63.556891,48.657852,0.891532,24,63.145814,1.000000,3,63.543334,1.000000,3,10:45,-0.411078,-0.013558,-0.397520,0.646787,False,False,False
I95_NB,MD,660,64.074877,48.657852,0.840370,22,62.374912,1.000000,3,62.503564,1.000000,3,11:00,-1.699965,-1.571313,-0.128652,2.653091,False,False,False
I95_NB,MD,675,62.816347,48.657852,0.948838,25,61.508703,1.000000,3,61.432344,1.000000,3,11:15,-1.307644,-1.384004,0.076359,2.081694,False,False,False
I95_NB,MD,690,60.498566,48.657852,1.000000,27,60.462127,1.000000,3,60.188966,1.000000,3,11:30,-0.036440,-0.309600,0.273161,0.060232,False,False,False
I95_NB,MD,705,59.468385,48.657852,1.000000,27,59.775021,1.000000,3,59.350655,1.000000,3,11:45,0.306635,-0.117730,0.424366,0.515628,False,False,False
I95_NB,MD,720,58.494969,48.657852,1.000000,27,59.154995,1.000000,3,58.594648,1.000000,3,12:00,0.660026,0.099679,0.560347,1.128347,False,False,False
I95_NB,MD,735,57.450016,48.657852,1.000000,27,58.974855,1.000000,3,58.342811,1.000000,3,12:15,1.524839,0.892795,0.632044,2.654201,False,False,False
I95_NB,MD,750,56.291148,48.657852,1.000000,27,58.230998,1.000000,3,57.606435,1.000000,3,12:30,1.939850,1.315288,0.624562,3.446101,False,False,False
I95_NB,MD,765,55.576990,48.657852,1.000000,27,56.825455,1.000000,3,56.206703,1.000000,3,12:45,1.248464,0.629712,0.618752,2.246369,False,False,False
I95_NB,MD,780,55.045808,48.657852,0.915744,26,57.147628,1.000000,3,56.614090,1.000000,3,13:00,2.101820,1.568282,0.533538,3.818310,False,False,False
I95_NB,MD,795,54.407673,48.657852,0.915744,26,57.008377,1.000000,3,56.551735,1.000000,3,13:15,2.600704,2.144062,0.456642,4.780031,False,False,False
I95_NB,MD,810,53.626283,48.657852,1.000000,27,56.969980,1.000000,3,56.572184,1.000000,3,13:30,3.343697,2.945901,0.397796,6.235184,False,False,False
I95_NB,MD,825,53.073304,48.657852,0.922061,26,57.087372,1.000000,3,56.933007,1.000000,3,13:45,4.014067,3.859703,0.154364,7.563251,False,False,False
I95_NB,MD,840,52.671810,48.657852,0.922061,26,56.952648,1.000000,3,56.990855,1.000000,3,14:00,4.280838,4.319046,-0.038207,8.127381,False,False,False
I95_NB,MD,855,52.167230,48.657852,1.000000,27,57.417787,1.000000,3,57.771369,1.000000,3,14:15,5.250557,5.604139,-0.353582,10.064857,False,False,False
I95_NB,MD,870,50.368695,48.657852,0.975565,26,58.249260,1.000000,3,58.806023,1.000000,3,14:30,7.880565,8.437328,-0.556763,15.645759,False,False,False
I95_NB,MD,885,50.983379,48.657852,0.933285,24,62.166782,1.000000,3,62.945073,1.000000,3,14:45,11.183403,11.961693,-0.778290,21.935390,False,False,False
I95_SB,MD,540,62.669278,48.158353,1.000000,27,70.821590,1.000000,3,71.165160,1.000000,3,09:00,8.152312,8.495882,-0.343570,13.008467,False,False,False
I95_SB,MD,555,62.570816,48.158353,0.916678,26,69.571490,1.000000,3,70.578096,1.000000,3,09:15,7.000675,8.007281,-1.006606,11.188402,False,False,False
I95_SB,MD,570,61.214085,48.158353,0.916678,26,68.298294,1.000000,3,69.465425,1.000000,3,09:30,7.084209,8.251340,-1.167131,11.572842,False,False,False
I95_SB,MD,585,59.261503,48.158353,0.929042,26,66.936228,1.000000,3,67.923906,1.000000,3,09:45,7.674725,8.662404,-0.987679,12.950608,False,False,False
I95_SB,MD,600,57.134822,48.158353,0.929042,26,65.874973,1.000000,3,66.487538,1.000000,3,10:00,8.740151,9.352716,-0.612565,15.297414,False,False,False
I95_SB,MD,615,56.150044,48.158353,1.000000,27,64.652058,1.000000,3,64.852799,1.000000,3,10:15,8.502015,8.702756,-0.200741,15.141599,False,False,False
I95_SB,MD,630,54.543913,48.158353,1.000000,27,63.421844,1.000000,3,63.356946,1.000000,3,10:30,8.877931,8.813033,0.064898,16.276667,False,False,False
I95_SB,MD,645,52.015969,48.158353,1.000000,27,61.615904,1.000000,3,61.550134,1.000000,3,10:45,9.599935,9.534165,0.065770,18.455745,False,False,False
I95_SB,MD,660,49.785368,48.158353,1.000000,27,59.866464,1.000000,3,59.891060,1.000000,3,11:00,10.081096,10.105692,-0.024596,20.249115,False,False,False
I95_SB,MD,675,47.811299,48.158353,0.976693,26,58.865332,1.000000,3,59.152281,1.000000,3,11:15,11.054033,11.340981,-0.286948,23.120127,True,False,False
I95_SB,MD,690,47.921892,48.158353,0.895418,24,58.658388,1.000000,3,58.751220,1.000000,3,11:30,10.736496,10.829327,-0.092832,22.404156,True,False,False
I95_SB,MD,705,47.991029,48.158353,0.918725,25,59.364002,1.000000,3,59.184369,1.000000,3,11:45,11.372973,11.193340,0.179633,23.698122,True,False,False
I95_SB,MD,720,49.766008,48.158353,1.000000,27,59.718413,1.000000,3,59.295117,1.000000,3,12:00,9.952406,9.529109,0.423297,19.998401,False,False,False
I95_SB,MD,735,51.205251,48.158353,1.000000,27,59.838383,1.000000,3,59.188602,1.000000,3,12:15,8.633132,7.983351,0.649781,16.859858,False,False,False
I95_SB,MD,750,51.785912,48.158353,1.000000,27,60.456257,1.000000,3,59.749178,1.000000,3,12:30,8.670345,7.963265,0.707079,16.742671,False,False,False
I95_SB,MD,765,51.831951,48.158353,1.000000,27,60.619831,1.000000,3,59.986048,1.000000,3,12:45,8.787881,8.154097,0.633783,16.954563,False,False,False
I95_SB,MD,780,51.867527,48.158353,1.000000,27,60.845705,1.000000,3,60.271285,1.000000,3,13:00,8.978177,8.403758,0.574420,17.309823,False,False,False
I95_SB,MD,795,51.920201,48.158353,1.000000,27,61.739886,1.000000,3,61.283476,1.000000,3,13:15,9.819685,9.363275,0.456411,18.913034,False,False,False
I95_SB,MD,810,51.215070,48.158353,1.000000,27,62.629012,1.000000,3,62.479817,1.000000,3,13:30,11.413942,11.264748,0.149195,22.286297,False,False,False
I95_SB,MD,825,49.928932,48.158353,1.000000,27,63.369840,1.000000,3,63.433729,1.000000,3,13:45,13.440908,13.504797,-0.063889,26.920078,False,False,False
I95_SB,MD,840,48.746615,48.158353,1.000000,27,64.107866,1.000000,3,64.356404,1.000000,3,14:00,15.361251,15.609789,-0.248538,31.512446,False,False,False
I95_SB,MD,855,46.496924,48.158353,1.000000,27,64.855437,1.000000,3,65.342903,1.000000,3,14:15,18.358513,18.845979,-0.487466,39.483285,True,False,False
I95_SB,MD,870,43.488225,48.158353,1.000000,27,65.540798,1.000000,3,66.093072,1.000000,3,14:30,22.052573,22.604847,-0.552274,50.709297,True,False,False
I95_SB,MD,885,41.035229,48.158353,0.973037,26,67.692445,1.000000,3,68.088368,1.000000,3,14:45,26.657216,27.053140,-0.395924,64.961783,True,False,False
US15_NB,MD,540,42.366684,36.128896,1.000000,21,51.554594,1.000000,3,51.679869,1.000000,3,09:00,9.187909,9.313185,-0.125276,21.686637,False,False,False
US15_NB,MD,555,43.374389,36.128896,0.925184,20,51.407419,1.000000,3,51.762271,1.000000,3,09:15,8.033030,8.387882,-0.354852,18.520215,False,False,False
US15_NB,MD,570,43.701135,36.128896,0.925184,20,50.922143,1.000000,3,51.292023,1.000000,3,09:30,7.221008,7.590887,-0.369880,16.523616,False,False,False
US15_NB,MD,585,42.459364,36.128896,0.829089,20,50.495091,1.000000,3,50.737129,1.000000,3,09:45,8.035728,8.277765,-0.242037,18.925691,False,False,False
US15_NB,MD,600,42.631806,36.128896,0.829089,20,50.036619,1.000000,3,50.076889,1.000000,3,10:00,7.404813,7.445084,-0.040271,17.369221,False,False,False
US15_NB,MD,615,43.859910,36.128896,0.904441,20,49.566663,1.000000,3,49.399783,1.000000,3,10:15,5.706752,5.539873,0.166880,13.011318,False,False,False
US15_NB,MD,630,43.887459,36.128896,0.904441,20,48.642434,1.000000,3,48.268315,1.000000,3,10:30,4.754975,4.380856,0.374118,10.834473,False,False,False
US15_NB,MD,645,43.877843,36.128896,1.000000,21,48.771567,1.000000,3,48.234640,1.000000,3,10:45,4.893725,4.356797,0.536927,11.153066,False,False,False
US15_NB,MD,660,43.850115,36.128896,1.000000,21,48.394117,1.000000,3,47.777727,1.000000,3,11:00,4.544002,3.927612,0.616390,10.362576,False,False,False
US15_NB,MD,675,43.691992,36.128896,1.000000,21,47.684320,1.000000,3,47.027855,1.000000,3,11:15,3.992329,3.335863,0.656466,9.137438,False,False,False
US15_NB,MD,690,43.743059,36.128896,1.000000,21,46.562805,1.000000,3,45.941372,1.000000,3,11:30,2.819745,2.198313,0.621432,6.446154,False,False,False
US15_NB,MD,705,43.417267,36.128896,1.000000,21,46.669173,1.000000,3,45.954416,1.000000,3,11:45,3.251906,2.537149,0.714757,7.489890,False,False,False
US15_NB,MD,720,43.130266,36.128896,1.000000,21,47.375160,1.000000,3,46.536978,1.000000,3,12:00,4.244894,3.406711,0.838182,9.842030,False,False,False
US15_NB,MD,735,43.086028,36.128896,1.000000,21,47.852558,1.000000,3,46.919243,1.000000,3,12:15,4.766531,3.833216,0.933315,11.062822,False,False,False
US15_NB,MD,750,42.847508,36.128896,1.000000,21,48.000596,1.000000,3,47.024878,1.000000,3,12:30,5.153089,4.177370,0.975719,12.026577,False,False,False
US15_NB,MD,765,42.513985,36.128896,1.000000,21,48.141588,1.000000,3,47.187521,1.000000,3,12:45,5.627603,4.673536,0.954067,13.237063,False,False,False
US15_NB,MD,780,42.318482,36.128896,1.000000,21,48.232470,1.000000,3,47.365085,1.000000,3,13:00,5.913988,5.046603,0.867386,13.974954,False,False,False
US15_NB,MD,795,41.980642,36.128896,1.000000,21,48.313966,1.000000,3,47.601893,1.000000,3,13:15,6.333324,5.621251,0.712074,15.086296,False,False,False
US15_NB,MD,810,41.224495,36.128896,1.000000,21,48.579860,1.000000,3,48.025345,1.000000,3,13:30,7.355365,6.800850,0.554515,17.842219,False,False,False
US15_NB,MD,825,40.313938,36.128896,1.000000,21,48.277818,1.000000,3,47.915900,1.000000,3,13:45,7.963881,7.601962,0.361918,19.754659,False,False,False
US15_NB,MD,840,38.992478,36.128896,1.000000,21,48.684077,1.000000,3,48.460306,1.000000,3,14:00,9.691599,9.467827,0.223772,24.855048,False,False,False
US15_NB,MD,855,37.477518,36.128896,1.000000,21,47.906813,1.000000,3,47.774552,1.000000,3,14:15,10.429295,10.297034,0.132261,27.828138,False,False,False
US15_NB,MD,870,36.217313,36.128896,0.999856,20,49.625507,1.000000,3,49.481685,1.000000,3,14:30,13.408194,13.264372,0.143822,37.021505,False,False,False
US15_NB,MD,885,34.281210,36.128896,0.925039,19,50.412551,1.000000,3,50.378106,1.000000,3,14:45,16.131341,16.096895,0.034446,47.055926,True,False,False
US15_SB,MD,540,40.297469,35.843329,0.993266,20,51.964515,1.000000,3,52.097186,1.000000,3,09:00,11.667046,11.799717,-0.132671,28.952306,False,False,False
US15_SB,MD,555,40.715707,35.843329,1.000000,21,51.191000,1.000000,3,51.564913,1.000000,3,09:15,10.475293,10.849206,-0.373913,25.727892,False,False,False
US15_SB,MD,570,42.014391,35.843329,1.000000,21,50.800269,1.000000,3,51.159990,1.000000,3,09:30,8.785878,9.145598,-0.359721,20.911591,False,False,False
US15_SB,MD,585,42.616202,35.843329,1.000000,21,50.238726,1.000000,3,50.471285,1.000000,3,09:45,7.622524,7.855084,-0.232559,17.886447,False,False,False
US15_SB,MD,600,43.547598,35.843329,1.000000,21,49.674286,1.000000,3,49.689868,1.000000,3,10:00,6.126688,6.142270,-0.015582,14.068947,False,False,False
US15_SB,MD,615,43.839609,35.843329,1.000000,21,48.960823,1.000000,3,48.718774,1.000000,3,10:15,5.121215,4.879165,0.242050,11.681707,False,False,False
US15_SB,MD,630,44.046445,35.843329,1.000000,21,48.714495,1.000000,3,48.206074,1.000000,3,10:30,4.668050,4.159629,0.508421,10.598018,False,False,False
US15_SB,MD,645,44.040024,35.843329,1.000000,21,48.232160,1.000000,3,47.529189,1.000000,3,10:45,4.192136,3.489164,0.702972,9.518923,False,False,False
US15_SB,MD,660,44.169088,35.843329,1.000000,21,47.915041,1.000000,3,47.084496,1.000000,3,11:00,3.745952,2.915408,0.830545,8.480937,False,False,False
US15_SB,MD,675,44.146400,35.843329,1.000000,21,47.381582,1.000000,3,46.535308,1.000000,3,11:15,3.235183,2.388908,0.846275,7.328304,False,False,False
US15_SB,MD,690,44.065689,35.843329,1.000000,21,46.060854,1.000000,3,45.288773,1.000000,3,11:30,1.995164,1.223084,0.772081,4.527705,False,False,False
US15_SB,MD,705,43.689693,35.843329,1.000000,21,45.056748,1.000000,3,44.318255,1.000000,3,11:45,1.367055,0.628562,0.738493,3.129010,False,False,False
US15_SB,MD,720,43.585936,35.843329,1.000000,21,46.243976,1.000000,3,45.357017,1.000000,3,12:00,2.658040,1.771081,0.886959,6.098389,False,False,False
US15_SB,MD,735,43.554818,35.843329,1.000000,21,47.174404,1.000000,3,46.180375,1.000000,3,12:15,3.619586,2.625557,0.994028,8.310414,False,False,False
US15_SB,MD,750,43.735843,35.843329,1.000000,21,47.442130,1.000000,3,46.354580,1.000000,3,12:30,3.706287,2.618737,1.087550,8.474256,False,False,False
US15_SB,MD,765,43.649908,35.843329,1.000000,21,47.677597,1.000000,3,46.629918,1.000000,3,12:45,4.027689,2.980010,1.047679,9.227257,False,False,False
US15_SB,MD,780,43.695700,35.843329,1.000000,21,47.905518,1.000000,3,47.006310,1.000000,3,13:00,4.209818,3.310609,0.899208,9.634398,False,False,False
US15_SB,MD,795,43.551155,35.843329,1.000000,21,48.072326,1.000000,3,47.382334,1.000000,3,13:15,4.521171,3.831179,0.689992,10.381289,False,False,False
US15_SB,MD,810,43.519930,35.843329,1.000000,21,47.739035,1.000000,3,47.307880,1.000000,3,13:30,4.219105,3.787950,0.431155,9.694651,False,False,False
US15_SB,MD,825,43.171282,35.843329,1.000000,21,48.048258,1.000000,3,47.817802,1.000000,3,13:45,4.876975,4.646520,0.230456,11.296805,False,False,False
US15_SB,MD,840,42.809495,35.843329,1.000000,21,48.990071,1.000000,3,48.896809,1.000000,3,14:00,6.180576,6.087314,0.093262,14.437394,False,False,False
US15_SB,MD,855,42.410485,35.843329,1.000000,21,49.375312,1.000000,3,49.332893,1.000000,3,14:15,6.964827,6.922408,0.042419,16.422418,False,False,False
US15_SB,MD,870,40.396513,35.843329,0.831157,20,49.647047,1.000000,3,49.782260,1.000000,3,14:30,9.250535,9.385748,-0.135213,22.899340,False,False,False
US15_SB,MD,885,39.793050,35.843329,0.831157,20,50.723401,1.000000,3,50.899269,1.000000,3,14:45,10.930351,11.106219,-0.175868,27.467989,False,False,False
US1_NB,MD,540,31.206577,32.576181,1.000000,51,47.523740,1.000000,3,47.613252,1.000000,3,09:00,16.317162,16.406674,-0.089512,52.287574,True,False,False
US1_NB,MD,555,31.297611,32.576181,1.000000,51,47.015914,1.000000,3,47.322334,1.000000,3,09:15,15.718303,16.024723,-0.306420,50.222055,True,False,False
US1_NB,MD,570,31.199030,32.576181,1.000000,51,46.560036,1.000000,3,46.901917,1.000000,3,09:30,15.361006,15.702887,-0.341882,49.235523,True,False,False
US1_NB,MD,585,31.069645,32.576181,1.000000,51,46.146905,1.000000,3,46.377387,1.000000,3,09:45,15.077260,15.307742,-0.230482,48.527301,True,False,False
US1_NB,MD,600,31.110151,32.576181,1.000000,51,45.638502,1.000000,3,45.703040,1.000000,3,10:00,14.528351,14.592889,-0.064538,46.699714,True,False,False
US1_NB,MD,615,31.347062,32.576181,0.994718,50,45.000751,1.000000,3,44.872287,1.000000,3,10:15,13.653689,13.525224,0.128465,43.556518,True,False,False
US1_NB,MD,630,31.219403,32.576181,0.994718,50,44.838595,1.000000,3,44.497973,1.000000,3,10:30,13.619193,13.278571,0.340622,43.624130,True,False,False
US1_NB,MD,645,31.207741,32.576181,1.000000,51,44.445364,1.000000,3,43.938363,1.000000,3,10:45,13.237622,12.730621,0.507001,42.417751,True,False,False
US1_NB,MD,660,31.038463,32.576181,1.000000,51,43.892240,1.000000,3,43.264894,1.000000,3,11:00,12.853777,12.226430,0.627347,41.412415,True,False,False
US1_NB,MD,675,31.152595,32.576181,1.000000,51,43.566504,1.000000,3,42.893513,1.000000,3,11:15,12.413909,11.740918,0.672991,39.848715,True,False,False
US1_NB,MD,690,30.724732,32.576181,0.988022,50,42.816927,1.000000,3,42.160203,1.000000,3,11:30,12.092195,11.435471,0.656724,39.356553,True,False,False
US1_NB,MD,705,30.788271,32.576181,0.988022,50,42.595380,1.000000,3,41.939294,1.000000,3,11:45,11.807109,11.151023,0.656086,38.349374,True,False,False
US1_NB,MD,720,30.800319,32.576181,0.986759,50,42.437273,1.000000,3,41.805048,1.000000,3,12:00,11.636955,11.004729,0.632225,37.781930,True,False,False
US1_NB,MD,735,30.570295,32.576181,0.986759,50,42.492389,1.000000,3,41.826591,1.000000,3,12:15,11.922094,11.256296,0.665798,38.998950,True,False,False
US1_NB,MD,750,30.452093,32.576181,0.996037,50,43.186779,1.000000,3,42.466567,1.000000,3,12:30,12.734687,12.014474,0.720212,41.818757,True,False,False
US1_NB,MD,765,30.372368,32.576181,0.996037,50,43.606486,1.000000,3,42.879872,1.000000,3,12:45,13.234118,12.507504,0.726614,43.572887,True,False,False
US1_NB,MD,780,30.336531,32.576181,1.000000,51,43.377778,1.000000,3,42.714223,1.000000,3,13:00,13.041247,12.377692,0.663555,42.988589,True,False,False
US1_NB,MD,795,30.278502,32.576181,1.000000,51,44.098822,1.000000,3,43.513030,1.000000,3,13:15,13.820321,13.234529,0.585792,45.644005,True,False,False
US1_NB,MD,810,30.236801,32.576181,1.000000,51,44.401670,1.000000,3,43.995968,1.000000,3,13:30,14.164868,13.759167,0.405701,46.846451,True,False,False
US1_NB,MD,825,30.222658,32.576181,1.000000,51,45.044979,1.000000,3,44.839626,1.000000,3,13:45,14.822321,14.616969,0.205353,49.043738,True,False,False
US1_NB,MD,840,30.185083,32.576181,1.000000,51,45.411329,1.000000,3,45.416875,1.000000,3,14:00,15.226246,15.231792,-0.005546,50.442949,True,False,False
US1_NB,MD,855,29.930148,32.576181,1.000000,51,45.654375,1.000000,3,45.849774,1.000000,3,14:15,15.724227,15.919627,-0.195399,52.536418,True,False,False
US1_NB,MD,870,29.676922,32.576181,1.000000,51,46.540308,1.000000,3,46.769797,1.000000,3,14:30,16.863386,17.092875,-0.229489,56.823233,True,False,False
US1_NB,MD,885,29.760683,32.576181,1.000000,51,47.178410,1.000000,3,47.363226,1.000000,3,14:45,17.417728,17.602543,-0.184815,58.525968,True,False,False
US1_SB,MD,540,31.070881,32.494471,0.959582,49,47.323016,1.000000,3,47.352282,1.000000,3,09:00,16.252135,16.281401,-0.029266,52.306642,True,False,False
US1_SB,MD,555,30.680951,32.494471,0.917829,48,46.493256,1.000000,3,46.705192,1.000000,3,09:15,15.812305,16.024242,-0.211936,51.537860,True,False,False
US1_SB,MD,570,31.494556,32.494471,0.940391,47,45.769718,1.000000,3,46.007228,1.000000,3,09:30,14.275162,14.512672,-0.237510,45.325808,True,False,False
US1_SB,MD,585,31.919416,32.494471,0.982145,48,45.735617,1.000000,3,45.852806,1.000000,3,09:45,13.816201,13.933390,-0.117189,43.284632,True,False,False
US1_SB,MD,600,31.844336,32.494471,1.000000,50,45.399752,1.000000,3,45.348596,1.000000,3,10:00,13.555416,13.504260,0.051156,42.567744,True,False,False
US1_SB,MD,615,31.944819,32.494471,1.000000,50,44.849564,1.000000,3,44.612478,1.000000,3,10:15,12.904745,12.667658,0.237087,40.396989,True,False,False
US1_SB,MD,630,31.801754,32.494471,0.996000,49,44.490669,1.000000,3,44.081801,1.000000,3,10:30,12.688915,12.280048,0.408867,39.900047,True,False,False
US1_SB,MD,645,31.765814,32.494471,0.996000,49,44.262332,1.000000,3,43.694016,1.000000,3,10:45,12.496518,11.928202,0.568316,39.339518,True,False,False
US1_SB,MD,660,31.397565,32.494471,1.000000,50,43.984358,1.000000,3,43.320499,1.000000,3,11:00,12.586794,11.922934,0.663859,40.088439,True,False,False
US1_SB,MD,675,31.070137,32.494471,1.000000,50,43.280219,1.000000,3,42.591149,1.000000,3,11:15,12.210083,11.521012,0.689071,39.298452,True,False,False
US1_SB,MD,690,30.853389,32.494471,1.000000,50,43.122205,1.000000,3,42.450540,1.000000,3,11:30,12.268816,11.597151,0.671665,39.764889,True,False,False
US1_SB,MD,705,30.369170,32.494471,1.000000,50,42.909500,1.000000,3,42.244662,1.000000,3,11:45,12.540330,11.875492,0.664838,41.292961,True,False,False
US1_SB,MD,720,30.142613,32.494471,0.986529,48,42.524834,1.000000,3,41.854122,1.000000,3,12:00,12.382222,11.711509,0.670713,41.078794,True,False,False
US1_SB,MD,735,29.806520,32.494471,0.986529,48,43.374008,1.000000,3,42.640314,1.000000,3,12:15,13.567488,12.833794,0.733694,45.518525,True,False,False
US1_SB,MD,750,30.047531,32.494471,0.975975,48,43.693843,1.000000,3,42.950878,1.000000,3,12:30,13.646312,12.903347,0.742964,45.415751,True,False,False
US1_SB,MD,765,30.010969,32.494471,0.975975,48,43.793191,1.000000,3,43.081181,1.000000,3,12:45,13.782222,13.070212,0.712010,45.923947,True,False,False
US1_SB,MD,780,29.734949,32.494471,0.987507,49,43.549508,1.000000,3,42.968621,1.000000,3,13:00,13.814559,13.233672,0.580887,46.458999,True,False,False
US1_SB,MD,795,28.924054,32.494471,0.916978,46,43.999040,1.000000,3,43.527327,1.000000,3,13:15,15.074986,14.603272,0.471714,52.119201,True,False,False
US1_SB,MD,810,28.828275,32.494471,0.929471,47,43.948840,1.000000,3,43.635007,1.000000,3,13:30,15.120565,14.806732,0.313833,52.450469,True,False,False
US1_SB,MD,825,29.451004,32.494471,1.000000,50,44.881947,1.000000,3,44.696589,1.000000,3,13:45,15.430942,15.245585,0.185358,52.395301,True,False,False
US1_SB,MD,840,29.193172,32.494471,1.000000,50,45.335598,1.000000,3,45.318283,1.000000,3,14:00,16.142425,16.125110,0.017315,55.295208,True,False,False
US1_SB,MD,855,28.634570,32.494471,1.000000,50,46.073854,1.000000,3,46.211041,1.000000,3,14:15,17.439284,17.576471,-0.137187,60.902902,True,False,False
US1_SB,MD,870,28.116353,32.494471,1.000000,50,46.657184,1.000000,3,46.942750,1.000000,3,14:30,18.540831,18.826397,-0.285566,65.943228,True,False,False
US1_SB,MD,885,27.808396,32.494471,1.000000,50,47.056080,1.000000,3,47.282881,1.000000,3,14:45,19.247683,19.474485,-0.226801,69.215367,True,False,False
US29_NB,MD,540,30.019943,32.843103,1.000000,69,43.078794,1.000000,3,43.174560,1.000000,3,09:00,13.058851,13.154616,-0.095765,43.500586,True,False,False
US29_NB,MD,555,30.666003,32.843103,0.980147,68,42.845329,1.000000,3,43.084910,1.000000,3,09:15,12.179326,12.418907,-0.239582,39.716051,True,False,False
US29_NB,MD,570,30.740925,32.843103,0.980147,68,42.658630,1.000000,3,42.898653,1.000000,3,09:30,11.917705,12.157728,-0.240023,38.768205,True,False,False
US29_NB,MD,585,30.702628,32.843103,0.971600,67,42.418846,1.000000,3,42.554794,1.000000,3,09:45,11.716218,11.852166,-0.135948,38.160309,True,False,False
US29_NB,MD,600,31.578055,32.843103,0.936891,65,41.967112,1.000000,3,41.983040,1.000000,3,10:00,10.389057,10.404985,-0.015929,32.899609,True,False,False
US29_NB,MD,615,31.363140,32.843103,0.965291,67,41.745231,1.000000,3,41.677247,1.000000,3,10:15,10.382092,10.314107,0.067984,33.102845,True,False,False
US29_NB,MD,630,30.466133,32.843103,1.000000,69,41.205904,1.000000,3,41.081414,1.000000,3,10:30,10.739772,10.615281,0.124490,35.251509,True,False,False
US29_NB,MD,645,30.450933,32.843103,0.989681,68,40.808976,1.000000,3,40.615706,1.000000,3,10:45,10.358043,10.164772,0.193270,34.015517,True,False,False
US29_NB,MD,660,30.248242,32.843103,0.989681,68,40.878227,1.000000,3,40.632472,1.000000,3,11:00,10.629985,10.384229,0.245756,35.142489,True,False,False
US29_NB,MD,675,29.948521,32.843103,0.997226,68,40.767769,1.000000,3,40.477866,1.000000,3,11:15,10.819248,10.529345,0.289903,36.126151,True,False,False
US29_NB,MD,690,30.007848,32.843103,0.997020,67,40.662727,1.000000,3,40.325651,1.000000,3,11:30,10.654879,10.317803,0.337076,35.506975,True,False,False
US29_NB,MD,705,29.929138,32.843103,0.985905,67,40.567223,1.000000,3,40.205904,1.000000,3,11:45,10.638085,10.276766,0.361320,35.544242,True,False,False
US29_NB,MD,720,29.788021,32.843103,0.986111,68,40.740620,1.000000,3,40.375130,1.000000,3,12:00,10.952599,10.587109,0.365490,36.768469,True,False,False
US29_NB,MD,735,29.651341,32.843103,1.000000,69,40.457847,1.000000,3,40.130218,1.000000,3,12:15,10.806505,10.478877,0.327628,36.445249,True,False,False
US29_NB,MD,750,29.558428,32.843103,1.000000,69,40.695422,1.000000,3,40.377855,1.000000,3,12:30,11.136994,10.819427,0.317567,37.677897,True,False,False
US29_NB,MD,765,29.618597,32.843103,1.000000,69,40.783970,1.000000,3,40.530660,1.000000,3,12:45,11.165372,10.912063,0.253310,37.697168,True,False,False
US29_NB,MD,780,29.635952,32.843103,1.000000,69,40.878848,1.000000,3,40.708254,1.000000,3,13:00,11.242896,11.072302,0.170594,37.936677,True,False,False
US29_NB,MD,795,29.586656,32.843103,1.000000,69,40.838162,1.000000,3,40.719068,1.000000,3,13:15,11.251506,11.132412,0.119094,38.028988,True,False,False
US29_NB,MD,810,29.813863,32.843103,1.000000,69,41.271491,1.000000,3,41.211087,1.000000,3,13:30,11.457629,11.397224,0.060405,38.430541,True,False,False
US29_NB,MD,825,29.889978,32.843103,1.000000,69,41.934126,1.000000,3,41.952325,1.000000,3,13:45,12.044148,12.062347,-0.018199,40.294938,True,False,False
US29_NB,MD,840,29.915779,32.843103,0.995308,68,42.314816,1.000000,3,42.439638,1.000000,3,14:00,12.399037,12.523859,-0.124821,41.446479,True,False,False
US29_NB,MD,855,29.764739,32.843103,0.995308,68,42.739834,1.000000,3,42.979772,1.000000,3,14:15,12.975096,13.215033,-0.239937,43.592170,True,False,False
US29_NB,MD,870,29.390504,32.843103,0.980112,68,43.209478,1.000000,3,43.497196,1.000000,3,14:30,13.818974,14.106692,-0.287718,47.018499,True,False,False
US29_NB,MD,885,29.214316,32.843103,0.980112,68,43.634206,1.000000,3,43.830834,1.000000,3,14:45,14.419890,14.616518,-0.196628,49.358985,True,False,False
US29_SB,MD,540,30.550903,32.446566,0.996885,69,43.885756,1.000000,3,43.979787,1.000000,3,09:00,13.334853,13.428884,-0.094031,43.647983,True,False,False
US29_SB,MD,555,31.011709,32.446566,0.986618,68,43.570444,1.000000,3,43.828704,1.000000,3,09:15,12.558735,12.816995,-0.258260,40.496753,True,False,False
US29_SB,MD,570,30.793770,32.446566,0.989733,69,43.156802,1.000000,3,43.463455,1.000000,3,09:30,12.363032,12.669685,-0.306653,40.147835,True,False,False
US29_SB,MD,585,30.466526,32.446566,1.000000,70,42.833907,1.000000,3,43.103951,1.000000,3,09:45,12.367381,12.637425,-0.270044,40.593340,True,False,False
US29_SB,MD,600,30.418249,32.446566,1.000000,70,42.555978,1.000000,3,42.742769,1.000000,3,10:00,12.137729,12.324520,-0.186791,39.902785,True,False,False
US29_SB,MD,615,30.465326,32.446566,1.000000,70,42.129312,1.000000,3,42.198973,1.000000,3,10:15,11.663986,11.733647,-0.069661,38.286102,True,False,False
US29_SB,MD,630,30.503353,32.446566,0.998986,69,41.861567,1.000000,3,41.815245,1.000000,3,10:30,11.358214,11.311892,0.046322,37.235953,True,False,False
US29_SB,MD,645,30.289995,32.446566,0.998986,69,41.551795,1.000000,3,41.414318,1.000000,3,10:45,11.261801,11.124324,0.137477,37.179936,True,False,False
US29_SB,MD,660,30.146093,32.446566,1.000000,70,41.184505,1.000000,3,40.991073,1.000000,3,11:00,11.038412,10.844980,0.193432,36.616393,True,False,False
US29_SB,MD,675,30.030555,32.446566,1.000000,70,40.715226,1.000000,3,40.485209,1.000000,3,11:15,10.684671,10.454654,0.230017,35.579331,True,False,False
US29_SB,MD,690,29.758211,32.446566,1.000000,70,40.534518,1.000000,3,40.270354,1.000000,3,11:30,10.776307,10.512143,0.264163,36.212885,True,False,False
US29_SB,MD,705,29.466355,32.446566,1.000000,70,40.217871,1.000000,3,39.924943,1.000000,3,11:45,10.751516,10.458587,0.292929,36.487431,True,False,False
US29_SB,MD,720,29.448694,32.446566,1.000000,70,40.353411,1.000000,3,40.008652,1.000000,3,12:00,10.904717,10.559958,0.344759,37.029544,True,False,False
US29_SB,MD,735,29.488470,32.446566,0.996630,69,40.582257,1.000000,3,40.192893,1.000000,3,12:15,11.093787,10.704423,0.389364,37.620762,True,False,False
US29_SB,MD,750,29.346659,32.446566,0.987937,68,40.378816,1.000000,3,39.995767,1.000000,3,12:30,11.032156,10.649108,0.383048,37.592545,True,False,False
US29_SB,MD,765,29.278916,32.446566,0.991307,69,40.396270,1.000000,3,40.024956,1.000000,3,12:45,11.117354,10.746039,0.371315,37.970510,True,False,False
US29_SB,MD,780,29.200739,32.446566,1.000000,70,40.653195,1.000000,3,40.306716,1.000000,3,13:00,11.452457,11.105977,0.346479,39.219750,True,False,False
US29_SB,MD,795,29.046596,32.446566,0.999700,69,40.593381,1.000000,3,40.306498,1.000000,3,13:15,11.546785,11.259901,0.286884,39.752627,True,False,False
US29_SB,MD,810,29.077835,32.446566,0.999700,69,41.259796,1.000000,3,41.032662,1.000000,3,13:30,12.181962,11.954827,0.227135,41.894322,True,False,False
US29_SB,MD,825,29.397501,32.446566,0.971390,69,41.460958,1.000000,3,41.351490,1.000000,3,13:45,12.063457,11.953988,0.109469,41.035654,True,False,False
US29_SB,MD,840,29.306203,32.446566,0.959626,66,41.581903,1.000000,3,41.601614,1.000000,3,14:00,12.275701,12.295411,-0.019711,41.887721,True,False,False
US29_SB,MD,855,28.646213,32.446566,0.988236,67,41.333175,1.000000,3,41.479206,1.000000,3,14:15,12.686962,12.832993,-0.146031,44.288442,True,False,False
US29_SB,MD,870,28.425725,32.446566,0.983624,68,42.324448,1.000000,3,42.493522,1.000000,3,14:30,13.898722,14.067796,-0.169074,48.894872,True,False,False
US29_SB,MD,885,28.438999,32.446566,0.982173,67,43.221101,1.000000,3,43.344958,1.000000,3,14:45,14.782102,14.905958,-0.123856,51.978278,True,False,False
US50_EB,MD,540,33.366637,33.061469,1.000000,66,46.225741,1.000000,3,46.137114,1.000000,3,09:00,12.859104,12.770476,0.088627,38.538806,False,False,False
US50_EB,MD,555,34.453208,33.061469,1.000000,66,45.363658,1.000000,3,45.467931,1.000000,3,09:15,10.910451,11.014724,-0.104273,31.667445,False,False,False
US50_EB,MD,570,34.511007,33.061469,0.930414,65,44.960880,1.000000,3,45.041262,1.000000,3,09:30,10.449873,10.530256,-0.080383,30.279826,False,False,False
US50_EB,MD,585,34.566212,33.061469,0.930414,65,44.496554,1.000000,3,44.556697,1.000000,3,09:45,9.930341,9.990485,-0.060144,28.728462,False,False,False
US50_EB,MD,600,35.266238,33.061469,1.000000,66,44.277005,1.000000,3,44.183350,1.000000,3,10:00,9.010767,8.917112,0.093655,25.550690,False,False,False
US50_EB,MD,615,35.028918,33.061469,1.000000,66,43.954882,1.000000,3,43.688291,1.000000,3,10:15,8.925964,8.659373,0.266590,25.481700,False,False,False
US50_EB,MD,630,35.123366,33.061469,1.000000,66,43.544911,1.000000,3,43.103465,1.000000,3,10:30,8.421545,7.980098,0.441446,23.977043,False,False,False
US50_EB,MD,645,35.076765,33.061469,1.000000,66,43.211127,1.000000,3,42.609442,1.000000,3,10:45,8.134363,7.532677,0.601685,23.190173,False,False,False
US50_EB,MD,660,34.942770,33.061469,1.000000,66,42.846676,1.000000,3,42.114240,1.000000,3,11:00,7.903906,7.171470,0.732436,22.619575,False,False,False
US50_EB,MD,675,34.789197,33.061469,1.000000,66,42.542010,1.000000,3,41.730092,1.000000,3,11:15,7.752812,6.940895,0.811918,22.285114,False,False,False
US50_EB,MD,690,34.554288,33.061469,1.000000,66,42.346543,1.000000,3,41.538928,1.000000,3,11:30,7.792255,6.984640,0.807615,22.550761,False,False,False
US50_EB,MD,705,34.461480,33.061469,1.000000,66,41.589148,1.000000,3,40.863591,1.000000,3,11:45,7.127668,6.402111,0.725556,20.683000,False,False,False
US50_EB,MD,720,34.507530,33.061469,0.974702,65,40.925157,1.000000,3,40.228443,1.000000,3,12:00,6.417627,5.720913,0.696714,18.597758,False,False,False
US50_EB,MD,735,34.218874,33.061469,0.974202,64,41.402802,1.000000,3,40.683716,1.000000,3,12:15,7.183928,6.464842,0.719086,20.994053,False,False,False
US50_EB,MD,750,34.105584,33.061469,0.999500,65,42.007245,1.000000,3,41.320277,1.000000,3,12:30,7.901662,7.214693,0.686969,23.168234,False,False,False
US50_EB,MD,765,34.147021,33.061469,1.000000,66,41.871867,1.000000,3,41.197693,1.000000,3,12:45,7.724846,7.050672,0.674174,22.622313,False,False,False
US50_EB,MD,780,34.120586,33.061469,1.000000,66,41.808942,1.000000,3,41.161759,1.000000,3,13:00,7.688356,7.041173,0.647183,22.532895,False,False,False
US50_EB,MD,795,33.978202,33.061469,1.000000,66,42.838517,1.000000,3,42.227881,1.000000,3,13:15,8.860314,8.249678,0.610636,26.076466,False,False,False
US50_EB,MD,810,33.965271,33.061469,1.000000,66,43.508313,1.000000,3,42.985331,1.000000,3,13:30,9.543042,9.020060,0.522982,28.096469,False,False,False
US50_EB,MD,825,33.950270,33.061469,1.000000,66,44.072428,1.000000,3,43.738460,1.000000,3,13:45,10.122158,9.788190,0.333968,29.814662,False,False,False
US50_EB,MD,840,33.661058,33.061469,0.972416,65,44.603313,1.000000,3,44.540207,1.000000,3,14:00,10.942255,10.879149,0.063106,32.507163,False,False,False
US50_EB,MD,855,33.227008,33.061469,0.972416,65,45.126917,1.000000,3,45.308749,1.000000,3,14:15,11.899909,12.081741,-0.181832,35.813965,False,False,False
US50_EB,MD,870,33.201558,33.061469,0.997497,65,45.566174,1.000000,3,45.838516,1.000000,3,14:30,12.364616,12.636958,-0.272342,37.241073,False,False,False
US50_EB,MD,885,32.785422,33.061469,0.997497,65,45.913274,1.000000,3,46.066990,1.000000,3,14:45,13.127851,13.281568,-0.153717,40.041733,True,False,False
US50_WB,MD,540,35.324968,33.136526,1.000000,63,45.837138,1.000000,3,45.887527,1.000000,3,09:00,10.512171,10.562559,-0.050389,29.758472,False,False,False
US50_WB,MD,555,35.945949,33.136526,0.992272,62,45.349586,1.000000,3,45.497659,1.000000,3,09:15,9.403637,9.551709,-0.148072,26.160491,False,False,False
US50_WB,MD,570,36.203813,33.136526,0.960171,61,44.803295,1.000000,3,44.904936,1.000000,3,09:30,8.599482,8.701123,-0.101641,23.752973,False,False,False
US50_WB,MD,585,36.168124,33.136526,0.967900,62,44.126344,1.000000,3,44.125051,1.000000,3,09:45,7.958220,7.956927,0.001293,22.003408,False,False,False
US50_WB,MD,600,36.160095,33.136526,0.992887,62,43.989849,1.000000,3,43.823313,1.000000,3,10:00,7.829754,7.663218,0.166536,21.653024,False,False,False
US50_WB,MD,615,36.405809,33.136526,0.987757,61,43.599230,1.000000,3,43.242678,1.000000,3,10:15,7.193422,6.836870,0.356552,19.758994,False,False,False
US50_WB,MD,630,36.414305,33.136526,0.994870,62,43.334433,1.000000,3,42.819048,1.000000,3,10:30,6.920128,6.404743,0.515385,19.003873,False,False,False
US50_WB,MD,645,36.135196,33.136526,0.994120,62,42.868965,1.000000,3,42.211807,1.000000,3,10:45,6.733769,6.076610,0.657159,18.634931,False,False,False
US50_WB,MD,660,36.204021,33.136526,0.993075,61,42.757334,1.000000,3,41.974452,1.000000,3,11:00,6.553313,5.770431,0.782882,18.101064,False,False,False
US50_WB,MD,675,36.051433,33.136526,0.998955,62,42.579451,1.000000,3,41.734599,1.000000,3,11:15,6.528018,5.683166,0.844852,18.107513,False,False,False
US50_WB,MD,690,35.822836,33.136526,1.000000,63,42.177257,1.000000,3,41.338870,1.000000,3,11:30,6.354421,5.516034,0.838387,17.738464,False,False,False
US50_WB,MD,705,35.370693,33.136526,0.992113,62,41.546581,1.000000,3,40.772061,1.000000,3,11:45,6.175888,5.401368,0.774520,17.460467,False,False,False
US50_WB,MD,720,35.428014,33.136526,0.981462,61,41.118951,1.000000,3,40.407018,1.000000,3,12:00,5.690937,4.979004,0.711932,16.063381,False,False,False
US50_WB,MD,735,35.432388,33.136526,0.989348,62,42.050686,1.000000,3,41.298440,1.000000,3,12:15,6.618298,5.866051,0.752246,18.678666,False,False,False
US50_WB,MD,750,35.481804,33.136526,0.993252,62,42.145520,1.000000,3,41.385365,1.000000,3,12:30,6.663716,5.903561,0.760155,18.780657,False,False,False
US50_WB,MD,765,35.214319,33.136526,0.993252,62,42.349850,1.000000,3,41.633027,1.000000,3,12:45,7.135531,6.418708,0.716823,20.263153,False,False,False
US50_WB,MD,780,35.150265,33.136526,1.000000,63,43.047377,1.000000,3,42.392030,1.000000,3,13:00,7.897112,7.241765,0.655347,22.466721,False,False,False
US50_WB,MD,795,35.379841,33.136526,0.991508,62,43.359749,1.000000,3,42.807982,1.000000,3,13:15,7.979908,7.428140,0.551768,22.554957,False,False,False
US50_WB,MD,810,35.646466,33.136526,0.950646,61,43.866924,1.000000,3,43.467634,1.000000,3,13:30,8.220458,7.821168,0.399290,23.061075,False,False,False
US50_WB,MD,825,35.475919,33.136526,0.959137,62,44.165711,1.000000,3,43.983909,1.000000,3,13:45,8.689791,8.507990,0.181801,24.494901,False,False,False
US50_WB,MD,840,35.198866,33.136526,1.000000,63,44.660351,1.000000,3,44.694982,1.000000,3,14:00,9.461485,9.496115,-0.034631,26.880084,False,False,False
US50_WB,MD,855,35.197898,33.136526,0.943366,59,45.006961,1.000000,3,45.168848,1.000000,3,14:15,9.809063,9.970950,-0.161887,27.868321,False,False,False
US50_WB,MD,870,34.682749,33.136526,0.943366,59,45.418494,1.000000,3,45.653386,1.000000,3,14:30,10.735745,10.970637,-0.234892,30.954135,False,False,False
US50_WB,MD,885,33.978550,33.136526,0.979969,62,46.226861,1.000000,3,46.341359,1.000000,3,14:45,12.248312,12.362809,-0.114498,36.047188,False,False,False
VA120_NB,MD,540,21.677709,31.500000,0.995864,21,41.849361,1.000000,3,41.790704,1.000000,3,09:00,20.171652,20.112995,0.058657,93.052510,True,False,False
VA120_NB,MD,555,22.312121,31.500000,1.000000,22,42.020834,1.000000,3,42.009664,1.000000,3,09:15,19.708713,19.697543,0.011170,88.331866,True,False,False
VA120_NB,MD,570,22.918972,31.500000,1.000000,22,41.603898,1.000000,3,41.600251,1.000000,3,09:30,18.684926,18.681279,0.003647,81.526020,True,False,False
VA120_NB,MD,585,23.386752,31.500000,1.000000,22,41.694484,1.000000,3,41.606225,1.000000,3,09:45,18.307732,18.219473,0.088259,78.282492,True,False,False
VA120_NB,MD,600,23.848291,31.500000,1.000000,22,41.470834,1.000000,3,41.290201,1.000000,3,10:00,17.622543,17.441910,0.180632,73.894363,True,False,False
VA120_NB,MD,615,23.788950,31.500000,1.000000,22,41.555628,1.000000,3,41.237670,1.000000,3,10:15,17.766678,17.448721,0.317957,74.684585,True,False,False
VA120_NB,MD,630,23.848892,31.500000,1.000000,22,41.487513,1.000000,3,41.058301,1.000000,3,10:30,17.638621,17.209409,0.429212,73.959916,True,False,False
VA120_NB,MD,645,23.719274,31.500000,1.000000,22,41.379584,1.000000,3,40.861698,1.000000,3,10:45,17.660309,17.142423,0.517886,74.455521,True,False,False
VA120_NB,MD,660,23.696752,31.500000,1.000000,22,41.255796,1.000000,3,40.697900,1.000000,3,11:00,17.559045,17.001149,0.557896,74.098954,True,False,False
VA120_NB,MD,675,23.612871,31.500000,1.000000,22,41.105973,1.000000,3,40.556167,1.000000,3,11:15,17.493102,16.943296,0.549807,74.082912,True,False,False
VA120_NB,MD,690,23.534720,31.500000,1.000000,22,40.425035,1.000000,3,39.926957,1.000000,3,11:30,16.890315,16.392237,0.498078,71.767650,True,False,False
VA120_NB,MD,705,23.420461,31.500000,1.000000,22,40.743377,1.000000,3,40.244690,1.000000,3,11:45,17.322916,16.824229,0.498687,73.964878,True,False,False
VA120_NB,MD,720,23.587054,31.500000,1.000000,22,40.991566,1.000000,3,40.527063,1.000000,3,12:00,17.404511,16.940009,0.464503,73.788406,True,False,False
VA120_NB,MD,735,23.547585,31.500000,1.000000,22,40.863123,1.000000,3,40.437315,1.000000,3,12:15,17.315537,16.889729,0.425808,73.534238,True,False,False
VA120_NB,MD,750,23.328522,31.500000,1.000000,22,41.233442,1.000000,3,40.874624,1.000000,3,12:30,17.904920,17.546102,0.358818,76.751198,True,False,False
VA120_NB,MD,765,23.159807,31.500000,1.000000,22,40.805950,1.000000,3,40.517715,1.000000,3,12:45,17.646143,17.357907,0.288235,76.192961,True,False,False
VA120_NB,MD,780,23.206355,31.500000,1.000000,22,41.243923,1.000000,3,41.013403,1.000000,3,13:00,18.037568,17.807049,0.230519,77.726846,True,False,False
VA120_NB,MD,795,23.257867,31.500000,1.000000,22,41.430366,1.000000,3,41.273283,1.000000,3,13:15,18.172499,18.015417,0.157083,78.134851,True,False,False
VA120_NB,MD,810,23.386461,31.500000,1.000000,22,42.134389,1.000000,3,42.062321,1.000000,3,13:30,18.747928,18.675860,0.072068,80.165731,True,False,False
VA120_NB,MD,825,23.378337,31.500000,1.000000,22,42.526414,1.000000,3,42.546562,1.000000,3,13:45,19.148077,19.168225,-0.020148,81.905213,True,False,False
VA120_NB,MD,840,23.310446,31.500000,1.000000,22,42.822289,1.000000,3,42.961983,1.000000,3,14:00,19.511842,19.651537,-0.139695,83.704284,True,False,False
VA120_NB,MD,855,22.935051,31.500000,1.000000,22,42.972513,1.000000,3,43.221574,1.000000,3,14:15,20.037462,20.286523,-0.249061,87.366109,True,False,False
VA120_NB,MD,870,22.944177,31.500000,1.000000,22,43.729247,1.000000,3,44.002694,1.000000,3,14:30,20.785069,21.058517,-0.273447,90.589734,True,False,False
VA120_NB,MD,885,22.803967,31.500000,0.974339,21,44.192178,1.000000,3,44.388809,1.000000,3,14:45,21.388211,21.584842,-0.196631,93.791624,True,False,False
VA120_SB,MD,540,23.206100,31.500000,1.000000,21,43.739937,1.000000,3,43.839093,1.000000,3,09:00,20.533837,20.632994,-0.099157,88.484655,True,False,False
VA120_SB,MD,555,23.576715,31.500000,1.000000,21,43.584112,1.000000,3,43.873611,1.000000,3,09:15,20.007397,20.296896,-0.289499,84.860834,True,False,False
VA120_SB,MD,570,23.701071,31.500000,1.000000,21,43.188163,1.000000,3,43.481894,1.000000,3,09:30,19.487092,19.780823,-0.293731,82.220301,True,False,False
VA120_SB,MD,585,23.707025,31.500000,1.000000,21,42.788865,1.000000,3,43.004749,1.000000,3,09:45,19.081839,19.297723,-0.215884,80.490231,True,False,False
VA120_SB,MD,600,23.933554,31.500000,1.000000,21,42.079629,1.000000,3,42.200834,1.000000,3,10:00,18.146075,18.267280,-0.121205,75.818559,True,False,False
VA120_SB,MD,615,23.967942,31.500000,1.000000,21,41.987119,1.000000,3,41.966082,1.000000,3,10:15,18.019177,17.998139,0.021037,75.180323,True,False,False
VA120_SB,MD,630,23.845092,31.500000,1.000000,21,41.737545,1.000000,3,41.588909,1.000000,3,10:30,17.892453,17.743816,0.148637,75.036209,True,False,False
VA120_SB,MD,645,23.826619,31.500000,1.000000,21,41.112719,1.000000,3,40.840244,1.000000,3,10:45,17.286100,17.013626,0.272475,72.549533,True,False,False
VA120_SB,MD,660,23.807612,31.500000,1.000000,21,41.204980,1.000000,3,40.825621,1.000000,3,11:00,17.397368,17.018009,0.379359,73.074816,True,False,False
VA120_SB,MD,675,23.689769,31.500000,1.000000,21,40.812238,1.000000,3,40.375361,1.000000,3,11:15,17.122469,16.685592,0.436877,72.277909,True,False,False
VA120_SB,MD,690,23.711678,31.500000,1.000000,21,39.820706,1.000000,3,39.354166,1.000000,3,11:30,16.109028,15.642488,0.466540,67.937105,True,False,False
VA120_SB,MD,705,23.567345,31.500000,1.000000,21,40.687550,1.000000,3,40.162559,1.000000,3,11:45,17.120204,16.595213,0.524991,72.643754,True,False,False
VA120_SB,MD,720,23.446249,31.500000,1.000000,21,40.139946,1.000000,3,39.592939,1.000000,3,12:00,16.693696,16.146690,0.547007,71.199858,True,False,False
VA120_SB,MD,735,23.443927,31.500000,1.000000,21,40.172300,1.000000,3,39.625340,1.000000,3,12:15,16.728373,16.181414,0.546959,71.354824,True,False,False
VA120_SB,MD,750,23.420780,31.500000,1.000000,21,40.550086,1.000000,3,40.002943,1.000000,3,12:30,17.129305,16.582163,0.547143,73.137211,True,False,False
VA120_SB,MD,765,23.196802,31.500000,1.000000,21,40.372518,1.000000,3,39.830244,1.000000,3,12:45,17.175716,16.633442,0.542274,74.043466,True,False,False
VA120_SB,MD,780,23.087608,31.500000,1.000000,21,40.028522,1.000000,3,39.539832,1.000000,3,13:00,16.940914,16.452224,0.488691,73.376654,True,False,False
VA120_SB,MD,795,23.135752,31.500000,1.000000,21,40.652752,1.000000,3,40.196740,1.000000,3,13:15,17.517000,17.060989,0.456012,75.713988,True,False,False
VA120_SB,MD,810,22.921974,31.500000,1.000000,21,41.195329,1.000000,3,40.786989,1.000000,3,13:30,18.273355,17.865015,0.408339,79.719814,True,False,False
VA120_SB,MD,825,22.796611,31.500000,1.000000,21,41.562132,1.000000,3,41.269002,1.000000,3,13:45,18.765521,18.472391,0.293130,82.317151,True,False,False
VA120_SB,MD,840,22.708551,31.500000,1.000000,21,41.890020,1.000000,3,41.786070,1.000000,3,14:00,19.181469,19.077519,0.103950,84.468048,True,False,False
VA120_SB,MD,855,22.625466,31.500000,1.000000,21,41.775277,1.000000,3,41.787330,1.000000,3,14:15,19.149811,19.161864,-0.012053,84.638305,True,False,False
VA120_SB,MD,870,22.486052,31.500000,1.000000,21,41.900792,1.000000,3,41.988866,1.000000,3,14:30,19.414740,19.502814,-0.088074,86.341258,True,False,False
VA120_SB,MD,885,22.529800,31.500000,1.000000,21,43.479442,1.000000,3,43.501367,1.000000,3,14:45,20.949642,20.971567,-0.021925,92.986364,True,False,False
VA123_NB,MD,540,30.619457,33.721015,0.950400,42,48.808958,1.000000,3,48.877168,1.000000,3,09:00,18.189501,18.257711,-0.068210,59.405043,True,False,False
VA123_NB,MD,555,31.077924,33.721015,0.982101,42,47.876546,1.000000,3,48.215608,1.000000,3,09:15,16.798621,17.137684,-0.339062,54.053229,True,False,False
VA123_NB,MD,570,31.486086,33.721015,0.982101,42,47.174035,1.000000,3,47.507473,1.000000,3,09:30,15.687948,16.021387,-0.333438,49.825019,True,False,False
VA123_NB,MD,585,31.317567,33.721015,1.000000,43,46.731091,1.000000,3,46.886049,1.000000,3,09:45,15.413524,15.568482,-0.154958,49.216864,True,False,False
VA123_NB,MD,600,31.932285,33.721015,1.000000,43,46.096456,1.000000,3,46.016745,1.000000,3,10:00,14.164170,14.084459,0.079711,44.356895,True,False,False
VA123_NB,MD,615,32.311425,33.721015,1.000000,43,45.758822,1.000000,3,45.424112,1.000000,3,10:15,13.447397,13.112686,0.334710,41.618086,True,False,False
VA123_NB,MD,630,32.625754,33.721015,1.000000,43,45.208146,1.000000,3,44.661579,1.000000,3,10:30,12.582391,12.035825,0.546567,38.565825,True,False,False
VA123_NB,MD,645,32.579912,33.721015,1.000000,43,44.600007,1.000000,3,43.874659,1.000000,3,10:45,12.020096,11.294748,0.725348,36.894194,True,False,False
VA123_NB,MD,660,32.719194,33.721015,0.967035,42,44.532235,1.000000,3,43.724514,1.000000,3,11:00,11.813041,11.005321,0.807721,36.104316,True,False,False
VA123_NB,MD,675,32.887477,33.721015,0.967035,42,43.634886,1.000000,3,42.853009,1.000000,3,11:15,10.747409,9.965533,0.781876,32.679335,True,False,False
VA123_NB,MD,690,32.126864,33.721015,0.934900,42,43.147026,1.000000,3,42.400726,1.000000,3,11:30,11.020162,10.273862,0.746300,34.302014,True,False,False
VA123_NB,MD,705,31.801174,33.721015,0.934900,42,42.537905,1.000000,3,41.828333,1.000000,3,11:45,10.736731,10.027159,0.709572,33.762058,True,False,False
VA123_NB,MD,720,32.190981,33.721015,1.000000,43,43.113642,1.000000,3,42.321404,1.000000,3,12:00,10.922661,10.130422,0.792239,33.930811,True,False,False
VA123_NB,MD,735,32.017643,33.721015,1.000000,43,43.713079,1.000000,3,42.911332,1.000000,3,12:15,11.695436,10.893689,0.801747,36.528096,True,False,False
VA123_NB,MD,750,31.855673,33.721015,1.000000,43,44.321877,1.000000,3,43.465760,1.000000,3,12:30,12.466204,11.610088,0.856117,39.133389,True,False,False
VA123_NB,MD,765,31.739609,33.721015,1.000000,43,44.503994,1.000000,3,43.708324,1.000000,3,12:45,12.764385,11.968715,0.795669,40.215948,True,False,False
VA123_NB,MD,780,32.756337,33.721015,0.923485,41,44.748378,1.000000,3,44.088005,1.000000,3,13:00,11.992041,11.331667,0.660374,36.609835,True,False,False
VA123_NB,MD,795,32.606243,33.721015,0.923485,41,45.425163,1.000000,3,44.925969,1.000000,3,13:15,12.818920,12.319726,0.499194,39.314313,True,False,False
VA123_NB,MD,810,31.770111,33.721015,1.000000,43,45.977241,1.000000,3,45.713295,1.000000,3,13:30,14.207130,13.943184,0.263946,44.718541,True,False,False
VA123_NB,MD,825,31.955670,33.721015,1.000000,43,46.318638,1.000000,3,46.299392,1.000000,3,13:45,14.362968,14.343722,0.019246,44.946538,True,False,False
VA123_NB,MD,840,31.927418,33.721015,0.999277,42,46.769453,1.000000,3,46.980979,1.000000,3,14:00,14.842034,15.053560,-0.211526,46.486798,True,False,False
VA123_NB,MD,855,31.737608,33.721015,0.999277,42,47.409564,1.000000,3,47.778230,1.000000,3,14:15,15.671956,16.040622,-0.368666,49.379765,True,False,False
VA123_NB,MD,870,31.423991,33.721015,1.000000,43,47.809959,1.000000,3,48.205057,1.000000,3,14:30,16.385968,16.781066,-0.395098,52.144769,True,False,False
VA123_NB,MD,885,30.645413,33.721015,0.974050,42,48.644771,1.000000,3,48.914418,1.000000,3,14:45,17.999357,18.269005,-0.269648,58.734261,True,False,False
VA123_SB,MD,540,32.851239,33.464440,0.969794,40,48.363894,1.000000,3,48.397337,1.000000,3,09:00,15.512655,15.546098,-0.033443,47.220914,True,False,False
VA123_SB,MD,555,32.802685,33.464440,0.986528,42,47.765563,1.000000,3,47.994589,1.000000,3,09:15,14.962879,15.191905,-0.229026,45.614799,True,False,False
VA123_SB,MD,570,33.192486,33.464440,1.000000,43,47.436447,1.000000,3,47.657853,1.000000,3,09:30,14.243961,14.465366,-0.221406,42.913208,True,False,False
VA123_SB,MD,585,33.355891,33.464440,1.000000,43,47.023294,1.000000,3,47.105220,1.000000,3,09:45,13.667403,13.749329,-0.081925,40.974481,True,False,False
VA123_SB,MD,600,33.469659,33.464440,1.000000,43,46.467735,1.000000,3,46.329680,1.000000,3,10:00,12.998076,12.860021,0.138054,38.835399,False,False,False
VA123_SB,MD,615,33.471710,33.464440,1.000000,43,46.175345,1.000000,3,45.801720,1.000000,3,10:15,12.703636,12.330011,0.373625,37.953351,False,False,False
VA123_SB,MD,630,33.589850,33.464440,1.000000,43,45.537287,1.000000,3,44.996112,1.000000,3,10:30,11.947437,11.406262,0.541175,35.568593,False,False,False
VA123_SB,MD,645,33.333522,33.464440,1.000000,43,45.162189,1.000000,3,44.473255,1.000000,3,10:45,11.828667,11.139732,0.688934,35.485798,True,False,False
VA123_SB,MD,660,33.156767,33.464440,1.000000,43,44.462676,1.000000,3,43.700886,1.000000,3,11:00,11.305909,10.544119,0.761790,34.098346,True,False,False
VA123_SB,MD,675,33.677890,33.464440,0.970359,42,44.561339,1.000000,3,43.752654,1.000000,3,11:15,10.883449,10.074764,0.808685,32.316302,False,False,False
VA123_SB,MD,690,33.404007,33.464440,0.970359,42,44.347242,1.000000,3,43.595391,1.000000,3,11:30,10.943235,10.191384,0.751851,32.760245,True,False,False
VA123_SB,MD,705,32.424250,33.464440,1.000000,43,43.632657,1.000000,3,42.921801,1.000000,3,11:45,11.208407,10.497551,0.710856,34.567977,True,False,False
VA123_SB,MD,720,32.489929,33.464440,1.000000,43,43.274573,1.000000,3,42.585239,1.000000,3,12:00,10.784645,10.095311,0.689334,33.193809,True,False,False
VA123_SB,MD,735,32.216627,33.464440,1.000000,43,44.006719,1.000000,3,43.313186,1.000000,3,12:15,11.790092,11.096559,0.693533,36.596293,True,False,False
VA123_SB,MD,750,32.138458,33.464440,1.000000,43,44.332439,1.000000,3,43.622017,1.000000,3,12:30,12.193980,11.483558,0.710422,37.942020,True,False,False
VA123_SB,MD,765,32.045894,33.464440,1.000000,43,44.629584,1.000000,3,43.904647,1.000000,3,12:45,12.583690,11.858753,0.724937,39.267713,True,False,False
VA123_SB,MD,780,32.010812,33.464440,1.000000,43,45.301094,1.000000,3,44.628610,1.000000,3,13:00,13.290283,12.617798,0.672484,41.518106,True,False,False
VA123_SB,MD,795,31.985324,33.464440,1.000000,43,45.788136,1.000000,3,45.258835,1.000000,3,13:15,13.802812,13.273510,0.529302,43.153578,True,False,False
VA123_SB,MD,810,32.056631,33.464440,0.988248,42,46.277762,1.000000,3,45.950716,1.000000,3,13:30,14.221131,13.894085,0.327046,44.362526,True,False,False
VA123_SB,MD,825,31.632047,33.464440,0.960719,41,46.789773,1.000000,3,46.725616,1.000000,3,13:45,15.157726,15.093569,0.064157,47.918892,True,False,False
VA123_SB,MD,840,31.564202,33.464440,0.898768,40,46.924190,1.000000,3,47.069325,1.000000,3,14:00,15.359988,15.505123,-0.145135,48.662684,True,False,False
VA123_SB,MD,855,31.541274,33.464440,0.926297,41,47.309225,1.000000,3,47.601041,1.000000,3,14:15,15.767951,16.059767,-0.291816,49.991482,True,False,False
VA123_SB,MD,870,30.567477,33.464440,1.000000,43,48.289091,1.000000,3,48.556141,1.000000,3,14:30,17.721613,17.988664,-0.267050,57.975388,True,False,False
VA123_SB,MD,885,29.672184,33.464440,1.000000,43,49.071899,1.000000,3,49.307167,1.000000,3,14:45,19.399714,19.634983,-0.235269,65.380136,True,False,False
VA234_NB,MD,540,41.531435,37.352736,1.000000,27,53.603613,1.000000,3,53.706421,1.000000,3,09:00,12.072178,12.174986,-0.102808,29.067569,False,False,False
VA234_NB,MD,555,41.652137,37.352736,1.000000,27,51.431985,1.000000,3,51.525095,1.000000,3,09:15,9.779848,9.872958,-0.093110,23.479822,False,False,False
VA234_NB,MD,570,41.658334,37.352736,1.000000,27,50.152212,1.000000,3,50.359816,1.000000,3,09:30,8.493878,8.701482,-0.207604,20.389384,False,False,False
VA234_NB,MD,585,41.644868,37.352736,1.000000,27,50.549037,1.000000,3,50.659668,1.000000,3,09:45,8.904169,9.014800,-0.110631,21.381192,False,False,False
VA234_NB,MD,600,42.206973,37.352736,1.000000,27,50.757869,1.000000,3,50.639693,1.000000,3,10:00,8.550896,8.432720,0.118176,20.259439,False,False,False
VA234_NB,MD,615,42.876648,37.352736,1.000000,27,50.471215,1.000000,3,50.094596,1.000000,3,10:15,7.594567,7.217948,0.376620,17.712595,False,False,False
VA234_NB,MD,630,42.118529,37.352736,0.922748,26,50.181896,1.000000,3,49.585583,1.000000,3,10:30,8.063367,7.467054,0.596312,19.144464,False,False,False
VA234_NB,MD,645,42.305997,37.352736,0.922748,26,49.885388,1.000000,3,49.156252,1.000000,3,10:45,7.579390,6.850255,0.729135,17.915641,False,False,False
VA234_NB,MD,660,42.787512,37.352736,0.954364,26,49.465140,1.000000,3,48.782740,1.000000,3,11:00,6.677628,5.995228,0.682400,15.606488,False,False,False
VA234_NB,MD,675,42.904471,37.352736,0.954364,26,47.664153,1.000000,3,47.221696,1.000000,3,11:15,4.759682,4.317224,0.442457,11.093673,False,False,False
VA234_NB,MD,690,44.470140,37.352736,0.930496,26,47.950143,1.000000,3,47.697430,1.000000,3,11:30,3.480003,3.227290,0.252713,7.825483,False,False,False
VA234_NB,MD,705,44.605324,37.352736,0.930496,26,47.781783,1.000000,3,47.554341,1.000000,3,11:45,3.176459,2.949018,0.227441,7.121256,False,False,False
VA234_NB,MD,720,42.846393,37.352736,1.000000,27,48.098417,1.000000,3,47.829950,1.000000,3,12:00,5.252023,4.983557,0.268466,12.257796,False,False,False
VA234_NB,MD,735,42.554804,37.352736,1.000000,27,48.800334,1.000000,3,48.437672,1.000000,3,12:15,6.245530,5.882868,0.362662,14.676439,False,False,False
VA234_NB,MD,750,42.391255,37.352736,1.000000,27,49.683944,1.000000,3,49.103831,1.000000,3,12:30,7.292690,6.712576,0.580114,17.203288,False,False,False
VA234_NB,MD,765,42.428577,37.352736,0.936555,26,49.617385,1.000000,3,48.995554,1.000000,3,12:45,7.188808,6.566977,0.621831,16.943317,False,False,False
VA234_NB,MD,780,42.444709,37.352736,0.936555,26,50.064059,1.000000,3,49.552129,1.000000,3,13:00,7.619350,7.107420,0.511930,17.951235,False,False,False
VA234_NB,MD,795,41.908817,37.352736,1.000000,27,50.630864,1.000000,3,50.282966,1.000000,3,13:15,8.722048,8.374149,0.347899,20.811964,False,False,False
VA234_NB,MD,810,41.559851,37.352736,1.000000,27,51.122263,1.000000,3,50.947362,1.000000,3,13:30,9.562412,9.387511,0.174902,23.008774,False,False,False
VA234_NB,MD,825,41.407883,37.352736,1.000000,27,51.523889,1.000000,3,51.545059,1.000000,3,13:45,10.116007,10.137176,-0.021170,24.430147,False,False,False
VA234_NB,MD,840,41.687187,37.352736,1.000000,27,52.062455,1.000000,3,52.238545,1.000000,3,14:00,10.375268,10.551359,-0.176090,24.888386,False,False,False
VA234_NB,MD,855,41.010164,37.352736,1.000000,27,52.222729,1.000000,3,52.550948,1.000000,3,14:15,11.212566,11.540784,-0.328218,27.340944,False,False,False
VA234_NB,MD,870,40.432862,37.352736,1.000000,27,53.176957,1.000000,3,53.491668,1.000000,3,14:30,12.744095,13.058806,-0.314711,31.519151,False,False,False
VA234_NB,MD,885,40.752592,37.352736,1.000000,27,53.927390,1.000000,3,54.146030,1.000000,3,14:45,13.174798,13.393438,-0.218640,32.328736,False,False,False
VA234_SB,MD,540,43.717214,37.416716,0.990160,24,54.121967,1.000000,3,54.276115,1.000000,3,09:00,10.404753,10.558901,-0.154148,23.800127,False,False,False
VA234_SB,MD,555,43.662470,37.416716,0.999201,25,53.526137,1.000000,3,53.966856,1.000000,3,09:15,9.863668,10.304386,-0.440719,22.590723,False,False,False
VA234_SB,MD,570,43.575734,37.416716,1.000000,26,52.864387,1.000000,3,53.269127,1.000000,3,09:30,9.288652,9.693393,-0.404741,21.316112,False,False,False
VA234_SB,MD,585,43.502098,37.416716,1.000000,26,52.194598,1.000000,3,52.386635,1.000000,3,09:45,8.692500,8.884537,-0.192037,19.981795,False,False,False
VA234_SB,MD,600,43.617348,37.416716,1.000000,26,51.516096,1.000000,3,51.487651,1.000000,3,10:00,7.898748,7.870303,0.028445,18.109188,False,False,False
VA234_SB,MD,615,43.871824,37.416716,1.000000,26,50.461177,1.000000,3,50.261374,1.000000,3,10:15,6.589353,6.389550,0.199803,15.019556,False,False,False
VA234_SB,MD,630,44.057965,37.416716,1.000000,26,49.732764,1.000000,3,49.324236,1.000000,3,10:30,5.674799,5.266271,0.408528,12.880302,False,False,False
VA234_SB,MD,645,44.401725,37.416716,0.975546,25,49.955830,1.000000,3,49.343707,1.000000,3,10:45,5.554105,4.941982,0.612123,12.508759,False,False,False
VA234_SB,MD,660,44.623840,37.416716,0.975546,25,49.534554,1.000000,3,48.813761,1.000000,3,11:00,4.910714,4.189921,0.720793,11.004687,False,False,False
VA234_SB,MD,675,44.567978,37.416716,0.990959,25,48.352756,1.000000,3,47.662638,1.000000,3,11:15,3.784778,3.094660,0.690118,8.492146,False,False,False
VA234_SB,MD,690,44.581774,37.416716,0.990959,25,48.619183,1.000000,3,47.903118,1.000000,3,11:30,4.037409,3.321344,0.716065,9.056187,False,False,False
VA234_SB,MD,705,44.018845,37.416716,1.000000,26,46.924408,1.000000,3,46.264633,1.000000,3,11:45,2.905563,2.245788,0.659775,6.600725,False,False,False
VA234_SB,MD,720,43.570500,37.416716,1.000000,26,48.266063,1.000000,3,47.519271,1.000000,3,12:00,4.695563,3.948771,0.746792,10.776932,False,False,False
VA234_SB,MD,735,43.370835,37.416716,0.990959,25,48.884446,1.000000,3,48.059152,1.000000,3,12:15,5.513612,4.688317,0.825295,12.712718,False,False,False
VA234_SB,MD,750,43.526950,37.416716,0.990959,25,49.187980,1.000000,3,48.325891,1.000000,3,12:30,5.661029,4.798941,0.862089,13.005803,False,False,False
VA234_SB,MD,765,43.213903,37.416716,1.000000,26,49.820224,1.000000,3,48.951983,1.000000,3,12:45,6.606322,5.738080,0.868241,15.287491,False,False,False
VA234_SB,MD,780,43.180004,37.416716,1.000000,26,50.195220,1.000000,3,49.428804,1.000000,3,13:00,7.015216,6.248800,0.766415,16.246445,False,False,False
VA234_SB,MD,795,43.587424,37.416716,1.000000,26,50.557702,1.000000,3,49.976858,1.000000,3,13:15,6.970278,6.389435,0.580843,15.991490,False,False,False
VA234_SB,MD,810,43.599998,37.416716,1.000000,26,50.913289,1.000000,3,50.573268,1.000000,3,13:30,7.313291,6.973270,0.340021,16.773603,False,False,False
VA234_SB,MD,825,43.306664,37.416716,1.000000,26,51.261137,1.000000,3,51.175541,1.000000,3,13:45,7.954473,7.868877,0.085596,18.367779,False,False,False
VA234_SB,MD,840,42.972602,37.416716,1.000000,26,51.431890,1.000000,3,51.559715,1.000000,3,14:00,8.459288,8.587113,-0.127825,19.685306,False,False,False
VA234_SB,MD,855,41.834110,37.416716,1.000000,26,51.145559,1.000000,3,51.460395,1.000000,3,14:15,9.311449,9.626285,-0.314837,22.258030,False,False,False
VA234_SB,MD,870,41.212362,37.416716,0.893951,25,51.937115,1.000000,3,52.200849,1.000000,3,14:30,10.724753,10.988487,-0.263734,26.023145,False,False,False
VA234_SB,MD,885,41.055854,37.416716,0.893951,25,52.799209,1.000000,3,53.003905,1.000000,3,14:45,11.743356,11.948051,-0.204696,28.603365,False,False,False
VA236_EB,MD,540,25.349848,31.528452,1.000000,25,44.027153,1.000000,3,43.987408,1.000000,3,09:00,18.677305,18.637560,0.039745,73.678174,True,False,False
VA236_EB,MD,555,25.715327,31.528452,1.000000,25,43.432676,1.000000,3,43.614313,1.000000,3,09:15,17.717349,17.898986,-0.181637,68.898013,True,False,False
VA236_EB,MD,570,25.823599,31.528452,1.000000,25,43.378648,1.000000,3,43.586296,1.000000,3,09:30,17.555049,17.762697,-0.207649,67.980643,True,False,False
VA236_EB,MD,585,25.832820,31.528452,1.000000,25,43.138895,1.000000,3,43.273254,1.000000,3,09:45,17.306075,17.440434,-0.134359,66.992588,True,False,False
VA236_EB,MD,600,26.212897,31.528452,1.000000,25,42.807918,1.000000,3,42.885977,1.000000,3,10:00,16.595021,16.673080,-0.078059,63.308612,True,False,False
VA236_EB,MD,615,26.255582,31.528452,1.000000,25,42.305429,1.000000,3,42.265661,1.000000,3,10:15,16.049847,16.010079,0.039768,61.129274,True,False,False
VA236_EB,MD,630,26.077055,31.528452,1.000000,25,42.163182,1.000000,3,41.978167,1.000000,3,10:30,16.086127,15.901112,0.185015,61.686902,True,False,False
VA236_EB,MD,645,25.842721,31.528452,1.000000,25,42.131614,1.000000,3,41.806358,1.000000,3,10:45,16.288893,15.963637,0.325256,63.030873,True,False,False
VA236_EB,MD,660,25.747850,31.528452,1.000000,25,41.909633,1.000000,3,41.430643,1.000000,3,11:00,16.161783,15.682793,0.478989,62.769446,True,False,False
VA236_EB,MD,675,25.666057,31.528452,1.000000,25,41.635556,1.000000,3,41.026011,1.000000,3,11:15,15.969499,15.359954,0.609545,62.220305,True,False,False
VA236_EB,MD,690,25.459869,31.528452,1.000000,25,41.451743,1.000000,3,40.755577,1.000000,3,11:30,15.991874,15.295708,0.696166,62.812084,True,False,False
VA236_EB,MD,705,25.175435,31.528452,1.000000,25,41.049033,1.000000,3,40.318876,1.000000,3,11:45,15.873597,15.143440,0.730157,63.051927,True,False,False
VA236_EB,MD,720,25.371864,31.528452,0.930546,24,40.913790,1.000000,3,40.162089,1.000000,3,12:00,15.541926,14.790225,0.751701,61.256540,True,False,False
VA236_EB,MD,735,25.053240,31.528452,0.930546,24,41.000154,1.000000,3,40.260928,1.000000,3,12:15,15.946914,15.207688,0.739226,63.652103,True,False,False
VA236_EB,MD,750,24.685404,31.528452,1.000000,25,40.497854,1.000000,3,39.767229,1.000000,3,12:30,15.812450,15.081825,0.730625,64.055869,True,False,False
VA236_EB,MD,765,24.459110,31.528452,1.000000,25,40.122551,1.000000,3,39.480601,1.000000,3,12:45,15.663441,15.021490,0.641951,64.039292,True,False,False
VA236_EB,MD,780,24.580072,31.528452,1.000000,25,40.585942,1.000000,3,39.953606,1.000000,3,13:00,16.005870,15.373535,0.632336,65.117266,True,False,False
VA236_EB,MD,795,24.681707,31.528452,1.000000,25,40.105566,1.000000,3,39.521392,1.000000,3,13:15,15.423860,14.839685,0.584174,62.491058,True,False,False
VA236_EB,MD,810,24.523870,31.528452,1.000000,25,40.756306,1.000000,3,40.188908,1.000000,3,13:30,16.232437,15.665038,0.567399,66.190356,True,False,False
VA236_EB,MD,825,24.476786,31.528452,1.000000,25,41.341338,1.000000,3,40.844118,1.000000,3,13:45,16.864553,16.367332,0.497221,68.900193,True,False,False
VA236_EB,MD,840,24.310669,31.528452,1.000000,25,41.660736,1.000000,3,41.313027,1.000000,3,14:00,17.350068,17.002359,0.347709,71.368123,True,False,False
VA236_EB,MD,855,23.932369,31.528452,1.000000,25,42.272378,1.000000,3,42.183198,1.000000,3,14:15,18.340009,18.250829,0.089180,76.632652,True,False,False
VA236_EB,MD,870,23.602112,31.528452,1.000000,25,43.236856,1.000000,3,43.380710,1.000000,3,14:30,19.634744,19.778598,-0.143854,83.190621,True,False,False
VA236_EB,MD,885,23.190340,31.528452,1.000000,25,43.758541,1.000000,3,43.998755,1.000000,3,14:45,20.568201,20.808415,-0.240214,88.692969,True,False,False
VA236_WB,MD,540,24.853248,31.500711,1.000000,25,44.905994,1.000000,3,44.956791,1.000000,3,09:00,20.052746,20.103543,-0.050797,80.684607,True,False,False
VA236_WB,MD,555,25.297226,31.500711,1.000000,25,43.814836,1.000000,3,44.076334,1.000000,3,09:15,18.517610,18.779107,-0.261497,73.200160,True,False,False
VA236_WB,MD,570,25.264325,31.500711,1.000000,25,43.291933,1.000000,3,43.617392,1.000000,3,09:30,18.027608,18.353067,-0.325459,71.355986,True,False,False
VA236_WB,MD,585,25.265235,31.500711,1.000000,25,43.387982,1.000000,3,43.670728,1.000000,3,09:45,18.122747,18.405493,-0.282746,71.729975,True,False,False
VA236_WB,MD,600,25.474368,31.500711,1.000000,25,42.952597,1.000000,3,43.082230,1.000000,3,10:00,17.478229,17.607861,-0.129633,68.611038,True,False,False
VA236_WB,MD,615,25.704275,31.500711,1.000000,25,42.557623,1.000000,3,42.489534,1.000000,3,10:15,16.853349,16.785260,0.068089,65.566326,True,False,False
VA236_WB,MD,630,25.867437,31.500711,1.000000,25,42.281298,1.000000,3,41.993605,1.000000,3,10:30,16.413860,16.126167,0.287693,63.453755,True,False,False
VA236_WB,MD,645,25.765180,31.500711,1.000000,25,41.931935,1.000000,3,41.439301,1.000000,3,10:45,16.166755,15.674121,0.492634,62.746524,True,False,False
VA236_WB,MD,660,25.637302,31.500711,1.000000,25,41.553945,1.000000,3,40.887116,1.000000,3,11:00,15.916642,15.249814,0.666828,62.083920,True,False,False
VA236_WB,MD,675,25.538693,31.500711,1.000000,25,41.102239,1.000000,3,40.323046,1.000000,3,11:15,15.563546,14.784353,0.779193,60.941045,True,False,False
VA236_WB,MD,690,25.611306,31.500711,1.000000,25,40.677939,1.000000,3,39.803144,1.000000,3,11:30,15.066633,14.191837,0.874795,58.828051,True,False,False
VA236_WB,MD,705,25.311889,31.500711,1.000000,25,40.288003,1.000000,3,39.439185,1.000000,3,11:45,14.976115,14.127296,0.848819,59.166326,True,False,False
VA236_WB,MD,720,25.002277,31.500711,1.000000,25,39.868332,1.000000,3,39.039164,1.000000,3,12:00,14.866054,14.036887,0.829168,59.458800,True,False,False
VA236_WB,MD,735,24.687849,31.500711,1.000000,25,39.260677,1.000000,3,38.467880,1.000000,3,12:15,14.572827,13.780031,0.792797,59.028340,True,False,False
VA236_WB,MD,750,24.653991,31.500711,1.000000,25,39.740228,1.000000,3,38.990155,1.000000,3,12:30,15.086237,14.336164,0.750073,61.191865,True,False,False
VA236_WB,MD,765,24.542547,31.500711,1.000000,25,39.209047,1.000000,3,38.511909,1.000000,3,12:45,14.666500,13.969363,0.697137,59.759487,True,False,False
VA236_WB,MD,780,24.439924,31.500711,1.000000,25,39.366192,1.000000,3,38.650798,1.000000,3,13:00,14.926268,14.210874,0.715393,61.073299,True,False,False
VA236_WB,MD,795,24.399085,31.500711,1.000000,25,40.371713,1.000000,3,39.653443,1.000000,3,13:15,15.972629,15.254359,0.718270,65.464048,True,False,False
VA236_WB,MD,810,24.551543,31.500711,1.000000,25,41.028543,1.000000,3,40.401566,1.000000,3,13:30,16.477000,15.850022,0.626977,67.111870,True,False,False
VA236_WB,MD,825,24.425698,31.500711,1.000000,25,41.215109,1.000000,3,40.753145,1.000000,3,13:45,16.789411,16.327447,0.461964,68.736667,True,False,False
VA236_WB,MD,840,24.263230,31.500711,1.000000,25,41.554134,1.000000,3,41.409543,1.000000,3,14:00,17.290904,17.146313,0.144592,71.263820,True,False,False
VA236_WB,MD,855,24.208821,31.500711,1.000000,25,42.835996,1.000000,3,42.876568,1.000000,3,14:15,18.627175,18.667747,-0.040572,76.943754,True,False,False
VA236_WB,MD,870,23.516934,31.500711,0.908184,24,43.995970,1.000000,3,44.210558,1.000000,3,14:30,20.479036,20.693624,-0.214588,87.082084,True,False,False
VA236_WB,MD,885,,31.500711,0.784390,23,45.059192,1.000000,3,45.397789,1.000000,3,14:45,,,-0.338597,,,False,False
VA237_EB,MD,540,18.972129,31.500000,1.000000,15,37.168180,1.000000,3,37.496532,1.000000,3,09:00,18.196051,18.524403,-0.328352,95.909381,True,False,False
VA237_EB,MD,555,19.653206,31.500000,1.000000,15,36.211567,1.000000,3,36.894174,1.000000,3,09:15,16.558361,17.240968,-0.682607,84.252720,True,False,False
VA237_EB,MD,570,19.835689,31.500000,1.000000,15,35.879248,1.000000,3,36.668058,1.000000,3,09:30,16.043559,16.832369,-0.788810,80.882287,True,False,False
VA237_EB,MD,585,20.114097,31.500000,1.000000,15,36.039343,1.000000,3,36.659955,1.000000,3,09:45,15.925247,16.545859,-0.620612,79.174556,True,False,False
VA237_EB,MD,600,20.102051,31.500000,0.997729,14,36.295405,1.000000,3,36.614033,1.000000,3,10:00,16.193355,16.511982,-0.318627,80.555734,True,False,False
VA237_EB,MD,615,20.187749,31.500000,0.997729,14,36.223708,1.000000,3,36.255435,1.000000,3,10:15,16.035960,16.067686,-0.031726,79.434114,True,False,False
VA237_EB,MD,630,20.137348,31.500000,1.000000,15,35.943920,1.000000,3,35.797912,1.000000,3,10:30,15.806572,15.660564,0.146008,78.493809,True,False,False
VA237_EB,MD,645,20.151538,31.500000,1.000000,15,35.654288,1.000000,3,35.360485,1.000000,3,10:45,15.502749,15.208947,0.293802,76.930846,True,False,False
VA237_EB,MD,660,20.099834,31.500000,1.000000,15,35.359002,1.000000,3,34.973721,1.000000,3,11:00,15.259169,14.873887,0.385282,75.916892,True,False,False
VA237_EB,MD,675,20.098949,31.500000,1.000000,15,35.057647,1.000000,3,34.669782,1.000000,3,11:15,14.958698,14.570833,0.387865,74.425274,True,False,False
VA237_EB,MD,690,20.132126,31.500000,1.000000,15,34.479051,1.000000,3,34.168073,1.000000,3,11:30,14.346925,14.035948,0.310977,71.263835,True,False,False
VA237_EB,MD,705,19.859690,31.500000,1.000000,15,33.697477,1.000000,3,33.386589,1.000000,3,11:45,13.837788,13.526899,0.310889,69.677763,True,False,False
VA237_EB,MD,720,19.781717,31.500000,1.000000,15,33.244652,1.000000,3,32.901070,1.000000,3,12:00,13.462936,13.119354,0.343582,68.057469,True,False,False
VA237_EB,MD,735,19.750794,31.500000,1.000000,15,34.415967,1.000000,3,34.017105,1.000000,3,12:15,14.665173,14.266311,0.398862,74.251055,True,False,False
VA237_EB,MD,750,19.658751,31.500000,1.000000,15,34.718099,1.000000,3,34.317354,1.000000,3,12:30,15.059348,14.658603,0.400745,76.603790,True,False,False
VA237_EB,MD,765,19.632095,31.500000,1.000000,15,34.454174,1.000000,3,34.063538,1.000000,3,12:45,14.822079,14.431443,0.390636,75.499220,True,False,False
VA237_EB,MD,780,19.779791,31.500000,1.000000,15,34.193284,1.000000,3,33.861394,1.000000,3,13:00,14.413493,14.081603,0.331890,72.869794,True,False,False
VA237_EB,MD,795,19.785485,31.500000,1.000000,15,35.417935,1.000000,3,35.089786,1.000000,3,13:15,15.632450,15.304302,0.328149,79.009690,True,False,False
VA237_EB,MD,810,19.840001,31.500000,1.000000,15,35.795403,1.000000,3,35.549955,1.000000,3,13:30,15.955402,15.709954,0.245448,80.420367,True,False,False
VA237_EB,MD,825,19.751409,31.500000,1.000000,15,36.166646,1.000000,3,36.092781,1.000000,3,13:45,16.415237,16.341371,0.073866,83.109193,True,False,False
VA237_EB,MD,840,19.564838,31.500000,1.000000,15,36.263378,1.000000,3,36.321330,1.000000,3,14:00,16.698540,16.756492,-0.057952,85.349747,True,False,False
VA237_EB,MD,855,19.582030,31.500000,1.000000,15,36.466084,1.000000,3,36.652093,1.000000,3,14:15,16.884054,17.070063,-0.186009,86.222186,True,False,False
VA237_EB,MD,870,19.484228,31.500000,1.000000,15,37.534179,1.000000,3,37.713841,1.000000,3,14:30,18.049951,18.229613,-0.179662,92.638778,True,False,False
VA237_EB,MD,885,19.159422,31.500000,1.000000,15,38.231306,1.000000,3,38.443035,1.000000,3,14:45,19.071884,19.283613,-0.211729,99.543107,True,False,False
VA237_NB,MD,540,28.034878,31.500000,1.000000,3,42.632116,1.000000,3,42.794333,1.000000,3,09:00,14.597239,14.759455,-0.162217,52.068137,True,False,False
VA237_NB,MD,555,28.233150,31.500000,1.000000,3,42.047490,1.000000,3,42.523429,1.000000,3,09:15,13.814340,14.290279,-0.475939,48.929502,True,False,False
VA237_NB,MD,570,27.672615,31.500000,1.000000,3,41.461038,1.000000,3,41.991680,1.000000,3,09:30,13.788423,14.319065,-0.530642,49.826962,True,False,False
VA237_NB,MD,585,27.652804,31.500000,1.000000,3,40.872637,1.000000,3,41.277025,1.000000,3,09:45,13.219833,13.624221,-0.404388,47.806482,True,False,False
VA237_NB,MD,600,27.654936,31.500000,1.000000,3,40.282655,1.000000,3,40.458062,1.000000,3,10:00,12.627719,12.803126,-0.175407,45.661718,True,False,False
VA237_NB,MD,615,28.396504,31.500000,1.000000,3,39.690994,1.000000,3,39.614770,1.000000,3,10:15,11.294490,11.218267,0.076224,39.774229,True,False,False
VA237_NB,MD,630,28.798477,31.500000,1.000000,3,39.097493,1.000000,3,38.828835,1.000000,3,10:30,10.299016,10.030359,0.268658,35.762364,True,False,False
VA237_NB,MD,645,,31.500000,0.024032,2,38.501834,1.000000,3,38.183469,1.000000,3,10:45,,,0.318365,,,False,False
VA237_NB,MD,660,,31.500000,0.024032,2,37.904349,1.000000,3,37.762575,1.000000,3,11:00,,,0.141775,,,False,False
VA237_NB,MD,675,28.538114,31.500000,1.000000,3,36.265148,1.000000,3,36.463963,1.000000,3,11:15,7.727034,7.925849,-0.198815,27.076190,True,False,False
VA237_NB,MD,690,28.169407,31.500000,1.000000,3,33.884782,1.000000,3,34.026268,1.000000,3,11:30,5.715375,5.856861,-0.141486,20.289299,True,False,False
VA237_NB,MD,705,28.155222,31.500000,1.000000,3,37.466937,1.000000,3,37.544550,1.000000,3,11:45,9.311714,9.389328,-0.077614,33.072778,True,False,False
VA237_NB,MD,720,27.676183,31.500000,1.000000,3,37.410621,1.000000,3,37.238069,1.000000,3,12:00,9.734438,9.561886,0.172552,35.172617,True,False,False
VA237_NB,MD,735,27.691091,31.500000,1.000000,3,38.314387,1.000000,3,38.002721,1.000000,3,12:15,10.623296,10.311631,0.311666,38.363590,True,False,False
VA237_NB,MD,750,27.719419,31.500000,1.000000,3,38.740354,1.000000,3,38.403190,1.000000,3,12:30,11.020934,10.683770,0.337164,39.758892,True,False,False
VA237_NB,MD,765,27.694526,31.500000,1.000000,3,39.165672,1.000000,3,38.900739,1.000000,3,12:45,11.471146,11.206213,0.264933,41.420264,True,False,False
VA237_NB,MD,780,28.235086,31.500000,1.000000,3,39.590523,1.000000,3,39.465080,1.000000,3,13:00,11.355437,11.229994,0.125443,40.217469,True,False,False
VA237_NB,MD,795,28.219671,31.500000,1.000000,3,40.014497,1.000000,3,40.066096,1.000000,3,13:15,11.794826,11.846424,-0.051598,41.796468,True,False,False
VA237_NB,MD,810,28.493273,31.500000,1.000000,3,40.437921,1.000000,3,40.673876,1.000000,3,13:30,11.944648,12.180603,-0.235955,41.920942,True,False,False
VA237_NB,MD,825,27.892362,31.500000,1.000000,3,40.860945,1.000000,3,41.258717,1.000000,3,13:45,12.968583,13.366355,-0.397772,46.495103,True,False,False
VA237_NB,MD,840,27.639761,31.500000,1.000000,3,41.283178,1.000000,3,41.791090,1.000000,3,14:00,13.643418,14.151329,-0.507911,49.361563,True,False,False
VA237_NB,MD,855,27.955368,31.500000,1.000000,3,41.704958,1.000000,3,42.241600,1.000000,3,14:15,13.749590,14.286232,-0.536642,49.184080,True,False,False
VA237_NB,MD,870,28.057403,31.500000,1.000000,3,42.126029,1.000000,3,42.580921,1.000000,3,14:30,14.068626,14.523518,-0.454892,50.142295,True,False,False
VA237_NB,MD,885,28.053083,31.500000,1.000000,3,42.546752,1.000000,3,42.779726,1.000000,3,14:45,14.493669,14.726642,-0.232973,51.665155,True,False,False
VA237_SB,MD,540,27.529609,31.500000,1.000000,3,42.722353,1.000000,3,42.815311,1.000000,3,09:00,15.192744,15.285703,-0.092959,55.186923,True,False,False
VA237_SB,MD,555,27.309927,31.500000,1.000000,3,42.408420,1.000000,3,42.717820,1.000000,3,09:15,15.098494,15.407893,-0.309399,55.285735,True,False,False
VA237_SB,MD,570,26.971265,31.500000,1.000000,3,42.093463,1.000000,3,42.518705,1.000000,3,09:30,15.122198,15.547439,-0.425241,56.067810,True,False,False
VA237_SB,MD,585,27.060744,31.500000,1.000000,3,41.776656,1.000000,3,42.236398,1.000000,3,09:45,14.715911,15.175653,-0.459742,54.381030,True,False,False
VA237_SB,MD,600,27.165060,31.500000,1.000000,3,41.458428,1.000000,3,41.890009,1.000000,3,10:00,14.293369,14.724949,-0.431581,52.616740,True,False,False
VA237_SB,MD,615,27.443678,31.500000,1.000000,3,41.138694,1.000000,3,41.500173,1.000000,3,10:15,13.695016,14.056494,-0.361479,49.902260,True,False,False
VA237_SB,MD,630,27.572628,31.500000,1.000000,3,40.817293,1.000000,3,41.089483,1.000000,3,10:30,13.244664,13.516854,-0.272190,48.035552,True,False,False
VA237_SB,MD,645,27.589687,31.500000,1.000000,3,40.493911,1.000000,3,40.682320,1.000000,3,10:45,12.904224,13.092633,-0.188409,46.771909,True,False,False
VA237_SB,MD,660,27.145777,31.500000,1.000000,3,40.168938,1.000000,3,40.303820,1.000000,3,11:00,13.023161,13.158042,-0.134882,47.974904,True,False,False
VA237_SB,MD,675,27.018344,31.500000,1.000000,3,39.561975,1.000000,3,39.644020,1.000000,3,11:15,12.543631,12.625676,-0.082045,46.426350,True,False,False
VA237_SB,MD,690,26.817638,31.500000,1.000000,3,39.068937,1.000000,3,39.052806,1.000000,3,11:30,12.251300,12.235169,0.016131,45.683740,True,False,False
VA237_SB,MD,705,26.605618,31.500000,1.000000,3,39.450193,1.000000,3,39.317398,1.000000,3,11:45,12.844575,12.711780,0.132795,48.277680,True,False,False
VA237_SB,MD,720,26.911336,31.500000,1.000000,3,39.303346,1.000000,3,39.037146,1.000000,3,12:00,12.392010,12.125810,0.266200,46.047547,True,False,False
VA237_SB,MD,735,26.491686,31.500000,1.000000,3,39.146988,1.000000,3,38.788764,1.000000,3,12:15,12.655302,12.297078,0.358224,47.770846,True,False,False
VA237_SB,MD,750,26.320923,31.500000,1.000000,3,38.987092,1.000000,3,38.582085,1.000000,3,12:30,12.666169,12.261162,0.405007,48.122055,True,False,False
VA237_SB,MD,765,26.048579,31.500000,1.000000,3,38.823448,1.000000,3,38.417920,1.000000,3,12:45,12.774869,12.369341,0.405528,49.042480,True,False,False
VA237_SB,MD,780,26.492366,31.500000,1.000000,3,38.656291,1.000000,3,38.298016,1.000000,3,13:00,12.163926,11.805651,0.358275,45.914834,True,False,False
VA237_SB,MD,795,26.218302,31.500000,1.000000,3,38.485424,1.000000,3,38.225107,1.000000,3,13:15,12.267121,12.006804,0.260317,46.788389,True,False,False
VA237_SB,MD,810,25.939389,31.500000,1.000000,3,38.311301,1.000000,3,38.202804,1.000000,3,13:30,12.371912,12.263414,0.108497,47.695464,True,False,False
VA237_SB,MD,825,25.728799,31.500000,1.000000,3,37.956200,1.000000,3,38.014814,1.000000,3,13:45,12.227401,12.286014,-0.058613,47.524180,True,False,False
VA237_SB,MD,840,25.511248,31.500000,1.000000,3,34.722256,1.000000,3,34.902036,1.000000,3,14:00,9.211008,9.390789,-0.179780,36.105676,True,False,False
VA237_SB,MD,855,25.465732,31.500000,1.000000,3,38.005796,1.000000,3,37.982230,1.000000,3,14:15,12.540064,12.516498,0.023566,49.242895,True,False,False
VA237_SB,MD,870,25.481549,31.500000,1.000000,3,39.754952,1.000000,3,39.746023,1.000000,3,14:30,14.273403,14.264473,0.008929,56.014658,True,False,False
VA237_SB,MD,885,25.508835,31.500000,1.000000,3,41.071742,1.000000,3,41.457124,1.000000,3,14:45,15.562907,15.948288,-0.385382,61.009867,True,False,False
VA237_WB,MD,540,18.708382,31.500000,1.000000,14,45.467690,1.000000,3,45.658967,1.000000,3,09:00,26.759308,26.950585,-0.191277,143.033795,True,False,False
VA237_WB,MD,555,19.431221,31.500000,1.000000,14,44.760293,1.000000,3,45.303448,1.000000,3,09:15,25.329071,25.872226,-0.543155,130.352441,True,False,False
VA237_WB,MD,570,19.937434,31.500000,1.000000,14,44.046394,1.000000,3,44.636701,1.000000,3,09:30,24.108960,24.699268,-0.590307,120.923089,True,False,False
VA237_WB,MD,585,19.976918,31.500000,0.997696,13,43.325422,1.000000,3,43.813358,1.000000,3,09:45,23.348504,23.836440,-0.487936,116.877409,True,False,False
VA237_WB,MD,600,20.071761,31.500000,0.997696,13,42.374930,1.000000,3,42.710042,1.000000,3,10:00,22.303169,22.638281,-0.335113,111.117151,True,False,False
VA237_WB,MD,615,20.297196,31.500000,1.000000,14,41.771961,1.000000,3,41.879699,1.000000,3,10:15,21.474765,21.582503,-0.107738,105.801634,True,False,False
VA237_WB,MD,630,20.384321,31.500000,1.000000,14,41.429526,1.000000,3,41.331296,1.000000,3,10:30,21.045205,20.946975,0.098230,103.242122,True,False,False
VA237_WB,MD,645,20.203444,31.500000,1.000000,14,40.825173,1.000000,3,40.613382,1.000000,3,10:45,20.621729,20.409938,0.211790,102.070362,True,False,False
VA237_WB,MD,660,20.298581,31.500000,1.000000,14,39.955158,1.000000,3,39.720107,1.000000,3,11:00,19.656577,19.421526,0.235051,96.837201,True,False,False
VA237_WB,MD,675,20.390427,31.500000,1.000000,14,39.222627,1.000000,3,39.030810,1.000000,3,11:15,18.832200,18.640383,0.191817,92.358045,True,False,False
VA237_WB,MD,690,19.906780,31.500000,1.000000,14,38.170369,1.000000,3,38.173857,1.000000,3,11:30,18.263589,18.267077,-0.003488,91.745569,True,False,False
VA237_WB,MD,705,19.653131,31.500000,1.000000,14,37.731228,1.000000,3,37.807761,1.000000,3,11:45,18.078096,18.154630,-0.076534,91.985831,True,False,False
VA237_WB,MD,720,19.701138,31.500000,1.000000,14,38.441389,1.000000,3,38.647493,1.000000,3,12:00,18.740251,18.946355,-0.206104,95.122682,True,False,False
VA237_WB,MD,735,19.821368,31.500000,1.000000,14,36.964019,1.000000,3,37.195760,1.000000,3,12:15,17.142651,17.374392,-0.231741,86.485712,True,False,False
VA237_WB,MD,750,19.904741,31.500000,1.000000,14,38.328171,1.000000,3,38.571640,1.000000,3,12:30,18.423430,18.666899,-0.243469,92.557997,True,False,False
VA237_WB,MD,765,19.980616,31.500000,1.000000,14,39.606266,1.000000,3,39.621018,1.000000,3,12:45,19.625650,19.640402,-0.014752,98.223446,True,False,False
VA237_WB,MD,780,19.874265,31.500000,1.000000,14,40.676735,1.000000,3,40.428480,1.000000,3,13:00,20.802470,20.554215,0.248256,104.670386,True,False,False
VA237_WB,MD,795,19.746371,31.500000,1.000000,14,41.366968,1.000000,3,41.163331,1.000000,3,13:15,21.620597,21.416960,0.203637,109.491500,True,False,False
VA237_WB,MD,810,19.828591,31.500000,1.000000,14,41.990609,1.000000,3,41.990961,1.000000,3,13:30,22.162018,22.162370,-0.000352,111.767992,True,False,False
VA237_WB,MD,825,19.669190,31.500000,1.000000,14,42.607485,1.000000,3,42.863249,1.000000,3,13:45,22.938295,23.194058,-0.255763,116.620435,True,False,False
VA237_WB,MD,840,19.579049,31.500000,1.000000,14,43.218169,1.000000,3,43.704741,1.000000,3,14:00,23.639120,24.125692,-0.486572,120.736812,True,False,False
VA237_WB,MD,855,19.696401,31.500000,1.000000,14,43.822647,1.000000,3,44.445586,1.000000,3,14:15,24.126246,24.749185,-0.622939,122.490627,True,False,False
VA237_WB,MD,870,19.748203,31.500000,1.000000,14,44.310752,1.000000,3,44.907130,1.000000,3,14:30,24.562550,25.158928,-0.596378,124.378659,True,False,False
VA237_WB,MD,885,19.403726,31.500000,1.000000,14,44.842145,1.000000,3,45.167500,1.000000,3,14:45,25.438419,25.763774,-0.325355,131.100688,True,False,False
VA244_EB,MD,540,23.126457,31.500000,0.913465,17,43.310825,1.000000,3,43.434108,1.000000,3,09:00,20.184368,20.307651,-0.123283,87.278253,True,False,False
VA244_EB,MD,555,23.462495,31.500000,0.913465,17,42.740502,1.000000,3,42.984083,1.000000,3,09:15,19.278007,19.521588,-0.243581,82.165204,True,False,False
VA244_EB,MD,570,23.498859,31.500000,0.984018,17,42.113861,1.000000,3,42.338228,1.000000,3,09:30,18.615002,18.839369,-0.224368,79.216620,True,False,False
VA244_EB,MD,585,23.394220,31.500000,0.984018,17,41.433282,1.000000,3,41.629316,1.000000,3,09:45,18.039062,18.235096,-0.196034,77.109055,True,False,False
VA244_EB,MD,600,23.528550,31.500000,0.913465,17,40.879742,1.000000,3,41.055932,1.000000,3,10:00,17.351193,17.527383,-0.176190,73.745271,True,False,False
VA244_EB,MD,615,23.439310,31.500000,0.913465,17,40.885738,1.000000,3,40.914006,1.000000,3,10:15,17.446428,17.474696,-0.028268,74.432348,True,False,False
VA244_EB,MD,630,23.311816,31.500000,0.997807,17,40.794868,1.000000,3,40.672886,1.000000,3,10:30,17.483052,17.361070,0.121982,74.996526,True,False,False
VA244_EB,MD,645,23.199425,31.500000,0.997807,17,40.606908,1.000000,3,40.310945,1.000000,3,10:45,17.407484,17.111520,0.295963,75.034118,True,False,False
VA244_EB,MD,660,23.176295,31.500000,1.000000,18,40.372381,1.000000,3,39.926102,1.000000,3,11:00,17.196086,16.749807,0.446279,74.196872,True,False,False
VA244_EB,MD,675,23.135774,31.500000,1.000000,18,40.134376,1.000000,3,39.581150,1.000000,3,11:15,16.998602,16.445376,0.553226,73.473238,True,False,False
VA244_EB,MD,690,23.083560,31.500000,1.000000,18,39.720882,1.000000,3,39.112283,1.000000,3,11:30,16.637322,16.028723,0.608599,72.074333,True,False,False
VA244_EB,MD,705,22.977492,31.500000,1.000000,18,39.671444,1.000000,3,39.082658,1.000000,3,11:45,16.693952,16.105166,0.588785,72.653498,True,False,False
VA244_EB,MD,720,22.771507,31.500000,1.000000,18,38.885669,1.000000,3,38.377449,1.000000,3,12:00,16.114162,15.605942,0.508219,70.764581,True,False,False
VA244_EB,MD,735,22.572495,31.500000,1.000000,18,38.205702,1.000000,3,37.783025,1.000000,3,12:15,15.633207,15.210530,0.422677,69.257770,True,False,False
VA244_EB,MD,750,22.701541,31.500000,1.000000,18,38.810752,1.000000,3,38.381260,1.000000,3,12:30,16.109212,15.679719,0.429492,70.960873,True,False,False
VA244_EB,MD,765,22.776272,31.500000,1.000000,18,38.167638,1.000000,3,37.766761,1.000000,3,12:45,15.391366,14.990488,0.400878,67.576317,True,False,False
VA244_EB,MD,780,22.858469,31.500000,1.000000,18,39.364283,1.000000,3,38.915657,1.000000,3,13:00,16.505813,16.057188,0.448626,72.208742,True,False,False
VA244_EB,MD,795,22.643868,31.500000,1.000000,18,39.879056,1.000000,3,39.414314,1.000000,3,13:15,17.235188,16.770445,0.464742,76.114149,True,False,False
VA244_EB,MD,810,22.590319,31.500000,0.997807,17,40.508748,1.000000,3,40.127409,1.000000,3,13:30,17.918428,17.537090,0.381339,79.319056,True,False,False
VA244_EB,MD,825,22.647807,31.500000,0.997807,17,40.811116,1.000000,3,40.631561,1.000000,3,13:45,18.163309,17.983754,0.179556,80.198977,True,False,False
VA244_EB,MD,840,22.588546,31.500000,1.000000,18,41.079149,1.000000,3,41.140889,1.000000,3,14:00,18.490603,18.552344,-0.061741,81.858316,True,False,False
VA244_EB,MD,855,22.548979,31.500000,1.000000,18,41.975278,1.000000,3,42.205044,1.000000,3,14:15,19.426299,19.656065,-0.229765,86.151570,True,False,False
VA244_EB,MD,870,22.322059,31.500000,1.000000,18,42.550583,1.000000,3,42.897700,1.000000,3,14:30,20.228524,20.575640,-0.347117,90.621225,True,False,False
VA244_EB,MD,885,22.400411,31.500000,1.000000,18,43.120691,1.000000,3,43.374895,1.000000,3,14:45,20.720279,20.974484,-0.254204,92.499549,True,False,False
VA244_WB,MD,540,22.605591,31.500000,0.998772,20,42.567484,1.000000,3,42.617045,1.000000,3,09:00,19.961893,20.011454,-0.049561,88.305115,True,False,False
VA244_WB,MD,555,22.627433,31.500000,1.000000,21,41.823127,1.000000,3,41.947146,1.000000,3,09:15,19.195694,19.319713,-0.124019,84.833723,True,False,False
VA244_WB,MD,570,22.620519,31.500000,1.000000,21,41.681705,1.000000,3,41.820743,1.000000,3,09:30,19.061186,19.200224,-0.139038,84.265025,True,False,False
VA244_WB,MD,585,22.526416,31.500000,1.000000,21,41.107888,1.000000,3,41.216577,1.000000,3,09:45,18.581473,18.690161,-0.108689,82.487480,True,False,False
VA244_WB,MD,600,22.935981,31.500000,0.977032,20,41.489918,1.000000,3,41.520421,1.000000,3,10:00,18.553937,18.584440,-0.030503,80.894457,True,False,False
VA244_WB,MD,615,22.916095,31.500000,0.977032,20,41.305840,1.000000,3,41.211947,1.000000,3,10:15,18.389745,18.295851,0.093893,80.248161,True,False,False
VA244_WB,MD,630,22.790549,31.500000,0.984451,20,41.071528,1.000000,3,40.852873,1.000000,3,10:30,18.280980,18.062324,0.218655,80.212987,True,False,False
VA244_WB,MD,645,22.722558,31.500000,0.984451,20,40.933326,1.000000,3,40.603074,1.000000,3,10:45,18.210768,17.880515,0.330252,80.144003,True,False,False
VA244_WB,MD,660,22.345887,31.500000,0.991649,20,40.743472,1.000000,3,40.338517,1.000000,3,11:00,18.397585,17.992629,0.404956,82.330965,True,False,False
VA244_WB,MD,675,22.266902,31.500000,0.991649,20,40.481273,1.000000,3,40.030166,1.000000,3,11:15,18.214371,17.763264,0.451107,81.800205,True,False,False
VA244_WB,MD,690,22.149724,31.500000,1.000000,21,39.666687,1.000000,3,39.223158,1.000000,3,11:30,17.516963,17.073434,0.443529,79.084342,True,False,False
VA244_WB,MD,705,22.110865,31.500000,1.000000,21,39.688491,1.000000,3,39.203912,1.000000,3,11:45,17.577626,17.093046,0.484580,79.497685,True,False,False
VA244_WB,MD,720,21.845796,31.500000,1.000000,21,40.174467,1.000000,3,39.626558,1.000000,3,12:00,18.328671,17.780762,0.547909,83.900220,True,False,False
VA244_WB,MD,735,21.705889,31.500000,1.000000,21,40.316571,1.000000,3,39.734172,1.000000,3,12:15,18.610683,18.028283,0.582400,85.740248,True,False,False
VA244_WB,MD,750,21.744181,31.500000,1.000000,21,40.333252,1.000000,3,39.756570,1.000000,3,12:30,18.589071,18.012389,0.576682,85.489869,True,False,False
VA244_WB,MD,765,21.762267,31.500000,1.000000,21,40.345668,1.000000,3,39.831791,1.000000,3,12:45,18.583400,18.069523,0.513877,85.392758,True,False,False
VA244_WB,MD,780,21.714220,31.500000,1.000000,21,39.956463,1.000000,3,39.534594,1.000000,3,13:00,18.242243,17.820374,0.421869,84.010584,True,False,False
VA244_WB,MD,795,21.776276,31.500000,1.000000,21,40.277011,1.000000,3,39.978371,1.000000,3,13:15,18.500735,18.202095,0.298640,84.958212,True,False,False
VA244_WB,MD,810,21.723452,31.500000,1.000000,21,40.004936,1.000000,3,39.785143,1.000000,3,13:30,18.281484,18.061691,0.219793,84.155520,True,False,False
VA244_WB,MD,825,21.666892,31.500000,1.000000,21,39.514157,1.000000,3,39.366644,1.000000,3,13:45,17.847265,17.699752,0.147513,82.371139,True,False,False
VA244_WB,MD,840,21.706178,31.500000,1.000000,21,40.604339,1.000000,3,40.477082,1.000000,3,14:00,18.898161,18.770905,0.127256,87.063513,True,False,False
VA244_WB,MD,855,21.858949,31.500000,1.000000,21,41.635744,1.000000,3,41.541859,1.000000,3,14:15,19.776795,19.682910,0.093885,90.474591,True,False,False
VA244_WB,MD,870,21.526478,31.500000,1.000000,21,42.359461,1.000000,3,42.485062,1.000000,3,14:30,20.832983,20.958584,-0.125601,96.778407,True,False,False
VA244_WB,MD,885,21.446260,31.500000,1.000000,21,43.077890,1.000000,3,43.310705,1.000000,3,14:45,21.631630,21.864445,-0.232815,100.864346,True,False,False
VA267_EB,MD,540,65.149683,47.336943,0.943268,41,67.395722,1.000000,3,67.491652,1.000000,3,09:00,2.246039,2.341969,-0.095930,3.447506,False,False,False
VA267_EB,MD,555,65.216537,47.336943,1.000000,43,67.467241,1.000000,3,67.705916,1.000000,3,09:15,2.250703,2.489379,-0.238676,3.451124,False,False,False
VA267_EB,MD,570,65.018015,47.336943,1.000000,43,67.608709,1.000000,3,67.823236,1.000000,3,09:30,2.590694,2.805221,-0.214527,3.984579,False,False,False
VA267_EB,MD,585,65.465219,47.336943,1.000000,43,67.523219,1.000000,3,67.731732,1.000000,3,09:45,2.057999,2.266513,-0.208513,3.143653,False,False,False
VA267_EB,MD,600,65.701412,47.336943,1.000000,43,67.436778,1.000000,3,67.625081,1.000000,3,10:00,1.735366,1.923670,-0.188303,2.641292,False,False,False
VA267_EB,MD,615,65.876128,47.336943,1.000000,43,67.349381,1.000000,3,67.511945,1.000000,3,10:15,1.473253,1.635816,-0.162564,2.236398,False,False,False
VA267_EB,MD,630,65.918174,47.336943,1.000000,43,67.260962,1.000000,3,67.401327,1.000000,3,10:30,1.342788,1.483153,-0.140365,2.037053,False,False,False
VA267_EB,MD,645,65.835213,47.336943,0.976397,42,67.171546,1.000000,3,67.302632,1.000000,3,10:45,1.336333,1.467418,-0.131086,2.029814,False,False,False
VA267_EB,MD,660,65.711991,47.336943,0.976397,42,67.081930,1.000000,3,67.225514,1.000000,3,11:00,1.369939,1.513523,-0.143584,2.084762,False,False,False
VA267_EB,MD,675,65.657502,47.336943,1.000000,43,66.658912,1.000000,3,67.022675,1.000000,3,11:15,1.001410,1.365173,-0.363763,1.525203,False,False,False
VA267_EB,MD,690,65.479611,47.336943,1.000000,43,66.806596,1.000000,3,67.000793,1.000000,3,11:30,1.326985,1.521182,-0.194197,2.026563,False,False,False
VA267_EB,MD,705,65.547269,47.336943,1.000000,43,66.889076,1.000000,3,67.095736,1.000000,3,11:45,1.341807,1.548467,-0.206660,2.047083,False,False,False
VA267_EB,MD,720,65.445848,47.336943,1.000000,43,66.390399,1.000000,3,66.588327,1.000000,3,12:00,0.944551,1.142479,-0.197928,1.443255,False,False,False
VA267_EB,MD,735,65.503854,47.336943,1.000000,43,67.119413,1.000000,3,67.274468,1.000000,3,12:15,1.615558,1.770613,-0.155055,2.466356,False,False,False
VA267_EB,MD,750,65.640101,47.336943,1.000000,43,67.232883,1.000000,3,67.356847,1.000000,3,12:30,1.592781,1.716746,-0.123964,2.426537,False,False,False
VA267_EB,MD,765,65.408640,47.336943,1.000000,43,67.345525,1.000000,3,67.461905,1.000000,3,12:45,1.936885,2.053265,-0.116380,2.961206,False,False,False
VA267_EB,MD,780,65.430006,47.336943,1.000000,43,67.457313,1.000000,3,67.582295,1.000000,3,13:00,2.027307,2.152288,-0.124981,3.098436,False,False,False
VA267_EB,MD,795,65.446236,47.336943,1.000000,43,67.568225,1.000000,3,67.710774,1.000000,3,13:15,2.121989,2.264538,-0.142548,3.242339,False,False,False
VA267_EB,MD,810,65.308454,47.336943,1.000000,43,67.678437,1.000000,3,67.840375,1.000000,3,13:30,2.369984,2.531921,-0.161937,3.628908,False,False,False
VA267_EB,MD,825,65.182796,47.336943,0.972345,41,67.787896,1.000000,3,67.964487,1.000000,3,13:45,2.605100,2.781691,-0.176591,3.996607,False,False,False
VA267_EB,MD,840,64.911034,47.336943,0.845048,36,67.896797,1.000000,3,68.076871,1.000000,3,14:00,2.985762,3.165836,-0.180074,4.599776,False,False,False
VA267_EB,MD,855,65.068995,47.336943,0.872703,38,67.911042,1.000000,3,68.073582,1.000000,3,14:15,2.842047,3.004587,-0.162540,4.367744,False,False,False
VA267_EB,MD,870,65.117818,47.336943,1.000000,43,68.127780,1.000000,3,68.256201,1.000000,3,14:30,3.009962,3.138383,-0.128421,4.622332,False,False,False
VA267_EB,MD,885,65.098918,47.336943,1.000000,43,68.243865,1.000000,3,68.308032,1.000000,3,14:45,3.144947,3.209114,-0.064167,4.831028,False,False,False
VA267_WB,MD,540,64.176247,47.281843,1.000000,43,68.101401,1.000000,3,68.121679,1.000000,3,09:00,3.925154,3.945432,-0.020278,6.116210,False,False,False
VA267_WB,MD,555,63.916521,47.281843,1.000000,43,67.250444,1.000000,3,67.341699,1.000000,3,09:15,3.333923,3.425178,-0.091255,5.216058,False,False,False
VA267_WB,MD,570,63.953824,47.281843,1.000000,43,67.616714,1.000000,3,67.743989,1.000000,3,09:30,3.662890,3.790165,-0.127275,5.727399,False,False,False
VA267_WB,MD,585,64.014846,47.281843,1.000000,43,67.413340,1.000000,3,67.538035,1.000000,3,09:45,3.398494,3.523189,-0.124695,5.308915,False,False,False
VA267_WB,MD,600,64.246282,47.281843,1.000000,43,67.426455,1.000000,3,67.538093,1.000000,3,10:00,3.180173,3.291811,-0.111638,4.949972,False,False,False
VA267_WB,MD,615,64.386118,47.281843,1.000000,43,67.333307,1.000000,3,67.431836,1.000000,3,10:15,2.947189,3.045718,-0.098529,4.577367,False,False,False
VA267_WB,MD,630,64.675966,47.281843,1.000000,43,67.240906,1.000000,3,67.335923,1.000000,3,10:30,2.564940,2.659958,-0.095018,3.965831,False,False,False
VA267_WB,MD,645,64.875283,47.281843,0.960833,42,67.147963,1.000000,3,67.260523,1.000000,3,10:45,2.272680,2.385240,-0.112560,3.503153,False,False,False
VA267_WB,MD,660,64.866758,47.281843,0.940894,41,67.032588,1.000000,3,67.216396,1.000000,3,11:00,2.165830,2.349638,-0.183808,3.338891,False,False,False
VA267_WB,MD,675,65.075026,47.281843,0.980061,42,65.942843,1.000000,3,66.307073,1.000000,3,11:15,0.867817,1.232047,-0.364230,1.333564,False,False,False
VA267_WB,MD,690,64.994665,47.281843,1.000000,43,66.987790,1.000000,3,67.226155,1.000000,3,11:30,1.993125,2.231490,-0.238364,3.066598,False,False,False
VA267_WB,MD,705,65.151504,47.281843,1.000000,43,66.876946,1.000000,3,67.110067,1.000000,3,11:45,1.725441,1.958562,-0.233121,2.648352,False,False,False
VA267_WB,MD,720,65.207745,47.281843,1.000000,43,67.183218,1.000000,3,67.348720,1.000000,3,12:00,1.975473,2.140974,-0.165501,3.029506,False,False,False
VA267_WB,MD,735,65.220114,47.281843,1.000000,43,67.278378,1.000000,3,67.429996,1.000000,3,12:15,2.058264,2.209882,-0.151618,3.155873,False,False,False
VA267_WB,MD,750,65.258215,47.281843,1.000000,43,67.373371,1.000000,3,67.523294,1.000000,3,12:30,2.115156,2.265079,-0.149923,3.241210,False,False,False
VA267_WB,MD,765,65.137311,47.281843,1.000000,43,67.467985,1.000000,3,67.624671,1.000000,3,12:45,2.330674,2.487360,-0.156686,3.578094,False,False,False
VA267_WB,MD,780,65.103257,47.281843,1.000000,43,67.562207,1.000000,3,67.730224,1.000000,3,13:00,2.458950,2.626967,-0.168017,3.777000,False,False,False
VA267_WB,MD,795,65.401971,47.281843,1.000000,43,67.656132,1.000000,3,67.836106,1.000000,3,13:15,2.254161,2.434136,-0.179974,3.446626,False,False,False
VA267_WB,MD,810,65.498294,47.281843,1.000000,43,67.749808,1.000000,3,67.938532,1.000000,3,13:30,2.251514,2.440238,-0.188724,3.437515,False,False,False
VA267_WB,MD,825,65.601791,47.281843,0.959054,41,67.843147,1.000000,3,68.033774,1.000000,3,13:45,2.241356,2.431983,-0.190627,3.416607,False,False,False
VA267_WB,MD,840,65.517807,47.281843,0.959054,41,67.936165,1.000000,3,68.118160,1.000000,3,14:00,2.418358,2.600353,-0.181995,3.691146,False,False,False
VA267_WB,MD,855,65.737084,47.281843,1.000000,43,68.028865,1.000000,3,68.188057,1.000000,3,14:15,2.291781,2.450973,-0.159192,3.486283,False,False,False
VA267_WB,MD,870,65.764471,47.281843,1.000000,43,68.121306,1.000000,3,68.239850,1.000000,3,14:30,2.356835,2.475379,-0.118544,3.583752,False,False,False
VA267_WB,MD,885,65.690928,47.281843,1.000000,43,68.053294,1.000000,3,68.107988,1.000000,3,14:45,2.362365,2.417060,-0.054695,3.596182,False,False,False
VA286_NB,MD,540,42.718113,37.340632,0.976310,56,55.176909,1.000000,3,55.430677,1.000000,3,09:00,12.458795,12.712564,-0.253768,29.165135,False,False,False
VA286_NB,MD,555,43.636028,37.340632,0.985572,57,54.650676,1.000000,3,55.295208,1.000000,3,09:15,11.014649,11.659181,-0.644532,25.242098,False,False,False
VA286_NB,MD,570,43.700666,37.340632,1.000000,58,53.863437,1.000000,3,54.585460,1.000000,3,09:30,10.162770,10.884794,-0.722023,23.255413,False,False,False
VA286_NB,MD,585,43.542626,37.340632,1.000000,58,53.175710,1.000000,3,53.805642,1.000000,3,09:45,9.633084,10.263016,-0.629932,22.123342,False,False,False
VA286_NB,MD,600,44.427334,37.340632,0.985572,57,52.456107,1.000000,3,52.929586,1.000000,3,10:00,8.028773,8.502252,-0.473479,18.071697,False,False,False
VA286_NB,MD,615,44.628312,37.340632,0.985572,57,51.595459,1.000000,3,51.885038,1.000000,3,10:15,6.967147,7.256726,-0.289580,15.611495,False,False,False
VA286_NB,MD,630,44.622213,37.340632,0.991714,57,50.931350,1.000000,3,51.092237,1.000000,3,10:30,6.309137,6.470024,-0.160887,14.139005,False,False,False
VA286_NB,MD,645,44.736061,37.340632,0.958502,56,50.303442,1.000000,3,50.411476,1.000000,3,10:45,5.567381,5.675415,-0.108034,12.444951,False,False,False
VA286_NB,MD,660,44.901577,37.340632,0.966788,57,49.240938,1.000000,3,49.324211,1.000000,3,11:00,4.339360,4.422634,-0.083274,9.664160,False,False,False
VA286_NB,MD,675,44.907821,37.340632,1.000000,58,49.020875,1.000000,3,49.125377,1.000000,3,11:15,4.113054,4.217556,-0.104502,9.158881,False,False,False
VA286_NB,MD,690,45.004409,37.340632,0.997844,57,49.080295,1.000000,3,49.195282,1.000000,3,11:30,4.075886,4.190873,-0.114987,9.056637,False,False,False
VA286_NB,MD,705,44.994696,37.340632,0.990720,56,48.031887,1.000000,3,48.217673,1.000000,3,11:45,3.037191,3.222977,-0.185786,6.750108,False,False,False
VA286_NB,MD,720,44.970187,37.340632,0.992877,57,48.054954,1.000000,3,48.251256,1.000000,3,12:00,3.084768,3.281069,-0.196301,6.859584,False,False,False
VA286_NB,MD,735,44.691302,37.340632,1.000000,58,48.816181,1.000000,3,48.984411,1.000000,3,12:15,4.124879,4.293109,-0.168230,9.229714,False,False,False
VA286_NB,MD,750,44.484552,37.340632,1.000000,58,49.081126,1.000000,3,49.164652,1.000000,3,12:30,4.596574,4.680100,-0.083526,10.332968,False,False,False
VA286_NB,MD,765,44.430697,37.340632,1.000000,58,49.759623,1.000000,3,49.848281,1.000000,3,12:45,5.328926,5.417584,-0.088658,11.993794,False,False,False
VA286_NB,MD,780,44.792498,37.340632,0.988465,57,50.326733,1.000000,3,50.452834,1.000000,3,13:00,5.534235,5.660337,-0.126102,12.355272,False,False,False
VA286_NB,MD,795,44.639123,37.340632,0.988465,57,50.357889,1.000000,3,50.597875,1.000000,3,13:15,5.718766,5.958752,-0.239986,12.811108,False,False,False
VA286_NB,MD,810,44.572423,37.340632,1.000000,58,51.006595,1.000000,3,51.400019,1.000000,3,13:30,6.434172,6.827596,-0.393425,14.435320,False,False,False
VA286_NB,MD,825,44.761967,37.340632,1.000000,58,51.936863,1.000000,3,52.460332,1.000000,3,13:45,7.174896,7.698365,-0.523469,16.029001,False,False,False
VA286_NB,MD,840,44.659514,37.340632,1.000000,58,52.487608,1.000000,3,53.117884,1.000000,3,14:00,7.828094,8.458370,-0.630276,17.528392,False,False,False
VA286_NB,MD,855,44.000488,37.340632,1.000000,58,53.279683,1.000000,3,54.006195,1.000000,3,14:15,9.279195,10.005707,-0.726512,21.088846,False,False,False
VA286_NB,MD,870,44.132182,37.340632,0.963062,57,54.195959,1.000000,3,54.905996,1.000000,3,14:30,10.063777,10.773813,-0.710037,22.803714,False,False,False
VA286_NB,MD,885,43.777765,37.340632,0.939412,56,55.163569,1.000000,3,55.582942,1.000000,3,14:45,11.385804,11.805178,-0.419374,26.008189,False,False,False
VA286_SB,MD,540,45.472418,37.459779,0.997565,55,54.749243,1.000000,3,55.204996,1.000000,3,09:00,9.276825,9.732578,-0.455753,20.400993,False,False,False
VA286_SB,MD,555,45.347174,37.459779,1.000000,56,52.709511,1.000000,3,53.480260,1.000000,3,09:15,7.362336,8.133085,-0.770749,16.235491,False,False,False
VA286_SB,MD,570,45.275477,37.459779,1.000000,56,51.337692,1.000000,3,52.135138,1.000000,3,09:30,6.062215,6.859661,-0.797446,13.389622,False,False,False
VA286_SB,MD,585,45.288079,37.459779,1.000000,56,51.304820,1.000000,3,52.023972,1.000000,3,09:45,6.016741,6.735893,-0.719152,13.285484,False,False,False
VA286_SB,MD,600,45.816826,37.459779,1.000000,56,51.321078,1.000000,3,51.824603,1.000000,3,10:00,5.504252,6.007777,-0.503525,12.013605,False,False,False
VA286_SB,MD,615,46.173302,37.459779,0.990048,55,50.712097,1.000000,3,51.155558,1.000000,3,10:15,4.538795,4.982256,-0.443461,9.829911,False,False,False
VA286_SB,MD,630,46.101973,37.459779,0.990048,55,49.904422,1.000000,3,50.312182,1.000000,3,10:30,3.802449,4.210209,-0.407760,8.247910,False,False,False
VA286_SB,MD,645,46.000080,37.459779,1.000000,56,49.707107,1.000000,3,49.991209,1.000000,3,10:45,3.707026,3.991128,-0.284102,8.058739,False,False,False
VA286_SB,MD,660,45.955162,37.459779,0.966034,55,49.998430,1.000000,3,50.143080,1.000000,3,11:00,4.043269,4.187918,-0.144650,8.798291,False,False,False
VA286_SB,MD,675,45.905686,37.459779,0.966034,55,50.132267,1.000000,3,50.129215,1.000000,3,11:15,4.226581,4.223530,0.003051,9.207097,False,False,False
VA286_SB,MD,690,45.713568,37.459779,1.000000,56,50.164863,1.000000,3,50.145891,1.000000,3,11:30,4.451295,4.432323,0.018973,9.737362,False,False,False
VA286_SB,MD,705,45.885250,37.459779,0.990943,55,49.598504,1.000000,3,49.597218,1.000000,3,11:45,3.713254,3.711969,0.001286,8.092480,False,False,False
VA286_SB,MD,720,45.940326,37.459779,0.964758,54,49.713198,1.000000,3,49.751265,1.000000,3,12:00,3.772872,3.810939,-0.038068,8.212549,False,False,False
VA286_SB,MD,735,45.710849,37.459779,0.951625,54,50.000620,1.000000,3,50.126182,1.000000,3,12:15,4.289771,4.415333,-0.125562,9.384580,False,False,False
VA286_SB,MD,750,45.686822,37.459779,0.977810,55,50.016525,1.000000,3,50.190013,1.000000,3,12:30,4.329703,4.503191,-0.173488,9.476919,False,False,False
VA286_SB,MD,765,45.150307,37.459779,1.000000,56,49.984496,1.000000,3,50.222951,1.000000,3,12:45,4.834189,5.072644,-0.238455,10.706879,False,False,False
VA286_SB,MD,780,45.301193,37.459779,1.000000,56,50.726628,1.000000,3,50.998917,1.000000,3,13:00,5.425435,5.697724,-0.272289,11.976361,False,False,False
VA286_SB,MD,795,45.129446,37.459779,1.000000,56,51.500198,1.000000,3,51.790909,1.000000,3,13:15,6.370751,6.661463,-0.290712,14.116617,False,False,False
VA286_SB,MD,810,45.118959,37.459779,1.000000,56,52.063164,1.000000,3,52.423516,1.000000,3,13:30,6.944206,7.304557,-0.360352,15.390882,False,False,False
VA286_SB,MD,825,45.095035,37.459779,1.000000,56,52.697829,1.000000,3,53.192638,1.000000,3,13:45,7.602794,8.097604,-0.494809,16.859493,False,False,False
VA286_SB,MD,840,44.902035,37.459779,1.000000,56,53.081009,1.000000,3,53.733574,1.000000,3,14:00,8.178974,8.831539,-0.652565,18.215152,False,False,False
VA286_SB,MD,855,44.122647,37.459779,1.000000,56,53.525391,1.000000,3,54.288161,1.000000,3,14:15,9.402744,10.165514,-0.762771,21.310470,False,False,False
VA286_SB,MD,870,43.684350,37.459779,1.000000,56,54.136331,1.000000,3,54.819420,1.000000,3,14:30,10.451981,11.135070,-0.683089,23.926145,False,False,False
VA286_SB,MD,885,43.274540,37.459779,1.000000,56,55.190838,1.000000,3,55.613809,1.000000,3,14:45,11.916298,12.339270,-0.422971,27.536511,False,False,False
VA28_NB,MD,540,41.831391,38.224867,1.000000,38,52.872443,1.000000,3,53.080889,1.000000,3,09:00,11.041052,11.249498,-0.208446,26.394177,False,False,False
VA28_NB,MD,555,42.604652,38.224867,1.000000,38,52.540238,1.000000,3,53.032652,1.000000,3,09:15,9.935586,10.428000,-0.492414,23.320425,False,False,False
VA28_NB,MD,570,43.242517,38.224867,1.000000,38,51.928849,1.000000,3,52.459156,1.000000,3,09:30,8.686332,9.216638,-0.530307,20.087479,False,False,False
VA28_NB,MD,585,43.600766,38.224867,1.000000,38,51.157900,1.000000,3,51.632995,1.000000,3,09:45,7.557134,8.032230,-0.475095,17.332572,False,False,False
VA28_NB,MD,600,43.806462,38.224867,1.000000,38,50.662158,1.000000,3,50.986466,1.000000,3,10:00,6.855696,7.180004,-0.324307,15.649965,False,False,False
VA28_NB,MD,615,44.157928,38.224867,1.000000,38,50.345614,1.000000,3,50.468437,1.000000,3,10:15,6.187687,6.310510,-0.122823,14.012629,False,False,False
VA28_NB,MD,630,47.090980,38.224867,0.904117,37,49.878343,1.000000,3,49.825745,1.000000,3,10:30,2.787363,2.734765,0.052598,5.919101,False,False,False
VA28_NB,MD,645,47.006534,38.224867,0.904117,37,49.256020,1.000000,3,49.069504,1.000000,3,10:45,2.249487,2.062971,0.186516,4.785477,False,False,False
VA28_NB,MD,660,44.189394,38.224867,1.000000,38,48.602247,1.000000,3,48.354166,1.000000,3,11:00,4.412853,4.164772,0.248081,9.986227,False,False,False
VA28_NB,MD,675,44.048518,38.224867,1.000000,38,48.480354,1.000000,3,48.221484,1.000000,3,11:15,4.431836,4.172966,0.258870,10.061259,False,False,False
VA28_NB,MD,690,43.619036,38.224867,0.970603,37,47.399683,1.000000,3,47.285512,1.000000,3,11:30,3.780647,3.666476,0.114171,8.667425,False,False,False
VA28_NB,MD,705,43.592162,38.224867,0.970603,37,47.176893,1.000000,3,47.213086,1.000000,3,11:45,3.584731,3.620924,-0.036193,8.223339,False,False,False
VA28_NB,MD,720,43.896773,38.224867,1.000000,38,46.008475,1.000000,3,46.056815,1.000000,3,12:00,2.111703,2.160042,-0.048339,4.810611,False,False,False
VA28_NB,MD,735,43.931519,38.224867,1.000000,38,47.674872,1.000000,3,47.717002,1.000000,3,12:15,3.743353,3.785483,-0.042130,8.520883,False,False,False
VA28_NB,MD,750,43.852058,38.224867,1.000000,38,48.559288,1.000000,3,48.412541,1.000000,3,12:30,4.707229,4.560483,0.146746,10.734341,False,False,False
VA28_NB,MD,765,43.693940,38.224867,1.000000,38,49.145354,1.000000,3,48.921441,1.000000,3,12:45,5.451414,5.227501,0.223913,12.476361,False,False,False
VA28_NB,MD,780,43.672561,38.224867,1.000000,38,49.635602,1.000000,3,49.448886,1.000000,3,13:00,5.963041,5.776325,0.186716,13.653977,False,False,False
VA28_NB,MD,795,43.613777,38.224867,1.000000,38,50.122484,1.000000,3,50.081239,1.000000,3,13:15,6.508707,6.467462,0.041245,14.923512,False,False,False
VA28_NB,MD,810,43.654367,38.224867,1.000000,38,50.498653,1.000000,3,50.662206,1.000000,3,13:30,6.844287,7.007839,-0.163552,15.678355,False,False,False
VA28_NB,MD,825,43.486799,38.224867,0.996950,37,50.688991,1.000000,3,51.037902,1.000000,3,13:45,7.202192,7.551102,-0.348911,16.561789,False,False,False
VA28_NB,MD,840,43.330036,38.224867,0.996950,37,51.492761,1.000000,3,51.979605,1.000000,3,14:00,8.162725,8.649569,-0.486844,18.838490,False,False,False
VA28_NB,MD,855,42.970307,38.224867,0.990827,37,52.269297,1.000000,3,52.798466,1.000000,3,14:15,9.298991,9.828159,-0.529169,21.640503,False,False,False
VA28_NB,MD,870,42.873434,38.224867,0.990827,37,52.924729,1.000000,3,53.446885,1.000000,3,14:30,10.051295,10.573451,-0.522156,23.444111,False,False,False
VA28_NB,MD,885,41.920986,38.224867,0.930044,34,53.573164,1.000000,3,53.888769,1.000000,3,14:45,11.652178,11.967783,-0.315605,27.795572,False,False,False
VA28_SB,MD,540,50.888311,40.101152,1.000000,32,53.293539,1.000000,3,53.450689,1.000000,3,09:00,2.405227,2.562378,-0.157151,4.726483,False,False,False
VA28_SB,MD,555,51.304597,40.101152,1.000000,32,52.734946,1.000000,3,53.161882,1.000000,3,09:15,1.430349,1.857284,-0.426936,2.787955,False,False,False
VA28_SB,MD,570,51.472038,40.101152,1.000000,32,52.263133,1.000000,3,52.784683,1.000000,3,09:30,0.791095,1.312646,-0.521550,1.536942,False,False,False
VA28_SB,MD,585,51.510265,40.101152,1.000000,32,52.050991,1.000000,3,52.546665,1.000000,3,09:45,0.540726,1.036400,-0.495674,1.049743,False,False,False
VA28_SB,MD,600,52.036462,40.101152,1.000000,32,51.658080,1.000000,3,52.044131,1.000000,3,10:00,-0.378382,0.007669,-0.386051,0.727147,False,False,False
VA28_SB,MD,615,52.093057,40.101152,1.000000,32,51.258170,1.000000,3,51.502950,1.000000,3,10:15,-0.834887,-0.590107,-0.244780,1.602683,False,False,False
VA28_SB,MD,630,51.866673,40.101152,1.000000,32,50.855055,1.000000,3,50.966336,1.000000,3,10:30,-1.011617,-0.900336,-0.111281,1.950419,False,False,False
VA28_SB,MD,645,51.800212,40.101152,1.000000,32,50.444344,1.000000,3,50.459282,1.000000,3,10:45,-1.355868,-1.340930,-0.014938,2.617495,False,False,False
VA28_SB,MD,660,51.855861,40.101152,1.000000,32,49.535144,1.000000,3,49.490142,1.000000,3,11:00,-2.320717,-2.365719,0.045002,4.475322,False,False,False
VA28_SB,MD,675,51.556502,40.101152,1.000000,32,49.639079,1.000000,3,49.524984,1.000000,3,11:15,-1.917424,-2.031518,0.114095,3.719072,False,False,False
VA28_SB,MD,690,51.417276,40.101152,1.000000,32,48.668741,1.000000,3,48.617998,1.000000,3,11:30,-2.748534,-2.799277,0.050743,5.345546,False,False,False
VA28_SB,MD,705,51.537785,40.101152,1.000000,32,48.966226,1.000000,3,48.905609,1.000000,3,11:45,-2.571559,-2.632176,0.060616,4.989658,False,False,False
VA28_SB,MD,720,51.436176,40.101152,1.000000,32,48.252394,1.000000,3,48.144645,1.000000,3,12:00,-3.183782,-3.291531,0.107749,6.189773,False,False,False
VA28_SB,MD,735,51.082348,40.101152,1.000000,32,48.393050,1.000000,3,48.268574,1.000000,3,12:15,-2.689299,-2.813774,0.124475,5.264634,False,False,False
VA28_SB,MD,750,51.033325,40.101152,1.000000,32,49.054206,1.000000,3,48.850811,1.000000,3,12:30,-1.979119,-2.182513,0.203394,3.878092,False,False,False
VA28_SB,MD,765,50.925677,40.101152,1.000000,32,49.235634,1.000000,3,48.990925,1.000000,3,12:45,-1.690043,-1.934752,0.244710,3.318646,False,False,False
VA28_SB,MD,780,50.922702,40.101152,1.000000,32,49.280631,1.000000,3,49.068187,1.000000,3,13:00,-1.642071,-1.854515,0.212444,3.224634,False,False,False
VA28_SB,MD,795,50.727461,40.101152,1.000000,32,49.394357,1.000000,3,49.293113,1.000000,3,13:15,-1.333103,-1.434348,0.101245,2.627971,False,False,False
VA28_SB,MD,810,50.691605,40.101152,1.000000,32,49.443936,1.000000,3,49.472988,1.000000,3,13:30,-1.247669,-1.218617,-0.029052,2.461292,False,False,False
VA28_SB,MD,825,50.382459,40.101152,1.000000,32,49.769862,1.000000,3,49.952200,1.000000,3,13:45,-0.612597,-0.430259,-0.182338,1.215893,False,False,False
VA28_SB,MD,840,49.838666,40.101152,1.000000,32,49.984194,1.000000,3,50.314030,1.000000,3,14:00,0.145529,0.475365,-0.329836,0.292000,False,False,False
VA28_SB,MD,855,46.486985,40.101152,1.000000,32,49.607814,1.000000,3,50.081257,1.000000,3,14:15,3.120829,3.594272,-0.473443,6.713340,False,False,False
VA28_SB,MD,870,43.472678,40.101152,0.972898,30,49.083543,1.000000,3,49.582021,1.000000,3,14:30,5.610865,6.109343,-0.498478,12.906647,False,False,False
VA28_SB,MD,885,42.740705,40.101152,0.972898,30,50.887472,1.000000,3,51.309283,1.000000,3,14:45,8.146767,8.568578,-0.421811,19.060909,False,False,False
VA294_EB,MD,540,42.193528,35.535366,1.000000,22,47.249279,1.000000,3,47.396695,1.000000,3,09:00,5.055751,5.203167,-0.147417,11.982289,False,False,False
VA294_EB,MD,555,42.196932,35.535366,1.000000,22,46.528019,1.000000,3,46.923339,1.000000,3,09:15,4.331087,4.726406,-0.395320,10.263984,False,False,False
VA294_EB,MD,570,42.147732,35.535366,1.000000,22,46.338215,1.000000,3,46.769297,1.000000,3,09:30,4.190483,4.621565,-0.431082,9.942369,False,False,False
VA294_EB,MD,585,42.359545,35.535366,1.000000,22,45.882150,1.000000,3,46.199141,1.000000,3,09:45,3.522605,3.839596,-0.316991,8.315965,False,False,False
VA294_EB,MD,600,42.541253,35.535366,1.000000,22,45.421990,1.000000,3,45.540589,1.000000,3,10:00,2.880737,2.999335,-0.118598,6.771631,False,False,False
VA294_EB,MD,615,42.622495,35.535366,1.000000,22,44.957483,1.000000,3,44.857789,1.000000,3,10:15,2.334988,2.235293,0.099695,5.478300,False,False,False
VA294_EB,MD,630,42.938473,35.535366,0.979468,21,44.488578,1.000000,3,44.218643,1.000000,3,10:30,1.550105,1.280170,0.269935,3.610061,False,False,False
VA294_EB,MD,645,43.096775,35.535366,0.940514,20,43.529767,1.000000,3,43.167195,1.000000,3,10:45,0.432992,0.070420,0.362572,1.004696,False,False,False
VA294_EB,MD,660,42.856726,35.535366,0.961046,21,43.487409,1.000000,3,43.017818,1.000000,3,11:00,0.630683,0.161092,0.469591,1.471608,False,False,False
VA294_EB,MD,675,42.239622,35.535366,1.000000,22,43.350666,1.000000,3,42.835842,1.000000,3,11:15,1.111044,0.596220,0.514823,2.630336,False,False,False
VA294_EB,MD,690,42.240456,35.535366,1.000000,22,42.194761,1.000000,3,41.692845,1.000000,3,11:30,-0.045695,-0.547611,0.501916,0.108178,False,False,False
VA294_EB,MD,705,42.101118,35.535366,1.000000,22,41.786576,1.000000,3,41.324433,1.000000,3,11:45,-0.314542,-0.776686,0.462144,0.747110,False,False,False
VA294_EB,MD,720,41.841763,35.535366,1.000000,22,42.319206,1.000000,3,41.838853,1.000000,3,12:00,0.477443,-0.002910,0.480353,1.141068,False,False,False
VA294_EB,MD,735,41.617461,35.535366,0.961046,21,42.492998,1.000000,3,42.007051,1.000000,3,12:15,0.875537,0.389590,0.485947,2.103773,False,False,False
VA294_EB,MD,750,41.567037,35.535366,0.961046,21,43.121180,1.000000,3,42.533352,1.000000,3,12:30,1.554143,0.966315,0.587828,3.738884,False,False,False
VA294_EB,MD,765,41.478703,35.535366,1.000000,22,43.608319,1.000000,3,43.042590,1.000000,3,12:45,2.129616,1.563887,0.565729,5.134239,False,False,False
VA294_EB,MD,780,41.354796,35.535366,1.000000,22,43.742626,1.000000,3,43.226290,1.000000,3,13:00,2.387830,1.871494,0.516336,5.774010,False,False,False
VA294_EB,MD,795,41.440245,35.535366,1.000000,22,43.882211,1.000000,3,43.526284,1.000000,3,13:15,2.441966,2.086039,0.355927,5.892741,False,False,False
VA294_EB,MD,810,41.341361,35.535366,1.000000,22,44.710093,1.000000,3,44.494234,1.000000,3,13:30,3.368732,3.152874,0.215859,8.148577,False,False,False
VA294_EB,MD,825,41.541468,35.535366,1.000000,22,45.166253,1.000000,3,45.114600,1.000000,3,13:45,3.624784,3.573132,0.051653,8.725701,False,False,False
VA294_EB,MD,840,41.374343,35.535366,1.000000,22,45.617222,1.000000,3,45.767357,1.000000,3,14:00,4.242879,4.393014,-0.150135,10.254854,False,False,False
VA294_EB,MD,855,41.044013,35.535366,1.000000,22,46.062519,1.000000,3,46.380997,1.000000,3,14:15,5.018505,5.336984,-0.318479,12.227131,False,False,False
VA294_EB,MD,870,40.545505,35.535366,0.990463,21,46.502766,1.000000,3,46.875975,1.000000,3,14:30,5.957261,6.330470,-0.373209,14.692777,False,False,False
VA294_EB,MD,885,39.998335,35.535366,0.990463,21,46.761020,1.000000,3,46.991085,1.000000,3,14:45,6.762684,6.992750,-0.230066,16.907414,False,False,False
VA294_WB,MD,540,41.856352,35.508392,1.000000,19,47.484230,1.000000,3,47.650811,1.000000,3,09:00,5.627878,5.794459,-0.166581,13.445696,False,False,False
VA294_WB,MD,555,42.084913,35.508392,1.000000,19,46.820290,1.000000,3,47.230866,1.000000,3,09:15,4.735377,5.145953,-0.410576,11.251958,False,False,False
VA294_WB,MD,570,42.588813,35.508392,0.983064,18,46.147672,1.000000,3,46.495362,1.000000,3,09:30,3.558859,3.906549,-0.347690,8.356323,False,False,False
VA294_WB,MD,585,42.561790,35.508392,0.983064,18,45.342413,1.000000,3,45.566769,1.000000,3,09:45,2.780624,3.004979,-0.224355,6.533145,False,False,False
VA294_WB,MD,600,42.672758,35.508392,1.000000,19,44.579517,1.000000,3,44.644461,1.000000,3,10:00,1.906759,1.971703,-0.064945,4.468327,False,False,False
VA294_WB,MD,615,42.848022,35.508392,1.000000,19,44.186599,1.000000,3,44.139764,1.000000,3,10:15,1.338577,1.291741,0.046836,3.124012,False,False,False
VA294_WB,MD,630,42.753421,35.508392,1.000000,19,43.333346,1.000000,3,43.150550,1.000000,3,10:30,0.579926,0.397129,0.182797,1.356443,False,False,False
VA294_WB,MD,645,42.633116,35.508392,1.000000,19,43.600131,1.000000,3,43.279103,1.000000,3,10:45,0.967015,0.645987,0.321028,2.268225,False,False,False
VA294_WB,MD,660,41.883528,35.508392,0.921309,18,43.396029,1.000000,3,43.002936,1.000000,3,11:00,1.512502,1.119408,0.393094,3.611209,False,False,False
VA294_WB,MD,675,41.992776,35.508392,0.921309,18,42.766943,1.000000,3,42.388112,1.000000,3,11:15,0.774167,0.395335,0.378832,1.843571,False,False,False
VA294_WB,MD,690,42.465435,35.508392,1.000000,19,42.013101,1.000000,3,41.683290,1.000000,3,11:30,-0.452335,-0.782146,0.329811,1.065184,False,False,False
VA294_WB,MD,705,42.043343,35.508392,1.000000,19,41.606212,1.000000,3,41.304801,1.000000,3,11:45,-0.437131,-0.738542,0.301411,1.039716,False,False,False
VA294_WB,MD,720,41.640208,35.508392,1.000000,19,42.936436,1.000000,3,42.601606,1.000000,3,12:00,1.296228,0.961399,0.334830,3.112925,False,False,False
VA294_WB,MD,735,41.364822,35.508392,1.000000,19,43.021311,1.000000,3,42.631067,1.000000,3,12:15,1.656489,1.266245,0.390244,4.004585,False,False,False
VA294_WB,MD,750,41.191911,35.508392,1.000000,19,43.581025,1.000000,3,43.185357,1.000000,3,12:30,2.389113,1.993445,0.395668,5.799958,False,False,False
VA294_WB,MD,765,41.144642,35.508392,1.000000,19,43.678125,1.000000,3,43.392739,1.000000,3,12:45,2.533483,2.248097,0.285386,6.157505,False,False,False
VA294_WB,MD,780,41.126757,35.508392,1.000000,19,43.798943,1.000000,3,43.636320,1.000000,3,13:00,2.672186,2.509563,0.162623,6.497439,False,False,False
VA294_WB,MD,795,41.008180,35.508392,1.000000,19,44.151383,1.000000,3,44.080036,1.000000,3,13:15,3.143203,3.071856,0.071346,7.664819,False,False,False
VA294_WB,MD,810,40.954412,35.508392,1.000000,19,44.775674,1.000000,3,44.843836,1.000000,3,13:30,3.821262,3.889424,-0.068161,9.330526,False,False,False
VA294_WB,MD,825,41.267596,35.508392,1.000000,19,45.220867,1.000000,3,45.407830,1.000000,3,13:45,3.953271,4.140234,-0.186964,9.579600,False,False,False
VA294_WB,MD,840,41.142735,35.508392,1.000000,19,45.650735,1.000000,3,45.976971,1.000000,3,14:00,4.508000,4.834237,-0.326237,10.956977,False,False,False
VA294_WB,MD,855,41.034383,35.508392,1.000000,19,45.887485,1.000000,3,46.328633,1.000000,3,14:15,4.853102,5.294250,-0.441148,11.826917,False,False,False
VA294_WB,MD,870,40.302428,35.508392,1.000000,19,46.212366,1.000000,3,46.630125,1.000000,3,14:30,5.909939,6.327697,-0.417759,14.663977,False,False,False
VA294_WB,MD,885,39.840209,35.508392,1.000000,19,47.196800,1.000000,3,47.441944,1.000000,3,14:45,7.356591,7.601735,-0.245144,18.465242,False,False,False
VA606_EB,MD,540,33.610189,34.230883,1.000000,19,41.115518,1.000000,3,41.159198,1.000000,3,09:00,7.505329,7.549010,-0.043680,22.330518,True,False,False
VA606_EB,MD,555,34.651395,34.230883,1.000000,19,40.889836,1.000000,3,41.125731,1.000000,3,09:15,6.238441,6.474336,-0.235895,18.003433,False,False,False
VA606_EB,MD,570,34.900241,34.230883,1.000000,19,40.689717,1.000000,3,40.890148,1.000000,3,09:30,5.789475,5.989907,-0.200431,16.588640,False,False,False
VA606_EB,MD,585,35.370130,34.230883,1.000000,19,40.343291,1.000000,3,40.381588,1.000000,3,09:45,4.973161,5.011458,-0.038298,14.060341,False,False,False
VA606_EB,MD,600,35.380872,34.230883,1.000000,19,39.961257,1.000000,3,39.788079,1.000000,3,10:00,4.580385,4.407207,0.173178,12.945936,False,False,False
VA606_EB,MD,615,35.133468,34.230883,1.000000,19,39.461260,1.000000,3,39.093909,1.000000,3,10:15,4.327792,3.960442,0.367351,12.318147,False,False,False
VA606_EB,MD,630,35.327080,34.230883,1.000000,19,39.242196,1.000000,3,38.710827,1.000000,3,10:30,3.915116,3.383748,0.531368,11.082479,False,False,False
VA606_EB,MD,645,35.368557,34.230883,1.000000,19,38.976537,1.000000,3,38.411602,1.000000,3,10:45,3.607980,3.043044,0.564936,10.201094,False,False,False
VA606_EB,MD,660,35.174069,34.230883,1.000000,19,38.128663,1.000000,3,37.566294,1.000000,3,11:00,2.954594,2.392225,0.562369,8.399922,False,False,False
VA606_EB,MD,675,34.827750,34.230883,1.000000,19,37.281879,1.000000,3,36.765862,1.000000,3,11:15,2.454129,1.938112,0.516017,7.046475,False,False,False
VA606_EB,MD,690,34.609030,34.230883,1.000000,19,38.105237,1.000000,3,37.560473,1.000000,3,11:30,3.496207,2.951443,0.544764,10.102008,False,False,False
VA606_EB,MD,705,34.686038,34.230883,1.000000,19,38.313368,1.000000,3,37.717598,1.000000,3,11:45,3.627330,3.031560,0.595770,10.457608,False,False,False
VA606_EB,MD,720,34.275109,34.230883,1.000000,19,38.480959,1.000000,3,37.841477,1.000000,3,12:00,4.205850,3.566368,0.639482,12.270857,False,False,False
VA606_EB,MD,735,34.192263,34.230883,1.000000,19,38.886929,1.000000,3,38.270971,1.000000,3,12:15,4.694666,4.078708,0.615958,13.730200,True,False,False
VA606_EB,MD,750,34.474198,34.230883,1.000000,19,38.864250,1.000000,3,38.291811,1.000000,3,12:30,4.390052,3.817613,0.572438,12.734311,False,False,False
VA606_EB,MD,765,34.222378,34.230883,1.000000,19,38.540656,1.000000,3,38.116632,1.000000,3,12:45,4.318279,3.894255,0.424024,12.618289,True,False,False
VA606_EB,MD,780,33.856621,34.230883,1.000000,19,39.103772,1.000000,3,38.767828,1.000000,3,13:00,5.247151,4.911207,0.335944,15.498154,True,False,False
VA606_EB,MD,795,33.904893,34.230883,1.000000,19,39.782233,1.000000,3,39.521384,1.000000,3,13:15,5.877340,5.616491,0.260849,17.334784,True,False,False
VA606_EB,MD,810,34.098824,34.230883,0.999270,18,40.377588,1.000000,3,40.243159,1.000000,3,13:30,6.278764,6.144335,0.134429,18.413431,True,False,False
VA606_EB,MD,825,34.113515,34.230883,0.999270,18,40.831059,1.000000,3,40.860707,1.000000,3,13:45,6.717544,6.747192,-0.029648,19.691738,True,False,False
VA606_EB,MD,840,34.023983,34.230883,1.000000,19,41.282651,1.000000,3,41.502075,1.000000,3,14:00,7.258668,7.478092,-0.219424,21.333975,True,False,False
VA606_EB,MD,855,33.829776,34.230883,1.000000,19,41.732614,1.000000,3,42.093454,1.000000,3,14:15,7.902838,8.263678,-0.360840,23.360599,True,False,False
VA606_EB,MD,870,33.831679,34.230883,1.000000,19,42.180805,1.000000,3,42.565661,1.000000,3,14:30,8.349127,8.733982,-0.384856,24.678428,True,False,False
VA606_EB,MD,885,33.761005,34.230883,1.000000,19,42.627414,1.000000,3,42.854185,1.000000,3,14:45,8.866408,9.093180,-0.226771,26.262276,True,False,False
VA606_NB,MD,540,37.979735,32.992663,1.000000,5,45.888667,1.000000,3,45.987678,1.000000,3,09:00,7.908931,8.007942,-0.099011,20.824083,False,False,False
VA606_NB,MD,555,38.150738,32.992663,1.000000,5,45.554333,1.000000,3,45.881200,1.000000,3,09:15,7.403595,7.730461,-0.326866,19.406164,False,False,False
VA606_NB,MD,570,37.773431,32.992663,1.000000,5,45.219667,1.000000,3,45.660979,1.000000,3,09:30,7.446236,7.887548,-0.441312,19.712894,False,False,False
VA606_NB,MD,585,37.669484,32.992663,1.000000,5,44.885333,1.000000,3,45.344078,1.000000,3,09:45,7.215849,7.674594,-0.458745,19.155688,False,False,False
VA606_NB,MD,600,38.174681,32.992663,1.000000,5,44.550667,1.000000,3,44.947562,1.000000,3,10:00,6.375985,6.772881,-0.396896,16.702131,False,False,False
VA606_NB,MD,615,37.987890,32.992663,1.000000,5,44.216333,1.000000,3,44.488495,1.000000,3,10:15,6.228443,6.500605,-0.272162,16.395864,False,False,False
VA606_NB,MD,630,38.182610,32.992663,1.000000,5,43.881667,1.000000,3,43.983940,1.000000,3,10:30,5.699057,5.801330,-0.102274,14.925791,False,False,False
VA606_NB,MD,645,38.528412,32.992663,1.000000,5,43.547333,1.000000,3,43.450962,1.000000,3,10:45,5.018921,4.922550,0.096371,13.026546,False,False,False
VA606_NB,MD,660,38.597562,32.992663,1.000000,5,43.212667,1.000000,3,42.906624,1.000000,3,11:00,4.615104,4.309061,0.306043,11.956984,False,False,False
VA606_NB,MD,675,38.514275,32.992663,1.000000,5,42.878333,1.000000,3,42.367990,1.000000,3,11:15,4.364059,3.853715,0.510344,11.331016,False,False,False
VA606_NB,MD,690,38.394398,32.992663,1.000000,5,42.543667,1.000000,3,41.852124,1.000000,3,11:30,4.149268,3.457725,0.691543,10.806962,False,False,False
VA606_NB,MD,705,38.305425,32.992663,1.000000,5,42.209333,1.000000,3,41.376089,1.000000,3,11:45,3.903908,3.070664,0.833244,10.191528,False,False,False
VA606_NB,MD,720,38.144762,32.992663,1.000000,5,41.875000,1.000000,3,40.956951,1.000000,3,12:00,3.730238,2.812189,0.918049,9.779161,False,False,False
VA606_NB,MD,735,37.774545,32.992663,1.000000,5,41.540667,1.000000,3,40.611773,1.000000,3,12:15,3.766121,2.837227,0.928894,9.969997,False,False,False
VA606_NB,MD,750,38.274461,32.992663,1.000000,5,41.206333,1.000000,3,40.357618,1.000000,3,12:30,2.931872,2.083157,0.848716,7.660127,False,False,False
VA606_NB,MD,765,38.002667,32.992663,1.000000,5,40.871667,1.000000,3,40.211550,1.000000,3,12:45,2.869000,2.208883,0.660116,7.549470,False,False,False
VA606_NB,MD,780,37.866380,32.992663,1.000000,5,36.915333,1.000000,3,36.579247,1.000000,3,13:00,-0.951047,-1.287133,0.336086,2.511586,False,False,False
VA606_NB,MD,795,37.907010,32.992663,1.000000,5,39.187333,1.000000,3,38.519974,1.000000,3,13:15,1.280324,0.612965,0.667359,3.377538,False,False,False
VA606_NB,MD,810,38.040494,32.992663,1.000000,5,41.240000,1.000000,3,40.360566,1.000000,3,13:30,3.199506,2.320073,0.879434,8.410791,False,False,False
VA606_NB,MD,825,38.105583,32.992663,1.000000,5,42.080000,1.000000,3,41.150393,1.000000,3,13:45,3.974417,3.044810,0.929607,10.430011,False,False,False
VA606_NB,MD,840,37.738994,32.992663,1.000000,5,42.920000,1.000000,3,42.370229,1.000000,3,14:00,5.181006,4.631235,0.549771,13.728521,False,False,False
VA606_NB,MD,855,37.457970,32.992663,1.000000,5,43.760000,1.000000,3,43.738232,1.000000,3,14:15,6.302030,6.280262,0.021768,16.824271,False,False,False
VA606_NB,MD,870,37.876774,32.992663,1.000000,5,44.600000,1.000000,3,44.972559,1.000000,3,14:30,6.723226,7.095784,-0.372559,17.750259,False,False,False
VA606_NB,MD,885,37.852887,32.992663,1.000000,5,45.440000,1.000000,3,45.791366,1.000000,3,14:45,7.587113,7.938479,-0.351366,20.043683,False,False,False
VA606_SB,MD,540,36.866558,32.042299,1.000000,5,45.918667,1.000000,3,45.991797,1.000000,3,09:00,9.052108,9.125238,-0.073130,24.553711,False,False,False
VA606_SB,MD,555,36.527268,32.042299,1.000000,5,45.674333,1.000000,3,45.920785,1.000000,3,09:15,9.147065,9.393517,-0.246452,25.041744,False,False,False
VA606_SB,MD,570,36.319004,32.042299,1.000000,5,45.430333,1.000000,3,45.773490,1.000000,3,09:30,9.111329,9.454486,-0.343157,25.086945,False,False,False
VA606_SB,MD,585,36.686294,32.042299,1.000000,5,45.186333,1.000000,3,45.560776,1.000000,3,09:45,8.500039,8.874482,-0.374443,23.169524,False,False,False
VA606_SB,MD,600,37.035191,32.042299,1.000000,5,44.942000,1.000000,3,45.293506,1.000000,3,10:00,7.906809,8.258315,-0.351506,21.349449,False,False,False
VA606_SB,MD,615,37.251618,32.042299,1.000000,5,44.698000,1.000000,3,44.982541,1.000000,3,10:15,7.446382,7.730923,-0.284541,19.989419,False,False,False
VA606_SB,MD,630,37.342985,32.042299,1.000000,5,44.453667,1.000000,3,44.638747,1.000000,3,10:30,7.110682,7.295762,-0.185080,19.041547,False,False,False
VA606_SB,MD,645,37.441053,32.042299,1.000000,5,44.209667,1.000000,3,44.272984,1.000000,3,10:45,6.768614,6.831931,-0.063318,18.078053,False,False,False
VA606_SB,MD,660,37.509908,32.042299,1.000000,5,43.965333,1.000000,3,43.896118,1.000000,3,11:00,6.455425,6.386210,0.069216,17.209921,False,False,False
VA606_SB,MD,675,37.218821,32.042299,1.000000,5,43.721333,1.000000,3,43.519010,1.000000,3,11:15,6.502512,6.300188,0.202324,17.471031,False,False,False
VA606_SB,MD,690,37.531960,32.042299,1.000000,5,43.477333,1.000000,3,43.152523,1.000000,3,11:30,5.945374,5.620563,0.324810,15.840829,False,False,False
VA606_SB,MD,705,37.122000,32.042299,1.000000,5,43.233000,1.000000,3,42.807521,1.000000,3,11:45,6.111000,5.685521,0.425479,16.461938,False,False,False
VA606_SB,MD,720,36.697748,32.042299,1.000000,5,42.989000,1.000000,3,42.494866,1.000000,3,12:00,6.291252,5.797118,0.494134,17.143428,False,False,False
VA606_SB,MD,735,36.636370,32.042299,1.000000,5,42.744667,1.000000,3,42.225422,1.000000,3,12:15,6.108297,5.589053,0.519244,16.672768,False,False,False
VA606_SB,MD,750,36.564246,32.042299,1.000000,5,42.500667,1.000000,3,42.010052,1.000000,3,12:30,5.936420,5.445806,0.490615,16.235588,False,False,False
VA606_SB,MD,765,36.701388,32.042299,1.000000,5,42.256333,1.000000,3,41.859618,1.000000,3,12:45,5.554946,5.158231,0.396715,15.135520,False,False,False
VA606_SB,MD,780,36.886711,32.042299,1.000000,5,42.012333,1.000000,3,41.784984,1.000000,3,13:00,5.125622,4.898273,0.227349,13.895580,False,False,False
VA606_SB,MD,795,36.098547,32.042299,1.000000,5,38.050333,1.000000,3,37.867279,1.000000,3,13:15,1.951786,1.768733,0.183054,5.406828,False,False,False
VA606_SB,MD,810,36.377667,32.042299,1.000000,5,42.249667,1.000000,3,41.866214,1.000000,3,13:30,5.872000,5.488547,0.383453,16.141772,False,False,False
VA606_SB,MD,825,36.736382,32.042299,1.000000,5,42.911667,1.000000,3,42.397634,1.000000,3,13:45,6.175285,5.661252,0.514033,16.809726,False,False,False
VA606_SB,MD,840,36.718351,32.042299,1.000000,5,43.573333,1.000000,3,43.280600,1.000000,3,14:00,6.854982,6.562249,0.292733,18.669091,False,False,False
VA606_SB,MD,855,35.981779,32.042299,1.000000,5,44.235333,1.000000,3,44.295394,1.000000,3,14:15,8.253555,8.313615,-0.060060,22.938151,False,False,False
VA606_SB,MD,870,35.552647,32.042299,1.000000,5,44.897000,1.000000,3,45.222295,1.000000,3,14:30,9.344353,9.669648,-0.325295,26.283143,False,False,False
VA606_SB,MD,885,35.573747,32.042299,1.000000,5,45.558667,1.000000,3,45.841584,1.000000,3,14:45,9.984920,10.267837,-0.282917,28.068226,False,False,False
VA606_WB,MD,540,35.412022,34.210496,1.000000,19,42.505393,1.000000,3,42.535753,1.000000,3,09:00,7.093372,7.123731,-0.030360,20.030971,False,False,False
VA606_WB,MD,555,35.630672,34.210496,1.000000,19,41.434436,1.000000,3,41.661866,1.000000,3,09:15,5.803764,6.031194,-0.227430,16.288674,False,False,False
VA606_WB,MD,570,35.826950,34.210496,0.999306,18,41.543655,1.000000,3,41.820824,1.000000,3,09:30,5.716705,5.993875,-0.277169,15.956438,False,False,False
VA606_WB,MD,585,35.874635,34.210496,0.999306,18,41.315739,1.000000,3,41.567566,1.000000,3,09:45,5.441104,5.692931,-0.251826,15.166996,False,False,False
VA606_WB,MD,600,35.690094,34.210496,1.000000,19,41.002732,1.000000,3,41.151733,1.000000,3,10:00,5.312638,5.461639,-0.149002,14.885469,False,False,False
VA606_WB,MD,615,35.298995,34.210496,1.000000,19,40.667359,1.000000,3,40.696582,1.000000,3,10:15,5.368364,5.397586,-0.029223,15.208262,False,False,False
VA606_WB,MD,630,35.311480,34.210496,1.000000,19,40.222939,1.000000,3,40.117935,1.000000,3,10:30,4.911460,4.806455,0.105005,13.908960,False,False,False
VA606_WB,MD,645,35.421701,34.210496,1.000000,19,40.090161,1.000000,3,39.826522,1.000000,3,10:45,4.668460,4.404821,0.263639,13.179661,False,False,False
VA606_WB,MD,660,35.057087,34.210496,1.000000,19,39.856395,1.000000,3,39.455835,1.000000,3,11:00,4.799308,4.398748,0.400560,13.689980,False,False,False
VA606_WB,MD,675,35.140840,34.210496,1.000000,19,39.592894,1.000000,3,39.082213,1.000000,3,11:15,4.452053,3.941373,0.510681,12.669172,False,False,False
VA606_WB,MD,690,35.138523,34.210496,1.000000,19,39.325990,1.000000,3,38.770616,1.000000,3,11:30,4.187466,3.632093,0.555374,11.917025,False,False,False
VA606_WB,MD,705,34.629651,34.210496,1.000000,19,38.662505,1.000000,3,38.105882,1.000000,3,11:45,4.032854,3.476231,0.556624,11.645669,False,False,False
VA606_WB,MD,720,34.505873,34.210496,1.000000,19,38.143377,1.000000,3,37.591701,1.000000,3,12:00,3.637504,3.085828,0.551676,10.541696,False,False,False
VA606_WB,MD,735,34.089193,34.210496,1.000000,19,38.763829,1.000000,3,38.238605,1.000000,3,12:15,4.674636,4.149411,0.525224,13.712955,True,False,False
VA606_WB,MD,750,34.144788,34.210496,1.000000,19,38.651990,1.000000,3,38.189330,1.000000,3,12:30,4.507202,4.044542,0.462661,13.200265,True,False,False
VA606_WB,MD,765,34.022983,34.210496,1.000000,19,37.810416,1.000000,3,37.443117,1.000000,3,12:45,3.787433,3.420135,0.367298,11.131984,True,False,False
VA606_WB,MD,780,34.102450,34.210496,1.000000,19,36.932836,1.000000,3,36.659461,1.000000,3,13:00,2.830385,2.557011,0.273374,8.299654,True,False,False
VA606_WB,MD,795,35.155773,34.210496,0.891357,18,38.396792,1.000000,3,38.077275,1.000000,3,13:15,3.241019,2.921502,0.319517,9.219023,False,False,False
VA606_WB,MD,810,35.227400,34.210496,0.891357,18,39.413118,1.000000,3,39.069108,1.000000,3,13:30,4.185718,3.841708,0.344009,11.881994,False,False,False
VA606_WB,MD,825,34.518604,34.210496,1.000000,19,39.593941,1.000000,3,39.355536,1.000000,3,13:45,5.075337,4.836933,0.238404,14.703194,False,False,False
VA606_WB,MD,840,34.450118,34.210496,1.000000,19,40.457012,1.000000,3,40.444367,1.000000,3,14:00,6.006894,5.994250,0.012645,17.436499,False,False,False
VA606_WB,MD,855,34.295046,34.210496,1.000000,19,41.164507,1.000000,3,41.381657,1.000000,3,14:15,6.869462,7.086612,-0.217150,20.030478,False,False,False
VA606_WB,MD,870,33.989798,34.210496,1.000000,19,41.829613,1.000000,3,42.199275,1.000000,3,14:30,7.839815,8.209476,-0.369662,23.065199,True,False,False
VA606_WB,MD,885,33.842964,34.210496,1.000000,19,42.489295,1.000000,3,42.774519,1.000000,3,14:45,8.646331,8.931556,-0.285225,25.548386,True,False,False
VA611_NB,MD,540,33.923083,31.863863,1.000000,20,43.163177,1.000000,3,43.130154,1.000000,3,09:00,9.240094,9.207071,0.033023,27.238366,False,False,False
VA611_NB,MD,555,34.322589,31.863863,1.000000,20,41.743593,1.000000,3,41.828902,1.000000,3,09:15,7.421004,7.506312,-0.085309,21.621340,False,False,False
VA611_NB,MD,570,34.746613,31.863863,1.000000,20,41.095121,1.000000,3,41.200697,1.000000,3,09:30,6.348508,6.454085,-0.105576,18.270869,False,False,False
VA611_NB,MD,585,34.870739,31.863863,1.000000,20,41.619654,1.000000,3,41.607666,1.000000,3,09:45,6.748915,6.736928,0.011988,19.354093,False,False,False
VA611_NB,MD,600,34.863470,31.863863,1.000000,20,41.364774,1.000000,3,41.238490,1.000000,3,10:00,6.501303,6.375020,0.126284,18.647895,False,False,False
VA611_NB,MD,615,35.506720,31.863863,0.908991,19,40.745804,1.000000,3,40.579481,1.000000,3,10:15,5.239084,5.072761,0.166323,14.755190,False,False,False
VA611_NB,MD,630,35.637034,31.863863,0.908991,19,40.657869,1.000000,3,40.522766,1.000000,3,10:30,5.020835,4.885732,0.135103,14.088814,False,False,False
VA611_NB,MD,645,35.049359,31.863863,1.000000,20,40.088487,1.000000,3,39.930949,1.000000,3,10:45,5.039128,4.881591,0.157538,14.377235,False,False,False
VA611_NB,MD,660,35.127178,31.863863,1.000000,20,40.691394,1.000000,3,40.504442,1.000000,3,11:00,5.564216,5.377264,0.186952,15.840201,False,False,False
VA611_NB,MD,675,34.857576,31.863863,1.000000,20,40.709353,1.000000,3,40.494605,1.000000,3,11:15,5.851777,5.637029,0.214748,16.787677,False,False,False
VA611_NB,MD,690,34.585294,31.863863,1.000000,20,40.947992,1.000000,3,40.739802,1.000000,3,11:30,6.362698,6.154508,0.208190,18.397118,False,False,False
VA611_NB,MD,705,34.430527,31.863863,1.000000,20,40.838085,1.000000,3,40.684517,1.000000,3,11:45,6.407557,6.253989,0.153568,18.610105,False,False,False
VA611_NB,MD,720,34.639505,31.863863,1.000000,20,40.543792,1.000000,3,40.434374,1.000000,3,12:00,5.904286,5.794869,0.109418,17.044950,False,False,False
VA611_NB,MD,735,34.827179,31.863863,1.000000,20,40.793802,1.000000,3,40.714443,1.000000,3,12:15,5.966623,5.887264,0.079359,17.132088,False,False,False
VA611_NB,MD,750,34.565109,31.863863,1.000000,20,41.481666,1.000000,3,41.406374,1.000000,3,12:30,6.916557,6.841265,0.075292,20.010228,False,False,False
VA611_NB,MD,765,34.455503,31.863863,1.000000,20,40.924650,1.000000,3,40.893874,1.000000,3,12:45,6.469147,6.438370,0.030777,18.775367,False,False,False
VA611_NB,MD,780,34.529553,31.863863,1.000000,20,41.903667,1.000000,3,41.934347,1.000000,3,13:00,7.374114,7.404794,-0.030680,21.355951,False,False,False
VA611_NB,MD,795,34.331397,31.863863,0.926389,19,42.135770,1.000000,3,42.246261,1.000000,3,13:15,7.804373,7.914865,-0.110492,22.732466,False,False,False
VA611_NB,MD,810,34.312197,31.863863,0.924980,18,42.378536,1.000000,3,42.568965,1.000000,3,13:30,8.066339,8.256768,-0.190429,23.508665,False,False,False
VA611_NB,MD,825,34.655913,31.863863,0.998591,19,42.609176,1.000000,3,42.865046,1.000000,3,13:45,7.953263,8.209133,-0.255870,22.949224,False,False,False
VA611_NB,MD,840,34.400927,31.863863,1.000000,20,42.838468,1.000000,3,43.136650,1.000000,3,14:00,8.437541,8.735722,-0.298182,24.527074,False,False,False
VA611_NB,MD,855,34.201337,31.863863,1.000000,20,43.066226,1.000000,3,43.367272,1.000000,3,14:15,8.864890,9.165935,-0.301045,25.919717,False,False,False
VA611_NB,MD,870,33.751352,31.863863,1.000000,20,43.292614,1.000000,3,43.541032,1.000000,3,14:30,9.541262,9.789680,-0.248418,28.269275,False,False,False
VA611_NB,MD,885,33.087514,31.863863,1.000000,20,43.517628,1.000000,3,43.642804,1.000000,3,14:45,10.430114,10.555290,-0.125176,31.522811,False,False,False
VA611_SB,MD,540,32.469794,31.578502,1.000000,15,43.096641,1.000000,3,43.192011,1.000000,3,09:00,10.626847,10.722217,-0.095371,32.728409,False,False,False
VA611_SB,MD,555,32.703734,31.578502,1.000000,15,42.739374,1.000000,3,43.002579,1.000000,3,09:15,10.035641,10.298845,-0.263205,30.686529,False,False,False
VA611_SB,MD,570,32.671382,31.578502,1.000000,15,42.378177,1.000000,3,42.638993,1.000000,3,09:30,9.706795,9.967611,-0.260816,29.710391,False,False,False
VA611_SB,MD,585,32.798995,31.578502,1.000000,15,42.012527,1.000000,3,42.166951,1.000000,3,09:45,9.213532,9.367956,-0.154424,28.090896,False,False,False
VA611_SB,MD,600,33.016925,31.578502,0.999399,14,41.642339,1.000000,3,41.657549,1.000000,3,10:00,8.625413,8.640624,-0.015210,26.124218,False,False,False
VA611_SB,MD,615,32.904074,31.578502,0.999399,14,41.267497,1.000000,3,41.189097,1.000000,3,10:15,8.363423,8.285023,0.078400,25.417590,False,False,False
VA611_SB,MD,630,32.903215,31.578502,1.000000,15,40.705426,1.000000,3,40.646681,1.000000,3,10:30,7.802211,7.743466,0.058746,23.712611,False,False,False
VA611_SB,MD,645,33.014032,31.578502,1.000000,15,39.269980,1.000000,3,39.184436,1.000000,3,10:45,6.255948,6.170404,0.085545,18.949361,False,False,False
VA611_SB,MD,660,33.112819,31.578502,1.000000,15,40.508036,1.000000,3,40.328401,1.000000,3,11:00,7.395217,7.215582,0.179635,22.333397,False,False,False
VA611_SB,MD,675,33.258604,31.578502,1.000000,15,40.506842,1.000000,3,40.231640,1.000000,3,11:15,7.248238,6.973036,0.275202,21.793572,False,False,False
VA611_SB,MD,690,33.181609,31.578502,1.000000,15,40.095756,1.000000,3,39.774194,1.000000,3,11:30,6.914146,6.592585,0.321561,20.837285,False,False,False
VA611_SB,MD,705,32.893021,31.578502,0.998875,14,39.989303,1.000000,3,39.636551,1.000000,3,11:45,7.096281,6.743530,0.352751,21.573820,False,False,False
VA611_SB,MD,720,32.896935,31.578502,0.998875,14,40.450805,1.000000,3,40.085950,1.000000,3,12:00,7.553869,7.189014,0.364855,22.962228,False,False,False
VA611_SB,MD,735,32.729566,31.578502,1.000000,15,40.485927,1.000000,3,40.151856,1.000000,3,12:15,7.756361,7.422290,0.334071,23.698330,False,False,False
VA611_SB,MD,750,32.807582,31.578502,1.000000,15,40.228738,1.000000,3,39.970075,1.000000,3,12:30,7.421156,7.162493,0.258663,22.620247,False,False,False
VA611_SB,MD,765,32.634054,31.578502,1.000000,15,39.649219,1.000000,3,39.468443,1.000000,3,12:45,7.015165,6.834389,0.180776,21.496455,False,False,False
VA611_SB,MD,780,32.687714,31.578502,1.000000,15,40.141554,1.000000,3,40.033755,1.000000,3,13:00,7.453841,7.346042,0.107799,22.803188,False,False,False
VA611_SB,MD,795,32.729850,31.578502,1.000000,15,40.927191,1.000000,3,40.828157,1.000000,3,13:15,8.197341,8.098307,0.099034,25.045460,False,False,False
VA611_SB,MD,810,32.555205,31.578502,1.000000,15,41.285236,1.000000,3,41.195280,1.000000,3,13:30,8.730031,8.640075,0.089956,26.816085,False,False,False
VA611_SB,MD,825,32.846493,31.578502,1.000000,15,41.634407,1.000000,3,41.617337,1.000000,3,13:45,8.787915,8.770845,0.017070,26.754500,False,False,False
VA611_SB,MD,840,32.715658,31.578502,1.000000,15,41.967948,1.000000,3,42.080442,1.000000,3,14:00,9.252290,9.364784,-0.112494,28.280922,False,False,False
VA611_SB,MD,855,32.175809,31.578502,1.000000,15,42.300114,1.000000,3,42.526572,1.000000,3,14:15,10.124305,10.350764,-0.226458,31.465580,False,False,False
VA611_SB,MD,870,31.810828,31.578502,1.000000,15,42.649133,1.000000,3,42.907874,1.000000,3,14:30,10.838305,11.097047,-0.258741,34.071120,False,False,False
VA611_SB,MD,885,31.576045,31.578502,1.000000,15,42.990808,1.000000,3,43.150692,1.000000,3,14:45,11.414764,11.574647,-0.159884,36.150075,True,False,False
VA619_EB,MD,540,37.559371,31.812770,1.000000,6,48.594813,1.000000,3,48.693182,1.000000,3,09:00,11.035442,11.133811,-0.098369,29.381329,False,False,False
VA619_EB,MD,555,37.827003,31.812770,1.000000,6,48.261152,1.000000,3,48.586088,1.000000,3,09:15,10.434149,10.759085,-0.324936,27.583864,False,False,False
VA619_EB,MD,570,37.827100,31.812770,1.000000,6,47.926300,1.000000,3,48.373156,1.000000,3,09:30,10.099200,10.546056,-0.446856,26.698320,False,False,False
VA619_EB,MD,585,37.394817,31.812770,1.000000,6,47.590584,1.000000,3,48.081803,1.000000,3,09:45,10.195767,10.686986,-0.491220,27.265187,False,False,False
VA619_EB,MD,600,37.215132,31.812770,1.000000,6,47.253724,1.000000,3,47.739639,1.000000,3,10:00,10.038592,10.524507,-0.485915,26.974490,False,False,False
VA619_EB,MD,615,37.291860,31.812770,1.000000,6,46.915951,1.000000,3,47.374803,1.000000,3,10:15,9.624091,10.082943,-0.458852,25.807486,False,False,False
VA619_EB,MD,630,37.085571,31.812770,1.000000,6,46.576947,1.000000,3,47.016153,1.000000,3,10:30,9.491376,9.930582,-0.439206,25.593177,False,False,False
VA619_EB,MD,645,36.835530,31.812770,1.000000,6,46.236976,1.000000,3,46.693302,1.000000,3,10:45,9.401446,9.857772,-0.456326,25.522765,False,False,False
VA619_EB,MD,660,37.633610,31.812770,1.000000,6,45.895650,1.000000,3,46.436462,1.000000,3,11:00,8.262040,8.802852,-0.540812,21.953886,False,False,False
VA619_EB,MD,675,37.546750,31.812770,1.000000,6,45.114693,1.000000,3,46.165997,1.000000,3,11:15,7.567943,8.619247,-1.051304,20.156054,False,False,False
VA619_EB,MD,690,,31.812770,0.598861,5,42.368557,1.000000,3,43.530817,1.000000,3,11:30,,,-1.162260,,,False,False
VA619_EB,MD,705,,31.812770,0.598861,5,45.397692,1.000000,3,46.210726,1.000000,3,11:45,,,-0.813033,,,False,False
VA619_EB,MD,720,36.908850,31.812770,1.000000,6,45.627131,1.000000,3,46.260917,1.000000,3,12:00,8.718281,9.352067,-0.633786,23.621112,False,False,False
VA619_EB,MD,735,36.963373,31.812770,1.000000,6,45.813363,1.000000,3,46.375669,1.000000,3,12:15,8.849990,9.412296,-0.562306,23.942593,False,False,False
VA619_EB,MD,750,36.691389,31.812770,1.000000,6,45.997255,1.000000,3,46.543528,1.000000,3,12:30,9.305865,9.852139,-0.546273,25.362531,False,False,False
VA619_EB,MD,765,37.159619,31.812770,1.000000,6,45.941087,1.000000,3,46.753151,1.000000,3,12:45,8.781469,9.593532,-0.812064,23.631751,False,False,False
VA619_EB,MD,780,36.669307,31.812770,1.000000,6,45.902180,1.000000,3,46.984982,1.000000,3,13:00,9.232873,10.315675,-1.082802,25.178749,False,False,False
VA619_EB,MD,795,36.358774,31.812770,1.000000,6,46.699536,1.000000,3,47.267748,1.000000,3,13:15,10.340761,10.908973,-0.568212,28.440896,False,False,False
VA619_EB,MD,810,36.825612,31.812770,1.000000,6,47.001555,1.000000,3,47.562645,1.000000,3,13:30,10.175942,10.737033,-0.561091,27.632785,False,False,False
VA619_EB,MD,825,37.143809,31.812770,1.000000,6,47.303280,1.000000,3,47.859563,1.000000,3,13:45,10.159471,10.715754,-0.556283,27.351721,False,False,False
VA619_EB,MD,840,37.012123,31.812770,1.000000,6,47.604514,1.000000,3,48.139073,1.000000,3,14:00,10.592392,11.126950,-0.534559,28.618709,False,False,False
VA619_EB,MD,855,36.995237,31.812770,1.000000,6,47.905543,1.000000,3,48.381775,1.000000,3,14:15,10.910306,11.386539,-0.476233,29.491111,False,False,False
VA619_EB,MD,870,36.612917,31.812770,1.000000,6,48.205954,1.000000,3,48.568317,1.000000,3,14:30,11.593037,11.955401,-0.362363,31.663791,False,False,False
VA619_EB,MD,885,36.804574,31.812770,1.000000,6,48.506031,1.000000,3,48.679365,1.000000,3,14:45,11.701457,11.874791,-0.173334,31.793487,False,False,False
VA619_NB,MD,540,38.343134,31.789254,0.923533,12,41.217461,1.000000,3,41.295566,1.000000,3,09:00,2.874327,2.952432,-0.078105,7.496328,False,False,False
VA619_NB,MD,555,38.492780,31.789254,1.000000,13,41.754912,1.000000,3,41.969244,1.000000,3,09:15,3.262132,3.476464,-0.214332,8.474661,False,False,False
VA619_NB,MD,570,38.514537,31.789254,1.000000,13,41.584065,1.000000,3,41.853682,1.000000,3,09:30,3.069528,3.339144,-0.269617,7.969790,False,False,False
VA619_NB,MD,585,38.887529,31.789254,1.000000,13,41.350658,1.000000,3,41.637151,1.000000,3,09:45,2.463128,2.749622,-0.286493,6.333980,False,False,False
VA619_NB,MD,600,39.451585,31.789254,1.000000,13,41.255949,1.000000,3,41.541427,1.000000,3,10:00,1.804364,2.089842,-0.285478,4.573615,False,False,False
VA619_NB,MD,615,39.251920,31.789254,0.898386,12,41.094045,1.000000,3,41.365647,1.000000,3,10:15,1.842125,2.113727,-0.271602,4.693083,False,False,False
VA619_NB,MD,630,39.116927,31.789254,0.898386,12,40.930809,1.000000,3,41.194811,1.000000,3,10:30,1.813881,2.077884,-0.264003,4.637075,False,False,False
VA619_NB,MD,645,39.001856,31.789254,1.000000,13,40.766194,1.000000,3,41.043951,1.000000,3,10:45,1.764338,2.042095,-0.277757,4.523729,False,False,False
VA619_NB,MD,660,38.871848,31.789254,1.000000,13,40.600178,1.000000,3,40.928752,1.000000,3,11:00,1.728329,2.056904,-0.328574,4.446224,False,False,False
VA619_NB,MD,675,38.882260,31.789254,1.000000,13,39.591613,1.000000,3,40.506127,1.000000,3,11:15,0.709353,1.623868,-0.914515,1.824361,False,False,False
VA619_NB,MD,690,38.838145,31.789254,1.000000,13,39.025711,1.000000,3,39.997903,1.000000,3,11:30,0.187566,1.159758,-0.972191,0.482944,False,False,False
VA619_NB,MD,705,38.687846,31.789254,1.000000,13,40.361391,1.000000,3,40.757154,1.000000,3,11:45,1.673545,2.069308,-0.395764,4.325764,False,False,False
VA619_NB,MD,720,38.799008,31.789254,1.000000,13,40.509715,1.000000,3,40.849370,1.000000,3,12:00,1.710707,2.050363,-0.339656,4.409152,False,False,False
VA619_NB,MD,735,38.499595,31.789254,0.920200,12,40.716507,1.000000,3,41.004738,1.000000,3,12:15,2.216912,2.505143,-0.288231,5.758273,False,False,False
VA619_NB,MD,750,38.633088,31.789254,0.917540,11,40.849461,1.000000,3,41.114373,1.000000,3,12:30,2.216373,2.481285,-0.264912,5.736980,False,False,False
VA619_NB,MD,765,39.081571,31.789254,0.996452,11,40.884881,1.000000,3,41.142539,1.000000,3,12:45,1.803310,2.060967,-0.257658,4.614220,False,False,False
VA619_NB,MD,780,38.698671,31.789254,0.999112,12,41.121121,1.000000,3,41.392600,1.000000,3,13:00,2.422450,2.693929,-0.271479,6.259776,False,False,False
VA619_NB,MD,795,38.689784,31.789254,1.000000,13,41.135651,1.000000,3,41.419027,1.000000,3,13:15,2.445868,2.729243,-0.283375,6.321740,False,False,False
VA619_NB,MD,810,38.733009,31.789254,1.000000,13,41.383992,1.000000,3,41.678562,1.000000,3,13:30,2.650983,2.945554,-0.294570,6.844248,False,False,False
VA619_NB,MD,825,38.898867,31.789254,1.000000,13,41.595019,1.000000,3,41.880261,1.000000,3,13:45,2.696152,2.981395,-0.285242,6.931185,False,False,False
VA619_NB,MD,840,38.858046,31.789254,1.000000,13,41.781714,1.000000,3,42.056478,1.000000,3,14:00,2.923668,3.198432,-0.274764,7.523970,False,False,False
VA619_NB,MD,855,38.946700,31.789254,0.999112,12,41.967146,1.000000,3,42.223554,1.000000,3,14:15,3.020446,3.276855,-0.256408,7.755334,False,False,False
VA619_NB,MD,870,38.541495,31.789254,0.999112,12,42.151241,1.000000,3,42.358659,1.000000,3,14:30,3.609745,3.817164,-0.207419,9.365868,False,False,False
VA619_NB,MD,885,38.250841,31.789254,1.000000,13,42.303936,1.000000,3,42.408581,1.000000,3,14:45,4.053096,4.157740,-0.104644,10.596096,False,False,False
VA619_SB,MD,540,38.554506,31.765184,1.000000,14,42.093316,1.000000,3,42.165011,1.000000,3,09:00,3.538810,3.610506,-0.071695,9.178721,False,False,False
VA619_SB,MD,555,38.570366,31.765184,1.000000,14,41.542223,1.000000,3,41.754969,1.000000,3,09:15,2.971857,3.184602,-0.212745,7.705027,False,False,False
VA619_SB,MD,570,38.458719,31.765184,1.000000,14,41.676691,1.000000,3,41.945573,1.000000,3,09:30,3.217972,3.486854,-0.268882,8.367341,False,False,False
VA619_SB,MD,585,38.785351,31.765184,1.000000,14,41.475394,1.000000,3,41.754425,1.000000,3,09:45,2.690042,2.969074,-0.279031,6.935718,False,False,False
VA619_SB,MD,600,39.399736,31.765184,1.000000,14,41.272427,1.000000,3,41.538509,1.000000,3,10:00,1.872692,2.138774,-0.266082,4.753057,False,False,False
VA619_SB,MD,615,39.585929,31.765184,1.000000,14,41.067943,1.000000,3,41.320662,1.000000,3,10:15,1.482013,1.734733,-0.252720,3.743788,False,False,False
VA619_SB,MD,630,39.712243,31.765184,1.000000,14,40.851705,1.000000,3,41.113823,1.000000,3,10:30,1.139462,1.401581,-0.262118,2.869297,False,False,False
VA619_SB,MD,645,39.560937,31.765184,1.000000,14,40.597991,1.000000,3,40.907996,1.000000,3,10:45,1.037054,1.347059,-0.310005,2.621408,False,False,False
VA619_SB,MD,660,39.650628,31.765184,1.000000,14,39.971289,1.000000,3,40.315963,1.000000,3,11:00,0.320661,0.665335,-0.344674,0.808716,False,False,False
VA619_SB,MD,675,39.377334,31.765184,1.000000,14,39.445838,1.000000,3,40.454038,1.000000,3,11:15,0.068504,1.076704,-1.008200,0.173968,False,False,False
VA619_SB,MD,690,39.281089,31.765184,1.000000,14,39.192409,1.000000,3,39.991545,1.000000,3,11:30,-0.088680,0.710455,-0.799135,0.225757,False,False,False
VA619_SB,MD,705,39.099948,31.765184,1.000000,14,40.396321,1.000000,3,40.805967,1.000000,3,11:45,1.296373,1.706019,-0.409646,3.315536,False,False,False
VA619_SB,MD,720,39.085763,31.765184,1.000000,14,40.612677,1.000000,3,40.954879,1.000000,3,12:00,1.526913,1.869116,-0.342203,3.906571,False,False,False
VA619_SB,MD,735,39.068409,31.765184,1.000000,14,40.721258,1.000000,3,41.022404,1.000000,3,12:15,1.652848,1.953995,-0.301146,4.230652,False,False,False
VA619_SB,MD,750,39.015072,31.765184,1.000000,14,40.913591,1.000000,3,41.198621,1.000000,3,12:30,1.898519,2.183549,-0.285030,4.866116,False,False,False
VA619_SB,MD,765,38.782350,31.765184,1.000000,14,41.017778,1.000000,3,41.320194,1.000000,3,12:45,2.235428,2.537844,-0.302416,5.764035,False,False,False
VA619_SB,MD,780,38.497113,31.765184,1.000000,14,41.175621,1.000000,3,41.505970,1.000000,3,13:00,2.678508,3.008857,-0.330349,6.957686,False,False,False
VA619_SB,MD,795,38.563370,31.765184,1.000000,14,41.392527,1.000000,3,41.699911,1.000000,3,13:15,2.829157,3.136541,-0.307383,7.336385,False,False,False
VA619_SB,MD,810,39.016387,31.765184,1.000000,14,41.559923,1.000000,3,41.877627,1.000000,3,13:30,2.543536,2.861240,-0.317704,6.519149,False,False,False
VA619_SB,MD,825,39.060423,31.765184,1.000000,14,41.726829,1.000000,3,42.047893,1.000000,3,13:45,2.666406,2.987470,-0.321064,6.826362,False,False,False
VA619_SB,MD,840,38.840488,31.765184,1.000000,14,41.893250,1.000000,3,42.202073,1.000000,3,14:00,3.052762,3.361585,-0.308823,7.859742,False,False,False
VA619_SB,MD,855,38.686398,31.765184,1.000000,14,42.059169,1.000000,3,42.331831,1.000000,3,14:15,3.372771,3.645432,-0.272662,8.718233,False,False,False
VA619_SB,MD,870,38.415735,31.765184,1.000000,14,42.224661,1.000000,3,42.429078,1.000000,3,14:30,3.808926,4.013343,-0.204418,9.915014,False,False,False
VA619_SB,MD,885,38.161233,31.765184,1.000000,14,42.389453,1.000000,3,42.485844,1.000000,3,14:45,4.228220,4.324611,-0.096391,11.079884,False,False,False
VA619_WB,MD,540,37.454579,31.703551,1.000000,6,50.117993,1.000000,3,50.249496,1.000000,3,09:00,12.663413,12.794917,-0.131503,33.810054,False,False,False
VA619_WB,MD,555,37.840023,31.703551,1.000000,6,49.613683,1.000000,3,49.992230,1.000000,3,09:15,11.773660,12.152207,-0.378547,31.114303,False,False,False
VA619_WB,MD,570,37.548811,31.703551,1.000000,6,49.107368,1.000000,3,49.646833,1.000000,3,09:30,11.558557,12.098021,-0.539465,30.782750,False,False,False
VA619_WB,MD,585,37.044543,31.703551,1.000000,6,47.146465,1.000000,3,47.738316,1.000000,3,09:45,10.101922,10.693774,-0.591851,27.269664,False,False,False
VA619_WB,MD,600,37.616897,31.703551,1.000000,6,48.549831,1.000000,3,49.286569,1.000000,3,10:00,10.932933,11.669672,-0.736739,29.063889,False,False,False
VA619_WB,MD,615,37.750800,31.703551,1.000000,6,48.376207,1.000000,3,49.129429,1.000000,3,10:15,10.625408,11.378629,-0.753222,28.146179,False,False,False
VA619_WB,MD,630,37.356431,31.703551,1.000000,6,48.199635,1.000000,3,48.981641,1.000000,3,10:30,10.843204,11.625210,-0.782006,29.026338,False,False,False
VA619_WB,MD,645,36.956840,31.703551,1.000000,6,48.020449,1.000000,3,48.856368,1.000000,3,10:45,11.063609,11.899528,-0.835919,29.936566,False,False,False
VA619_WB,MD,660,36.738375,31.703551,1.000000,6,47.838134,1.000000,3,48.767169,1.000000,3,11:00,11.099759,12.028794,-0.929036,30.212982,False,False,False
VA619_WB,MD,675,36.924201,31.703551,1.000000,6,47.117972,1.000000,3,48.727827,1.000000,3,11:15,10.193771,11.803626,-1.609856,27.607288,False,False,False
VA619_WB,MD,690,36.832501,31.703551,1.000000,6,45.688277,1.000000,3,47.027089,1.000000,3,11:30,8.855776,10.194587,-1.338812,24.043374,False,False,False
VA619_WB,MD,705,37.236486,31.703551,1.000000,6,47.786708,1.000000,3,48.775839,1.000000,3,11:45,10.550222,11.539353,-0.989130,28.333023,False,False,False
VA619_WB,MD,720,37.586390,31.703551,1.000000,6,47.955017,1.000000,3,48.842942,1.000000,3,12:00,10.368627,11.256552,-0.887925,27.586121,False,False,False
VA619_WB,MD,735,37.732676,31.703551,1.000000,6,48.121686,1.000000,3,48.934364,1.000000,3,12:15,10.389010,11.201688,-0.812678,27.533192,False,False,False
VA619_WB,MD,750,37.468310,31.703551,1.000000,6,48.287675,1.000000,3,49.044599,1.000000,3,12:30,10.819366,11.576289,-0.756924,28.876044,False,False,False
VA619_WB,MD,765,37.234630,31.703551,1.000000,6,48.452101,1.000000,3,49.168161,1.000000,3,12:45,11.217471,11.933531,-0.716059,30.126447,False,False,False
VA619_WB,MD,780,37.029163,31.703551,1.000000,6,48.615803,1.000000,3,49.299621,1.000000,3,13:00,11.586640,12.270458,-0.683818,31.290580,False,False,False
VA619_WB,MD,795,37.135571,31.703551,1.000000,6,48.778650,1.000000,3,49.433638,1.000000,3,13:15,11.643079,12.298067,-0.654988,31.352902,False,False,False
VA619_WB,MD,810,37.595212,31.703551,1.000000,6,48.940262,1.000000,3,49.564964,1.000000,3,13:30,11.345050,11.969753,-0.624702,30.176849,False,False,False
VA619_WB,MD,825,37.474580,31.703551,1.000000,6,49.101052,1.000000,3,49.688452,1.000000,3,13:45,11.626472,12.213872,-0.587400,31.024956,False,False,False
VA619_WB,MD,840,37.176520,31.703551,1.000000,6,49.260639,1.000000,3,49.799040,1.000000,3,14:00,12.084119,12.622520,-0.538401,32.504707,False,False,False
VA619_WB,MD,855,37.185440,31.703551,1.000000,6,49.419068,1.000000,3,49.891735,1.000000,3,14:15,12.233629,12.706296,-0.472667,32.898976,False,False,False
VA619_WB,MD,870,37.309643,31.703551,1.000000,6,49.576634,1.000000,3,49.961578,1.000000,3,14:30,12.266991,12.651935,-0.384944,32.878875,False,False,False
VA619_WB,MD,885,37.408659,31.703551,1.000000,6,48.984545,1.000000,3,49.176934,1.000000,3,14:45,11.575886,11.768275,-0.192389,30.944403,False,False,False
VA620_EB,MD,540,32.301036,31.694060,1.000000,28,44.727269,1.000000,3,44.856858,1.000000,3,09:00,12.426233,12.555823,-0.129589,38.470077,False,False,False
VA620_EB,MD,555,33.267495,31.694060,1.000000,28,43.746116,1.000000,3,44.029958,1.000000,3,09:15,10.478622,10.762463,-0.283842,31.498079,False,False,False
VA620_EB,MD,570,33.639230,31.694060,1.000000,28,43.308133,1.000000,3,43.435648,1.000000,3,09:30,9.668903,9.796418,-0.127515,28.742939,False,False,False
VA620_EB,MD,585,33.770120,31.694060,1.000000,28,42.322824,1.000000,3,42.395202,1.000000,3,09:45,8.552703,8.625082,-0.072379,25.326245,False,False,False
VA620_EB,MD,600,33.869871,31.694060,1.000000,28,41.242412,1.000000,3,41.224328,1.000000,3,10:00,7.372541,7.354458,0.018084,21.767255,False,False,False
VA620_EB,MD,615,34.030940,31.694060,1.000000,28,41.703664,1.000000,3,41.508150,1.000000,3,10:15,7.672724,7.477210,0.195514,22.546319,False,False,False
VA620_EB,MD,630,34.484284,31.694060,1.000000,28,41.653478,1.000000,3,41.248881,1.000000,3,10:30,7.169194,6.764597,0.404597,20.789742,False,False,False
VA620_EB,MD,645,34.699465,31.694060,1.000000,28,41.414667,1.000000,3,40.829139,1.000000,3,10:45,6.715201,6.129674,0.585528,19.352463,False,False,False
VA620_EB,MD,660,34.760908,31.694060,1.000000,28,41.165508,1.000000,3,40.498172,1.000000,3,11:00,6.404600,5.737264,0.667336,18.424720,False,False,False
VA620_EB,MD,675,34.853282,31.694060,1.000000,28,40.782178,1.000000,3,40.152841,1.000000,3,11:15,5.928897,5.299560,0.629337,17.011014,False,False,False
VA620_EB,MD,690,34.657260,31.694060,1.000000,28,39.662939,1.000000,3,39.156711,1.000000,3,11:30,5.005679,4.499451,0.506228,14.443379,False,False,False
VA620_EB,MD,705,34.507034,31.694060,1.000000,28,39.381495,1.000000,3,38.940046,1.000000,3,11:45,4.874460,4.433012,0.441449,14.125990,False,False,False
VA620_EB,MD,720,34.524665,31.694060,1.000000,28,39.995516,1.000000,3,39.541109,1.000000,3,12:00,5.470851,5.016443,0.454407,15.846210,False,False,False
VA620_EB,MD,735,34.739186,31.694060,0.939858,26,40.764259,1.000000,3,40.260207,1.000000,3,12:15,6.025074,5.521021,0.504052,17.343739,False,False,False
VA620_EB,MD,750,34.457587,31.694060,0.939858,26,41.269021,1.000000,3,40.723605,1.000000,3,12:30,6.811434,6.266017,0.545417,19.767588,False,False,False
VA620_EB,MD,765,34.296649,31.694060,1.000000,28,41.622227,1.000000,3,41.127576,1.000000,3,12:45,7.325578,6.830927,0.494650,21.359456,False,False,False
VA620_EB,MD,780,34.205496,31.694060,1.000000,28,42.049627,1.000000,3,41.658191,1.000000,3,13:00,7.844131,7.452695,0.391436,22.932371,False,False,False
VA620_EB,MD,795,33.910656,31.694060,1.000000,28,42.437861,1.000000,3,42.207716,1.000000,3,13:15,8.527205,8.297059,0.230146,25.146093,False,False,False
VA620_EB,MD,810,33.586215,31.694060,1.000000,28,42.806807,1.000000,3,42.776984,1.000000,3,13:30,9.220592,9.190770,0.029823,27.453502,False,False,False
VA620_EB,MD,825,33.465636,31.694060,1.000000,28,43.088621,1.000000,3,43.256897,1.000000,3,13:45,9.622985,9.791262,-0.168276,28.754826,False,False,False
VA620_EB,MD,840,33.297796,31.694060,1.000000,28,43.312582,1.000000,3,43.638015,1.000000,3,14:00,10.014786,10.340219,-0.325433,30.076425,False,False,False
VA620_EB,MD,855,32.950490,31.694060,1.000000,28,43.875760,1.000000,3,44.254707,1.000000,3,14:15,10.925270,11.304217,-0.378947,33.156623,False,False,False
VA620_EB,MD,870,32.432312,31.694060,1.000000,28,44.415661,1.000000,3,44.757476,1.000000,3,14:30,11.983348,12.325164,-0.341815,36.948794,False,False,False
VA620_EB,MD,885,32.163520,31.694060,1.000000,28,44.975118,1.000000,3,45.197188,1.000000,3,14:45,12.811598,13.033668,-0.222070,39.832698,False,False,False
VA620_WB,MD,540,32.346324,31.785583,1.000000,26,44.690483,1.000000,3,44.825689,1.000000,3,09:00,12.344159,12.479365,-0.135205,38.162480,False,False,False
VA620_WB,MD,555,33.025525,31.785583,1.000000,26,43.613934,1.000000,3,43.902731,1.000000,3,09:15,10.588410,10.877206,-0.288796,32.061291,False,False,False
VA620_WB,MD,570,33.391108,31.785583,1.000000,26,43.299340,1.000000,3,43.381428,1.000000,3,09:30,9.908233,9.990321,-0.082088,29.673268,False,False,False
VA620_WB,MD,585,33.348423,31.785583,1.000000,26,42.635479,1.000000,3,42.500894,1.000000,3,09:45,9.287056,9.152471,0.134585,27.848561,False,False,False
VA620_WB,MD,600,33.663699,31.785583,0.974273,25,41.596363,1.000000,3,41.369755,1.000000,3,10:00,7.932664,7.706056,0.226608,23.564446,False,False,False
VA620_WB,MD,615,33.655993,31.785583,0.881687,24,40.863973,1.000000,3,40.603801,1.000000,3,10:15,7.207980,6.947808,0.260172,21.416631,False,False,False
VA620_WB,MD,630,34.119340,31.785583,0.907414,25,40.976148,1.000000,3,40.646821,1.000000,3,10:30,6.856808,6.527481,0.329327,20.096543,False,False,False
VA620_WB,MD,645,34.703232,31.785583,0.956228,25,40.597869,1.000000,3,40.194405,1.000000,3,10:45,5.894637,5.491173,0.403464,16.985843,False,False,False
VA620_WB,MD,660,34.990635,31.785583,0.956228,25,41.210308,1.000000,3,40.689493,1.000000,3,11:00,6.219673,5.698858,0.520815,17.775250,False,False,False
VA620_WB,MD,675,34.861109,31.785583,1.000000,26,41.318178,1.000000,3,40.709023,1.000000,3,11:15,6.457069,5.847914,0.609155,18.522271,False,False,False
VA620_WB,MD,690,34.750182,31.785583,1.000000,26,41.279599,1.000000,3,40.663453,1.000000,3,11:30,6.529417,5.913271,0.616146,18.789591,False,False,False
VA620_WB,MD,705,34.807726,31.785583,1.000000,26,40.763132,1.000000,3,40.198484,1.000000,3,11:45,5.955406,5.390758,0.564648,17.109436,False,False,False
VA620_WB,MD,720,34.712170,31.785583,1.000000,26,41.048931,1.000000,3,40.553768,1.000000,3,12:00,6.336761,5.841598,0.495163,18.255157,False,False,False
VA620_WB,MD,735,34.638341,31.785583,1.000000,26,41.051105,1.000000,3,40.610231,1.000000,3,12:15,6.412764,5.971890,0.440874,18.513485,False,False,False
VA620_WB,MD,750,34.534993,31.785583,1.000000,26,41.571657,1.000000,3,41.208103,1.000000,3,12:30,7.036664,6.673110,0.363554,20.375461,False,False,False
VA620_WB,MD,765,34.364749,31.785583,1.000000,26,41.470543,1.000000,3,41.201085,1.000000,3,12:45,7.105793,6.836336,0.269458,20.677565,False,False,False
VA620_WB,MD,780,34.566498,31.785583,0.986362,25,42.131026,1.000000,3,41.917672,1.000000,3,13:00,7.564528,7.351173,0.213355,21.883987,False,False,False
VA620_WB,MD,795,34.410989,31.785583,0.986362,25,42.625769,1.000000,3,42.496641,1.000000,3,13:15,8.214779,8.085652,0.129127,23.872545,False,False,False
VA620_WB,MD,810,34.258940,31.785583,1.000000,26,42.997372,1.000000,3,42.992849,1.000000,3,13:30,8.738433,8.733909,0.004524,25.507014,False,False,False
VA620_WB,MD,825,34.106145,31.785583,1.000000,26,43.365266,1.000000,3,43.519757,1.000000,3,13:45,9.259121,9.413611,-0.154491,27.147954,False,False,False
VA620_WB,MD,840,33.995362,31.785583,1.000000,26,43.729606,1.000000,3,44.030111,1.000000,3,14:00,9.734244,10.034748,-0.300505,28.634034,False,False,False
VA620_WB,MD,855,33.392640,31.785583,1.000000,26,43.991931,1.000000,3,44.381151,1.000000,3,14:15,10.599291,10.988511,-0.389220,31.741399,False,False,False
VA620_WB,MD,870,32.697648,31.785583,1.000000,26,44.256956,1.000000,3,44.614770,1.000000,3,14:30,11.559308,11.917121,-0.357814,35.352108,False,False,False
VA620_WB,MD,885,32.492458,31.785583,1.000000,26,44.971318,1.000000,3,45.174538,1.000000,3,14:45,12.478860,12.682080,-0.203220,38.405405,False,False,False
VA640_EB,MD,540,33.235410,31.631717,1.000000,22,43.365236,1.000000,3,43.441745,1.000000,3,09:00,10.129826,10.206335,-0.076509,30.479017,False,False,False
VA640_EB,MD,555,33.729438,31.631717,0.860480,20,42.295944,1.000000,3,42.542049,1.000000,3,09:15,8.566506,8.812611,-0.246105,25.397714,False,False,False
VA640_EB,MD,570,33.399163,31.631717,0.860480,20,41.870529,1.000000,3,42.181292,1.000000,3,09:30,8.471365,8.782129,-0.310763,25.364005,False,False,False
VA640_EB,MD,585,33.103248,31.631717,1.000000,22,42.187176,1.000000,3,42.469340,1.000000,3,09:45,9.083928,9.366091,-0.282164,27.441198,False,False,False
VA640_EB,MD,600,33.470753,31.631717,1.000000,22,41.961637,1.000000,3,42.146518,1.000000,3,10:00,8.490884,8.675766,-0.184882,25.368070,False,False,False
VA640_EB,MD,615,33.552678,31.631717,1.000000,22,41.733121,1.000000,3,41.800305,1.000000,3,10:15,8.180443,8.247626,-0.067183,24.380894,False,False,False
VA640_EB,MD,630,33.466084,31.631717,1.000000,22,41.501513,1.000000,3,41.452040,1.000000,3,10:30,8.035429,7.985956,0.049473,24.010664,False,False,False
VA640_EB,MD,645,33.450006,31.631717,1.000000,22,41.177331,1.000000,3,41.033285,1.000000,3,10:45,7.727325,7.583278,0.144046,23.101115,False,False,False
VA640_EB,MD,660,33.252719,31.631717,1.000000,22,41.041144,1.000000,3,40.831040,1.000000,3,11:00,7.788424,7.578320,0.210104,23.421916,False,False,False
VA640_EB,MD,675,33.297249,31.631717,1.000000,22,40.689794,1.000000,3,40.475105,1.000000,3,11:15,7.392545,7.177857,0.214688,22.201669,False,False,False
VA640_EB,MD,690,33.195686,31.631717,1.000000,22,39.805414,1.000000,3,39.587068,1.000000,3,11:30,6.609728,6.391381,0.218347,19.911407,False,False,False
VA640_EB,MD,705,33.245618,31.631717,1.000000,22,39.898042,1.000000,3,39.714075,1.000000,3,11:45,6.652423,6.468457,0.183966,20.009926,False,False,False
VA640_EB,MD,720,33.099804,31.631717,0.994552,21,40.151266,1.000000,3,39.933691,1.000000,3,12:00,7.051463,6.833887,0.217576,21.303639,False,False,False
VA640_EB,MD,735,32.808234,31.631717,0.994552,21,40.503941,1.000000,3,40.257797,1.000000,3,12:15,7.695707,7.449563,0.246143,23.456631,False,False,False
VA640_EB,MD,750,32.656731,31.631717,1.000000,22,40.370042,1.000000,3,40.208052,1.000000,3,12:30,7.713311,7.551321,0.161990,23.619360,False,False,False
VA640_EB,MD,765,32.552805,31.631717,1.000000,22,40.117131,1.000000,3,40.032027,1.000000,3,12:45,7.564326,7.479222,0.085104,23.237095,False,False,False
VA640_EB,MD,780,32.684511,31.631717,1.000000,22,40.037801,1.000000,3,40.022095,1.000000,3,13:00,7.353290,7.337585,0.015706,22.497783,False,False,False
VA640_EB,MD,795,32.689058,31.631717,1.000000,22,39.967296,1.000000,3,39.970390,1.000000,3,13:15,7.278238,7.281333,-0.003094,22.265060,False,False,False
VA640_EB,MD,810,32.696686,31.631717,1.000000,22,41.193564,1.000000,3,41.170650,1.000000,3,13:30,8.496878,8.473964,0.022914,25.986970,False,False,False
VA640_EB,MD,825,32.989650,31.631717,1.000000,22,41.575154,1.000000,3,41.626694,1.000000,3,13:45,8.585504,8.637044,-0.051540,26.024841,False,False,False
VA640_EB,MD,840,32.669231,31.631717,1.000000,22,41.908327,1.000000,3,42.094186,1.000000,3,14:00,9.239097,9.424955,-0.185859,28.280729,False,False,False
VA640_EB,MD,855,32.675037,31.631717,0.969003,21,42.559927,1.000000,3,42.861508,1.000000,3,14:15,9.884890,10.186471,-0.301581,30.252115,False,False,False
VA640_EB,MD,870,32.464786,31.631717,0.969003,21,43.088952,1.000000,3,43.428679,1.000000,3,14:30,10.624166,10.963893,-0.339727,32.725201,False,False,False
VA640_EB,MD,885,32.081360,31.631717,1.000000,22,43.608647,1.000000,3,43.841449,1.000000,3,14:45,11.527287,11.760090,-0.232803,35.931418,False,False,False
VA640_WB,MD,540,35.876618,31.751338,0.940550,17,43.473600,1.000000,3,43.551601,1.000000,3,09:00,7.596982,7.674983,-0.078001,21.175302,False,False,False
VA640_WB,MD,555,35.925892,31.751338,0.940550,17,42.827402,1.000000,3,43.066717,1.000000,3,09:15,6.901510,7.140826,-0.239315,19.210408,False,False,False
VA640_WB,MD,570,35.726868,31.751338,1.000000,18,42.876252,1.000000,3,43.153241,1.000000,3,09:30,7.149384,7.426373,-0.276989,20.011225,False,False,False
VA640_WB,MD,585,35.781232,31.751338,1.000000,18,42.615843,1.000000,3,42.856480,1.000000,3,09:45,6.834611,7.075247,-0.240637,19.101105,False,False,False
VA640_WB,MD,600,35.796495,31.751338,1.000000,18,42.353853,1.000000,3,42.520942,1.000000,3,10:00,6.557358,6.724448,-0.167089,18.318437,False,False,False
VA640_WB,MD,615,35.801870,31.751338,1.000000,18,41.972558,1.000000,3,42.058041,1.000000,3,10:15,6.170689,6.256171,-0.085483,17.235660,False,False,False
VA640_WB,MD,630,35.909631,31.751338,1.000000,18,41.589362,1.000000,3,41.590581,1.000000,3,10:30,5.679731,5.680951,-0.001219,15.816735,False,False,False
VA640_WB,MD,645,35.977158,31.751338,1.000000,18,41.635017,1.000000,3,41.557354,1.000000,3,10:45,5.657859,5.580196,0.077663,15.726252,False,False,False
VA640_WB,MD,660,35.851657,31.751338,1.000000,18,41.431428,1.000000,3,41.286054,1.000000,3,11:00,5.579771,5.434397,0.145374,15.563494,False,False,False
VA640_WB,MD,675,35.498573,31.751338,1.000000,18,41.101389,1.000000,3,40.946654,1.000000,3,11:15,5.602815,5.448080,0.154735,15.783213,False,False,False
VA640_WB,MD,690,35.312494,31.751338,1.000000,18,39.940819,1.000000,3,39.767761,1.000000,3,11:30,4.628325,4.455268,0.173057,13.106764,False,False,False
VA640_WB,MD,705,35.228002,31.751338,1.000000,18,40.937595,1.000000,3,40.736255,1.000000,3,11:45,5.709593,5.508253,0.201340,16.207543,False,False,False
VA640_WB,MD,720,35.217783,31.751338,1.000000,18,40.439633,1.000000,3,40.198449,1.000000,3,12:00,5.221850,4.980666,0.241184,14.827311,False,False,False
VA640_WB,MD,735,35.073307,31.751338,1.000000,18,40.968749,1.000000,3,40.659591,1.000000,3,12:15,5.895443,5.586284,0.309158,16.808915,False,False,False
VA640_WB,MD,750,34.774300,31.751338,1.000000,18,40.984530,1.000000,3,40.673249,1.000000,3,12:30,6.210230,5.898948,0.311282,17.858677,False,False,False
VA640_WB,MD,765,34.831288,31.751338,1.000000,18,40.531916,1.000000,3,40.252734,1.000000,3,12:45,5.700628,5.421446,0.279182,16.366400,False,False,False
VA640_WB,MD,780,34.849435,31.751338,1.000000,18,40.864237,1.000000,3,40.603056,1.000000,3,13:00,6.014802,5.753622,0.261180,17.259397,False,False,False
VA640_WB,MD,795,34.699680,31.751338,1.000000,18,41.198682,1.000000,3,40.957086,1.000000,3,13:15,6.499002,6.257406,0.241596,18.729285,False,False,False
VA640_WB,MD,810,34.805364,31.751338,1.000000,18,41.360507,1.000000,3,41.145608,1.000000,3,13:30,6.555143,6.340244,0.214899,18.833714,False,False,False
VA640_WB,MD,825,34.568905,31.751338,1.000000,18,41.483179,1.000000,3,41.341333,1.000000,3,13:45,6.914275,6.772428,0.141847,20.001428,False,False,False
VA640_WB,MD,840,34.370234,31.751338,1.000000,18,41.440041,1.000000,3,41.408273,1.000000,3,14:00,7.069806,7.038039,0.031768,20.569561,False,False,False
VA640_WB,MD,855,34.114738,31.751338,1.000000,18,41.836921,1.000000,3,41.828100,1.000000,3,14:15,7.722183,7.713362,0.008822,22.635916,False,False,False
VA640_WB,MD,870,33.648360,31.751338,1.000000,18,41.305387,1.000000,3,41.337105,1.000000,3,14:30,7.657027,7.688744,-0.031718,22.756017,False,False,False
VA640_WB,MD,885,34.354029,31.751338,0.880657,17,42.049988,1.000000,3,42.094715,1.000000,3,14:45,7.695958,7.740686,-0.044727,22.401908,False,False,False
VA643_EB,MD,540,30.231938,31.500000,0.925323,7,39.201268,1.000000,3,39.340079,1.000000,3,09:00,8.969329,9.108141,-0.138811,29.668390,True,False,False
VA643_EB,MD,555,30.694718,31.500000,1.000000,8,38.608391,1.000000,3,38.827184,1.000000,3,09:15,7.913673,8.132466,-0.218793,25.781872,True,False,False
VA643_EB,MD,570,30.570678,31.500000,1.000000,8,37.171328,1.000000,3,37.466246,1.000000,3,09:30,6.600650,6.895568,-0.294918,21.591441,True,False,False
VA643_EB,MD,585,31.251570,31.500000,1.000000,8,37.877638,1.000000,3,38.182381,1.000000,3,09:45,6.626068,6.930811,-0.304743,21.202354,True,False,False
VA643_EB,MD,600,31.355333,31.500000,1.000000,8,37.871784,1.000000,3,38.062994,1.000000,3,10:00,6.516451,6.707662,-0.191210,20.782594,True,False,False
VA643_EB,MD,615,31.490252,31.500000,1.000000,8,37.720072,1.000000,3,37.827573,1.000000,3,10:15,6.229820,6.337321,-0.107502,19.783327,True,False,False
VA643_EB,MD,630,,31.500000,0.765159,7,37.564552,1.000000,3,37.612196,1.000000,3,10:30,,,-0.047644,,,False,False
VA643_EB,MD,645,,31.500000,0.765159,7,37.405958,1.000000,3,37.438764,1.000000,3,10:45,,,-0.032806,,,False,False
VA643_EB,MD,660,31.900406,31.500000,1.000000,8,37.243818,1.000000,3,37.330422,1.000000,3,11:00,5.343412,5.430016,-0.086604,16.750295,False,False,False
VA643_EB,MD,675,31.951885,31.500000,1.000000,8,36.220198,1.000000,3,37.309056,1.000000,3,11:15,4.268313,5.357171,-1.088858,13.358563,False,False,False
VA643_EB,MD,690,31.827015,31.500000,1.000000,8,35.562345,1.000000,3,35.859534,1.000000,3,11:30,3.735330,4.032519,-0.297188,11.736352,False,False,False
VA643_EB,MD,705,31.897552,31.500000,0.998407,7,37.157099,1.000000,3,37.428711,1.000000,3,11:45,5.259546,5.531159,-0.271613,16.488872,False,False,False
VA643_EB,MD,720,31.932752,31.500000,0.998407,7,37.458926,1.000000,3,37.611637,1.000000,3,12:00,5.526174,5.678884,-0.152711,17.305661,False,False,False
VA643_EB,MD,735,31.909792,31.500000,1.000000,8,37.678936,1.000000,3,37.800966,1.000000,3,12:15,5.769144,5.891174,-0.122029,18.079543,False,False,False
VA643_EB,MD,750,31.454118,31.500000,1.000000,8,37.898622,1.000000,3,38.028576,1.000000,3,12:30,6.444504,6.574458,-0.129954,20.488586,True,False,False
VA643_EB,MD,765,31.163512,31.500000,1.000000,8,38.117653,1.000000,3,38.283279,1.000000,3,12:45,6.954142,7.119767,-0.165626,22.315013,True,False,False
VA643_EB,MD,780,31.188067,31.500000,1.000000,8,38.336421,1.000000,3,38.553862,1.000000,3,13:00,7.148354,7.365795,-0.217442,22.920157,True,False,False
VA643_EB,MD,795,31.225445,31.500000,1.000000,8,38.554605,1.000000,3,38.829205,1.000000,3,13:15,7.329161,7.603761,-0.274600,23.471758,True,False,False
VA643_EB,MD,810,30.996337,31.500000,1.000000,8,38.772445,1.000000,3,39.098355,1.000000,3,13:30,7.776108,8.102018,-0.325910,25.087184,True,False,False
VA643_EB,MD,825,30.937811,31.500000,1.000000,8,38.990002,1.000000,3,39.350564,1.000000,3,13:45,8.052191,8.412753,-0.360562,26.027023,True,False,False
VA643_EB,MD,840,,31.500000,0.693090,7,39.207106,1.000000,3,39.575282,1.000000,3,14:00,,,-0.368176,,,False,False
VA643_EB,MD,855,,31.500000,0.693090,7,39.423805,1.000000,3,39.762129,1.000000,3,14:15,,,-0.338323,,,False,False
VA643_EB,MD,870,31.265324,31.500000,1.000000,8,39.640277,1.000000,3,39.900837,1.000000,3,14:30,8.374953,8.635513,-0.260560,26.786713,True,False,False
VA643_EB,MD,885,30.777251,31.500000,1.000000,8,39.856263,1.000000,3,39.981166,1.000000,3,14:45,9.079012,9.203915,-0.124903,29.499100,True,False,False
VA643_NB,MD,540,33.367926,31.500000,1.000000,12,46.697385,1.000000,3,46.805452,1.000000,3,09:00,13.329459,13.437526,-0.108067,39.946922,False,False,False
VA643_NB,MD,555,,31.500000,0.750170,11,46.283637,1.000000,3,46.575227,1.000000,3,09:15,,,-0.291590,,,False,False
VA643_NB,MD,570,,31.500000,0.750170,11,45.860900,1.000000,3,46.145113,1.000000,3,09:30,,,-0.284213,,,False,False
VA643_NB,MD,585,34.544301,31.500000,1.000000,12,45.428613,1.000000,3,45.614602,1.000000,3,09:45,10.884312,11.070302,-0.185989,31.508272,False,False,False
VA643_NB,MD,600,35.180940,31.500000,0.999020,11,44.985920,1.000000,3,45.100299,1.000000,3,10:00,9.804980,9.919359,-0.114380,27.870147,False,False,False
VA643_NB,MD,615,35.417796,31.500000,0.999020,11,44.098643,1.000000,3,44.222040,1.000000,3,10:15,8.680847,8.804244,-0.123397,24.509847,False,False,False
VA643_NB,MD,630,,31.500000,0.750170,11,43.770044,1.000000,3,43.807356,1.000000,3,10:30,,,-0.037312,,,False,False
VA643_NB,MD,645,,31.500000,0.750170,11,44.216498,1.000000,3,44.121734,1.000000,3,10:45,,,0.094764,,,False,False
VA643_NB,MD,660,35.506874,31.500000,1.000000,12,44.071389,1.000000,3,43.865647,1.000000,3,11:00,8.564515,8.358773,0.205742,24.120722,False,False,False
VA643_NB,MD,675,35.407223,31.500000,1.000000,12,43.359072,1.000000,3,43.119717,1.000000,3,11:15,7.951850,7.712494,0.239355,22.458270,False,False,False
VA643_NB,MD,690,35.217412,31.500000,0.995907,11,42.985430,1.000000,3,42.749518,1.000000,3,11:30,7.768018,7.532106,0.235912,22.057322,False,False,False
VA643_NB,MD,705,35.407420,31.500000,0.995907,11,43.854684,1.000000,3,43.566572,1.000000,3,11:45,8.447264,8.159151,0.288112,23.857326,False,False,False
VA643_NB,MD,720,35.557228,31.500000,1.000000,12,44.008064,1.000000,3,43.731085,1.000000,3,12:00,8.450837,8.173858,0.276979,23.766860,False,False,False
VA643_NB,MD,735,35.341728,31.500000,1.000000,12,44.007438,1.000000,3,43.784069,1.000000,3,12:15,8.665710,8.442341,0.223370,24.519770,False,False,False
VA643_NB,MD,750,34.808056,31.500000,1.000000,12,42.928401,1.000000,3,42.729307,1.000000,3,12:30,8.120345,7.921251,0.199094,23.328924,False,False,False
VA643_NB,MD,765,34.923190,31.500000,1.000000,12,44.441023,1.000000,3,44.241126,1.000000,3,12:45,9.517833,9.317936,0.199897,27.253617,False,False,False
VA643_NB,MD,780,35.026101,31.500000,1.000000,12,44.704238,1.000000,3,44.531558,1.000000,3,13:00,9.678138,9.505458,0.172680,27.631216,False,False,False
VA643_NB,MD,795,34.941229,31.500000,1.000000,12,44.408821,1.000000,3,44.326001,1.000000,3,13:15,9.467591,9.384772,0.082819,27.095759,False,False,False
VA643_NB,MD,810,34.709568,31.500000,1.000000,12,45.253931,1.000000,3,45.262759,1.000000,3,13:30,10.544363,10.553191,-0.008828,30.378838,False,False,False
VA643_NB,MD,825,34.680983,31.500000,1.000000,12,45.535062,1.000000,3,45.660973,1.000000,3,13:45,10.854078,10.979989,-0.125911,31.296915,False,False,False
VA643_NB,MD,840,34.889259,31.500000,1.000000,12,45.815356,1.000000,3,46.042975,1.000000,3,14:00,10.926097,11.153716,-0.227619,31.316507,False,False,False
VA643_NB,MD,855,34.992654,31.500000,1.000000,12,46.094445,1.000000,3,46.379045,1.000000,3,14:15,11.101791,11.386391,-0.284600,31.726062,False,False,False
VA643_NB,MD,870,34.804760,31.500000,1.000000,12,46.372549,1.000000,3,46.639835,1.000000,3,14:30,11.567789,11.835075,-0.267286,33.236227,False,False,False
VA643_NB,MD,885,34.553920,31.500000,1.000000,12,46.649535,1.000000,3,46.796217,1.000000,3,14:45,12.095615,12.242298,-0.146683,35.005045,False,False,False
VA643_SB,MD,540,34.685555,31.734431,1.000000,11,46.731910,1.000000,3,46.799137,1.000000,3,09:00,12.046354,12.113582,-0.067228,34.730175,False,False,False
VA643_SB,MD,555,34.907374,31.734431,1.000000,11,46.491381,1.000000,3,46.694887,1.000000,3,09:15,11.584006,11.787513,-0.203506,33.184984,False,False,False
VA643_SB,MD,570,35.119523,31.734431,1.000000,11,46.248717,1.000000,3,46.493140,1.000000,3,09:30,11.129194,11.373617,-0.244424,31.689478,False,False,False
VA643_SB,MD,585,35.357715,31.734431,1.000000,11,46.003871,1.000000,3,46.228776,1.000000,3,09:45,10.646156,10.871061,-0.224905,30.109853,False,False,False
VA643_SB,MD,600,35.193225,31.734431,1.000000,11,45.756804,1.000000,3,45.941180,1.000000,3,10:00,10.563579,10.747955,-0.184376,30.015944,False,False,False
VA643_SB,MD,615,35.345288,31.734431,1.000000,11,45.507189,1.000000,3,45.674719,1.000000,3,10:15,10.161901,10.329431,-0.167530,28.750369,False,False,False
VA643_SB,MD,630,35.588238,31.734431,1.000000,11,44.659873,1.000000,3,44.785210,1.000000,3,10:30,9.071635,9.196972,-0.125336,25.490543,False,False,False
VA643_SB,MD,645,35.535645,31.734431,1.000000,11,45.132577,1.000000,3,45.195379,1.000000,3,10:45,9.596933,9.659734,-0.062801,27.006496,False,False,False
VA643_SB,MD,660,35.287031,31.734431,1.000000,11,45.016349,1.000000,3,45.003682,1.000000,3,11:00,9.729318,9.716652,0.012667,27.571938,False,False,False
VA643_SB,MD,675,35.373140,31.734431,1.000000,11,44.883530,1.000000,3,44.783837,1.000000,3,11:15,9.510390,9.410696,0.099693,26.885907,False,False,False
VA643_SB,MD,690,35.391054,31.734431,1.000000,11,44.749203,1.000000,3,44.574708,1.000000,3,11:30,9.358148,9.183654,0.174494,26.442129,False,False,False
VA643_SB,MD,705,34.879466,31.734431,1.000000,11,44.613186,1.000000,3,44.380919,1.000000,3,11:45,9.733721,9.501453,0.232267,27.906737,False,False,False
VA643_SB,MD,720,34.924237,31.734431,0.995778,10,44.475537,1.000000,3,44.207371,1.000000,3,12:00,9.551300,9.283134,0.268166,27.348629,False,False,False
VA643_SB,MD,735,34.654148,31.734431,0.995778,10,44.093810,1.000000,3,43.740953,1.000000,3,12:15,9.439662,9.086805,0.352858,27.239631,False,False,False
VA643_SB,MD,750,34.814129,31.734431,1.000000,11,44.207642,1.000000,3,43.941917,1.000000,3,12:30,9.393514,9.127788,0.265725,26.981901,False,False,False
VA643_SB,MD,765,35.183991,31.734431,1.000000,11,44.083095,1.000000,3,43.862258,1.000000,3,12:45,8.899104,8.678266,0.220838,25.293048,False,False,False
VA643_SB,MD,780,34.990562,31.734431,1.000000,11,43.956678,1.000000,3,43.824788,1.000000,3,13:00,8.966115,8.834226,0.131890,25.624382,False,False,False
VA643_SB,MD,795,35.050335,31.734431,1.000000,11,42.846968,1.000000,3,42.811793,1.000000,3,13:15,7.796633,7.761458,0.035174,22.244103,False,False,False
VA643_SB,MD,810,34.999919,31.734431,1.000000,11,43.770654,1.000000,3,43.814172,1.000000,3,13:30,8.770734,8.814253,-0.043518,25.059299,False,False,False
VA643_SB,MD,825,34.978432,31.734431,1.000000,11,41.964636,1.000000,3,41.957819,1.000000,3,13:45,6.986204,6.979387,0.006817,19.972891,False,False,False
VA643_SB,MD,840,34.749508,31.734431,1.000000,11,44.471175,1.000000,3,44.348747,1.000000,3,14:00,9.721667,9.599239,0.122429,27.976418,False,False,False
VA643_SB,MD,855,34.425217,31.734431,1.000000,11,45.119584,1.000000,3,45.114373,1.000000,3,14:15,10.694367,10.689156,0.005211,31.065502,False,False,False
VA643_SB,MD,870,33.920544,31.734431,1.000000,11,45.760296,1.000000,3,45.988492,1.000000,3,14:30,11.839752,12.067948,-0.228196,34.904369,False,False,False
VA643_SB,MD,885,33.761962,31.734431,1.000000,11,46.393301,1.000000,3,46.636937,1.000000,3,14:45,12.631339,12.874975,-0.243636,37.412930,False,False,False
VA643_WB,MD,540,31.747828,31.500000,1.000000,8,39.809912,1.000000,3,39.945019,1.000000,3,09:00,8.062083,8.197190,-0.135107,25.394125,False,False,False
VA643_WB,MD,555,31.972624,31.500000,1.000000,8,39.238340,1.000000,3,39.580862,1.000000,3,09:15,7.265715,7.608238,-0.342523,22.724801,False,False,False
VA643_WB,MD,570,31.860065,31.500000,1.000000,8,37.999265,1.000000,3,39.190395,1.000000,3,09:30,6.139200,7.330330,-1.191130,19.269265,False,False,False
VA643_WB,MD,585,31.860099,31.500000,1.000000,8,38.480028,1.000000,3,38.936109,1.000000,3,09:45,6.619928,7.076009,-0.456081,20.778116,False,False,False
VA643_WB,MD,600,32.036400,31.500000,1.000000,8,38.245510,1.000000,3,38.633709,1.000000,3,10:00,6.209109,6.597309,-0.388200,19.381420,False,False,False
VA643_WB,MD,615,31.940687,31.500000,0.998387,7,38.001577,1.000000,3,38.291476,1.000000,3,10:15,6.060890,6.350789,-0.289899,18.975453,False,False,False
VA643_WB,MD,630,31.711084,31.500000,0.998387,7,37.944747,1.000000,3,38.125540,1.000000,3,10:30,6.233663,6.414456,-0.180793,19.657678,False,False,False
VA643_WB,MD,645,31.676715,31.500000,1.000000,8,37.776740,1.000000,3,37.856009,1.000000,3,10:45,6.100025,6.179294,-0.079269,19.257127,False,False,False
VA643_WB,MD,660,31.962183,31.500000,1.000000,8,37.605659,1.000000,3,37.611879,1.000000,3,11:00,5.643476,5.649696,-0.006220,17.656730,False,False,False
VA643_WB,MD,675,32.134762,31.500000,1.000000,8,37.431364,1.000000,3,37.410579,1.000000,3,11:15,5.296602,5.275817,0.020785,16.482469,False,False,False
VA643_WB,MD,690,32.490059,31.500000,1.000000,8,37.254198,1.000000,3,37.270160,1.000000,3,11:30,4.764138,4.780101,-0.015963,14.663372,False,False,False
VA643_WB,MD,705,32.591376,31.500000,1.000000,8,36.038723,1.000000,3,36.129334,1.000000,3,11:45,3.447346,3.537957,-0.090611,10.577480,False,False,False
VA643_WB,MD,720,32.314994,31.500000,1.000000,8,36.654570,1.000000,3,36.796923,1.000000,3,12:00,4.339576,4.481929,-0.142353,13.428985,False,False,False
VA643_WB,MD,735,32.393441,31.500000,1.000000,8,36.266652,1.000000,3,36.380842,1.000000,3,12:15,3.873210,3.987400,-0.114190,11.956773,False,False,False
VA643_WB,MD,750,32.609286,31.500000,1.000000,8,37.006690,1.000000,3,37.105201,1.000000,3,12:30,4.397403,4.495915,-0.098512,13.485126,False,False,False
VA643_WB,MD,765,32.872599,31.500000,1.000000,8,37.185939,1.000000,3,37.221640,1.000000,3,12:45,4.313340,4.349042,-0.035701,13.121385,False,False,False
VA643_WB,MD,780,32.448535,31.500000,1.000000,8,37.579917,1.000000,3,37.602802,1.000000,3,13:00,5.131382,5.154267,-0.022885,15.813908,False,False,False
VA643_WB,MD,795,32.055094,31.500000,1.000000,8,38.020143,1.000000,3,38.055163,1.000000,3,13:15,5.965049,6.000069,-0.035020,18.608740,False,False,False
VA643_WB,MD,810,32.170205,31.500000,1.000000,8,38.323248,1.000000,3,38.426975,1.000000,3,13:30,6.153043,6.256770,-0.103728,19.126526,False,False,False
VA643_WB,MD,825,32.149985,31.500000,1.000000,8,38.624074,1.000000,3,38.821611,1.000000,3,13:45,6.474089,6.671626,-0.197537,20.137145,False,False,False
VA643_WB,MD,840,31.862228,31.500000,1.000000,8,38.922890,1.000000,3,39.204295,1.000000,3,14:00,7.060661,7.342066,-0.281405,22.159973,False,False,False
VA643_WB,MD,855,31.556465,31.500000,1.000000,8,39.219365,1.000000,3,39.542261,1.000000,3,14:15,7.662900,7.985796,-0.322896,24.283139,False,False,False
VA643_WB,MD,870,31.256474,31.500000,1.000000,8,39.513713,1.000000,3,39.804726,1.000000,3,14:30,8.257239,8.548251,-0.291013,26.417691,True,False,False
VA643_WB,MD,885,31.255667,31.500000,1.000000,8,39.806157,1.000000,3,39.962174,1.000000,3,14:45,8.550489,8.706507,-0.156018,27.356604,True,False,False
VA644_EB,MD,540,31.731669,31.500000,0.991643,26,44.003105,1.000000,3,44.082799,1.000000,3,09:00,12.271436,12.351130,-0.079694,38.672521,False,False,False
VA644_EB,MD,555,32.007985,31.500000,0.991643,26,43.712250,1.000000,3,43.947131,1.000000,3,09:15,11.704265,11.939145,-0.234881,36.566702,False,False,False
VA644_EB,MD,570,32.331712,31.500000,1.000000,27,43.419258,1.000000,3,43.700028,1.000000,3,09:30,11.087546,11.368316,-0.280770,34.293100,False,False,False
VA644_EB,MD,585,32.480552,31.500000,0.997189,26,43.124015,1.000000,3,43.408173,1.000000,3,09:45,10.643464,10.927621,-0.284158,32.768727,False,False,False
VA644_EB,MD,600,32.632579,31.500000,0.997189,26,42.456103,1.000000,3,42.798246,1.000000,3,10:00,9.823523,10.165666,-0.342143,30.103423,False,False,False
VA644_EB,MD,615,32.709368,31.500000,1.000000,27,42.494183,1.000000,3,42.736256,1.000000,3,10:15,9.784815,10.026888,-0.242073,29.914412,False,False,False
VA644_EB,MD,630,32.537893,31.500000,1.000000,27,42.437767,1.000000,3,42.608040,1.000000,3,10:30,9.899874,10.070146,-0.170272,30.425676,False,False,False
VA644_EB,MD,645,32.500123,31.500000,1.000000,27,42.267504,1.000000,3,42.362164,1.000000,3,10:45,9.767381,9.862040,-0.094659,30.053366,False,False,False
VA644_EB,MD,660,32.485102,31.500000,1.000000,27,41.887013,1.000000,3,41.912593,1.000000,3,11:00,9.401911,9.427490,-0.025579,28.942224,False,False,False
VA644_EB,MD,675,32.535252,31.500000,1.000000,27,41.910763,1.000000,3,41.854938,1.000000,3,11:15,9.375511,9.319686,0.055825,28.816469,False,False,False
VA644_EB,MD,690,32.307818,31.500000,1.000000,27,41.780862,1.000000,3,41.677051,1.000000,3,11:30,9.473044,9.369233,0.103810,29.321212,False,False,False
VA644_EB,MD,705,31.980700,31.500000,0.999466,26,41.455677,1.000000,3,41.317600,1.000000,3,11:45,9.474977,9.336900,0.138077,29.627171,False,False,False
VA644_EB,MD,720,31.966766,31.500000,0.999466,26,41.264828,1.000000,3,41.087729,1.000000,3,12:00,9.298061,9.120963,0.177098,29.086649,False,False,False
VA644_EB,MD,735,31.930498,31.500000,1.000000,27,41.115094,1.000000,3,40.912046,1.000000,3,12:15,9.184596,8.981548,0.203048,28.764337,False,False,False
VA644_EB,MD,750,31.914918,31.500000,1.000000,27,41.294082,1.000000,3,41.063238,1.000000,3,12:30,9.379165,9.148321,0.230844,29.388027,False,False,False
VA644_EB,MD,765,31.782780,31.500000,1.000000,27,41.035543,1.000000,3,40.788257,1.000000,3,12:45,9.252763,9.005478,0.247286,29.112505,False,False,False
VA644_EB,MD,780,31.754149,31.500000,1.000000,27,41.269414,1.000000,3,41.014214,1.000000,3,13:00,9.515266,9.260065,0.255201,29.965425,False,False,False
VA644_EB,MD,795,31.717500,31.500000,1.000000,27,41.070877,1.000000,3,40.850467,1.000000,3,13:15,9.353376,9.132966,0.220410,29.489639,False,False,False
VA644_EB,MD,810,31.411217,31.500000,1.000000,27,41.257432,1.000000,3,41.089629,1.000000,3,13:30,9.846215,9.678412,0.167804,31.346176,True,False,False
VA644_EB,MD,825,30.855451,31.500000,1.000000,27,41.397887,1.000000,3,41.316621,1.000000,3,13:45,10.542436,10.461169,0.081267,34.167174,True,False,False
VA644_EB,MD,840,30.693398,31.500000,1.000000,27,40.412667,1.000000,3,40.426283,1.000000,3,14:00,9.719268,9.732884,-0.013616,31.665663,True,False,False
VA644_EB,MD,855,30.385739,31.500000,1.000000,27,41.069006,1.000000,3,41.123497,1.000000,3,14:15,10.683267,10.737758,-0.054491,35.158821,True,False,False
VA644_EB,MD,870,30.076856,31.500000,1.000000,27,41.153272,1.000000,3,41.168414,1.000000,3,14:30,11.076417,11.091559,-0.015142,36.827044,True,False,False
VA644_EB,MD,885,29.950306,31.500000,1.000000,27,43.153330,1.000000,3,43.314201,1.000000,3,14:45,13.203023,13.363895,-0.160872,44.083100,True,False,False
VA644_WB,MD,540,31.178435,31.503309,1.000000,24,43.962941,1.000000,3,44.032630,1.000000,3,09:00,12.784506,12.854195,-0.069689,41.004324,True,False,False
VA644_WB,MD,555,31.330479,31.503309,1.000000,24,43.728184,1.000000,3,43.960414,1.000000,3,09:15,12.397705,12.629935,-0.232230,39.570748,True,False,False
VA644_WB,MD,570,31.936864,31.503309,0.998895,23,43.492792,1.000000,3,43.815280,1.000000,3,09:30,11.555928,11.878416,-0.322488,36.183665,False,False,False
VA644_WB,MD,585,32.288803,31.503309,0.998895,23,43.244150,1.000000,3,43.599239,1.000000,3,09:45,10.955347,11.310436,-0.355088,33.929246,False,False,False
VA644_WB,MD,600,32.430809,31.503309,1.000000,24,43.025601,1.000000,3,43.365258,1.000000,3,10:00,10.594791,10.934449,-0.339657,32.668908,False,False,False
VA644_WB,MD,615,32.429303,31.503309,1.000000,24,42.794006,1.000000,3,43.082505,1.000000,3,10:15,10.364703,10.653202,-0.288499,31.960918,False,False,False
VA644_WB,MD,630,32.462570,31.503309,1.000000,24,42.561235,1.000000,3,42.776006,1.000000,3,10:30,10.098665,10.313436,-0.214771,31.108644,False,False,False
VA644_WB,MD,645,32.442284,31.503309,1.000000,24,42.328082,1.000000,3,42.459018,1.000000,3,10:45,9.885799,10.016735,-0.130936,30.471957,False,False,False
VA644_WB,MD,660,32.676064,31.503309,0.997461,23,42.094457,1.000000,3,42.144266,1.000000,3,11:00,9.418393,9.468202,-0.049808,28.823525,False,False,False
VA644_WB,MD,675,32.465748,31.503309,0.997461,23,41.712656,1.000000,3,41.701962,1.000000,3,11:15,9.246908,9.236214,0.010694,28.482042,False,False,False
VA644_WB,MD,690,32.233635,31.503309,1.000000,24,41.244056,1.000000,3,41.217254,1.000000,3,11:30,9.010420,8.983618,0.026802,27.953472,False,False,False
VA644_WB,MD,705,31.805456,31.503309,0.959776,23,41.474853,1.000000,3,41.310592,1.000000,3,11:45,9.669397,9.505136,0.164261,30.401693,False,False,False
VA644_WB,MD,720,31.785898,31.503309,0.959776,23,41.249367,1.000000,3,41.023695,1.000000,3,12:00,9.463469,9.237797,0.225672,29.772539,False,False,False
VA644_WB,MD,735,31.819515,31.503309,1.000000,24,40.708506,1.000000,3,40.451758,1.000000,3,12:15,8.888991,8.632243,0.256749,27.935659,False,False,False
VA644_WB,MD,750,31.712962,31.503309,1.000000,24,40.896084,1.000000,3,40.593558,1.000000,3,12:30,9.183122,8.880596,0.302526,28.956998,False,False,False
VA644_WB,MD,765,31.420443,31.503309,1.000000,24,40.895008,1.000000,3,40.555739,1.000000,3,12:45,9.474565,9.135296,0.339270,30.154143,True,False,False
VA644_WB,MD,780,31.535970,31.503309,1.000000,24,40.721260,1.000000,3,40.378229,1.000000,3,13:00,9.185290,8.842260,0.343030,29.126392,False,False,False
VA644_WB,MD,795,31.666794,31.503309,1.000000,24,40.086375,1.000000,3,39.749318,1.000000,3,13:15,8.419581,8.082523,0.337058,26.588045,False,False,False
VA644_WB,MD,810,31.439508,31.503309,1.000000,24,40.927989,1.000000,3,40.595979,1.000000,3,13:30,9.488481,9.156471,0.332010,30.180119,True,False,False
VA644_WB,MD,825,30.606594,31.503309,1.000000,24,41.017206,1.000000,3,40.714631,1.000000,3,13:45,10.410613,10.108038,0.302575,34.014281,True,False,False
VA644_WB,MD,840,30.351142,31.503309,1.000000,24,40.882343,1.000000,3,40.684715,1.000000,3,14:00,10.531201,10.333573,0.197628,34.697874,True,False,False
VA644_WB,MD,855,29.362457,31.503309,0.959776,23,41.139054,1.000000,3,41.055918,1.000000,3,14:15,11.776597,11.693461,0.083136,40.107670,True,False,False
VA644_WB,MD,870,28.921336,31.503309,0.959776,23,41.612242,1.000000,3,41.585816,1.000000,3,14:30,12.690905,12.664480,0.026425,43.880771,True,False,False
VA644_WB,MD,885,29.233988,31.503309,1.000000,24,40.920063,1.000000,3,40.955740,1.000000,3,14:45,11.686075,11.721752,-0.035677,39.974274,True,False,False
VA645_NB,MD,540,31.172877,31.500000,1.000000,23,47.750547,1.000000,3,47.895939,1.000000,3,09:00,16.577670,16.723063,-0.145393,53.179789,True,False,False
VA645_NB,MD,555,31.743867,31.500000,1.000000,23,47.119858,1.000000,3,47.409924,1.000000,3,09:15,15.375990,15.666057,-0.290066,48.437673,False,False,False
VA645_NB,MD,570,32.035666,31.500000,1.000000,23,46.479293,1.000000,3,46.614545,1.000000,3,09:30,14.443627,14.578879,-0.135252,45.086084,False,False,False
VA645_NB,MD,585,31.981110,31.500000,1.000000,23,45.666253,1.000000,3,45.628355,1.000000,3,09:45,13.685142,13.647245,0.037898,42.791330,False,False,False
VA645_NB,MD,600,32.271437,31.500000,1.000000,23,44.914222,1.000000,3,44.713683,1.000000,3,10:00,12.642785,12.442247,0.200539,39.176394,False,False,False
VA645_NB,MD,615,32.267707,31.500000,1.000000,23,44.782762,1.000000,3,44.431294,1.000000,3,10:15,12.515055,12.163587,0.351468,38.785078,False,False,False
VA645_NB,MD,630,32.212525,31.500000,1.000000,23,44.071275,1.000000,3,43.644348,1.000000,3,10:30,11.858750,11.431823,0.426928,36.814097,False,False,False
VA645_NB,MD,645,32.064996,31.500000,1.000000,23,43.667499,1.000000,3,43.232000,1.000000,3,10:45,11.602503,11.167004,0.435500,36.184328,False,False,False
VA645_NB,MD,660,32.181853,31.500000,1.000000,23,43.789980,1.000000,3,43.204433,1.000000,3,11:00,11.608126,11.022580,0.585546,36.070410,False,False,False
VA645_NB,MD,675,32.021317,31.500000,1.000000,23,43.775213,1.000000,3,43.193915,1.000000,3,11:15,11.753896,11.172598,0.581298,36.706471,False,False,False
VA645_NB,MD,690,32.101967,31.500000,1.000000,23,43.676335,1.000000,3,43.004720,1.000000,3,11:30,11.574368,10.902754,0.671614,36.055011,False,False,False
VA645_NB,MD,705,31.983611,31.500000,1.000000,23,43.834225,1.000000,3,43.177305,1.000000,3,11:45,11.850614,11.193694,0.656919,37.052145,False,False,False
VA645_NB,MD,720,31.897104,31.500000,1.000000,23,44.092849,1.000000,3,43.489990,1.000000,3,12:00,12.195745,11.592886,0.602859,38.234646,False,False,False
VA645_NB,MD,735,31.918104,31.500000,1.000000,23,43.918693,1.000000,3,43.347300,1.000000,3,12:15,12.000589,11.429196,0.571393,37.598064,False,False,False
VA645_NB,MD,750,31.868787,31.500000,1.000000,23,43.974516,1.000000,3,43.416582,1.000000,3,12:30,12.105728,11.547795,0.557934,37.986159,False,False,False
VA645_NB,MD,765,31.684700,31.500000,1.000000,23,44.463980,1.000000,3,43.956955,1.000000,3,12:45,12.779280,12.272255,0.507025,40.332652,False,False,False
VA645_NB,MD,780,31.442587,31.500000,1.000000,23,44.820119,1.000000,3,44.387489,1.000000,3,13:00,13.377532,12.944902,0.432630,42.545902,True,False,False
VA645_NB,MD,795,31.328601,31.500000,1.000000,23,45.066809,1.000000,3,44.725012,1.000000,3,13:15,13.738207,13.396410,0.341797,43.851964,True,False,False
VA645_NB,MD,810,31.571117,31.500000,1.000000,23,45.307800,1.000000,3,45.103072,1.000000,3,13:30,13.736682,13.531955,0.204727,43.510282,False,False,False
VA645_NB,MD,825,31.801255,31.500000,0.982021,22,45.514733,1.000000,3,45.460091,1.000000,3,13:45,13.713478,13.658836,0.054642,43.122441,False,False,False
VA645_NB,MD,840,31.757770,31.500000,0.982021,22,45.420899,1.000000,3,45.494404,1.000000,3,14:00,13.663129,13.736634,-0.073505,43.022949,False,False,False
VA645_NB,MD,855,31.024437,31.500000,1.000000,23,45.650150,1.000000,3,45.782607,1.000000,3,14:15,14.625713,14.758170,-0.132457,47.142556,True,False,False
VA645_NB,MD,870,30.710533,31.500000,1.000000,23,46.191765,1.000000,3,46.282185,1.000000,3,14:30,15.481232,15.571652,-0.090421,50.410169,True,False,False
VA645_NB,MD,885,29.984017,31.500000,1.000000,23,47.066589,1.000000,3,47.148179,1.000000,3,14:45,17.082572,17.164162,-0.081590,56.972259,True,False,False
VA645_SB,MD,540,32.616865,31.653839,1.000000,27,47.626748,1.000000,3,47.662575,1.000000,3,09:00,15.009882,15.045709,-0.035827,46.018776,False,False,False
VA645_SB,MD,555,32.798306,31.653839,1.000000,27,46.669940,1.000000,3,46.859889,1.000000,3,09:15,13.871634,14.061584,-0.189949,42.293753,False,False,False
VA645_SB,MD,570,33.114434,31.653839,1.000000,27,46.121258,1.000000,3,46.387059,1.000000,3,09:30,13.006824,13.272625,-0.265801,39.278414,False,False,False
VA645_SB,MD,585,33.315625,31.653839,1.000000,27,46.213452,1.000000,3,46.417758,1.000000,3,09:45,12.897827,13.102133,-0.204306,38.714048,False,False,False
VA645_SB,MD,600,33.316935,31.653839,0.938995,26,45.884893,1.000000,3,45.923913,1.000000,3,10:00,12.567959,12.606979,-0.039020,37.722434,False,False,False
VA645_SB,MD,615,33.551996,31.653839,0.938995,26,45.553504,1.000000,3,45.394385,1.000000,3,10:15,12.001508,11.842390,0.159118,35.769878,False,False,False
VA645_SB,MD,630,33.731431,31.653839,1.000000,27,45.219131,1.000000,3,44.867212,1.000000,3,10:30,11.487700,11.135781,0.351919,34.056366,False,False,False
VA645_SB,MD,645,33.795705,31.653839,1.000000,27,44.881793,1.000000,3,44.382008,1.000000,3,10:45,11.086088,10.586303,0.499785,32.803245,False,False,False
VA645_SB,MD,660,33.898435,31.653839,1.000000,27,44.495020,1.000000,3,43.902153,1.000000,3,11:00,10.596585,10.003718,0.592867,31.259805,False,False,False
VA645_SB,MD,675,33.618409,31.653839,1.000000,27,43.595221,1.000000,3,42.962059,1.000000,3,11:15,9.976812,9.343650,0.633162,29.676634,False,False,False
VA645_SB,MD,690,33.677301,31.653839,1.000000,27,43.490717,1.000000,3,42.847755,1.000000,3,11:30,9.813416,9.170454,0.642962,29.139554,False,False,False
VA645_SB,MD,705,33.353973,31.653839,1.000000,27,43.753082,1.000000,3,43.086675,1.000000,3,11:45,10.399109,9.732703,0.666407,31.178023,False,False,False
VA645_SB,MD,720,33.523890,31.653839,0.940927,26,42.612690,1.000000,3,41.978459,1.000000,3,12:00,9.088800,8.454569,0.634231,27.111411,False,False,False
VA645_SB,MD,735,33.594162,31.653839,0.940927,26,43.443471,1.000000,3,42.878162,1.000000,3,12:15,9.849309,9.284000,0.565309,29.318513,False,False,False
VA645_SB,MD,750,33.290715,31.653839,1.000000,27,43.257015,1.000000,3,42.635374,1.000000,3,12:30,9.966301,9.344659,0.621642,29.937178,False,False,False
VA645_SB,MD,765,33.065894,31.653839,1.000000,27,44.188710,1.000000,3,43.542233,1.000000,3,12:45,11.122817,10.476339,0.646478,33.638336,False,False,False
VA645_SB,MD,780,32.857033,31.653839,1.000000,27,44.267474,1.000000,3,43.641567,1.000000,3,13:00,11.410441,10.784533,0.625908,34.727545,False,False,False
VA645_SB,MD,795,32.937193,31.653839,1.000000,27,44.475357,1.000000,3,43.987434,1.000000,3,13:15,11.538164,11.050241,0.487923,35.030805,False,False,False
VA645_SB,MD,810,33.215918,31.653839,1.000000,27,45.013411,1.000000,3,44.714878,1.000000,3,13:30,11.797494,11.498961,0.298533,35.517590,False,False,False
VA645_SB,MD,825,33.157895,31.653839,1.000000,27,45.187382,1.000000,3,45.063049,1.000000,3,13:45,12.029488,11.905155,0.124333,36.279408,False,False,False
VA645_SB,MD,840,32.707765,31.653839,1.000000,27,45.286396,1.000000,3,45.280476,1.000000,3,14:00,12.578631,12.572712,0.005919,38.457629,False,False,False
VA645_SB,MD,855,32.453197,31.653839,1.000000,27,46.273446,1.000000,3,46.400474,1.000000,3,14:15,13.820249,13.947277,-0.127027,42.585171,False,False,False
VA645_SB,MD,870,32.358708,31.653839,1.000000,27,46.905148,1.000000,3,47.106149,1.000000,3,14:30,14.546441,14.747442,-0.201001,44.953714,False,False,False
VA645_SB,MD,885,31.834155,31.653839,0.999644,26,47.541525,1.000000,3,47.764633,1.000000,3,14:45,15.707371,15.930478,-0.223107,49.341253,False,False,False
VA659_NB,MD,540,38.113871,32.404269,0.978831,15,48.599123,1.000000,3,48.715727,1.000000,3,09:00,10.485252,10.601857,-0.116605,27.510331,False,False,False
VA659_NB,MD,555,38.649861,32.404269,0.900734,15,48.186251,1.000000,3,48.540626,1.000000,3,09:15,9.536390,9.890765,-0.354374,24.673802,False,False,False
VA659_NB,MD,570,39.095966,32.404269,0.900734,15,47.771548,1.000000,3,48.192230,1.000000,3,09:30,8.675582,9.096264,-0.420682,22.190479,False,False,False
VA659_NB,MD,585,38.895683,32.404269,1.000000,16,47.354781,1.000000,3,47.715984,1.000000,3,09:45,8.459099,8.820301,-0.361203,21.748169,False,False,False
VA659_NB,MD,600,39.335799,32.404269,1.000000,16,46.936446,1.000000,3,47.160501,1.000000,3,10:00,7.600647,7.824703,-0.224055,19.322469,False,False,False
VA659_NB,MD,615,39.357404,32.404269,1.000000,16,46.515369,1.000000,3,46.578747,1.000000,3,10:15,7.157965,7.221343,-0.063378,18.187085,False,False,False
VA659_NB,MD,630,39.294107,32.404269,1.000000,16,46.029127,1.000000,3,45.953435,1.000000,3,10:30,6.735020,6.659329,0.075692,17.140027,False,False,False
VA659_NB,MD,645,39.335065,32.404269,1.000000,16,45.437378,1.000000,3,45.209434,1.000000,3,10:45,6.102313,5.874368,0.227945,15.513672,False,False,False
VA659_NB,MD,660,39.591498,32.404269,1.000000,16,45.343709,1.000000,3,44.988376,1.000000,3,11:00,5.752211,5.396879,0.355333,14.528905,False,False,False
VA659_NB,MD,675,39.614751,32.404269,1.000000,16,45.064590,1.000000,3,44.637290,1.000000,3,11:15,5.449839,5.022539,0.427300,13.757096,False,False,False
VA659_NB,MD,690,39.468310,32.404269,1.000000,16,44.744860,1.000000,3,44.340384,1.000000,3,11:30,5.276550,4.872074,0.404476,13.369079,False,False,False
VA659_NB,MD,705,39.643474,32.404269,1.000000,16,44.149396,1.000000,3,43.895015,1.000000,3,11:45,4.505921,4.251541,0.254381,11.366111,False,False,False
VA659_NB,MD,720,39.729887,32.404269,1.000000,16,40.136181,1.000000,3,40.038975,1.000000,3,12:00,0.406295,0.309089,0.097206,1.022642,False,False,False
VA659_NB,MD,735,39.621634,32.404269,1.000000,16,44.177541,1.000000,3,43.976362,1.000000,3,12:15,4.555907,4.354727,0.201180,11.498534,False,False,False
VA659_NB,MD,750,39.588719,32.404269,1.000000,16,44.727352,1.000000,3,44.358188,1.000000,3,12:30,5.138633,4.769469,0.369164,12.980043,False,False,False
VA659_NB,MD,765,39.702566,32.404269,1.000000,16,44.860623,1.000000,3,44.457594,1.000000,3,12:45,5.158057,4.755028,0.403029,12.991748,False,False,False
VA659_NB,MD,780,39.481102,32.404269,0.908949,15,45.426156,1.000000,3,45.082794,1.000000,3,13:00,5.945055,5.601693,0.343362,15.057976,False,False,False
VA659_NB,MD,795,39.322355,32.404269,0.908949,15,45.859734,1.000000,3,45.648557,1.000000,3,13:15,6.537379,6.326202,0.211176,16.625095,False,False,False
VA659_NB,MD,810,39.584924,32.404269,1.000000,16,46.291128,1.000000,3,46.233417,1.000000,3,13:30,6.706204,6.648493,0.057712,16.941308,False,False,False
VA659_NB,MD,825,39.501316,32.404269,1.000000,16,46.725777,1.000000,3,46.856564,1.000000,3,13:45,7.224460,7.355248,-0.130788,18.289164,False,False,False
VA659_NB,MD,840,39.305645,32.404269,1.000000,16,47.159152,1.000000,3,47.464401,1.000000,3,14:00,7.853508,8.158756,-0.305249,19.980610,False,False,False
VA659_NB,MD,855,39.174808,32.404269,1.000000,16,47.590960,1.000000,3,48.003643,1.000000,3,14:15,8.416152,8.828835,-0.412683,21.483582,False,False,False
VA659_NB,MD,870,38.926569,32.404269,1.000000,16,48.021379,1.000000,3,48.423631,1.000000,3,14:30,9.094810,9.497062,-0.402252,23.364017,False,False,False
VA659_NB,MD,885,38.766737,32.404269,1.000000,16,48.450841,1.000000,3,48.675891,1.000000,3,14:45,9.684104,9.909154,-0.225050,24.980448,False,False,False
VA659_SB,MD,540,39.364329,32.683440,1.000000,16,48.635738,1.000000,3,48.724729,1.000000,3,09:00,9.271410,9.360401,-0.088991,23.552821,False,False,False
VA659_SB,MD,555,39.665394,32.683440,0.900398,15,48.333590,1.000000,3,48.623935,1.000000,3,09:15,8.668197,8.958541,-0.290345,21.853298,False,False,False
VA659_SB,MD,570,39.876620,32.683440,0.900398,15,48.030908,1.000000,3,48.418108,1.000000,3,09:30,8.154288,8.541489,-0.387200,20.448796,False,False,False
VA659_SB,MD,585,39.669368,32.683440,1.000000,16,47.727847,1.000000,3,48.126502,1.000000,3,09:45,8.058479,8.457133,-0.398655,20.314109,False,False,False
VA659_SB,MD,600,40.100433,32.683440,0.998548,15,47.424331,1.000000,3,47.768432,1.000000,3,10:00,7.323898,7.667998,-0.344101,18.263887,False,False,False
VA659_SB,MD,615,40.273312,32.683440,0.998548,15,47.120489,1.000000,3,47.363457,1.000000,3,10:15,6.847178,7.090145,-0.242967,17.001775,False,False,False
VA659_SB,MD,630,40.207105,32.683440,1.000000,16,46.816082,1.000000,3,46.931479,1.000000,3,10:30,6.608977,6.724374,-0.115397,16.437337,False,False,False
VA659_SB,MD,645,39.994483,32.683440,1.000000,16,46.511129,1.000000,3,46.492784,1.000000,3,10:45,6.516646,6.498300,0.018346,16.293862,False,False,False
VA659_SB,MD,660,40.111705,32.683440,1.000000,16,46.205979,1.000000,3,46.067990,1.000000,3,11:00,6.094275,5.956286,0.137989,15.193257,False,False,False
VA659_SB,MD,675,40.141326,32.683440,1.000000,16,45.900180,1.000000,3,45.677921,1.000000,3,11:15,5.758854,5.536595,0.222259,14.346447,False,False,False
VA659_SB,MD,690,40.026784,32.683440,1.000000,16,45.593936,1.000000,3,45.343372,1.000000,3,11:30,5.567152,5.316589,0.250564,13.908567,False,False,False
VA659_SB,MD,705,40.256498,32.683440,1.000000,16,45.006095,1.000000,3,44.772821,1.000000,3,11:45,4.749597,4.516323,0.233274,11.798337,False,False,False
VA659_SB,MD,720,40.491147,32.683440,1.000000,16,42.776347,1.000000,3,42.609891,1.000000,3,12:00,2.285200,2.118744,0.166455,5.643702,False,False,False
VA659_SB,MD,735,40.490753,32.683440,1.000000,16,44.745092,1.000000,3,44.478586,1.000000,3,12:15,4.254339,3.987833,0.266506,10.506939,False,False,False
VA659_SB,MD,750,40.368427,32.683440,1.000000,16,45.101934,1.000000,3,44.697098,1.000000,3,12:30,4.733506,4.328671,0.404836,11.725764,False,False,False
VA659_SB,MD,765,40.299357,32.683440,1.000000,16,45.128185,1.000000,3,44.668097,1.000000,3,12:45,4.828828,4.368740,0.460088,11.982394,False,False,False
VA659_SB,MD,780,40.177884,32.683440,1.000000,16,45.077531,1.000000,3,44.633151,1.000000,3,13:00,4.899647,4.455267,0.444380,12.194885,False,False,False
VA659_SB,MD,795,40.104507,32.683440,1.000000,16,45.395291,1.000000,3,45.009230,1.000000,3,13:15,5.290784,4.904722,0.386061,13.192491,False,False,False
VA659_SB,MD,810,40.413984,32.683440,1.000000,16,45.546812,1.000000,3,45.243720,1.000000,3,13:30,5.132828,4.829736,0.303091,12.700623,False,False,False
VA659_SB,MD,825,40.320719,32.683440,1.000000,16,45.690168,1.000000,3,45.512808,1.000000,3,13:45,5.369450,5.192090,0.177360,13.316850,False,False,False
VA659_SB,MD,840,39.818138,32.683440,1.000000,16,45.787105,1.000000,3,45.750796,1.000000,3,14:00,5.968968,5.932658,0.036310,14.990575,False,False,False
VA659_SB,MD,855,39.249150,32.683440,1.000000,16,45.674777,1.000000,3,45.751494,1.000000,3,14:15,6.425627,6.502344,-0.076717,16.371378,False,False,False
VA659_SB,MD,870,38.815223,32.683440,1.000000,16,46.023597,1.000000,3,46.166742,1.000000,3,14:30,7.208373,7.351518,-0.143145,18.570996,False,False,False
VA659_SB,MD,885,38.871039,32.683440,1.000000,16,44.594354,1.000000,3,44.665618,1.000000,3,14:45,5.723316,5.794579,-0.071263,14.723856,False,False,False
VA7_EB,MD,540,36.861364,38.887210,1.000000,78,51.667190,1.000000,3,51.848020,1.000000,3,09:00,14.805826,14.986656,-0.180830,40.166246,True,False,False
VA7_EB,MD,555,38.068607,38.887210,1.000000,78,50.957197,1.000000,3,51.345420,1.000000,3,09:15,12.888590,13.276812,-0.388223,33.856215,True,False,False
VA7_EB,MD,570,38.496580,38.887210,0.986713,76,50.106740,1.000000,3,50.453991,1.000000,3,09:30,11.610160,11.957411,-0.347252,30.158938,True,False,False
VA7_EB,MD,585,38.778826,38.887210,0.986713,76,49.128992,1.000000,3,49.380868,1.000000,3,09:45,10.350166,10.602042,-0.251877,26.690251,True,False,False
VA7_EB,MD,600,39.190657,38.887210,1.000000,78,48.531426,1.000000,3,48.614292,1.000000,3,10:00,9.340769,9.423635,-0.082866,23.834172,False,False,False
VA7_EB,MD,615,39.973265,38.887210,0.982696,76,48.272360,1.000000,3,48.202742,1.000000,3,10:15,8.299095,8.229477,0.069618,20.761614,False,False,False
VA7_EB,MD,630,39.896947,38.887210,0.982696,76,47.626419,1.000000,3,47.398943,1.000000,3,10:30,7.729472,7.501995,0.227476,19.373591,False,False,False
VA7_EB,MD,645,39.320444,38.887210,1.000000,78,47.236017,1.000000,3,46.886803,1.000000,3,10:45,7.915573,7.566359,0.349215,20.130936,False,False,False
VA7_EB,MD,660,39.243509,38.887210,1.000000,78,46.700686,1.000000,3,46.264190,1.000000,3,11:00,7.457177,7.020681,0.436496,19.002319,False,False,False
VA7_EB,MD,675,38.977978,38.887210,1.000000,78,46.354161,1.000000,3,45.851042,1.000000,3,11:15,7.376182,6.873064,0.503119,18.923974,False,False,False
VA7_EB,MD,690,38.758693,38.887210,1.000000,78,46.133255,1.000000,3,45.582978,1.000000,3,11:30,7.374562,6.824284,0.550277,19.026858,True,False,False
VA7_EB,MD,705,38.323453,38.887210,1.000000,78,46.088250,1.000000,3,45.484772,1.000000,3,11:45,7.764798,7.161320,0.603478,20.261216,True,False,False
VA7_EB,MD,720,38.241037,38.887210,0.992696,77,46.216654,1.000000,3,45.548230,1.000000,3,12:00,7.975618,7.307193,0.668425,20.856176,True,False,False
VA7_EB,MD,735,38.046699,38.887210,0.992696,77,46.477064,1.000000,3,45.727373,1.000000,3,12:15,8.430364,7.680673,0.749691,22.157939,True,False,False
VA7_EB,MD,750,37.423934,38.887210,0.967098,76,46.734121,1.000000,3,45.961225,1.000000,3,12:30,9.310187,8.537291,0.772896,24.877628,True,False,False
VA7_EB,MD,765,38.160755,38.887210,0.928999,74,47.019222,1.000000,3,46.307981,1.000000,3,12:45,8.858467,8.147226,0.711240,23.213552,True,False,False
VA7_EB,MD,780,38.414444,38.887210,0.961901,76,47.148692,1.000000,3,46.561488,1.000000,3,13:00,8.734248,8.147044,0.587204,22.736884,True,False,False
VA7_EB,MD,795,37.356759,38.887210,1.000000,78,47.204110,1.000000,3,46.774804,1.000000,3,13:15,9.847351,9.418045,0.429307,26.360294,True,False,False
VA7_EB,MD,810,37.487101,38.887210,1.000000,78,47.342565,1.000000,3,47.185054,1.000000,3,13:30,9.855464,9.697953,0.157511,26.290279,True,False,False
VA7_EB,MD,825,37.365086,38.887210,1.000000,78,47.413149,1.000000,3,47.515307,1.000000,3,13:45,10.048063,10.150222,-0.102159,26.891583,True,False,False
VA7_EB,MD,840,36.521984,38.887210,0.967123,77,47.794064,1.000000,3,48.042079,1.000000,3,14:00,11.272080,11.520095,-0.248015,30.863820,True,False,False
VA7_EB,MD,855,35.967538,38.887210,0.967123,77,48.152814,1.000000,3,48.462712,1.000000,3,14:15,12.185276,12.495174,-0.309898,33.878539,True,False,False
VA7_EB,MD,870,36.998447,38.887210,0.988005,77,49.115299,1.000000,3,49.305744,1.000000,3,14:30,12.116852,12.307298,-0.190445,32.749625,True,False,False
VA7_EB,MD,885,36.435173,38.887210,0.979583,76,50.613687,1.000000,3,50.762218,1.000000,3,14:45,14.178514,14.327044,-0.148530,38.914359,True,False,False
VA7_WB,MD,540,38.343460,38.593733,0.993855,74,51.642511,1.000000,3,51.902224,1.000000,3,09:00,13.299052,13.558764,-0.259712,34.684016,True,False,False
VA7_WB,MD,555,38.645731,38.593733,1.000000,75,51.175561,1.000000,3,51.528831,1.000000,3,09:15,12.529830,12.883100,-0.353271,32.422287,False,False,False
VA7_WB,MD,570,38.698635,38.593733,0.999766,74,50.387004,1.000000,3,50.723890,1.000000,3,09:30,11.688369,12.025254,-0.336886,30.203568,False,False,False
VA7_WB,MD,585,38.598798,38.593733,0.999766,74,49.746781,1.000000,3,49.987850,1.000000,3,09:45,11.147983,11.389052,-0.241068,28.881685,False,False,False
VA7_WB,MD,600,38.823102,38.593733,1.000000,75,49.523375,1.000000,3,49.592563,1.000000,3,10:00,10.700273,10.769462,-0.069188,27.561613,False,False,False
VA7_WB,MD,615,38.938102,38.593733,0.991769,74,49.078591,1.000000,3,48.963425,1.000000,3,10:15,10.140489,10.025323,0.115166,26.042587,False,False,False
VA7_WB,MD,630,38.901953,38.593733,0.991769,74,48.526591,1.000000,3,48.222674,1.000000,3,10:30,9.624638,9.320721,0.303918,24.740759,False,False,False
VA7_WB,MD,645,38.737064,38.593733,0.996818,74,48.010454,1.000000,3,47.565577,1.000000,3,10:45,9.273390,8.828513,0.444877,23.939320,False,False,False
VA7_WB,MD,660,38.599974,38.593733,0.996818,74,47.584914,1.000000,3,47.035518,1.000000,3,11:00,8.984940,8.435545,0.549396,23.277064,False,False,False
VA7_WB,MD,675,38.457163,38.593733,1.000000,75,47.291899,1.000000,3,46.697996,1.000000,3,11:15,8.834736,8.240833,0.593904,22.972927,True,False,False
VA7_WB,MD,690,38.304112,38.593733,1.000000,75,46.658666,1.000000,3,46.020322,1.000000,3,11:30,8.354554,7.716210,0.638343,21.811115,True,False,False
VA7_WB,MD,705,38.015125,38.593733,1.000000,75,46.428151,1.000000,3,45.741203,1.000000,3,11:45,8.413026,7.726078,0.686948,22.130733,True,False,False
VA7_WB,MD,720,37.893580,38.593733,1.000000,75,47.123611,1.000000,3,46.300717,1.000000,3,12:00,9.230032,8.407138,0.822894,24.357772,True,False,False
VA7_WB,MD,735,37.756874,38.593733,1.000000,75,47.129238,1.000000,3,46.292511,1.000000,3,12:15,9.372365,8.535638,0.836727,24.822937,True,False,False
VA7_WB,MD,750,37.552236,38.593733,1.000000,75,47.170570,1.000000,3,46.349076,1.000000,3,12:30,9.618334,8.796840,0.821494,25.613212,True,False,False
VA7_WB,MD,765,37.368438,38.593733,1.000000,75,47.111388,1.000000,3,46.353390,1.000000,3,12:45,9.742950,8.984952,0.757998,26.072670,True,False,False
VA7_WB,MD,780,36.346220,38.593733,0.930173,73,46.850225,1.000000,3,46.254864,1.000000,3,13:00,10.504004,9.908644,0.595360,28.899853,True,False,False
VA7_WB,MD,795,36.299581,38.593733,0.930173,73,47.107777,1.000000,3,46.708385,1.000000,3,13:15,10.808196,10.408804,0.399391,29.774987,True,False,False
VA7_WB,MD,810,37.468741,38.593733,0.994667,74,47.237888,1.000000,3,47.019805,1.000000,3,13:30,9.769148,9.551064,0.218084,26.072795,True,False,False
VA7_WB,MD,825,37.306993,38.593733,0.994667,74,47.414997,1.000000,3,47.312788,1.000000,3,13:45,10.108004,10.005795,0.102209,27.094126,True,False,False
VA7_WB,MD,840,37.241022,38.593733,1.000000,75,48.118664,1.000000,3,48.103300,1.000000,3,14:00,10.877643,10.862278,0.015364,29.208765,True,False,False
VA7_WB,MD,855,36.795851,38.593733,1.000000,75,49.391045,1.000000,3,49.433933,1.000000,3,14:15,12.595195,12.638082,-0.042888,34.229932,True,False,False
VA7_WB,MD,870,36.300939,38.593733,1.000000,75,49.807556,1.000000,3,50.018319,1.000000,3,14:30,13.506618,13.717381,-0.210763,37.207351,True,False,False
VA7_WB,MD,885,36.268909,38.593733,0.987343,73,50.611562,1.000000,3,50.824829,1.000000,3,14:45,14.342654,14.555920,-0.213267,39.545314,True,False,False
I395HOV_NB,PM,900,50.288042,48.976368,0.980715,26,74.009556,1.000000,3,74.027482,1.000000,3,15:00,23.721515,23.739441,-0.017926,47.171284,False,False,False
I395HOV_NB,PM,915,49.991005,48.976368,0.980715,26,73.942971,1.000000,3,73.994620,1.000000,3,15:15,23.951966,24.003616,-0.051649,47.912552,False,False,False
I395HOV_NB,PM,930,50.044937,48.976368,1.000000,27,73.874627,1.000000,3,73.930469,1.000000,3,15:30,23.829690,23.885532,-0.055842,47.616585,False,False,False
I395HOV_NB,PM,945,49.963692,48.976368,1.000000,27,73.804374,1.000000,3,73.844798,1.000000,3,15:45,23.840683,23.881107,-0.040424,47.716015,False,False,False
I395HOV_NB,PM,960,48.192507,48.976368,1.000000,27,73.732211,1.000000,3,73.748108,1.000000,3,16:00,25.539704,25.555601,-0.015897,52.995177,True,False,False
I395HOV_NB,PM,975,47.616114,48.976368,1.000000,27,73.658003,1.000000,3,73.652348,1.000000,3,16:15,26.041889,26.036234,0.005655,54.691336,True,False,False
I395HOV_NB,PM,990,47.418995,48.976368,1.000000,27,73.568908,1.000000,3,73.546084,1.000000,3,16:30,26.149913,26.127089,0.022824,55.146493,True,False,False
I395HOV_NB,PM,1005,46.835549,48.976368,1.000000,27,73.504210,1.000000,3,73.518915,1.000000,3,16:45,26.668661,26.683367,-0.014706,56.941067,True,False,False
I395HOV_NB,PM,1020,45.255612,48.976368,1.000000,27,73.036175,1.000000,3,73.073486,1.000000,3,17:00,27.780563,27.817873,-0.037310,61.385896,True,False,False
I395HOV_NB,PM,1035,45.785487,48.976368,0.886685,25,73.325326,1.000000,3,73.385212,1.000000,3,17:15,27.539839,27.599725,-0.059886,60.149712,True,False,False
I395HOV_NB,PM,1050,45.674922,48.976368,0.886685,25,73.399098,1.000000,3,73.411162,1.000000,3,17:30,27.724176,27.736239,-0.012064,60.698900,True,False,False
I395HOV_NB,PM,1065,45.318415,48.976368,1.000000,27,73.608997,1.000000,3,73.601869,1.000000,3,17:45,28.290582,28.283454,0.007128,62.426240,True,False,False
I395HOV_NB,PM,1080,48.539008,48.976368,0.998496,26,73.705427,1.000000,3,73.713577,1.000000,3,18:00,25.166419,25.174569,-0.008150,51.847824,True,False,False
I395HOV_NB,PM,1095,48.586921,48.976368,0.928501,25,73.798457,1.000000,3,73.836659,1.000000,3,18:15,25.211537,25.249738,-0.038201,51.889554,True,False,False
I395HOV_NB,PM,1110,48.800170,48.976368,0.930005,26,73.888300,1.000000,3,73.944367,1.000000,3,18:30,25.088130,25.144197,-0.056067,51.409924,True,False,False
I395HOV_NB,PM,1125,49.707990,48.976368,1.000000,27,73.975063,1.000000,3,74.013936,1.000000,3,18:45,24.267073,24.305946,-0.038873,48.819260,False,False,False
I395HOV_SB,PM,900,67.958301,48.432706,1.000000,27,73.811472,1.000000,3,73.979459,1.000000,3,15:00,5.853171,6.021158,-0.167987,8.612886,False,False,False
I395HOV_SB,PM,915,68.183328,48.432706,1.000000,27,73.026118,1.000000,3,73.226628,1.000000,3,15:15,4.842791,5.043300,-0.200509,7.102602,False,False,False
I395HOV_SB,PM,930,67.853198,48.432706,1.000000,27,72.237656,1.000000,3,71.844960,1.000000,3,15:30,4.384459,3.991762,0.392696,6.461683,False,False,False
I395HOV_SB,PM,945,67.484914,48.432706,1.000000,27,71.446113,1.000000,3,70.174781,1.000000,3,15:45,3.961198,2.689867,1.271331,5.869754,False,False,False
I395HOV_SB,PM,960,67.491785,48.432706,1.000000,27,70.543017,1.000000,3,68.433635,1.000000,3,16:00,3.051231,0.941850,2.109381,4.520893,False,False,False
I395HOV_SB,PM,975,67.227777,48.432706,1.000000,27,69.024361,1.000000,3,66.359535,1.000000,3,16:15,1.796584,-0.868242,2.664826,2.672384,False,False,False
I395HOV_SB,PM,990,66.972214,48.432706,1.000000,27,68.851165,1.000000,3,65.774540,1.000000,3,16:30,1.878951,-1.197673,3.076624,2.805568,False,False,False
I395HOV_SB,PM,1005,67.070802,48.432706,1.000000,27,67.213645,1.000000,3,63.640266,1.000000,3,16:45,0.142843,-3.430536,3.573379,0.212973,False,False,False
I395HOV_SB,PM,1020,67.023428,48.432706,1.000000,27,66.187800,1.000000,3,62.735680,1.000000,3,17:00,-0.835628,-4.287748,3.452120,1.246769,False,False,False
I395HOV_SB,PM,1035,67.059127,48.432706,1.000000,27,67.830468,1.000000,3,64.525992,1.000000,3,17:15,0.771341,-2.533135,3.304476,1.150240,False,False,False
I395HOV_SB,PM,1050,66.774117,48.432706,1.000000,27,69.975021,1.000000,3,67.058122,1.000000,3,17:30,3.200904,0.284005,2.916899,4.793630,False,False,False
I395HOV_SB,PM,1065,66.720348,48.432706,0.943930,26,70.630978,1.000000,3,68.251674,1.000000,3,17:45,3.910630,1.531326,2.379304,5.861226,False,False,False
I395HOV_SB,PM,1080,66.821877,48.432706,0.943930,26,71.379706,1.000000,3,69.843755,1.000000,3,18:00,4.557830,3.021879,1.535951,6.820865,False,False,False
I395HOV_SB,PM,1095,66.491297,48.432706,1.000000,27,72.135153,1.000000,3,71.509731,1.000000,3,18:15,5.643856,5.018433,0.625423,8.488113,False,False,False
I395HOV_SB,PM,1110,66.452760,48.432706,1.000000,27,72.863070,1.000000,3,72.924722,1.000000,3,18:30,6.410310,6.471962,-0.061652,9.646417,False,False,False
I395HOV_SB,PM,1125,66.578834,48.432706,1.000000,27,73.589407,1.000000,3,73.842063,1.000000,3,18:45,7.010573,7.263229,-0.252656,10.529732,False,False,False
I395_NB,PM,900,46.246491,45.348014,1.000000,23,63.350801,1.000000,3,63.757878,1.000000,3,15:00,17.104310,17.511387,-0.407077,36.985097,False,False,False
I395_NB,PM,915,44.038008,45.348014,1.000000,23,61.310761,1.000000,3,62.231714,1.000000,3,15:15,17.272753,18.193706,-0.920953,39.222376,True,False,False
I395_NB,PM,930,42.646507,45.348014,1.000000,23,59.495426,1.000000,3,60.310112,1.000000,3,15:30,16.848919,17.663605,-0.814686,39.508321,True,False,False
I395_NB,PM,945,40.914845,45.348014,1.000000,23,58.055272,1.000000,3,58.611780,1.000000,3,15:45,17.140427,17.696935,-0.556508,41.892929,True,False,False
I395_NB,PM,960,39.564260,45.348014,1.000000,23,56.642442,1.000000,3,56.773609,1.000000,3,16:00,17.078182,17.209349,-0.131167,43.165680,True,False,False
I395_NB,PM,975,37.900541,45.348014,1.000000,23,55.727401,1.000000,3,55.704378,1.000000,3,16:15,17.826860,17.803837,0.023023,47.035898,True,False,False
I395_NB,PM,990,36.353272,45.348014,1.000000,23,54.297393,1.000000,3,54.224308,1.000000,3,16:30,17.944120,17.871035,0.073085,49.360399,True,False,False
I395_NB,PM,1005,35.026730,45.348014,1.000000,23,53.462248,1.000000,3,53.616994,1.000000,3,16:45,18.435519,18.590265,-0.154746,52.632715,True,False,False
I395_NB,PM,1020,34.314952,45.348014,1.000000,23,52.432476,1.000000,3,53.003203,1.000000,3,17:00,18.117524,18.688251,-0.570727,52.797755,True,False,False
I395_NB,PM,1035,33.205677,45.348014,1.000000,23,51.446325,1.000000,3,52.350330,1.000000,3,17:15,18.240648,19.144654,-0.904006,54.932318,True,False,False
I395_NB,PM,1050,31.802866,45.348014,0.940237,22,51.006003,1.000000,3,51.881914,1.000000,3,17:30,19.203137,20.079048,-0.875910,60.381783,True,False,False
I395_NB,PM,1065,32.128578,45.348014,0.940237,22,54.080251,1.000000,3,54.664859,1.000000,3,17:45,21.951673,22.536281,-0.584608,68.324447,True,False,False
I395_NB,PM,1080,35.516710,45.348014,0.945935,22,57.054951,1.000000,3,57.113842,1.000000,3,18:00,21.538242,21.597133,-0.058891,60.642559,True,False,False
I395_NB,PM,1095,37.758296,45.348014,0.945935,22,58.972430,1.000000,3,59.362159,1.000000,3,18:15,21.214134,21.603863,-0.389729,56.184035,True,False,False
I395_NB,PM,1110,42.032687,45.348014,1.000000,23,60.874190,1.000000,3,61.789550,1.000000,3,18:30,18.841504,19.756864,-0.915360,44.825837,True,False,False
I395_NB,PM,1125,45.364288,45.348014,1.000000,23,62.754039,1.000000,3,63.534876,1.000000,3,18:45,17.389751,18.170588,-0.780837,38.333570,False,False,False
I395_SB,PM,900,47.576157,44.400915,1.000000,23,66.205851,1.000000,3,66.765515,1.000000,3,15:00,18.629694,19.189359,-0.559665,39.157627,False,False,False
I395_SB,PM,915,41.285508,44.400915,1.000000,23,62.189806,1.000000,3,63.177841,1.000000,3,15:15,20.904298,21.892332,-0.988034,50.633500,True,False,False
I395_SB,PM,930,36.485486,44.400915,1.000000,23,58.349630,1.000000,3,59.742536,1.000000,3,15:30,21.864144,23.257050,-1.392906,59.925595,True,False,False
I395_SB,PM,945,38.813799,44.400915,0.810048,19,57.584423,1.000000,3,58.646327,1.000000,3,15:45,18.770624,19.832529,-1.061905,48.360698,True,False,False
I395_SB,PM,960,,44.400915,0.792196,18,57.638095,1.000000,3,58.188514,1.000000,3,16:00,,,-0.550419,,,False,False
I395_SB,PM,975,35.218301,44.400915,0.982149,22,57.157674,1.000000,3,57.083490,1.000000,3,16:15,21.939372,21.865188,0.074184,62.295373,True,False,False
I395_SB,PM,990,33.147914,44.400915,0.843282,21,57.085817,1.000000,3,56.874415,1.000000,3,16:30,23.937904,23.726501,0.211403,72.215416,True,False,False
I395_SB,PM,1005,33.230047,44.400915,0.843282,21,56.306186,1.000000,3,55.725296,1.000000,3,16:45,23.076139,22.495249,0.580890,69.443596,True,False,False
I395_SB,PM,1020,34.610526,44.400915,0.982262,22,54.899576,1.000000,3,54.534725,1.000000,3,17:00,20.289050,19.924199,0.364851,58.621039,True,False,False
I395_SB,PM,1035,34.988647,44.400915,0.982262,22,57.004561,1.000000,3,56.628674,1.000000,3,17:15,22.015914,21.640027,0.375886,62.923021,True,False,False
I395_SB,PM,1050,36.437489,44.400915,0.946191,21,58.787270,1.000000,3,58.482057,1.000000,3,17:30,22.349781,22.044569,0.305213,61.337326,True,False,False
I395_SB,PM,1065,38.221862,44.400915,0.946191,21,60.380495,1.000000,3,60.088130,1.000000,3,17:45,22.158632,21.866267,0.292365,57.973712,True,False,False
I395_SB,PM,1080,40.098438,44.400915,1.000000,23,61.917185,1.000000,3,62.038687,1.000000,3,18:00,21.818747,21.940249,-0.121502,54.412961,True,False,False
I395_SB,PM,1095,42.399862,44.400915,1.000000,23,63.433960,1.000000,3,64.064525,1.000000,3,18:15,21.034097,21.664662,-0.630565,49.608881,True,False,False
I395_SB,PM,1110,46.196334,44.400915,0.993974,22,64.917581,1.000000,3,65.844939,1.000000,3,18:30,18.721247,19.648604,-0.927357,40.525395,False,False,False
I395_SB,PM,1125,50.218605,44.400915,0.993974,22,66.384770,1.000000,3,67.044286,1.000000,3,18:45,16.166165,16.825681,-0.659516,32.191585,False,False,False
I495_CCW,PM,900,32.348350,46.409482,1.000000,31,66.370823,1.000000,3,67.069774,1.000000,3,15:00,34.022473,34.721424,-0.698951,105.175295,True,False,False
I495_CCW,PM,915,29.693885,46.409482,1.000000,31,62.381224,1.000000,3,63.418761,1.000000,3,15:15,32.687339,33.724875,-1.037536,110.081044,True,False,False
I495_CCW,PM,930,27.657788,46.409482,0.949172,30,58.382357,1.000000,3,59.029470,1.000000,3,15:30,30.724569,31.371682,-0.647113,111.088310,True,False,False
I495_CCW,PM,945,26.765069,46.409482,0.915022,29,55.334441,1.000000,3,55.949534,1.000000,3,15:45,28.569372,29.184465,-0.615092,106.741262,True,False,False
I495_CCW,PM,960,26.127117,46.409482,0.965850,30,53.378464,1.000000,3,54.028664,1.000000,3,16:00,27.251347,27.901547,-0.650200,104.302925,True,False,False
I495_CCW,PM,975,28.888470,46.409482,0.912500,29,52.427391,1.000000,3,52.959092,1.000000,3,16:15,23.538922,24.070622,-0.531701,81.482065,True,False,False
I495_CCW,PM,990,28.646314,46.409482,0.883059,28,53.926202,1.000000,3,54.233383,1.000000,3,16:30,25.279888,25.587069,-0.307181,88.248310,True,False,False
I495_CCW,PM,1005,26.066620,46.409482,0.963313,29,54.493999,1.000000,3,54.307805,1.000000,3,16:45,28.427379,28.241185,0.186194,109.056639,True,False,False
I495_CCW,PM,1020,26.629840,46.409482,0.992753,30,55.162973,1.000000,3,54.895168,1.000000,3,17:00,28.533133,28.265327,0.267806,107.147219,True,False,False
I495_CCW,PM,1035,28.216543,46.409482,0.922411,29,57.096954,1.000000,3,56.729516,1.000000,3,17:15,28.880411,28.512973,0.367438,102.352759,True,False,False
I495_CCW,PM,1050,27.820135,46.409482,0.861707,27,58.713987,1.000000,3,58.453915,1.000000,3,17:30,30.893852,30.633780,0.260072,111.048532,True,False,False
I495_CCW,PM,1065,27.848132,46.409482,0.939295,29,59.775436,1.000000,3,59.922245,1.000000,3,17:45,31.927304,32.074113,-0.146809,114.647918,True,False,False
I495_CCW,PM,1080,31.310530,46.409482,1.000000,31,60.950904,1.000000,3,61.575933,1.000000,3,18:00,29.640374,30.265403,-0.625029,94.665833,True,False,False
I495_CCW,PM,1095,33.119108,46.409482,1.000000,31,62.844132,1.000000,3,63.931804,1.000000,3,18:15,29.725023,30.812696,-1.087672,89.751883,True,False,False
I495_CCW,PM,1110,36.829075,46.409482,1.000000,31,64.640110,1.000000,3,65.786966,1.000000,3,18:30,27.811035,28.957891,-1.146856,75.513802,True,False,False
I495_CCW,PM,1125,40.998182,46.409482,1.000000,31,66.466274,1.000000,3,67.252083,1.000000,3,18:45,25.468092,26.253901,-0.785809,62.120054,True,False,False
I495_CW,PM,900,37.037427,46.091567,0.957888,30,65.680946,1.000000,3,66.202884,1.000000,3,15:00,28.643520,29.165457,-0.521937,77.336689,True,False,False
I495_CW,PM,915,37.353812,46.091567,1.000000,31,63.469425,1.000000,3,64.467742,1.000000,3,15:15,26.115613,27.113930,-0.998317,69.914183,True,False,False
I495_CW,PM,930,36.352322,46.091567,1.000000,31,61.584241,1.000000,3,62.126184,1.000000,3,15:30,25.231920,25.773862,-0.541943,69.409376,True,False,False
I495_CW,PM,945,35.316876,46.091567,1.000000,31,59.471854,1.000000,3,59.676925,1.000000,3,15:45,24.154978,24.360050,-0.205071,68.395003,True,False,False
I495_CW,PM,960,34.381092,46.091567,1.000000,31,56.940045,1.000000,3,56.892136,1.000000,3,16:00,22.558953,22.511044,0.047909,65.614418,True,False,False
I495_CW,PM,975,33.555582,46.091567,1.000000,31,55.732887,1.000000,3,55.611447,1.000000,3,16:15,22.177305,22.055865,0.121440,66.091254,True,False,False
I495_CW,PM,990,33.507506,46.091567,1.000000,31,54.807694,1.000000,3,54.882144,1.000000,3,16:30,21.300188,21.374638,-0.074450,63.568407,True,False,False
I495_CW,PM,1005,33.768650,46.091567,1.000000,31,53.730205,1.000000,3,53.791221,1.000000,3,16:45,19.961555,20.022571,-0.061016,59.112681,True,False,False
I495_CW,PM,1020,34.235918,46.091567,1.000000,31,54.350271,1.000000,3,54.404295,1.000000,3,17:00,20.114352,20.168377,-0.054025,58.752191,True,False,False
I495_CW,PM,1035,34.074869,46.091567,0.973580,30,55.136621,1.000000,3,55.056439,1.000000,3,17:15,21.061752,20.981570,0.080182,61.810221,True,False,False
I495_CW,PM,1050,34.335978,46.091567,0.973580,30,55.950645,1.000000,3,55.801947,1.000000,3,17:30,21.614667,21.465969,0.148698,62.950492,True,False,False
I495_CW,PM,1065,35.005737,46.091567,1.000000,31,56.860150,1.000000,3,56.791934,1.000000,3,17:45,21.854413,21.786197,0.068216,62.430945,True,False,False
I495_CW,PM,1080,37.271132,46.091567,1.000000,31,58.629842,1.000000,3,58.814269,1.000000,3,18:00,21.358710,21.543137,-0.184427,57.306310,True,False,False
I495_CW,PM,1095,39.546012,46.091567,1.000000,31,60.790359,1.000000,3,61.302225,1.000000,3,18:15,21.244347,21.756214,-0.511866,53.720582,True,False,False
I495_CW,PM,1110,42.144871,46.091567,1.000000,31,62.665821,1.000000,3,63.464939,1.000000,3,18:30,20.520950,21.320068,-0.799118,48.691452,True,False,False
I495_CW,PM,1125,45.974110,46.091567,1.000000,31,65.029829,1.000000,3,65.819172,1.000000,3,18:45,19.055719,19.845062,-0.789343,41.448804,True,False,False
I495_NB,PM,900,54.549380,48.990485,1.000000,17,66.889839,1.000000,3,67.361849,1.000000,3,15:00,12.340459,12.812470,-0.472010,22.622547,False,False,False
I495_NB,PM,915,53.647558,48.990485,1.000000,17,64.983014,1.000000,3,65.861883,1.000000,3,15:15,11.335457,12.214325,-0.878868,21.129493,False,False,False
I495_NB,PM,930,54.741558,48.990485,1.000000,17,63.773391,1.000000,3,64.254114,1.000000,3,15:30,9.031833,9.512556,-0.480723,16.499042,False,False,False
I495_NB,PM,945,54.804988,48.990485,1.000000,17,62.073830,1.000000,3,62.101066,1.000000,3,15:45,7.268842,7.296079,-0.027237,13.263103,False,False,False
I495_NB,PM,960,54.588320,48.990485,1.000000,17,60.220624,1.000000,3,59.738440,1.000000,3,16:00,5.632305,5.150121,0.482184,10.317784,False,False,False
I495_NB,PM,975,54.316735,48.990485,1.000000,17,59.438914,1.000000,3,58.592247,1.000000,3,16:15,5.122179,4.275512,0.846667,9.430204,False,False,False
I495_NB,PM,990,52.332625,48.990485,1.000000,17,58.679610,1.000000,3,57.904766,1.000000,3,16:30,6.346985,5.572141,0.774844,12.128161,False,False,False
I495_NB,PM,1005,52.430458,48.990485,1.000000,17,57.077071,1.000000,3,56.389835,1.000000,3,16:45,4.646613,3.959377,0.687236,8.862431,False,False,False
I495_NB,PM,1020,52.701616,48.990485,1.000000,17,57.038968,1.000000,3,56.334807,1.000000,3,17:00,4.337352,3.633191,0.704161,8.230017,False,False,False
I495_NB,PM,1035,53.034381,48.990485,1.000000,17,56.906288,1.000000,3,56.194778,1.000000,3,17:15,3.871907,3.160397,0.711510,7.300749,False,False,False
I495_NB,PM,1050,53.445964,48.990485,1.000000,17,58.951866,1.000000,3,57.954131,1.000000,3,17:30,5.505901,4.508167,0.997734,10.301809,False,False,False
I495_NB,PM,1065,54.180868,48.990485,1.000000,17,61.009472,1.000000,3,60.099633,1.000000,3,17:45,6.828604,5.918765,0.909839,12.603349,False,False,False
I495_NB,PM,1080,56.398602,48.990485,1.000000,17,62.874689,1.000000,3,62.315794,1.000000,3,18:00,6.476088,5.917192,0.558895,11.482710,False,False,False
I495_NB,PM,1095,58.276356,48.990485,1.000000,17,64.479619,1.000000,3,64.631896,1.000000,3,18:15,6.203262,6.355540,-0.152277,10.644561,False,False,False
I495_NB,PM,1110,60.739821,48.990485,1.000000,17,66.074438,1.000000,3,66.829888,1.000000,3,18:30,5.334617,6.090067,-0.755450,8.782733,False,False,False
I495_NB,PM,1125,62.037643,48.990485,1.000000,17,67.658559,1.000000,3,68.324018,1.000000,3,18:45,5.620917,6.286375,-0.665458,9.060493,False,False,False
I495_SB,PM,900,66.067037,49.363699,1.000000,17,67.821677,1.000000,3,68.491863,1.000000,3,15:00,1.754640,2.424827,-0.670187,2.655848,False,False,False
I495_SB,PM,915,65.524112,49.363699,1.000000,17,64.126276,1.000000,3,65.428629,1.000000,3,15:15,-1.397836,-0.095483,-1.302353,2.133316,False,False,False
I495_SB,PM,930,65.581036,49.363699,1.000000,17,60.392879,1.000000,3,61.607672,1.000000,3,15:30,-5.188157,-3.973364,-1.214793,7.911063,False,False,False
I495_SB,PM,945,66.121641,49.363699,1.000000,17,58.250893,1.000000,3,59.420859,1.000000,3,15:45,-7.870748,-6.700783,-1.169965,11.903437,False,False,False
I495_SB,PM,960,66.117139,49.363699,1.000000,17,56.615700,1.000000,3,57.654770,1.000000,3,16:00,-9.501439,-8.462370,-1.039070,14.370614,False,False,False
I495_SB,PM,975,65.757464,49.363699,1.000000,17,56.042848,1.000000,3,56.727867,1.000000,3,16:15,-9.714616,-9.029597,-0.685019,14.773404,False,False,False
I495_SB,PM,990,65.316526,49.363699,1.000000,17,56.758714,1.000000,3,57.380091,1.000000,3,16:30,-8.557812,-7.936435,-0.621377,13.102062,False,False,False
I495_SB,PM,1005,64.919920,49.363699,1.000000,17,55.823111,1.000000,3,56.552378,1.000000,3,16:45,-9.096810,-8.367542,-0.729267,14.012355,False,False,False
I495_SB,PM,1020,65.215162,49.363699,1.000000,17,55.555070,1.000000,3,56.330068,1.000000,3,17:00,-9.660093,-8.885095,-0.774998,14.812648,False,False,False
I495_SB,PM,1035,64.960830,49.363699,0.952205,16,57.141597,1.000000,3,57.573862,1.000000,3,17:15,-7.819233,-7.386968,-0.432264,12.036842,False,False,False
I495_SB,PM,1050,65.223313,49.363699,0.952205,16,59.877593,1.000000,3,60.085915,1.000000,3,17:30,-5.345721,-5.137398,-0.208323,8.196027,False,False,False
I495_SB,PM,1065,65.566852,49.363699,0.912605,16,61.685621,1.000000,3,61.815477,1.000000,3,17:45,-3.881231,-3.751376,-0.129856,5.919502,False,False,False
I495_SB,PM,1080,66.089503,49.363699,0.833027,15,63.301420,1.000000,3,63.775023,1.000000,3,18:00,-2.788083,-2.314479,-0.473604,4.218647,False,False,False
I495_SB,PM,1095,66.377355,49.363699,0.920422,16,64.887518,1.000000,3,65.822535,1.000000,3,18:15,-1.489837,-0.554820,-0.935017,2.244495,False,False,False
I495_SB,PM,1110,66.173597,49.363699,1.000000,17,66.446719,1.000000,3,67.583155,1.000000,3,18:30,0.273122,1.409558,-1.136436,0.412736,False,False,False
I495_SB,PM,1125,66.428410,49.363699,1.000000,17,67.981506,1.000000,3,68.711274,1.000000,3,18:45,1.553096,2.282864,-0.729768,2.337999,False,False,False
I66_EB,PM,900,56.165079,48.167927,0.928767,68,69.440210,1.000000,3,69.736673,1.000000,3,15:00,13.275131,13.571594,-0.296464,23.635915,False,False,False
I66_EB,PM,915,53.041389,48.167927,0.980288,71,67.914529,1.000000,3,68.491535,1.000000,3,15:15,14.873139,15.450146,-0.577007,28.040629,False,False,False
I66_EB,PM,930,52.603425,48.167927,1.000000,74,66.043935,1.000000,3,66.456575,1.000000,3,15:30,13.440510,13.853149,-0.412639,25.550636,False,False,False
I66_EB,PM,945,53.469439,48.167927,0.977107,72,65.401667,1.000000,3,65.561461,1.000000,3,15:45,11.932227,12.092021,-0.159794,22.315977,False,False,False
I66_EB,PM,960,53.421361,48.167927,0.933650,69,64.130534,1.000000,3,64.052874,1.000000,3,16:00,10.709172,10.631513,0.077660,20.046611,False,False,False
I66_EB,PM,975,51.998873,48.167927,0.941135,68,63.141524,1.000000,3,62.873993,1.000000,3,16:15,11.142651,10.875120,0.267531,21.428640,False,False,False
I66_EB,PM,990,51.337264,48.167927,0.984591,71,62.541857,1.000000,3,62.319599,1.000000,3,16:30,11.204593,10.982335,0.222257,21.825457,False,False,False
I66_EB,PM,1005,50.613458,48.167927,1.000000,74,61.629292,1.000000,3,61.543872,1.000000,3,16:45,11.015835,10.930414,0.085420,21.764636,False,False,False
I66_EB,PM,1020,50.417725,48.167927,0.995512,73,60.884939,1.000000,3,60.846638,1.000000,3,17:00,10.467214,10.428914,0.038301,20.760981,False,False,False
I66_EB,PM,1035,50.272184,48.167927,0.976439,71,61.901157,1.000000,3,61.898646,1.000000,3,17:15,11.628973,11.626462,0.002511,23.132023,False,False,False
I66_EB,PM,1050,49.908585,48.167927,0.951727,67,62.360433,1.000000,3,62.309860,1.000000,3,17:30,12.451848,12.401275,0.050573,24.949312,False,False,False
I66_EB,PM,1065,49.275410,48.167927,0.958069,68,63.514344,1.000000,3,63.477597,1.000000,3,17:45,14.238934,14.202187,0.036747,28.896632,False,False,False
I66_EB,PM,1080,50.139283,48.167927,0.987269,73,65.458817,1.000000,3,65.495227,1.000000,3,18:00,15.319534,15.355944,-0.036410,30.553954,False,False,False
I66_EB,PM,1095,52.364473,48.167927,1.000000,74,66.801638,1.000000,3,67.162867,1.000000,3,18:15,14.437164,14.798393,-0.361229,27.570533,False,False,False
I66_EB,PM,1110,55.037401,48.167927,1.000000,74,68.083713,1.000000,3,68.785585,1.000000,3,18:30,13.046312,13.748183,-0.701872,23.704447,False,False,False
I66_EB,PM,1125,57.391350,48.167927,1.000000,74,69.329635,1.000000,3,69.876427,1.000000,3,18:45,11.938285,12.485077,-0.546792,20.801541,False,False,False
I66_WB,PM,900,51.636353,48.014539,0.881153,69,68.779924,1.000000,3,68.998202,1.000000,3,15:00,17.143572,17.361849,-0.218277,33.200586,False,False,False
I66_WB,PM,915,52.062144,48.014539,1.000000,74,66.593345,1.000000,3,67.075482,1.000000,3,15:15,14.531201,15.013338,-0.482137,27.911261,False,False,False
I66_WB,PM,930,51.898575,48.014539,0.968465,71,64.781707,1.000000,3,65.010554,1.000000,3,15:30,12.883131,13.111979,-0.228848,24.823671,False,False,False
I66_WB,PM,945,51.084890,48.014539,0.968465,71,64.008386,1.000000,3,63.752689,1.000000,3,15:45,12.923495,12.667799,0.255696,25.298078,False,False,False
I66_WB,PM,960,50.834405,48.014539,0.996765,73,62.966383,1.000000,3,62.349920,1.000000,3,16:00,12.131978,11.515516,0.616463,23.865684,False,False,False
I66_WB,PM,975,50.749290,48.014539,0.996765,73,61.546933,1.000000,3,60.899493,1.000000,3,16:15,10.797643,10.150202,0.647440,21.276441,False,False,False
I66_WB,PM,990,50.188462,48.014539,1.000000,74,59.785220,1.000000,3,59.288730,1.000000,3,16:30,9.596758,9.100268,0.496489,19.121442,False,False,False
I66_WB,PM,1005,49.867641,48.014539,1.000000,74,60.189596,1.000000,3,59.569089,1.000000,3,16:45,10.321955,9.701448,0.620507,20.698703,False,False,False
I66_WB,PM,1020,49.765898,48.014539,1.000000,74,60.288835,1.000000,3,59.741290,1.000000,3,17:00,10.522937,9.975392,0.547545,21.144875,False,False,False
I66_WB,PM,1035,48.683235,48.014539,1.000000,74,60.315013,1.000000,3,59.965116,1.000000,3,17:15,11.631778,11.281880,0.349897,23.892779,False,False,False
I66_WB,PM,1050,48.135439,48.014539,0.994664,73,60.889566,1.000000,3,60.721210,1.000000,3,17:30,12.754126,12.585771,0.168355,26.496332,False,False,False
I66_WB,PM,1065,48.353690,48.014539,0.994664,73,62.364296,1.000000,3,61.839111,1.000000,3,17:45,14.010606,13.485421,0.525185,28.975257,False,False,False
I66_WB,PM,1080,48.762943,48.014539,1.000000,74,63.673667,1.000000,3,63.405692,1.000000,3,18:00,14.910725,14.642749,0.267976,30.577984,False,False,False
I66_WB,PM,1095,50.230156,48.014539,1.000000,74,65.763466,1.000000,3,65.848667,1.000000,3,18:15,15.533309,15.618510,-0.085201,30.924270,False,False,False
I66_WB,PM,1110,52.244169,48.014539,1.000000,74,67.244092,1.000000,3,67.760207,1.000000,3,18:30,14.999923,15.516038,-0.516115,28.711191,False,False,False
I66_WB,PM,1125,54.793254,48.014539,1.000000,74,68.882008,1.000000,3,69.408925,1.000000,3,18:45,14.088754,14.615672,-0.526918,25.712571,False,False,False
I95HOV_NB,PM,900,46.314068,51.257169,0.959986,23,75.000000,1.000000,3,75.000000,1.000000,3,15:00,28.685932,28.685932,0.000000,61.937839,True,False,False
I95HOV_NB,PM,915,45.633804,51.257169,0.963122,23,75.000000,1.000000,3,75.000000,1.000000,3,15:15,29.366196,29.366196,0.000000,64.351849,True,False,False
I95HOV_NB,PM,930,45.402098,51.257169,0.953472,22,75.000000,1.000000,3,75.000000,1.000000,3,15:30,29.597902,29.597902,0.000000,65.190603,True,False,False
I95HOV_NB,PM,945,45.472756,51.257169,0.990351,23,75.000000,1.000000,3,75.000000,1.000000,3,15:45,29.527244,29.527244,0.000000,64.933923,True,False,False
I95HOV_NB,PM,960,46.764901,51.257169,0.952513,23,75.000000,1.000000,3,75.000000,1.000000,3,16:00,28.235099,28.235099,0.000000,60.376689,True,False,False
I95HOV_NB,PM,975,46.862036,51.257169,0.915634,22,75.000000,1.000000,3,75.000000,1.000000,3,16:15,28.137964,28.137964,0.000000,60.044264,True,False,False
I95HOV_NB,PM,990,46.287991,51.257169,0.963122,23,75.000000,1.000000,3,75.000000,1.000000,3,16:30,28.712009,28.712009,0.000000,62.029067,True,False,False
I95HOV_NB,PM,1005,46.264293,51.257169,1.000000,24,75.000000,1.000000,3,75.000000,1.000000,3,16:45,28.735707,28.735707,0.000000,62.112063,True,False,False
I95HOV_NB,PM,1020,46.199998,51.257169,1.000000,24,75.000000,1.000000,3,75.000000,1.000000,3,17:00,28.800002,28.800002,0.000000,62.337669,True,False,False
I95HOV_NB,PM,1035,46.640673,51.257169,0.999110,23,75.000000,1.000000,3,75.000000,1.000000,3,17:15,28.359327,28.359327,0.000000,60.803856,True,False,False
I95HOV_NB,PM,1050,47.046711,51.257169,0.999110,23,75.000000,1.000000,3,75.000000,1.000000,3,17:30,27.953289,27.953289,0.000000,59.416033,True,False,False
I95HOV_NB,PM,1065,47.523687,51.257169,1.000000,24,75.000000,1.000000,3,75.000000,1.000000,3,17:45,27.476313,27.476313,0.000000,57.816037,True,False,False
I95HOV_NB,PM,1080,48.567940,51.257169,1.000000,24,75.000000,1.000000,3,75.000000,1.000000,3,18:00,26.432060,26.432060,0.000000,54.422856,True,False,False
I95HOV_NB,PM,1095,49.096116,51.257169,0.997508,23,75.000000,1.000000,3,75.000000,1.000000,3,18:15,25.903884,25.903884,0.000000,52.761573,True,False,False
I95HOV_NB,PM,1110,49.694905,51.257169,0.997508,23,75.000000,1.000000,3,75.000000,1.000000,3,18:30,25.305095,25.305095,0.000000,50.920903,True,False,False
I95HOV_NB,PM,1125,50.574837,51.257169,1.000000,24,75.000000,1.000000,3,75.000000,1.000000,3,18:45,24.425163,24.425163,0.000000,48.295090,True,False,False
I95HOV_SB,PM,900,71.446512,50.737403,1.000000,24,74.762437,1.000000,3,74.890757,1.000000,3,15:00,3.315925,3.444245,-0.128320,4.641129,False,False,False
I95HOV_SB,PM,915,71.228770,50.737403,0.988490,23,74.048750,1.000000,3,74.018460,1.000000,3,15:15,2.819980,2.789690,0.030290,3.959047,False,False,False
I95HOV_SB,PM,930,71.077126,50.737403,0.988490,23,73.333281,1.000000,3,72.453387,1.000000,3,15:30,2.256155,1.376261,0.879894,3.174235,False,False,False
I95HOV_SB,PM,945,70.966780,50.737403,1.000000,24,72.616149,1.000000,3,70.644594,1.000000,3,15:45,1.649369,-0.322185,1.971554,2.324142,False,False,False
I95HOV_SB,PM,960,70.995274,50.737403,1.000000,24,71.571582,1.000000,3,68.639953,1.000000,3,16:00,0.576308,-2.355321,2.931629,0.811755,False,False,False
I95HOV_SB,PM,975,70.942582,50.737403,1.000000,24,70.592976,1.000000,3,66.525635,1.000000,3,16:15,-0.349605,-4.416946,4.067341,0.492800,False,False,False
I95HOV_SB,PM,990,70.852640,50.737403,1.000000,24,70.307795,1.000000,3,65.994635,1.000000,3,16:30,-0.544845,-4.858005,4.313160,0.768983,False,False,False
I95HOV_SB,PM,1005,70.980471,50.737403,1.000000,24,69.191961,1.000000,3,65.021314,1.000000,3,16:45,-1.788509,-5.959157,4.170647,2.519720,False,False,False
I95HOV_SB,PM,1020,70.989694,50.737403,1.000000,24,67.294941,1.000000,3,63.235914,1.000000,3,17:00,-3.694754,-7.753780,4.059026,5.204634,False,False,False
I95HOV_SB,PM,1035,70.960930,50.737403,1.000000,24,69.472282,1.000000,3,65.451857,1.000000,3,17:15,-1.488648,-5.509074,4.020425,2.097842,False,False,False
I95HOV_SB,PM,1050,70.957934,50.737403,1.000000,24,71.038623,1.000000,3,67.634767,1.000000,3,17:30,0.080690,-3.323167,3.403856,0.113715,False,False,False
I95HOV_SB,PM,1065,71.108347,50.737403,1.000000,24,71.843235,1.000000,3,69.075342,1.000000,3,17:45,0.734888,-2.033005,2.767893,1.033477,False,False,False
I95HOV_SB,PM,1080,71.435554,50.737403,1.000000,24,72.524451,1.000000,3,70.698337,1.000000,3,18:00,1.088897,-0.737217,1.826115,1.524307,False,False,False
I95HOV_SB,PM,1095,71.413385,50.737403,1.000000,24,73.202985,1.000000,3,72.380829,1.000000,3,18:15,1.789600,0.967444,0.822156,2.505973,False,False,False
I95HOV_SB,PM,1110,71.315757,50.737403,1.000000,24,73.878870,1.000000,3,73.831484,1.000000,3,18:30,2.563113,2.515727,0.047386,3.594034,False,False,False
I95HOV_SB,PM,1125,70.982084,50.737403,1.000000,24,74.552366,1.000000,3,74.765859,1.000000,3,18:45,3.570282,3.783775,-0.213493,5.029836,False,False,False
I95_NB,PM,900,51.299304,48.657852,0.957719,25,66.632544,1.000000,3,67.648286,1.000000,3,15:00,15.333240,16.348983,-1.015743,29.889763,False,False,False
I95_NB,PM,915,50.879103,48.657852,1.000000,27,62.348433,1.000000,3,64.005935,1.000000,3,15:15,11.469330,13.126832,-1.657502,22.542320,False,False,False
I95_NB,PM,930,50.148293,48.657852,1.000000,27,58.424325,1.000000,3,60.140775,1.000000,3,15:30,8.276031,9.992482,-1.716451,16.503116,False,False,False
I95_NB,PM,945,50.503018,48.657852,0.915744,26,55.352506,1.000000,3,57.332994,1.000000,3,15:45,4.849489,6.829976,-1.980488,9.602374,False,False,False
I95_NB,PM,960,51.198951,48.657852,0.915744,26,52.568923,1.000000,3,54.672263,1.000000,3,16:00,1.369972,3.473312,-2.103340,2.675782,False,False,False
I95_NB,PM,975,50.504533,48.657852,1.000000,27,51.807232,1.000000,3,53.959339,1.000000,3,16:15,1.302700,3.454806,-2.152106,2.579372,False,False,False
I95_NB,PM,990,49.279122,48.657852,0.870480,26,52.288763,1.000000,3,54.239239,1.000000,3,16:30,3.009641,4.960116,-1.950475,6.107335,False,False,False
I95_NB,PM,1005,49.332177,48.657852,0.851884,25,51.525869,1.000000,3,53.225380,1.000000,3,16:45,2.193692,3.893203,-1.699511,4.446777,False,False,False
I95_NB,PM,1020,51.056863,48.657852,0.981404,26,52.030173,1.000000,3,53.643037,1.000000,3,17:00,0.973310,2.586174,-1.612864,1.906325,False,False,False
I95_NB,PM,1035,50.777269,48.657852,0.989779,26,54.854539,1.000000,3,56.124289,1.000000,3,17:15,4.077270,5.347020,-1.269750,8.029715,False,False,False
I95_NB,PM,1050,51.188338,48.657852,0.911840,25,56.536082,1.000000,3,57.274477,1.000000,3,17:30,5.347744,6.086139,-0.738395,10.447193,False,False,False
I95_NB,PM,1065,52.525014,48.657852,0.922061,26,58.633986,1.000000,3,59.478824,1.000000,3,17:45,6.108972,6.953810,-0.844838,11.630596,False,False,False
I95_NB,PM,1080,54.248513,48.657852,1.000000,27,61.174005,1.000000,3,62.207408,1.000000,3,18:00,6.925492,7.958894,-1.033402,12.766234,False,False,False
I95_NB,PM,1095,55.345921,48.657852,1.000000,27,63.425506,1.000000,3,64.834472,1.000000,3,18:15,8.079585,9.488550,-1.408966,14.598338,False,False,False
I95_NB,PM,1110,56.494533,48.657852,1.000000,27,65.652630,1.000000,3,67.277128,1.000000,3,18:30,9.158097,10.782596,-1.624498,16.210591,False,False,False
I95_NB,PM,1125,57.707510,48.657852,1.000000,27,67.857444,1.000000,3,68.902910,1.000000,3,18:45,10.149933,11.195400,-1.045467,17.588583,False,False,False
I95_SB,PM,900,38.934776,48.158353,0.973037,26,70.152372,1.000000,3,70.868111,1.000000,3,15:00,31.217596,31.933336,-0.715740,80.179212,True,False,False
I95_SB,PM,915,36.481998,48.158353,0.953355,25,66.743714,1.000000,3,68.279073,1.000000,3,15:15,30.261716,31.797075,-1.535359,82.949723,True,False,False
I95_SB,PM,930,34.490306,48.158353,0.934690,24,63.199315,1.000000,3,64.921015,1.000000,3,15:30,28.709009,30.430709,-1.721699,83.237908,True,False,False
I95_SB,PM,945,35.227983,48.158353,0.958051,25,59.897429,1.000000,3,61.725766,1.000000,3,15:45,24.669445,26.497783,-1.828337,70.027981,True,False,False
I95_SB,PM,960,34.447832,48.158353,0.976716,26,57.434358,1.000000,3,58.994439,1.000000,3,16:00,22.986526,24.546607,-1.560080,66.728514,True,False,False
I95_SB,PM,975,32.798673,48.158353,1.000000,27,56.908903,1.000000,3,57.657610,1.000000,3,16:15,24.110230,24.858937,-0.748708,73.509772,True,False,False
I95_SB,PM,990,32.571857,48.158353,1.000000,27,57.353205,1.000000,3,58.186312,1.000000,3,16:30,24.781348,25.614455,-0.833107,76.082086,True,False,False
I95_SB,PM,1005,32.329067,48.158353,1.000000,27,56.751441,1.000000,3,57.738540,1.000000,3,16:45,24.422374,25.409472,-0.987099,75.543082,True,False,False
I95_SB,PM,1020,30.994615,48.158353,0.895631,26,56.491294,1.000000,3,58.074437,1.000000,3,17:00,25.496679,27.079823,-1.583143,82.261642,True,False,False
I95_SB,PM,1035,30.991982,48.158353,0.868668,25,55.038487,1.000000,3,57.031342,1.000000,3,17:15,24.046505,26.039360,-1.992856,77.589438,True,False,False
I95_SB,PM,1050,32.381071,48.158353,0.973037,26,55.525634,1.000000,3,57.683780,1.000000,3,17:30,23.144563,25.302710,-2.158147,71.475596,True,False,False
I95_SB,PM,1065,33.349802,48.158353,1.000000,27,58.667091,1.000000,3,60.484563,1.000000,3,17:45,25.317290,27.134761,-1.817472,75.914364,True,False,False
I95_SB,PM,1080,35.134727,48.158353,1.000000,27,61.517883,1.000000,3,62.705866,1.000000,3,18:00,26.383156,27.571140,-1.187984,75.091393,True,False,False
I95_SB,PM,1095,33.647198,48.158353,0.852837,25,63.863993,1.000000,3,65.235681,1.000000,3,18:15,30.216795,31.588483,-1.371688,89.804790,True,False,False
I95_SB,PM,1110,35.785199,48.158353,0.852837,25,66.539682,1.000000,3,68.160828,1.000000,3,18:30,30.754483,32.375629,-1.621146,85.941910,True,False,False
I95_SB,PM,1125,39.524006,48.158353,1.000000,27,69.391877,1.000000,3,70.555972,1.000000,3,18:45,29.867870,31.031965,-1.164095,75.568933,True,False,False
US15_NB,PM,900,32.524147,36.128896,0.925184,20,51.577840,1.000000,3,51.949549,1.000000,3,15:00,19.053694,19.425403,-0.371709,58.583223,True,False,False
US15_NB,PM,915,32.580215,36.128896,1.000000,21,49.462537,1.000000,3,50.120791,1.000000,3,15:15,16.882322,17.540576,-0.658254,51.817711,True,False,False
US15_NB,PM,930,32.973275,36.128896,1.000000,21,47.344255,1.000000,3,47.908781,1.000000,3,15:30,14.370981,14.935507,-0.564526,43.583724,True,False,False
US15_NB,PM,945,33.091316,36.128896,1.000000,21,45.936630,1.000000,3,46.067074,1.000000,3,15:45,12.845315,12.975759,-0.130444,38.817782,True,False,False
US15_NB,PM,960,32.869803,36.128896,1.000000,21,45.417984,1.000000,3,45.271200,1.000000,3,16:00,12.548181,12.401398,0.146783,38.175407,True,False,False
US15_NB,PM,975,32.501086,36.128896,1.000000,21,44.250143,1.000000,3,43.841102,1.000000,3,16:15,11.749057,11.340016,0.409041,36.149735,True,False,False
US15_NB,PM,990,32.358720,36.128896,1.000000,21,44.077683,1.000000,3,43.555650,1.000000,3,16:30,11.718963,11.196930,0.522032,36.215780,True,False,False
US15_NB,PM,1005,32.325695,36.128896,0.933430,20,43.048482,1.000000,3,42.579393,1.000000,3,16:45,10.722787,10.253698,0.469089,33.171096,True,False,False
US15_NB,PM,1020,31.780973,36.128896,0.915204,19,43.067806,1.000000,3,42.629549,1.000000,3,17:00,11.286833,10.848576,0.438257,35.514435,True,False,False
US15_NB,PM,1035,32.246374,36.128896,0.975895,19,44.195811,1.000000,3,43.629941,1.000000,3,17:15,11.949437,11.383566,0.565870,37.056683,True,False,False
US15_NB,PM,1050,33.193138,36.128896,0.994121,20,44.992019,1.000000,3,44.374059,1.000000,3,17:30,11.798880,11.180921,0.617960,35.546143,True,False,False
US15_NB,PM,1065,34.032517,36.128896,1.000000,21,46.897029,1.000000,3,46.354662,1.000000,3,17:45,12.864513,12.322145,0.542367,37.800651,True,False,False
US15_NB,PM,1080,36.041892,36.128896,1.000000,21,48.087893,1.000000,3,47.830618,1.000000,3,18:00,12.046001,11.788726,0.257275,33.422221,True,False,False
US15_NB,PM,1095,37.318402,36.128896,1.000000,21,49.253859,1.000000,3,49.503440,1.000000,3,18:15,11.935457,12.185039,-0.249582,31.982766,False,False,False
US15_NB,PM,1110,38.448255,36.128896,0.992202,20,50.409003,1.000000,3,51.037286,1.000000,3,18:30,11.960748,12.589031,-0.628283,31.108688,False,False,False
US15_NB,PM,1125,39.566224,36.128896,0.992202,20,51.554181,1.000000,3,52.054214,1.000000,3,18:45,11.987957,12.487990,-0.500033,30.298460,False,False,False
US15_SB,PM,900,40.596020,35.843329,1.000000,21,51.806531,1.000000,3,52.057345,1.000000,3,15:00,11.210511,11.461325,-0.250814,27.614802,False,False,False
US15_SB,PM,915,39.802185,35.843329,1.000000,21,50.623307,1.000000,3,51.124074,1.000000,3,15:15,10.821122,11.321889,-0.500767,27.187256,False,False,False
US15_SB,PM,930,39.029493,35.843329,1.000000,21,49.456045,1.000000,3,49.526217,1.000000,3,15:30,10.426551,10.496724,-0.070172,26.714545,False,False,False
US15_SB,PM,945,38.350134,35.843329,1.000000,21,48.308618,1.000000,3,47.750539,1.000000,3,15:45,9.958484,9.400406,0.558079,25.967275,False,False,False
US15_SB,PM,960,37.787490,35.843329,1.000000,21,47.032831,1.000000,3,46.032497,1.000000,3,16:00,9.245341,8.245007,1.000334,24.466671,False,False,False
US15_SB,PM,975,37.228958,35.843329,1.000000,21,45.355862,1.000000,3,44.254999,1.000000,3,16:15,8.126903,7.026041,1.100862,21.829521,False,False,False
US15_SB,PM,990,36.925545,35.843329,0.999233,20,44.811158,1.000000,3,43.652327,1.000000,3,16:30,7.885613,6.726782,1.158831,21.355440,False,False,False
US15_SB,PM,1005,36.403331,35.843329,0.874086,18,43.270085,1.000000,3,42.286030,1.000000,3,16:45,6.866754,5.882699,0.984055,18.862982,False,False,False
US15_SB,PM,1020,36.394151,35.843329,0.874853,19,43.286619,1.000000,3,42.353586,1.000000,3,17:00,6.892467,5.959434,0.933033,18.938393,False,False,False
US15_SB,PM,1035,36.104213,35.843329,0.831157,20,44.862841,1.000000,3,43.791274,1.000000,3,17:15,8.758628,7.687061,1.071567,24.259296,False,False,False
US15_SB,PM,1050,36.754306,35.843329,0.831157,20,46.440082,1.000000,3,45.275749,1.000000,3,17:30,9.685776,8.521443,1.164333,26.352766,False,False,False
US15_SB,PM,1065,38.459188,35.843329,1.000000,21,47.441742,1.000000,3,46.457782,1.000000,3,17:45,8.982554,7.998594,0.983960,23.356068,False,False,False
US15_SB,PM,1080,40.160086,35.843329,1.000000,21,48.477290,1.000000,3,47.931625,1.000000,3,18:00,8.317204,7.771539,0.545665,20.710124,False,False,False
US15_SB,PM,1095,41.667429,35.843329,0.925108,20,49.505142,1.000000,3,49.567434,1.000000,3,18:15,7.837713,7.900004,-0.062291,18.810167,False,False,False
US15_SB,PM,1110,42.593828,35.843329,0.925108,20,50.525694,1.000000,3,51.021649,1.000000,3,18:30,7.931865,8.427821,-0.495955,18.622100,False,False,False
US15_SB,PM,1125,42.646708,35.843329,1.000000,21,51.539611,1.000000,3,51.972204,1.000000,3,18:45,8.892903,9.325496,-0.432594,20.852495,False,False,False
US1_NB,PM,900,29.500616,32.576181,0.991321,50,46.461174,1.000000,3,46.464367,1.000000,3,15:00,16.960559,16.963751,-0.003193,57.492219,True,False,False
US1_NB,PM,915,29.243216,32.576181,0.991321,50,45.324663,1.000000,3,45.400986,1.000000,3,15:15,16.081447,16.157770,-0.076323,54.992061,True,False,False
US1_NB,PM,930,29.017426,32.576181,1.000000,51,43.964956,1.000000,3,43.498614,1.000000,3,15:30,14.947530,14.481188,0.466342,51.512254,True,False,False
US1_NB,PM,945,28.893545,32.576181,0.996037,50,42.707576,1.000000,3,41.686205,1.000000,3,15:45,13.814031,12.792661,1.021371,47.810096,True,False,False
US1_NB,PM,960,28.830309,32.576181,0.992351,49,41.653103,1.000000,3,40.439295,1.000000,3,16:00,12.822794,11.608986,1.213808,44.476784,True,False,False
US1_NB,PM,975,28.459530,32.576181,0.993987,49,40.409860,1.000000,3,39.298912,1.000000,3,16:15,11.950329,10.839382,1.110947,41.990606,True,False,False
US1_NB,PM,990,28.390774,32.576181,0.997673,50,39.230398,1.000000,3,38.260385,1.000000,3,16:30,10.839623,9.869611,0.970013,38.180090,True,False,False
US1_NB,PM,1005,28.348450,32.576181,1.000000,51,39.979912,1.000000,3,38.939896,1.000000,3,16:45,11.631462,10.591445,1.040016,41.030326,True,False,False
US1_NB,PM,1020,28.292976,32.576181,1.000000,51,40.567348,1.000000,3,39.478055,1.000000,3,17:00,12.274372,11.185079,1.089292,43.383105,True,False,False
US1_NB,PM,1035,28.971246,32.576181,0.892240,48,41.685755,1.000000,3,40.601120,1.000000,3,17:15,12.714509,11.629874,1.084635,43.886651,True,False,False
US1_NB,PM,1050,29.034841,32.576181,0.892240,48,42.608330,1.000000,3,41.679687,1.000000,3,17:30,13.573489,12.644846,0.928643,46.748970,True,False,False
US1_NB,PM,1065,28.754595,32.576181,1.000000,51,43.809826,1.000000,3,43.155331,1.000000,3,17:45,15.055232,14.400737,0.654495,52.357655,True,False,False
US1_NB,PM,1080,29.706642,32.576181,1.000000,51,44.694204,1.000000,3,44.488174,1.000000,3,18:00,14.987562,14.781532,0.206029,50.451888,True,False,False
US1_NB,PM,1095,29.904667,32.576181,1.000000,51,45.569766,1.000000,3,45.833600,1.000000,3,18:15,15.665099,15.928933,-0.263834,52.383457,True,False,False
US1_NB,PM,1110,30.186058,32.576181,0.985320,50,46.437421,1.000000,3,46.969342,1.000000,3,18:30,16.251363,16.783284,-0.531921,53.837314,True,False,False
US1_NB,PM,1125,30.437173,32.576181,0.985320,50,47.297611,1.000000,3,47.688856,1.000000,3,18:45,16.860438,17.251683,-0.391245,55.394230,True,False,False
US1_SB,PM,900,27.217764,32.494471,1.000000,50,45.954834,1.000000,3,46.079668,1.000000,3,15:00,18.737070,18.861904,-0.124834,68.841327,True,False,False
US1_SB,PM,915,26.788853,32.494471,1.000000,50,43.340300,1.000000,3,43.778058,1.000000,3,15:15,16.551447,16.989204,-0.437757,61.784828,True,False,False
US1_SB,PM,930,26.170916,32.494471,1.000000,50,42.809770,1.000000,3,43.088356,1.000000,3,15:30,16.638854,16.917440,-0.278585,63.577653,True,False,False
US1_SB,PM,945,25.556754,32.494471,1.000000,50,42.349872,1.000000,3,42.285573,1.000000,3,15:45,16.793118,16.728819,0.064299,65.709117,True,False,False
US1_SB,PM,960,25.467453,32.494471,0.997101,49,41.554813,1.000000,3,41.114209,1.000000,3,16:00,16.087360,15.646756,0.440605,63.168313,True,False,False
US1_SB,PM,975,24.969497,32.494471,0.995338,48,40.797975,1.000000,3,40.166463,1.000000,3,16:15,15.828478,15.196966,0.631512,63.391255,True,False,False
US1_SB,PM,990,24.067458,32.494471,0.998237,49,39.846268,1.000000,3,39.367077,1.000000,3,16:30,15.778811,15.299619,0.479192,65.560771,True,False,False
US1_SB,PM,1005,24.015644,32.494471,1.000000,50,38.647511,1.000000,3,38.648454,1.000000,3,16:45,14.631867,14.632810,-0.000943,60.926398,True,False,False
US1_SB,PM,1020,24.069605,32.494471,1.000000,50,38.033196,1.000000,3,38.277742,1.000000,3,17:00,13.963591,14.208137,-0.244546,58.013379,True,False,False
US1_SB,PM,1035,24.041162,32.494471,0.983730,48,38.279800,1.000000,3,38.546621,1.000000,3,17:15,14.238638,14.505459,-0.266821,59.226078,True,False,False
US1_SB,PM,1050,24.375686,32.494471,0.941976,47,40.086614,1.000000,3,40.021046,1.000000,3,17:30,15.710928,15.645360,0.065568,64.453276,True,False,False
US1_SB,PM,1065,24.866271,32.494471,0.958246,49,42.132564,1.000000,3,41.826742,1.000000,3,17:45,17.266293,16.960472,0.305822,69.436601,True,False,False
US1_SB,PM,1080,25.805864,32.494471,1.000000,50,43.389553,1.000000,3,43.267610,1.000000,3,18:00,17.583688,17.461745,0.121943,68.138343,True,False,False
US1_SB,PM,1095,26.712343,32.494471,1.000000,50,44.624892,1.000000,3,44.967862,1.000000,3,18:15,17.912549,18.255519,-0.342970,67.057198,True,False,False
US1_SB,PM,1110,27.683805,32.494471,0.922861,49,45.854782,1.000000,3,46.529917,1.000000,3,18:30,18.170977,18.846111,-0.675135,65.637568,True,False,False
US1_SB,PM,1125,28.364336,32.494471,0.915183,48,47.062505,1.000000,3,47.585289,1.000000,3,18:45,18.698169,19.220953,-0.522784,65.921407,True,False,False
US29_NB,PM,900,29.244901,32.843103,1.000000,69,43.912255,1.000000,3,44.109388,1.000000,3,15:00,14.667354,14.864487,-0.197133,50.153542,True,False,False
US29_NB,PM,915,29.185323,32.843103,1.000000,69,42.685468,1.000000,3,42.978867,1.000000,3,15:15,13.500145,13.793544,-0.293399,46.256625,True,False,False
US29_NB,PM,930,29.000942,32.843103,1.000000,69,41.551038,1.000000,3,41.547310,1.000000,3,15:30,12.550097,12.546369,0.003728,43.274790,True,False,False
US29_NB,PM,945,28.910124,32.843103,1.000000,69,40.776170,1.000000,3,40.522013,1.000000,3,15:45,11.866046,11.611889,0.254157,41.044605,True,False,False
US29_NB,PM,960,28.956448,32.843103,1.000000,69,39.046764,1.000000,3,38.792224,1.000000,3,16:00,10.090316,9.835776,0.254540,34.846524,True,False,False
US29_NB,PM,975,28.411621,32.843103,0.951682,67,38.648517,1.000000,3,38.377629,1.000000,3,16:15,10.236895,9.966008,0.270887,36.030663,True,False,False
US29_NB,PM,990,27.733308,32.843103,0.856912,66,38.713193,1.000000,3,38.358315,1.000000,3,16:30,10.979885,10.625007,0.354877,39.590966,True,False,False
US29_NB,PM,1005,28.157099,32.843103,0.892413,67,39.029448,1.000000,3,38.620095,1.000000,3,16:45,10.872350,10.462996,0.409353,38.613174,True,False,False
US29_NB,PM,1020,28.752685,32.843103,0.987183,68,39.113516,1.000000,3,38.676522,1.000000,3,17:00,10.360831,9.923837,0.436993,36.034306,True,False,False
US29_NB,PM,1035,28.798338,32.843103,0.989681,68,39.736979,1.000000,3,39.311647,1.000000,3,17:15,10.938641,10.513310,0.425332,37.983586,True,False,False
US29_NB,PM,1050,29.049732,32.843103,0.981760,67,40.222444,1.000000,3,39.885567,1.000000,3,17:30,11.172713,10.835835,0.336878,38.460641,True,False,False
US29_NB,PM,1065,29.161683,32.843103,0.992079,68,40.918090,1.000000,3,40.732813,1.000000,3,17:45,11.756407,11.571130,0.185277,40.314571,True,False,False
US29_NB,PM,1080,29.829178,32.843103,1.000000,69,41.723680,1.000000,3,41.756563,1.000000,3,18:00,11.894502,11.927385,-0.032883,39.875394,True,False,False
US29_NB,PM,1095,29.273528,32.843103,0.921596,67,42.285527,1.000000,3,42.550320,1.000000,3,18:15,13.011999,13.276792,-0.264793,44.449713,True,False,False
US29_NB,PM,1110,29.545601,32.843103,0.921596,67,42.878602,1.000000,3,43.281406,1.000000,3,18:30,13.333000,13.735805,-0.402805,45.126854,True,False,False
US29_NB,PM,1125,30.577815,32.843103,1.000000,69,43.787254,1.000000,3,44.083656,1.000000,3,18:45,13.209439,13.505841,-0.296402,43.199422,True,False,False
US29_SB,PM,900,27.734631,32.446566,0.895181,67,42.912934,1.000000,3,43.189857,1.000000,3,15:00,15.178303,15.455225,-0.276923,54.726895,True,False,False
US29_SB,PM,915,27.311290,32.446566,0.896633,68,41.228940,1.000000,3,41.788217,1.000000,3,15:15,13.917650,14.476927,-0.559277,50.959327,True,False,False
US29_SB,PM,930,27.570204,32.446566,0.998986,69,39.921632,1.000000,3,40.312726,1.000000,3,15:30,12.351429,12.742522,-0.391094,44.799918,True,False,False
US29_SB,PM,945,27.258666,32.446566,0.998986,69,38.497469,1.000000,3,38.666681,1.000000,3,15:45,11.238804,11.408015,-0.169212,41.230204,True,False,False
US29_SB,PM,960,26.991083,32.446566,1.000000,70,37.362102,1.000000,3,37.452130,1.000000,3,16:00,10.371019,10.461047,-0.090027,38.423873,True,False,False
US29_SB,PM,975,26.373845,32.446566,1.000000,70,36.505369,1.000000,3,36.709277,1.000000,3,16:15,10.131524,10.335432,-0.203908,38.415043,True,False,False
US29_SB,PM,990,26.063949,32.446566,0.999658,69,35.776904,1.000000,3,36.060148,1.000000,3,16:30,9.712955,9.996199,-0.283244,37.265861,True,False,False
US29_SB,PM,1005,25.895961,32.446566,0.996057,68,35.441791,1.000000,3,35.793998,1.000000,3,16:45,9.545830,9.898037,-0.352207,36.862236,True,False,False
US29_SB,PM,1020,25.929296,32.446566,0.996399,69,35.387334,1.000000,3,35.599119,1.000000,3,17:00,9.458038,9.669823,-0.211785,36.476261,True,False,False
US29_SB,PM,1035,25.679523,32.446566,0.996885,69,36.482037,1.000000,3,36.519549,1.000000,3,17:15,10.802514,10.840026,-0.037512,42.066647,True,False,False
US29_SB,PM,1050,25.781993,32.446566,0.993079,68,37.623018,1.000000,3,37.570997,1.000000,3,17:30,11.841026,11.789004,0.052022,45.927503,True,False,False
US29_SB,PM,1065,25.319224,32.446566,0.921437,68,38.955426,1.000000,3,38.826180,1.000000,3,17:45,13.636202,13.506956,0.129246,53.857110,True,False,False
US29_SB,PM,1080,26.222658,32.446566,0.925242,69,40.226370,1.000000,3,40.292059,1.000000,3,18:00,14.003712,14.069401,-0.065689,53.403099,True,False,False
US29_SB,PM,1095,27.522576,32.446566,1.000000,70,41.242962,1.000000,3,41.647428,1.000000,3,18:15,13.720387,14.124852,-0.404466,49.851390,True,False,False
US29_SB,PM,1110,28.164108,32.446566,1.000000,70,42.333153,1.000000,3,42.973670,1.000000,3,18:30,14.169046,14.809563,-0.640517,50.308875,True,False,False
US29_SB,PM,1125,28.962567,32.446566,1.000000,70,43.387266,1.000000,3,43.846319,1.000000,3,18:45,14.424699,14.883752,-0.459053,49.804631,True,False,False
US50_EB,PM,900,32.568120,33.061469,1.000000,66,46.266643,1.000000,3,46.443103,1.000000,3,15:00,13.698523,13.874983,-0.176460,42.061143,True,False,False
US50_EB,PM,915,32.521215,33.061469,1.000000,66,44.927524,1.000000,3,45.222578,1.000000,3,15:15,12.406309,12.701363,-0.295054,38.148356,True,False,False
US50_EB,PM,930,32.544922,33.061469,1.000000,66,43.934799,1.000000,3,43.814733,1.000000,3,15:30,11.389877,11.269811,0.120067,34.997402,True,False,False
US50_EB,PM,945,32.345596,33.061469,0.994376,65,42.341630,1.000000,3,41.916466,1.000000,3,15:45,9.996034,9.570870,0.425164,30.903848,True,False,False
US50_EB,PM,960,32.364139,33.061469,0.954282,63,41.386190,1.000000,3,40.783870,1.000000,3,16:00,9.022050,8.419730,0.602320,27.876689,True,False,False
US50_EB,PM,975,32.008909,33.061469,0.959906,64,40.989348,1.000000,3,40.308383,1.000000,3,16:15,8.980439,8.299473,0.680965,28.056060,True,False,False
US50_EB,PM,990,31.805399,33.061469,1.000000,66,40.173114,1.000000,3,39.509918,1.000000,3,16:30,8.367715,7.704519,0.663196,26.309101,True,False,False
US50_EB,PM,1005,31.464441,33.061469,1.000000,66,40.370382,1.000000,3,39.661552,1.000000,3,16:45,8.905941,8.197111,0.708829,28.304780,True,False,False
US50_EB,PM,1020,31.281926,33.061469,1.000000,66,40.823012,1.000000,3,40.088399,1.000000,3,17:00,9.541087,8.806474,0.734613,30.500317,True,False,False
US50_EB,PM,1035,31.063593,33.061469,0.974702,65,41.276699,1.000000,3,40.569636,1.000000,3,17:15,10.213105,9.506043,0.707063,32.878056,True,False,False
US50_EB,PM,1050,31.617431,33.061469,0.948060,64,41.943217,1.000000,3,41.316286,1.000000,3,17:30,10.325786,9.698855,0.626931,32.658522,True,False,False
US50_EB,PM,1065,31.582860,33.061469,0.973358,65,42.444821,1.000000,3,42.037228,1.000000,3,17:45,10.861961,10.454369,0.407592,34.391949,True,False,False
US50_EB,PM,1080,32.118355,33.061469,1.000000,66,43.474923,1.000000,3,43.345905,1.000000,3,18:00,11.356568,11.227550,0.129018,35.358499,True,False,False
US50_EB,PM,1095,32.555102,33.061469,0.998923,65,44.427212,1.000000,3,44.589564,1.000000,3,18:15,11.872111,12.034463,-0.162352,36.467743,True,False,False
US50_EB,PM,1110,32.906132,33.061469,0.998923,65,45.314973,1.000000,3,45.739478,1.000000,3,18:30,12.408841,12.833346,-0.424505,37.709812,True,False,False
US50_EB,PM,1125,33.526626,33.061469,0.981899,65,46.257710,1.000000,3,46.613627,1.000000,3,18:45,12.731084,13.087001,-0.355917,37.973053,False,False,False
US50_WB,PM,900,33.622397,33.136526,0.950200,61,45.997210,1.000000,3,46.384173,1.000000,3,15:00,12.374813,12.761777,-0.386963,36.805268,False,False,False
US50_WB,PM,915,33.142800,33.136526,0.963468,61,44.638139,1.000000,3,45.385473,1.000000,3,15:15,11.495339,12.242673,-0.747334,34.684274,False,False,False
US50_WB,PM,930,32.456735,33.136526,0.993237,62,43.149331,1.000000,3,43.539247,1.000000,3,15:30,10.692596,11.082512,-0.389916,32.944154,True,False,False
US50_WB,PM,945,32.127800,33.136526,1.000000,63,41.738258,1.000000,3,41.707113,1.000000,3,15:45,9.610458,9.579313,0.031145,29.913216,True,False,False
US50_WB,PM,960,31.866042,33.136526,0.994485,62,40.034545,1.000000,3,39.877437,1.000000,3,16:00,8.168503,8.011395,0.157108,25.633881,True,False,False
US50_WB,PM,975,31.226462,33.136526,0.994485,62,37.937613,1.000000,3,37.801968,1.000000,3,16:15,6.711151,6.575507,0.135645,21.491873,True,False,False
US50_WB,PM,990,31.267239,33.136526,0.974589,59,37.890263,1.000000,3,37.973182,1.000000,3,16:30,6.623024,6.705943,-0.082919,21.181992,True,False,False
US50_WB,PM,1005,31.032009,33.136526,0.974589,59,36.876993,1.000000,3,37.088681,1.000000,3,16:45,5.844984,6.056672,-0.211688,18.835339,True,False,False
US50_WB,PM,1020,30.718145,33.136526,1.000000,63,36.705610,1.000000,3,36.939471,1.000000,3,17:00,5.987466,6.221326,-0.233861,19.491625,True,False,False
US50_WB,PM,1035,29.911419,33.136526,0.921040,61,37.653858,1.000000,3,37.729892,1.000000,3,17:15,7.742439,7.818473,-0.076034,25.884560,True,False,False
US50_WB,PM,1050,29.961492,33.136526,0.913154,60,38.673401,1.000000,3,38.622437,1.000000,3,17:30,8.711909,8.660944,0.050964,29.077018,True,False,False
US50_WB,PM,1065,30.976009,33.136526,0.992113,62,40.298175,1.000000,3,40.172874,1.000000,3,17:45,9.322166,9.196865,0.125301,30.094794,True,False,False
US50_WB,PM,1080,32.326968,33.136526,0.999273,62,41.947948,1.000000,3,41.931429,1.000000,3,18:00,9.620980,9.604461,0.016519,29.761467,True,False,False
US50_WB,PM,1095,33.186760,33.136526,0.999273,62,43.332577,1.000000,3,43.713372,1.000000,3,18:15,10.145817,10.526613,-0.380796,30.571882,False,False,False
US50_WB,PM,1110,33.888867,33.136526,1.000000,63,44.658184,1.000000,3,45.397856,1.000000,3,18:30,10.769317,11.508989,-0.739672,31.778332,False,False,False
US50_WB,PM,1125,34.604683,33.136526,1.000000,63,45.964903,1.000000,3,46.535301,1.000000,3,18:45,11.360220,11.930618,-0.570398,32.828562,False,False,False
VA120_NB,PM,900,22.136184,31.500000,0.924267,20,42.813494,1.000000,3,43.112665,1.000000,3,15:00,20.677310,20.976481,-0.299171,93.409554,True,False,False
VA120_NB,PM,915,22.478609,31.500000,0.849698,20,41.275710,1.000000,3,41.861629,1.000000,3,15:15,18.797101,19.383020,-0.585919,83.622171,True,False,False
VA120_NB,PM,930,22.476383,31.500000,0.899770,21,40.022930,1.000000,3,40.278301,1.000000,3,15:30,17.546547,17.801918,-0.255371,78.066595,True,False,False
VA120_NB,PM,945,22.049919,31.500000,1.000000,22,39.519089,1.000000,3,39.162377,1.000000,3,15:45,17.469170,17.112458,0.356712,79.225552,True,False,False
VA120_NB,PM,960,22.182148,31.500000,1.000000,22,38.358118,1.000000,3,37.772531,1.000000,3,16:00,16.175970,15.590382,0.585587,72.923369,True,False,False
VA120_NB,PM,975,21.868890,31.500000,1.000000,22,38.187289,1.000000,3,37.623366,1.000000,3,16:15,16.318399,15.754476,0.563923,74.619235,True,False,False
VA120_NB,PM,990,21.694366,31.500000,1.000000,22,36.961397,1.000000,3,36.474471,1.000000,3,16:30,15.267031,14.780105,0.486926,70.373255,True,False,False
VA120_NB,PM,1005,21.916358,31.500000,1.000000,22,37.662472,1.000000,3,37.292317,1.000000,3,16:45,15.746114,15.375959,0.370155,71.846401,True,False,False
VA120_NB,PM,1020,21.652431,31.500000,0.920509,21,37.648079,1.000000,3,37.394629,1.000000,3,17:00,15.995648,15.742198,0.253450,73.874609,True,False,False
VA120_NB,PM,1035,21.149844,31.500000,0.920509,21,38.633828,1.000000,3,38.376755,1.000000,3,17:15,17.483984,17.226910,0.257073,82.667200,True,False,False
VA120_NB,PM,1050,21.064371,31.500000,1.000000,22,39.624040,1.000000,3,39.156401,1.000000,3,17:30,18.559669,18.092030,0.467639,88.109298,True,False,False
VA120_NB,PM,1065,21.258469,31.500000,1.000000,22,40.154780,1.000000,3,39.879503,1.000000,3,17:45,18.896311,18.621034,0.275277,88.888388,True,False,False
VA120_NB,PM,1080,22.142537,31.500000,1.000000,22,40.484209,1.000000,3,40.474606,1.000000,3,18:00,18.341673,18.332069,0.009603,82.834558,True,False,False
VA120_NB,PM,1095,22.345013,31.500000,1.000000,22,41.928755,1.000000,3,42.092545,1.000000,3,18:15,19.583741,19.747531,-0.163790,87.642558,True,False,False
VA120_NB,PM,1110,22.447158,31.500000,1.000000,22,42.921902,1.000000,3,43.324059,1.000000,3,18:30,20.474744,20.876900,-0.402156,91.213078,True,False,False
VA120_NB,PM,1125,22.776571,31.500000,1.000000,22,43.871155,1.000000,3,44.243663,1.000000,3,18:45,21.094584,21.467092,-0.372507,92.615276,True,False,False
VA120_SB,PM,900,22.113892,31.500000,1.000000,21,43.711145,1.000000,3,43.981484,1.000000,3,15:00,21.597253,21.867592,-0.270339,97.663734,True,False,False
VA120_SB,PM,915,21.532723,31.500000,1.000000,21,42.807115,1.000000,3,43.365577,1.000000,3,15:15,21.274393,21.832854,-0.558461,98.800290,True,False,False
VA120_SB,PM,930,21.436852,31.500000,1.000000,21,41.804301,1.000000,3,42.157542,1.000000,3,15:30,20.367450,20.720690,-0.353240,95.011387,True,False,False
VA120_SB,PM,945,21.383193,31.500000,1.000000,21,40.801469,1.000000,3,40.884415,1.000000,3,15:45,19.418276,19.501222,-0.082945,90.810930,True,False,False
VA120_SB,PM,960,21.321999,31.500000,1.000000,21,39.840477,1.000000,3,39.676272,1.000000,3,16:00,18.518478,18.354273,0.164205,86.851510,True,False,False
VA120_SB,PM,975,20.809836,31.500000,0.913259,20,38.573064,1.000000,3,38.337151,1.000000,3,16:15,17.763229,17.527315,0.235914,85.359775,True,False,False
VA120_SB,PM,990,20.628954,31.500000,0.913259,20,37.717892,1.000000,3,37.548530,1.000000,3,16:30,17.088938,16.919577,0.169362,82.839578,True,False,False
VA120_SB,PM,1005,20.950570,31.500000,1.000000,21,37.660714,1.000000,3,37.591336,1.000000,3,16:45,16.710144,16.640766,0.069378,79.759851,True,False,False
VA120_SB,PM,1020,20.818706,31.500000,1.000000,21,36.379811,1.000000,3,36.420707,1.000000,3,17:00,15.561105,15.602001,-0.040896,74.745783,True,False,False
VA120_SB,PM,1035,20.509600,31.500000,1.000000,21,36.214440,1.000000,3,36.210326,1.000000,3,17:15,15.704839,15.700726,0.004114,76.573114,True,False,False
VA120_SB,PM,1050,20.600790,31.500000,1.000000,21,38.264920,1.000000,3,37.954452,1.000000,3,17:30,17.664130,17.353662,0.310468,85.744915,True,False,False
VA120_SB,PM,1065,20.765418,31.500000,1.000000,21,39.399785,1.000000,3,38.921615,1.000000,3,17:45,18.634367,18.156197,0.478170,89.737497,True,False,False
VA120_SB,PM,1080,21.304812,31.500000,0.999201,20,40.207702,1.000000,3,39.995416,1.000000,3,18:00,18.902891,18.690604,0.212287,88.725922,True,False,False
VA120_SB,PM,1095,21.523397,31.500000,0.998016,19,41.649912,1.000000,3,41.815424,1.000000,3,18:15,20.126515,20.292027,-0.165512,93.509940,True,False,False
VA120_SB,PM,1110,21.881123,31.500000,0.998815,20,42.668006,1.000000,3,43.179514,1.000000,3,18:30,20.786883,21.298390,-0.511508,94.999157,True,False,False
VA120_SB,PM,1125,22.330494,31.500000,1.000000,21,43.589274,1.000000,3,44.017473,1.000000,3,18:45,21.258780,21.686979,-0.428199,95.200673,True,False,False
VA123_NB,PM,900,30.406587,33.721015,0.974050,42,48.481841,1.000000,3,48.673039,1.000000,3,15:00,18.075254,18.266452,-0.191198,59.445191,True,False,False
VA123_NB,PM,915,30.289272,33.721015,0.982648,42,46.247091,1.000000,3,46.588438,1.000000,3,15:15,15.957819,16.299166,-0.341347,52.684722,True,False,False
VA123_NB,PM,930,29.835748,33.721015,0.982648,42,44.598796,1.000000,3,44.610875,1.000000,3,15:30,14.763048,14.775128,-0.012080,49.481072,True,False,False
VA123_NB,PM,945,29.685951,33.721015,1.000000,43,43.474907,1.000000,3,43.076089,1.000000,3,15:45,13.788955,13.390138,0.398818,46.449431,True,False,False
VA123_NB,PM,960,29.794267,33.721015,0.961667,42,42.884214,1.000000,3,42.241661,1.000000,3,16:00,13.089947,12.447394,0.642552,43.934448,True,False,False
VA123_NB,PM,975,29.666567,33.721015,0.961667,42,42.090361,1.000000,3,41.391734,1.000000,3,16:15,12.423794,11.725167,0.698627,41.878099,True,False,False
VA123_NB,PM,990,29.359945,33.721015,1.000000,43,41.084487,1.000000,3,40.558459,1.000000,3,16:30,11.724542,11.198514,0.526028,39.933800,True,False,False
VA123_NB,PM,1005,29.104904,33.721015,1.000000,43,40.582652,1.000000,3,40.179935,1.000000,3,16:45,11.477749,11.075032,0.402717,39.435790,True,False,False
VA123_NB,PM,1020,29.248422,33.721015,1.000000,43,41.193024,1.000000,3,40.806584,1.000000,3,17:00,11.944602,11.558162,0.386439,40.838448,True,False,False
VA123_NB,PM,1035,28.889764,33.721015,1.000000,43,41.890565,1.000000,3,41.386253,1.000000,3,17:15,13.000801,12.496490,0.504311,45.001410,True,False,False
VA123_NB,PM,1050,28.360309,33.721015,0.960685,42,43.195704,1.000000,3,42.687884,1.000000,3,17:30,14.835395,14.327574,0.507820,52.310411,True,False,False
VA123_NB,PM,1065,28.895003,33.721015,0.960685,42,44.750407,1.000000,3,44.351046,1.000000,3,17:45,15.855404,15.456044,0.399360,54.872479,True,False,False
VA123_NB,PM,1080,30.202793,33.721015,1.000000,43,45.909861,1.000000,3,45.814782,1.000000,3,18:00,15.707069,15.611989,0.095080,52.005353,True,False,False
VA123_NB,PM,1095,30.853530,33.721015,1.000000,43,47.002026,1.000000,3,47.373128,1.000000,3,18:15,16.148496,16.519598,-0.371102,52.339216,True,False,False
VA123_NB,PM,1110,31.665303,33.721015,1.000000,43,48.072593,1.000000,3,48.731524,1.000000,3,18:30,16.407291,17.066221,-0.658931,51.814728,True,False,False
VA123_NB,PM,1125,32.073903,33.721015,1.000000,43,49.134027,1.000000,3,49.615017,1.000000,3,18:45,17.060124,17.541114,-0.480990,53.190047,True,False,False
VA123_SB,PM,900,28.888968,33.464440,0.999238,42,49.261387,1.000000,3,49.686804,1.000000,3,15:00,20.372419,20.797836,-0.425417,70.519720,True,False,False
VA123_SB,PM,915,27.797187,33.464440,0.999238,42,46.981755,1.000000,3,47.926754,1.000000,3,15:15,19.184569,20.129567,-0.944999,69.016223,True,False,False
VA123_SB,PM,930,27.132627,33.464440,0.944989,42,44.934447,1.000000,3,45.802866,1.000000,3,15:30,17.801819,18.670239,-0.868420,65.610377,True,False,False
VA123_SB,PM,945,26.969415,33.464440,0.944989,42,43.005365,1.000000,3,43.711789,1.000000,3,15:45,16.035950,16.742374,-0.706424,59.459760,True,False,False
VA123_SB,PM,960,27.008191,33.464440,1.000000,43,41.269801,1.000000,3,41.838797,1.000000,3,16:00,14.261611,14.830606,-0.568995,52.804761,True,False,False
VA123_SB,PM,975,26.407641,33.464440,1.000000,43,39.943781,1.000000,3,40.784349,1.000000,3,16:15,13.536141,14.376709,-0.840568,51.258424,True,False,False
VA123_SB,PM,990,26.200290,33.464440,1.000000,43,38.772647,1.000000,3,40.000136,1.000000,3,16:30,12.572356,13.799846,-1.227489,47.985562,True,False,False
VA123_SB,PM,1005,25.860874,33.464440,1.000000,43,36.959802,1.000000,3,38.700758,1.000000,3,16:45,11.098928,12.839884,-1.740956,42.917839,True,False,False
VA123_SB,PM,1020,25.766429,33.464440,0.974027,42,36.259681,1.000000,3,38.177605,1.000000,3,17:00,10.493252,12.411176,-1.917924,40.724508,True,False,False
VA123_SB,PM,1035,25.275152,33.464440,0.939368,41,37.313078,1.000000,3,39.115025,1.000000,3,17:15,12.037927,13.839873,-1.801946,47.627516,True,False,False
VA123_SB,PM,1050,25.790394,33.464440,0.935701,41,39.306895,1.000000,3,40.030963,1.000000,3,17:30,13.516502,14.240570,-0.724068,52.409056,True,False,False
VA123_SB,PM,1065,26.600562,33.464440,0.970359,42,41.561138,1.000000,3,41.694047,1.000000,3,17:45,14.960576,15.093485,-0.132910,56.241577,True,False,False
VA123_SB,PM,1080,27.061373,33.464440,1.000000,43,43.908184,1.000000,3,43.979175,1.000000,3,18:00,16.846811,16.917802,-0.070991,62.254089,True,False,False
VA123_SB,PM,1095,27.662347,33.464440,1.000000,43,45.623752,1.000000,3,46.066026,1.000000,3,18:15,17.961406,18.403679,-0.442274,64.930881,True,False,False
VA123_SB,PM,1110,28.423112,33.464440,1.000000,43,47.288413,1.000000,3,48.168167,1.000000,3,18:30,18.865302,19.745055,-0.879753,66.373104,True,False,False
VA123_SB,PM,1125,29.506572,33.464440,1.000000,43,49.006806,1.000000,3,49.713953,1.000000,3,18:45,19.500235,20.207381,-0.707146,66.087768,True,False,False
VA234_NB,PM,900,40.447063,37.352736,1.000000,27,51.414177,1.000000,3,51.800064,1.000000,3,15:00,10.967114,11.353001,-0.385887,27.114734,False,False,False
VA234_NB,PM,915,39.653977,37.352736,0.938761,25,48.168942,1.000000,3,48.666320,1.000000,3,15:15,8.514965,9.012343,-0.497378,21.473169,False,False,False
VA234_NB,PM,930,40.842632,37.352736,0.831872,24,46.130471,1.000000,3,46.532699,1.000000,3,15:30,5.287839,5.690067,-0.402228,12.946861,False,False,False
VA234_NB,PM,945,42.256434,37.352736,0.859813,25,44.663486,1.000000,3,45.073798,1.000000,3,15:45,2.407053,2.817364,-0.410311,5.696299,False,False,False
VA234_NB,PM,960,41.136258,37.352736,0.966702,26,44.328847,1.000000,3,44.529581,1.000000,3,16:00,3.192589,3.393323,-0.200734,7.761010,False,False,False
VA234_NB,PM,975,38.916632,37.352736,1.000000,27,45.297915,1.000000,3,45.139668,1.000000,3,16:15,6.381283,6.223036,0.158248,16.397317,False,False,False
VA234_NB,PM,990,39.851742,37.352736,0.893112,26,47.246248,1.000000,3,46.679465,1.000000,3,16:30,7.394506,6.827724,0.566783,18.555039,False,False,False
VA234_NB,PM,1005,39.561806,37.352736,0.893112,26,47.796445,1.000000,3,46.966656,1.000000,3,16:45,8.234639,7.404850,0.829789,20.814620,False,False,False
VA234_NB,PM,1020,39.229298,37.352736,1.000000,27,47.753462,1.000000,3,47.048085,1.000000,3,17:00,8.524163,7.818787,0.705376,21.729074,False,False,False
VA234_NB,PM,1035,39.476970,37.352736,0.997857,26,48.709401,1.000000,3,48.217456,1.000000,3,17:15,9.232431,8.740486,0.491945,23.386880,False,False,False
VA234_NB,PM,1050,40.166105,37.352736,0.997857,26,49.836528,1.000000,3,49.576832,1.000000,3,17:30,9.670423,9.410727,0.259696,24.076078,False,False,False
VA234_NB,PM,1065,41.094105,37.352736,1.000000,27,50.686009,1.000000,3,50.687128,1.000000,3,17:45,9.591904,9.593024,-0.001120,23.341314,False,False,False
VA234_NB,PM,1080,42.746143,37.352736,1.000000,27,51.496567,1.000000,3,51.828254,1.000000,3,18:00,8.750424,9.082111,-0.331687,20.470676,False,False,False
VA234_NB,PM,1095,43.479072,37.352736,1.000000,27,52.301620,1.000000,3,52.899191,1.000000,3,18:15,8.822548,9.420119,-0.597571,20.291481,False,False,False
VA234_NB,PM,1110,44.534679,37.352736,0.992638,26,53.101579,1.000000,3,53.763411,1.000000,3,18:30,8.566900,9.228732,-0.661832,19.236470,False,False,False
VA234_NB,PM,1125,45.073206,37.352736,0.992638,26,53.896727,1.000000,3,54.294956,1.000000,3,18:45,8.823521,9.221749,-0.398229,19.575977,False,False,False
VA234_SB,PM,900,40.545272,37.416716,1.000000,26,53.887887,1.000000,3,54.217737,1.000000,3,15:00,13.342615,13.672465,-0.329850,32.907945,False,False,False
VA234_SB,PM,915,40.249838,37.416716,1.000000,26,51.979265,1.000000,3,52.187693,1.000000,3,15:15,11.729427,11.937855,-0.208428,29.141551,False,False,False
VA234_SB,PM,930,39.887283,37.416716,1.000000,26,49.833658,1.000000,3,49.552463,1.000000,3,15:30,9.946376,9.665180,0.281196,24.936208,False,False,False
VA234_SB,PM,945,39.214360,37.416716,1.000000,26,47.506510,1.000000,3,46.980246,1.000000,3,15:45,8.292149,7.765886,0.526263,21.145696,False,False,False
VA234_SB,PM,960,38.363784,37.416716,1.000000,26,46.755032,1.000000,3,46.103947,1.000000,3,16:00,8.391248,7.740163,0.651084,21.872836,False,False,False
VA234_SB,PM,975,37.175650,37.416716,1.000000,26,46.836076,1.000000,3,46.085328,1.000000,3,16:15,9.660426,8.909678,0.750748,25.985898,True,False,False
VA234_SB,PM,990,36.740437,37.416716,0.893951,25,46.341769,1.000000,3,45.694534,1.000000,3,16:30,9.601332,8.954097,0.647235,26.132874,True,False,False
VA234_SB,PM,1005,36.070091,37.416716,0.869913,24,46.192271,1.000000,3,45.692521,1.000000,3,16:45,10.122180,9.622429,0.499750,28.062529,True,False,False
VA234_SB,PM,1020,35.422216,37.416716,0.876658,23,45.824695,1.000000,3,45.494862,1.000000,3,17:00,10.402479,10.072646,0.329833,29.367104,True,False,False
VA234_SB,PM,1035,35.786766,37.416716,0.838336,22,46.174504,1.000000,3,45.946355,1.000000,3,17:15,10.387739,10.159590,0.228149,29.026760,True,False,False
VA234_SB,PM,1050,36.357564,37.416716,0.937639,24,48.080795,1.000000,3,47.843496,1.000000,3,17:30,11.723231,11.485933,0.237299,32.244270,True,False,False
VA234_SB,PM,1065,36.771500,37.416716,1.000000,26,49.764591,1.000000,3,49.320625,1.000000,3,17:45,12.993092,12.549126,0.443966,35.334681,True,False,False
VA234_SB,PM,1080,39.104035,37.416716,1.000000,26,50.722202,1.000000,3,50.642328,1.000000,3,18:00,11.618168,11.538293,0.079874,29.710918,False,False,False
VA234_SB,PM,1095,40.728058,37.416716,1.000000,26,51.705427,1.000000,3,52.072052,1.000000,3,18:15,10.977369,11.343994,-0.366625,26.952842,False,False,False
VA234_SB,PM,1110,41.791852,37.416716,1.000000,26,52.806846,1.000000,3,53.426784,1.000000,3,18:30,11.014994,11.634932,-0.619938,26.356798,False,False,False
VA234_SB,PM,1125,42.893831,37.416716,1.000000,26,53.835509,1.000000,3,54.291767,1.000000,3,18:45,10.941678,11.397936,-0.456258,25.508745,False,False,False
VA236_EB,PM,900,22.817147,31.528452,1.000000,25,42.556723,1.000000,3,42.770197,1.000000,3,15:00,19.739575,19.953050,-0.213474,86.512022,True,False,False
VA236_EB,PM,915,22.313777,31.528452,1.000000,25,40.606228,1.000000,3,40.950627,1.000000,3,15:15,18.292450,18.636850,-0.344400,81.978277,True,False,False
VA236_EB,PM,930,22.028003,31.528452,1.000000,25,40.288863,1.000000,3,40.472257,1.000000,3,15:30,18.260859,18.444254,-0.183394,82.898387,True,False,False
VA236_EB,PM,945,21.798368,31.528452,1.000000,25,39.592504,1.000000,3,39.522838,1.000000,3,15:45,17.794136,17.724471,0.069665,81.630589,True,False,False
VA236_EB,PM,960,21.792839,31.528452,1.000000,25,39.424108,1.000000,3,39.160110,1.000000,3,16:00,17.631268,17.367271,0.263997,80.903951,True,False,False
VA236_EB,PM,975,21.739100,31.528452,1.000000,25,38.972370,1.000000,3,38.635157,1.000000,3,16:15,17.233270,16.896058,0.337212,79.273153,True,False,False
VA236_EB,PM,990,21.647978,31.528452,0.999572,24,38.380324,1.000000,3,38.029759,1.000000,3,16:30,16.732346,16.381781,0.350565,77.292881,True,False,False
VA236_EB,PM,1005,21.307192,31.528452,0.980402,23,38.814255,1.000000,3,38.528960,1.000000,3,16:45,17.507063,17.221768,0.285295,82.165042,True,False,False
VA236_EB,PM,1020,21.286812,31.528452,0.980831,24,39.193893,1.000000,3,38.972796,1.000000,3,17:00,17.907081,17.685984,0.221097,84.122889,True,False,False
VA236_EB,PM,1035,21.213987,31.528452,1.000000,25,38.768681,1.000000,3,38.739723,1.000000,3,17:15,17.554695,17.525736,0.028958,82.750569,True,False,False
VA236_EB,PM,1050,21.151543,31.528452,1.000000,25,39.027752,1.000000,3,39.234592,1.000000,3,17:30,17.876209,18.083049,-0.206840,84.514917,True,False,False
VA236_EB,PM,1065,21.537044,31.528452,1.000000,25,40.097293,1.000000,3,40.450997,1.000000,3,17:45,18.560249,18.913953,-0.353704,86.178260,True,False,False
VA236_EB,PM,1080,22.495983,31.528452,0.975896,24,41.452575,1.000000,3,41.853853,1.000000,3,18:00,18.956592,19.357870,-0.401278,84.266567,True,False,False
VA236_EB,PM,1095,23.014371,31.528452,0.975896,24,42.892423,1.000000,3,43.336476,1.000000,3,18:15,19.878052,20.322105,-0.444053,86.372343,True,False,False
VA236_EB,PM,1110,23.458749,31.528452,1.000000,25,44.001496,1.000000,3,44.637991,1.000000,3,18:30,20.542746,21.179241,-0.636495,87.569657,True,False,False
VA236_EB,PM,1125,23.525337,31.528452,0.925730,24,45.079103,1.000000,3,45.548107,1.000000,3,18:45,21.553765,22.022770,-0.469005,91.619368,True,False,False
VA236_WB,PM,900,22.686017,31.500711,0.876206,24,44.299349,1.000000,3,44.547198,1.000000,3,15:00,21.613332,21.861181,-0.247849,95.271605,True,False,False
VA236_WB,PM,915,22.586721,31.500711,0.941301,24,42.869802,1.000000,3,43.578827,1.000000,3,15:15,20.283080,20.992105,-0.709025,89.800904,True,False,False
VA236_WB,PM,930,22.411070,31.500711,0.941301,24,41.256708,1.000000,3,41.744887,1.000000,3,15:30,18.845638,19.333817,-0.488179,84.090757,True,False,False
VA236_WB,PM,945,22.825741,31.500711,1.000000,25,39.790068,1.000000,3,39.966050,1.000000,3,15:45,16.964327,17.140309,-0.175982,74.321033,True,False,False
VA236_WB,PM,960,22.808536,31.500711,1.000000,25,37.755757,1.000000,3,38.309927,1.000000,3,16:00,14.947222,15.501392,-0.554170,65.533457,True,False,False
VA236_WB,PM,975,22.659330,31.500711,1.000000,25,35.589918,1.000000,3,36.872434,1.000000,3,16:15,12.930588,14.213103,-1.282516,57.065180,True,False,False
VA236_WB,PM,990,22.510765,31.500711,0.993122,24,33.808335,1.000000,3,35.774718,1.000000,3,16:30,11.297570,13.263953,-1.966383,50.187411,True,False,False
VA236_WB,PM,1005,22.179698,31.500711,0.993122,24,32.787830,1.000000,3,35.000699,1.000000,3,16:45,10.608132,12.821001,-2.212870,47.828117,True,False,False
VA236_WB,PM,1020,22.070211,31.500711,1.000000,25,33.821126,1.000000,3,35.420917,1.000000,3,17:00,11.750916,13.350706,-1.599791,53.243332,True,False,False
VA236_WB,PM,1035,21.693479,31.500711,1.000000,25,35.806712,1.000000,3,36.644130,1.000000,3,17:15,14.113233,14.950652,-0.837419,65.057491,True,False,False
VA236_WB,PM,1050,22.121869,31.500711,0.993122,24,38.168194,1.000000,3,38.300026,1.000000,3,17:30,16.046325,16.178157,-0.131832,72.536025,True,False,False
VA236_WB,PM,1065,22.586893,31.500711,0.993122,24,39.713925,1.000000,3,39.595526,1.000000,3,17:45,17.127033,17.008633,0.118400,75.827307,True,False,False
VA236_WB,PM,1080,23.615639,31.500711,1.000000,25,41.117763,1.000000,3,41.327977,1.000000,3,18:00,17.502124,17.712338,-0.210214,74.112432,True,False,False
VA236_WB,PM,1095,24.037119,31.500711,1.000000,25,42.399793,1.000000,3,43.028678,1.000000,3,18:15,18.362673,18.991559,-0.628886,76.392985,True,False,False
VA236_WB,PM,1110,24.495139,31.500711,0.985388,24,43.666750,1.000000,3,44.529344,1.000000,3,18:30,19.171611,20.034205,-0.862594,78.267002,True,False,False
VA236_WB,PM,1125,24.912157,31.500711,0.922164,23,44.919938,1.000000,3,45.503665,1.000000,3,18:45,20.007782,20.591509,-0.583727,80.313326,True,False,False
VA237_EB,PM,900,18.949069,31.500000,1.000000,15,38.448742,1.000000,3,38.638562,1.000000,3,15:00,19.499673,19.689493,-0.189820,102.905701,True,False,False
VA237_EB,PM,915,18.525782,31.500000,0.997981,14,37.738652,1.000000,3,38.260046,1.000000,3,15:15,19.212871,19.734265,-0.521394,103.708827,True,False,False
VA237_EB,PM,930,17.942482,31.500000,0.878512,13,37.022454,1.000000,3,37.532126,1.000000,3,15:30,19.079972,19.589644,-0.509672,106.339649,True,False,False
VA237_EB,PM,945,17.651346,31.500000,0.880531,14,36.299696,1.000000,3,36.583128,1.000000,3,15:45,18.648350,18.931783,-0.283433,105.648318,True,False,False
VA237_EB,PM,960,17.982617,31.500000,1.000000,15,35.569728,1.000000,3,35.546645,1.000000,3,16:00,17.587111,17.564028,0.023082,97.800620,True,False,False
VA237_EB,PM,975,17.642124,31.500000,1.000000,15,34.832151,1.000000,3,34.563386,1.000000,3,16:15,17.190027,16.921263,0.268764,97.437403,True,False,False
VA237_EB,PM,990,17.517808,31.500000,1.000000,15,34.111191,1.000000,3,33.766699,1.000000,3,16:30,16.593384,16.248892,0.344492,94.722947,True,False,False
VA237_EB,PM,1005,17.240468,31.500000,1.000000,15,33.013985,1.000000,3,32.927308,1.000000,3,16:45,15.773517,15.686840,0.086677,91.491237,True,False,False
VA237_EB,PM,1020,17.074111,31.500000,1.000000,15,31.703448,1.000000,3,32.211697,1.000000,3,17:00,14.629337,15.137586,-0.508248,85.681398,True,False,False
VA237_EB,PM,1035,16.468446,31.500000,1.000000,15,30.334287,1.000000,3,31.338393,1.000000,3,17:15,13.865841,14.869947,-1.004106,84.196414,True,True,True
VA237_EB,PM,1050,,31.500000,0.735631,14,29.565979,1.000000,3,31.132873,1.000000,3,17:30,,,-1.566894,,,True,True
VA237_EB,PM,1065,,31.500000,0.735631,14,29.519295,1.000000,3,31.275607,1.000000,3,17:45,,,-1.756313,,,True,True
VA237_EB,PM,1080,17.072026,31.500000,1.000000,15,31.479150,1.000000,3,32.881363,1.000000,3,18:00,14.407125,15.809337,-1.402212,84.390248,True,True,False
VA237_EB,PM,1095,17.353529,31.500000,1.000000,15,35.082005,1.000000,3,35.162028,1.000000,3,18:15,17.728476,17.808499,-0.080022,102.160641,True,False,False
VA237_EB,PM,1110,17.816310,31.500000,1.000000,15,36.548940,1.000000,3,36.899529,1.000000,3,18:30,18.732630,19.083219,-0.350589,105.143152,True,False,False
VA237_EB,PM,1125,18.272557,31.500000,0.997058,14,37.841072,1.000000,3,38.298235,1.000000,3,18:45,19.568515,20.025679,-0.457163,107.092375,True,False,False
VA237_NB,PM,900,27.559887,31.500000,1.000000,3,42.381754,1.000000,3,42.662044,1.000000,3,15:00,14.821867,15.102156,-0.280289,53.780579,True,False,False
VA237_NB,PM,915,27.211672,31.500000,1.000000,3,41.042447,1.000000,3,41.386082,1.000000,3,15:15,13.830775,14.174410,-0.343635,50.826628,True,False,False
VA237_NB,PM,930,26.966316,31.500000,1.000000,3,39.694038,1.000000,3,39.233486,1.000000,3,15:30,12.727722,12.267170,0.460552,47.198595,True,False,False
VA237_NB,PM,945,27.071810,31.500000,1.000000,3,38.336095,1.000000,3,37.028527,1.000000,3,15:45,11.264284,9.956717,1.307567,41.608907,True,False,False
VA237_NB,PM,960,26.816536,31.500000,1.000000,3,36.968082,1.000000,3,35.636389,1.000000,3,16:00,10.151547,8.819853,1.331694,37.855548,True,False,False
VA237_NB,PM,975,26.567668,31.500000,1.000000,3,35.957401,1.000000,3,34.967795,1.000000,3,16:15,9.389733,8.400126,0.989607,35.342707,True,False,False
VA237_NB,PM,990,26.342207,31.500000,1.000000,3,33.643433,1.000000,3,32.582690,1.000000,3,16:30,7.301226,6.240484,1.060743,27.716837,True,False,False
VA237_NB,PM,1005,25.952390,31.500000,1.000000,3,33.616431,1.000000,3,32.673594,1.000000,3,16:45,7.664042,6.721204,0.942838,29.531160,True,False,False
VA237_NB,PM,1020,26.162778,31.500000,1.000000,3,36.548082,1.000000,3,35.290352,1.000000,3,17:00,10.385304,9.127574,1.257730,39.694961,True,False,False
VA237_NB,PM,1035,26.364796,31.500000,1.000000,3,37.266850,1.000000,3,35.890554,1.000000,3,17:15,10.902054,9.525758,1.376296,41.350800,True,False,False
VA237_NB,PM,1050,26.559817,31.500000,1.000000,3,37.771435,1.000000,3,36.613098,1.000000,3,17:30,11.211617,10.053280,1.158337,42.212704,True,False,False
VA237_NB,PM,1065,27.325231,31.500000,1.000000,3,38.434158,1.000000,3,37.682110,1.000000,3,17:45,11.108927,10.356879,0.752048,40.654469,True,False,False
VA237_NB,PM,1080,28.457385,31.500000,1.000000,3,39.624493,1.000000,3,39.381817,1.000000,3,18:00,11.167109,10.924433,0.242676,39.241514,True,False,False
VA237_NB,PM,1095,28.402063,31.500000,1.000000,3,40.498815,1.000000,3,40.731790,1.000000,3,18:15,12.096752,12.329727,-0.232975,42.591103,True,False,False
VA237_NB,PM,1110,28.476755,31.500000,1.000000,3,41.372282,1.000000,3,41.893241,1.000000,3,18:30,12.895527,13.416486,-0.520959,45.284396,True,False,False
VA237_NB,PM,1125,28.540702,31.500000,1.000000,3,42.244959,1.000000,3,42.639922,1.000000,3,18:45,13.704257,14.099220,-0.394963,48.016538,True,False,False
VA237_SB,PM,900,25.017550,31.500000,1.000000,3,42.274757,1.000000,3,42.641220,1.000000,3,15:00,17.257207,17.623670,-0.366464,68.980404,True,False,False
VA237_SB,PM,915,24.569139,31.500000,1.000000,3,40.595372,1.000000,3,41.238526,1.000000,3,15:15,16.026233,16.669387,-0.643154,65.229117,True,False,False
VA237_SB,PM,930,24.616607,31.500000,1.000000,3,38.867522,1.000000,3,39.092372,1.000000,3,15:30,14.250915,14.475766,-0.224851,57.891467,True,False,False
VA237_SB,PM,945,24.704120,31.500000,1.000000,3,37.379021,1.000000,3,37.181697,1.000000,3,15:45,12.674901,12.477577,0.197324,51.306832,True,False,False
VA237_SB,PM,960,24.424470,31.500000,1.000000,3,35.713802,1.000000,3,35.254685,1.000000,3,16:00,11.289332,10.830215,0.459118,46.221401,True,False,False
VA237_SB,PM,975,23.845096,31.500000,1.000000,3,34.356309,1.000000,3,34.169683,1.000000,3,16:15,10.511213,10.324587,0.186626,44.081238,True,False,False
VA237_SB,PM,990,23.992553,31.500000,1.000000,3,34.090221,1.000000,3,34.102718,1.000000,3,16:30,10.097668,10.110164,-0.012497,42.086674,True,False,False
VA237_SB,PM,1005,23.775668,31.500000,1.000000,3,31.940926,1.000000,3,31.966602,1.000000,3,16:45,8.165258,8.190935,-0.025676,34.342918,True,False,False
VA237_SB,PM,1020,23.423774,31.500000,1.000000,3,31.730725,1.000000,3,31.719320,1.000000,3,17:00,8.306951,8.295546,0.011406,35.463762,True,False,False
VA237_SB,PM,1035,23.632571,31.500000,1.000000,3,35.630906,1.000000,3,35.185053,1.000000,3,17:15,11.998335,11.552482,0.445854,50.770334,True,False,False
VA237_SB,PM,1050,23.826140,31.500000,1.000000,3,36.726259,1.000000,3,36.072364,1.000000,3,17:30,12.900119,12.246224,0.653895,54.142715,True,False,False
VA237_SB,PM,1065,24.114283,31.500000,1.000000,3,37.815153,1.000000,3,37.417145,1.000000,3,17:45,13.700870,13.302862,0.398008,56.816409,True,False,False
VA237_SB,PM,1080,24.886353,31.500000,1.000000,3,38.898377,1.000000,3,38.978015,1.000000,3,18:00,14.012024,14.091662,-0.079638,56.304049,True,False,False
VA237_SB,PM,1095,25.017870,31.500000,1.000000,3,39.975943,1.000000,3,40.518131,1.000000,3,18:15,14.958073,15.500262,-0.542189,59.789556,True,False,False
VA237_SB,PM,1110,25.100878,31.500000,1.000000,3,41.048473,1.000000,3,41.808104,1.000000,3,18:30,15.947594,16.707226,-0.759632,63.534009,True,False,False
VA237_SB,PM,1125,25.564625,31.500000,1.000000,3,42.116857,1.000000,3,42.624222,1.000000,3,18:45,16.552232,17.059597,-0.507365,64.746624,True,False,False
VA237_WB,PM,900,19.347197,31.500000,1.000000,14,43.868611,1.000000,3,44.671467,1.000000,3,15:00,24.521414,25.324270,-0.802856,126.744010,True,False,False
VA237_WB,PM,915,19.358816,31.500000,1.000000,14,40.666350,1.000000,3,42.544101,1.000000,3,15:15,21.307534,23.185285,-1.877751,110.066307,True,False,False
VA237_WB,PM,930,19.238144,31.500000,1.000000,14,37.537187,1.000000,3,40.508691,1.000000,3,15:30,18.299043,21.270547,-2.971504,95.118548,True,False,False
VA237_WB,PM,945,19.227098,31.500000,1.000000,14,36.237350,1.000000,3,38.953383,1.000000,3,15:45,17.010252,19.726285,-2.716033,88.470196,True,False,False
VA237_WB,PM,960,19.243372,31.500000,1.000000,14,36.953960,1.000000,3,38.150324,1.000000,3,16:00,17.710588,18.906952,-1.196364,92.034740,True,False,False
VA237_WB,PM,975,19.066433,31.500000,1.000000,14,37.584813,1.000000,3,37.324333,1.000000,3,16:15,18.518380,18.257900,0.260480,97.125561,True,False,False
VA237_WB,PM,990,19.055126,31.500000,1.000000,14,37.847851,1.000000,3,37.835752,1.000000,3,16:30,18.792725,18.780626,0.012098,98.622936,True,False,False
VA237_WB,PM,1005,18.944686,31.500000,1.000000,14,37.194645,1.000000,3,37.880000,1.000000,3,16:45,18.249959,18.935314,-0.685355,96.332861,True,False,False
VA237_WB,PM,1020,18.730633,31.500000,1.000000,14,36.771619,1.000000,3,37.747001,1.000000,3,17:00,18.040985,19.016368,-0.975383,96.318072,True,False,False
VA237_WB,PM,1035,18.552838,31.500000,0.878817,13,37.519339,1.000000,3,38.464577,1.000000,3,17:15,18.966501,19.911740,-0.945239,102.229650,True,False,False
VA237_WB,PM,1050,,31.500000,0.610658,12,37.962835,1.000000,3,38.886920,1.000000,3,17:30,,,-0.924086,,,False,False
VA237_WB,PM,1065,,31.500000,0.731840,13,40.272479,1.000000,3,40.723081,1.000000,3,17:45,,,-0.450602,,,False,False
VA237_WB,PM,1080,18.921202,31.500000,1.000000,14,41.563799,1.000000,3,42.012826,1.000000,3,18:00,22.642597,23.091624,-0.449027,119.667856,True,False,False
VA237_WB,PM,1095,19.117502,31.500000,1.000000,14,42.731382,1.000000,3,43.419078,1.000000,3,18:15,23.613880,24.301575,-0.687695,123.519693,True,False,False
VA237_WB,PM,1110,19.492268,31.500000,1.000000,14,43.868421,1.000000,3,44.676226,1.000000,3,18:30,24.376153,25.183958,-0.807805,125.055497,True,False,False
VA237_WB,PM,1125,19.911761,31.500000,1.000000,14,44.977122,1.000000,3,45.495757,1.000000,3,18:45,25.065361,25.583995,-0.518635,125.882186,True,False,False
VA244_EB,PM,900,22.349818,31.500000,1.000000,18,42.206459,1.000000,3,42.262064,1.000000,3,15:00,19.856641,19.912246,-0.055605,88.844754,True,False,False
VA244_EB,PM,915,22.158737,31.500000,1.000000,18,40.606138,1.000000,3,40.596524,1.000000,3,15:15,18.447401,18.437788,0.009614,83.251143,True,False,False
VA244_EB,PM,930,21.996019,31.500000,1.000000,18,39.852107,1.000000,3,39.506404,1.000000,3,15:30,17.856088,17.510385,0.345704,81.178727,True,False,False
VA244_EB,PM,945,22.008791,31.500000,1.000000,18,39.537162,1.000000,3,38.735514,1.000000,3,15:45,17.528371,16.726723,0.801648,79.642588,True,False,False
VA244_EB,PM,960,22.181609,31.500000,1.000000,18,39.095910,1.000000,3,38.189949,1.000000,3,16:00,16.914301,16.008340,0.905960,76.253716,True,False,False
VA244_EB,PM,975,21.520443,31.500000,0.858779,17,38.010382,1.000000,3,37.013342,1.000000,3,16:15,16.489938,15.492898,0.997040,76.624529,True,False,False
VA244_EB,PM,990,21.364717,31.500000,0.858779,17,36.962854,1.000000,3,36.054677,1.000000,3,16:30,15.598138,14.689961,0.908177,73.008869,True,False,False
VA244_EB,PM,1005,22.024826,31.500000,1.000000,18,38.085093,1.000000,3,37.173518,1.000000,3,16:45,16.060267,15.148692,0.911575,72.918931,True,False,False
VA244_EB,PM,1020,22.160462,31.500000,1.000000,18,38.868307,1.000000,3,37.865451,1.000000,3,17:00,16.707845,15.704989,1.002856,75.394842,True,False,False
VA244_EB,PM,1035,21.963486,31.500000,1.000000,18,39.226543,1.000000,3,38.254424,1.000000,3,17:15,17.263057,16.290938,0.972119,78.598896,True,False,False
VA244_EB,PM,1050,21.941310,31.500000,1.000000,18,39.693882,1.000000,3,38.896811,1.000000,3,17:30,17.752572,16.955500,0.797072,80.909350,True,False,False
VA244_EB,PM,1065,22.113892,31.500000,1.000000,18,40.206618,1.000000,3,39.671777,1.000000,3,17:45,18.092726,17.557885,0.534842,81.816110,True,False,False
VA244_EB,PM,1080,22.544465,31.500000,1.000000,18,40.828503,1.000000,3,40.609810,1.000000,3,18:00,18.284039,18.065346,0.218693,81.102121,True,False,False
VA244_EB,PM,1095,22.549191,31.500000,1.000000,18,41.329618,1.000000,3,41.408867,1.000000,3,18:15,18.780427,18.859676,-0.079249,83.286478,True,False,False
VA244_EB,PM,1110,22.417205,31.500000,1.000000,18,41.556494,1.000000,3,41.757547,1.000000,3,18:30,19.139290,19.340342,-0.201052,85.377682,True,False,False
VA244_EB,PM,1125,22.455692,31.500000,1.000000,18,42.161134,1.000000,3,42.253632,1.000000,3,18:45,19.705442,19.797940,-0.092498,87.752549,True,False,False
VA244_WB,PM,900,21.184456,31.500000,1.000000,21,41.747230,1.000000,3,41.918105,1.000000,3,15:00,20.562774,20.733648,-0.170875,97.065383,True,False,False
VA244_WB,PM,915,20.646618,31.500000,1.000000,21,40.252687,1.000000,3,40.596361,1.000000,3,15:15,19.606070,19.949744,-0.343674,94.960202,True,False,False
VA244_WB,PM,930,20.894082,31.500000,0.914950,20,39.659999,1.000000,3,39.803224,1.000000,3,15:30,18.765916,18.909142,-0.143225,89.814505,True,False,False
VA244_WB,PM,945,21.045053,31.500000,0.914950,20,38.788956,1.000000,3,38.603562,1.000000,3,15:45,17.743903,17.558509,0.185394,84.313894,True,False,False
VA244_WB,PM,960,20.666892,31.500000,1.000000,21,38.012738,1.000000,3,37.566762,1.000000,3,16:00,17.345846,16.899869,0.445976,83.930596,True,False,False
VA244_WB,PM,975,20.276564,31.500000,1.000000,21,36.963673,1.000000,3,36.441297,1.000000,3,16:15,16.687108,16.164733,0.522376,82.297513,True,False,False
VA244_WB,PM,990,19.932903,31.500000,1.000000,21,36.277520,1.000000,3,35.895588,1.000000,3,16:30,16.344617,15.962685,0.381932,81.998181,True,False,False
VA244_WB,PM,1005,20.026482,31.500000,1.000000,21,36.175399,1.000000,3,35.940184,1.000000,3,16:45,16.148917,15.913702,0.235216,80.637816,True,False,False
VA244_WB,PM,1020,19.891239,31.500000,1.000000,21,35.195885,1.000000,3,35.122359,1.000000,3,17:00,15.304646,15.231120,0.073526,76.941639,True,False,False
VA244_WB,PM,1035,19.837353,31.500000,1.000000,21,35.554417,1.000000,3,35.620062,1.000000,3,17:15,15.717063,15.782708,-0.065645,79.229639,True,False,False
VA244_WB,PM,1050,19.741078,31.500000,1.000000,21,36.635170,1.000000,3,36.534370,1.000000,3,17:30,16.894093,16.793293,0.100800,85.578371,True,False,False
VA244_WB,PM,1065,19.969198,31.500000,1.000000,21,37.375024,1.000000,3,37.183401,1.000000,3,17:45,17.405826,17.214203,0.191623,87.163373,True,False,False
VA244_WB,PM,1080,20.535483,31.500000,1.000000,21,39.194059,1.000000,3,39.114399,1.000000,3,18:00,18.658576,18.578916,0.079660,90.860174,True,False,False
VA244_WB,PM,1095,20.805804,31.500000,1.000000,21,40.416631,1.000000,3,40.625273,1.000000,3,18:15,19.610828,19.819470,-0.208642,94.256525,True,False,False
VA244_WB,PM,1110,21.298448,31.500000,1.000000,21,41.607067,1.000000,3,42.175517,1.000000,3,18:30,20.308619,20.877069,-0.568450,95.352579,True,False,False
VA244_WB,PM,1125,21.699973,31.500000,0.996638,20,42.776947,1.000000,3,43.263117,1.000000,3,18:45,21.076974,21.563144,-0.486170,97.129034,True,False,False
VA267_EB,PM,900,64.822139,47.336943,1.000000,43,67.787200,1.000000,3,67.862959,1.000000,3,15:00,2.965061,3.040820,-0.075759,4.574149,False,False,False
VA267_EB,PM,915,64.660894,47.336943,1.000000,43,67.866631,1.000000,3,68.054503,1.000000,3,15:15,3.205738,3.393609,-0.187872,4.957769,False,False,False
VA267_EB,PM,930,64.702726,47.336943,1.000000,43,67.543166,1.000000,3,67.674856,1.000000,3,15:30,2.840440,2.972130,-0.131690,4.389986,False,False,False
VA267_EB,PM,945,64.684502,47.336943,1.000000,43,67.215867,1.000000,3,67.208678,1.000000,3,15:45,2.531365,2.524176,0.007189,3.913402,False,False,False
VA267_EB,PM,960,64.787948,47.336943,1.000000,43,66.884533,1.000000,3,66.746918,1.000000,3,16:00,2.096585,1.958971,0.137614,3.236072,False,False,False
VA267_EB,PM,975,64.143379,47.336943,1.000000,43,65.982769,1.000000,3,65.813515,1.000000,3,16:15,1.839390,1.670136,0.169254,2.867623,False,False,False
VA267_EB,PM,990,62.955361,47.336943,1.000000,43,65.826241,1.000000,3,65.621521,1.000000,3,16:30,2.870880,2.666160,0.204720,4.560184,False,False,False
VA267_EB,PM,1005,62.057858,47.336943,1.000000,43,65.783628,1.000000,3,65.522123,1.000000,3,16:45,3.725770,3.464265,0.261505,6.003704,False,False,False
VA267_EB,PM,1020,61.247191,47.336943,1.000000,43,66.157789,1.000000,3,65.853415,1.000000,3,17:00,4.910598,4.606224,0.304374,8.017670,False,False,False
VA267_EB,PM,1035,62.148557,47.336943,0.934175,40,66.220154,1.000000,3,65.856697,1.000000,3,17:15,4.071596,3.708139,0.363457,6.551393,False,False,False
VA267_EB,PM,1050,65.565810,47.336943,0.867900,39,65.970060,1.000000,3,65.756876,1.000000,3,17:30,0.404250,0.191066,0.213184,0.616556,False,False,False
VA267_EB,PM,1065,64.059458,47.336943,0.933725,42,66.190907,1.000000,3,66.067816,1.000000,3,17:45,2.131449,2.008358,0.123091,3.327298,False,False,False
VA267_EB,PM,1080,62.293502,47.336943,0.983928,42,66.981514,1.000000,3,66.870851,1.000000,3,18:00,4.688012,4.577348,0.110664,7.525683,False,False,False
VA267_EB,PM,1095,63.443228,47.336943,0.983928,42,67.363308,1.000000,3,67.379424,1.000000,3,18:15,3.920080,3.936196,-0.016116,6.178879,False,False,False
VA267_EB,PM,1110,64.499798,47.336943,1.000000,43,67.731962,1.000000,3,67.887354,1.000000,3,18:30,3.232164,3.387556,-0.155392,5.011122,False,False,False
VA267_EB,PM,1125,64.527958,47.336943,1.000000,43,68.088775,1.000000,3,68.232308,1.000000,3,18:45,3.560817,3.704350,-0.143533,5.518254,False,False,False
VA267_WB,PM,900,65.366159,47.281843,1.000000,43,67.560654,1.000000,3,67.771739,1.000000,3,15:00,2.194495,2.405580,-0.211085,3.357234,False,False,False
VA267_WB,PM,915,64.922791,47.281843,1.000000,43,66.717832,1.000000,3,66.996271,1.000000,3,15:15,1.795041,2.073480,-0.278439,2.764886,False,False,False
VA267_WB,PM,930,64.545363,47.281843,1.000000,43,65.575651,1.000000,3,65.359198,1.000000,3,15:30,1.030287,0.813835,0.216453,1.596222,False,False,False
VA267_WB,PM,945,63.732354,47.281843,1.000000,43,64.399697,1.000000,3,63.403447,1.000000,3,15:45,0.667343,-0.328907,0.996250,1.047102,False,False,False
VA267_WB,PM,960,63.125729,47.281843,1.000000,43,63.522422,1.000000,3,61.752422,1.000000,3,16:00,0.396693,-1.373307,1.770000,0.628417,False,False,False
VA267_WB,PM,975,62.352079,47.281843,1.000000,43,62.473329,1.000000,3,60.294067,1.000000,3,16:15,0.121250,-2.058011,2.179262,0.194461,False,False,False
VA267_WB,PM,990,62.013805,47.281843,1.000000,43,59.732826,1.000000,3,57.456817,1.000000,3,16:30,-2.280979,-4.556988,2.276009,3.678179,False,False,False
VA267_WB,PM,1005,62.061848,47.281843,1.000000,43,58.102657,1.000000,3,55.975111,1.000000,3,16:45,-3.959191,-6.086737,2.127546,6.379428,False,False,False
VA267_WB,PM,1020,62.592536,47.281843,1.000000,43,59.923415,1.000000,3,57.826945,1.000000,3,17:00,-2.669121,-4.765591,2.096471,4.264279,False,False,False
VA267_WB,PM,1035,62.977822,47.281843,1.000000,43,60.190309,1.000000,3,58.007421,1.000000,3,17:15,-2.787513,-4.970400,2.182888,4.426182,False,False,False
VA267_WB,PM,1050,63.450616,47.281843,0.961103,41,61.976898,1.000000,3,59.847314,1.000000,3,17:30,-1.473718,-3.603302,2.129584,2.322622,False,False,False
VA267_WB,PM,1065,63.672274,47.281843,0.887851,40,63.342523,1.000000,3,61.519438,1.000000,3,17:45,-0.329751,-2.152836,1.823085,0.517889,False,False,False
VA267_WB,PM,1080,64.819333,47.281843,0.926747,42,64.425758,1.000000,3,63.243097,1.000000,3,18:00,-0.393575,-1.576236,1.182660,0.607188,False,False,False
VA267_WB,PM,1095,65.518936,47.281843,1.000000,43,65.497979,1.000000,3,65.169507,1.000000,3,18:15,-0.020957,-0.349429,0.328472,0.031987,False,False,False
VA267_WB,PM,1110,65.495867,47.281843,1.000000,43,66.559744,1.000000,3,66.893874,1.000000,3,18:30,1.063878,1.398007,-0.334130,1.624343,False,False,False
VA267_WB,PM,1125,65.211638,47.281843,1.000000,43,67.611668,1.000000,3,68.022713,1.000000,3,18:45,2.400030,2.811075,-0.411045,3.680371,False,False,False
VA286_NB,PM,900,44.102149,37.340632,0.954348,56,54.820655,1.000000,3,55.362804,1.000000,3,15:00,10.718506,11.260655,-0.542149,24.303817,False,False,False
VA286_NB,PM,915,43.058305,37.340632,0.977998,57,52.526308,1.000000,3,53.648133,1.000000,3,15:15,9.468003,10.589828,-1.121825,21.988797,False,False,False
VA286_NB,PM,930,42.692250,37.340632,1.000000,58,50.313373,1.000000,3,51.194920,1.000000,3,15:30,7.621122,8.502670,-0.881548,17.851301,False,False,False
VA286_NB,PM,945,42.970778,37.340632,1.000000,58,49.165701,1.000000,3,49.651534,1.000000,3,15:45,6.194923,6.680757,-0.485834,14.416595,False,False,False
VA286_NB,PM,960,43.216044,37.340632,0.999319,57,47.481952,1.000000,3,47.969345,1.000000,3,16:00,4.265908,4.753301,-0.487393,9.871121,False,False,False
VA286_NB,PM,975,42.600625,37.340632,0.997163,56,45.539288,1.000000,3,46.174178,1.000000,3,16:15,2.938663,3.573553,-0.634891,6.898168,False,False,False
VA286_NB,PM,990,42.581951,37.340632,0.997844,57,44.907944,1.000000,3,45.734632,1.000000,3,16:30,2.325992,3.152681,-0.826688,5.462390,False,False,False
VA286_NB,PM,1005,42.352496,37.340632,1.000000,58,44.959429,1.000000,3,45.864496,1.000000,3,16:45,2.606933,3.512000,-0.905067,6.155323,False,False,False
VA286_NB,PM,1020,42.576194,37.340632,1.000000,58,44.811328,1.000000,3,45.530870,1.000000,3,17:00,2.235135,2.954676,-0.719542,5.249729,False,False,False
VA286_NB,PM,1035,42.448119,37.340632,1.000000,58,46.181422,1.000000,3,46.782557,1.000000,3,17:15,3.733303,4.334438,-0.601135,8.794980,False,False,False
VA286_NB,PM,1050,42.461179,37.340632,0.952578,56,47.958327,1.000000,3,48.343891,1.000000,3,17:30,5.497148,5.882712,-0.385564,12.946292,False,False,False
VA286_NB,PM,1065,43.592234,37.340632,0.952578,56,49.706360,1.000000,3,49.992004,1.000000,3,17:45,6.114125,6.399770,-0.285645,14.025721,False,False,False
VA286_NB,PM,1080,44.961739,37.340632,0.990886,56,51.174735,1.000000,3,51.719176,1.000000,3,18:00,6.212996,6.757437,-0.544441,13.818406,False,False,False
VA286_NB,PM,1095,45.225077,37.340632,0.975991,55,52.623441,1.000000,3,53.541332,1.000000,3,18:15,7.398364,8.316256,-0.917892,16.358986,False,False,False
VA286_NB,PM,1110,45.355923,37.340632,0.985105,57,54.084534,1.000000,3,55.161382,1.000000,3,18:30,8.728611,9.805458,-1.076848,19.244698,False,False,False
VA286_NB,PM,1125,45.896873,37.340632,1.000000,58,55.531315,1.000000,3,56.221612,1.000000,3,18:45,9.634442,10.324739,-0.690297,20.991500,False,False,False
VA286_SB,PM,900,42.366630,37.459779,1.000000,56,56.257480,1.000000,3,56.682191,1.000000,3,15:00,13.890850,14.315561,-0.424711,32.787244,False,False,False
VA286_SB,PM,915,40.881056,37.459779,1.000000,56,54.559230,1.000000,3,55.609994,1.000000,3,15:15,13.678174,14.728938,-1.050764,33.458466,False,False,False
VA286_SB,PM,930,40.776910,37.459779,0.956394,54,52.830931,1.000000,3,53.753945,1.000000,3,15:30,12.054021,12.977035,-0.923014,29.560898,False,False,False
VA286_SB,PM,945,40.561817,37.459779,0.956394,54,50.993116,1.000000,3,51.635001,1.000000,3,15:45,10.431299,11.073184,-0.641885,25.717042,False,False,False
VA286_SB,PM,960,40.111857,37.459779,1.000000,56,49.008656,1.000000,3,49.509070,1.000000,3,16:00,8.896799,9.397212,-0.500414,22.179972,False,False,False
VA286_SB,PM,975,39.626951,37.459779,0.998244,55,47.438119,1.000000,3,48.016941,1.000000,3,16:15,7.811168,8.389990,-0.578822,19.711755,False,False,False
VA286_SB,PM,990,38.776648,37.459779,0.998244,55,46.200337,1.000000,3,47.063909,1.000000,3,16:30,7.423689,8.287261,-0.863572,19.144742,False,False,False
VA286_SB,PM,1005,37.796119,37.459779,1.000000,56,44.760643,1.000000,3,45.939672,1.000000,3,16:45,6.964524,8.143553,-1.179029,18.426558,False,False,False
VA286_SB,PM,1020,37.546556,37.459779,0.986469,55,44.184009,1.000000,3,45.591757,1.000000,3,17:00,6.637453,8.045201,-1.407748,17.677927,False,False,False
VA286_SB,PM,1035,37.677203,37.459779,0.972017,52,44.637968,1.000000,3,45.875886,1.000000,3,17:15,6.960765,8.198682,-1.237917,18.474739,False,False,False
VA286_SB,PM,1050,38.193850,37.459779,0.985548,53,46.526464,1.000000,3,47.291640,1.000000,3,17:30,8.332614,9.097790,-0.765176,21.816637,False,False,False
VA286_SB,PM,1065,38.909815,37.459779,1.000000,56,48.446000,1.000000,3,48.770137,1.000000,3,17:45,9.536186,9.860323,-0.324137,24.508433,False,False,False
VA286_SB,PM,1080,41.295949,37.459779,1.000000,56,50.174440,1.000000,3,50.599005,1.000000,3,18:00,8.878492,9.303056,-0.424564,21.499667,False,False,False
VA286_SB,PM,1095,42.745864,37.459779,1.000000,56,51.618744,1.000000,3,52.445863,1.000000,3,18:15,8.872880,9.699998,-0.827119,20.757282,False,False,False
VA286_SB,PM,1110,43.759547,37.459779,1.000000,56,53.134368,1.000000,3,54.206940,1.000000,3,18:30,9.374821,10.447393,-1.072572,21.423487,False,False,False
VA286_SB,PM,1125,44.559010,37.459779,1.000000,56,55.238399,1.000000,3,56.008504,1.000000,3,18:45,10.679390,11.449495,-0.770105,23.966848,False,False,False
VA28_NB,PM,900,41.806004,38.224867,0.930044,34,53.590565,1.000000,3,53.822892,1.000000,3,15:00,11.784561,12.016888,-0.232327,28.188681,False,False,False
VA28_NB,PM,915,42.078622,38.224867,1.000000,38,52.438388,1.000000,3,53.092765,1.000000,3,15:15,10.359766,11.014143,-0.654377,24.620022,False,False,False
VA28_NB,PM,930,41.919534,38.224867,1.000000,38,51.419605,1.000000,3,52.014661,1.000000,3,15:30,9.500071,10.095126,-0.595055,22.662635,False,False,False
VA28_NB,PM,945,41.990631,38.224867,1.000000,38,50.530780,1.000000,3,50.809582,1.000000,3,15:45,8.540149,8.818951,-0.278802,20.338224,False,False,False
VA28_NB,PM,960,41.836301,38.224867,1.000000,38,49.537804,1.000000,3,49.465334,1.000000,3,16:00,7.701502,7.629032,0.072470,18.408660,False,False,False
VA28_NB,PM,975,41.002755,38.224867,1.000000,38,48.536875,1.000000,3,48.330032,1.000000,3,16:15,7.534120,7.327277,0.206843,18.374667,False,False,False
VA28_NB,PM,990,39.931221,38.224867,1.000000,38,46.138368,1.000000,3,46.097501,1.000000,3,16:30,6.207147,6.166280,0.040866,15.544596,False,False,False
VA28_NB,PM,1005,39.807270,38.224867,0.976872,37,45.374719,1.000000,3,45.541161,1.000000,3,16:45,5.567449,5.733891,-0.166442,13.986011,False,False,False
VA28_NB,PM,1020,39.887616,38.224867,0.972176,36,45.539978,1.000000,3,45.754964,1.000000,3,17:00,5.652362,5.867348,-0.214986,14.170718,False,False,False
VA28_NB,PM,1035,41.022230,38.224867,0.872915,34,46.174908,1.000000,3,46.328262,1.000000,3,17:15,5.152678,5.306032,-0.153355,12.560696,False,False,False
VA28_NB,PM,1050,41.131011,38.224867,0.877611,35,46.902574,1.000000,3,46.948632,1.000000,3,17:30,5.771563,5.817621,-0.046058,14.032144,False,False,False
VA28_NB,PM,1065,39.547973,38.224867,0.990969,37,47.234149,1.000000,3,47.316298,1.000000,3,17:45,7.686176,7.768325,-0.082148,19.435070,False,False,False
VA28_NB,PM,1080,41.314751,38.224867,0.990969,37,48.203032,1.000000,3,48.395178,1.000000,3,18:00,6.888281,7.080427,-0.192146,16.672691,False,False,False
VA28_NB,PM,1095,42.342796,38.224867,1.000000,38,50.014415,1.000000,3,50.394990,1.000000,3,18:15,7.671619,8.052194,-0.380575,18.117885,False,False,False
VA28_NB,PM,1110,42.811735,38.224867,1.000000,38,51.482780,1.000000,3,52.030950,1.000000,3,18:30,8.671045,9.219215,-0.548170,20.253897,False,False,False
VA28_NB,PM,1125,43.327597,38.224867,1.000000,38,53.007070,1.000000,3,53.552457,1.000000,3,18:45,9.679473,10.224860,-0.545386,22.340204,False,False,False
VA28_SB,PM,900,42.298611,40.101152,1.000000,32,52.715446,1.000000,3,53.054569,1.000000,3,15:00,10.416835,10.755958,-0.339123,24.626897,False,False,False
VA28_SB,PM,915,41.382285,40.101152,0.982624,31,51.418552,1.000000,3,52.140875,1.000000,3,15:15,10.036267,10.758590,-0.722323,24.252569,False,False,False
VA28_SB,PM,930,41.861366,40.101152,0.982624,31,50.290802,1.000000,3,50.706768,1.000000,3,15:30,8.429436,8.845402,-0.415966,20.136554,False,False,False
VA28_SB,PM,945,42.107550,40.101152,1.000000,32,48.813676,1.000000,3,48.846448,1.000000,3,15:45,6.706126,6.738898,-0.032772,15.926184,False,False,False
VA28_SB,PM,960,41.863539,40.101152,0.992793,31,47.300581,1.000000,3,47.130063,1.000000,3,16:00,5.437042,5.266524,0.170518,12.987536,False,False,False
VA28_SB,PM,975,39.942037,40.101152,0.992793,31,46.268676,1.000000,3,46.019926,1.000000,3,16:15,6.326639,6.077889,0.248750,15.839549,True,False,False
VA28_SB,PM,990,38.878675,40.101152,1.000000,32,44.898606,1.000000,3,44.820295,1.000000,3,16:30,6.019931,5.941620,0.078311,15.483890,True,False,False
VA28_SB,PM,1005,38.477129,40.101152,1.000000,32,44.204713,1.000000,3,44.333073,1.000000,3,16:45,5.727583,5.855944,-0.128361,14.885682,True,False,False
VA28_SB,PM,1020,40.108196,40.101152,0.940706,31,44.462981,1.000000,3,44.546605,1.000000,3,17:00,4.354785,4.438409,-0.083625,10.857593,False,False,False
VA28_SB,PM,1035,39.764520,40.101152,0.940706,31,45.696135,1.000000,3,45.628550,1.000000,3,17:15,5.931615,5.864030,0.067585,14.916853,True,False,False
VA28_SB,PM,1050,38.912058,40.101152,1.000000,32,47.427943,1.000000,3,47.241971,1.000000,3,17:30,8.515885,8.329913,0.185972,21.884952,True,False,False
VA28_SB,PM,1065,41.589230,40.101152,1.000000,32,48.430959,1.000000,3,48.313738,1.000000,3,17:45,6.841728,6.724507,0.117221,16.450721,False,False,False
VA28_SB,PM,1080,44.919612,40.101152,0.980296,31,49.434499,1.000000,3,49.635964,1.000000,3,18:00,4.514887,4.716351,-0.201464,10.051037,False,False,False
VA28_SB,PM,1095,46.769906,40.101152,0.980296,31,50.731349,1.000000,3,51.336484,1.000000,3,18:15,3.961443,4.566578,-0.605135,8.470068,False,False,False
VA28_SB,PM,1110,48.242039,40.101152,1.000000,32,51.967060,1.000000,3,52.750204,1.000000,3,18:30,3.725021,4.508165,-0.783144,7.721525,False,False,False
VA28_SB,PM,1125,49.379540,40.101152,1.000000,32,53.267857,1.000000,3,53.820885,1.000000,3,18:45,3.888317,4.441346,-0.553029,7.874348,False,False,False
VA294_EB,PM,900,39.418824,35.535366,1.000000,22,47.380264,1.000000,3,47.619028,1.000000,3,15:00,7.961439,8.200204,-0.238765,20.197049,False,False,False
VA294_EB,PM,915,38.818228,35.535366,1.000000,22,46.385217,1.000000,3,46.894817,1.000000,3,15:15,7.566989,8.076589,-0.509599,19.493392,False,False,False
VA294_EB,PM,930,38.724058,35.535366,1.000000,22,45.380878,1.000000,3,45.608867,1.000000,3,15:30,6.656820,6.884809,-0.227989,17.190398,False,False,False
VA294_EB,PM,945,39.016553,35.535366,1.000000,22,44.366385,1.000000,3,44.150774,1.000000,3,15:45,5.349831,5.134220,0.215611,13.711697,False,False,False
VA294_EB,PM,960,38.965840,35.535366,1.000000,22,43.046988,1.000000,3,42.626680,1.000000,3,16:00,4.081149,3.660840,0.420309,10.473658,False,False,False
VA294_EB,PM,975,38.375702,35.535366,0.999294,21,41.135906,1.000000,3,40.691907,1.000000,3,16:15,2.760204,2.316205,0.443999,7.192583,False,False,False
VA294_EB,PM,990,37.941721,35.535366,0.999294,21,41.316920,1.000000,3,40.787758,1.000000,3,16:30,3.375199,2.846036,0.529163,8.895745,False,False,False
VA294_EB,PM,1005,37.741920,35.535366,1.000000,22,41.315285,1.000000,3,40.761088,1.000000,3,16:45,3.573366,3.019169,0.554197,9.467896,False,False,False
VA294_EB,PM,1020,37.609574,35.535366,0.965795,21,40.854802,1.000000,3,40.434023,1.000000,3,17:00,3.245229,2.824449,0.420780,8.628730,False,False,False
VA294_EB,PM,1035,37.614803,35.535366,0.965795,21,40.814157,1.000000,3,40.641998,1.000000,3,17:15,3.199353,3.027194,0.172159,8.505570,False,False,False
VA294_EB,PM,1050,37.183737,35.535366,1.000000,22,40.141336,1.000000,3,40.012657,1.000000,3,17:30,2.957600,2.828921,0.128679,7.954014,False,False,False
VA294_EB,PM,1065,37.914924,35.535366,1.000000,22,42.425862,1.000000,3,42.150632,1.000000,3,17:45,4.510939,4.235708,0.275231,11.897528,False,False,False
VA294_EB,PM,1080,38.498628,35.535366,1.000000,22,43.893532,1.000000,3,43.597502,1.000000,3,18:00,5.394904,5.098875,0.296030,14.013238,False,False,False
VA294_EB,PM,1095,39.499009,35.535366,1.000000,22,44.959641,1.000000,3,45.040719,1.000000,3,18:15,5.460631,5.541710,-0.081079,13.824730,False,False,False
VA294_EB,PM,1110,40.070445,35.535366,0.956740,21,46.005940,1.000000,3,46.473113,1.000000,3,18:30,5.935495,6.402668,-0.467173,14.812652,False,False,False
VA294_EB,PM,1125,40.693336,35.535366,0.956740,21,47.033804,1.000000,3,47.456000,1.000000,3,18:45,6.340468,6.762664,-0.422196,15.581096,False,False,False
VA294_WB,PM,900,39.480810,35.508392,1.000000,19,46.160454,1.000000,3,46.363736,1.000000,3,15:00,6.679644,6.882926,-0.203283,16.918710,False,False,False
VA294_WB,PM,915,38.980192,35.508392,0.988937,18,43.855392,1.000000,3,44.152989,1.000000,3,15:15,4.875200,5.172797,-0.297597,12.506864,False,False,False
VA294_WB,PM,930,38.791906,35.508392,0.988937,18,43.312248,1.000000,3,43.184378,1.000000,3,15:30,4.520342,4.392473,0.127870,11.652797,False,False,False
VA294_WB,PM,945,39.203471,35.508392,1.000000,19,42.607270,1.000000,3,42.022450,1.000000,3,15:45,3.403799,2.818979,0.584820,8.682393,False,False,False
VA294_WB,PM,960,39.417730,35.508392,1.000000,19,41.052306,1.000000,3,40.567802,1.000000,3,16:00,1.634577,1.150072,0.484504,4.146805,False,False,False
VA294_WB,PM,975,39.249297,35.508392,1.000000,19,39.028404,1.000000,3,38.563121,1.000000,3,16:15,-0.220893,-0.686176,0.465283,0.562795,False,False,False
VA294_WB,PM,990,38.873096,35.508392,1.000000,19,40.183102,1.000000,3,39.667135,1.000000,3,16:30,1.310006,0.794039,0.515968,3.369956,False,False,False
VA294_WB,PM,1005,39.069442,35.508392,1.000000,19,40.842271,1.000000,3,40.447853,1.000000,3,16:45,1.772829,1.378411,0.394418,4.537637,False,False,False
VA294_WB,PM,1020,39.228202,35.508392,1.000000,19,40.414659,1.000000,3,39.999135,1.000000,3,17:00,1.186456,0.770933,0.415524,3.024499,False,False,False
VA294_WB,PM,1035,38.762822,35.508392,1.000000,19,40.770607,1.000000,3,40.493936,1.000000,3,17:15,2.007786,1.731114,0.276672,5.179668,False,False,False
VA294_WB,PM,1050,38.983855,35.508392,1.000000,19,42.112670,1.000000,3,41.940421,1.000000,3,17:30,3.128815,2.956566,0.172249,8.025925,False,False,False
VA294_WB,PM,1065,39.484295,35.508392,1.000000,19,43.594188,1.000000,3,43.503439,1.000000,3,17:45,4.109894,4.019144,0.090749,10.408932,False,False,False
VA294_WB,PM,1080,40.296200,35.508392,1.000000,19,44.572810,1.000000,3,44.669254,1.000000,3,18:00,4.276610,4.373054,-0.096445,10.612935,False,False,False
VA294_WB,PM,1095,41.139815,35.508392,0.959185,18,45.443752,1.000000,3,45.861169,1.000000,3,18:15,4.303937,4.721354,-0.417417,10.461731,False,False,False
VA294_WB,PM,1110,41.725893,35.508392,0.959185,18,46.301104,1.000000,3,46.887960,1.000000,3,18:30,4.575211,5.162067,-0.586856,10.964920,False,False,False
VA294_WB,PM,1125,40.914854,35.508392,1.000000,19,47.146322,1.000000,3,47.541477,1.000000,3,18:45,6.231469,6.626624,-0.395155,15.230333,False,False,False
VA606_EB,PM,900,33.333374,34.230883,1.000000,19,42.666843,1.000000,3,42.865565,1.000000,3,15:00,9.333469,9.532191,-0.198722,28.000373,True,False,False
VA606_EB,PM,915,33.451954,34.230883,1.000000,19,41.890818,1.000000,3,42.387345,1.000000,3,15:15,8.438864,8.935391,-0.496527,25.226820,True,False,False
VA606_EB,PM,930,33.500714,34.230883,1.000000,19,41.108039,1.000000,3,41.493188,1.000000,3,15:30,7.607325,7.992474,-0.385149,22.707949,True,False,False
VA606_EB,PM,945,33.367239,34.230883,1.000000,19,40.317911,1.000000,3,40.379548,1.000000,3,15:45,6.950672,7.012309,-0.061637,20.830826,True,False,False
VA606_EB,PM,960,32.874508,34.230883,0.914240,17,39.520347,1.000000,3,39.252579,1.000000,3,16:00,6.645840,6.378072,0.267768,20.215785,True,False,False
VA606_EB,PM,975,32.742511,34.230883,0.914240,17,38.606568,1.000000,3,38.174626,1.000000,3,16:15,5.864057,5.432114,0.431943,17.909612,True,False,False
VA606_EB,PM,990,33.186161,34.230883,1.000000,19,37.678432,1.000000,3,37.289169,1.000000,3,16:30,4.492271,4.103008,0.389263,13.536580,True,False,False
VA606_EB,PM,1005,32.886885,34.230883,1.000000,19,36.772743,1.000000,3,36.612898,1.000000,3,16:45,3.885859,3.726013,0.159845,11.815830,True,False,False
VA606_EB,PM,1020,32.013625,34.230883,1.000000,19,35.079781,1.000000,3,34.943508,1.000000,3,17:00,3.066156,2.929884,0.136273,9.577661,True,False,False
VA606_EB,PM,1035,31.365587,34.230883,1.000000,19,36.091709,1.000000,3,35.884006,1.000000,3,17:15,4.726122,4.518419,0.207703,15.067858,True,False,False
VA606_EB,PM,1050,34.841270,34.230883,0.884653,18,37.443324,1.000000,3,37.070498,1.000000,3,17:30,2.602053,2.229227,0.372826,7.468308,False,False,False
VA606_EB,PM,1065,35.616487,34.230883,0.884653,18,38.921885,1.000000,3,38.447980,1.000000,3,17:45,3.305398,2.831494,0.473905,9.280529,False,False,False
VA606_EB,PM,1080,33.105141,34.230883,1.000000,19,39.793096,1.000000,3,39.580188,1.000000,3,18:00,6.687956,6.475048,0.212908,20.202167,True,False,False
VA606_EB,PM,1095,34.198933,34.230883,1.000000,19,40.656323,1.000000,3,40.848989,1.000000,3,18:15,6.457390,6.650055,-0.192666,18.881845,True,False,False
VA606_EB,PM,1110,34.963329,34.230883,1.000000,19,41.512293,1.000000,3,41.985624,1.000000,3,18:30,6.548964,7.022295,-0.473332,18.730950,False,False,False
VA606_EB,PM,1125,35.354736,34.230883,1.000000,19,42.361364,1.000000,3,42.734233,1.000000,3,18:45,7.006628,7.379497,-0.372868,19.818076,False,False,False
VA606_NB,PM,900,37.628066,32.992663,1.000000,5,45.856333,1.000000,3,45.973617,1.000000,3,15:00,8.228267,8.345551,-0.117284,21.867367,False,False,False
VA606_NB,PM,915,37.414058,32.992663,1.000000,5,45.425333,1.000000,3,45.752401,1.000000,3,15:15,8.011275,8.338343,-0.327068,21.412473,False,False,False
VA606_NB,PM,930,37.153048,32.992663,1.000000,5,44.994333,1.000000,3,45.317198,1.000000,3,15:30,7.841285,8.164150,-0.322864,21.105363,False,False,False
VA606_NB,PM,945,37.480321,32.992663,1.000000,5,44.563333,1.000000,3,44.730607,1.000000,3,15:45,7.083012,7.250286,-0.167274,18.897950,False,False,False
VA606_NB,PM,960,37.492651,32.992663,1.000000,5,44.132333,1.000000,3,44.055230,1.000000,3,16:00,6.639682,6.562579,0.077104,17.709290,False,False,False
VA606_NB,PM,975,36.973192,32.992663,1.000000,5,43.701333,1.000000,3,43.353666,1.000000,3,16:15,6.728141,6.380474,0.347667,18.197349,False,False,False
VA606_NB,PM,990,36.702476,32.992663,1.000000,5,43.270333,1.000000,3,42.688517,1.000000,3,16:30,6.567858,5.986041,0.581816,17.894862,False,False,False
VA606_NB,PM,1005,36.264389,32.992663,1.000000,5,42.839333,1.000000,3,42.122383,1.000000,3,16:45,6.574945,5.857995,0.716950,18.130582,False,False,False
VA606_NB,PM,1020,36.236351,32.992663,1.000000,5,42.408333,1.000000,3,41.717865,1.000000,3,17:00,6.171982,5.481514,0.690469,17.032571,False,False,False
VA606_NB,PM,1035,35.970797,32.992663,1.000000,5,41.155000,1.000000,3,40.457130,1.000000,3,17:15,5.184203,4.486333,0.697870,14.412256,False,False,False
VA606_NB,PM,1050,36.060791,32.992663,1.000000,5,38.120667,1.000000,3,37.701268,1.000000,3,17:30,2.059876,1.640477,0.419399,5.712231,False,False,False
VA606_NB,PM,1065,35.712973,32.992663,1.000000,5,42.394333,1.000000,3,41.706414,1.000000,3,17:45,6.681361,5.993442,0.687919,18.708498,False,False,False
VA606_NB,PM,1080,36.276797,32.992663,1.000000,5,43.167333,1.000000,3,42.516710,1.000000,3,18:00,6.890536,6.239913,0.650624,18.994335,False,False,False
VA606_NB,PM,1095,36.548385,32.992663,1.000000,5,43.939667,1.000000,3,43.711778,1.000000,3,18:15,7.391282,7.163393,0.227889,20.223279,False,False,False
VA606_NB,PM,1110,36.655958,32.992663,1.000000,5,44.712333,1.000000,3,44.921363,1.000000,3,18:30,8.056375,8.265405,-0.209030,21.978352,False,False,False
VA606_NB,PM,1125,37.735263,32.992663,1.000000,5,45.484667,1.000000,3,45.775211,1.000000,3,18:45,7.749404,8.039949,-0.290545,20.536240,False,False,False
VA606_SB,PM,900,34.848334,32.042299,1.000000,5,45.714000,1.000000,3,45.941395,1.000000,3,15:00,10.865666,11.093061,-0.227395,31.179871,False,False,False
VA606_SB,PM,915,34.567378,32.042299,1.000000,5,44.855000,1.000000,3,45.454133,1.000000,3,15:15,10.287622,10.886755,-0.599133,29.761071,False,False,False
VA606_SB,PM,930,35.327038,32.042299,0.978862,4,43.997000,1.000000,3,44.509600,1.000000,3,15:30,8.669962,9.182563,-0.512600,24.542002,False,False,False
VA606_SB,PM,945,34.316412,32.042299,0.978862,4,43.138000,1.000000,3,43.262795,1.000000,3,15:45,8.821588,8.946383,-0.124795,25.706616,False,False,False
VA606_SB,PM,960,33.944172,32.042299,1.000000,5,42.279667,1.000000,3,41.868715,1.000000,3,16:00,8.335494,7.924542,0.410952,24.556481,False,False,False
VA606_SB,PM,975,33.934642,32.042299,1.000000,5,41.421000,1.000000,3,40.482358,1.000000,3,16:15,7.486358,6.547716,0.938642,22.061108,False,False,False
VA606_SB,PM,990,32.695223,32.042299,1.000000,5,40.562333,1.000000,3,39.258724,1.000000,3,16:30,7.867111,6.563501,1.303610,24.061957,False,False,False
VA606_SB,PM,1005,32.232584,32.042299,1.000000,5,39.704000,1.000000,3,38.352809,1.000000,3,16:45,7.471416,6.120225,1.351191,23.179700,False,False,False
VA606_SB,PM,1020,31.929290,32.042299,1.000000,5,38.845333,1.000000,3,37.868308,1.000000,3,17:00,6.916044,5.939018,0.977026,21.660499,True,False,False
VA606_SB,PM,1035,31.410229,32.042299,1.000000,5,35.307333,1.000000,3,34.498928,1.000000,3,17:15,3.897104,3.088699,0.808405,12.407117,True,False,False
VA606_SB,PM,1050,31.552391,32.042299,1.000000,5,35.357667,1.000000,3,34.548209,1.000000,3,17:30,3.805276,2.995818,0.809458,12.060182,True,False,False
VA606_SB,PM,1065,31.626413,32.042299,1.000000,5,39.003000,1.000000,3,37.884753,1.000000,3,17:45,7.376587,6.258339,1.118247,23.324132,True,False,False
VA606_SB,PM,1080,33.320970,32.042299,1.000000,5,40.493000,1.000000,3,39.111097,1.000000,3,18:00,7.172030,5.790127,1.381903,21.524073,False,False,False
VA606_SB,PM,1095,33.418062,32.042299,1.000000,5,41.995000,1.000000,3,41.320851,1.000000,3,18:15,8.576938,7.902789,0.674149,25.665575,False,False,False
VA606_SB,PM,1110,33.981091,32.042299,1.000000,5,43.496667,1.000000,3,43.745786,1.000000,3,18:30,9.515575,9.764695,-0.249119,28.002560,False,False,False
VA606_SB,PM,1125,34.399717,32.042299,1.000000,5,44.998667,1.000000,3,45.523346,1.000000,3,18:45,10.598950,11.123629,-0.524679,30.811154,False,False,False
VA606_WB,PM,900,33.682697,34.210496,1.000000,19,42.625138,1.000000,3,42.851507,1.000000,3,15:00,8.942441,9.168810,-0.226369,26.549064,True,False,False
VA606_WB,PM,915,33.748851,34.210496,1.000000,19,41.720506,1.000000,3,42.276564,1.000000,3,15:15,7.971655,8.527713,-0.556058,23.620521,True,False,False
VA606_WB,PM,930,33.527234,34.210496,1.000000,19,40.811772,1.000000,3,41.292170,1.000000,3,15:30,7.284538,7.764936,-0.480398,21.727226,True,False,False
VA606_WB,PM,945,32.959167,34.210496,1.000000,19,39.902279,1.000000,3,40.131749,1.000000,3,15:45,6.943112,7.172582,-0.229471,21.065798,True,False,False
VA606_WB,PM,960,32.733154,34.210496,0.999306,18,38.899485,1.000000,3,38.778701,1.000000,3,16:00,6.166331,6.045547,0.120784,18.838182,True,False,False
VA606_WB,PM,975,31.922958,34.210496,0.999306,18,38.259521,1.000000,3,37.790213,1.000000,3,16:15,6.336563,5.867256,0.469307,19.849549,True,False,False
VA606_WB,PM,990,31.566345,34.210496,1.000000,19,37.495941,1.000000,3,36.862217,1.000000,3,16:30,5.929596,5.295872,0.633724,18.784552,True,False,False
VA606_WB,PM,1005,31.313623,34.210496,1.000000,19,36.991022,1.000000,3,36.381989,1.000000,3,16:45,5.677399,5.068365,0.609033,18.130762,True,False,False
VA606_WB,PM,1020,30.340563,34.210496,1.000000,19,36.122720,1.000000,3,35.810210,1.000000,3,17:00,5.782157,5.469647,0.312510,19.057515,True,False,False
VA606_WB,PM,1035,,34.210496,0.600100,18,33.296385,1.000000,3,33.127769,1.000000,3,17:15,,,0.168616,,,True,True
VA606_WB,PM,1050,,34.210496,0.600100,18,34.014897,1.000000,3,33.828520,1.000000,3,17:30,,,0.186377,,,True,True
VA606_WB,PM,1065,29.429027,34.210496,1.000000,19,36.898742,1.000000,3,36.358995,1.000000,3,17:45,7.469715,6.929968,0.539747,25.382133,True,False,False
VA606_WB,PM,1080,30.907665,34.210496,1.000000,19,38.290205,1.000000,3,37.623583,1.000000,3,18:00,7.382540,6.715917,0.666622,23.885788,True,False,False
VA606_WB,PM,1095,31.894030,34.210496,1.000000,19,39.566584,1.000000,3,39.405867,1.000000,3,18:15,7.672554,7.511838,0.160716,24.056395,True,False,False
VA606_WB,PM,1110,33.424323,34.210496,1.000000,19,40.833004,1.000000,3,41.260415,1.000000,3,18:30,7.408681,7.836092,-0.427410,22.165539,True,False,False
VA606_WB,PM,1125,34.565633,34.210496,1.000000,19,42.090350,1.000000,3,42.577044,1.000000,3,18:45,7.524717,8.011411,-0.486694,21.769361,False,False,False
VA611_NB,PM,900,32.266368,31.863863,1.000000,20,41.583759,1.000000,3,41.866151,1.000000,3,15:00,9.317391,9.599783,-0.282392,28.876479,False,False,False
VA611_NB,PM,915,32.079492,31.863863,1.000000,20,40.098255,1.000000,3,40.594440,1.000000,3,15:15,8.018763,8.514948,-0.496185,24.996538,False,False,False
VA611_NB,PM,930,31.647713,31.863863,1.000000,20,39.809291,1.000000,3,40.162831,1.000000,3,15:30,8.161578,8.515119,-0.353541,25.788841,True,False,False
VA611_NB,PM,945,31.934484,31.863863,1.000000,20,40.201513,1.000000,3,40.191251,1.000000,3,15:45,8.267029,8.256767,0.010262,25.887467,False,False,False
VA611_NB,PM,960,32.338775,31.863863,1.000000,20,40.164349,1.000000,3,39.699882,1.000000,3,16:00,7.825574,7.361106,0.464467,24.198732,False,False,False
VA611_NB,PM,975,32.153748,31.863863,0.995128,19,39.901121,1.000000,3,39.126229,1.000000,3,16:15,7.747373,6.972481,0.774891,24.094773,False,False,False
VA611_NB,PM,990,31.768199,31.863863,0.995128,19,38.904411,1.000000,3,38.057893,1.000000,3,16:30,7.136212,6.289693,0.846519,22.463383,True,False,False
VA611_NB,PM,1005,31.744834,31.863863,1.000000,20,39.274980,1.000000,3,38.503949,1.000000,3,16:45,7.530146,6.759116,0.771030,23.720854,True,False,False
VA611_NB,PM,1020,31.732893,31.863863,1.000000,20,38.030464,1.000000,3,37.402623,1.000000,3,17:00,6.297571,5.669730,0.627841,19.845561,True,False,False
VA611_NB,PM,1035,31.858196,31.863863,1.000000,20,38.143729,1.000000,3,37.507568,1.000000,3,17:15,6.285533,5.649372,0.636161,19.729720,True,False,False
VA611_NB,PM,1050,32.049950,31.863863,1.000000,20,39.292549,1.000000,3,38.664013,1.000000,3,17:30,7.242599,6.614063,0.628536,22.597848,False,False,False
VA611_NB,PM,1065,32.480464,31.863863,1.000000,20,40.469649,1.000000,3,39.824718,1.000000,3,17:45,7.989185,7.344254,0.644932,24.596895,False,False,False
VA611_NB,PM,1080,33.821887,31.863863,0.941921,19,41.181049,1.000000,3,40.785314,1.000000,3,18:00,7.359163,6.963428,0.395735,21.758582,False,False,False
VA611_NB,PM,1095,34.283965,31.863863,0.941921,19,41.877164,1.000000,3,41.887309,1.000000,3,18:15,7.593199,7.603343,-0.010145,22.147960,False,False,False
VA611_NB,PM,1110,34.198599,31.863863,1.000000,20,42.559078,1.000000,3,42.868006,1.000000,3,18:30,8.360479,8.669407,-0.308928,24.446846,False,False,False
VA611_NB,PM,1125,34.510576,31.863863,1.000000,20,43.227720,1.000000,3,43.505974,1.000000,3,18:45,8.717144,8.995399,-0.278254,25.259342,False,False,False
VA611_SB,PM,900,31.673308,31.578502,0.885840,14,41.730242,1.000000,3,42.057378,1.000000,3,15:00,10.056934,10.384070,-0.327137,31.752079,False,False,False
VA611_SB,PM,915,31.428748,31.578502,0.885840,14,40.371446,1.000000,3,40.817927,1.000000,3,15:15,8.942697,9.389179,-0.446481,28.453877,True,False,False
VA611_SB,PM,930,29.973974,31.578502,0.810651,14,40.264810,1.000000,3,40.606906,1.000000,3,15:30,10.290836,10.632932,-0.342096,34.332571,True,False,False
VA611_SB,PM,945,,31.578502,0.721659,13,39.880905,1.000000,3,39.912789,1.000000,3,15:45,,,-0.031884,,,False,False
VA611_SB,PM,960,30.831882,31.578502,0.911007,14,39.287688,1.000000,3,39.012525,1.000000,3,16:00,8.455805,8.180643,0.275162,27.425523,True,False,False
VA611_SB,PM,975,30.214879,31.578502,1.000000,15,38.679932,1.000000,3,38.304345,1.000000,3,16:15,8.465053,8.089466,0.375587,28.016174,True,False,False
VA611_SB,PM,990,29.707354,31.578502,1.000000,15,37.514595,1.000000,3,37.198080,1.000000,3,16:30,7.807241,7.490726,0.316515,26.280498,True,False,False
VA611_SB,PM,1005,29.474694,31.578502,1.000000,15,36.419300,1.000000,3,36.300849,1.000000,3,16:45,6.944606,6.826155,0.118451,23.561248,True,False,False
VA611_SB,PM,1020,29.602303,31.578502,1.000000,15,37.226785,1.000000,3,37.124021,1.000000,3,17:00,7.624481,7.521717,0.102764,25.756379,True,False,False
VA611_SB,PM,1035,29.641956,31.578502,0.992531,14,37.008641,1.000000,3,36.816439,1.000000,3,17:15,7.366686,7.174483,0.192202,24.852225,True,False,False
VA611_SB,PM,1050,29.526769,31.578502,0.992531,14,37.693368,1.000000,3,37.454339,1.000000,3,17:30,8.166599,7.927570,0.239029,27.658290,True,False,False
VA611_SB,PM,1065,29.768421,31.578502,1.000000,15,39.180817,1.000000,3,38.953267,1.000000,3,17:45,9.412397,9.184847,0.227550,31.618730,True,False,False
VA611_SB,PM,1080,29.857578,31.578502,0.887867,14,40.136199,1.000000,3,39.980592,1.000000,3,18:00,10.278621,10.123013,0.155608,34.425502,True,False,False
VA611_SB,PM,1095,30.337770,31.578502,0.887867,14,41.003578,1.000000,3,41.167207,1.000000,3,18:15,10.665808,10.829437,-0.163629,35.156863,True,False,False
VA611_SB,PM,1110,31.448685,31.578502,1.000000,15,41.848815,1.000000,3,42.283572,1.000000,3,18:30,10.400129,10.834887,-0.434757,33.070157,True,False,False
VA611_SB,PM,1125,31.801586,31.578502,1.000000,15,42.674217,1.000000,3,43.025920,1.000000,3,18:45,10.872630,11.224333,-0.351703,34.188956,False,False,False
VA619_EB,PM,900,36.548619,31.812770,1.000000,6,48.305072,1.000000,3,48.566627,1.000000,3,15:00,11.756452,12.018008,-0.261556,32.166612,False,False,False
VA619_EB,PM,915,35.970885,31.812770,1.000000,6,47.089904,1.000000,3,47.542798,1.000000,3,15:15,11.119019,11.571913,-0.452894,30.911164,False,False,False
VA619_EB,PM,930,36.245527,31.812770,1.000000,6,45.850438,1.000000,3,46.038791,1.000000,3,15:30,9.604911,9.793264,-0.188353,26.499576,False,False,False
VA619_EB,PM,945,36.212727,31.812770,1.000000,6,43.699425,1.000000,3,43.630115,1.000000,3,15:45,7.486698,7.417388,0.069310,20.674217,False,False,False
VA619_EB,PM,960,36.145001,31.812770,1.000000,6,44.304923,1.000000,3,43.863765,1.000000,3,16:00,8.159922,7.718763,0.441158,22.575519,False,False,False
VA619_EB,PM,975,35.699711,31.812770,1.000000,6,43.641717,1.000000,3,43.001399,1.000000,3,16:15,7.942006,7.301689,0.640317,22.246696,False,False,False
VA619_EB,PM,990,35.529636,31.812770,1.000000,6,41.307457,1.000000,3,41.100666,1.000000,3,16:30,5.777821,5.571030,0.206791,16.261977,False,False,False
VA619_EB,PM,1005,35.601087,31.812770,1.000000,6,42.840760,1.000000,3,42.219458,1.000000,3,16:45,7.239673,6.618371,0.621302,20.335540,False,False,False
VA619_EB,PM,1020,35.747776,31.812770,1.000000,6,44.120706,1.000000,3,43.489857,1.000000,3,17:00,8.372931,7.742081,0.630849,23.422242,False,False,False
VA619_EB,PM,1035,35.840156,31.812770,1.000000,6,44.596213,1.000000,3,43.874147,1.000000,3,17:15,8.756057,8.033991,0.722066,24.430857,False,False,False
VA619_EB,PM,1050,35.987713,31.812770,1.000000,6,45.063645,1.000000,3,44.491478,1.000000,3,17:30,9.075931,8.503765,0.572166,25.219528,False,False,False
VA619_EB,PM,1065,35.989172,31.812770,1.000000,6,45.522785,1.000000,3,45.241255,1.000000,3,17:45,9.533613,9.252083,0.281530,26.490227,False,False,False
VA619_EB,PM,1080,36.562747,31.812770,1.000000,6,45.973328,1.000000,3,46.030833,1.000000,3,18:00,9.410580,9.468085,-0.057505,25.738165,False,False,False
VA619_EB,PM,1095,36.945079,31.812770,1.000000,6,45.276915,1.000000,3,45.583507,1.000000,3,18:15,8.331836,8.638428,-0.306592,22.551950,False,False,False
VA619_EB,PM,1110,36.954052,31.812770,1.000000,6,47.244501,1.000000,3,47.591706,1.000000,3,18:30,10.290449,10.637654,-0.347205,27.846606,False,False,False
VA619_EB,PM,1125,37.132618,31.812770,1.000000,6,48.122656,1.000000,3,48.443051,1.000000,3,18:45,10.990038,11.310433,-0.320394,29.596724,False,False,False
VA619_NB,PM,900,38.192050,31.789254,0.874412,12,42.243188,1.000000,3,42.401952,1.000000,3,15:00,4.051138,4.209902,-0.158764,10.607280,False,False,False
VA619_NB,PM,915,37.842702,31.789254,0.874412,12,41.553012,1.000000,3,41.861422,1.000000,3,15:15,3.710310,4.018720,-0.308410,9.804558,False,False,False
VA619_NB,PM,930,37.396201,31.789254,0.999112,12,40.857570,1.000000,3,40.971481,1.000000,3,15:30,3.461369,3.575281,-0.113911,9.255938,False,False,False
VA619_NB,PM,945,37.047486,31.789254,0.999112,12,39.929516,1.000000,3,39.849203,1.000000,3,15:45,2.882030,2.801717,0.080313,7.779287,False,False,False
VA619_NB,PM,960,37.375645,31.789254,1.000000,13,39.230879,1.000000,3,39.035716,1.000000,3,16:00,1.855234,1.660072,0.195163,4.963752,False,False,False
VA619_NB,PM,975,37.306033,31.789254,1.000000,13,38.851330,1.000000,3,38.810057,1.000000,3,16:15,1.545297,1.504024,0.041273,4.142218,False,False,False
VA619_NB,PM,990,37.606500,31.789254,1.000000,13,36.526269,1.000000,3,36.590849,1.000000,3,16:30,-1.080231,-1.015651,-0.064580,2.872457,False,False,False
VA619_NB,PM,1005,37.784661,31.789254,1.000000,13,38.020986,1.000000,3,37.930309,1.000000,3,16:45,0.236326,0.145648,0.090677,0.625454,False,False,False
VA619_NB,PM,1020,37.733351,31.789254,1.000000,13,39.345052,1.000000,3,39.144011,1.000000,3,17:00,1.611700,1.410660,0.201041,4.271288,False,False,False
VA619_NB,PM,1035,37.702413,31.789254,1.000000,13,39.713394,1.000000,3,39.486328,1.000000,3,17:15,2.010981,1.783914,0.227067,5.333826,False,False,False
VA619_NB,PM,1050,37.759864,31.789254,1.000000,13,40.083163,1.000000,3,39.950561,1.000000,3,17:30,2.323299,2.190697,0.132602,6.152826,False,False,False
VA619_NB,PM,1065,37.965232,31.789254,1.000000,13,40.461460,1.000000,3,40.483915,1.000000,3,17:45,2.496228,2.518683,-0.022455,6.575036,False,False,False
VA619_NB,PM,1080,38.534000,31.789254,1.000000,13,40.943560,1.000000,3,41.128400,1.000000,3,18:00,2.409560,2.594400,-0.184840,6.253074,False,False,False
VA619_NB,PM,1095,38.733472,31.789254,1.000000,13,41.363051,1.000000,3,41.676847,1.000000,3,18:15,2.629579,2.943375,-0.313796,6.788905,False,False,False
VA619_NB,PM,1110,38.872385,31.789254,1.000000,13,41.780587,1.000000,3,42.125435,1.000000,3,18:30,2.908202,3.253050,-0.344848,7.481408,False,False,False
VA619_NB,PM,1125,38.912977,31.789254,1.000000,13,42.196107,1.000000,3,42.403923,1.000000,3,18:45,3.283130,3.490945,-0.207815,8.437108,False,False,False
VA619_SB,PM,900,37.907839,31.765184,1.000000,14,42.258112,1.000000,3,42.409627,1.000000,3,15:00,4.350272,4.501788,-0.151515,11.475917,False,False,False
VA619_SB,PM,915,37.631309,31.765184,1.000000,14,41.526626,1.000000,3,41.749234,1.000000,3,15:15,3.895316,4.117924,-0.222608,10.351264,False,False,False
VA619_SB,PM,930,36.958634,31.765184,1.000000,14,40.754263,1.000000,3,40.752182,1.000000,3,15:30,3.795629,3.793548,0.002082,10.269939,False,False,False
VA619_SB,PM,945,36.514310,31.765184,1.000000,14,39.639982,1.000000,3,39.470722,1.000000,3,15:45,3.125672,2.956412,0.169260,8.560128,False,False,False
VA619_SB,PM,960,36.616047,31.765184,1.000000,14,39.628185,1.000000,3,39.204783,1.000000,3,16:00,3.012138,2.588737,0.423402,8.226279,False,False,False
VA619_SB,PM,975,36.423195,31.765184,1.000000,14,39.149166,1.000000,3,38.673087,1.000000,3,16:15,2.725972,2.249892,0.476079,7.484164,False,False,False
VA619_SB,PM,990,36.200896,31.765184,1.000000,14,37.173828,1.000000,3,36.765577,1.000000,3,16:30,0.972932,0.564682,0.408250,2.687591,False,False,False
VA619_SB,PM,1005,36.213366,31.765184,1.000000,14,38.675509,1.000000,3,38.139273,1.000000,3,16:45,2.462143,1.925906,0.536237,6.798990,False,False,False
VA619_SB,PM,1020,36.241124,31.765184,1.000000,14,38.790447,1.000000,3,38.217191,1.000000,3,17:00,2.549322,1.976066,0.573256,7.034336,False,False,False
VA619_SB,PM,1035,36.140263,31.765184,1.000000,14,37.806613,1.000000,3,37.324932,1.000000,3,17:15,1.666350,1.184669,0.481681,4.610786,False,False,False
VA619_SB,PM,1050,36.379628,31.765184,1.000000,14,39.516678,1.000000,3,39.051472,1.000000,3,17:30,3.137050,2.671844,0.465206,8.623095,False,False,False
VA619_SB,PM,1065,36.886770,31.765184,1.000000,14,40.162347,1.000000,3,39.801609,1.000000,3,17:45,3.275577,2.914839,0.360737,8.880085,False,False,False
VA619_SB,PM,1080,37.829754,31.765184,1.000000,14,40.666264,1.000000,3,40.548076,1.000000,3,18:00,2.836510,2.718322,0.118188,7.498093,False,False,False
VA619_SB,PM,1095,38.090922,31.765184,1.000000,14,41.168388,1.000000,3,41.316296,1.000000,3,18:15,3.077466,3.225375,-0.147909,8.079264,False,False,False
VA619_SB,PM,1110,38.422150,31.765184,1.000000,14,41.668779,1.000000,3,41.973603,1.000000,3,18:30,3.246629,3.551453,-0.304824,8.449889,False,False,False
VA619_SB,PM,1125,38.606057,31.765184,0.999585,13,42.167499,1.000000,3,42.394222,1.000000,3,18:45,3.561442,3.788165,-0.226723,9.225086,False,False,False
VA619_WB,PM,900,36.711266,31.703551,1.000000,6,50.020636,1.000000,3,50.234339,1.000000,3,15:00,13.309370,13.523073,-0.213703,36.254185,False,False,False
VA619_WB,PM,915,35.862644,31.703551,1.000000,6,49.221971,1.000000,3,49.818128,1.000000,3,15:15,13.359327,13.955484,-0.596157,37.251374,False,False,False
VA619_WB,PM,930,35.680601,31.703551,1.000000,6,48.417273,1.000000,3,49.049115,1.000000,3,15:30,12.736672,13.368514,-0.631842,35.696351,False,False,False
VA619_WB,PM,945,35.792160,31.703551,1.000000,6,47.605683,1.000000,3,48.118675,1.000000,3,15:45,11.813522,12.326515,-0.512993,33.005894,False,False,False
VA619_WB,PM,960,35.964099,31.703551,1.000000,6,46.791564,1.000000,3,47.241828,1.000000,3,16:00,10.827464,11.277729,-0.450265,30.106313,False,False,False
VA619_WB,PM,975,35.773371,31.703551,1.000000,6,45.582993,1.000000,3,45.968135,1.000000,3,16:15,9.809622,10.194765,-0.385143,27.421576,False,False,False
VA619_WB,PM,990,35.113189,31.703551,1.000000,6,44.910948,1.000000,3,45.077909,1.000000,3,16:30,9.797759,9.964720,-0.166961,27.903358,False,False,False
VA619_WB,PM,1005,35.063464,31.703551,1.000000,6,45.324323,1.000000,3,45.299410,1.000000,3,16:45,10.260859,10.235946,0.024913,29.263679,False,False,False
VA619_WB,PM,1020,35.489207,31.703551,1.000000,6,44.970292,1.000000,3,44.875222,1.000000,3,17:00,9.481086,9.386016,0.095070,26.715407,False,False,False
VA619_WB,PM,1035,35.754497,31.703551,1.000000,6,44.608323,1.000000,3,44.644675,1.000000,3,17:15,8.853827,8.890179,-0.036352,24.762834,False,False,False
VA619_WB,PM,1050,35.509862,31.703551,1.000000,6,43.287060,1.000000,3,43.520345,1.000000,3,17:30,7.777198,8.010482,-0.233285,21.901515,False,False,False
VA619_WB,PM,1065,35.423005,31.703551,1.000000,6,42.887417,1.000000,3,43.129392,1.000000,3,17:45,7.464412,7.706387,-0.241975,21.072215,False,False,False
VA619_WB,PM,1080,35.658007,31.703551,1.000000,6,44.543721,1.000000,3,44.969578,1.000000,3,18:00,8.885714,9.311571,-0.425857,24.919268,False,False,False
VA619_WB,PM,1095,36.334939,31.703551,1.000000,6,43.225628,1.000000,3,43.622251,1.000000,3,18:15,6.890689,7.287312,-0.396623,18.964361,False,False,False
VA619_WB,PM,1110,36.101494,31.703551,1.000000,6,46.241707,1.000000,3,46.845051,1.000000,3,18:30,10.140213,10.743557,-0.603344,28.088070,False,False,False
VA619_WB,PM,1125,36.288991,31.703551,1.000000,6,48.597867,1.000000,3,49.201373,1.000000,3,18:45,12.308876,12.912383,-0.603506,33.919037,False,False,False
VA620_EB,PM,900,31.727268,31.694060,1.000000,28,44.053968,1.000000,3,43.958623,1.000000,3,15:00,12.326700,12.231355,0.095345,38.852068,False,False,False
VA620_EB,PM,915,31.072095,31.694060,0.927047,26,41.046123,1.000000,3,40.951743,1.000000,3,15:15,9.974028,9.879648,0.094380,32.099633,True,False,False
VA620_EB,PM,930,29.951134,31.694060,0.927047,26,40.566115,1.000000,3,40.312946,1.000000,3,15:30,10.614981,10.361812,0.253169,35.440999,True,False,False
VA620_EB,PM,945,29.981314,31.694060,1.000000,28,40.663526,1.000000,3,40.018386,1.000000,3,15:45,10.682212,10.037071,0.645141,35.629566,True,False,False
VA620_EB,PM,960,30.299390,31.694060,1.000000,28,40.307066,1.000000,3,39.494803,1.000000,3,16:00,10.007675,9.195413,0.812263,33.029297,True,False,False
VA620_EB,PM,975,30.364665,31.694060,1.000000,28,39.126712,1.000000,3,38.354040,1.000000,3,16:15,8.762047,7.989375,0.772671,28.856062,True,False,False
VA620_EB,PM,990,30.053900,31.694060,1.000000,28,38.553965,1.000000,3,37.834831,1.000000,3,16:30,8.500065,7.780931,0.719134,28.282737,True,False,False
VA620_EB,PM,1005,29.928206,31.694060,1.000000,28,39.802494,1.000000,3,39.092162,1.000000,3,16:45,9.874288,9.163956,0.710333,32.993251,True,False,False
VA620_EB,PM,1020,29.815231,31.694060,0.989276,27,40.308862,1.000000,3,39.587256,1.000000,3,17:00,10.493631,9.772025,0.721606,35.195538,True,False,False
VA620_EB,PM,1035,29.479903,31.694060,0.968961,26,40.358039,1.000000,3,39.719024,1.000000,3,17:15,10.878136,10.239121,0.639015,36.900177,True,False,False
VA620_EB,PM,1050,29.470879,31.694060,0.979685,27,41.347495,1.000000,3,40.886328,1.000000,3,17:30,11.876616,11.415449,0.461167,40.299495,True,False,False
VA620_EB,PM,1065,29.910153,31.694060,1.000000,28,41.917671,1.000000,3,41.674706,1.000000,3,17:45,12.007518,11.764552,0.242966,40.145290,True,False,False
VA620_EB,PM,1080,30.798652,31.694060,1.000000,28,42.595623,1.000000,3,42.623170,1.000000,3,18:00,11.796971,11.824518,-0.027547,38.303532,True,False,False
VA620_EB,PM,1095,31.337127,31.694060,0.999620,27,43.450036,1.000000,3,43.745848,1.000000,3,18:15,12.112909,12.408721,-0.295812,38.653541,True,False,False
VA620_EB,PM,1110,31.428658,31.694060,0.923356,25,44.160677,1.000000,3,44.615826,1.000000,3,18:30,12.732019,13.187168,-0.455149,40.510857,True,False,False
VA620_EB,PM,1125,31.728925,31.694060,0.923736,26,44.863892,1.000000,3,45.185460,1.000000,3,18:45,13.134967,13.456535,-0.321568,41.397455,False,False,False
VA620_WB,PM,900,31.853446,31.785583,0.965958,25,44.800871,1.000000,3,45.103528,1.000000,3,15:00,12.947425,13.250082,-0.302657,40.646856,False,False,False
VA620_WB,PM,915,31.067633,31.785583,0.965958,25,43.195358,1.000000,3,43.686779,1.000000,3,15:15,12.127726,12.619146,-0.491421,39.036530,True,False,False
VA620_WB,PM,930,30.140668,31.785583,1.000000,26,41.441278,1.000000,3,41.712230,1.000000,3,15:30,11.300610,11.571562,-0.270951,37.492899,True,False,False
VA620_WB,PM,945,29.783720,31.785583,1.000000,26,39.749246,1.000000,3,39.786492,1.000000,3,15:45,9.965525,10.002772,-0.037247,33.459638,True,False,False
VA620_WB,PM,960,29.953446,31.785583,1.000000,26,39.043828,1.000000,3,38.779715,1.000000,3,16:00,9.090381,8.826268,0.264113,30.348365,True,False,False
VA620_WB,PM,975,29.704028,31.785583,1.000000,26,38.766573,1.000000,3,38.304124,1.000000,3,16:15,9.062544,8.600096,0.462448,30.509479,True,False,False
VA620_WB,PM,990,29.407345,31.785583,1.000000,26,38.000536,1.000000,3,37.650024,1.000000,3,16:30,8.593191,8.242679,0.350512,29.221240,True,False,False
VA620_WB,PM,1005,29.148425,31.785583,1.000000,26,36.241852,1.000000,3,36.423798,1.000000,3,16:45,7.093427,7.275373,-0.181946,24.335541,True,False,False
VA620_WB,PM,1020,29.308020,31.785583,1.000000,26,34.758410,1.000000,3,35.186579,1.000000,3,17:00,5.450390,5.878558,-0.428168,18.596924,True,False,False
VA620_WB,PM,1035,29.235564,31.785583,0.907414,25,35.701404,1.000000,3,36.160051,1.000000,3,17:15,6.465840,6.924487,-0.458647,22.116350,True,False,False
VA620_WB,PM,1050,,31.785583,0.784274,22,37.669006,1.000000,3,37.858639,1.000000,3,17:30,,,-0.189634,,,False,False
VA620_WB,PM,1065,29.357698,31.785583,0.876860,23,39.328313,1.000000,3,39.186296,1.000000,3,17:45,9.970615,9.828598,0.142017,33.962524,True,False,False
VA620_WB,PM,1080,31.191609,31.785583,1.000000,26,40.536539,1.000000,3,40.469009,1.000000,3,18:00,9.344930,9.277400,0.067531,29.959757,True,False,False
VA620_WB,PM,1095,31.698081,31.785583,1.000000,26,41.936961,1.000000,3,42.275647,1.000000,3,18:15,10.238880,10.577567,-0.338686,32.301263,True,False,False
VA620_WB,PM,1110,32.116365,31.785583,1.000000,26,43.220152,1.000000,3,43.880102,1.000000,3,18:30,11.103787,11.763737,-0.659950,34.573610,False,False,False
VA620_WB,PM,1125,32.296322,31.785583,1.000000,26,44.492157,1.000000,3,45.026505,1.000000,3,18:45,12.195835,12.730183,-0.534348,37.762303,False,False,False
VA640_EB,PM,900,32.223700,31.631717,1.000000,22,43.582868,1.000000,3,43.754612,1.000000,3,15:00,11.359167,11.530912,-0.171744,35.250972,False,False,False
VA640_EB,PM,915,31.849757,31.631717,1.000000,22,42.466621,1.000000,3,42.533091,1.000000,3,15:15,10.616864,10.683334,-0.066469,33.334208,False,False,False
VA640_EB,PM,930,31.609759,31.631717,1.000000,22,40.808964,1.000000,3,40.676163,1.000000,3,15:30,9.199205,9.066404,0.132801,29.102420,True,False,False
VA640_EB,PM,945,31.915868,31.631717,0.916915,21,40.648360,1.000000,3,40.331261,1.000000,3,15:45,8.732492,8.415393,0.317099,27.360973,False,False,False
VA640_EB,PM,960,31.805597,31.631717,0.916915,21,39.977951,1.000000,3,39.547284,1.000000,3,16:00,8.172354,7.741686,0.430667,25.694702,False,False,False
VA640_EB,PM,975,31.291113,31.631717,1.000000,22,38.975748,1.000000,3,38.523430,1.000000,3,16:15,7.684634,7.232317,0.452317,24.558520,True,False,False
VA640_EB,PM,990,30.824864,31.631717,1.000000,22,39.249298,1.000000,3,38.830246,1.000000,3,16:30,8.424434,8.005382,0.419052,27.329996,True,False,False
VA640_EB,PM,1005,30.794131,31.631717,1.000000,22,39.348749,1.000000,3,38.987104,1.000000,3,16:45,8.554619,8.192973,0.361645,27.780030,True,False,False
VA640_EB,PM,1020,29.567357,31.631717,0.828889,21,38.712542,1.000000,3,38.392877,1.000000,3,17:00,9.145186,8.825521,0.319665,30.930008,True,False,False
VA640_EB,PM,1035,29.454788,31.631717,0.828889,21,39.881697,1.000000,3,39.591397,1.000000,3,17:15,10.426909,10.136609,0.290300,35.399708,True,False,False
VA640_EB,PM,1050,30.925229,31.631717,1.000000,22,40.517744,1.000000,3,40.255109,1.000000,3,17:30,9.592515,9.329880,0.262634,31.018411,True,False,False
VA640_EB,PM,1065,31.239836,31.631717,1.000000,22,41.015763,1.000000,3,40.908023,1.000000,3,17:45,9.775928,9.668187,0.107741,31.293147,True,False,False
VA640_EB,PM,1080,31.874594,31.631717,1.000000,22,41.770911,1.000000,3,41.851245,1.000000,3,18:00,9.896317,9.976651,-0.080334,31.047663,False,False,False
VA640_EB,PM,1095,31.899252,31.631717,1.000000,22,42.340933,1.000000,3,42.639274,1.000000,3,18:15,10.441680,10.740022,-0.298342,32.733306,False,False,False
VA640_EB,PM,1110,32.261673,31.631717,1.000000,22,42.889785,1.000000,3,43.296631,1.000000,3,18:30,10.628112,11.034958,-0.406846,32.943463,False,False,False
VA640_EB,PM,1125,32.114246,31.631717,1.000000,22,43.422666,1.000000,3,43.693326,1.000000,3,18:45,11.308420,11.579080,-0.270660,35.213095,False,False,False
VA640_WB,PM,900,34.229921,31.751338,0.880657,17,42.957414,1.000000,3,43.150794,1.000000,3,15:00,8.727493,8.920873,-0.193380,25.496678,False,False,False
VA640_WB,PM,915,33.682742,31.751338,0.931920,17,42.176196,1.000000,3,42.547567,1.000000,3,15:15,8.493454,8.864825,-0.371372,25.216040,False,False,False
VA640_WB,PM,930,33.679060,31.751338,0.931920,17,41.185995,1.000000,3,41.426295,1.000000,3,15:30,7.506936,7.747236,-0.240300,22.289623,False,False,False
VA640_WB,PM,945,33.846297,31.751338,1.000000,18,40.310125,1.000000,3,40.272087,1.000000,3,15:45,6.463828,6.425790,0.038039,19.097594,False,False,False
VA640_WB,PM,960,33.776365,31.751338,1.000000,18,39.843812,1.000000,3,39.524917,1.000000,3,16:00,6.067447,5.748552,0.318895,17.963588,False,False,False
VA640_WB,PM,975,33.041389,31.751338,1.000000,18,39.349433,1.000000,3,38.920785,1.000000,3,16:15,6.308044,5.879396,0.428648,19.091341,False,False,False
VA640_WB,PM,990,33.040471,31.751338,1.000000,18,37.913546,1.000000,3,37.563115,1.000000,3,16:30,4.873075,4.522644,0.350432,14.748807,False,False,False
VA640_WB,PM,1005,32.742215,31.751338,1.000000,18,37.526037,1.000000,3,37.334413,1.000000,3,16:45,4.783822,4.592198,0.191624,14.610565,False,False,False
VA640_WB,PM,1020,32.107364,31.751338,1.000000,18,37.523450,1.000000,3,37.495302,1.000000,3,17:00,5.416086,5.387938,0.028148,16.868672,False,False,False
VA640_WB,PM,1035,31.808036,31.751338,1.000000,18,36.888407,1.000000,3,36.876765,1.000000,3,17:15,5.080371,5.068729,0.011642,15.971973,False,False,False
VA640_WB,PM,1050,31.903778,31.751338,1.000000,18,37.301115,1.000000,3,37.253106,1.000000,3,17:30,5.397337,5.349328,0.048010,16.917549,False,False,False
VA640_WB,PM,1065,32.252946,31.751338,1.000000,18,39.365563,1.000000,3,39.178478,1.000000,3,17:45,7.112617,6.925532,0.187085,22.052613,False,False,False
VA640_WB,PM,1080,32.948314,31.751338,1.000000,18,40.447794,1.000000,3,40.305712,1.000000,3,18:00,7.499480,7.357397,0.142082,22.761346,False,False,False
VA640_WB,PM,1095,33.806736,31.751338,1.000000,18,41.383190,1.000000,3,41.581128,1.000000,3,18:15,7.576453,7.774392,-0.197939,22.411076,False,False,False
VA640_WB,PM,1110,34.184516,31.751338,1.000000,18,42.300048,1.000000,3,42.786506,1.000000,3,18:30,8.115532,8.601990,-0.486458,23.740375,False,False,False
VA640_WB,PM,1125,34.150109,31.751338,1.000000,18,43.108279,1.000000,3,43.503199,1.000000,3,18:45,8.958170,9.353090,-0.394920,26.231745,False,False,False
VA643_EB,PM,900,30.326730,31.500000,1.000000,8,39.690182,1.000000,3,39.885036,1.000000,3,15:00,9.363452,9.558306,-0.194854,30.875246,True,False,False
VA643_EB,PM,915,30.362310,31.500000,1.000000,8,38.744701,1.000000,3,39.076255,1.000000,3,15:15,8.382391,8.713945,-0.331554,27.607882,True,False,False
VA643_EB,PM,930,30.074967,31.500000,1.000000,8,37.757132,1.000000,3,38.072449,1.000000,3,15:30,7.682165,7.997482,-0.315317,25.543385,True,False,False
VA643_EB,PM,945,29.779240,31.500000,1.000000,8,35.879155,1.000000,3,36.222948,1.000000,3,15:45,6.099915,6.443708,-0.343793,20.483784,True,False,False
VA643_EB,PM,960,30.246909,31.500000,1.000000,8,36.874712,1.000000,3,37.134876,1.000000,3,16:00,6.627804,6.887967,-0.260163,21.912334,True,False,False
VA643_EB,PM,975,30.827346,31.500000,1.000000,8,36.727337,1.000000,3,36.776830,1.000000,3,16:15,5.899991,5.949484,-0.049493,19.138823,True,False,False
VA643_EB,PM,990,30.725642,31.500000,1.000000,8,36.551035,1.000000,3,36.508701,1.000000,3,16:30,5.825393,5.783059,0.042334,18.959386,True,False,False
VA643_EB,PM,1005,29.900454,31.500000,1.000000,8,36.365199,1.000000,3,36.397697,1.000000,3,16:45,6.464745,6.497242,-0.032498,21.620892,True,False,False
VA643_EB,PM,1020,29.674673,31.500000,1.000000,8,35.754362,1.000000,3,35.963817,1.000000,3,17:00,6.079690,6.289145,-0.209455,20.487807,True,False,False
VA643_EB,PM,1035,29.794675,31.500000,1.000000,8,34.338760,1.000000,3,34.615794,1.000000,3,17:15,4.544085,4.821118,-0.277033,15.251332,True,False,False
VA643_EB,PM,1050,30.132394,31.500000,1.000000,8,36.495662,1.000000,3,36.641009,1.000000,3,17:30,6.363268,6.508615,-0.145347,21.117698,True,False,False
VA643_EB,PM,1065,30.262661,31.500000,1.000000,8,37.296505,1.000000,3,37.377366,1.000000,3,17:45,7.033844,7.114704,-0.080861,23.242647,True,False,False
VA643_EB,PM,1080,30.755527,31.500000,1.000000,8,37.886260,1.000000,3,38.072897,1.000000,3,18:00,7.130733,7.317370,-0.186637,23.185209,True,False,False
VA643_EB,PM,1095,30.789745,31.500000,1.000000,8,38.469983,1.000000,3,38.819034,1.000000,3,18:15,7.680238,8.029288,-0.349051,24.944141,True,False,False
VA643_EB,PM,1110,30.928042,31.500000,1.000000,8,39.048081,1.000000,3,39.471098,1.000000,3,18:30,8.120039,8.543056,-0.423017,26.254617,True,False,False
VA643_EB,PM,1125,31.116458,31.500000,1.000000,8,39.620728,1.000000,3,39.893698,1.000000,3,18:45,8.504270,8.777240,-0.272970,27.330457,True,False,False
VA643_NB,PM,900,34.391022,31.500000,1.000000,12,46.571772,1.000000,3,46.759182,1.000000,3,15:00,12.180751,12.368160,-0.187410,35.418403,False,False,False
VA643_NB,PM,915,34.027922,31.500000,1.000000,12,45.781182,1.000000,3,46.159675,1.000000,3,15:15,11.753260,12.131753,-0.378492,34.540046,False,False,False
VA643_NB,PM,930,33.798476,31.500000,1.000000,12,44.982224,1.000000,3,45.065848,1.000000,3,15:30,11.183747,11.267372,-0.083625,33.089502,False,False,False
VA643_NB,PM,945,33.580205,31.500000,1.000000,12,44.174158,1.000000,3,43.755163,1.000000,3,15:45,10.593953,10.174958,0.418995,31.548207,False,False,False
VA643_NB,PM,960,33.799173,31.500000,1.000000,12,43.356242,1.000000,3,42.519077,1.000000,3,16:00,9.557069,8.719904,0.837165,28.276044,False,False,False
VA643_NB,PM,975,34.147622,31.500000,1.000000,12,42.527713,1.000000,3,41.665279,1.000000,3,16:15,8.380091,7.517657,0.862433,24.540773,False,False,False
VA643_NB,PM,990,34.172570,31.500000,1.000000,12,38.656404,1.000000,3,37.911928,1.000000,3,16:30,4.483834,3.739359,0.744476,13.121150,False,False,False
VA643_NB,PM,1005,34.196608,31.500000,1.000000,12,41.105292,1.000000,3,40.313937,1.000000,3,16:45,6.908684,6.117329,0.791355,20.202834,False,False,False
VA643_NB,PM,1020,34.378285,31.500000,0.854472,11,41.582650,1.000000,3,40.788956,1.000000,3,17:00,7.204365,6.410671,0.793694,20.956151,False,False,False
VA643_NB,PM,1035,34.215614,31.500000,0.854472,11,42.237137,1.000000,3,41.259740,1.000000,3,17:15,8.021524,7.044126,0.977397,23.444045,False,False,False
VA643_NB,PM,1050,33.946928,31.500000,1.000000,12,43.124525,1.000000,3,42.219340,1.000000,3,17:30,9.177596,8.272412,0.905185,27.035131,False,False,False
VA643_NB,PM,1065,34.250311,31.500000,1.000000,12,43.743970,1.000000,3,43.050357,1.000000,3,17:45,9.493659,8.800046,0.693613,27.718462,False,False,False
VA643_NB,PM,1080,34.627008,31.500000,1.000000,12,44.353150,1.000000,3,44.038441,1.000000,3,18:00,9.726142,9.411433,0.314709,28.088313,False,False,False
VA643_NB,PM,1095,34.819180,31.500000,1.000000,12,44.952657,1.000000,3,45.017988,1.000000,3,18:15,10.133477,10.198808,-0.065331,29.103147,False,False,False
VA643_NB,PM,1110,34.825444,31.500000,1.000000,12,45.538241,1.000000,3,45.803512,1.000000,3,18:30,10.712797,10.978068,-0.265271,30.761410,False,False,False
VA643_NB,PM,1125,34.763289,31.500000,1.000000,12,45.688383,1.000000,3,45.919894,1.000000,3,18:45,10.925094,11.156605,-0.231511,31.427100,False,False,False
VA643_SB,PM,900,33.153064,31.734431,1.000000,11,46.372595,1.000000,3,46.430914,1.000000,3,15:00,13.219531,13.277850,-0.058319,39.874236,False,False,False
VA643_SB,PM,915,32.219902,31.734431,1.000000,11,44.292896,1.000000,3,44.100173,1.000000,3,15:15,12.072994,11.880270,0.192724,37.470610,False,False,False
VA643_SB,PM,930,31.763924,31.734431,1.000000,11,43.987112,1.000000,3,43.761545,1.000000,3,15:30,12.223188,11.997620,0.225567,38.481353,False,False,False
VA643_SB,PM,945,31.646164,31.734431,1.000000,11,44.041469,1.000000,3,43.783452,1.000000,3,15:45,12.395305,12.137288,0.258017,39.168428,True,False,False
VA643_SB,PM,960,32.166351,31.734431,0.998604,10,43.585372,1.000000,3,43.075636,1.000000,3,16:00,11.419021,10.909285,0.509736,35.499896,False,False,False
VA643_SB,PM,975,32.192778,31.734431,0.998604,10,43.112608,1.000000,3,42.471694,1.000000,3,16:15,10.919830,10.278917,0.640913,33.920125,False,False,False
VA643_SB,PM,990,31.936823,31.734431,1.000000,11,42.067503,1.000000,3,41.419792,1.000000,3,16:30,10.130680,9.482969,0.647711,31.721000,False,False,False
VA643_SB,PM,1005,31.781916,31.734431,1.000000,11,41.702085,1.000000,3,41.230596,1.000000,3,16:45,9.920169,9.448680,0.471489,31.213251,False,False,False
VA643_SB,PM,1020,31.736871,31.734431,1.000000,11,41.335346,1.000000,3,40.989616,1.000000,3,17:00,9.598476,9.252745,0.345730,30.243926,False,False,False
VA643_SB,PM,1035,31.773836,31.734431,0.996749,10,41.259756,1.000000,3,41.224970,1.000000,3,17:15,9.485920,9.451134,0.034786,29.854502,False,False,False
VA643_SB,PM,1050,31.832302,31.734431,0.996749,10,40.845735,1.000000,3,41.172829,1.000000,3,17:30,9.013433,9.340528,-0.327094,28.315368,False,False,False
VA643_SB,PM,1065,31.908080,31.734431,1.000000,11,41.212662,1.000000,3,41.721466,1.000000,3,17:45,9.304582,9.813387,-0.508805,29.160582,False,False,False
VA643_SB,PM,1080,32.681934,31.734431,1.000000,11,43.099805,1.000000,3,43.373114,1.000000,3,18:00,10.417870,10.691180,-0.273309,31.876541,False,False,False
VA643_SB,PM,1095,32.893376,31.734431,1.000000,11,44.233114,1.000000,3,44.465002,1.000000,3,18:15,11.339738,11.571626,-0.231888,34.474230,False,False,False
VA643_SB,PM,1110,33.184741,31.734431,1.000000,11,45.218927,1.000000,3,45.667410,1.000000,3,18:30,12.034186,12.482670,-0.448483,36.264216,False,False,False
VA643_SB,PM,1125,33.410431,31.734431,1.000000,11,46.057345,1.000000,3,46.428134,1.000000,3,18:45,12.646914,13.017703,-0.370789,37.853191,False,False,False
VA643_WB,PM,900,31.086488,31.500000,1.000000,8,39.679447,1.000000,3,39.909191,1.000000,3,15:00,8.592959,8.822703,-0.229744,27.642103,True,False,False
VA643_WB,PM,915,,31.500000,0.765159,7,38.713016,1.000000,3,39.216565,1.000000,3,15:15,,,-0.503549,,,False,False
VA643_WB,PM,930,,31.500000,0.765159,7,37.736368,1.000000,3,38.098782,1.000000,3,15:30,,,-0.362414,,,False,False
VA643_WB,PM,945,30.298863,31.500000,1.000000,8,36.584738,1.000000,3,36.907580,1.000000,3,15:45,6.285874,6.608717,-0.322842,20.746239,True,False,False
VA643_WB,PM,960,30.787583,31.500000,1.000000,8,35.112708,1.000000,3,35.421845,1.000000,3,16:00,4.325125,4.634262,-0.309137,14.048278,True,False,False
VA643_WB,PM,975,30.570487,31.500000,0.854885,7,35.305723,1.000000,3,35.807552,1.000000,3,16:15,4.735236,5.237065,-0.501829,15.489567,True,False,False
VA643_WB,PM,990,29.945002,31.500000,0.854885,7,33.935109,1.000000,3,34.332369,1.000000,3,16:30,3.990108,4.387367,-0.397260,13.324787,True,False,False
VA643_WB,PM,1005,29.387634,31.500000,1.000000,8,35.375875,1.000000,3,35.740079,1.000000,3,16:45,5.988241,6.352445,-0.364205,20.376736,True,False,False
VA643_WB,PM,1020,29.902922,31.500000,1.000000,8,35.544328,1.000000,3,35.926190,1.000000,3,17:00,5.641406,6.023268,-0.381862,18.865736,True,False,False
VA643_WB,PM,1035,30.252968,31.500000,1.000000,8,35.215154,1.000000,3,36.100769,1.000000,3,17:15,4.962186,5.847801,-0.885615,16.402310,True,False,False
VA643_WB,PM,1050,30.537385,31.500000,1.000000,8,34.068024,1.000000,3,34.876128,1.000000,3,17:30,3.530639,4.338744,-0.808104,11.561695,True,False,False
VA643_WB,PM,1065,30.787550,31.500000,1.000000,8,36.504240,1.000000,3,37.143128,1.000000,3,17:45,5.716690,6.355578,-0.638888,18.568187,True,False,False
VA643_WB,PM,1080,30.969803,31.500000,1.000000,8,37.258086,1.000000,3,37.877198,1.000000,3,18:00,6.288284,6.907395,-0.619111,20.304564,True,False,False
VA643_WB,PM,1095,31.120059,31.500000,1.000000,8,38.009108,1.000000,3,38.685421,1.000000,3,18:15,6.889049,7.565361,-0.676313,22.137003,True,False,False
VA643_WB,PM,1110,31.291341,31.500000,1.000000,8,38.757834,1.000000,3,39.406171,1.000000,3,18:30,7.466493,8.114830,-0.648338,23.861211,True,False,False
VA643_WB,PM,1125,31.525876,31.500000,1.000000,8,39.503906,1.000000,3,39.879952,1.000000,3,18:45,7.978030,8.354076,-0.376046,25.306291,False,False,False
VA644_EB,PM,900,29.939314,31.500000,1.000000,27,43.686360,1.000000,3,43.700840,1.000000,3,15:00,13.747047,13.761527,-0.014480,45.916373,True,False,False
VA644_EB,PM,915,29.648774,31.500000,1.000000,27,42.320093,1.000000,3,42.050474,1.000000,3,15:15,12.671319,12.401701,0.269619,42.738089,True,False,False
VA644_EB,PM,930,29.520354,31.500000,1.000000,27,41.077242,1.000000,3,40.434672,1.000000,3,15:30,11.556887,10.914317,0.642570,39.148877,True,False,False
VA644_EB,PM,945,29.976927,31.500000,1.000000,27,40.569391,1.000000,3,39.547267,1.000000,3,15:45,10.592463,9.570340,1.022123,35.335386,True,False,False
VA644_EB,PM,960,29.983994,31.500000,1.000000,27,39.882551,1.000000,3,38.733142,1.000000,3,16:00,9.898556,8.749147,1.149409,33.012801,True,False,False
VA644_EB,PM,975,29.475715,31.500000,1.000000,27,38.412483,1.000000,3,37.170724,1.000000,3,16:15,8.936768,7.695009,1.241759,30.319088,True,False,False
VA644_EB,PM,990,29.349643,31.500000,1.000000,27,38.651821,1.000000,3,37.458069,1.000000,3,16:30,9.302178,8.108427,1.193752,31.694349,True,False,False
VA644_EB,PM,1005,29.368174,31.500000,1.000000,27,39.035631,1.000000,3,37.696548,1.000000,3,16:45,9.667457,8.328374,1.339083,32.918140,True,False,False
VA644_EB,PM,1020,29.333804,31.500000,1.000000,27,39.251304,1.000000,3,37.973255,1.000000,3,17:00,9.917501,8.639452,1.278049,33.809119,True,False,False
VA644_EB,PM,1035,29.255039,31.500000,1.000000,27,39.962295,1.000000,3,38.782033,1.000000,3,17:15,10.707256,9.526994,1.180263,36.599699,True,False,False
VA644_EB,PM,1050,29.252729,31.500000,1.000000,27,40.575422,1.000000,3,39.593946,1.000000,3,17:30,11.322693,10.341216,0.981476,38.706448,True,False,False
VA644_EB,PM,1065,29.650367,31.500000,1.000000,27,41.443246,1.000000,3,40.756556,1.000000,3,17:45,11.792880,11.106189,0.686690,39.773132,True,False,False
VA644_EB,PM,1080,30.576710,31.500000,1.000000,27,42.007213,1.000000,3,41.721640,1.000000,3,18:00,11.430503,11.144930,0.285573,37.383037,True,False,False
VA644_EB,PM,1095,31.137729,31.500000,1.000000,27,42.568001,1.000000,3,42.664898,1.000000,3,18:15,11.430272,11.527169,-0.096897,36.708753,True,False,False
VA644_EB,PM,1110,31.274167,31.500000,1.000000,27,43.102963,1.000000,3,43.423064,1.000000,3,18:30,11.828796,12.148897,-0.320101,37.822896,True,False,False
VA644_EB,PM,1125,31.380533,31.500000,1.000000,27,43.683688,1.000000,3,43.937565,1.000000,3,18:45,12.303155,12.557032,-0.253877,39.206329,True,False,False
VA644_WB,PM,900,29.406108,31.503309,1.000000,24,42.977453,1.000000,3,43.015255,1.000000,3,15:00,13.571345,13.609147,-0.037802,46.151451,True,False,False
VA644_WB,PM,915,29.563361,31.503309,1.000000,24,41.965793,1.000000,3,42.350513,1.000000,3,15:15,12.402433,12.787152,-0.384720,41.952038,True,False,False
VA644_WB,PM,930,29.771505,31.503309,1.000000,24,41.509714,1.000000,3,41.727709,1.000000,3,15:30,11.738209,11.956204,-0.217995,39.427663,True,False,False
VA644_WB,PM,945,29.870554,31.503309,1.000000,24,40.724020,1.000000,3,40.520128,1.000000,3,15:45,10.853465,10.649573,0.203892,36.334998,True,False,False
VA644_WB,PM,960,29.964261,31.503309,1.000000,24,39.918719,1.000000,3,39.308957,1.000000,3,16:00,9.954458,9.344696,0.609762,33.221101,True,False,False
VA644_WB,PM,975,29.440524,31.503309,1.000000,24,39.064309,1.000000,3,38.346584,1.000000,3,16:15,9.623785,8.906060,0.717725,32.688907,True,False,False
VA644_WB,PM,990,29.675660,31.503309,0.968387,23,37.373317,1.000000,3,36.845460,1.000000,3,16:30,7.697657,7.169800,0.527857,25.939296,True,False,False
VA644_WB,PM,1005,29.541011,31.503309,0.968387,23,36.525825,1.000000,3,36.230152,1.000000,3,16:45,6.984814,6.689142,0.295673,23.644467,True,False,False
VA644_WB,PM,1020,29.389019,31.503309,1.000000,24,36.589915,1.000000,3,36.360810,1.000000,3,17:00,7.200896,6.971790,0.229105,24.501995,True,False,False
VA644_WB,PM,1035,29.125661,31.503309,1.000000,24,36.472827,1.000000,3,36.116135,1.000000,3,17:15,7.347166,6.990475,0.356691,25.225749,True,False,False
VA644_WB,PM,1050,28.987593,31.503309,1.000000,24,36.747821,1.000000,3,36.354728,1.000000,3,17:30,7.760229,7.367135,0.393094,26.770862,True,False,False
VA644_WB,PM,1065,29.195057,31.503309,1.000000,24,38.838599,1.000000,3,38.374957,1.000000,3,17:45,9.643542,9.179900,0.463642,33.031419,True,False,False
VA644_WB,PM,1080,30.131839,31.503309,1.000000,24,40.227687,1.000000,3,39.861972,1.000000,3,18:00,10.095848,9.730133,0.365715,33.505582,True,False,False
VA644_WB,PM,1095,30.503470,31.503309,1.000000,24,41.242653,1.000000,3,41.336600,1.000000,3,18:15,10.739183,10.833130,-0.093947,35.206432,True,False,False
VA644_WB,PM,1110,31.030750,31.503309,1.000000,24,42.113186,1.000000,3,42.588729,1.000000,3,18:30,11.082436,11.557979,-0.475544,35.714367,True,False,False
VA644_WB,PM,1125,31.134070,31.503309,0.998895,23,43.257716,1.000000,3,43.683196,1.000000,3,18:45,12.123646,12.549126,-0.425480,38.940125,True,False,False
VA645_NB,PM,900,29.553361,31.500000,0.924229,22,47.272283,1.000000,3,47.546963,1.000000,3,15:00,17.718921,17.993602,-0.274681,59.955689,True,False,False
VA645_NB,PM,915,29.247669,31.500000,0.878605,21,45.911339,1.000000,3,46.323868,1.000000,3,15:15,16.663670,17.076199,-0.412529,56.974352,True,False,False
VA645_NB,PM,930,29.228878,31.500000,0.954376,22,44.500263,1.000000,3,44.398675,1.000000,3,15:30,15.271384,15.169797,0.101587,52.247589,True,False,False
VA645_NB,PM,945,28.683499,31.500000,1.000000,23,43.520474,1.000000,3,42.882901,1.000000,3,15:45,14.836975,14.199402,0.637573,51.726518,True,False,False
VA645_NB,PM,960,29.056741,31.500000,1.000000,23,41.613228,1.000000,3,40.850539,1.000000,3,16:00,12.556486,11.793798,0.762689,43.213677,True,False,False
VA645_NB,PM,975,28.497762,31.500000,1.000000,23,40.501460,1.000000,3,39.695636,1.000000,3,16:15,12.003698,11.197874,0.805824,42.121546,True,False,False
VA645_NB,PM,990,28.026881,31.500000,0.999051,22,39.802937,1.000000,3,39.020151,1.000000,3,16:30,11.776056,10.993270,0.782786,42.017006,True,False,False
VA645_NB,PM,1005,27.967774,31.500000,0.994391,21,41.242309,1.000000,3,40.378642,1.000000,3,16:45,13.274535,12.410868,0.863667,47.463682,True,False,False
VA645_NB,PM,1020,28.019650,31.500000,0.995340,22,41.124173,1.000000,3,40.257237,1.000000,3,17:00,13.104522,12.237586,0.866936,46.769042,True,False,False
VA645_NB,PM,1035,28.139480,31.500000,1.000000,23,41.406782,1.000000,3,40.603600,1.000000,3,17:15,13.267302,12.464119,0.803183,47.148354,True,False,False
VA645_NB,PM,1050,28.441929,31.500000,1.000000,23,42.211598,1.000000,3,41.575524,1.000000,3,17:30,13.769669,13.133595,0.636074,48.413274,True,False,False
VA645_NB,PM,1065,28.719369,31.500000,1.000000,23,43.000244,1.000000,3,42.546224,1.000000,3,17:45,14.280875,13.826855,0.454020,49.725586,True,False,False
VA645_NB,PM,1080,29.387837,31.500000,0.999389,22,44.374723,1.000000,3,44.136174,1.000000,3,18:00,14.986886,14.748337,0.238549,50.996900,True,False,False
VA645_NB,PM,1095,29.676703,31.500000,0.999389,22,45.371480,1.000000,3,45.554455,1.000000,3,18:15,15.694777,15.877752,-0.182975,52.885851,True,False,False
VA645_NB,PM,1110,29.677289,31.500000,1.000000,23,46.352868,1.000000,3,46.867463,1.000000,3,18:30,16.675579,17.190175,-0.514595,56.189699,True,False,False
VA645_NB,PM,1125,29.789427,31.500000,1.000000,23,47.320537,1.000000,3,47.737843,1.000000,3,18:45,17.531110,17.948416,-0.417306,58.850107,True,False,False
VA645_SB,PM,900,31.762124,31.653839,0.963746,25,47.328074,1.000000,3,47.325606,1.000000,3,15:00,15.565950,15.563482,0.002468,49.007900,False,False,False
VA645_SB,PM,915,31.427337,31.653839,0.964102,26,45.294483,1.000000,3,45.109480,1.000000,3,15:15,13.867146,13.682143,0.185003,44.124472,True,False,False
VA645_SB,PM,930,30.614246,31.653839,1.000000,27,43.868914,1.000000,3,43.241810,1.000000,3,15:30,13.254668,12.627563,0.627105,43.295751,True,False,False
VA645_SB,PM,945,30.368731,31.653839,1.000000,27,43.289802,1.000000,3,42.409892,1.000000,3,15:45,12.921071,12.041161,0.879909,42.547286,True,False,False
VA645_SB,PM,960,30.302253,31.653839,1.000000,27,40.676801,1.000000,3,39.937647,1.000000,3,16:00,10.374547,9.635394,0.739154,34.236884,True,False,False
VA645_SB,PM,975,30.187129,31.653839,1.000000,27,42.480303,1.000000,3,41.412727,1.000000,3,16:15,12.293174,11.225597,1.067576,40.723229,True,False,False
VA645_SB,PM,990,29.816788,31.653839,1.000000,27,42.356092,1.000000,3,41.261275,1.000000,3,16:30,12.539304,11.444487,1.094817,42.054511,True,False,False
VA645_SB,PM,1005,29.598400,31.653839,1.000000,27,42.407010,1.000000,3,41.362547,1.000000,3,16:45,12.808610,11.764148,1.044462,43.274671,True,False,False
VA645_SB,PM,1020,29.596020,31.653839,1.000000,27,42.443995,1.000000,3,41.520214,1.000000,3,17:00,12.847975,11.924193,0.923782,43.411158,True,False,False
VA645_SB,PM,1035,29.796990,31.653839,1.000000,27,42.351034,1.000000,3,41.626792,1.000000,3,17:15,12.554044,11.829802,0.724242,42.131920,True,False,False
VA645_SB,PM,1050,29.835815,31.653839,1.000000,27,42.855074,1.000000,3,42.358551,1.000000,3,17:30,13.019259,12.522736,0.496523,43.636345,True,False,False
VA645_SB,PM,1065,30.074914,31.653839,1.000000,27,43.774586,1.000000,3,43.466860,1.000000,3,17:45,13.699672,13.391946,0.307726,45.551823,True,False,False
VA645_SB,PM,1080,30.802948,31.653839,1.000000,27,44.849250,1.000000,3,44.720739,1.000000,3,18:00,14.046302,13.917791,0.128511,45.600511,True,False,False
VA645_SB,PM,1095,31.203003,31.653839,1.000000,27,45.608631,1.000000,3,45.793194,1.000000,3,18:15,14.405628,14.590191,-0.184563,46.167442,True,False,False
VA645_SB,PM,1110,31.708053,31.653839,1.000000,27,46.573838,1.000000,3,46.997920,1.000000,3,18:30,14.865785,15.289867,-0.424082,46.883312,False,False,False
VA645_SB,PM,1125,32.081129,31.653839,1.000000,27,47.409557,1.000000,3,47.760329,1.000000,3,18:45,15.328428,15.679200,-0.350772,47.780201,False,False,False
VA659_NB,PM,900,38.791604,32.404269,1.000000,16,48.435915,1.000000,3,48.661813,1.000000,3,15:00,9.644311,9.870209,-0.225898,24.861851,False,False,False
VA659_NB,PM,915,38.358709,32.404269,1.000000,16,47.528983,1.000000,3,48.062049,1.000000,3,15:15,9.170273,9.703340,-0.533067,23.906627,False,False,False
VA659_NB,PM,930,38.814718,32.404269,1.000000,16,46.611489,1.000000,3,46.975624,1.000000,3,15:30,7.796772,8.160906,-0.364135,20.087153,False,False,False
VA659_NB,PM,945,38.956890,32.404269,1.000000,16,45.674247,1.000000,3,45.703102,1.000000,3,15:45,6.717357,6.746212,-0.028855,17.243054,False,False,False
VA659_NB,PM,960,38.976738,32.404269,1.000000,16,44.594344,1.000000,3,44.318476,1.000000,3,16:00,5.617606,5.341738,0.275868,14.412715,False,False,False
VA659_NB,PM,975,38.740574,32.404269,1.000000,16,43.784014,1.000000,3,43.279947,1.000000,3,16:15,5.043441,4.539373,0.504067,13.018497,False,False,False
VA659_NB,PM,990,38.326077,32.404269,1.000000,16,42.988882,1.000000,3,42.437063,1.000000,3,16:30,4.662806,4.110987,0.551819,12.166145,False,False,False
VA659_NB,PM,1005,38.462719,32.404269,1.000000,16,41.994347,1.000000,3,41.695640,1.000000,3,16:45,3.531628,3.232920,0.298708,9.181951,False,False,False
VA659_NB,PM,1020,38.784272,32.404269,1.000000,16,38.298873,1.000000,3,38.182655,1.000000,3,17:00,-0.485399,-0.601616,0.116218,1.251535,False,False,False
VA659_NB,PM,1035,38.846569,32.404269,1.000000,16,42.591820,1.000000,3,42.259444,1.000000,3,17:15,3.745252,3.412875,0.332376,9.641139,False,False,False
VA659_NB,PM,1050,38.590751,32.404269,1.000000,16,43.790238,1.000000,3,43.174863,1.000000,3,17:30,5.199487,4.584112,0.615376,13.473403,False,False,False
VA659_NB,PM,1065,38.742791,32.404269,1.000000,16,44.666337,1.000000,3,44.163158,1.000000,3,17:45,5.923546,5.420367,0.503179,15.289414,False,False,False
VA659_NB,PM,1080,39.012180,32.404269,1.000000,16,45.540817,1.000000,3,45.416393,1.000000,3,18:00,6.528637,6.404212,0.124425,16.734868,False,False,False
VA659_NB,PM,1095,39.261341,32.404269,1.000000,16,46.413980,1.000000,3,46.712977,1.000000,3,18:15,7.152639,7.451636,-0.298998,18.218020,False,False,False
VA659_NB,PM,1110,39.270138,32.404269,1.000000,16,47.285836,1.000000,3,47.832397,1.000000,3,18:30,8.015697,8.562259,-0.546561,20.411686,False,False,False
VA659_NB,PM,1125,39.318382,32.404269,1.000000,16,48.156548,1.000000,3,48.555111,1.000000,3,18:45,8.838167,9.236729,-0.398562,22.478460,False,False,False
VA659_SB,PM,900,39.998134,32.683440,0.933084,14,48.253394,1.000000,3,48.546872,1.000000,3,15:00,8.255260,8.548738,-0.293478,20.639113,False,False,False
VA659_SB,PM,915,40.062222,32.683440,0.933084,14,46.798764,1.000000,3,47.154861,1.000000,3,15:15,6.736541,7.092639,-0.356098,16.815196,False,False,False
VA659_SB,PM,930,38.774369,32.683440,1.000000,16,45.332856,1.000000,3,45.111397,1.000000,3,15:30,6.558487,6.337028,0.221459,16.914490,False,False,False
VA659_SB,PM,945,38.291399,32.683440,1.000000,16,43.202993,1.000000,3,42.795768,1.000000,3,15:45,4.911594,4.504368,0.407225,12.826885,False,False,False
VA659_SB,PM,960,38.265751,32.683440,1.000000,16,41.558763,1.000000,3,41.075707,1.000000,3,16:00,3.293012,2.809956,0.483056,8.605638,False,False,False
VA659_SB,PM,975,38.087056,32.683440,1.000000,16,42.458727,1.000000,3,41.942706,1.000000,3,16:15,4.371671,3.855650,0.516021,11.478101,False,False,False
VA659_SB,PM,990,37.886107,32.683440,1.000000,16,39.936480,1.000000,3,39.546678,1.000000,3,16:30,2.050373,1.660571,0.389802,5.411938,False,False,False
VA659_SB,PM,1005,37.488704,32.683440,1.000000,16,42.785035,1.000000,3,42.331308,1.000000,3,16:45,5.296332,4.842605,0.453727,14.127807,False,False,False
VA659_SB,PM,1020,37.675774,32.683440,1.000000,16,43.510843,1.000000,3,42.889526,1.000000,3,17:00,5.835069,5.213752,0.621316,15.487588,False,False,False
VA659_SB,PM,1035,37.761684,32.683440,1.000000,16,44.160850,1.000000,3,43.523013,1.000000,3,17:15,6.399166,5.761329,0.637837,16.946188,False,False,False
VA659_SB,PM,1050,38.018363,32.683440,1.000000,16,44.855730,1.000000,3,44.383020,1.000000,3,17:30,6.837367,6.364657,0.472711,17.984381,False,False,False
VA659_SB,PM,1065,38.447569,32.683440,0.998482,15,45.548839,1.000000,3,45.392560,1.000000,3,17:45,7.101270,6.944991,0.156279,18.470010,False,False,False
VA659_SB,PM,1080,38.980763,32.683440,0.998482,15,46.237870,1.000000,3,46.433041,1.000000,3,18:00,7.257107,7.452278,-0.195171,18.617150,False,False,False
VA659_SB,PM,1095,39.229679,32.683440,1.000000,16,46.923619,1.000000,3,47.389875,1.000000,3,18:15,7.693940,8.160196,-0.466256,19.612549,False,False,False
VA659_SB,PM,1110,39.469172,32.683440,0.904557,15,47.605811,1.000000,3,48.154480,1.000000,3,18:30,8.136639,8.685308,-0.548669,20.615174,False,False,False
VA659_SB,PM,1125,39.371051,32.683440,0.904557,15,48.285268,1.000000,3,48.622620,1.000000,3,18:45,8.914218,9.251569,-0.337352,22.641554,False,False,False
VA7_EB,PM,900,35.160684,38.887210,0.991579,77,52.133641,1.000000,3,52.459960,1.000000,3,15:00,16.972957,17.299276,-0.326319,48.272545,True,False,False
VA7_EB,PM,915,34.715814,38.887210,1.000000,78,50.402367,1.000000,3,51.040168,1.000000,3,15:15,15.686552,16.324354,-0.637801,45.185610,True,False,False
VA7_EB,PM,930,34.709533,38.887210,1.000000,78,48.727671,1.000000,3,49.217786,1.000000,3,15:30,14.018138,14.508253,-0.490115,40.386997,True,False,False
VA7_EB,PM,945,34.229405,38.887210,0.981431,77,47.371025,1.000000,3,47.502216,1.000000,3,15:45,13.141621,13.272811,-0.131190,38.392781,True,False,False
VA7_EB,PM,960,34.456941,38.887210,0.981307,76,46.590155,1.000000,3,46.457034,1.000000,3,16:00,12.133215,12.000093,0.133121,35.212687,True,False,False
VA7_EB,PM,975,34.335475,38.887210,0.999876,77,45.451272,1.000000,3,45.196701,1.000000,3,16:15,11.115797,10.861226,0.254571,32.374089,True,False,False
VA7_EB,PM,990,34.157741,38.887210,0.987492,77,44.277882,1.000000,3,44.148761,1.000000,3,16:30,10.120142,9.991021,0.129121,29.627667,True,False,False
VA7_EB,PM,1005,33.854120,38.887210,0.987492,77,43.373616,1.000000,3,43.478138,1.000000,3,16:45,9.519496,9.624017,-0.104521,28.119165,True,False,False
VA7_EB,PM,1020,33.848548,38.887210,1.000000,78,43.257026,1.000000,3,43.629984,1.000000,3,17:00,9.408479,9.781436,-0.372957,27.795813,True,False,False
VA7_EB,PM,1035,32.518498,38.887210,0.964247,77,43.305884,1.000000,3,43.818345,1.000000,3,17:15,10.787386,11.299847,-0.512462,33.173075,True,False,False
VA7_EB,PM,1050,32.477867,38.887210,0.964247,77,43.792478,1.000000,3,44.262239,1.000000,3,17:30,11.314612,11.784373,-0.469761,34.837916,True,False,False
VA7_EB,PM,1065,33.603512,38.887210,0.990633,77,45.654314,1.000000,3,45.882403,1.000000,3,17:45,12.050802,12.278891,-0.228089,35.861734,True,False,False
VA7_EB,PM,1080,35.483006,38.887210,0.947960,74,47.539070,1.000000,3,47.580556,1.000000,3,18:00,12.056064,12.097550,-0.041486,33.977009,True,False,False
VA7_EB,PM,1095,36.177260,38.887210,0.957327,75,48.935121,1.000000,3,49.272816,1.000000,3,18:15,12.757861,13.095556,-0.337695,35.264864,True,False,False
VA7_EB,PM,1110,35.758981,38.887210,1.000000,78,50.206345,1.000000,3,50.884858,1.000000,3,18:30,14.447364,15.125877,-0.678513,40.402057,True,False,False
VA7_EB,PM,1125,36.215084,38.887210,0.983354,76,51.434426,1.000000,3,51.981473,1.000000,3,18:45,15.219342,15.766389,-0.547047,42.024868,True,False,False
VA7_WB,PM,900,35.989818,38.593733,0.987343,73,51.333996,1.000000,3,51.784854,1.000000,3,15:00,15.344178,15.795036,-0.450858,42.634776,True,False,False
VA7_WB,PM,915,35.338938,38.593733,1.000000,75,48.993765,1.000000,3,49.669595,1.000000,3,15:15,13.654827,14.330657,-0.675830,38.639607,True,False,False
VA7_WB,PM,930,35.485875,38.593733,0.976210,74,46.824121,1.000000,3,47.246697,1.000000,3,15:30,11.338245,11.760821,-0.422576,31.951432,True,False,False
VA7_WB,PM,945,35.111430,38.593733,0.976210,74,44.821796,1.000000,3,45.356520,1.000000,3,15:45,9.710366,10.245090,-0.534725,27.655854,True,False,False
VA7_WB,PM,960,34.576043,38.593733,1.000000,75,43.079528,1.000000,3,43.685093,1.000000,3,16:00,8.503484,9.109050,-0.605565,24.593572,True,False,False
VA7_WB,PM,975,34.143726,38.593733,0.988264,74,42.396590,1.000000,3,42.981745,1.000000,3,16:15,8.252863,8.838019,-0.585155,24.170950,True,False,False
VA7_WB,PM,990,33.810577,38.593733,0.988264,74,41.904960,1.000000,3,42.400538,1.000000,3,16:30,8.094383,8.589961,-0.495578,23.940386,True,False,False
VA7_WB,PM,1005,33.612823,38.593733,1.000000,75,42.205994,1.000000,3,42.636952,1.000000,3,16:45,8.593172,9.024130,-0.430958,25.565159,True,False,False
VA7_WB,PM,1020,33.141061,38.593733,0.967030,74,42.584513,1.000000,3,43.068664,1.000000,3,17:00,9.443452,9.927603,-0.484151,28.494720,True,False,False
VA7_WB,PM,1035,33.608146,38.593733,0.939811,71,43.336767,1.000000,3,43.910722,1.000000,3,17:15,9.728621,10.302576,-0.573955,28.947211,True,False,False
VA7_WB,PM,1050,34.107868,38.593733,0.972781,72,43.921899,1.000000,3,44.972555,1.000000,3,17:30,9.814031,10.864687,-1.050656,28.773511,True,False,False
VA7_WB,PM,1065,33.949378,38.593733,1.000000,75,44.567504,1.000000,3,45.942929,1.000000,3,17:45,10.618126,11.993550,-1.375424,31.276349,True,False,False
VA7_WB,PM,1080,35.205865,38.593733,1.000000,75,46.121760,1.000000,3,47.542790,1.000000,3,18:00,10.915895,12.336924,-1.421030,31.005899,True,False,False
VA7_WB,PM,1095,35.866744,38.593733,1.000000,75,48.363732,1.000000,3,49.482517,1.000000,3,18:15,12.496988,13.615773,-1.118785,34.842829,True,False,False
VA7_WB,PM,1110,36.630888,38.593733,0.970971,73,50.061838,1.000000,3,51.043108,1.000000,3,18:30,13.430950,14.412220,-0.981270,36.665640,True,False,False
VA7_WB,PM,1125,37.038434,38.593733,0.970971,73,51.637429,1.000000,3,52.322569,1.000000,3,18:45,14.598995,15.284135,-0.685140,39.415801,True,False,False
